question_id,provenance,question_tier,source_type,paper_id,is_verified,full_exam_eligible,practice_eligible,trust_badge
"q-ssc-cgl-undefined-Tier 1-Shift 1-q1","OFFICIAL_PYQ","TIER_2_VERIFIED_PYQ","OFFICIAL_PYQ","paper-ssc-cgl-2024-t1-s1",1,1,1,"Verified PYQ"
"q-ssc-cgl-undefined-Tier 1-Shift 1-q2","OFFICIAL_PYQ","TIER_2_VERIFIED_PYQ","OFFICIAL_PYQ","paper-ssc-cgl-2024-t1-s1",1,1,1,"Verified PYQ"
"q-ssc-cgl-undefined-Tier 1-Shift 1-q3","OFFICIAL_PYQ","TIER_2_VERIFIED_PYQ","OFFICIAL_PYQ","paper-ssc-cgl-2024-t1-s1",1,1,1,"Verified PYQ"
"q-ssc-cgl-undefined-Tier 1-Shift 1-q4","OFFICIAL_PYQ","TIER_2_VERIFIED_PYQ","OFFICIAL_PYQ","paper-ssc-cgl-2024-t1-s1",1,1,1,"Verified PYQ"
"q-ssc-cgl-undefined-Tier 1-Shift 1-q5","OFFICIAL_PYQ","TIER_2_VERIFIED_PYQ","OFFICIAL_PYQ","paper-ssc-cgl-2024-t1-s1",1,1,1,"Verified PYQ"
"q-ssc-cgl-undefined-Tier 1-Shift 1-q6","OFFICIAL_PYQ","TIER_2_VERIFIED_PYQ","OFFICIAL_PYQ","paper-ssc-cgl-2024-t1-s1",1,1,1,"Verified PYQ"
"q-ssc-cgl-undefined-Tier 1-Shift 1-q7","OFFICIAL_PYQ","TIER_2_VERIFIED_PYQ","OFFICIAL_PYQ","paper-ssc-cgl-2024-t1-s1",1,1,1,"Verified PYQ"
"q-ssc-cgl-undefined-Tier 1-Shift 1-q8","OFFICIAL_PYQ","TIER_2_VERIFIED_PYQ","OFFICIAL_PYQ","paper-ssc-cgl-2024-t1-s1",1,1,1,"Verified PYQ"
"q-ssc-cgl-undefined-Tier 1-Shift 1-q9","OFFICIAL_PYQ","TIER_2_VERIFIED_PYQ","OFFICIAL_PYQ","paper-ssc-cgl-2024-t1-s1",1,1,1,"Verified PYQ"
"q-ssc-cgl-undefined-Tier 1-Shift 1-q10","OFFICIAL_PYQ","TIER_2_VERIFIED_PYQ","OFFICIAL_PYQ","paper-ssc-cgl-2024-t1-s1",1,1,1,"Verified PYQ"
"q-ssc-cgl-undefined-Tier 1-Shift 1-q11","OFFICIAL_PYQ","TIER_2_VERIFIED_PYQ","OFFICIAL_PYQ","paper-ssc-cgl-2024-t1-s1",1,1,1,"Verified PYQ"
"q-ssc-cgl-undefined-Tier 1-Shift 1-q12","OFFICIAL_PYQ","TIER_2_VERIFIED_PYQ","OFFICIAL_PYQ","paper-ssc-cgl-2024-t1-s1",1,1,1,"Verified PYQ"
"q-ssc-cgl-undefined-Tier 1-Shift 1-q13","OFFICIAL_PYQ","TIER_2_VERIFIED_PYQ","OFFICIAL_PYQ","paper-ssc-cgl-2024-t1-s1",1,1,1,"Verified PYQ"
"q-ssc-cgl-undefined-Tier 1-Shift 1-q14","OFFICIAL_PYQ","TIER_2_VERIFIED_PYQ","OFFICIAL_PYQ","paper-ssc-cgl-2024-t1-s1",1,1,1,"Verified PYQ"
"q-ssc-cgl-undefined-Tier 1-Shift 1-q15","OFFICIAL_PYQ","TIER_2_VERIFIED_PYQ","OFFICIAL_PYQ","paper-ssc-cgl-2024-t1-s1",1,1,1,"Verified PYQ"
"q-ssc-cgl-undefined-Tier 1-Shift 1-q16","OFFICIAL_PYQ","TIER_2_VERIFIED_PYQ","OFFICIAL_PYQ","paper-ssc-cgl-2024-t1-s1",1,1,1,"Verified PYQ"
"q-ssc-cgl-undefined-Tier 1-Shift 1-q17","OFFICIAL_PYQ","TIER_2_VERIFIED_PYQ","OFFICIAL_PYQ","paper-ssc-cgl-2024-t1-s1",1,1,1,"Verified PYQ"
"q-ssc-cgl-undefined-Tier 1-Shift 1-q18","OFFICIAL_PYQ","TIER_2_VERIFIED_PYQ","OFFICIAL_PYQ","paper-ssc-cgl-2024-t1-s1",1,1,1,"Verified PYQ"
"q-ssc-cgl-undefined-Tier 1-Shift 1-q19","OFFICIAL_PYQ","TIER_2_VERIFIED_PYQ","OFFICIAL_PYQ","paper-ssc-cgl-2024-t1-s1",1,1,1,"Verified PYQ"
"q-ssc-cgl-undefined-Tier 1-Shift 1-q20","OFFICIAL_PYQ","TIER_2_VERIFIED_PYQ","OFFICIAL_PYQ","paper-ssc-cgl-2024-t1-s1",1,1,1,"Verified PYQ"
"q-ssc-cgl-undefined-Tier 1-Shift 1-q21","OFFICIAL_PYQ","TIER_2_VERIFIED_PYQ","OFFICIAL_PYQ","paper-ssc-cgl-2024-t1-s1",1,1,1,"Verified PYQ"
"q-ssc-cgl-undefined-Tier 1-Shift 1-q22","OFFICIAL_PYQ","TIER_2_VERIFIED_PYQ","OFFICIAL_PYQ","paper-ssc-cgl-2024-t1-s1",1,1,1,"Verified PYQ"
"q-ssc-cgl-undefined-Tier 1-Shift 1-q23","OFFICIAL_PYQ","TIER_2_VERIFIED_PYQ","OFFICIAL_PYQ","paper-ssc-cgl-2024-t1-s1",1,0,1,"Verified PYQ"
"q-ssc-cgl-undefined-Tier 1-Shift 1-q24","OFFICIAL_PYQ","TIER_2_VERIFIED_PYQ","OFFICIAL_PYQ","paper-ssc-cgl-2024-t1-s1",1,1,1,"Verified PYQ"
"q-ssc-cgl-undefined-Tier 1-Shift 1-q25","OFFICIAL_PYQ","TIER_2_VERIFIED_PYQ","OFFICIAL_PYQ","paper-ssc-cgl-2024-t1-s1",1,1,1,"Verified PYQ"
"q-ssc-cgl-undefined-Tier 1-Shift 1-q26","OFFICIAL_PYQ","TIER_2_VERIFIED_PYQ","OFFICIAL_PYQ","paper-ssc-cgl-2024-t1-s1",1,1,1,"Verified PYQ"
"q-ssc-cgl-undefined-Tier 1-Shift 1-q27","OFFICIAL_PYQ","TIER_2_VERIFIED_PYQ","OFFICIAL_PYQ","paper-ssc-cgl-2024-t1-s1",1,1,1,"Verified PYQ"
"q-ssc-cgl-undefined-Tier 1-Shift 1-q28","OFFICIAL_PYQ","TIER_2_VERIFIED_PYQ","OFFICIAL_PYQ","paper-ssc-cgl-2024-t1-s1",1,1,1,"Verified PYQ"
"q-ssc-cgl-undefined-Tier 1-Shift 1-q29","OFFICIAL_PYQ","TIER_2_VERIFIED_PYQ","OFFICIAL_PYQ","paper-ssc-cgl-2024-t1-s1",1,1,1,"Verified PYQ"
"q-ssc-cgl-undefined-Tier 1-Shift 1-q30","OFFICIAL_PYQ","TIER_2_VERIFIED_PYQ","OFFICIAL_PYQ","paper-ssc-cgl-2024-t1-s1",1,1,1,"Verified PYQ"
"q-ssc-cgl-undefined-Tier 1-Shift 1-q31","OFFICIAL_PYQ","TIER_2_VERIFIED_PYQ","OFFICIAL_PYQ","paper-ssc-cgl-2024-t1-s1",1,1,1,"Verified PYQ"
"q-ssc-cgl-undefined-Tier 1-Shift 1-q32","OFFICIAL_PYQ","TIER_2_VERIFIED_PYQ","OFFICIAL_PYQ","paper-ssc-cgl-2024-t1-s1",1,1,1,"Verified PYQ"
"q-ssc-cgl-undefined-Tier 1-Shift 1-q33","OFFICIAL_PYQ","TIER_2_VERIFIED_PYQ","OFFICIAL_PYQ","paper-ssc-cgl-2024-t1-s1",1,1,1,"Verified PYQ"
"q-ssc-cgl-undefined-Tier 1-Shift 1-q34","OFFICIAL_PYQ","TIER_2_VERIFIED_PYQ","OFFICIAL_PYQ","paper-ssc-cgl-2024-t1-s1",1,1,1,"Verified PYQ"
"q-ssc-cgl-undefined-Tier 1-Shift 1-q35","OFFICIAL_PYQ","TIER_2_VERIFIED_PYQ","OFFICIAL_PYQ","paper-ssc-cgl-2024-t1-s1",1,1,1,"Verified PYQ"
"q-ssc-cgl-undefined-Tier 1-Shift 1-q36","OFFICIAL_PYQ","TIER_2_VERIFIED_PYQ","OFFICIAL_PYQ","paper-ssc-cgl-2024-t1-s1",1,1,1,"Verified PYQ"
"q-ssc-cgl-undefined-Tier 1-Shift 1-q37","OFFICIAL_PYQ","TIER_2_VERIFIED_PYQ","OFFICIAL_PYQ","paper-ssc-cgl-2024-t1-s1",1,1,1,"Verified PYQ"
"q-ssc-cgl-undefined-Tier 1-Shift 1-q38","OFFICIAL_PYQ","TIER_2_VERIFIED_PYQ","OFFICIAL_PYQ","paper-ssc-cgl-2024-t1-s1",1,1,1,"Verified PYQ"
"q-ssc-cgl-undefined-Tier 1-Shift 1-q39","OFFICIAL_PYQ","TIER_2_VERIFIED_PYQ","OFFICIAL_PYQ","paper-ssc-cgl-2024-t1-s1",1,1,1,"Verified PYQ"
"q-ssc-cgl-undefined-Tier 1-Shift 1-q40","OFFICIAL_PYQ","TIER_2_VERIFIED_PYQ","OFFICIAL_PYQ","paper-ssc-cgl-2024-t1-s1",1,1,1,"Verified PYQ"
"q-ssc-cgl-undefined-Tier 1-Shift 1-q41","OFFICIAL_PYQ","TIER_2_VERIFIED_PYQ","OFFICIAL_PYQ","paper-ssc-cgl-2024-t1-s1",1,1,1,"Verified PYQ"
"q-ssc-cgl-undefined-Tier 1-Shift 1-q42","OFFICIAL_PYQ","TIER_2_VERIFIED_PYQ","OFFICIAL_PYQ","paper-ssc-cgl-2024-t1-s1",1,1,1,"Verified PYQ"
"q-ssc-cgl-undefined-Tier 1-Shift 1-q43","OFFICIAL_PYQ","TIER_2_VERIFIED_PYQ","OFFICIAL_PYQ","paper-ssc-cgl-2024-t1-s1",1,1,1,"Verified PYQ"
"q-ssc-cgl-undefined-Tier 1-Shift 1-q44","OFFICIAL_PYQ","TIER_2_VERIFIED_PYQ","OFFICIAL_PYQ","paper-ssc-cgl-2024-t1-s1",1,1,1,"Verified PYQ"
"q-ssc-cgl-undefined-Tier 1-Shift 1-q45","OFFICIAL_PYQ","TIER_2_VERIFIED_PYQ","OFFICIAL_PYQ","paper-ssc-cgl-2024-t1-s1",1,1,1,"Verified PYQ"
"q-ssc-cgl-undefined-Tier 1-Shift 1-q46","OFFICIAL_PYQ","TIER_2_VERIFIED_PYQ","OFFICIAL_PYQ","paper-ssc-cgl-2024-t1-s1",1,1,1,"Verified PYQ"
"q-ssc-cgl-undefined-Tier 1-Shift 1-q47","OFFICIAL_PYQ","TIER_2_VERIFIED_PYQ","OFFICIAL_PYQ","paper-ssc-cgl-2024-t1-s1",1,1,1,"Verified PYQ"
"q-ssc-cgl-undefined-Tier 1-Shift 1-q48","OFFICIAL_PYQ","TIER_2_VERIFIED_PYQ","OFFICIAL_PYQ","paper-ssc-cgl-2024-t1-s1",1,1,1,"Verified PYQ"
"q-ssc-cgl-undefined-Tier 1-Shift 1-q49","OFFICIAL_PYQ","TIER_2_VERIFIED_PYQ","OFFICIAL_PYQ","paper-ssc-cgl-2024-t1-s1",1,1,1,"Verified PYQ"
"q-ssc-cgl-undefined-Tier 1-Shift 1-q50","OFFICIAL_PYQ","TIER_2_VERIFIED_PYQ","OFFICIAL_PYQ","paper-ssc-cgl-2024-t1-s1",1,1,1,"Verified PYQ"
"q-ssc-cgl-undefined-Tier 1-Shift 1-q51","OFFICIAL_PYQ","TIER_2_VERIFIED_PYQ","OFFICIAL_PYQ","paper-ssc-cgl-2024-t1-s1",1,1,1,"Verified PYQ"
"q-ssc-cgl-undefined-Tier 1-Shift 1-q52","OFFICIAL_PYQ","TIER_2_VERIFIED_PYQ","OFFICIAL_PYQ","paper-ssc-cgl-2024-t1-s1",1,1,1,"Verified PYQ"
"q-ssc-cgl-undefined-Tier 1-Shift 1-q53","OFFICIAL_PYQ","TIER_2_VERIFIED_PYQ","OFFICIAL_PYQ","paper-ssc-cgl-2024-t1-s1",1,1,1,"Verified PYQ"
"q-ssc-cgl-undefined-Tier 1-Shift 1-q54","OFFICIAL_PYQ","TIER_2_VERIFIED_PYQ","OFFICIAL_PYQ","paper-ssc-cgl-2024-t1-s1",1,1,1,"Verified PYQ"
"q-ssc-cgl-undefined-Tier 1-Shift 1-q55","OFFICIAL_PYQ","TIER_2_VERIFIED_PYQ","OFFICIAL_PYQ","paper-ssc-cgl-2024-t1-s1",1,1,1,"Verified PYQ"
"q-ssc-cgl-undefined-Tier 1-Shift 1-q56","OFFICIAL_PYQ","TIER_2_VERIFIED_PYQ","OFFICIAL_PYQ","paper-ssc-cgl-2024-t1-s1",1,1,1,"Verified PYQ"
"q-ssc-cgl-undefined-Tier 1-Shift 1-q57","OFFICIAL_PYQ","TIER_2_VERIFIED_PYQ","OFFICIAL_PYQ","paper-ssc-cgl-2024-t1-s1",1,1,1,"Verified PYQ"
"q-ssc-cgl-undefined-Tier 1-Shift 1-q58","OFFICIAL_PYQ","TIER_2_VERIFIED_PYQ","OFFICIAL_PYQ","paper-ssc-cgl-2024-t1-s1",1,1,1,"Verified PYQ"
"q-ssc-cgl-undefined-Tier 1-Shift 1-q59","OFFICIAL_PYQ","TIER_2_VERIFIED_PYQ","OFFICIAL_PYQ","paper-ssc-cgl-2024-t1-s1",1,1,1,"Verified PYQ"
"q-ssc-cgl-undefined-Tier 1-Shift 1-q60","OFFICIAL_PYQ","TIER_2_VERIFIED_PYQ","OFFICIAL_PYQ","paper-ssc-cgl-2024-t1-s1",1,1,1,"Verified PYQ"
"q-ssc-cgl-undefined-Tier 1-Shift 1-q61","OFFICIAL_PYQ","TIER_2_VERIFIED_PYQ","OFFICIAL_PYQ","paper-ssc-cgl-2024-t1-s1",1,1,1,"Verified PYQ"
"q-ssc-cgl-undefined-Tier 1-Shift 1-q62","OFFICIAL_PYQ","TIER_2_VERIFIED_PYQ","OFFICIAL_PYQ","paper-ssc-cgl-2024-t1-s1",1,1,1,"Verified PYQ"
"q-ssc-cgl-undefined-Tier 1-Shift 1-q63","OFFICIAL_PYQ","TIER_2_VERIFIED_PYQ","OFFICIAL_PYQ","paper-ssc-cgl-2024-t1-s1",1,1,1,"Verified PYQ"
"q-ssc-cgl-undefined-Tier 1-Shift 1-q64","OFFICIAL_PYQ","TIER_2_VERIFIED_PYQ","OFFICIAL_PYQ","paper-ssc-cgl-2024-t1-s1",1,1,1,"Verified PYQ"
"q-ssc-cgl-undefined-Tier 1-Shift 1-q65","OFFICIAL_PYQ","TIER_2_VERIFIED_PYQ","OFFICIAL_PYQ","paper-ssc-cgl-2024-t1-s1",1,1,1,"Verified PYQ"
"q-ssc-cgl-undefined-Tier 1-Shift 1-q66","OFFICIAL_PYQ","TIER_2_VERIFIED_PYQ","OFFICIAL_PYQ","paper-ssc-cgl-2024-t1-s1",1,1,1,"Verified PYQ"
"q-ssc-cgl-undefined-Tier 1-Shift 1-q67","OFFICIAL_PYQ","TIER_2_VERIFIED_PYQ","OFFICIAL_PYQ","paper-ssc-cgl-2024-t1-s1",1,1,1,"Verified PYQ"
"q-ssc-cgl-undefined-Tier 1-Shift 1-q68","OFFICIAL_PYQ","TIER_2_VERIFIED_PYQ","OFFICIAL_PYQ","paper-ssc-cgl-2024-t1-s1",1,1,1,"Verified PYQ"
"q-ssc-cgl-undefined-Tier 1-Shift 1-q69","OFFICIAL_PYQ","TIER_2_VERIFIED_PYQ","OFFICIAL_PYQ","paper-ssc-cgl-2024-t1-s1",1,1,1,"Verified PYQ"
"q-ssc-cgl-undefined-Tier 1-Shift 1-q70","OFFICIAL_PYQ","TIER_2_VERIFIED_PYQ","OFFICIAL_PYQ","paper-ssc-cgl-2024-t1-s1",1,1,1,"Verified PYQ"
"q-ssc-cgl-undefined-Tier 1-Shift 1-q71","OFFICIAL_PYQ","TIER_2_VERIFIED_PYQ","OFFICIAL_PYQ","paper-ssc-cgl-2024-t1-s1",1,1,1,"Verified PYQ"
"q-ssc-cgl-undefined-Tier 1-Shift 1-q72","OFFICIAL_PYQ","TIER_2_VERIFIED_PYQ","OFFICIAL_PYQ","paper-ssc-cgl-2024-t1-s1",1,1,1,"Verified PYQ"
"q-ssc-cgl-undefined-Tier 1-Shift 1-q73","OFFICIAL_PYQ","TIER_2_VERIFIED_PYQ","OFFICIAL_PYQ","paper-ssc-cgl-2024-t1-s1",1,1,1,"Verified PYQ"
"q-ssc-cgl-undefined-Tier 1-Shift 1-q74","OFFICIAL_PYQ","TIER_2_VERIFIED_PYQ","OFFICIAL_PYQ","paper-ssc-cgl-2024-t1-s1",1,1,1,"Verified PYQ"
"q-ssc-cgl-undefined-Tier 1-Shift 1-q75","OFFICIAL_PYQ","TIER_2_VERIFIED_PYQ","OFFICIAL_PYQ","paper-ssc-cgl-2024-t1-s1",1,1,1,"Verified PYQ"
"q-ssc-cgl-undefined-Tier 1-Shift 1-q76","OFFICIAL_PYQ","TIER_2_VERIFIED_PYQ","OFFICIAL_PYQ","paper-ssc-cgl-2024-t1-s1",1,1,1,"Verified PYQ"
"q-ssc-cgl-undefined-Tier 1-Shift 1-q77","OFFICIAL_PYQ","TIER_2_VERIFIED_PYQ","OFFICIAL_PYQ","paper-ssc-cgl-2024-t1-s1",1,1,1,"Verified PYQ"
"q-ssc-cgl-undefined-Tier 1-Shift 1-q78","OFFICIAL_PYQ","TIER_2_VERIFIED_PYQ","OFFICIAL_PYQ","paper-ssc-cgl-2024-t1-s1",1,1,1,"Verified PYQ"
"q-ssc-cgl-undefined-Tier 1-Shift 1-q79","OFFICIAL_PYQ","TIER_2_VERIFIED_PYQ","OFFICIAL_PYQ","paper-ssc-cgl-2024-t1-s1",1,1,1,"Verified PYQ"
"q-ssc-cgl-undefined-Tier 1-Shift 1-q80","OFFICIAL_PYQ","TIER_2_VERIFIED_PYQ","OFFICIAL_PYQ","paper-ssc-cgl-2024-t1-s1",1,1,1,"Verified PYQ"
"q-ssc-cgl-undefined-Tier 1-Shift 1-q81","OFFICIAL_PYQ","TIER_2_VERIFIED_PYQ","OFFICIAL_PYQ","paper-ssc-cgl-2024-t1-s1",1,1,1,"Verified PYQ"
"q-ssc-cgl-undefined-Tier 1-Shift 1-q82","OFFICIAL_PYQ","TIER_2_VERIFIED_PYQ","OFFICIAL_PYQ","paper-ssc-cgl-2024-t1-s1",1,1,1,"Verified PYQ"
"q-ssc-cgl-undefined-Tier 1-Shift 1-q83","OFFICIAL_PYQ","TIER_2_VERIFIED_PYQ","OFFICIAL_PYQ","paper-ssc-cgl-2024-t1-s1",1,1,1,"Verified PYQ"
"q-ssc-cgl-undefined-Tier 1-Shift 1-q84","OFFICIAL_PYQ","TIER_2_VERIFIED_PYQ","OFFICIAL_PYQ","paper-ssc-cgl-2024-t1-s1",1,1,1,"Verified PYQ"
"q-ssc-cgl-undefined-Tier 1-Shift 1-q85","OFFICIAL_PYQ","TIER_2_VERIFIED_PYQ","OFFICIAL_PYQ","paper-ssc-cgl-2024-t1-s1",1,1,1,"Verified PYQ"
"q-ssc-cgl-undefined-Tier 1-Shift 1-q86","OFFICIAL_PYQ","TIER_2_VERIFIED_PYQ","OFFICIAL_PYQ","paper-ssc-cgl-2024-t1-s1",1,1,1,"Verified PYQ"
"q-ssc-cgl-undefined-Tier 1-Shift 1-q87","OFFICIAL_PYQ","TIER_2_VERIFIED_PYQ","OFFICIAL_PYQ","paper-ssc-cgl-2024-t1-s1",1,1,1,"Verified PYQ"
"q-ssc-cgl-undefined-Tier 1-Shift 1-q88","OFFICIAL_PYQ","TIER_2_VERIFIED_PYQ","OFFICIAL_PYQ","paper-ssc-cgl-2024-t1-s1",1,1,1,"Verified PYQ"
"q-ssc-cgl-undefined-Tier 1-Shift 1-q89","OFFICIAL_PYQ","TIER_2_VERIFIED_PYQ","OFFICIAL_PYQ","paper-ssc-cgl-2024-t1-s1",1,1,1,"Verified PYQ"
"q-ssc-cgl-undefined-Tier 1-Shift 1-q90","OFFICIAL_PYQ","TIER_2_VERIFIED_PYQ","OFFICIAL_PYQ","paper-ssc-cgl-2024-t1-s1",1,1,1,"Verified PYQ"
"q-ssc-cgl-undefined-Tier 1-Shift 1-q91","OFFICIAL_PYQ","TIER_2_VERIFIED_PYQ","OFFICIAL_PYQ","paper-ssc-cgl-2024-t1-s1",1,1,1,"Verified PYQ"
"q-ssc-cgl-undefined-Tier 1-Shift 1-q92","OFFICIAL_PYQ","TIER_2_VERIFIED_PYQ","OFFICIAL_PYQ","paper-ssc-cgl-2024-t1-s1",1,1,1,"Verified PYQ"
"q-ssc-cgl-undefined-Tier 1-Shift 1-q93","OFFICIAL_PYQ","TIER_2_VERIFIED_PYQ","OFFICIAL_PYQ","paper-ssc-cgl-2024-t1-s1",1,1,1,"Verified PYQ"
"q-ssc-cgl-undefined-Tier 1-Shift 1-q94","OFFICIAL_PYQ","TIER_2_VERIFIED_PYQ","OFFICIAL_PYQ","paper-ssc-cgl-2024-t1-s1",1,1,1,"Verified PYQ"
"q-ssc-cgl-undefined-Tier 1-Shift 1-q95","OFFICIAL_PYQ","TIER_2_VERIFIED_PYQ","OFFICIAL_PYQ","paper-ssc-cgl-2024-t1-s1",1,1,1,"Verified PYQ"
"q-ssc-cgl-undefined-Tier 1-Shift 1-q96","OFFICIAL_PYQ","TIER_2_VERIFIED_PYQ","OFFICIAL_PYQ","paper-ssc-cgl-2024-t1-s1",1,1,1,"Verified PYQ"
"q-ssc-cgl-undefined-Tier 1-Shift 1-q97","OFFICIAL_PYQ","TIER_2_VERIFIED_PYQ","OFFICIAL_PYQ","paper-ssc-cgl-2024-t1-s1",1,1,1,"Verified PYQ"
"q-ssc-cgl-undefined-Tier 1-Shift 1-q98","OFFICIAL_PYQ","TIER_2_VERIFIED_PYQ","OFFICIAL_PYQ","paper-ssc-cgl-2024-t1-s1",1,1,1,"Verified PYQ"
"q-ssc-cgl-undefined-Tier 1-Shift 1-q99","OFFICIAL_PYQ","TIER_2_VERIFIED_PYQ","OFFICIAL_PYQ","paper-ssc-cgl-2024-t1-s1",1,1,1,"Verified PYQ"
"q-ssc-cgl-undefined-Tier 1-Shift 1-q100","OFFICIAL_PYQ","TIER_2_VERIFIED_PYQ","OFFICIAL_PYQ","paper-ssc-cgl-2024-t1-s1",1,1,1,"Verified PYQ"
"q-ssc-cgl-undefined-Tier 1-Shift 1-q101","OFFICIAL_PYQ","TIER_2_VERIFIED_PYQ","OFFICIAL_PYQ","paper-ssc-cgl-2024-t1-s1",1,1,1,"Verified PYQ"
"q-tndge-tamilnadu-undefined-Annual-Morning-q1","OFFICIAL_PYQ","TIER_2_VERIFIED_PYQ","OFFICIAL_PYQ","paper-tn-sslc-tamil-2024",1,1,1,"Verified PYQ"
"q-tndge-tamilnadu-undefined-Annual-Morning-q2","OFFICIAL_PYQ","TIER_2_VERIFIED_PYQ","OFFICIAL_PYQ","paper-tn-sslc-tamil-2024",1,1,1,"Verified PYQ"
"q-tndge-tamilnadu-undefined-Annual-Morning-q3","OFFICIAL_PYQ","TIER_2_VERIFIED_PYQ","OFFICIAL_PYQ","paper-tn-sslc-tamil-2024",1,1,1,"Verified PYQ"
"q-tndge-tamilnadu-undefined-Annual-Morning-q4","OFFICIAL_PYQ","TIER_2_VERIFIED_PYQ","OFFICIAL_PYQ","paper-tn-sslc-tamil-2024",1,1,1,"Verified PYQ"
"q-tndge-tamilnadu-undefined-Annual-Morning-q5","OFFICIAL_PYQ","TIER_2_VERIFIED_PYQ","OFFICIAL_PYQ","paper-tn-sslc-tamil-2024",1,1,1,"Verified PYQ"
"q-tndge-tamilnadu-undefined-Annual-Morning-q6","OFFICIAL_PYQ","TIER_2_VERIFIED_PYQ","OFFICIAL_PYQ","paper-tn-sslc-tamil-2024",1,1,1,"Verified PYQ"
"q-tndge-tamilnadu-undefined-Annual-Morning-q7","OFFICIAL_PYQ","TIER_2_VERIFIED_PYQ","OFFICIAL_PYQ","paper-tn-sslc-tamil-2024",1,1,1,"Verified PYQ"
"q-tndge-tamilnadu-undefined-Annual-Morning-q8","OFFICIAL_PYQ","TIER_2_VERIFIED_PYQ","OFFICIAL_PYQ","paper-tn-sslc-tamil-2024",1,1,1,"Verified PYQ"
"q-tndge-tamilnadu-undefined-Annual-Morning-q9","OFFICIAL_PYQ","TIER_2_VERIFIED_PYQ","OFFICIAL_PYQ","paper-tn-sslc-tamil-2024",1,1,1,"Verified PYQ"
"q-tndge-tamilnadu-undefined-Annual-Morning-q10","OFFICIAL_PYQ","TIER_2_VERIFIED_PYQ","OFFICIAL_PYQ","paper-tn-sslc-tamil-2024",1,1,1,"Verified PYQ"
"q-tndge-tamilnadu-undefined-Annual-Morning-q11","OFFICIAL_PYQ","TIER_2_VERIFIED_PYQ","OFFICIAL_PYQ","paper-tn-sslc-tamil-2024",1,1,1,"Verified PYQ"
"q-tndge-tamilnadu-undefined-Annual-Morning-q12","OFFICIAL_PYQ","TIER_2_VERIFIED_PYQ","OFFICIAL_PYQ","paper-tn-sslc-tamil-2024",1,1,1,"Verified PYQ"
"q-tndge-tamilnadu-undefined-Annual-Morning-q13","OFFICIAL_PYQ","TIER_2_VERIFIED_PYQ","OFFICIAL_PYQ","paper-tn-sslc-tamil-2024",1,1,1,"Verified PYQ"
"q-tndge-tamilnadu-undefined-Annual-Morning-q14","OFFICIAL_PYQ","TIER_2_VERIFIED_PYQ","OFFICIAL_PYQ","paper-tn-sslc-tamil-2024",1,1,1,"Verified PYQ"
"q-tndge-tamilnadu-undefined-Annual-Morning-q15","OFFICIAL_PYQ","TIER_2_VERIFIED_PYQ","OFFICIAL_PYQ","paper-tn-sslc-tamil-2024",1,1,1,"Verified PYQ"
"q-tndge-tamilnadu-undefined-Annual-Morning-q16","OFFICIAL_PYQ","TIER_2_VERIFIED_PYQ","OFFICIAL_PYQ","paper-tn-sslc-tamil-2024",1,1,1,"Verified PYQ"
"q-tndge-tamilnadu-undefined-Annual-Morning-q17","OFFICIAL_PYQ","TIER_2_VERIFIED_PYQ","OFFICIAL_PYQ","paper-tn-sslc-tamil-2024",1,1,1,"Verified PYQ"
"q-tndge-tamilnadu-undefined-Annual-Morning-q18","OFFICIAL_PYQ","TIER_2_VERIFIED_PYQ","OFFICIAL_PYQ","paper-tn-sslc-tamil-2024",1,1,1,"Verified PYQ"
"q-tndge-tamilnadu-undefined-Annual-Morning-q19","OFFICIAL_PYQ","TIER_2_VERIFIED_PYQ","OFFICIAL_PYQ","paper-tn-sslc-tamil-2024",1,1,1,"Verified PYQ"
"q-tndge-tamilnadu-undefined-Annual-Morning-q20","OFFICIAL_PYQ","TIER_2_VERIFIED_PYQ","OFFICIAL_PYQ","paper-tn-sslc-tamil-2024",1,1,1,"Verified PYQ"
"q-tndge-tamilnadu-undefined-Annual-Morning-q21","OFFICIAL_PYQ","TIER_2_VERIFIED_PYQ","OFFICIAL_PYQ","paper-tn-sslc-tamil-2024",1,1,1,"Verified PYQ"
"q-tndge-tamilnadu-undefined-Annual-Morning-q22","OFFICIAL_PYQ","TIER_2_VERIFIED_PYQ","OFFICIAL_PYQ","paper-tn-sslc-tamil-2024",1,1,1,"Verified PYQ"
"q-tndge-tamilnadu-undefined-Annual-Morning-q23","OFFICIAL_PYQ","TIER_2_VERIFIED_PYQ","OFFICIAL_PYQ","paper-tn-sslc-tamil-2024",1,1,1,"Verified PYQ"
"q-tndge-tamilnadu-undefined-Annual-Morning-q24","OFFICIAL_PYQ","TIER_2_VERIFIED_PYQ","OFFICIAL_PYQ","paper-tn-sslc-tamil-2024",1,1,1,"Verified PYQ"
"q-tndge-tamilnadu-undefined-Annual-Morning-q25","OFFICIAL_PYQ","TIER_2_VERIFIED_PYQ","OFFICIAL_PYQ","paper-tn-sslc-tamil-2024",1,1,1,"Verified PYQ"
"q-upsc-cse-2023-gs1-q1","OFFICIAL_PYQ","TIER_2_VERIFIED_PYQ","OFFICIAL_PYQ","paper-upsc-cse-2023-gs1",1,1,1,"Verified PYQ"
"q-upsc-cse-2023-gs1-q2","OFFICIAL_PYQ","TIER_2_VERIFIED_PYQ","OFFICIAL_PYQ","paper-upsc-cse-2023-gs1",1,1,1,"Verified PYQ"
"q-upsc-cse-2023-gs1-q3","OFFICIAL_PYQ","TIER_2_VERIFIED_PYQ","OFFICIAL_PYQ","paper-upsc-cse-2023-gs1",1,1,1,"Verified PYQ"
"q-upsc-cse-2022-gs1-q1","OFFICIAL_PYQ","TIER_2_VERIFIED_PYQ","OFFICIAL_PYQ","paper-upsc-cse-2022-gs1",1,1,1,"Verified PYQ"
"q-upsc-cse-2022-gs1-q2","OFFICIAL_PYQ","TIER_2_VERIFIED_PYQ","OFFICIAL_PYQ","paper-upsc-cse-2022-gs1",1,1,1,"Verified PYQ"
"q-upsc-cse-2022-gs1-q3","OFFICIAL_PYQ","TIER_2_VERIFIED_PYQ","OFFICIAL_PYQ","paper-upsc-cse-2022-gs1",1,1,1,"Verified PYQ"
"q-upsc-cse-2021-gs1-q1","OFFICIAL_PYQ","TIER_2_VERIFIED_PYQ","OFFICIAL_PYQ","paper-upsc-cse-2021-gs1",1,1,1,"Verified PYQ"
"q-upsc-cse-2021-gs1-q2","OFFICIAL_PYQ","TIER_2_VERIFIED_PYQ","OFFICIAL_PYQ","paper-upsc-cse-2021-gs1",1,1,1,"Verified PYQ"
"q-upsc-cse-2021-gs1-q3","OFFICIAL_PYQ","TIER_2_VERIFIED_PYQ","OFFICIAL_PYQ","paper-upsc-cse-2021-gs1",1,1,1,"Verified PYQ"
"q-ssc-cgl-2023-t1-s1-q1","OFFICIAL_PYQ","TIER_2_VERIFIED_PYQ","OFFICIAL_PYQ","paper-ssc-cgl-2023-t1-s1",1,1,1,"Verified PYQ"
"q-ssc-cgl-2023-t1-s1-q2","OFFICIAL_PYQ","TIER_2_VERIFIED_PYQ","OFFICIAL_PYQ","paper-ssc-cgl-2023-t1-s1",1,1,1,"Verified PYQ"
"q-ssc-cgl-2023-t1-s1-q3","OFFICIAL_PYQ","TIER_2_VERIFIED_PYQ","OFFICIAL_PYQ","paper-ssc-cgl-2023-t1-s1",1,1,1,"Verified PYQ"
"q-ssc-cgl-2023-t1-s1-q4","OFFICIAL_PYQ","TIER_2_VERIFIED_PYQ","OFFICIAL_PYQ","paper-ssc-cgl-2023-t1-s1",1,0,1,"Verified PYQ"
"q-ssc-cgl-2022-t1-s1-q1","OFFICIAL_PYQ","TIER_2_VERIFIED_PYQ","OFFICIAL_PYQ","paper-ssc-cgl-2022-t1-s1",1,1,1,"Verified PYQ"
"q-ssc-cgl-2022-t1-s1-q2","OFFICIAL_PYQ","TIER_2_VERIFIED_PYQ","OFFICIAL_PYQ","paper-ssc-cgl-2022-t1-s1",1,1,1,"Verified PYQ"
"q-ssc-cgl-2022-t1-s1-q3","OFFICIAL_PYQ","TIER_2_VERIFIED_PYQ","OFFICIAL_PYQ","paper-ssc-cgl-2022-t1-s1",1,1,1,"Verified PYQ"
"q-ssc-cgl-2022-t1-s1-q4","OFFICIAL_PYQ","TIER_2_VERIFIED_PYQ","OFFICIAL_PYQ","paper-ssc-cgl-2022-t1-s1",1,0,1,"Verified PYQ"
"q-rrb-ntpc-2022-cbt1-q1","OFFICIAL_PYQ","TIER_2_VERIFIED_PYQ","OFFICIAL_PYQ","paper-rrb-ntpc-2022-cbt1-s1",1,1,1,"Verified PYQ"
"q-rrb-ntpc-2022-cbt1-q2","OFFICIAL_PYQ","TIER_2_VERIFIED_PYQ","OFFICIAL_PYQ","paper-rrb-ntpc-2022-cbt1-s1",1,1,1,"Verified PYQ"
"q-ibps-po-2023-pre-q1","OFFICIAL_PYQ","TIER_2_VERIFIED_PYQ","OFFICIAL_PYQ","paper-ibps-po-2023-pre-s1",1,1,1,"Verified PYQ"
"q-ibps-po-2023-pre-q2","OFFICIAL_PYQ","TIER_2_VERIFIED_PYQ","OFFICIAL_PYQ","paper-ibps-po-2023-pre-s1",1,1,1,"Verified PYQ"
"q-upsc-nda-2023-gat-q1","OFFICIAL_PYQ","TIER_2_VERIFIED_PYQ","OFFICIAL_PYQ","paper-upsc-nda-2023-gat",1,1,1,"Verified PYQ"
"q-nta-neet-2023-q1","OFFICIAL_PYQ","TIER_2_VERIFIED_PYQ","OFFICIAL_PYQ","paper-nta-neet-2023-code-f1",1,1,1,"Verified PYQ"
"q-nta-neet-2023-q2","OFFICIAL_PYQ","TIER_2_VERIFIED_PYQ","OFFICIAL_PYQ","paper-nta-neet-2023-code-f1",1,1,1,"Verified PYQ"
"q-upp-2024-s1-q1","OFFICIAL_PYQ","TIER_2_VERIFIED_PYQ","OFFICIAL_PYQ","paper-upp-constable-2024-s1",1,1,1,"Verified PYQ"
"q-upp-2024-s1-q2","OFFICIAL_PYQ","TIER_2_VERIFIED_PYQ","OFFICIAL_PYQ","paper-upp-constable-2024-s1",1,1,1,"Verified PYQ"
"q-cbse-10-sci-2023-q1","OFFICIAL_PYQ","TIER_2_VERIFIED_PYQ","OFFICIAL_PYQ","paper-cbse-10-sci-2023-set1",1,1,1,"Verified PYQ"
"q-cbse-board-undefined-Annual Board Exam-Morning-q1","OFFICIAL_SAMPLE","TIER_3_OFFICIAL_SAMPLE","OFFICIAL_DOCUMENT","paper-cbse-10-science-2024",1,0,1,"Official Sample"
"q-cbse-board-undefined-Annual Board Exam-Morning-q2","OFFICIAL_SAMPLE","TIER_3_OFFICIAL_SAMPLE","OFFICIAL_DOCUMENT","paper-cbse-10-science-2024",1,0,1,"Official Sample"
"q-cbse-board-undefined-Annual Board Exam-Morning-q3","OFFICIAL_SAMPLE","TIER_3_OFFICIAL_SAMPLE","OFFICIAL_DOCUMENT","paper-cbse-10-science-2024",1,0,1,"Official Sample"
"q-cbse-board-undefined-Annual Board Exam-Morning-q4","OFFICIAL_SAMPLE","TIER_3_OFFICIAL_SAMPLE","OFFICIAL_DOCUMENT","paper-cbse-10-science-2024",1,0,1,"Official Sample"
"q-cbse-board-undefined-Annual Board Exam-Morning-q5","OFFICIAL_SAMPLE","TIER_3_OFFICIAL_SAMPLE","OFFICIAL_DOCUMENT","paper-cbse-10-science-2024",1,0,1,"Official Sample"
"q-cbse-board-undefined-Annual Board Exam-Morning-q6","OFFICIAL_SAMPLE","TIER_3_OFFICIAL_SAMPLE","OFFICIAL_DOCUMENT","paper-cbse-10-science-2024",1,0,1,"Official Sample"
"q-cbse-board-undefined-Annual Board Exam-Morning-q7","OFFICIAL_SAMPLE","TIER_3_OFFICIAL_SAMPLE","OFFICIAL_DOCUMENT","paper-cbse-10-science-2024",1,0,1,"Official Sample"
"q-cbse-board-undefined-Annual Board Exam-Morning-q8","OFFICIAL_SAMPLE","TIER_3_OFFICIAL_SAMPLE","OFFICIAL_DOCUMENT","paper-cbse-10-science-2024",1,0,1,"Official Sample"
"q-cbse-board-undefined-Annual Board Exam-Morning-q9","OFFICIAL_SAMPLE","TIER_3_OFFICIAL_SAMPLE","OFFICIAL_DOCUMENT","paper-cbse-10-science-2024",1,0,1,"Official Sample"
"q-cbse-board-undefined-Annual Board Exam-Morning-q10","OFFICIAL_SAMPLE","TIER_3_OFFICIAL_SAMPLE","OFFICIAL_DOCUMENT","paper-cbse-10-science-2024",1,0,1,"Official Sample"
"q-cbse-board-undefined-Annual Board Exam-Morning-q11","OFFICIAL_SAMPLE","TIER_3_OFFICIAL_SAMPLE","OFFICIAL_DOCUMENT","paper-cbse-10-science-2024",1,0,1,"Official Sample"
"q-cbse-board-undefined-Annual Board Exam-Morning-q12","OFFICIAL_SAMPLE","TIER_3_OFFICIAL_SAMPLE","OFFICIAL_DOCUMENT","paper-cbse-10-science-2024",1,0,1,"Official Sample"
"q-cbse-board-undefined-Annual Board Exam-Morning-q13","OFFICIAL_SAMPLE","TIER_3_OFFICIAL_SAMPLE","OFFICIAL_DOCUMENT","paper-cbse-10-science-2024",1,0,1,"Official Sample"
"q-cbse-board-undefined-Annual Board Exam-Morning-q14","OFFICIAL_SAMPLE","TIER_3_OFFICIAL_SAMPLE","OFFICIAL_DOCUMENT","paper-cbse-10-science-2024",1,0,1,"Official Sample"
"q-cbse-board-undefined-Annual Board Exam-Morning-q15","OFFICIAL_SAMPLE","TIER_3_OFFICIAL_SAMPLE","OFFICIAL_DOCUMENT","paper-cbse-10-science-2024",1,0,1,"Official Sample"
"q-cbse-board-undefined-Annual Board Exam-Morning-q16","OFFICIAL_SAMPLE","TIER_3_OFFICIAL_SAMPLE","OFFICIAL_DOCUMENT","paper-cbse-10-science-2024",1,0,1,"Official Sample"
"q-cbse-board-undefined-Annual Board Exam-Morning-q17","OFFICIAL_SAMPLE","TIER_3_OFFICIAL_SAMPLE","OFFICIAL_DOCUMENT","paper-cbse-10-science-2024",1,0,1,"Official Sample"
"q-cbse-board-undefined-Annual Board Exam-Morning-q18","OFFICIAL_SAMPLE","TIER_3_OFFICIAL_SAMPLE","OFFICIAL_DOCUMENT","paper-cbse-10-science-2024",1,0,1,"Official Sample"
"q-cbse-board-undefined-Annual Board Exam-Morning-q19","OFFICIAL_SAMPLE","TIER_3_OFFICIAL_SAMPLE","OFFICIAL_DOCUMENT","paper-cbse-10-science-2024",1,0,1,"Official Sample"
"q-cbse-board-undefined-Annual Board Exam-Morning-q20","OFFICIAL_SAMPLE","TIER_3_OFFICIAL_SAMPLE","OFFICIAL_DOCUMENT","paper-cbse-10-science-2024",1,0,1,"Official Sample"
"q-cbse-board-undefined-Annual Board Exam-Morning-q21","OFFICIAL_SAMPLE","TIER_3_OFFICIAL_SAMPLE","OFFICIAL_DOCUMENT","paper-cbse-10-science-2024",1,0,1,"Official Sample"
"q-cbse-board-undefined-Annual Board Exam-Morning-q22","OFFICIAL_SAMPLE","TIER_3_OFFICIAL_SAMPLE","OFFICIAL_DOCUMENT","paper-cbse-10-science-2024",1,0,1,"Official Sample"
"q-cbse-board-undefined-Annual Board Exam-Morning-q23","OFFICIAL_SAMPLE","TIER_3_OFFICIAL_SAMPLE","OFFICIAL_DOCUMENT","paper-cbse-10-science-2024",1,0,1,"Official Sample"
"q-cbse-board-undefined-Annual Board Exam-Morning-q24","OFFICIAL_SAMPLE","TIER_3_OFFICIAL_SAMPLE","OFFICIAL_DOCUMENT","paper-cbse-10-science-2024",1,0,1,"Official Sample"
"q-cbse-board-undefined-Annual Board Exam-Morning-q25","OFFICIAL_SAMPLE","TIER_3_OFFICIAL_SAMPLE","OFFICIAL_DOCUMENT","paper-cbse-10-science-2024",1,0,1,"Official Sample"
"q-cbse-board-undefined-Annual Board Exam-Morning-q26","OFFICIAL_SAMPLE","TIER_3_OFFICIAL_SAMPLE","OFFICIAL_DOCUMENT","paper-cbse-10-science-2024",1,0,1,"Official Sample"
"q-cbse-board-undefined-Annual Board Exam-Morning-q27","OFFICIAL_SAMPLE","TIER_3_OFFICIAL_SAMPLE","OFFICIAL_DOCUMENT","paper-cbse-10-science-2024",1,0,1,"Official Sample"
"q-cbse-board-undefined-Annual Board Exam-Morning-q28","OFFICIAL_SAMPLE","TIER_3_OFFICIAL_SAMPLE","OFFICIAL_DOCUMENT","paper-cbse-10-science-2024",1,0,1,"Official Sample"
"q-cbse-board-undefined-Annual Board Exam-Morning-q29","OFFICIAL_SAMPLE","TIER_3_OFFICIAL_SAMPLE","OFFICIAL_DOCUMENT","paper-cbse-10-science-2024",1,0,1,"Official Sample"
"q-cbse-board-undefined-Annual Board Exam-Morning-q30","OFFICIAL_SAMPLE","TIER_3_OFFICIAL_SAMPLE","OFFICIAL_DOCUMENT","paper-cbse-10-science-2024",1,0,1,"Official Sample"
"q-cbse-board-undefined-Annual Board Exam-Morning-q31","OFFICIAL_SAMPLE","TIER_3_OFFICIAL_SAMPLE","OFFICIAL_DOCUMENT","paper-cbse-10-science-2024",1,0,1,"Official Sample"
"q-cbse-board-undefined-Annual Board Exam-Morning-q32","OFFICIAL_SAMPLE","TIER_3_OFFICIAL_SAMPLE","OFFICIAL_DOCUMENT","paper-cbse-10-science-2024",1,0,1,"Official Sample"
"q-cbse-board-undefined-Annual Board Exam-Morning-q33","OFFICIAL_SAMPLE","TIER_3_OFFICIAL_SAMPLE","OFFICIAL_DOCUMENT","paper-cbse-10-science-2024",1,0,1,"Official Sample"
"q-cbse-board-undefined-Annual Board Exam-Morning-q34","OFFICIAL_SAMPLE","TIER_3_OFFICIAL_SAMPLE","OFFICIAL_DOCUMENT","paper-cbse-10-science-2024",1,0,1,"Official Sample"
"q-cbse-board-undefined-Annual Board Exam-Morning-q35","OFFICIAL_SAMPLE","TIER_3_OFFICIAL_SAMPLE","OFFICIAL_DOCUMENT","paper-cbse-10-science-2024",1,0,1,"Official Sample"
"q-cbse-board-undefined-Annual Board Exam-Morning-q36","OFFICIAL_SAMPLE","TIER_3_OFFICIAL_SAMPLE","OFFICIAL_DOCUMENT","paper-cbse-10-science-2024",1,0,1,"Official Sample"
"q-cbse-board-undefined-Annual Board Exam-Morning-q37","OFFICIAL_SAMPLE","TIER_3_OFFICIAL_SAMPLE","OFFICIAL_DOCUMENT","paper-cbse-10-science-2024",1,0,1,"Official Sample"
"q-cbse-board-undefined-Annual Board Exam-Morning-q38","OFFICIAL_SAMPLE","TIER_3_OFFICIAL_SAMPLE","OFFICIAL_DOCUMENT","paper-cbse-10-science-2024",1,0,1,"Official Sample"
"q-cbse-board-undefined-Annual Board Exam-Morning-q39","OFFICIAL_SAMPLE","TIER_3_OFFICIAL_SAMPLE","OFFICIAL_DOCUMENT","paper-cbse-10-science-2024",1,0,1,"Official Sample"
"q-hy-hi-0001","HUMAN_CURATED","TIER_4_HUMAN_CURATED","HUMAN_CURATED","N/A",0,0,1,"Historical"
"q-hy-hi-0002","HUMAN_CURATED","TIER_4_HUMAN_CURATED","HUMAN_CURATED","N/A",0,0,1,"Historical"
"q-hy-hi-0003","HUMAN_CURATED","TIER_4_HUMAN_CURATED","HUMAN_CURATED","N/A",0,0,1,"Historical"
"q-hy-hi-0004","HUMAN_CURATED","TIER_4_HUMAN_CURATED","HUMAN_CURATED","N/A",0,0,1,"Historical"
"q-hy-hi-0005","HUMAN_CURATED","TIER_4_HUMAN_CURATED","HUMAN_CURATED","N/A",0,0,1,"Historical"
"q-hy-hi-0006","HUMAN_CURATED","TIER_4_HUMAN_CURATED","HUMAN_CURATED","N/A",0,0,1,"Historical"
"q-hy-hi-0007","HUMAN_CURATED","TIER_4_HUMAN_CURATED","HUMAN_CURATED","N/A",0,0,1,"Historical"
"q-hy-hi-0008","HUMAN_CURATED","TIER_4_HUMAN_CURATED","HUMAN_CURATED","N/A",0,0,1,"Historical"
"q-hy-hi-0009","HUMAN_CURATED","TIER_4_HUMAN_CURATED","HUMAN_CURATED","N/A",0,0,1,"Historical"
"q-hy-hi-0010","HUMAN_CURATED","TIER_4_HUMAN_CURATED","HUMAN_CURATED","N/A",0,0,1,"Historical"
"q-hy-hi-0011","HUMAN_CURATED","TIER_4_HUMAN_CURATED","HUMAN_CURATED","N/A",0,0,1,"Historical"
"q-hy-hi-0012","HUMAN_CURATED","TIER_4_HUMAN_CURATED","HUMAN_CURATED","N/A",0,0,1,"Historical"
"q-hy-hi-0013","HUMAN_CURATED","TIER_4_HUMAN_CURATED","HUMAN_CURATED","N/A",0,0,1,"Historical"
"q-hy-hi-0014","HUMAN_CURATED","TIER_4_HUMAN_CURATED","HUMAN_CURATED","N/A",0,0,1,"Historical"
"q-hy-hi-0015","HUMAN_CURATED","TIER_4_HUMAN_CURATED","HUMAN_CURATED","N/A",0,0,1,"Historical"
"q-hy-hi-0016","HUMAN_CURATED","TIER_4_HUMAN_CURATED","HUMAN_CURATED","N/A",0,0,1,"Historical"
"q-hy-hi-0017","HUMAN_CURATED","TIER_4_HUMAN_CURATED","HUMAN_CURATED","N/A",0,0,1,"Historical"
"q-hy-hi-0018","HUMAN_CURATED","TIER_4_HUMAN_CURATED","HUMAN_CURATED","N/A",0,0,1,"Historical"
"q-hy-hi-0019","HUMAN_CURATED","TIER_4_HUMAN_CURATED","HUMAN_CURATED","N/A",0,0,1,"Historical"
"q-hy-hi-0020","HUMAN_CURATED","TIER_4_HUMAN_CURATED","HUMAN_CURATED","N/A",0,0,1,"Historical"
"q-hy-hi-0021","HUMAN_CURATED","TIER_4_HUMAN_CURATED","HUMAN_CURATED","N/A",0,0,1,"Historical"
"q-hy-hi-0022","HUMAN_CURATED","TIER_4_HUMAN_CURATED","HUMAN_CURATED","N/A",0,0,1,"Historical"
"q-hy-hi-0023","HUMAN_CURATED","TIER_4_HUMAN_CURATED","HUMAN_CURATED","N/A",0,0,1,"Historical"
"q-hy-hi-0024","HUMAN_CURATED","TIER_4_HUMAN_CURATED","HUMAN_CURATED","N/A",0,0,1,"Historical"
"q-hy-hi-0025","HUMAN_CURATED","TIER_4_HUMAN_CURATED","HUMAN_CURATED","N/A",0,0,1,"Historical"
"q-hy-hi-0026","HUMAN_CURATED","TIER_4_HUMAN_CURATED","HUMAN_CURATED","N/A",0,0,1,"Historical"
"q-hy-hi-0027","HUMAN_CURATED","TIER_4_HUMAN_CURATED","HUMAN_CURATED","N/A",0,0,1,"Historical"
"q-hy-hi-0028","HUMAN_CURATED","TIER_4_HUMAN_CURATED","HUMAN_CURATED","N/A",0,0,1,"Historical"
"q-hy-hi-0029","HUMAN_CURATED","TIER_4_HUMAN_CURATED","HUMAN_CURATED","N/A",0,0,1,"Historical"
"q-hy-hi-0030","HUMAN_CURATED","TIER_4_HUMAN_CURATED","HUMAN_CURATED","N/A",0,0,1,"Historical"
"q-hy-hi-0031","HUMAN_CURATED","TIER_4_HUMAN_CURATED","HUMAN_CURATED","N/A",0,0,1,"Historical"
"q-hy-hi-0032","HUMAN_CURATED","TIER_4_HUMAN_CURATED","HUMAN_CURATED","N/A",0,0,1,"Historical"
"q-hy-hi-0033","HUMAN_CURATED","TIER_4_HUMAN_CURATED","HUMAN_CURATED","N/A",0,0,1,"Historical"
"q-hy-hi-0034","HUMAN_CURATED","TIER_4_HUMAN_CURATED","HUMAN_CURATED","N/A",0,0,1,"Historical"
"q-hy-hi-0035","HUMAN_CURATED","TIER_4_HUMAN_CURATED","HUMAN_CURATED","N/A",0,0,1,"Historical"
"q-hy-hi-0036","HUMAN_CURATED","TIER_4_HUMAN_CURATED","HUMAN_CURATED","N/A",0,0,1,"Historical"
"q-hy-hi-0037","HUMAN_CURATED","TIER_4_HUMAN_CURATED","HUMAN_CURATED","N/A",0,0,1,"Historical"
"q-hy-hi-0038","HUMAN_CURATED","TIER_4_HUMAN_CURATED","HUMAN_CURATED","N/A",0,0,1,"Historical"
"q-hy-hi-0039","HUMAN_CURATED","TIER_4_HUMAN_CURATED","HUMAN_CURATED","N/A",0,0,1,"Historical"
"q-hy-hi-0040","HUMAN_CURATED","TIER_4_HUMAN_CURATED","HUMAN_CURATED","N/A",0,0,1,"Historical"
"q-hy-hi-0041","HUMAN_CURATED","TIER_4_HUMAN_CURATED","HUMAN_CURATED","N/A",0,0,1,"Historical"
"q-hy-hi-0042","HUMAN_CURATED","TIER_4_HUMAN_CURATED","HUMAN_CURATED","N/A",0,0,1,"Historical"
"q-hy-hi-0043","HUMAN_CURATED","TIER_4_HUMAN_CURATED","HUMAN_CURATED","N/A",0,0,1,"Historical"
"q-hy-hi-0044","HUMAN_CURATED","TIER_4_HUMAN_CURATED","HUMAN_CURATED","N/A",0,0,1,"Historical"
"q-hy-hi-0045","HUMAN_CURATED","TIER_4_HUMAN_CURATED","HUMAN_CURATED","N/A",0,0,1,"Historical"
"q-hy-hi-0046","HUMAN_CURATED","TIER_4_HUMAN_CURATED","HUMAN_CURATED","N/A",0,0,1,"Historical"
"q-hy-hi-0047","HUMAN_CURATED","TIER_4_HUMAN_CURATED","HUMAN_CURATED","N/A",0,0,1,"Historical"
"q-hy-hi-0048","HUMAN_CURATED","TIER_4_HUMAN_CURATED","HUMAN_CURATED","N/A",0,0,1,"Historical"
"q-hy-hi-0049","HUMAN_CURATED","TIER_4_HUMAN_CURATED","HUMAN_CURATED","N/A",0,0,1,"Historical"
"q-hy-hi-0050","HUMAN_CURATED","TIER_4_HUMAN_CURATED","HUMAN_CURATED","N/A",0,0,1,"Historical"
"q-hy-hi-0051","HUMAN_CURATED","TIER_4_HUMAN_CURATED","HUMAN_CURATED","N/A",0,0,1,"Historical"
"q-hy-hi-0052","HUMAN_CURATED","TIER_4_HUMAN_CURATED","HUMAN_CURATED","N/A",0,0,1,"Historical"
"q-hy-hi-0053","HUMAN_CURATED","TIER_4_HUMAN_CURATED","HUMAN_CURATED","N/A",0,0,1,"Historical"
"q-hy-hi-0054","HUMAN_CURATED","TIER_4_HUMAN_CURATED","HUMAN_CURATED","N/A",0,0,1,"Historical"
"q-hy-hi-0055","HUMAN_CURATED","TIER_4_HUMAN_CURATED","HUMAN_CURATED","N/A",0,0,1,"Historical"
"q-hy-hi-0056","HUMAN_CURATED","TIER_4_HUMAN_CURATED","HUMAN_CURATED","N/A",0,0,1,"Historical"
"q-hy-hi-0057","HUMAN_CURATED","TIER_4_HUMAN_CURATED","HUMAN_CURATED","N/A",0,0,1,"Historical"
"q-hy-hi-0058","HUMAN_CURATED","TIER_4_HUMAN_CURATED","HUMAN_CURATED","N/A",0,0,1,"Historical"
"q-hy-hi-0059","HUMAN_CURATED","TIER_4_HUMAN_CURATED","HUMAN_CURATED","N/A",0,0,1,"Historical"
"q-hy-hi-0060","HUMAN_CURATED","TIER_4_HUMAN_CURATED","HUMAN_CURATED","N/A",0,0,1,"Historical"
"q-hy-hi-0061","HUMAN_CURATED","TIER_4_HUMAN_CURATED","HUMAN_CURATED","N/A",0,0,1,"Historical"
"q-hy-hi-0062","HUMAN_CURATED","TIER_4_HUMAN_CURATED","HUMAN_CURATED","N/A",0,0,1,"Historical"
"q-hy-hi-0063","HUMAN_CURATED","TIER_4_HUMAN_CURATED","HUMAN_CURATED","N/A",0,0,1,"Historical"
"q-hy-hi-0064","HUMAN_CURATED","TIER_4_HUMAN_CURATED","HUMAN_CURATED","N/A",0,0,1,"Historical"
"q-hy-hi-0065","HUMAN_CURATED","TIER_4_HUMAN_CURATED","HUMAN_CURATED","N/A",0,0,1,"Historical"
"q-hy-hi-0066","HUMAN_CURATED","TIER_4_HUMAN_CURATED","HUMAN_CURATED","N/A",0,0,1,"Historical"
"q-hy-hi-0067","HUMAN_CURATED","TIER_4_HUMAN_CURATED","HUMAN_CURATED","N/A",0,0,1,"Historical"
"q-hy-hi-0068","HUMAN_CURATED","TIER_4_HUMAN_CURATED","HUMAN_CURATED","N/A",0,0,1,"Historical"
"q-hy-hi-0069","HUMAN_CURATED","TIER_4_HUMAN_CURATED","HUMAN_CURATED","N/A",0,0,1,"Historical"
"q-hy-hi-0070","HUMAN_CURATED","TIER_4_HUMAN_CURATED","HUMAN_CURATED","N/A",0,0,1,"Historical"
"q-hy-hi-0071","HUMAN_CURATED","TIER_4_HUMAN_CURATED","HUMAN_CURATED","N/A",0,0,1,"Historical"
"q-hy-hi-0072","HUMAN_CURATED","TIER_4_HUMAN_CURATED","HUMAN_CURATED","N/A",0,0,1,"Historical"
"q-hy-hi-0073","HUMAN_CURATED","TIER_4_HUMAN_CURATED","HUMAN_CURATED","N/A",0,0,1,"Historical"
"q-hy-hi-0074","HUMAN_CURATED","TIER_4_HUMAN_CURATED","HUMAN_CURATED","N/A",0,0,1,"Historical"
"q-hy-hi-0075","HUMAN_CURATED","TIER_4_HUMAN_CURATED","HUMAN_CURATED","N/A",0,0,1,"Historical"
"q-hy-hi-0076","HUMAN_CURATED","TIER_4_HUMAN_CURATED","HUMAN_CURATED","N/A",0,0,1,"Historical"
"q-hy-hi-0077","HUMAN_CURATED","TIER_4_HUMAN_CURATED","HUMAN_CURATED","N/A",0,0,1,"Historical"
"q-hy-hi-0078","HUMAN_CURATED","TIER_4_HUMAN_CURATED","HUMAN_CURATED","N/A",0,0,1,"Historical"
"q-hy-hi-0079","HUMAN_CURATED","TIER_4_HUMAN_CURATED","HUMAN_CURATED","N/A",0,0,1,"Historical"
"q-hy-hi-0080","HUMAN_CURATED","TIER_4_HUMAN_CURATED","HUMAN_CURATED","N/A",0,0,1,"Historical"
"q-hy-hi-0081","HUMAN_CURATED","TIER_4_HUMAN_CURATED","HUMAN_CURATED","N/A",0,0,1,"Historical"
"q-hy-hi-0082","HUMAN_CURATED","TIER_4_HUMAN_CURATED","HUMAN_CURATED","N/A",0,0,1,"Historical"
"q-hy-hi-0083","HUMAN_CURATED","TIER_4_HUMAN_CURATED","HUMAN_CURATED","N/A",0,0,1,"Historical"
"q-hy-hi-0084","HUMAN_CURATED","TIER_4_HUMAN_CURATED","HUMAN_CURATED","N/A",0,0,1,"Historical"
"q-hy-hi-0085","HUMAN_CURATED","TIER_4_HUMAN_CURATED","HUMAN_CURATED","N/A",0,0,1,"Historical"
"q-hy-math-0001","HUMAN_CURATED","TIER_4_HUMAN_CURATED","HUMAN_CURATED","N/A",0,0,1,"Historical"
"q-hy-math-0002","HUMAN_CURATED","TIER_4_HUMAN_CURATED","HUMAN_CURATED","N/A",0,0,1,"Historical"
"q-hy-math-0003","HUMAN_CURATED","TIER_4_HUMAN_CURATED","HUMAN_CURATED","N/A",0,0,1,"Historical"
"q-hy-math-0004","HUMAN_CURATED","TIER_4_HUMAN_CURATED","HUMAN_CURATED","N/A",0,0,1,"Historical"
"q-hy-math-0005","HUMAN_CURATED","TIER_4_HUMAN_CURATED","HUMAN_CURATED","N/A",0,0,1,"Historical"
"q-hy-math-0006","HUMAN_CURATED","TIER_4_HUMAN_CURATED","HUMAN_CURATED","N/A",0,0,1,"Historical"
"q-hy-math-0007","HUMAN_CURATED","TIER_4_HUMAN_CURATED","HUMAN_CURATED","N/A",0,0,1,"Historical"
"q-hy-math-0008","HUMAN_CURATED","TIER_4_HUMAN_CURATED","HUMAN_CURATED","N/A",0,0,1,"Historical"
"q-hy-math-0009","HUMAN_CURATED","TIER_4_HUMAN_CURATED","HUMAN_CURATED","N/A",0,0,1,"Historical"
"q-hy-math-0010","HUMAN_CURATED","TIER_4_HUMAN_CURATED","HUMAN_CURATED","N/A",0,0,1,"Historical"
"q-hy-math-0011","HUMAN_CURATED","TIER_4_HUMAN_CURATED","HUMAN_CURATED","N/A",0,0,1,"Historical"
"q-hy-math-0012","HUMAN_CURATED","TIER_4_HUMAN_CURATED","HUMAN_CURATED","N/A",0,0,1,"Historical"
"q-hy-math-0013","HUMAN_CURATED","TIER_4_HUMAN_CURATED","HUMAN_CURATED","N/A",0,0,1,"Historical"
"q-hy-math-0014","HUMAN_CURATED","TIER_4_HUMAN_CURATED","HUMAN_CURATED","N/A",0,0,1,"Historical"
"q-hy-math-0015","HUMAN_CURATED","TIER_4_HUMAN_CURATED","HUMAN_CURATED","N/A",0,0,1,"Historical"
"q-hy-math-0016","HUMAN_CURATED","TIER_4_HUMAN_CURATED","HUMAN_CURATED","N/A",0,0,1,"Historical"
"q-hy-math-0017","HUMAN_CURATED","TIER_4_HUMAN_CURATED","HUMAN_CURATED","N/A",0,0,1,"Historical"
"q-hy-math-0018","HUMAN_CURATED","TIER_4_HUMAN_CURATED","HUMAN_CURATED","N/A",0,0,1,"Historical"
"q-hy-math-0019","HUMAN_CURATED","TIER_4_HUMAN_CURATED","HUMAN_CURATED","N/A",0,0,1,"Historical"
"q-hy-math-0020","HUMAN_CURATED","TIER_4_HUMAN_CURATED","HUMAN_CURATED","N/A",0,0,1,"Historical"
"q-hy-math-0021","HUMAN_CURATED","TIER_4_HUMAN_CURATED","HUMAN_CURATED","N/A",0,0,1,"Historical"
"q-hy-math-0022","HUMAN_CURATED","TIER_4_HUMAN_CURATED","HUMAN_CURATED","N/A",0,0,1,"Historical"
"q-hy-math-0023","HUMAN_CURATED","TIER_4_HUMAN_CURATED","HUMAN_CURATED","N/A",0,0,1,"Historical"
"q-hy-math-0024","HUMAN_CURATED","TIER_4_HUMAN_CURATED","HUMAN_CURATED","N/A",0,0,1,"Historical"
"q-hy-math-0025","HUMAN_CURATED","TIER_4_HUMAN_CURATED","HUMAN_CURATED","N/A",0,0,1,"Historical"
"q-hy-math-0026","HUMAN_CURATED","TIER_4_HUMAN_CURATED","HUMAN_CURATED","N/A",0,0,1,"Historical"
"q-hy-math-0027","HUMAN_CURATED","TIER_4_HUMAN_CURATED","HUMAN_CURATED","N/A",0,0,1,"Historical"
"q-hy-math-0028","HUMAN_CURATED","TIER_4_HUMAN_CURATED","HUMAN_CURATED","N/A",0,0,1,"Historical"
"q-hy-math-0029","HUMAN_CURATED","TIER_4_HUMAN_CURATED","HUMAN_CURATED","N/A",0,0,1,"Historical"
"q-hy-math-0030","HUMAN_CURATED","TIER_4_HUMAN_CURATED","HUMAN_CURATED","N/A",0,0,1,"Historical"
"q-hy-math-0031","HUMAN_CURATED","TIER_4_HUMAN_CURATED","HUMAN_CURATED","N/A",0,0,1,"Historical"
"q-hy-math-0032","HUMAN_CURATED","TIER_4_HUMAN_CURATED","HUMAN_CURATED","N/A",0,0,1,"Historical"
"q-hy-math-0033","HUMAN_CURATED","TIER_4_HUMAN_CURATED","HUMAN_CURATED","N/A",0,0,1,"Historical"
"q-hy-math-0034","HUMAN_CURATED","TIER_4_HUMAN_CURATED","HUMAN_CURATED","N/A",0,0,1,"Historical"
"q-hy-math-0035","HUMAN_CURATED","TIER_4_HUMAN_CURATED","HUMAN_CURATED","N/A",0,0,1,"Historical"
"q-hy-math-0036","HUMAN_CURATED","TIER_4_HUMAN_CURATED","HUMAN_CURATED","N/A",0,0,1,"Historical"
"q-hy-math-0037","HUMAN_CURATED","TIER_4_HUMAN_CURATED","HUMAN_CURATED","N/A",0,0,1,"Historical"
"q-hy-math-0038","HUMAN_CURATED","TIER_4_HUMAN_CURATED","HUMAN_CURATED","N/A",0,0,1,"Historical"
"q-hy-math-0039","HUMAN_CURATED","TIER_4_HUMAN_CURATED","HUMAN_CURATED","N/A",0,0,1,"Historical"
"q-hy-math-0040","HUMAN_CURATED","TIER_4_HUMAN_CURATED","HUMAN_CURATED","N/A",0,0,1,"Historical"
"q-hy-math-0041","HUMAN_CURATED","TIER_4_HUMAN_CURATED","HUMAN_CURATED","N/A",0,0,1,"Historical"
"q-hy-math-0042","HUMAN_CURATED","TIER_4_HUMAN_CURATED","HUMAN_CURATED","N/A",0,0,1,"Historical"
"q-hy-math-0043","HUMAN_CURATED","TIER_4_HUMAN_CURATED","HUMAN_CURATED","N/A",0,0,1,"Historical"
"q-hy-math-0044","HUMAN_CURATED","TIER_4_HUMAN_CURATED","HUMAN_CURATED","N/A",0,0,1,"Historical"
"q-hy-math-0045","HUMAN_CURATED","TIER_4_HUMAN_CURATED","HUMAN_CURATED","N/A",0,0,1,"Historical"
"q-hy-math-0046","HUMAN_CURATED","TIER_4_HUMAN_CURATED","HUMAN_CURATED","N/A",0,0,1,"Historical"
"q-hy-math-0047","HUMAN_CURATED","TIER_4_HUMAN_CURATED","HUMAN_CURATED","N/A",0,0,1,"Historical"
"q-hy-math-0048","HUMAN_CURATED","TIER_4_HUMAN_CURATED","HUMAN_CURATED","N/A",0,0,1,"Historical"
"q-hy-math-0049","HUMAN_CURATED","TIER_4_HUMAN_CURATED","HUMAN_CURATED","N/A",0,0,1,"Historical"
"q-hy-math-0050","HUMAN_CURATED","TIER_4_HUMAN_CURATED","HUMAN_CURATED","N/A",0,0,1,"Historical"
"q-hy-math-0051","HUMAN_CURATED","TIER_4_HUMAN_CURATED","HUMAN_CURATED","N/A",0,0,1,"Historical"
"q-hy-math-0052","HUMAN_CURATED","TIER_4_HUMAN_CURATED","HUMAN_CURATED","N/A",0,0,1,"Historical"
"q-hy-math-0053","HUMAN_CURATED","TIER_4_HUMAN_CURATED","HUMAN_CURATED","N/A",0,0,1,"Historical"
"q-hy-math-0054","HUMAN_CURATED","TIER_4_HUMAN_CURATED","HUMAN_CURATED","N/A",0,0,1,"Historical"
"q-hy-math-0055","HUMAN_CURATED","TIER_4_HUMAN_CURATED","HUMAN_CURATED","N/A",0,0,1,"Historical"
"q-hy-math-0056","HUMAN_CURATED","TIER_4_HUMAN_CURATED","HUMAN_CURATED","N/A",0,0,1,"Historical"
"q-hy-math-0057","HUMAN_CURATED","TIER_4_HUMAN_CURATED","HUMAN_CURATED","N/A",0,0,1,"Historical"
"q-hy-math-0058","HUMAN_CURATED","TIER_4_HUMAN_CURATED","HUMAN_CURATED","N/A",0,0,1,"Historical"
"q-hy-math-0059","HUMAN_CURATED","TIER_4_HUMAN_CURATED","HUMAN_CURATED","N/A",0,0,1,"Historical"
"q-hy-math-0060","HUMAN_CURATED","TIER_4_HUMAN_CURATED","HUMAN_CURATED","N/A",0,0,1,"Historical"
"q-hy-math-0061","HUMAN_CURATED","TIER_4_HUMAN_CURATED","HUMAN_CURATED","N/A",0,0,1,"Historical"
"q-hy-math-0062","HUMAN_CURATED","TIER_4_HUMAN_CURATED","HUMAN_CURATED","N/A",0,0,1,"Historical"
"q-hy-math-0063","HUMAN_CURATED","TIER_4_HUMAN_CURATED","HUMAN_CURATED","N/A",0,0,1,"Historical"
"q-hy-math-0064","HUMAN_CURATED","TIER_4_HUMAN_CURATED","HUMAN_CURATED","N/A",0,0,1,"Historical"
"q-hy-math-0065","HUMAN_CURATED","TIER_4_HUMAN_CURATED","HUMAN_CURATED","N/A",0,0,1,"Historical"
"q-hy-math-0066","HUMAN_CURATED","TIER_4_HUMAN_CURATED","HUMAN_CURATED","N/A",0,0,1,"Historical"
"q-hy-math-0067","HUMAN_CURATED","TIER_4_HUMAN_CURATED","HUMAN_CURATED","N/A",0,0,1,"Historical"
"q-hy-math-0068","HUMAN_CURATED","TIER_4_HUMAN_CURATED","HUMAN_CURATED","N/A",0,0,1,"Historical"
"q-hy-math-0069","HUMAN_CURATED","TIER_4_HUMAN_CURATED","HUMAN_CURATED","N/A",0,0,1,"Historical"
"q-hy-math-0070","HUMAN_CURATED","TIER_4_HUMAN_CURATED","HUMAN_CURATED","N/A",0,0,1,"Historical"
"q-hy-math-0071","HUMAN_CURATED","TIER_4_HUMAN_CURATED","HUMAN_CURATED","N/A",0,0,1,"Historical"
"q-hy-math-0072","HUMAN_CURATED","TIER_4_HUMAN_CURATED","HUMAN_CURATED","N/A",0,0,1,"Historical"
"q-hy-math-0073","HUMAN_CURATED","TIER_4_HUMAN_CURATED","HUMAN_CURATED","N/A",0,0,1,"Historical"
"q-hy-math-0074","HUMAN_CURATED","TIER_4_HUMAN_CURATED","HUMAN_CURATED","N/A",0,0,1,"Historical"
"q-hy-math-0075","HUMAN_CURATED","TIER_4_HUMAN_CURATED","HUMAN_CURATED","N/A",0,0,1,"Historical"
"q-hy-math-0076","HUMAN_CURATED","TIER_4_HUMAN_CURATED","HUMAN_CURATED","N/A",0,0,1,"Historical"
"q-hy-math-0077","HUMAN_CURATED","TIER_4_HUMAN_CURATED","HUMAN_CURATED","N/A",0,0,1,"Historical"
"q-hy-math-0078","HUMAN_CURATED","TIER_4_HUMAN_CURATED","HUMAN_CURATED","N/A",0,0,1,"Historical"
"q-hy-math-0079","HUMAN_CURATED","TIER_4_HUMAN_CURATED","HUMAN_CURATED","N/A",0,0,1,"Historical"
"q-hy-math-0080","HUMAN_CURATED","TIER_4_HUMAN_CURATED","HUMAN_CURATED","N/A",0,0,1,"Historical"
"q-hy-math-0081","HUMAN_CURATED","TIER_4_HUMAN_CURATED","HUMAN_CURATED","N/A",0,0,1,"Historical"
"q-hy-math-0082","HUMAN_CURATED","TIER_4_HUMAN_CURATED","HUMAN_CURATED","N/A",0,0,1,"Historical"
"q-hy-math-0083","HUMAN_CURATED","TIER_4_HUMAN_CURATED","HUMAN_CURATED","N/A",0,0,1,"Historical"
"q-hy-math-0084","HUMAN_CURATED","TIER_4_HUMAN_CURATED","HUMAN_CURATED","N/A",0,0,1,"Historical"
"q-hy-math-0085","HUMAN_CURATED","TIER_4_HUMAN_CURATED","HUMAN_CURATED","N/A",0,0,1,"Historical"
"q-hy-sci-0001","HUMAN_CURATED","TIER_4_HUMAN_CURATED","HUMAN_CURATED","N/A",0,0,1,"Historical"
"q-hy-sci-0002","HUMAN_CURATED","TIER_4_HUMAN_CURATED","HUMAN_CURATED","N/A",0,0,1,"Historical"
"q-hy-sci-0003","HUMAN_CURATED","TIER_4_HUMAN_CURATED","HUMAN_CURATED","N/A",0,0,1,"Historical"
"q-hy-sci-0004","HUMAN_CURATED","TIER_4_HUMAN_CURATED","HUMAN_CURATED","N/A",0,0,1,"Historical"
"q-hy-sci-0005","HUMAN_CURATED","TIER_4_HUMAN_CURATED","HUMAN_CURATED","N/A",0,0,1,"Historical"
"q-hy-sci-0006","HUMAN_CURATED","TIER_4_HUMAN_CURATED","HUMAN_CURATED","N/A",0,0,1,"Historical"
"q-hy-sci-0007","HUMAN_CURATED","TIER_4_HUMAN_CURATED","HUMAN_CURATED","N/A",0,0,1,"Historical"
"q-hy-sci-0008","HUMAN_CURATED","TIER_4_HUMAN_CURATED","HUMAN_CURATED","N/A",0,0,1,"Historical"
"q-hy-sci-0009","HUMAN_CURATED","TIER_4_HUMAN_CURATED","HUMAN_CURATED","N/A",0,0,1,"Historical"
"q-hy-sci-0010","HUMAN_CURATED","TIER_4_HUMAN_CURATED","HUMAN_CURATED","N/A",0,0,1,"Historical"
"q-hy-sci-0011","HUMAN_CURATED","TIER_4_HUMAN_CURATED","HUMAN_CURATED","N/A",0,0,1,"Historical"
"q-hy-sci-0012","HUMAN_CURATED","TIER_4_HUMAN_CURATED","HUMAN_CURATED","N/A",0,0,1,"Historical"
"q-hy-sci-0013","HUMAN_CURATED","TIER_4_HUMAN_CURATED","HUMAN_CURATED","N/A",0,0,1,"Historical"
"q-hy-sci-0014","HUMAN_CURATED","TIER_4_HUMAN_CURATED","HUMAN_CURATED","N/A",0,0,1,"Historical"
"q-hy-sci-0015","HUMAN_CURATED","TIER_4_HUMAN_CURATED","HUMAN_CURATED","N/A",0,0,1,"Historical"
"q-hy-sci-0016","HUMAN_CURATED","TIER_4_HUMAN_CURATED","HUMAN_CURATED","N/A",0,0,1,"Historical"
"q-hy-sci-0017","HUMAN_CURATED","TIER_4_HUMAN_CURATED","HUMAN_CURATED","N/A",0,0,1,"Historical"
"q-hy-sci-0018","HUMAN_CURATED","TIER_4_HUMAN_CURATED","HUMAN_CURATED","N/A",0,0,1,"Historical"
"q-hy-sci-0019","HUMAN_CURATED","TIER_4_HUMAN_CURATED","HUMAN_CURATED","N/A",0,0,1,"Historical"
"q-hy-sci-0020","HUMAN_CURATED","TIER_4_HUMAN_CURATED","HUMAN_CURATED","N/A",0,0,1,"Historical"
"q-hy-sci-0021","HUMAN_CURATED","TIER_4_HUMAN_CURATED","HUMAN_CURATED","N/A",0,0,1,"Historical"
"q-hy-sci-0022","HUMAN_CURATED","TIER_4_HUMAN_CURATED","HUMAN_CURATED","N/A",0,0,1,"Historical"
"q-hy-sci-0023","HUMAN_CURATED","TIER_4_HUMAN_CURATED","HUMAN_CURATED","N/A",0,0,1,"Historical"
"q-hy-sci-0024","HUMAN_CURATED","TIER_4_HUMAN_CURATED","HUMAN_CURATED","N/A",0,0,1,"Historical"
"q-hy-sci-0025","HUMAN_CURATED","TIER_4_HUMAN_CURATED","HUMAN_CURATED","N/A",0,0,1,"Historical"
"q-hy-sci-0026","HUMAN_CURATED","TIER_4_HUMAN_CURATED","HUMAN_CURATED","N/A",0,0,1,"Historical"
"q-hy-sci-0027","HUMAN_CURATED","TIER_4_HUMAN_CURATED","HUMAN_CURATED","N/A",0,0,1,"Historical"
"q-hy-sci-0028","HUMAN_CURATED","TIER_4_HUMAN_CURATED","HUMAN_CURATED","N/A",0,0,1,"Historical"
"q-hy-sci-0029","HUMAN_CURATED","TIER_4_HUMAN_CURATED","HUMAN_CURATED","N/A",0,0,1,"Historical"
"q-hy-sci-0030","HUMAN_CURATED","TIER_4_HUMAN_CURATED","HUMAN_CURATED","N/A",0,0,1,"Historical"
"q-hy-sci-0031","HUMAN_CURATED","TIER_4_HUMAN_CURATED","HUMAN_CURATED","N/A",0,0,1,"Historical"
"q-hy-sci-0032","HUMAN_CURATED","TIER_4_HUMAN_CURATED","HUMAN_CURATED","N/A",0,0,1,"Historical"
"q-hy-sci-0033","HUMAN_CURATED","TIER_4_HUMAN_CURATED","HUMAN_CURATED","N/A",0,0,1,"Historical"
"q-hy-sci-0034","HUMAN_CURATED","TIER_4_HUMAN_CURATED","HUMAN_CURATED","N/A",0,0,1,"Historical"
"q-hy-sci-0035","HUMAN_CURATED","TIER_4_HUMAN_CURATED","HUMAN_CURATED","N/A",0,0,1,"Historical"
"q-hy-sci-0036","HUMAN_CURATED","TIER_4_HUMAN_CURATED","HUMAN_CURATED","N/A",0,0,1,"Historical"
"q-hy-sci-0037","HUMAN_CURATED","TIER_4_HUMAN_CURATED","HUMAN_CURATED","N/A",0,0,1,"Historical"
"q-hy-sci-0038","HUMAN_CURATED","TIER_4_HUMAN_CURATED","HUMAN_CURATED","N/A",0,0,1,"Historical"
"q-hy-sci-0039","HUMAN_CURATED","TIER_4_HUMAN_CURATED","HUMAN_CURATED","N/A",0,0,1,"Historical"
"q-hy-sci-0040","HUMAN_CURATED","TIER_4_HUMAN_CURATED","HUMAN_CURATED","N/A",0,0,1,"Historical"
"q-hy-sci-0041","HUMAN_CURATED","TIER_4_HUMAN_CURATED","HUMAN_CURATED","N/A",0,0,1,"Historical"
"q-hy-sci-0042","HUMAN_CURATED","TIER_4_HUMAN_CURATED","HUMAN_CURATED","N/A",0,0,1,"Historical"
"q-hy-sci-0043","HUMAN_CURATED","TIER_4_HUMAN_CURATED","HUMAN_CURATED","N/A",0,0,1,"Historical"
"q-hy-sci-0044","HUMAN_CURATED","TIER_4_HUMAN_CURATED","HUMAN_CURATED","N/A",0,0,1,"Historical"
"q-hy-sci-0045","HUMAN_CURATED","TIER_4_HUMAN_CURATED","HUMAN_CURATED","N/A",0,0,1,"Historical"
"q-hy-sci-0046","HUMAN_CURATED","TIER_4_HUMAN_CURATED","HUMAN_CURATED","N/A",0,0,1,"Historical"
"q-hy-sci-0047","HUMAN_CURATED","TIER_4_HUMAN_CURATED","HUMAN_CURATED","N/A",0,0,1,"Historical"
"q-hy-sci-0048","HUMAN_CURATED","TIER_4_HUMAN_CURATED","HUMAN_CURATED","N/A",0,0,1,"Historical"
"q-hy-sci-0049","HUMAN_CURATED","TIER_4_HUMAN_CURATED","HUMAN_CURATED","N/A",0,0,1,"Historical"
"q-hy-sci-0050","HUMAN_CURATED","TIER_4_HUMAN_CURATED","HUMAN_CURATED","N/A",0,0,1,"Historical"
"q-hy-sci-0051","HUMAN_CURATED","TIER_4_HUMAN_CURATED","HUMAN_CURATED","N/A",0,0,1,"Historical"
"q-hy-sci-0052","HUMAN_CURATED","TIER_4_HUMAN_CURATED","HUMAN_CURATED","N/A",0,0,1,"Historical"
"q-hy-sci-0053","HUMAN_CURATED","TIER_4_HUMAN_CURATED","HUMAN_CURATED","N/A",0,0,1,"Historical"
"q-hy-sci-0054","HUMAN_CURATED","TIER_4_HUMAN_CURATED","HUMAN_CURATED","N/A",0,0,1,"Historical"
"q-hy-sci-0055","HUMAN_CURATED","TIER_4_HUMAN_CURATED","HUMAN_CURATED","N/A",0,0,1,"Historical"
"q-hy-sci-0056","HUMAN_CURATED","TIER_4_HUMAN_CURATED","HUMAN_CURATED","N/A",0,0,1,"Historical"
"q-hy-sci-0057","HUMAN_CURATED","TIER_4_HUMAN_CURATED","HUMAN_CURATED","N/A",0,0,1,"Historical"
"q-hy-sci-0058","HUMAN_CURATED","TIER_4_HUMAN_CURATED","HUMAN_CURATED","N/A",0,0,1,"Historical"
"q-hy-sci-0059","HUMAN_CURATED","TIER_4_HUMAN_CURATED","HUMAN_CURATED","N/A",0,0,1,"Historical"
"q-hy-sci-0060","HUMAN_CURATED","TIER_4_HUMAN_CURATED","HUMAN_CURATED","N/A",0,0,1,"Historical"
"q-hy-sci-0061","HUMAN_CURATED","TIER_4_HUMAN_CURATED","HUMAN_CURATED","N/A",0,0,1,"Historical"
"q-hy-sci-0062","HUMAN_CURATED","TIER_4_HUMAN_CURATED","HUMAN_CURATED","N/A",0,0,1,"Historical"
"q-hy-sci-0063","HUMAN_CURATED","TIER_4_HUMAN_CURATED","HUMAN_CURATED","N/A",0,0,1,"Historical"
"q-hy-sci-0064","HUMAN_CURATED","TIER_4_HUMAN_CURATED","HUMAN_CURATED","N/A",0,0,1,"Historical"
"q-hy-sci-0065","HUMAN_CURATED","TIER_4_HUMAN_CURATED","HUMAN_CURATED","N/A",0,0,1,"Historical"
"q-hy-sci-0066","HUMAN_CURATED","TIER_4_HUMAN_CURATED","HUMAN_CURATED","N/A",0,0,1,"Historical"
"q-hy-sci-0067","HUMAN_CURATED","TIER_4_HUMAN_CURATED","HUMAN_CURATED","N/A",0,0,1,"Historical"
"q-hy-sci-0068","HUMAN_CURATED","TIER_4_HUMAN_CURATED","HUMAN_CURATED","N/A",0,0,1,"Historical"
"q-hy-sci-0069","HUMAN_CURATED","TIER_4_HUMAN_CURATED","HUMAN_CURATED","N/A",0,0,1,"Historical"
"q-hy-sci-0070","HUMAN_CURATED","TIER_4_HUMAN_CURATED","HUMAN_CURATED","N/A",0,0,1,"Historical"
"q-hy-sci-0071","HUMAN_CURATED","TIER_4_HUMAN_CURATED","HUMAN_CURATED","N/A",0,0,1,"Historical"
"q-hy-sci-0072","HUMAN_CURATED","TIER_4_HUMAN_CURATED","HUMAN_CURATED","N/A",0,0,1,"Historical"
"q-hy-sci-0073","HUMAN_CURATED","TIER_4_HUMAN_CURATED","HUMAN_CURATED","N/A",0,0,1,"Historical"
"q-hy-sci-0074","HUMAN_CURATED","TIER_4_HUMAN_CURATED","HUMAN_CURATED","N/A",0,0,1,"Historical"
"q-hy-sci-0075","HUMAN_CURATED","TIER_4_HUMAN_CURATED","HUMAN_CURATED","N/A",0,0,1,"Historical"
"q-hy-sci-0076","HUMAN_CURATED","TIER_4_HUMAN_CURATED","HUMAN_CURATED","N/A",0,0,1,"Historical"
"q-hy-sci-0077","HUMAN_CURATED","TIER_4_HUMAN_CURATED","HUMAN_CURATED","N/A",0,0,1,"Historical"
"q-hy-sci-0078","HUMAN_CURATED","TIER_4_HUMAN_CURATED","HUMAN_CURATED","N/A",0,0,1,"Historical"
"q-hy-sci-0079","HUMAN_CURATED","TIER_4_HUMAN_CURATED","HUMAN_CURATED","N/A",0,0,1,"Historical"
"q-hy-sci-0080","HUMAN_CURATED","TIER_4_HUMAN_CURATED","HUMAN_CURATED","N/A",0,0,1,"Historical"
"q-hy-sci-0081","HUMAN_CURATED","TIER_4_HUMAN_CURATED","HUMAN_CURATED","N/A",0,0,1,"Historical"
"q-hy-sci-0082","HUMAN_CURATED","TIER_4_HUMAN_CURATED","HUMAN_CURATED","N/A",0,0,1,"Historical"
"q-hy-sci-0083","HUMAN_CURATED","TIER_4_HUMAN_CURATED","HUMAN_CURATED","N/A",0,0,1,"Historical"
"q-hy-sci-0084","HUMAN_CURATED","TIER_4_HUMAN_CURATED","HUMAN_CURATED","N/A",0,0,1,"Historical"
"q-hy-sci-0085","HUMAN_CURATED","TIER_4_HUMAN_CURATED","HUMAN_CURATED","N/A",0,0,1,"Historical"
"q-hy-soc-0001","HUMAN_CURATED","TIER_4_HUMAN_CURATED","HUMAN_CURATED","N/A",0,0,1,"Historical"
"q-hy-soc-0002","HUMAN_CURATED","TIER_4_HUMAN_CURATED","HUMAN_CURATED","N/A",0,0,1,"Historical"
"q-hy-soc-0003","HUMAN_CURATED","TIER_4_HUMAN_CURATED","HUMAN_CURATED","N/A",0,0,1,"Historical"
"q-hy-soc-0004","HUMAN_CURATED","TIER_4_HUMAN_CURATED","HUMAN_CURATED","N/A",0,0,1,"Historical"
"q-hy-soc-0005","HUMAN_CURATED","TIER_4_HUMAN_CURATED","HUMAN_CURATED","N/A",0,0,1,"Historical"
"q-hy-soc-0006","HUMAN_CURATED","TIER_4_HUMAN_CURATED","HUMAN_CURATED","N/A",0,0,1,"Historical"
"q-hy-soc-0007","HUMAN_CURATED","TIER_4_HUMAN_CURATED","HUMAN_CURATED","N/A",0,0,1,"Historical"
"q-hy-soc-0008","HUMAN_CURATED","TIER_4_HUMAN_CURATED","HUMAN_CURATED","N/A",0,0,1,"Historical"
"q-hy-soc-0009","HUMAN_CURATED","TIER_4_HUMAN_CURATED","HUMAN_CURATED","N/A",0,0,1,"Historical"
"q-hy-soc-0010","HUMAN_CURATED","TIER_4_HUMAN_CURATED","HUMAN_CURATED","N/A",0,0,1,"Historical"
"q-hy-soc-0011","HUMAN_CURATED","TIER_4_HUMAN_CURATED","HUMAN_CURATED","N/A",0,0,1,"Historical"
"q-hy-soc-0012","HUMAN_CURATED","TIER_4_HUMAN_CURATED","HUMAN_CURATED","N/A",0,0,1,"Historical"
"q-hy-soc-0013","HUMAN_CURATED","TIER_4_HUMAN_CURATED","HUMAN_CURATED","N/A",0,0,1,"Historical"
"q-hy-soc-0014","HUMAN_CURATED","TIER_4_HUMAN_CURATED","HUMAN_CURATED","N/A",0,0,1,"Historical"
"q-hy-soc-0015","HUMAN_CURATED","TIER_4_HUMAN_CURATED","HUMAN_CURATED","N/A",0,0,1,"Historical"
"q-hy-soc-0016","HUMAN_CURATED","TIER_4_HUMAN_CURATED","HUMAN_CURATED","N/A",0,0,1,"Historical"
"q-hy-soc-0017","HUMAN_CURATED","TIER_4_HUMAN_CURATED","HUMAN_CURATED","N/A",0,0,1,"Historical"
"q-hy-soc-0018","HUMAN_CURATED","TIER_4_HUMAN_CURATED","HUMAN_CURATED","N/A",0,0,1,"Historical"
"q-hy-soc-0019","HUMAN_CURATED","TIER_4_HUMAN_CURATED","HUMAN_CURATED","N/A",0,0,1,"Historical"
"q-hy-soc-0020","HUMAN_CURATED","TIER_4_HUMAN_CURATED","HUMAN_CURATED","N/A",0,0,1,"Historical"
"q-hy-soc-0021","HUMAN_CURATED","TIER_4_HUMAN_CURATED","HUMAN_CURATED","N/A",0,0,1,"Historical"
"q-hy-soc-0022","HUMAN_CURATED","TIER_4_HUMAN_CURATED","HUMAN_CURATED","N/A",0,0,1,"Historical"
"q-hy-soc-0023","HUMAN_CURATED","TIER_4_HUMAN_CURATED","HUMAN_CURATED","N/A",0,0,1,"Historical"
"q-hy-soc-0024","HUMAN_CURATED","TIER_4_HUMAN_CURATED","HUMAN_CURATED","N/A",0,0,1,"Historical"
"q-hy-soc-0025","HUMAN_CURATED","TIER_4_HUMAN_CURATED","HUMAN_CURATED","N/A",0,0,1,"Historical"
"q-hy-soc-0026","HUMAN_CURATED","TIER_4_HUMAN_CURATED","HUMAN_CURATED","N/A",0,0,1,"Historical"
"q-hy-soc-0027","HUMAN_CURATED","TIER_4_HUMAN_CURATED","HUMAN_CURATED","N/A",0,0,1,"Historical"
"q-hy-soc-0028","HUMAN_CURATED","TIER_4_HUMAN_CURATED","HUMAN_CURATED","N/A",0,0,1,"Historical"
"q-hy-soc-0029","HUMAN_CURATED","TIER_4_HUMAN_CURATED","HUMAN_CURATED","N/A",0,0,1,"Historical"
"q-hy-soc-0030","HUMAN_CURATED","TIER_4_HUMAN_CURATED","HUMAN_CURATED","N/A",0,0,1,"Historical"
"q-hy-soc-0031","HUMAN_CURATED","TIER_4_HUMAN_CURATED","HUMAN_CURATED","N/A",0,0,1,"Historical"
"q-hy-soc-0032","HUMAN_CURATED","TIER_4_HUMAN_CURATED","HUMAN_CURATED","N/A",0,0,1,"Historical"
"q-hy-soc-0033","HUMAN_CURATED","TIER_4_HUMAN_CURATED","HUMAN_CURATED","N/A",0,0,1,"Historical"
"q-hy-soc-0034","HUMAN_CURATED","TIER_4_HUMAN_CURATED","HUMAN_CURATED","N/A",0,0,1,"Historical"
"q-hy-soc-0035","HUMAN_CURATED","TIER_4_HUMAN_CURATED","HUMAN_CURATED","N/A",0,0,1,"Historical"
"q-hy-soc-0036","HUMAN_CURATED","TIER_4_HUMAN_CURATED","HUMAN_CURATED","N/A",0,0,1,"Historical"
"q-hy-soc-0037","HUMAN_CURATED","TIER_4_HUMAN_CURATED","HUMAN_CURATED","N/A",0,0,1,"Historical"
"q-hy-soc-0038","HUMAN_CURATED","TIER_4_HUMAN_CURATED","HUMAN_CURATED","N/A",0,0,1,"Historical"
"q-hy-soc-0039","HUMAN_CURATED","TIER_4_HUMAN_CURATED","HUMAN_CURATED","N/A",0,0,1,"Historical"
"q-hy-soc-0040","HUMAN_CURATED","TIER_4_HUMAN_CURATED","HUMAN_CURATED","N/A",0,0,1,"Historical"
"q-hy-soc-0041","HUMAN_CURATED","TIER_4_HUMAN_CURATED","HUMAN_CURATED","N/A",0,0,1,"Historical"
"q-hy-soc-0042","HUMAN_CURATED","TIER_4_HUMAN_CURATED","HUMAN_CURATED","N/A",0,0,1,"Historical"
"q-hy-soc-0043","HUMAN_CURATED","TIER_4_HUMAN_CURATED","HUMAN_CURATED","N/A",0,0,1,"Historical"
"q-hy-soc-0044","HUMAN_CURATED","TIER_4_HUMAN_CURATED","HUMAN_CURATED","N/A",0,0,1,"Historical"
"q-hy-soc-0045","HUMAN_CURATED","TIER_4_HUMAN_CURATED","HUMAN_CURATED","N/A",0,0,1,"Historical"
"q-hy-soc-0046","HUMAN_CURATED","TIER_4_HUMAN_CURATED","HUMAN_CURATED","N/A",0,0,1,"Historical"
"q-hy-soc-0047","HUMAN_CURATED","TIER_4_HUMAN_CURATED","HUMAN_CURATED","N/A",0,0,1,"Historical"
"q-hy-soc-0048","HUMAN_CURATED","TIER_4_HUMAN_CURATED","HUMAN_CURATED","N/A",0,0,1,"Historical"
"q-hy-soc-0049","HUMAN_CURATED","TIER_4_HUMAN_CURATED","HUMAN_CURATED","N/A",0,0,1,"Historical"
"q-hy-soc-0050","HUMAN_CURATED","TIER_4_HUMAN_CURATED","HUMAN_CURATED","N/A",0,0,1,"Historical"
"q-hy-soc-0051","HUMAN_CURATED","TIER_4_HUMAN_CURATED","HUMAN_CURATED","N/A",0,0,1,"Historical"
"q-hy-soc-0052","HUMAN_CURATED","TIER_4_HUMAN_CURATED","HUMAN_CURATED","N/A",0,0,1,"Historical"
"q-hy-soc-0053","HUMAN_CURATED","TIER_4_HUMAN_CURATED","HUMAN_CURATED","N/A",0,0,1,"Historical"
"q-hy-soc-0054","HUMAN_CURATED","TIER_4_HUMAN_CURATED","HUMAN_CURATED","N/A",0,0,1,"Historical"
"q-hy-soc-0055","HUMAN_CURATED","TIER_4_HUMAN_CURATED","HUMAN_CURATED","N/A",0,0,1,"Historical"
"q-hy-soc-0056","HUMAN_CURATED","TIER_4_HUMAN_CURATED","HUMAN_CURATED","N/A",0,0,1,"Historical"
"q-hy-soc-0057","HUMAN_CURATED","TIER_4_HUMAN_CURATED","HUMAN_CURATED","N/A",0,0,1,"Historical"
"q-hy-soc-0058","HUMAN_CURATED","TIER_4_HUMAN_CURATED","HUMAN_CURATED","N/A",0,0,1,"Historical"
"q-hy-soc-0059","HUMAN_CURATED","TIER_4_HUMAN_CURATED","HUMAN_CURATED","N/A",0,0,1,"Historical"
"q-hy-soc-0060","HUMAN_CURATED","TIER_4_HUMAN_CURATED","HUMAN_CURATED","N/A",0,0,1,"Historical"
"q-hy-soc-0061","HUMAN_CURATED","TIER_4_HUMAN_CURATED","HUMAN_CURATED","N/A",0,0,1,"Historical"
"q-hy-soc-0062","HUMAN_CURATED","TIER_4_HUMAN_CURATED","HUMAN_CURATED","N/A",0,0,1,"Historical"
"q-hy-soc-0063","HUMAN_CURATED","TIER_4_HUMAN_CURATED","HUMAN_CURATED","N/A",0,0,1,"Historical"
"q-hy-soc-0064","HUMAN_CURATED","TIER_4_HUMAN_CURATED","HUMAN_CURATED","N/A",0,0,1,"Historical"
"q-hy-soc-0065","HUMAN_CURATED","TIER_4_HUMAN_CURATED","HUMAN_CURATED","N/A",0,0,1,"Historical"
"q-hy-soc-0066","HUMAN_CURATED","TIER_4_HUMAN_CURATED","HUMAN_CURATED","N/A",0,0,1,"Historical"
"q-hy-soc-0067","HUMAN_CURATED","TIER_4_HUMAN_CURATED","HUMAN_CURATED","N/A",0,0,1,"Historical"
"q-hy-soc-0068","HUMAN_CURATED","TIER_4_HUMAN_CURATED","HUMAN_CURATED","N/A",0,0,1,"Historical"
"q-hy-soc-0069","HUMAN_CURATED","TIER_4_HUMAN_CURATED","HUMAN_CURATED","N/A",0,0,1,"Historical"
"q-hy-soc-0070","HUMAN_CURATED","TIER_4_HUMAN_CURATED","HUMAN_CURATED","N/A",0,0,1,"Historical"
"q-hy-soc-0071","HUMAN_CURATED","TIER_4_HUMAN_CURATED","HUMAN_CURATED","N/A",0,0,1,"Historical"
"q-hy-soc-0072","HUMAN_CURATED","TIER_4_HUMAN_CURATED","HUMAN_CURATED","N/A",0,0,1,"Historical"
"q-hy-soc-0073","HUMAN_CURATED","TIER_4_HUMAN_CURATED","HUMAN_CURATED","N/A",0,0,1,"Historical"
"q-hy-soc-0074","HUMAN_CURATED","TIER_4_HUMAN_CURATED","HUMAN_CURATED","N/A",0,0,1,"Historical"
"q-hy-soc-0075","HUMAN_CURATED","TIER_4_HUMAN_CURATED","HUMAN_CURATED","N/A",0,0,1,"Historical"
"q-hy-soc-0076","HUMAN_CURATED","TIER_4_HUMAN_CURATED","HUMAN_CURATED","N/A",0,0,1,"Historical"
"q-hy-soc-0077","HUMAN_CURATED","TIER_4_HUMAN_CURATED","HUMAN_CURATED","N/A",0,0,1,"Historical"
"q-hy-soc-0078","HUMAN_CURATED","TIER_4_HUMAN_CURATED","HUMAN_CURATED","N/A",0,0,1,"Historical"
"q-hy-soc-0079","HUMAN_CURATED","TIER_4_HUMAN_CURATED","HUMAN_CURATED","N/A",0,0,1,"Historical"
"q-hy-soc-0080","HUMAN_CURATED","TIER_4_HUMAN_CURATED","HUMAN_CURATED","N/A",0,0,1,"Historical"
"q-hy-soc-0081","HUMAN_CURATED","TIER_4_HUMAN_CURATED","HUMAN_CURATED","N/A",0,0,1,"Historical"
"q-hy-soc-0082","HUMAN_CURATED","TIER_4_HUMAN_CURATED","HUMAN_CURATED","N/A",0,0,1,"Historical"
"q-hy-soc-0083","HUMAN_CURATED","TIER_4_HUMAN_CURATED","HUMAN_CURATED","N/A",0,0,1,"Historical"
"q-hy-soc-0084","HUMAN_CURATED","TIER_4_HUMAN_CURATED","HUMAN_CURATED","N/A",0,0,1,"Historical"
"q-hy-soc-0085","HUMAN_CURATED","TIER_4_HUMAN_CURATED","HUMAN_CURATED","N/A",0,0,1,"Historical"
"q-hy-en-0001","HUMAN_CURATED","TIER_4_HUMAN_CURATED","HUMAN_CURATED","N/A",0,0,1,"Historical"
"q-hy-en-0002","HUMAN_CURATED","TIER_4_HUMAN_CURATED","HUMAN_CURATED","N/A",0,0,1,"Historical"
"q-hy-en-0003","HUMAN_CURATED","TIER_4_HUMAN_CURATED","HUMAN_CURATED","N/A",0,0,1,"Historical"
"q-hy-en-0004","HUMAN_CURATED","TIER_4_HUMAN_CURATED","HUMAN_CURATED","N/A",0,0,1,"Historical"
"q-hy-en-0005","HUMAN_CURATED","TIER_4_HUMAN_CURATED","HUMAN_CURATED","N/A",0,0,1,"Historical"
"q-hy-en-0006","HUMAN_CURATED","TIER_4_HUMAN_CURATED","HUMAN_CURATED","N/A",0,0,1,"Historical"
"q-hy-en-0007","HUMAN_CURATED","TIER_4_HUMAN_CURATED","HUMAN_CURATED","N/A",0,0,1,"Historical"
"q-hy-en-0008","HUMAN_CURATED","TIER_4_HUMAN_CURATED","HUMAN_CURATED","N/A",0,0,1,"Historical"
"q-hy-en-0009","HUMAN_CURATED","TIER_4_HUMAN_CURATED","HUMAN_CURATED","N/A",0,0,1,"Historical"
"q-hy-en-0010","HUMAN_CURATED","TIER_4_HUMAN_CURATED","HUMAN_CURATED","N/A",0,0,1,"Historical"
"q-hy-en-0011","HUMAN_CURATED","TIER_4_HUMAN_CURATED","HUMAN_CURATED","N/A",0,0,1,"Historical"
"q-hy-en-0012","HUMAN_CURATED","TIER_4_HUMAN_CURATED","HUMAN_CURATED","N/A",0,0,1,"Historical"
"q-hy-en-0013","HUMAN_CURATED","TIER_4_HUMAN_CURATED","HUMAN_CURATED","N/A",0,0,1,"Historical"
"q-hy-en-0014","HUMAN_CURATED","TIER_4_HUMAN_CURATED","HUMAN_CURATED","N/A",0,0,1,"Historical"
"q-hy-en-0015","HUMAN_CURATED","TIER_4_HUMAN_CURATED","HUMAN_CURATED","N/A",0,0,1,"Historical"
"q-hy-en-0016","HUMAN_CURATED","TIER_4_HUMAN_CURATED","HUMAN_CURATED","N/A",0,0,1,"Historical"
"q-hy-en-0017","HUMAN_CURATED","TIER_4_HUMAN_CURATED","HUMAN_CURATED","N/A",0,0,1,"Historical"
"q-hy-en-0018","HUMAN_CURATED","TIER_4_HUMAN_CURATED","HUMAN_CURATED","N/A",0,0,1,"Historical"
"q-hy-en-0019","HUMAN_CURATED","TIER_4_HUMAN_CURATED","HUMAN_CURATED","N/A",0,0,1,"Historical"
"q-hy-en-0020","HUMAN_CURATED","TIER_4_HUMAN_CURATED","HUMAN_CURATED","N/A",0,0,1,"Historical"
"q-hy-en-0021","HUMAN_CURATED","TIER_4_HUMAN_CURATED","HUMAN_CURATED","N/A",0,0,1,"Historical"
"q-hy-en-0022","HUMAN_CURATED","TIER_4_HUMAN_CURATED","HUMAN_CURATED","N/A",0,0,1,"Historical"
"q-hy-en-0023","HUMAN_CURATED","TIER_4_HUMAN_CURATED","HUMAN_CURATED","N/A",0,0,1,"Historical"
"q-hy-en-0024","HUMAN_CURATED","TIER_4_HUMAN_CURATED","HUMAN_CURATED","N/A",0,0,1,"Historical"
"q-hy-en-0025","HUMAN_CURATED","TIER_4_HUMAN_CURATED","HUMAN_CURATED","N/A",0,0,1,"Historical"
"q-hy-en-0026","HUMAN_CURATED","TIER_4_HUMAN_CURATED","HUMAN_CURATED","N/A",0,0,1,"Historical"
"q-hy-en-0027","HUMAN_CURATED","TIER_4_HUMAN_CURATED","HUMAN_CURATED","N/A",0,0,1,"Historical"
"q-hy-en-0028","HUMAN_CURATED","TIER_4_HUMAN_CURATED","HUMAN_CURATED","N/A",0,0,1,"Historical"
"q-hy-en-0029","HUMAN_CURATED","TIER_4_HUMAN_CURATED","HUMAN_CURATED","N/A",0,0,1,"Historical"
"q-hy-en-0030","HUMAN_CURATED","TIER_4_HUMAN_CURATED","HUMAN_CURATED","N/A",0,0,1,"Historical"
"q-hy-en-0031","HUMAN_CURATED","TIER_4_HUMAN_CURATED","HUMAN_CURATED","N/A",0,0,1,"Historical"
"q-hy-en-0032","HUMAN_CURATED","TIER_4_HUMAN_CURATED","HUMAN_CURATED","N/A",0,0,1,"Historical"
"q-hy-en-0033","HUMAN_CURATED","TIER_4_HUMAN_CURATED","HUMAN_CURATED","N/A",0,0,1,"Historical"
"q-hy-en-0034","HUMAN_CURATED","TIER_4_HUMAN_CURATED","HUMAN_CURATED","N/A",0,0,1,"Historical"
"q-hy-en-0035","HUMAN_CURATED","TIER_4_HUMAN_CURATED","HUMAN_CURATED","N/A",0,0,1,"Historical"
"q-hy-en-0036","HUMAN_CURATED","TIER_4_HUMAN_CURATED","HUMAN_CURATED","N/A",0,0,1,"Historical"
"q-hy-en-0037","HUMAN_CURATED","TIER_4_HUMAN_CURATED","HUMAN_CURATED","N/A",0,0,1,"Historical"
"q-hy-en-0038","HUMAN_CURATED","TIER_4_HUMAN_CURATED","HUMAN_CURATED","N/A",0,0,1,"Historical"
"q-hy-en-0039","HUMAN_CURATED","TIER_4_HUMAN_CURATED","HUMAN_CURATED","N/A",0,0,1,"Historical"
"q-hy-en-0040","HUMAN_CURATED","TIER_4_HUMAN_CURATED","HUMAN_CURATED","N/A",0,0,1,"Historical"
"q-hy-en-0041","HUMAN_CURATED","TIER_4_HUMAN_CURATED","HUMAN_CURATED","N/A",0,0,1,"Historical"
"q-hy-en-0042","HUMAN_CURATED","TIER_4_HUMAN_CURATED","HUMAN_CURATED","N/A",0,0,1,"Historical"
"q-hy-en-0043","HUMAN_CURATED","TIER_4_HUMAN_CURATED","HUMAN_CURATED","N/A",0,0,1,"Historical"
"q-hy-en-0044","HUMAN_CURATED","TIER_4_HUMAN_CURATED","HUMAN_CURATED","N/A",0,0,1,"Historical"
"q-hy-en-0045","HUMAN_CURATED","TIER_4_HUMAN_CURATED","HUMAN_CURATED","N/A",0,0,1,"Historical"
"q-hy-en-0046","HUMAN_CURATED","TIER_4_HUMAN_CURATED","HUMAN_CURATED","N/A",0,0,1,"Historical"
"q-hy-en-0047","HUMAN_CURATED","TIER_4_HUMAN_CURATED","HUMAN_CURATED","N/A",0,0,1,"Historical"
"q-hy-en-0048","HUMAN_CURATED","TIER_4_HUMAN_CURATED","HUMAN_CURATED","N/A",0,0,1,"Historical"
"q-hy-en-0049","HUMAN_CURATED","TIER_4_HUMAN_CURATED","HUMAN_CURATED","N/A",0,0,1,"Historical"
"q-hy-en-0050","HUMAN_CURATED","TIER_4_HUMAN_CURATED","HUMAN_CURATED","N/A",0,0,1,"Historical"
"q-hy-en-0051","HUMAN_CURATED","TIER_4_HUMAN_CURATED","HUMAN_CURATED","N/A",0,0,1,"Historical"
"q-hy-en-0052","HUMAN_CURATED","TIER_4_HUMAN_CURATED","HUMAN_CURATED","N/A",0,0,1,"Historical"
"q-hy-en-0053","HUMAN_CURATED","TIER_4_HUMAN_CURATED","HUMAN_CURATED","N/A",0,0,1,"Historical"
"q-hy-en-0054","HUMAN_CURATED","TIER_4_HUMAN_CURATED","HUMAN_CURATED","N/A",0,0,1,"Historical"
"q-hy-en-0055","HUMAN_CURATED","TIER_4_HUMAN_CURATED","HUMAN_CURATED","N/A",0,0,1,"Historical"
"q-hy-en-0056","HUMAN_CURATED","TIER_4_HUMAN_CURATED","HUMAN_CURATED","N/A",0,0,1,"Historical"
"q-hy-en-0057","HUMAN_CURATED","TIER_4_HUMAN_CURATED","HUMAN_CURATED","N/A",0,0,1,"Historical"
"q-hy-en-0058","HUMAN_CURATED","TIER_4_HUMAN_CURATED","HUMAN_CURATED","N/A",0,0,1,"Historical"
"q-hy-en-0059","HUMAN_CURATED","TIER_4_HUMAN_CURATED","HUMAN_CURATED","N/A",0,0,1,"Historical"
"q-hy-en-0060","HUMAN_CURATED","TIER_4_HUMAN_CURATED","HUMAN_CURATED","N/A",0,0,1,"Historical"
"q-hy-en-0061","HUMAN_CURATED","TIER_4_HUMAN_CURATED","HUMAN_CURATED","N/A",0,0,1,"Historical"
"q-hy-en-0062","HUMAN_CURATED","TIER_4_HUMAN_CURATED","HUMAN_CURATED","N/A",0,0,1,"Historical"
"q-hy-en-0063","HUMAN_CURATED","TIER_4_HUMAN_CURATED","HUMAN_CURATED","N/A",0,0,1,"Historical"
"q-hy-en-0064","HUMAN_CURATED","TIER_4_HUMAN_CURATED","HUMAN_CURATED","N/A",0,0,1,"Historical"
"q-hy-en-0065","HUMAN_CURATED","TIER_4_HUMAN_CURATED","HUMAN_CURATED","N/A",0,0,1,"Historical"
"q-hy-en-0066","HUMAN_CURATED","TIER_4_HUMAN_CURATED","HUMAN_CURATED","N/A",0,0,1,"Historical"
"q-hy-en-0067","HUMAN_CURATED","TIER_4_HUMAN_CURATED","HUMAN_CURATED","N/A",0,0,1,"Historical"
"q-hy-en-0068","HUMAN_CURATED","TIER_4_HUMAN_CURATED","HUMAN_CURATED","N/A",0,0,1,"Historical"
"q-hy-en-0069","HUMAN_CURATED","TIER_4_HUMAN_CURATED","HUMAN_CURATED","N/A",0,0,1,"Historical"
"q-hy-en-0070","HUMAN_CURATED","TIER_4_HUMAN_CURATED","HUMAN_CURATED","N/A",0,0,1,"Historical"
"q-hy-en-0071","HUMAN_CURATED","TIER_4_HUMAN_CURATED","HUMAN_CURATED","N/A",0,0,1,"Historical"
"q-hy-en-0072","HUMAN_CURATED","TIER_4_HUMAN_CURATED","HUMAN_CURATED","N/A",0,0,1,"Historical"
"q-hy-en-0073","HUMAN_CURATED","TIER_4_HUMAN_CURATED","HUMAN_CURATED","N/A",0,0,1,"Historical"
"q-hy-en-0074","HUMAN_CURATED","TIER_4_HUMAN_CURATED","HUMAN_CURATED","N/A",0,0,1,"Historical"
"q-hy-en-0075","HUMAN_CURATED","TIER_4_HUMAN_CURATED","HUMAN_CURATED","N/A",0,0,1,"Historical"
"q-hy-en-0076","HUMAN_CURATED","TIER_4_HUMAN_CURATED","HUMAN_CURATED","N/A",0,0,1,"Historical"
"q-hy-en-0077","HUMAN_CURATED","TIER_4_HUMAN_CURATED","HUMAN_CURATED","N/A",0,0,1,"Historical"
"q-hy-en-0078","HUMAN_CURATED","TIER_4_HUMAN_CURATED","HUMAN_CURATED","N/A",0,0,1,"Historical"
"q-hy-en-0079","HUMAN_CURATED","TIER_4_HUMAN_CURATED","HUMAN_CURATED","N/A",0,0,1,"Historical"
"q-hy-en-0080","HUMAN_CURATED","TIER_4_HUMAN_CURATED","HUMAN_CURATED","N/A",0,0,1,"Historical"
"q-hy-en-0081","HUMAN_CURATED","TIER_4_HUMAN_CURATED","HUMAN_CURATED","N/A",0,0,1,"Historical"
"q-hy-en-0082","HUMAN_CURATED","TIER_4_HUMAN_CURATED","HUMAN_CURATED","N/A",0,0,1,"Historical"
"q-hy-en-0083","HUMAN_CURATED","TIER_4_HUMAN_CURATED","HUMAN_CURATED","N/A",0,0,1,"Historical"
"q-hy-en-0084","HUMAN_CURATED","TIER_4_HUMAN_CURATED","HUMAN_CURATED","N/A",0,0,1,"Historical"
"q-hy-en-0085","HUMAN_CURATED","TIER_4_HUMAN_CURATED","HUMAN_CURATED","N/A",0,0,1,"Historical"
"q-hy-sa-0001","HUMAN_CURATED","TIER_6_NEEDS_REVIEW","HUMAN_CURATED","N/A",0,0,1,"Historical"
"q-hy-sa-0002","HUMAN_CURATED","TIER_6_NEEDS_REVIEW","HUMAN_CURATED","N/A",0,0,1,"Historical"
"q-hy-sa-0003","HUMAN_CURATED","TIER_6_NEEDS_REVIEW","HUMAN_CURATED","N/A",0,0,1,"Historical"
"q-hy-sa-0004","HUMAN_CURATED","TIER_6_NEEDS_REVIEW","HUMAN_CURATED","N/A",0,0,1,"Historical"
"q-hy-sa-0005","HUMAN_CURATED","TIER_6_NEEDS_REVIEW","HUMAN_CURATED","N/A",0,0,1,"Historical"
"q-hy-sa-0006","HUMAN_CURATED","TIER_6_NEEDS_REVIEW","HUMAN_CURATED","N/A",0,0,1,"Historical"
"q-hy-sa-0007","HUMAN_CURATED","TIER_6_NEEDS_REVIEW","HUMAN_CURATED","N/A",0,0,1,"Historical"
"q-hy-sa-0008","HUMAN_CURATED","TIER_6_NEEDS_REVIEW","HUMAN_CURATED","N/A",0,0,1,"Historical"
"q-hy-sa-0009","HUMAN_CURATED","TIER_6_NEEDS_REVIEW","HUMAN_CURATED","N/A",0,0,1,"Historical"
"q-hy-sa-0010","HUMAN_CURATED","TIER_6_NEEDS_REVIEW","HUMAN_CURATED","N/A",0,0,1,"Historical"
"q-hy-sa-0011","HUMAN_CURATED","TIER_6_NEEDS_REVIEW","HUMAN_CURATED","N/A",0,0,1,"Historical"
"q-hy-sa-0012","HUMAN_CURATED","TIER_6_NEEDS_REVIEW","HUMAN_CURATED","N/A",0,0,1,"Historical"
"q-hy-sa-0013","HUMAN_CURATED","TIER_6_NEEDS_REVIEW","HUMAN_CURATED","N/A",0,0,1,"Historical"
"q-hy-sa-0014","HUMAN_CURATED","TIER_6_NEEDS_REVIEW","HUMAN_CURATED","N/A",0,0,1,"Historical"
"q-hy-sa-0015","HUMAN_CURATED","TIER_6_NEEDS_REVIEW","HUMAN_CURATED","N/A",0,0,1,"Historical"
"q-hy-sa-0016","HUMAN_CURATED","TIER_6_NEEDS_REVIEW","HUMAN_CURATED","N/A",0,0,1,"Historical"
"q-hy-sa-0017","HUMAN_CURATED","TIER_6_NEEDS_REVIEW","HUMAN_CURATED","N/A",0,0,1,"Historical"
"q-hy-sa-0018","HUMAN_CURATED","TIER_6_NEEDS_REVIEW","HUMAN_CURATED","N/A",0,0,1,"Historical"
"q-hy-sa-0019","HUMAN_CURATED","TIER_6_NEEDS_REVIEW","HUMAN_CURATED","N/A",0,0,1,"Historical"
"q-hy-sa-0020","HUMAN_CURATED","TIER_6_NEEDS_REVIEW","HUMAN_CURATED","N/A",0,0,1,"Historical"
"q-hy-sa-0021","HUMAN_CURATED","TIER_6_NEEDS_REVIEW","HUMAN_CURATED","N/A",0,0,1,"Historical"
"q-hy-sa-0022","HUMAN_CURATED","TIER_6_NEEDS_REVIEW","HUMAN_CURATED","N/A",0,0,1,"Historical"
"q-hy-sa-0023","HUMAN_CURATED","TIER_6_NEEDS_REVIEW","HUMAN_CURATED","N/A",0,0,1,"Historical"
"q-hy-sa-0024","HUMAN_CURATED","TIER_6_NEEDS_REVIEW","HUMAN_CURATED","N/A",0,0,1,"Historical"
"q-hy-sa-0025","HUMAN_CURATED","TIER_6_NEEDS_REVIEW","HUMAN_CURATED","N/A",0,0,1,"Historical"
"q-hy-sa-0026","HUMAN_CURATED","TIER_6_NEEDS_REVIEW","HUMAN_CURATED","N/A",0,0,1,"Historical"
"q-hy-sa-0027","HUMAN_CURATED","TIER_6_NEEDS_REVIEW","HUMAN_CURATED","N/A",0,0,1,"Historical"
"q-hy-sa-0028","HUMAN_CURATED","TIER_6_NEEDS_REVIEW","HUMAN_CURATED","N/A",0,0,1,"Historical"
"q-hy-sa-0029","HUMAN_CURATED","TIER_6_NEEDS_REVIEW","HUMAN_CURATED","N/A",0,0,1,"Historical"
"q-hy-sa-0030","HUMAN_CURATED","TIER_6_NEEDS_REVIEW","HUMAN_CURATED","N/A",0,0,1,"Historical"
"q-hy-sa-0031","HUMAN_CURATED","TIER_6_NEEDS_REVIEW","HUMAN_CURATED","N/A",0,0,1,"Historical"
"q-hy-sa-0032","HUMAN_CURATED","TIER_6_NEEDS_REVIEW","HUMAN_CURATED","N/A",0,0,1,"Historical"
"q-hy-sa-0033","HUMAN_CURATED","TIER_6_NEEDS_REVIEW","HUMAN_CURATED","N/A",0,0,1,"Historical"
"q-hy-sa-0034","HUMAN_CURATED","TIER_6_NEEDS_REVIEW","HUMAN_CURATED","N/A",0,0,1,"Historical"
"q-hy-sa-0035","HUMAN_CURATED","TIER_6_NEEDS_REVIEW","HUMAN_CURATED","N/A",0,0,1,"Historical"
"q-hy-sa-0036","HUMAN_CURATED","TIER_6_NEEDS_REVIEW","HUMAN_CURATED","N/A",0,0,1,"Historical"
"q-hy-sa-0037","HUMAN_CURATED","TIER_6_NEEDS_REVIEW","HUMAN_CURATED","N/A",0,0,1,"Historical"
"q-hy-sa-0038","HUMAN_CURATED","TIER_6_NEEDS_REVIEW","HUMAN_CURATED","N/A",0,0,1,"Historical"
"q-hy-sa-0039","HUMAN_CURATED","TIER_6_NEEDS_REVIEW","HUMAN_CURATED","N/A",0,0,1,"Historical"
"q-hy-sa-0040","HUMAN_CURATED","TIER_6_NEEDS_REVIEW","HUMAN_CURATED","N/A",0,0,1,"Historical"
"q-hy-sa-0041","HUMAN_CURATED","TIER_6_NEEDS_REVIEW","HUMAN_CURATED","N/A",0,0,1,"Historical"
"q-hy-sa-0042","HUMAN_CURATED","TIER_6_NEEDS_REVIEW","HUMAN_CURATED","N/A",0,0,1,"Historical"
"q-hy-sa-0043","HUMAN_CURATED","TIER_6_NEEDS_REVIEW","HUMAN_CURATED","N/A",0,0,1,"Historical"
"q-hy-sa-0044","HUMAN_CURATED","TIER_6_NEEDS_REVIEW","HUMAN_CURATED","N/A",0,0,1,"Historical"
"q-hy-sa-0045","HUMAN_CURATED","TIER_6_NEEDS_REVIEW","HUMAN_CURATED","N/A",0,0,1,"Historical"
"q-hy-sa-0046","HUMAN_CURATED","TIER_6_NEEDS_REVIEW","HUMAN_CURATED","N/A",0,0,1,"Historical"
"q-hy-sa-0047","HUMAN_CURATED","TIER_6_NEEDS_REVIEW","HUMAN_CURATED","N/A",0,0,1,"Historical"
"q-hy-sa-0048","HUMAN_CURATED","TIER_6_NEEDS_REVIEW","HUMAN_CURATED","N/A",0,0,1,"Historical"
"q-hy-sa-0049","HUMAN_CURATED","TIER_6_NEEDS_REVIEW","HUMAN_CURATED","N/A",0,0,1,"Historical"
"q-hy-sa-0050","HUMAN_CURATED","TIER_6_NEEDS_REVIEW","HUMAN_CURATED","N/A",0,0,1,"Historical"
"q-hy-sa-0051","HUMAN_CURATED","TIER_6_NEEDS_REVIEW","HUMAN_CURATED","N/A",0,0,1,"Historical"
"q-hy-sa-0052","HUMAN_CURATED","TIER_6_NEEDS_REVIEW","HUMAN_CURATED","N/A",0,0,1,"Historical"
"q-hy-sa-0053","HUMAN_CURATED","TIER_6_NEEDS_REVIEW","HUMAN_CURATED","N/A",0,0,1,"Historical"
"q-hy-sa-0054","HUMAN_CURATED","TIER_6_NEEDS_REVIEW","HUMAN_CURATED","N/A",0,0,1,"Historical"
"q-hy-sa-0055","HUMAN_CURATED","TIER_6_NEEDS_REVIEW","HUMAN_CURATED","N/A",0,0,1,"Historical"
"q-hy-sa-0056","HUMAN_CURATED","TIER_6_NEEDS_REVIEW","HUMAN_CURATED","N/A",0,0,1,"Historical"
"q-hy-sa-0057","HUMAN_CURATED","TIER_6_NEEDS_REVIEW","HUMAN_CURATED","N/A",0,0,1,"Historical"
"q-hy-sa-0058","HUMAN_CURATED","TIER_6_NEEDS_REVIEW","HUMAN_CURATED","N/A",0,0,1,"Historical"
"q-hy-sa-0059","HUMAN_CURATED","TIER_6_NEEDS_REVIEW","HUMAN_CURATED","N/A",0,0,1,"Historical"
"q-hy-sa-0060","HUMAN_CURATED","TIER_6_NEEDS_REVIEW","HUMAN_CURATED","N/A",0,0,1,"Historical"
"q-hy-sa-0061","HUMAN_CURATED","TIER_6_NEEDS_REVIEW","HUMAN_CURATED","N/A",0,0,1,"Historical"
"q-hy-sa-0062","HUMAN_CURATED","TIER_6_NEEDS_REVIEW","HUMAN_CURATED","N/A",0,0,1,"Historical"
"q-hy-sa-0063","HUMAN_CURATED","TIER_6_NEEDS_REVIEW","HUMAN_CURATED","N/A",0,0,1,"Historical"
"q-hy-sa-0064","HUMAN_CURATED","TIER_6_NEEDS_REVIEW","HUMAN_CURATED","N/A",0,0,1,"Historical"
"q-hy-sa-0065","HUMAN_CURATED","TIER_6_NEEDS_REVIEW","HUMAN_CURATED","N/A",0,0,1,"Historical"
"q-hy-sa-0066","HUMAN_CURATED","TIER_6_NEEDS_REVIEW","HUMAN_CURATED","N/A",0,0,1,"Historical"
"q-hy-sa-0067","HUMAN_CURATED","TIER_6_NEEDS_REVIEW","HUMAN_CURATED","N/A",0,0,1,"Historical"
"q-hy-sa-0068","HUMAN_CURATED","TIER_6_NEEDS_REVIEW","HUMAN_CURATED","N/A",0,0,1,"Historical"
"q-hy-sa-0069","HUMAN_CURATED","TIER_6_NEEDS_REVIEW","HUMAN_CURATED","N/A",0,0,1,"Historical"
"q-hy-sa-0070","HUMAN_CURATED","TIER_6_NEEDS_REVIEW","HUMAN_CURATED","N/A",0,0,1,"Historical"
"q-hy-sa-0071","HUMAN_CURATED","TIER_6_NEEDS_REVIEW","HUMAN_CURATED","N/A",0,0,1,"Historical"
"q-hy-sa-0072","HUMAN_CURATED","TIER_6_NEEDS_REVIEW","HUMAN_CURATED","N/A",0,0,1,"Historical"
"q-hy-sa-0073","HUMAN_CURATED","TIER_6_NEEDS_REVIEW","HUMAN_CURATED","N/A",0,0,1,"Historical"
"q-hy-sa-0074","HUMAN_CURATED","TIER_6_NEEDS_REVIEW","HUMAN_CURATED","N/A",0,0,1,"Historical"
"q-hy-sa-0075","HUMAN_CURATED","TIER_6_NEEDS_REVIEW","HUMAN_CURATED","N/A",0,0,1,"Historical"
"q-hy-sa-0076","HUMAN_CURATED","TIER_6_NEEDS_REVIEW","HUMAN_CURATED","N/A",0,0,1,"Historical"
"q-hy-sa-0077","HUMAN_CURATED","TIER_6_NEEDS_REVIEW","HUMAN_CURATED","N/A",0,0,1,"Historical"
"q-hy-sa-0078","HUMAN_CURATED","TIER_6_NEEDS_REVIEW","HUMAN_CURATED","N/A",0,0,1,"Historical"
"q-hy-sa-0079","HUMAN_CURATED","TIER_6_NEEDS_REVIEW","HUMAN_CURATED","N/A",0,0,1,"Historical"
"q-hy-sa-0080","HUMAN_CURATED","TIER_6_NEEDS_REVIEW","HUMAN_CURATED","N/A",0,0,1,"Historical"
"q-hy-sa-0081","HUMAN_CURATED","TIER_6_NEEDS_REVIEW","HUMAN_CURATED","N/A",0,0,1,"Historical"
"q-hy-sa-0082","HUMAN_CURATED","TIER_6_NEEDS_REVIEW","HUMAN_CURATED","N/A",0,0,1,"Historical"
"q-hy-sa-0083","HUMAN_CURATED","TIER_6_NEEDS_REVIEW","HUMAN_CURATED","N/A",0,0,1,"Historical"
"q-hy-sa-0084","HUMAN_CURATED","TIER_6_NEEDS_REVIEW","HUMAN_CURATED","N/A",0,0,1,"Historical"
"q-hy-sa-0085","HUMAN_CURATED","TIER_6_NEEDS_REVIEW","HUMAN_CURATED","N/A",0,0,1,"Historical"
"q-c12-phy-0001","HUMAN_CURATED","TIER_4_HUMAN_CURATED","HUMAN_CURATED","N/A",0,0,1,"Historical"
"q-c12-phy-0002","HUMAN_CURATED","TIER_4_HUMAN_CURATED","HUMAN_CURATED","N/A",0,0,1,"Historical"
"q-c12-phy-0003","HUMAN_CURATED","TIER_4_HUMAN_CURATED","HUMAN_CURATED","N/A",0,0,1,"Historical"
"q-c12-phy-0004","HUMAN_CURATED","TIER_4_HUMAN_CURATED","HUMAN_CURATED","N/A",0,0,1,"Historical"
"q-c12-phy-0005","HUMAN_CURATED","TIER_4_HUMAN_CURATED","HUMAN_CURATED","N/A",0,0,1,"Historical"
"q-c12-phy-0006","HUMAN_CURATED","TIER_4_HUMAN_CURATED","HUMAN_CURATED","N/A",0,0,1,"Historical"
"q-c12-phy-0007","HUMAN_CURATED","TIER_4_HUMAN_CURATED","HUMAN_CURATED","N/A",0,0,1,"Historical"
"q-c12-phy-0008","HUMAN_CURATED","TIER_4_HUMAN_CURATED","HUMAN_CURATED","N/A",0,0,1,"Historical"
"q-c12-phy-0009","HUMAN_CURATED","TIER_4_HUMAN_CURATED","HUMAN_CURATED","N/A",0,0,1,"Historical"
"q-c12-phy-0010","HUMAN_CURATED","TIER_4_HUMAN_CURATED","HUMAN_CURATED","N/A",0,0,1,"Historical"
"q-c12-phy-0011","HUMAN_CURATED","TIER_4_HUMAN_CURATED","HUMAN_CURATED","N/A",0,0,1,"Historical"
"q-c12-phy-0012","HUMAN_CURATED","TIER_4_HUMAN_CURATED","HUMAN_CURATED","N/A",0,0,1,"Historical"
"q-c12-phy-0013","HUMAN_CURATED","TIER_4_HUMAN_CURATED","HUMAN_CURATED","N/A",0,0,1,"Historical"
"q-c12-phy-0014","HUMAN_CURATED","TIER_4_HUMAN_CURATED","HUMAN_CURATED","N/A",0,0,1,"Historical"
"q-c12-phy-0015","HUMAN_CURATED","TIER_4_HUMAN_CURATED","HUMAN_CURATED","N/A",0,0,1,"Historical"
"q-c12-phy-0016","HUMAN_CURATED","TIER_4_HUMAN_CURATED","HUMAN_CURATED","N/A",0,0,1,"Historical"
"q-c12-phy-0017","HUMAN_CURATED","TIER_4_HUMAN_CURATED","HUMAN_CURATED","N/A",0,0,1,"Historical"
"q-c12-phy-0018","HUMAN_CURATED","TIER_4_HUMAN_CURATED","HUMAN_CURATED","N/A",0,0,1,"Historical"
"q-c12-phy-0019","HUMAN_CURATED","TIER_4_HUMAN_CURATED","HUMAN_CURATED","N/A",0,0,1,"Historical"
"q-c12-phy-0020","HUMAN_CURATED","TIER_4_HUMAN_CURATED","HUMAN_CURATED","N/A",0,0,1,"Historical"
"q-c12-phy-0021","HUMAN_CURATED","TIER_4_HUMAN_CURATED","HUMAN_CURATED","N/A",0,0,1,"Historical"
"q-c12-phy-0022","HUMAN_CURATED","TIER_4_HUMAN_CURATED","HUMAN_CURATED","N/A",0,0,1,"Historical"
"q-c12-phy-0023","HUMAN_CURATED","TIER_4_HUMAN_CURATED","HUMAN_CURATED","N/A",0,0,1,"Historical"
"q-c12-phy-0024","HUMAN_CURATED","TIER_4_HUMAN_CURATED","HUMAN_CURATED","N/A",0,0,1,"Historical"
"q-c12-phy-0025","HUMAN_CURATED","TIER_4_HUMAN_CURATED","HUMAN_CURATED","N/A",0,0,1,"Historical"
"q-c12-phy-0026","HUMAN_CURATED","TIER_4_HUMAN_CURATED","HUMAN_CURATED","N/A",0,0,1,"Historical"
"q-c12-phy-0027","HUMAN_CURATED","TIER_4_HUMAN_CURATED","HUMAN_CURATED","N/A",0,0,1,"Historical"
"q-c12-phy-0028","HUMAN_CURATED","TIER_4_HUMAN_CURATED","HUMAN_CURATED","N/A",0,0,1,"Historical"
"q-c12-phy-0029","HUMAN_CURATED","TIER_4_HUMAN_CURATED","HUMAN_CURATED","N/A",0,0,1,"Historical"
"q-c12-phy-0030","HUMAN_CURATED","TIER_4_HUMAN_CURATED","HUMAN_CURATED","N/A",0,0,1,"Historical"
"q-c12-chm-0001","HUMAN_CURATED","TIER_4_HUMAN_CURATED","HUMAN_CURATED","N/A",0,0,1,"Historical"
"q-c12-chm-0002","HUMAN_CURATED","TIER_4_HUMAN_CURATED","HUMAN_CURATED","N/A",0,0,1,"Historical"
"q-c12-chm-0003","HUMAN_CURATED","TIER_4_HUMAN_CURATED","HUMAN_CURATED","N/A",0,0,1,"Historical"
"q-c12-chm-0004","HUMAN_CURATED","TIER_4_HUMAN_CURATED","HUMAN_CURATED","N/A",0,0,1,"Historical"
"q-c12-chm-0005","HUMAN_CURATED","TIER_4_HUMAN_CURATED","HUMAN_CURATED","N/A",0,0,1,"Historical"
"q-c12-chm-0006","HUMAN_CURATED","TIER_4_HUMAN_CURATED","HUMAN_CURATED","N/A",0,0,1,"Historical"
"q-c12-chm-0007","HUMAN_CURATED","TIER_4_HUMAN_CURATED","HUMAN_CURATED","N/A",0,0,1,"Historical"
"q-c12-chm-0008","HUMAN_CURATED","TIER_4_HUMAN_CURATED","HUMAN_CURATED","N/A",0,0,1,"Historical"
"q-c12-chm-0009","HUMAN_CURATED","TIER_4_HUMAN_CURATED","HUMAN_CURATED","N/A",0,0,1,"Historical"
"q-c12-chm-0010","HUMAN_CURATED","TIER_4_HUMAN_CURATED","HUMAN_CURATED","N/A",0,0,1,"Historical"
"q-c12-chm-0011","HUMAN_CURATED","TIER_4_HUMAN_CURATED","HUMAN_CURATED","N/A",0,0,1,"Historical"
"q-c12-chm-0012","HUMAN_CURATED","TIER_4_HUMAN_CURATED","HUMAN_CURATED","N/A",0,0,1,"Historical"
"q-c12-chm-0013","HUMAN_CURATED","TIER_4_HUMAN_CURATED","HUMAN_CURATED","N/A",0,0,1,"Historical"
"q-c12-chm-0014","HUMAN_CURATED","TIER_4_HUMAN_CURATED","HUMAN_CURATED","N/A",0,0,1,"Historical"
"q-c12-chm-0015","HUMAN_CURATED","TIER_4_HUMAN_CURATED","HUMAN_CURATED","N/A",0,0,1,"Historical"
"q-c12-chm-0016","HUMAN_CURATED","TIER_4_HUMAN_CURATED","HUMAN_CURATED","N/A",0,0,1,"Historical"
"q-c12-chm-0017","HUMAN_CURATED","TIER_4_HUMAN_CURATED","HUMAN_CURATED","N/A",0,0,1,"Historical"
"q-c12-chm-0018","HUMAN_CURATED","TIER_4_HUMAN_CURATED","HUMAN_CURATED","N/A",0,0,1,"Historical"
"q-c12-chm-0019","HUMAN_CURATED","TIER_4_HUMAN_CURATED","HUMAN_CURATED","N/A",0,0,1,"Historical"
"q-c12-chm-0020","HUMAN_CURATED","TIER_4_HUMAN_CURATED","HUMAN_CURATED","N/A",0,0,1,"Historical"
"q-c12-chm-0021","HUMAN_CURATED","TIER_4_HUMAN_CURATED","HUMAN_CURATED","N/A",0,0,1,"Historical"
"q-c12-chm-0022","HUMAN_CURATED","TIER_4_HUMAN_CURATED","HUMAN_CURATED","N/A",0,0,1,"Historical"
"q-c12-chm-0023","HUMAN_CURATED","TIER_4_HUMAN_CURATED","HUMAN_CURATED","N/A",0,0,1,"Historical"
"q-c12-chm-0024","HUMAN_CURATED","TIER_4_HUMAN_CURATED","HUMAN_CURATED","N/A",0,0,1,"Historical"
"q-c12-chm-0025","HUMAN_CURATED","TIER_4_HUMAN_CURATED","HUMAN_CURATED","N/A",0,0,1,"Historical"
"q-c12-chm-0026","HUMAN_CURATED","TIER_4_HUMAN_CURATED","HUMAN_CURATED","N/A",0,0,1,"Historical"
"q-c12-chm-0027","HUMAN_CURATED","TIER_4_HUMAN_CURATED","HUMAN_CURATED","N/A",0,0,1,"Historical"
"q-c12-chm-0028","HUMAN_CURATED","TIER_4_HUMAN_CURATED","HUMAN_CURATED","N/A",0,0,1,"Historical"
"q-c12-chm-0029","HUMAN_CURATED","TIER_4_HUMAN_CURATED","HUMAN_CURATED","N/A",0,0,1,"Historical"
"q-c12-chm-0030","HUMAN_CURATED","TIER_4_HUMAN_CURATED","HUMAN_CURATED","N/A",0,0,1,"Historical"
"q-c12-chm-0031","HUMAN_CURATED","TIER_4_HUMAN_CURATED","HUMAN_CURATED","N/A",0,0,1,"Historical"
"q-c12-chm-0032","HUMAN_CURATED","TIER_4_HUMAN_CURATED","HUMAN_CURATED","N/A",0,0,1,"Historical"
"q-c12-chm-0033","HUMAN_CURATED","TIER_4_HUMAN_CURATED","HUMAN_CURATED","N/A",0,0,1,"Historical"
"q-c12-chm-0034","HUMAN_CURATED","TIER_4_HUMAN_CURATED","HUMAN_CURATED","N/A",0,0,1,"Historical"
"q-c12-chm-0035","HUMAN_CURATED","TIER_4_HUMAN_CURATED","HUMAN_CURATED","N/A",0,0,1,"Historical"
"q-c12-bio-0001","HUMAN_CURATED","TIER_4_HUMAN_CURATED","HUMAN_CURATED","N/A",0,0,1,"Historical"
"q-c12-bio-0002","HUMAN_CURATED","TIER_4_HUMAN_CURATED","HUMAN_CURATED","N/A",0,0,1,"Historical"
"q-c12-bio-0003","HUMAN_CURATED","TIER_4_HUMAN_CURATED","HUMAN_CURATED","N/A",0,0,1,"Historical"
"q-c12-bio-0004","HUMAN_CURATED","TIER_4_HUMAN_CURATED","HUMAN_CURATED","N/A",0,0,1,"Historical"
"q-c12-bio-0005","HUMAN_CURATED","TIER_4_HUMAN_CURATED","HUMAN_CURATED","N/A",0,0,1,"Historical"
"q-c12-bio-0006","HUMAN_CURATED","TIER_4_HUMAN_CURATED","HUMAN_CURATED","N/A",0,0,1,"Historical"
"q-c12-bio-0007","HUMAN_CURATED","TIER_4_HUMAN_CURATED","HUMAN_CURATED","N/A",0,0,1,"Historical"
"q-c12-bio-0008","HUMAN_CURATED","TIER_4_HUMAN_CURATED","HUMAN_CURATED","N/A",0,0,1,"Historical"
"q-c12-bio-0009","HUMAN_CURATED","TIER_4_HUMAN_CURATED","HUMAN_CURATED","N/A",0,0,1,"Historical"
"q-c12-bio-0010","HUMAN_CURATED","TIER_4_HUMAN_CURATED","HUMAN_CURATED","N/A",0,0,1,"Historical"
"q-c12-bio-0011","HUMAN_CURATED","TIER_4_HUMAN_CURATED","HUMAN_CURATED","N/A",0,0,1,"Historical"
"q-c12-bio-0012","HUMAN_CURATED","TIER_4_HUMAN_CURATED","HUMAN_CURATED","N/A",0,0,1,"Historical"
"q-c12-bio-0013","HUMAN_CURATED","TIER_4_HUMAN_CURATED","HUMAN_CURATED","N/A",0,0,1,"Historical"
"q-c12-bio-0014","HUMAN_CURATED","TIER_4_HUMAN_CURATED","HUMAN_CURATED","N/A",0,0,1,"Historical"
"q-c12-bio-0015","HUMAN_CURATED","TIER_4_HUMAN_CURATED","HUMAN_CURATED","N/A",0,0,1,"Historical"
"q-c12-bio-0016","HUMAN_CURATED","TIER_4_HUMAN_CURATED","HUMAN_CURATED","N/A",0,0,1,"Historical"
"q-c12-bio-0017","HUMAN_CURATED","TIER_4_HUMAN_CURATED","HUMAN_CURATED","N/A",0,0,1,"Historical"
"q-c12-bio-0018","HUMAN_CURATED","TIER_4_HUMAN_CURATED","HUMAN_CURATED","N/A",0,0,1,"Historical"
"q-c12-bio-0019","HUMAN_CURATED","TIER_4_HUMAN_CURATED","HUMAN_CURATED","N/A",0,0,1,"Historical"
"q-c12-bio-0020","HUMAN_CURATED","TIER_4_HUMAN_CURATED","HUMAN_CURATED","N/A",0,0,1,"Historical"
"q-c12-bio-0021","HUMAN_CURATED","TIER_4_HUMAN_CURATED","HUMAN_CURATED","N/A",0,0,1,"Historical"
"q-c12-bio-0022","HUMAN_CURATED","TIER_4_HUMAN_CURATED","HUMAN_CURATED","N/A",0,0,1,"Historical"
"q-c12-bio-0023","HUMAN_CURATED","TIER_4_HUMAN_CURATED","HUMAN_CURATED","N/A",0,0,1,"Historical"
"q-c12-bio-0024","HUMAN_CURATED","TIER_4_HUMAN_CURATED","HUMAN_CURATED","N/A",0,0,1,"Historical"
"q-c12-bio-0025","HUMAN_CURATED","TIER_4_HUMAN_CURATED","HUMAN_CURATED","N/A",0,0,1,"Historical"
"q-c12-bio-0026","HUMAN_CURATED","TIER_4_HUMAN_CURATED","HUMAN_CURATED","N/A",0,0,1,"Historical"
"q-c12-bio-0027","HUMAN_CURATED","TIER_4_HUMAN_CURATED","HUMAN_CURATED","N/A",0,0,1,"Historical"
"q-c12-bio-0028","HUMAN_CURATED","TIER_4_HUMAN_CURATED","HUMAN_CURATED","N/A",0,0,1,"Historical"
"q-c12-bio-0029","HUMAN_CURATED","TIER_4_HUMAN_CURATED","HUMAN_CURATED","N/A",0,0,1,"Historical"
"q-c12-bio-0030","HUMAN_CURATED","TIER_4_HUMAN_CURATED","HUMAN_CURATED","N/A",0,0,1,"Historical"
"q-c12-bio-0031","HUMAN_CURATED","TIER_4_HUMAN_CURATED","HUMAN_CURATED","N/A",0,0,1,"Historical"
"q-c12-bio-0032","HUMAN_CURATED","TIER_4_HUMAN_CURATED","HUMAN_CURATED","N/A",0,0,1,"Historical"
"q-c12-bio-0033","HUMAN_CURATED","TIER_4_HUMAN_CURATED","HUMAN_CURATED","N/A",0,0,1,"Historical"
"q-c12-bio-0034","HUMAN_CURATED","TIER_4_HUMAN_CURATED","HUMAN_CURATED","N/A",0,0,1,"Historical"
"q-c12-bio-0035","HUMAN_CURATED","TIER_4_HUMAN_CURATED","HUMAN_CURATED","N/A",0,0,1,"Historical"
"q-c12-math-0001","HUMAN_CURATED","TIER_4_HUMAN_CURATED","HUMAN_CURATED","N/A",0,0,1,"Historical"
"q-c12-math-0002","HUMAN_CURATED","TIER_4_HUMAN_CURATED","HUMAN_CURATED","N/A",0,0,1,"Historical"
"q-c12-math-0003","HUMAN_CURATED","TIER_4_HUMAN_CURATED","HUMAN_CURATED","N/A",0,0,1,"Historical"
"q-c12-math-0004","HUMAN_CURATED","TIER_4_HUMAN_CURATED","HUMAN_CURATED","N/A",0,0,1,"Historical"
"q-c12-math-0005","HUMAN_CURATED","TIER_4_HUMAN_CURATED","HUMAN_CURATED","N/A",0,0,1,"Historical"
"q-c12-math-0006","HUMAN_CURATED","TIER_4_HUMAN_CURATED","HUMAN_CURATED","N/A",0,0,1,"Historical"
"q-c12-math-0007","HUMAN_CURATED","TIER_4_HUMAN_CURATED","HUMAN_CURATED","N/A",0,0,1,"Historical"
"q-c12-math-0008","HUMAN_CURATED","TIER_4_HUMAN_CURATED","HUMAN_CURATED","N/A",0,0,1,"Historical"
"q-c12-math-0009","HUMAN_CURATED","TIER_4_HUMAN_CURATED","HUMAN_CURATED","N/A",0,0,1,"Historical"
"q-c12-math-0010","HUMAN_CURATED","TIER_4_HUMAN_CURATED","HUMAN_CURATED","N/A",0,0,1,"Historical"
"q-c12-math-0011","HUMAN_CURATED","TIER_4_HUMAN_CURATED","HUMAN_CURATED","N/A",0,0,1,"Historical"
"q-c12-math-0012","HUMAN_CURATED","TIER_4_HUMAN_CURATED","HUMAN_CURATED","N/A",0,0,1,"Historical"
"q-c12-math-0013","HUMAN_CURATED","TIER_4_HUMAN_CURATED","HUMAN_CURATED","N/A",0,0,1,"Historical"
"q-c12-math-0014","HUMAN_CURATED","TIER_4_HUMAN_CURATED","HUMAN_CURATED","N/A",0,0,1,"Historical"
"q-c12-math-0015","HUMAN_CURATED","TIER_4_HUMAN_CURATED","HUMAN_CURATED","N/A",0,0,1,"Historical"
"q-c12-math-0016","HUMAN_CURATED","TIER_4_HUMAN_CURATED","HUMAN_CURATED","N/A",0,0,1,"Historical"
"q-c12-math-0017","HUMAN_CURATED","TIER_4_HUMAN_CURATED","HUMAN_CURATED","N/A",0,0,1,"Historical"
"q-c12-math-0018","HUMAN_CURATED","TIER_4_HUMAN_CURATED","HUMAN_CURATED","N/A",0,0,1,"Historical"
"q-c12-math-0019","HUMAN_CURATED","TIER_4_HUMAN_CURATED","HUMAN_CURATED","N/A",0,0,1,"Historical"
"q-c12-math-0020","HUMAN_CURATED","TIER_4_HUMAN_CURATED","HUMAN_CURATED","N/A",0,0,1,"Historical"
"q-c12-math-0021","HUMAN_CURATED","TIER_4_HUMAN_CURATED","HUMAN_CURATED","N/A",0,0,1,"Historical"
"q-c12-math-0022","HUMAN_CURATED","TIER_4_HUMAN_CURATED","HUMAN_CURATED","N/A",0,0,1,"Historical"
"q-c12-math-0023","HUMAN_CURATED","TIER_4_HUMAN_CURATED","HUMAN_CURATED","N/A",0,0,1,"Historical"
"q-c12-math-0024","HUMAN_CURATED","TIER_4_HUMAN_CURATED","HUMAN_CURATED","N/A",0,0,1,"Historical"
"q-c12-math-0025","HUMAN_CURATED","TIER_4_HUMAN_CURATED","HUMAN_CURATED","N/A",0,0,1,"Historical"
"q-c12-math-0026","HUMAN_CURATED","TIER_4_HUMAN_CURATED","HUMAN_CURATED","N/A",0,0,1,"Historical"
"q-c12-math-0027","HUMAN_CURATED","TIER_4_HUMAN_CURATED","HUMAN_CURATED","N/A",0,0,1,"Historical"
"q-c12-math-0028","HUMAN_CURATED","TIER_4_HUMAN_CURATED","HUMAN_CURATED","N/A",0,0,1,"Historical"
"q-c12-math-0029","HUMAN_CURATED","TIER_4_HUMAN_CURATED","HUMAN_CURATED","N/A",0,0,1,"Historical"
"q-c12-math-0030","HUMAN_CURATED","TIER_4_HUMAN_CURATED","HUMAN_CURATED","N/A",0,0,1,"Historical"
"q-c12-math-0031","HUMAN_CURATED","TIER_4_HUMAN_CURATED","HUMAN_CURATED","N/A",0,0,1,"Historical"
"q-c12-math-0032","HUMAN_CURATED","TIER_4_HUMAN_CURATED","HUMAN_CURATED","N/A",0,0,1,"Historical"
"q-c12-math-0033","HUMAN_CURATED","TIER_4_HUMAN_CURATED","HUMAN_CURATED","N/A",0,0,1,"Historical"
"q-c12-math-0034","HUMAN_CURATED","TIER_4_HUMAN_CURATED","HUMAN_CURATED","N/A",0,0,1,"Historical"
"q-c12-math-0035","HUMAN_CURATED","TIER_4_HUMAN_CURATED","HUMAN_CURATED","N/A",0,0,1,"Historical"
"q-c12-math-0036","HUMAN_CURATED","TIER_4_HUMAN_CURATED","HUMAN_CURATED","N/A",0,0,1,"Historical"
"q-c12-math-0037","HUMAN_CURATED","TIER_4_HUMAN_CURATED","HUMAN_CURATED","N/A",0,0,1,"Historical"
"q-c12-math-0038","HUMAN_CURATED","TIER_4_HUMAN_CURATED","HUMAN_CURATED","N/A",0,0,1,"Historical"
"q-c12-math-0039","HUMAN_CURATED","TIER_4_HUMAN_CURATED","HUMAN_CURATED","N/A",0,0,1,"Historical"
"q-c12-math-0040","HUMAN_CURATED","TIER_4_HUMAN_CURATED","HUMAN_CURATED","N/A",0,0,1,"Historical"
"q-c12-math-0041","HUMAN_CURATED","TIER_4_HUMAN_CURATED","HUMAN_CURATED","N/A",0,0,1,"Historical"
"q-c12-math-0042","HUMAN_CURATED","TIER_4_HUMAN_CURATED","HUMAN_CURATED","N/A",0,0,1,"Historical"
"q-c12-math-0043","HUMAN_CURATED","TIER_4_HUMAN_CURATED","HUMAN_CURATED","N/A",0,0,1,"Historical"
"q-c12-math-0044","HUMAN_CURATED","TIER_4_HUMAN_CURATED","HUMAN_CURATED","N/A",0,0,1,"Historical"
"q-c12-math-0045","HUMAN_CURATED","TIER_4_HUMAN_CURATED","HUMAN_CURATED","N/A",0,0,1,"Historical"
"q-c12-acc-0001","HUMAN_CURATED","TIER_6_NEEDS_REVIEW","HUMAN_CURATED","N/A",0,0,1,"Historical"
"q-c12-acc-0002","HUMAN_CURATED","TIER_6_NEEDS_REVIEW","HUMAN_CURATED","N/A",0,0,1,"Historical"
"q-c12-acc-0003","HUMAN_CURATED","TIER_6_NEEDS_REVIEW","HUMAN_CURATED","N/A",0,0,1,"Historical"
"q-c12-acc-0004","HUMAN_CURATED","TIER_6_NEEDS_REVIEW","HUMAN_CURATED","N/A",0,0,1,"Historical"
"q-c12-acc-0005","HUMAN_CURATED","TIER_6_NEEDS_REVIEW","HUMAN_CURATED","N/A",0,0,1,"Historical"
"q-c12-acc-0006","HUMAN_CURATED","TIER_6_NEEDS_REVIEW","HUMAN_CURATED","N/A",0,0,1,"Historical"
"q-c12-acc-0007","HUMAN_CURATED","TIER_6_NEEDS_REVIEW","HUMAN_CURATED","N/A",0,0,1,"Historical"
"q-c12-acc-0008","HUMAN_CURATED","TIER_6_NEEDS_REVIEW","HUMAN_CURATED","N/A",0,0,1,"Historical"
"q-c12-acc-0009","HUMAN_CURATED","TIER_6_NEEDS_REVIEW","HUMAN_CURATED","N/A",0,0,1,"Historical"
"q-c12-acc-0010","HUMAN_CURATED","TIER_6_NEEDS_REVIEW","HUMAN_CURATED","N/A",0,0,1,"Historical"
"q-c12-acc-0011","HUMAN_CURATED","TIER_6_NEEDS_REVIEW","HUMAN_CURATED","N/A",0,0,1,"Historical"
"q-c12-acc-0012","HUMAN_CURATED","TIER_6_NEEDS_REVIEW","HUMAN_CURATED","N/A",0,0,1,"Historical"
"q-c12-bus-0001","HUMAN_CURATED","TIER_6_NEEDS_REVIEW","HUMAN_CURATED","N/A",0,0,1,"Historical"
"q-c12-bus-0002","HUMAN_CURATED","TIER_6_NEEDS_REVIEW","HUMAN_CURATED","N/A",0,0,1,"Historical"
"q-c12-bus-0003","HUMAN_CURATED","TIER_6_NEEDS_REVIEW","HUMAN_CURATED","N/A",0,0,1,"Historical"
"q-c12-bus-0004","HUMAN_CURATED","TIER_6_NEEDS_REVIEW","HUMAN_CURATED","N/A",0,0,1,"Historical"
"q-c12-bus-0005","HUMAN_CURATED","TIER_6_NEEDS_REVIEW","HUMAN_CURATED","N/A",0,0,1,"Historical"
"q-c12-bus-0006","HUMAN_CURATED","TIER_6_NEEDS_REVIEW","HUMAN_CURATED","N/A",0,0,1,"Historical"
"q-c12-bus-0007","HUMAN_CURATED","TIER_6_NEEDS_REVIEW","HUMAN_CURATED","N/A",0,0,1,"Historical"
"q-c12-bus-0008","HUMAN_CURATED","TIER_6_NEEDS_REVIEW","HUMAN_CURATED","N/A",0,0,1,"Historical"
"q-c12-bus-0009","HUMAN_CURATED","TIER_6_NEEDS_REVIEW","HUMAN_CURATED","N/A",0,0,1,"Historical"
"q-c12-bus-0010","HUMAN_CURATED","TIER_6_NEEDS_REVIEW","HUMAN_CURATED","N/A",0,0,1,"Historical"
"q-c12-bus-0011","HUMAN_CURATED","TIER_6_NEEDS_REVIEW","HUMAN_CURATED","N/A",0,0,1,"Historical"
"q-c12-bus-0012","HUMAN_CURATED","TIER_6_NEEDS_REVIEW","HUMAN_CURATED","N/A",0,0,1,"Historical"
"q-c12-eco-0001","HUMAN_CURATED","TIER_6_NEEDS_REVIEW","HUMAN_CURATED","N/A",0,0,1,"Historical"
"q-c12-eco-0002","HUMAN_CURATED","TIER_6_NEEDS_REVIEW","HUMAN_CURATED","N/A",0,0,1,"Historical"
"q-c12-eco-0003","HUMAN_CURATED","TIER_6_NEEDS_REVIEW","HUMAN_CURATED","N/A",0,0,1,"Historical"
"q-c12-eco-0004","HUMAN_CURATED","TIER_6_NEEDS_REVIEW","HUMAN_CURATED","N/A",0,0,1,"Historical"
"q-c12-eco-0005","HUMAN_CURATED","TIER_6_NEEDS_REVIEW","HUMAN_CURATED","N/A",0,0,1,"Historical"
"q-c12-eco-0006","HUMAN_CURATED","TIER_6_NEEDS_REVIEW","HUMAN_CURATED","N/A",0,0,1,"Historical"
"q-c12-eco-0007","HUMAN_CURATED","TIER_6_NEEDS_REVIEW","HUMAN_CURATED","N/A",0,0,1,"Historical"
"q-c12-eco-0008","HUMAN_CURATED","TIER_6_NEEDS_REVIEW","HUMAN_CURATED","N/A",0,0,1,"Historical"
"q-c12-eco-0009","HUMAN_CURATED","TIER_6_NEEDS_REVIEW","HUMAN_CURATED","N/A",0,0,1,"Historical"
"q-c12-eco-0010","HUMAN_CURATED","TIER_6_NEEDS_REVIEW","HUMAN_CURATED","N/A",0,0,1,"Historical"
"q-c12-eco-0011","HUMAN_CURATED","TIER_6_NEEDS_REVIEW","HUMAN_CURATED","N/A",0,0,1,"Historical"
"q-c12-eco-0012","HUMAN_CURATED","TIER_6_NEEDS_REVIEW","HUMAN_CURATED","N/A",0,0,1,"Historical"
"q-c12-his-0001","HUMAN_CURATED","TIER_4_HUMAN_CURATED","HUMAN_CURATED","N/A",0,0,1,"Historical"
"q-c12-his-0002","HUMAN_CURATED","TIER_4_HUMAN_CURATED","HUMAN_CURATED","N/A",0,0,1,"Historical"
"q-c12-his-0003","HUMAN_CURATED","TIER_4_HUMAN_CURATED","HUMAN_CURATED","N/A",0,0,1,"Historical"
"q-c12-his-0004","HUMAN_CURATED","TIER_4_HUMAN_CURATED","HUMAN_CURATED","N/A",0,0,1,"Historical"
"q-c12-his-0005","HUMAN_CURATED","TIER_4_HUMAN_CURATED","HUMAN_CURATED","N/A",0,0,1,"Historical"
"q-c12-his-0006","HUMAN_CURATED","TIER_4_HUMAN_CURATED","HUMAN_CURATED","N/A",0,0,1,"Historical"
"q-c12-his-0007","HUMAN_CURATED","TIER_4_HUMAN_CURATED","HUMAN_CURATED","N/A",0,0,1,"Historical"
"q-c12-his-0008","HUMAN_CURATED","TIER_4_HUMAN_CURATED","HUMAN_CURATED","N/A",0,0,1,"Historical"
"q-c12-his-0009","HUMAN_CURATED","TIER_4_HUMAN_CURATED","HUMAN_CURATED","N/A",0,0,1,"Historical"
"q-c12-his-0010","HUMAN_CURATED","TIER_4_HUMAN_CURATED","HUMAN_CURATED","N/A",0,0,1,"Historical"
"q-c12-his-0011","HUMAN_CURATED","TIER_4_HUMAN_CURATED","HUMAN_CURATED","N/A",0,0,1,"Historical"
"q-c12-his-0012","HUMAN_CURATED","TIER_4_HUMAN_CURATED","HUMAN_CURATED","N/A",0,0,1,"Historical"
"q-c12-pol-0001","HUMAN_CURATED","TIER_4_HUMAN_CURATED","HUMAN_CURATED","N/A",0,0,1,"Historical"
"q-c12-pol-0002","HUMAN_CURATED","TIER_4_HUMAN_CURATED","HUMAN_CURATED","N/A",0,0,1,"Historical"
"q-c12-pol-0003","HUMAN_CURATED","TIER_4_HUMAN_CURATED","HUMAN_CURATED","N/A",0,0,1,"Historical"
"q-c12-pol-0004","HUMAN_CURATED","TIER_4_HUMAN_CURATED","HUMAN_CURATED","N/A",0,0,1,"Historical"
"q-c12-pol-0005","HUMAN_CURATED","TIER_4_HUMAN_CURATED","HUMAN_CURATED","N/A",0,0,1,"Historical"
"q-c12-pol-0006","HUMAN_CURATED","TIER_4_HUMAN_CURATED","HUMAN_CURATED","N/A",0,0,1,"Historical"
"q-c12-pol-0007","HUMAN_CURATED","TIER_4_HUMAN_CURATED","HUMAN_CURATED","N/A",0,0,1,"Historical"
"q-c12-pol-0008","HUMAN_CURATED","TIER_4_HUMAN_CURATED","HUMAN_CURATED","N/A",0,0,1,"Historical"
"q-c12-pol-0009","HUMAN_CURATED","TIER_4_HUMAN_CURATED","HUMAN_CURATED","N/A",0,0,1,"Historical"
"q-c12-pol-0010","HUMAN_CURATED","TIER_4_HUMAN_CURATED","HUMAN_CURATED","N/A",0,0,1,"Historical"
"q-c12-pol-0011","HUMAN_CURATED","TIER_4_HUMAN_CURATED","HUMAN_CURATED","N/A",0,0,1,"Historical"
"q-c12-pol-0012","HUMAN_CURATED","TIER_4_HUMAN_CURATED","HUMAN_CURATED","N/A",0,0,1,"Historical"
"q-c12-geo-0001","HUMAN_CURATED","TIER_4_HUMAN_CURATED","HUMAN_CURATED","N/A",0,0,1,"Historical"
"q-c12-geo-0002","HUMAN_CURATED","TIER_4_HUMAN_CURATED","HUMAN_CURATED","N/A",0,0,1,"Historical"
"q-c12-geo-0003","HUMAN_CURATED","TIER_4_HUMAN_CURATED","HUMAN_CURATED","N/A",0,0,1,"Historical"
"q-c12-geo-0004","HUMAN_CURATED","TIER_4_HUMAN_CURATED","HUMAN_CURATED","N/A",0,0,1,"Historical"
"q-c12-geo-0005","HUMAN_CURATED","TIER_4_HUMAN_CURATED","HUMAN_CURATED","N/A",0,0,1,"Historical"
"q-c12-geo-0006","HUMAN_CURATED","TIER_4_HUMAN_CURATED","HUMAN_CURATED","N/A",0,0,1,"Historical"
"q-c12-geo-0007","HUMAN_CURATED","TIER_4_HUMAN_CURATED","HUMAN_CURATED","N/A",0,0,1,"Historical"
"q-c12-geo-0008","HUMAN_CURATED","TIER_4_HUMAN_CURATED","HUMAN_CURATED","N/A",0,0,1,"Historical"
"q-c12-geo-0009","HUMAN_CURATED","TIER_4_HUMAN_CURATED","HUMAN_CURATED","N/A",0,0,1,"Historical"
"q-c12-geo-0010","HUMAN_CURATED","TIER_4_HUMAN_CURATED","HUMAN_CURATED","N/A",0,0,1,"Historical"
"q-c12-geo-0011","HUMAN_CURATED","TIER_4_HUMAN_CURATED","HUMAN_CURATED","N/A",0,0,1,"Historical"
"q-c12-geo-0012","HUMAN_CURATED","TIER_4_HUMAN_CURATED","HUMAN_CURATED","N/A",0,0,1,"Historical"
"q-cmp-rea-0001","HUMAN_CURATED","TIER_4_HUMAN_CURATED","HUMAN_CURATED","N/A",0,0,1,"Historical"
"q-cmp-rea-0002","HUMAN_CURATED","TIER_4_HUMAN_CURATED","HUMAN_CURATED","N/A",0,0,1,"Historical"
"q-cmp-rea-0003","HUMAN_CURATED","TIER_4_HUMAN_CURATED","HUMAN_CURATED","N/A",0,0,1,"Historical"
"q-cmp-rea-0004","HUMAN_CURATED","TIER_4_HUMAN_CURATED","HUMAN_CURATED","N/A",0,0,1,"Historical"
"q-cmp-rea-0005","HUMAN_CURATED","TIER_4_HUMAN_CURATED","HUMAN_CURATED","N/A",0,0,1,"Historical"
"q-cmp-rea-0006","HUMAN_CURATED","TIER_4_HUMAN_CURATED","HUMAN_CURATED","N/A",0,0,1,"Historical"
"q-cmp-rea-0007","HUMAN_CURATED","TIER_4_HUMAN_CURATED","HUMAN_CURATED","N/A",0,0,1,"Historical"
"q-cmp-rea-0008","HUMAN_CURATED","TIER_4_HUMAN_CURATED","HUMAN_CURATED","N/A",0,0,1,"Historical"
"q-cmp-rea-0009","HUMAN_CURATED","TIER_4_HUMAN_CURATED","HUMAN_CURATED","N/A",0,0,1,"Historical"
"q-cmp-rea-0010","HUMAN_CURATED","TIER_4_HUMAN_CURATED","HUMAN_CURATED","N/A",0,0,1,"Historical"
"q-cmp-rea-0011","HUMAN_CURATED","TIER_4_HUMAN_CURATED","HUMAN_CURATED","N/A",0,0,1,"Historical"
"q-cmp-rea-0012","HUMAN_CURATED","TIER_4_HUMAN_CURATED","HUMAN_CURATED","N/A",0,0,1,"Historical"
"q-cmp-rea-0013","HUMAN_CURATED","TIER_4_HUMAN_CURATED","HUMAN_CURATED","N/A",0,0,1,"Historical"
"q-cmp-rea-0014","HUMAN_CURATED","TIER_4_HUMAN_CURATED","HUMAN_CURATED","N/A",0,0,1,"Historical"
"q-cmp-rea-0015","HUMAN_CURATED","TIER_4_HUMAN_CURATED","HUMAN_CURATED","N/A",0,0,1,"Historical"
"q-cmp-rea-0016","HUMAN_CURATED","TIER_4_HUMAN_CURATED","HUMAN_CURATED","N/A",0,0,1,"Historical"
"q-cmp-rea-0017","HUMAN_CURATED","TIER_4_HUMAN_CURATED","HUMAN_CURATED","N/A",0,0,1,"Historical"
"q-cmp-rea-0018","HUMAN_CURATED","TIER_4_HUMAN_CURATED","HUMAN_CURATED","N/A",0,0,1,"Historical"
"q-cmp-rea-0019","HUMAN_CURATED","TIER_4_HUMAN_CURATED","HUMAN_CURATED","N/A",0,0,1,"Historical"
"q-cmp-rea-0020","HUMAN_CURATED","TIER_4_HUMAN_CURATED","HUMAN_CURATED","N/A",0,0,1,"Historical"
"q-cmp-rea-0021","HUMAN_CURATED","TIER_4_HUMAN_CURATED","HUMAN_CURATED","N/A",0,0,1,"Historical"
"q-cmp-rea-0022","HUMAN_CURATED","TIER_4_HUMAN_CURATED","HUMAN_CURATED","N/A",0,0,1,"Historical"
"q-cmp-rea-0023","HUMAN_CURATED","TIER_4_HUMAN_CURATED","HUMAN_CURATED","N/A",0,0,1,"Historical"
"q-cmp-rea-0024","HUMAN_CURATED","TIER_4_HUMAN_CURATED","HUMAN_CURATED","N/A",0,0,1,"Historical"
"q-cmp-rea-0025","HUMAN_CURATED","TIER_4_HUMAN_CURATED","HUMAN_CURATED","N/A",0,0,1,"Historical"
"q-cmp-rea-0026","HUMAN_CURATED","TIER_4_HUMAN_CURATED","HUMAN_CURATED","N/A",0,0,1,"Historical"
"q-cmp-rea-0027","HUMAN_CURATED","TIER_4_HUMAN_CURATED","HUMAN_CURATED","N/A",0,0,1,"Historical"
"q-cmp-rea-0028","HUMAN_CURATED","TIER_4_HUMAN_CURATED","HUMAN_CURATED","N/A",0,0,1,"Historical"
"q-cmp-rea-0029","HUMAN_CURATED","TIER_4_HUMAN_CURATED","HUMAN_CURATED","N/A",0,0,1,"Historical"
"q-cmp-rea-0030","HUMAN_CURATED","TIER_4_HUMAN_CURATED","HUMAN_CURATED","N/A",0,0,1,"Historical"
"q-cmp-mth-0001","HUMAN_CURATED","TIER_4_HUMAN_CURATED","HUMAN_CURATED","N/A",0,0,1,"Historical"
"q-cmp-mth-0002","HUMAN_CURATED","TIER_4_HUMAN_CURATED","HUMAN_CURATED","N/A",0,0,1,"Historical"
"q-cmp-mth-0003","HUMAN_CURATED","TIER_4_HUMAN_CURATED","HUMAN_CURATED","N/A",0,0,1,"Historical"
"q-cmp-mth-0004","HUMAN_CURATED","TIER_4_HUMAN_CURATED","HUMAN_CURATED","N/A",0,0,1,"Historical"
"q-cmp-mth-0005","HUMAN_CURATED","TIER_4_HUMAN_CURATED","HUMAN_CURATED","N/A",0,0,1,"Historical"
"q-cmp-mth-0006","HUMAN_CURATED","TIER_4_HUMAN_CURATED","HUMAN_CURATED","N/A",0,0,1,"Historical"
"q-cmp-mth-0007","HUMAN_CURATED","TIER_4_HUMAN_CURATED","HUMAN_CURATED","N/A",0,0,1,"Historical"
"q-cmp-mth-0008","HUMAN_CURATED","TIER_4_HUMAN_CURATED","HUMAN_CURATED","N/A",0,0,1,"Historical"
"q-cmp-mth-0009","HUMAN_CURATED","TIER_4_HUMAN_CURATED","HUMAN_CURATED","N/A",0,0,1,"Historical"
"q-cmp-mth-0010","HUMAN_CURATED","TIER_4_HUMAN_CURATED","HUMAN_CURATED","N/A",0,0,1,"Historical"
"q-cmp-mth-0011","HUMAN_CURATED","TIER_4_HUMAN_CURATED","HUMAN_CURATED","N/A",0,0,1,"Historical"
"q-cmp-mth-0012","HUMAN_CURATED","TIER_4_HUMAN_CURATED","HUMAN_CURATED","N/A",0,0,1,"Historical"
"q-cmp-mth-0013","HUMAN_CURATED","TIER_4_HUMAN_CURATED","HUMAN_CURATED","N/A",0,0,1,"Historical"
"q-cmp-mth-0014","HUMAN_CURATED","TIER_4_HUMAN_CURATED","HUMAN_CURATED","N/A",0,0,1,"Historical"
"q-cmp-mth-0015","HUMAN_CURATED","TIER_4_HUMAN_CURATED","HUMAN_CURATED","N/A",0,0,1,"Historical"
"q-cmp-mth-0016","HUMAN_CURATED","TIER_4_HUMAN_CURATED","HUMAN_CURATED","N/A",0,0,1,"Historical"
"q-cmp-mth-0017","HUMAN_CURATED","TIER_4_HUMAN_CURATED","HUMAN_CURATED","N/A",0,0,1,"Historical"
"q-cmp-mth-0018","HUMAN_CURATED","TIER_4_HUMAN_CURATED","HUMAN_CURATED","N/A",0,0,1,"Historical"
"q-cmp-mth-0019","HUMAN_CURATED","TIER_4_HUMAN_CURATED","HUMAN_CURATED","N/A",0,0,1,"Historical"
"q-cmp-mth-0020","HUMAN_CURATED","TIER_4_HUMAN_CURATED","HUMAN_CURATED","N/A",0,0,1,"Historical"
"q-cmp-mth-0021","HUMAN_CURATED","TIER_4_HUMAN_CURATED","HUMAN_CURATED","N/A",0,0,1,"Historical"
"q-cmp-mth-0022","HUMAN_CURATED","TIER_4_HUMAN_CURATED","HUMAN_CURATED","N/A",0,0,1,"Historical"
"q-cmp-mth-0023","HUMAN_CURATED","TIER_4_HUMAN_CURATED","HUMAN_CURATED","N/A",0,0,1,"Historical"
"q-cmp-mth-0024","HUMAN_CURATED","TIER_4_HUMAN_CURATED","HUMAN_CURATED","N/A",0,0,1,"Historical"
"q-cmp-mth-0025","HUMAN_CURATED","TIER_4_HUMAN_CURATED","HUMAN_CURATED","N/A",0,0,1,"Historical"
"q-cmp-mth-0026","HUMAN_CURATED","TIER_4_HUMAN_CURATED","HUMAN_CURATED","N/A",0,0,1,"Historical"
"q-cmp-mth-0027","HUMAN_CURATED","TIER_4_HUMAN_CURATED","HUMAN_CURATED","N/A",0,0,1,"Historical"
"q-cmp-mth-0028","HUMAN_CURATED","TIER_4_HUMAN_CURATED","HUMAN_CURATED","N/A",0,0,1,"Historical"
"q-cmp-mth-0029","HUMAN_CURATED","TIER_4_HUMAN_CURATED","HUMAN_CURATED","N/A",0,0,1,"Historical"
"q-cmp-mth-0030","HUMAN_CURATED","TIER_4_HUMAN_CURATED","HUMAN_CURATED","N/A",0,0,1,"Historical"
"q-cmp-law-0001","HUMAN_CURATED","TIER_6_NEEDS_REVIEW","HUMAN_CURATED","N/A",0,0,1,"Historical"
"q-cmp-law-0002","HUMAN_CURATED","TIER_6_NEEDS_REVIEW","HUMAN_CURATED","N/A",0,0,1,"Historical"
"q-cmp-law-0003","HUMAN_CURATED","TIER_6_NEEDS_REVIEW","HUMAN_CURATED","N/A",0,0,1,"Historical"
"q-cmp-law-0004","HUMAN_CURATED","TIER_6_NEEDS_REVIEW","HUMAN_CURATED","N/A",0,0,1,"Historical"
"q-cmp-law-0005","HUMAN_CURATED","TIER_6_NEEDS_REVIEW","HUMAN_CURATED","N/A",0,0,1,"Historical"
"q-cmp-law-0006","HUMAN_CURATED","TIER_6_NEEDS_REVIEW","HUMAN_CURATED","N/A",0,0,1,"Historical"
"q-cmp-law-0007","HUMAN_CURATED","TIER_6_NEEDS_REVIEW","HUMAN_CURATED","N/A",0,0,1,"Historical"
"q-cmp-law-0008","HUMAN_CURATED","TIER_6_NEEDS_REVIEW","HUMAN_CURATED","N/A",0,0,1,"Historical"
"q-cmp-law-0009","HUMAN_CURATED","TIER_6_NEEDS_REVIEW","HUMAN_CURATED","N/A",0,0,1,"Historical"
"q-cmp-law-0010","HUMAN_CURATED","TIER_6_NEEDS_REVIEW","HUMAN_CURATED","N/A",0,0,1,"Historical"
"q-cmp-law-0011","HUMAN_CURATED","TIER_6_NEEDS_REVIEW","HUMAN_CURATED","N/A",0,0,1,"Historical"
"q-cmp-law-0012","HUMAN_CURATED","TIER_6_NEEDS_REVIEW","HUMAN_CURATED","N/A",0,0,1,"Historical"
"q-cmp-law-0013","HUMAN_CURATED","TIER_6_NEEDS_REVIEW","HUMAN_CURATED","N/A",0,0,1,"Historical"
"q-cmp-law-0014","HUMAN_CURATED","TIER_6_NEEDS_REVIEW","HUMAN_CURATED","N/A",0,0,1,"Historical"
"q-cmp-law-0015","HUMAN_CURATED","TIER_6_NEEDS_REVIEW","HUMAN_CURATED","N/A",0,0,1,"Historical"
"q-cmp-law-0016","HUMAN_CURATED","TIER_6_NEEDS_REVIEW","HUMAN_CURATED","N/A",0,0,1,"Historical"
"q-cmp-law-0017","HUMAN_CURATED","TIER_6_NEEDS_REVIEW","HUMAN_CURATED","N/A",0,0,1,"Historical"
"q-cmp-law-0018","HUMAN_CURATED","TIER_6_NEEDS_REVIEW","HUMAN_CURATED","N/A",0,0,1,"Historical"
"q-cmp-law-0019","HUMAN_CURATED","TIER_6_NEEDS_REVIEW","HUMAN_CURATED","N/A",0,0,1,"Historical"
"q-cmp-law-0020","HUMAN_CURATED","TIER_6_NEEDS_REVIEW","HUMAN_CURATED","N/A",0,0,1,"Historical"
"q-cmp-law-0021","HUMAN_CURATED","TIER_6_NEEDS_REVIEW","HUMAN_CURATED","N/A",0,0,1,"Historical"
"q-cmp-law-0022","HUMAN_CURATED","TIER_6_NEEDS_REVIEW","HUMAN_CURATED","N/A",0,0,1,"Historical"
"q-cmp-law-0023","HUMAN_CURATED","TIER_6_NEEDS_REVIEW","HUMAN_CURATED","N/A",0,0,1,"Historical"
"q-cmp-law-0024","HUMAN_CURATED","TIER_6_NEEDS_REVIEW","HUMAN_CURATED","N/A",0,0,1,"Historical"
"q-cmp-law-0025","HUMAN_CURATED","TIER_6_NEEDS_REVIEW","HUMAN_CURATED","N/A",0,0,1,"Historical"
"q-cmp-rsc-0001","HUMAN_CURATED","TIER_4_HUMAN_CURATED","HUMAN_CURATED","N/A",0,0,1,"Historical"
"q-cmp-rsc-0002","HUMAN_CURATED","TIER_4_HUMAN_CURATED","HUMAN_CURATED","N/A",0,0,1,"Historical"
"q-cmp-rsc-0003","HUMAN_CURATED","TIER_4_HUMAN_CURATED","HUMAN_CURATED","N/A",0,0,1,"Historical"
"q-cmp-rsc-0004","HUMAN_CURATED","TIER_4_HUMAN_CURATED","HUMAN_CURATED","N/A",0,0,1,"Historical"
"q-cmp-rsc-0005","HUMAN_CURATED","TIER_4_HUMAN_CURATED","HUMAN_CURATED","N/A",0,0,1,"Historical"
"q-cmp-rsc-0006","HUMAN_CURATED","TIER_4_HUMAN_CURATED","HUMAN_CURATED","N/A",0,0,1,"Historical"
"q-cmp-rsc-0007","HUMAN_CURATED","TIER_4_HUMAN_CURATED","HUMAN_CURATED","N/A",0,0,1,"Historical"
"q-cmp-rsc-0008","HUMAN_CURATED","TIER_4_HUMAN_CURATED","HUMAN_CURATED","N/A",0,0,1,"Historical"
"q-cmp-rsc-0009","HUMAN_CURATED","TIER_4_HUMAN_CURATED","HUMAN_CURATED","N/A",0,0,1,"Historical"
"q-cmp-rsc-0010","HUMAN_CURATED","TIER_4_HUMAN_CURATED","HUMAN_CURATED","N/A",0,0,1,"Historical"
"q-cmp-rsc-0011","HUMAN_CURATED","TIER_4_HUMAN_CURATED","HUMAN_CURATED","N/A",0,0,1,"Historical"
"q-cmp-rsc-0012","HUMAN_CURATED","TIER_4_HUMAN_CURATED","HUMAN_CURATED","N/A",0,0,1,"Historical"
"q-cmp-rsc-0013","HUMAN_CURATED","TIER_4_HUMAN_CURATED","HUMAN_CURATED","N/A",0,0,1,"Historical"
"q-cmp-rsc-0014","HUMAN_CURATED","TIER_4_HUMAN_CURATED","HUMAN_CURATED","N/A",0,0,1,"Historical"
"q-cmp-rsc-0015","HUMAN_CURATED","TIER_4_HUMAN_CURATED","HUMAN_CURATED","N/A",0,0,1,"Historical"
"q-cmp-rsc-0016","HUMAN_CURATED","TIER_4_HUMAN_CURATED","HUMAN_CURATED","N/A",0,0,1,"Historical"
"q-cmp-rsc-0017","HUMAN_CURATED","TIER_4_HUMAN_CURATED","HUMAN_CURATED","N/A",0,0,1,"Historical"
"q-cmp-rsc-0018","HUMAN_CURATED","TIER_4_HUMAN_CURATED","HUMAN_CURATED","N/A",0,0,1,"Historical"
"q-cmp-rsc-0019","HUMAN_CURATED","TIER_4_HUMAN_CURATED","HUMAN_CURATED","N/A",0,0,1,"Historical"
"q-cmp-rsc-0020","HUMAN_CURATED","TIER_4_HUMAN_CURATED","HUMAN_CURATED","N/A",0,0,1,"Historical"
"q-cmp-rsc-0021","HUMAN_CURATED","TIER_4_HUMAN_CURATED","HUMAN_CURATED","N/A",0,0,1,"Historical"
"q-cmp-rsc-0022","HUMAN_CURATED","TIER_4_HUMAN_CURATED","HUMAN_CURATED","N/A",0,0,1,"Historical"
"q-cmp-rsc-0023","HUMAN_CURATED","TIER_4_HUMAN_CURATED","HUMAN_CURATED","N/A",0,0,1,"Historical"
"q-cmp-rsc-0024","HUMAN_CURATED","TIER_4_HUMAN_CURATED","HUMAN_CURATED","N/A",0,0,1,"Historical"
"q-cmp-rsc-0025","HUMAN_CURATED","TIER_4_HUMAN_CURATED","HUMAN_CURATED","N/A",0,0,1,"Historical"
"q-cmp-rsc-0026","HUMAN_CURATED","TIER_4_HUMAN_CURATED","HUMAN_CURATED","N/A",0,0,1,"Historical"
"q-cmp-rsc-0027","HUMAN_CURATED","TIER_4_HUMAN_CURATED","HUMAN_CURATED","N/A",0,0,1,"Historical"
"q-cmp-rsc-0028","HUMAN_CURATED","TIER_4_HUMAN_CURATED","HUMAN_CURATED","N/A",0,0,1,"Historical"
"q-cmp-rsc-0029","HUMAN_CURATED","TIER_4_HUMAN_CURATED","HUMAN_CURATED","N/A",0,0,1,"Historical"
"q-cmp-rsc-0030","HUMAN_CURATED","TIER_4_HUMAN_CURATED","HUMAN_CURATED","N/A",0,0,1,"Historical"
"q-cmp-gk-0001","HUMAN_CURATED","TIER_4_HUMAN_CURATED","HUMAN_CURATED","N/A",0,0,1,"Historical"
"q-cmp-gk-0002","HUMAN_CURATED","TIER_4_HUMAN_CURATED","HUMAN_CURATED","N/A",0,0,1,"Historical"
"q-cmp-gk-0003","HUMAN_CURATED","TIER_4_HUMAN_CURATED","HUMAN_CURATED","N/A",0,0,1,"Historical"
"q-cmp-gk-0004","HUMAN_CURATED","TIER_4_HUMAN_CURATED","HUMAN_CURATED","N/A",0,0,1,"Historical"
"q-cmp-gk-0005","HUMAN_CURATED","TIER_4_HUMAN_CURATED","HUMAN_CURATED","N/A",0,0,1,"Historical"
"q-cmp-gk-0006","HUMAN_CURATED","TIER_4_HUMAN_CURATED","HUMAN_CURATED","N/A",0,0,1,"Historical"
"q-cmp-gk-0007","HUMAN_CURATED","TIER_4_HUMAN_CURATED","HUMAN_CURATED","N/A",0,0,1,"Historical"
"q-cmp-gk-0008","HUMAN_CURATED","TIER_4_HUMAN_CURATED","HUMAN_CURATED","N/A",0,0,1,"Historical"
"q-cmp-gk-0009","HUMAN_CURATED","TIER_4_HUMAN_CURATED","HUMAN_CURATED","N/A",0,0,1,"Historical"
"q-cmp-gk-0010","HUMAN_CURATED","TIER_4_HUMAN_CURATED","HUMAN_CURATED","N/A",0,0,1,"Historical"
"q-cmp-gk-0011","HUMAN_CURATED","TIER_4_HUMAN_CURATED","HUMAN_CURATED","N/A",0,0,1,"Historical"
"q-cmp-gk-0012","HUMAN_CURATED","TIER_4_HUMAN_CURATED","HUMAN_CURATED","N/A",0,0,1,"Historical"
"q-cmp-gk-0013","HUMAN_CURATED","TIER_4_HUMAN_CURATED","HUMAN_CURATED","N/A",0,0,1,"Historical"
"q-cmp-gk-0014","HUMAN_CURATED","TIER_4_HUMAN_CURATED","HUMAN_CURATED","N/A",0,0,1,"Historical"
"q-cmp-gk-0015","HUMAN_CURATED","TIER_4_HUMAN_CURATED","HUMAN_CURATED","N/A",0,0,1,"Historical"
"q-cmp-gk-0016","HUMAN_CURATED","TIER_4_HUMAN_CURATED","HUMAN_CURATED","N/A",0,0,1,"Historical"
"q-cmp-gk-0017","HUMAN_CURATED","TIER_4_HUMAN_CURATED","HUMAN_CURATED","N/A",0,0,1,"Historical"
"q-cmp-gk-0018","HUMAN_CURATED","TIER_4_HUMAN_CURATED","HUMAN_CURATED","N/A",0,0,1,"Historical"
"q-cmp-gk-0019","HUMAN_CURATED","TIER_4_HUMAN_CURATED","HUMAN_CURATED","N/A",0,0,1,"Historical"
"q-cmp-gk-0020","HUMAN_CURATED","TIER_4_HUMAN_CURATED","HUMAN_CURATED","N/A",0,0,1,"Historical"
"q-cmp-gk-0021","HUMAN_CURATED","TIER_4_HUMAN_CURATED","HUMAN_CURATED","N/A",0,0,1,"Historical"
"q-cmp-gk-0022","HUMAN_CURATED","TIER_4_HUMAN_CURATED","HUMAN_CURATED","N/A",0,0,1,"Historical"
"q-cmp-gk-0023","HUMAN_CURATED","TIER_4_HUMAN_CURATED","HUMAN_CURATED","N/A",0,0,1,"Historical"
"q-cmp-gk-0024","HUMAN_CURATED","TIER_4_HUMAN_CURATED","HUMAN_CURATED","N/A",0,0,1,"Historical"
"q-cmp-gk-0025","HUMAN_CURATED","TIER_4_HUMAN_CURATED","HUMAN_CURATED","N/A",0,0,1,"Historical"
"q-cmp-gk-0026","HUMAN_CURATED","TIER_4_HUMAN_CURATED","HUMAN_CURATED","N/A",0,0,1,"Historical"
"q-cmp-gk-0027","HUMAN_CURATED","TIER_4_HUMAN_CURATED","HUMAN_CURATED","N/A",0,0,1,"Historical"
"q-cmp-gk-0028","HUMAN_CURATED","TIER_4_HUMAN_CURATED","HUMAN_CURATED","N/A",0,0,1,"Historical"
"q-cmp-gk-0029","HUMAN_CURATED","TIER_4_HUMAN_CURATED","HUMAN_CURATED","N/A",0,0,1,"Historical"
"q-cmp-gk-0030","HUMAN_CURATED","TIER_4_HUMAN_CURATED","HUMAN_CURATED","N/A",0,0,1,"Historical"