questionId,paperId,artifactId,componentId,action,commitStatus,transactionId,committedAt,provenance,verificationStatus,practiceEligible,fullExamEligible
"q-hy-hi-0001","paper-verified-corpus","src-official-repo","comp-practice","PRESERVE_AND_INDEX","COMMITTED","tx-batch-p10-001","2026-09-29T06:10:00Z","HUMAN_CURATED","VERIFIED",1,0
"q-hy-hi-0002","paper-verified-corpus","src-official-repo","comp-practice","PRESERVE_AND_INDEX","COMMITTED","tx-batch-p10-001","2026-09-29T06:10:00Z","HUMAN_CURATED","VERIFIED",1,0
"q-hy-hi-0003","paper-verified-corpus","src-official-repo","comp-practice","PRESERVE_AND_INDEX","COMMITTED","tx-batch-p10-001","2026-09-29T06:10:00Z","HUMAN_CURATED","VERIFIED",1,0
"q-hy-hi-0004","paper-verified-corpus","src-official-repo","comp-practice","PRESERVE_AND_INDEX","COMMITTED","tx-batch-p10-001","2026-09-29T06:10:00Z","HUMAN_CURATED","VERIFIED",1,0
"q-hy-hi-0005","paper-verified-corpus","src-official-repo","comp-practice","PRESERVE_AND_INDEX","COMMITTED","tx-batch-p10-001","2026-09-29T06:10:00Z","HUMAN_CURATED","VERIFIED",1,0
"q-hy-hi-0006","paper-verified-corpus","src-official-repo","comp-practice","PRESERVE_AND_INDEX","COMMITTED","tx-batch-p10-001","2026-09-29T06:10:00Z","HUMAN_CURATED","VERIFIED",1,0
"q-hy-hi-0007","paper-verified-corpus","src-official-repo","comp-practice","PRESERVE_AND_INDEX","COMMITTED","tx-batch-p10-001","2026-09-29T06:10:00Z","HUMAN_CURATED","VERIFIED",1,0
"q-hy-hi-0008","paper-verified-corpus","src-official-repo","comp-practice","PRESERVE_AND_INDEX","COMMITTED","tx-batch-p10-001","2026-09-29T06:10:00Z","HUMAN_CURATED","VERIFIED",1,0
"q-hy-hi-0009","paper-verified-corpus","src-official-repo","comp-practice","PRESERVE_AND_INDEX","COMMITTED","tx-batch-p10-001","2026-09-29T06:10:00Z","HUMAN_CURATED","VERIFIED",1,0
"q-hy-hi-0010","paper-verified-corpus","src-official-repo","comp-practice","PRESERVE_AND_INDEX","COMMITTED","tx-batch-p10-001","2026-09-29T06:10:00Z","HUMAN_CURATED","VERIFIED",1,0
"q-hy-hi-0011","paper-verified-corpus","src-official-repo","comp-practice","PRESERVE_AND_INDEX","COMMITTED","tx-batch-p10-001","2026-09-29T06:10:00Z","HUMAN_CURATED","VERIFIED",1,0
"q-hy-hi-0012","paper-verified-corpus","src-official-repo","comp-practice","PRESERVE_AND_INDEX","COMMITTED","tx-batch-p10-001","2026-09-29T06:10:00Z","HUMAN_CURATED","VERIFIED",1,0
"q-hy-hi-0013","paper-verified-corpus","src-official-repo","comp-practice","PRESERVE_AND_INDEX","COMMITTED","tx-batch-p10-001","2026-09-29T06:10:00Z","HUMAN_CURATED","VERIFIED",1,0
"q-hy-hi-0014","paper-verified-corpus","src-official-repo","comp-practice","PRESERVE_AND_INDEX","COMMITTED","tx-batch-p10-001","2026-09-29T06:10:00Z","HUMAN_CURATED","VERIFIED",1,0
"q-hy-hi-0015","paper-verified-corpus","src-official-repo","comp-practice","PRESERVE_AND_INDEX","COMMITTED","tx-batch-p10-001","2026-09-29T06:10:00Z","HUMAN_CURATED","VERIFIED",1,0
"q-hy-hi-0016","paper-verified-corpus","src-official-repo","comp-practice","PRESERVE_AND_INDEX","COMMITTED","tx-batch-p10-001","2026-09-29T06:10:00Z","HUMAN_CURATED","VERIFIED",1,0
"q-hy-hi-0017","paper-verified-corpus","src-official-repo","comp-practice","PRESERVE_AND_INDEX","COMMITTED","tx-batch-p10-001","2026-09-29T06:10:00Z","HUMAN_CURATED","VERIFIED",1,0
"q-hy-hi-0018","paper-verified-corpus","src-official-repo","comp-practice","PRESERVE_AND_INDEX","COMMITTED","tx-batch-p10-001","2026-09-29T06:10:00Z","HUMAN_CURATED","VERIFIED",1,0
"q-hy-hi-0019","paper-verified-corpus","src-official-repo","comp-practice","PRESERVE_AND_INDEX","COMMITTED","tx-batch-p10-001","2026-09-29T06:10:00Z","HUMAN_CURATED","VERIFIED",1,0
"q-hy-hi-0020","paper-verified-corpus","src-official-repo","comp-practice","PRESERVE_AND_INDEX","COMMITTED","tx-batch-p10-001","2026-09-29T06:10:00Z","HUMAN_CURATED","VERIFIED",1,0
"q-hy-hi-0021","paper-verified-corpus","src-official-repo","comp-practice","PRESERVE_AND_INDEX","COMMITTED","tx-batch-p10-001","2026-09-29T06:10:00Z","HUMAN_CURATED","VERIFIED",1,0
"q-hy-hi-0022","paper-verified-corpus","src-official-repo","comp-practice","PRESERVE_AND_INDEX","COMMITTED","tx-batch-p10-001","2026-09-29T06:10:00Z","HUMAN_CURATED","VERIFIED",1,0
"q-hy-hi-0023","paper-verified-corpus","src-official-repo","comp-practice","PRESERVE_AND_INDEX","COMMITTED","tx-batch-p10-001","2026-09-29T06:10:00Z","HUMAN_CURATED","VERIFIED",1,0
"q-hy-hi-0024","paper-verified-corpus","src-official-repo","comp-practice","PRESERVE_AND_INDEX","COMMITTED","tx-batch-p10-001","2026-09-29T06:10:00Z","HUMAN_CURATED","VERIFIED",1,0
"q-hy-hi-0025","paper-verified-corpus","src-official-repo","comp-practice","PRESERVE_AND_INDEX","COMMITTED","tx-batch-p10-001","2026-09-29T06:10:00Z","HUMAN_CURATED","VERIFIED",1,0
"q-hy-hi-0026","paper-verified-corpus","src-official-repo","comp-practice","PRESERVE_AND_INDEX","COMMITTED","tx-batch-p10-001","2026-09-29T06:10:00Z","HUMAN_CURATED","VERIFIED",1,0
"q-hy-hi-0027","paper-verified-corpus","src-official-repo","comp-practice","PRESERVE_AND_INDEX","COMMITTED","tx-batch-p10-001","2026-09-29T06:10:00Z","HUMAN_CURATED","VERIFIED",1,0
"q-hy-hi-0028","paper-verified-corpus","src-official-repo","comp-practice","PRESERVE_AND_INDEX","COMMITTED","tx-batch-p10-001","2026-09-29T06:10:00Z","HUMAN_CURATED","VERIFIED",1,0
"q-hy-hi-0029","paper-verified-corpus","src-official-repo","comp-practice","PRESERVE_AND_INDEX","COMMITTED","tx-batch-p10-001","2026-09-29T06:10:00Z","HUMAN_CURATED","VERIFIED",1,0
"q-hy-hi-0030","paper-verified-corpus","src-official-repo","comp-practice","PRESERVE_AND_INDEX","COMMITTED","tx-batch-p10-001","2026-09-29T06:10:00Z","HUMAN_CURATED","VERIFIED",1,0
"q-hy-hi-0031","paper-verified-corpus","src-official-repo","comp-practice","PRESERVE_AND_INDEX","COMMITTED","tx-batch-p10-001","2026-09-29T06:10:00Z","HUMAN_CURATED","VERIFIED",1,0
"q-hy-hi-0032","paper-verified-corpus","src-official-repo","comp-practice","PRESERVE_AND_INDEX","COMMITTED","tx-batch-p10-001","2026-09-29T06:10:00Z","HUMAN_CURATED","VERIFIED",1,0
"q-hy-hi-0033","paper-verified-corpus","src-official-repo","comp-practice","PRESERVE_AND_INDEX","COMMITTED","tx-batch-p10-001","2026-09-29T06:10:00Z","HUMAN_CURATED","VERIFIED",1,0
"q-hy-hi-0034","paper-verified-corpus","src-official-repo","comp-practice","PRESERVE_AND_INDEX","COMMITTED","tx-batch-p10-001","2026-09-29T06:10:00Z","HUMAN_CURATED","VERIFIED",1,0
"q-hy-hi-0035","paper-verified-corpus","src-official-repo","comp-practice","PRESERVE_AND_INDEX","COMMITTED","tx-batch-p10-001","2026-09-29T06:10:00Z","HUMAN_CURATED","VERIFIED",1,0
"q-hy-hi-0036","paper-verified-corpus","src-official-repo","comp-practice","PRESERVE_AND_INDEX","COMMITTED","tx-batch-p10-001","2026-09-29T06:10:00Z","HUMAN_CURATED","VERIFIED",1,0
"q-hy-hi-0037","paper-verified-corpus","src-official-repo","comp-practice","PRESERVE_AND_INDEX","COMMITTED","tx-batch-p10-001","2026-09-29T06:10:00Z","HUMAN_CURATED","VERIFIED",1,0
"q-hy-hi-0038","paper-verified-corpus","src-official-repo","comp-practice","PRESERVE_AND_INDEX","COMMITTED","tx-batch-p10-001","2026-09-29T06:10:00Z","HUMAN_CURATED","VERIFIED",1,0
"q-hy-hi-0039","paper-verified-corpus","src-official-repo","comp-practice","PRESERVE_AND_INDEX","COMMITTED","tx-batch-p10-001","2026-09-29T06:10:00Z","HUMAN_CURATED","VERIFIED",1,0
"q-hy-hi-0040","paper-verified-corpus","src-official-repo","comp-practice","PRESERVE_AND_INDEX","COMMITTED","tx-batch-p10-001","2026-09-29T06:10:00Z","HUMAN_CURATED","VERIFIED",1,0
"q-hy-hi-0041","paper-verified-corpus","src-official-repo","comp-practice","PRESERVE_AND_INDEX","COMMITTED","tx-batch-p10-001","2026-09-29T06:10:00Z","HUMAN_CURATED","VERIFIED",1,0
"q-hy-hi-0042","paper-verified-corpus","src-official-repo","comp-practice","PRESERVE_AND_INDEX","COMMITTED","tx-batch-p10-001","2026-09-29T06:10:00Z","HUMAN_CURATED","VERIFIED",1,0
"q-hy-hi-0043","paper-verified-corpus","src-official-repo","comp-practice","PRESERVE_AND_INDEX","COMMITTED","tx-batch-p10-001","2026-09-29T06:10:00Z","HUMAN_CURATED","VERIFIED",1,0
"q-hy-hi-0044","paper-verified-corpus","src-official-repo","comp-practice","PRESERVE_AND_INDEX","COMMITTED","tx-batch-p10-001","2026-09-29T06:10:00Z","HUMAN_CURATED","VERIFIED",1,0
"q-hy-hi-0045","paper-verified-corpus","src-official-repo","comp-practice","PRESERVE_AND_INDEX","COMMITTED","tx-batch-p10-001","2026-09-29T06:10:00Z","HUMAN_CURATED","VERIFIED",1,0
"q-hy-hi-0046","paper-verified-corpus","src-official-repo","comp-practice","PRESERVE_AND_INDEX","COMMITTED","tx-batch-p10-001","2026-09-29T06:10:00Z","HUMAN_CURATED","VERIFIED",1,0
"q-hy-hi-0047","paper-verified-corpus","src-official-repo","comp-practice","PRESERVE_AND_INDEX","COMMITTED","tx-batch-p10-001","2026-09-29T06:10:00Z","HUMAN_CURATED","VERIFIED",1,0
"q-hy-hi-0048","paper-verified-corpus","src-official-repo","comp-practice","PRESERVE_AND_INDEX","COMMITTED","tx-batch-p10-001","2026-09-29T06:10:00Z","HUMAN_CURATED","VERIFIED",1,0
"q-hy-hi-0049","paper-verified-corpus","src-official-repo","comp-practice","PRESERVE_AND_INDEX","COMMITTED","tx-batch-p10-001","2026-09-29T06:10:00Z","HUMAN_CURATED","VERIFIED",1,0
"q-hy-hi-0050","paper-verified-corpus","src-official-repo","comp-practice","PRESERVE_AND_INDEX","COMMITTED","tx-batch-p10-001","2026-09-29T06:10:00Z","HUMAN_CURATED","VERIFIED",1,0
"q-hy-hi-0051","paper-verified-corpus","src-official-repo","comp-practice","PRESERVE_AND_INDEX","COMMITTED","tx-batch-p10-001","2026-09-29T06:10:00Z","HUMAN_CURATED","VERIFIED",1,0
"q-hy-hi-0052","paper-verified-corpus","src-official-repo","comp-practice","PRESERVE_AND_INDEX","COMMITTED","tx-batch-p10-001","2026-09-29T06:10:00Z","HUMAN_CURATED","VERIFIED",1,0
"q-hy-hi-0053","paper-verified-corpus","src-official-repo","comp-practice","PRESERVE_AND_INDEX","COMMITTED","tx-batch-p10-001","2026-09-29T06:10:00Z","HUMAN_CURATED","VERIFIED",1,0
"q-hy-hi-0054","paper-verified-corpus","src-official-repo","comp-practice","PRESERVE_AND_INDEX","COMMITTED","tx-batch-p10-001","2026-09-29T06:10:00Z","HUMAN_CURATED","VERIFIED",1,0
"q-hy-hi-0055","paper-verified-corpus","src-official-repo","comp-practice","PRESERVE_AND_INDEX","COMMITTED","tx-batch-p10-001","2026-09-29T06:10:00Z","HUMAN_CURATED","VERIFIED",1,0
"q-hy-hi-0056","paper-verified-corpus","src-official-repo","comp-practice","PRESERVE_AND_INDEX","COMMITTED","tx-batch-p10-001","2026-09-29T06:10:00Z","HUMAN_CURATED","VERIFIED",1,0
"q-hy-hi-0057","paper-verified-corpus","src-official-repo","comp-practice","PRESERVE_AND_INDEX","COMMITTED","tx-batch-p10-001","2026-09-29T06:10:00Z","HUMAN_CURATED","VERIFIED",1,0
"q-hy-hi-0058","paper-verified-corpus","src-official-repo","comp-practice","PRESERVE_AND_INDEX","COMMITTED","tx-batch-p10-001","2026-09-29T06:10:00Z","HUMAN_CURATED","VERIFIED",1,0
"q-hy-hi-0059","paper-verified-corpus","src-official-repo","comp-practice","PRESERVE_AND_INDEX","COMMITTED","tx-batch-p10-001","2026-09-29T06:10:00Z","HUMAN_CURATED","VERIFIED",1,0
"q-hy-hi-0060","paper-verified-corpus","src-official-repo","comp-practice","PRESERVE_AND_INDEX","COMMITTED","tx-batch-p10-001","2026-09-29T06:10:00Z","HUMAN_CURATED","VERIFIED",1,0
"q-hy-hi-0061","paper-verified-corpus","src-official-repo","comp-practice","PRESERVE_AND_INDEX","COMMITTED","tx-batch-p10-001","2026-09-29T06:10:00Z","HUMAN_CURATED","VERIFIED",1,0
"q-hy-hi-0062","paper-verified-corpus","src-official-repo","comp-practice","PRESERVE_AND_INDEX","COMMITTED","tx-batch-p10-001","2026-09-29T06:10:00Z","HUMAN_CURATED","VERIFIED",1,0
"q-hy-hi-0063","paper-verified-corpus","src-official-repo","comp-practice","PRESERVE_AND_INDEX","COMMITTED","tx-batch-p10-001","2026-09-29T06:10:00Z","HUMAN_CURATED","VERIFIED",1,0
"q-hy-hi-0064","paper-verified-corpus","src-official-repo","comp-practice","PRESERVE_AND_INDEX","COMMITTED","tx-batch-p10-001","2026-09-29T06:10:00Z","HUMAN_CURATED","VERIFIED",1,0
"q-hy-hi-0065","paper-verified-corpus","src-official-repo","comp-practice","PRESERVE_AND_INDEX","COMMITTED","tx-batch-p10-001","2026-09-29T06:10:00Z","HUMAN_CURATED","VERIFIED",1,0
"q-hy-hi-0066","paper-verified-corpus","src-official-repo","comp-practice","PRESERVE_AND_INDEX","COMMITTED","tx-batch-p10-001","2026-09-29T06:10:00Z","HUMAN_CURATED","VERIFIED",1,0
"q-hy-hi-0067","paper-verified-corpus","src-official-repo","comp-practice","PRESERVE_AND_INDEX","COMMITTED","tx-batch-p10-001","2026-09-29T06:10:00Z","HUMAN_CURATED","VERIFIED",1,0
"q-hy-hi-0068","paper-verified-corpus","src-official-repo","comp-practice","PRESERVE_AND_INDEX","COMMITTED","tx-batch-p10-001","2026-09-29T06:10:00Z","HUMAN_CURATED","VERIFIED",1,0
"q-hy-hi-0069","paper-verified-corpus","src-official-repo","comp-practice","PRESERVE_AND_INDEX","COMMITTED","tx-batch-p10-001","2026-09-29T06:10:00Z","HUMAN_CURATED","VERIFIED",1,0
"q-hy-hi-0070","paper-verified-corpus","src-official-repo","comp-practice","PRESERVE_AND_INDEX","COMMITTED","tx-batch-p10-001","2026-09-29T06:10:00Z","HUMAN_CURATED","VERIFIED",1,0
"q-hy-hi-0071","paper-verified-corpus","src-official-repo","comp-practice","PRESERVE_AND_INDEX","COMMITTED","tx-batch-p10-001","2026-09-29T06:10:00Z","HUMAN_CURATED","VERIFIED",1,0
"q-hy-hi-0072","paper-verified-corpus","src-official-repo","comp-practice","PRESERVE_AND_INDEX","COMMITTED","tx-batch-p10-001","2026-09-29T06:10:00Z","HUMAN_CURATED","VERIFIED",1,0
"q-hy-hi-0073","paper-verified-corpus","src-official-repo","comp-practice","PRESERVE_AND_INDEX","COMMITTED","tx-batch-p10-001","2026-09-29T06:10:00Z","HUMAN_CURATED","VERIFIED",1,0
"q-hy-hi-0074","paper-verified-corpus","src-official-repo","comp-practice","PRESERVE_AND_INDEX","COMMITTED","tx-batch-p10-001","2026-09-29T06:10:00Z","HUMAN_CURATED","VERIFIED",1,0
"q-hy-hi-0075","paper-verified-corpus","src-official-repo","comp-practice","PRESERVE_AND_INDEX","COMMITTED","tx-batch-p10-001","2026-09-29T06:10:00Z","HUMAN_CURATED","VERIFIED",1,0
"q-hy-hi-0076","paper-verified-corpus","src-official-repo","comp-practice","PRESERVE_AND_INDEX","COMMITTED","tx-batch-p10-001","2026-09-29T06:10:00Z","HUMAN_CURATED","VERIFIED",1,0
"q-hy-hi-0077","paper-verified-corpus","src-official-repo","comp-practice","PRESERVE_AND_INDEX","COMMITTED","tx-batch-p10-001","2026-09-29T06:10:00Z","HUMAN_CURATED","VERIFIED",1,0
"q-hy-hi-0078","paper-verified-corpus","src-official-repo","comp-practice","PRESERVE_AND_INDEX","COMMITTED","tx-batch-p10-001","2026-09-29T06:10:00Z","HUMAN_CURATED","VERIFIED",1,0
"q-hy-hi-0079","paper-verified-corpus","src-official-repo","comp-practice","PRESERVE_AND_INDEX","COMMITTED","tx-batch-p10-001","2026-09-29T06:10:00Z","HUMAN_CURATED","VERIFIED",1,0
"q-hy-hi-0080","paper-verified-corpus","src-official-repo","comp-practice","PRESERVE_AND_INDEX","COMMITTED","tx-batch-p10-001","2026-09-29T06:10:00Z","HUMAN_CURATED","VERIFIED",1,0
"q-hy-hi-0081","paper-verified-corpus","src-official-repo","comp-practice","PRESERVE_AND_INDEX","COMMITTED","tx-batch-p10-001","2026-09-29T06:10:00Z","HUMAN_CURATED","VERIFIED",1,0
"q-hy-hi-0082","paper-verified-corpus","src-official-repo","comp-practice","PRESERVE_AND_INDEX","COMMITTED","tx-batch-p10-001","2026-09-29T06:10:00Z","HUMAN_CURATED","VERIFIED",1,0
"q-hy-hi-0083","paper-verified-corpus","src-official-repo","comp-practice","PRESERVE_AND_INDEX","COMMITTED","tx-batch-p10-001","2026-09-29T06:10:00Z","HUMAN_CURATED","VERIFIED",1,0
"q-hy-hi-0084","paper-verified-corpus","src-official-repo","comp-practice","PRESERVE_AND_INDEX","COMMITTED","tx-batch-p10-001","2026-09-29T06:10:00Z","HUMAN_CURATED","VERIFIED",1,0
"q-hy-hi-0085","paper-verified-corpus","src-official-repo","comp-practice","PRESERVE_AND_INDEX","COMMITTED","tx-batch-p10-001","2026-09-29T06:10:00Z","HUMAN_CURATED","VERIFIED",1,0
"q-hy-math-0001","paper-verified-corpus","src-official-repo","comp-practice","PRESERVE_AND_INDEX","COMMITTED","tx-batch-p10-001","2026-09-29T06:10:00Z","HUMAN_CURATED","VERIFIED",1,0
"q-hy-math-0002","paper-verified-corpus","src-official-repo","comp-practice","PRESERVE_AND_INDEX","COMMITTED","tx-batch-p10-001","2026-09-29T06:10:00Z","HUMAN_CURATED","VERIFIED",1,0
"q-hy-math-0003","paper-verified-corpus","src-official-repo","comp-practice","PRESERVE_AND_INDEX","COMMITTED","tx-batch-p10-001","2026-09-29T06:10:00Z","HUMAN_CURATED","VERIFIED",1,0
"q-hy-math-0004","paper-verified-corpus","src-official-repo","comp-practice","PRESERVE_AND_INDEX","COMMITTED","tx-batch-p10-001","2026-09-29T06:10:00Z","HUMAN_CURATED","VERIFIED",1,0
"q-hy-math-0005","paper-verified-corpus","src-official-repo","comp-practice","PRESERVE_AND_INDEX","COMMITTED","tx-batch-p10-001","2026-09-29T06:10:00Z","HUMAN_CURATED","VERIFIED",1,0
"q-hy-math-0006","paper-verified-corpus","src-official-repo","comp-practice","PRESERVE_AND_INDEX","COMMITTED","tx-batch-p10-001","2026-09-29T06:10:00Z","HUMAN_CURATED","VERIFIED",1,0
"q-hy-math-0007","paper-verified-corpus","src-official-repo","comp-practice","PRESERVE_AND_INDEX","COMMITTED","tx-batch-p10-001","2026-09-29T06:10:00Z","HUMAN_CURATED","VERIFIED",1,0
"q-hy-math-0008","paper-verified-corpus","src-official-repo","comp-practice","PRESERVE_AND_INDEX","COMMITTED","tx-batch-p10-001","2026-09-29T06:10:00Z","HUMAN_CURATED","VERIFIED",1,0
"q-hy-math-0009","paper-verified-corpus","src-official-repo","comp-practice","PRESERVE_AND_INDEX","COMMITTED","tx-batch-p10-001","2026-09-29T06:10:00Z","HUMAN_CURATED","VERIFIED",1,0
"q-hy-math-0010","paper-verified-corpus","src-official-repo","comp-practice","PRESERVE_AND_INDEX","COMMITTED","tx-batch-p10-001","2026-09-29T06:10:00Z","HUMAN_CURATED","VERIFIED",1,0
"q-hy-math-0011","paper-verified-corpus","src-official-repo","comp-practice","PRESERVE_AND_INDEX","COMMITTED","tx-batch-p10-001","2026-09-29T06:10:00Z","HUMAN_CURATED","VERIFIED",1,0
"q-hy-math-0012","paper-verified-corpus","src-official-repo","comp-practice","PRESERVE_AND_INDEX","COMMITTED","tx-batch-p10-001","2026-09-29T06:10:00Z","HUMAN_CURATED","VERIFIED",1,0
"q-hy-math-0013","paper-verified-corpus","src-official-repo","comp-practice","PRESERVE_AND_INDEX","COMMITTED","tx-batch-p10-001","2026-09-29T06:10:00Z","HUMAN_CURATED","VERIFIED",1,0
"q-hy-math-0014","paper-verified-corpus","src-official-repo","comp-practice","PRESERVE_AND_INDEX","COMMITTED","tx-batch-p10-001","2026-09-29T06:10:00Z","HUMAN_CURATED","VERIFIED",1,0
"q-hy-math-0015","paper-verified-corpus","src-official-repo","comp-practice","PRESERVE_AND_INDEX","COMMITTED","tx-batch-p10-001","2026-09-29T06:10:00Z","HUMAN_CURATED","VERIFIED",1,0
"q-hy-math-0016","paper-verified-corpus","src-official-repo","comp-practice","PRESERVE_AND_INDEX","COMMITTED","tx-batch-p10-001","2026-09-29T06:10:00Z","HUMAN_CURATED","VERIFIED",1,0
"q-hy-math-0017","paper-verified-corpus","src-official-repo","comp-practice","PRESERVE_AND_INDEX","COMMITTED","tx-batch-p10-001","2026-09-29T06:10:00Z","HUMAN_CURATED","VERIFIED",1,0
"q-hy-math-0018","paper-verified-corpus","src-official-repo","comp-practice","PRESERVE_AND_INDEX","COMMITTED","tx-batch-p10-001","2026-09-29T06:10:00Z","HUMAN_CURATED","VERIFIED",1,0
"q-hy-math-0019","paper-verified-corpus","src-official-repo","comp-practice","PRESERVE_AND_INDEX","COMMITTED","tx-batch-p10-001","2026-09-29T06:10:00Z","HUMAN_CURATED","VERIFIED",1,0
"q-hy-math-0020","paper-verified-corpus","src-official-repo","comp-practice","PRESERVE_AND_INDEX","COMMITTED","tx-batch-p10-001","2026-09-29T06:10:00Z","HUMAN_CURATED","VERIFIED",1,0
"q-hy-math-0021","paper-verified-corpus","src-official-repo","comp-practice","PRESERVE_AND_INDEX","COMMITTED","tx-batch-p10-001","2026-09-29T06:10:00Z","HUMAN_CURATED","VERIFIED",1,0
"q-hy-math-0022","paper-verified-corpus","src-official-repo","comp-practice","PRESERVE_AND_INDEX","COMMITTED","tx-batch-p10-001","2026-09-29T06:10:00Z","HUMAN_CURATED","VERIFIED",1,0
"q-hy-math-0023","paper-verified-corpus","src-official-repo","comp-practice","PRESERVE_AND_INDEX","COMMITTED","tx-batch-p10-001","2026-09-29T06:10:00Z","HUMAN_CURATED","VERIFIED",1,0
"q-hy-math-0024","paper-verified-corpus","src-official-repo","comp-practice","PRESERVE_AND_INDEX","COMMITTED","tx-batch-p10-001","2026-09-29T06:10:00Z","HUMAN_CURATED","VERIFIED",1,0
"q-hy-math-0025","paper-verified-corpus","src-official-repo","comp-practice","PRESERVE_AND_INDEX","COMMITTED","tx-batch-p10-001","2026-09-29T06:10:00Z","HUMAN_CURATED","VERIFIED",1,0
"q-hy-math-0026","paper-verified-corpus","src-official-repo","comp-practice","PRESERVE_AND_INDEX","COMMITTED","tx-batch-p10-001","2026-09-29T06:10:00Z","HUMAN_CURATED","VERIFIED",1,0
"q-hy-math-0027","paper-verified-corpus","src-official-repo","comp-practice","PRESERVE_AND_INDEX","COMMITTED","tx-batch-p10-001","2026-09-29T06:10:00Z","HUMAN_CURATED","VERIFIED",1,0
"q-hy-math-0028","paper-verified-corpus","src-official-repo","comp-practice","PRESERVE_AND_INDEX","COMMITTED","tx-batch-p10-001","2026-09-29T06:10:00Z","HUMAN_CURATED","VERIFIED",1,0
"q-hy-math-0029","paper-verified-corpus","src-official-repo","comp-practice","PRESERVE_AND_INDEX","COMMITTED","tx-batch-p10-001","2026-09-29T06:10:00Z","HUMAN_CURATED","VERIFIED",1,0
"q-hy-math-0030","paper-verified-corpus","src-official-repo","comp-practice","PRESERVE_AND_INDEX","COMMITTED","tx-batch-p10-001","2026-09-29T06:10:00Z","HUMAN_CURATED","VERIFIED",1,0
"q-hy-math-0031","paper-verified-corpus","src-official-repo","comp-practice","PRESERVE_AND_INDEX","COMMITTED","tx-batch-p10-001","2026-09-29T06:10:00Z","HUMAN_CURATED","VERIFIED",1,0
"q-hy-math-0032","paper-verified-corpus","src-official-repo","comp-practice","PRESERVE_AND_INDEX","COMMITTED","tx-batch-p10-001","2026-09-29T06:10:00Z","HUMAN_CURATED","VERIFIED",1,0
"q-hy-math-0033","paper-verified-corpus","src-official-repo","comp-practice","PRESERVE_AND_INDEX","COMMITTED","tx-batch-p10-001","2026-09-29T06:10:00Z","HUMAN_CURATED","VERIFIED",1,0
"q-hy-math-0034","paper-verified-corpus","src-official-repo","comp-practice","PRESERVE_AND_INDEX","COMMITTED","tx-batch-p10-001","2026-09-29T06:10:00Z","HUMAN_CURATED","VERIFIED",1,0
"q-hy-math-0035","paper-verified-corpus","src-official-repo","comp-practice","PRESERVE_AND_INDEX","COMMITTED","tx-batch-p10-001","2026-09-29T06:10:00Z","HUMAN_CURATED","VERIFIED",1,0
"q-hy-math-0036","paper-verified-corpus","src-official-repo","comp-practice","PRESERVE_AND_INDEX","COMMITTED","tx-batch-p10-001","2026-09-29T06:10:00Z","HUMAN_CURATED","VERIFIED",1,0
"q-hy-math-0037","paper-verified-corpus","src-official-repo","comp-practice","PRESERVE_AND_INDEX","COMMITTED","tx-batch-p10-001","2026-09-29T06:10:00Z","HUMAN_CURATED","VERIFIED",1,0
"q-hy-math-0038","paper-verified-corpus","src-official-repo","comp-practice","PRESERVE_AND_INDEX","COMMITTED","tx-batch-p10-001","2026-09-29T06:10:00Z","HUMAN_CURATED","VERIFIED",1,0
"q-hy-math-0039","paper-verified-corpus","src-official-repo","comp-practice","PRESERVE_AND_INDEX","COMMITTED","tx-batch-p10-001","2026-09-29T06:10:00Z","HUMAN_CURATED","VERIFIED",1,0
"q-hy-math-0040","paper-verified-corpus","src-official-repo","comp-practice","PRESERVE_AND_INDEX","COMMITTED","tx-batch-p10-001","2026-09-29T06:10:00Z","HUMAN_CURATED","VERIFIED",1,0
"q-hy-math-0041","paper-verified-corpus","src-official-repo","comp-practice","PRESERVE_AND_INDEX","COMMITTED","tx-batch-p10-001","2026-09-29T06:10:00Z","HUMAN_CURATED","VERIFIED",1,0
"q-hy-math-0042","paper-verified-corpus","src-official-repo","comp-practice","PRESERVE_AND_INDEX","COMMITTED","tx-batch-p10-001","2026-09-29T06:10:00Z","HUMAN_CURATED","VERIFIED",1,0
"q-hy-math-0043","paper-verified-corpus","src-official-repo","comp-practice","PRESERVE_AND_INDEX","COMMITTED","tx-batch-p10-001","2026-09-29T06:10:00Z","HUMAN_CURATED","VERIFIED",1,0
"q-hy-math-0044","paper-verified-corpus","src-official-repo","comp-practice","PRESERVE_AND_INDEX","COMMITTED","tx-batch-p10-001","2026-09-29T06:10:00Z","HUMAN_CURATED","VERIFIED",1,0
"q-hy-math-0045","paper-verified-corpus","src-official-repo","comp-practice","PRESERVE_AND_INDEX","COMMITTED","tx-batch-p10-001","2026-09-29T06:10:00Z","HUMAN_CURATED","VERIFIED",1,0
"q-hy-math-0046","paper-verified-corpus","src-official-repo","comp-practice","PRESERVE_AND_INDEX","COMMITTED","tx-batch-p10-001","2026-09-29T06:10:00Z","HUMAN_CURATED","VERIFIED",1,0
"q-hy-math-0047","paper-verified-corpus","src-official-repo","comp-practice","PRESERVE_AND_INDEX","COMMITTED","tx-batch-p10-001","2026-09-29T06:10:00Z","HUMAN_CURATED","VERIFIED",1,0
"q-hy-math-0048","paper-verified-corpus","src-official-repo","comp-practice","PRESERVE_AND_INDEX","COMMITTED","tx-batch-p10-001","2026-09-29T06:10:00Z","HUMAN_CURATED","VERIFIED",1,0
"q-hy-math-0049","paper-verified-corpus","src-official-repo","comp-practice","PRESERVE_AND_INDEX","COMMITTED","tx-batch-p10-001","2026-09-29T06:10:00Z","HUMAN_CURATED","VERIFIED",1,0
"q-hy-math-0050","paper-verified-corpus","src-official-repo","comp-practice","PRESERVE_AND_INDEX","COMMITTED","tx-batch-p10-001","2026-09-29T06:10:00Z","HUMAN_CURATED","VERIFIED",1,0
"q-hy-math-0051","paper-verified-corpus","src-official-repo","comp-practice","PRESERVE_AND_INDEX","COMMITTED","tx-batch-p10-001","2026-09-29T06:10:00Z","HUMAN_CURATED","VERIFIED",1,0
"q-hy-math-0052","paper-verified-corpus","src-official-repo","comp-practice","PRESERVE_AND_INDEX","COMMITTED","tx-batch-p10-001","2026-09-29T06:10:00Z","HUMAN_CURATED","VERIFIED",1,0
"q-hy-math-0053","paper-verified-corpus","src-official-repo","comp-practice","PRESERVE_AND_INDEX","COMMITTED","tx-batch-p10-001","2026-09-29T06:10:00Z","HUMAN_CURATED","VERIFIED",1,0
"q-hy-math-0054","paper-verified-corpus","src-official-repo","comp-practice","PRESERVE_AND_INDEX","COMMITTED","tx-batch-p10-001","2026-09-29T06:10:00Z","HUMAN_CURATED","VERIFIED",1,0
"q-hy-math-0055","paper-verified-corpus","src-official-repo","comp-practice","PRESERVE_AND_INDEX","COMMITTED","tx-batch-p10-001","2026-09-29T06:10:00Z","HUMAN_CURATED","VERIFIED",1,0
"q-hy-math-0056","paper-verified-corpus","src-official-repo","comp-practice","PRESERVE_AND_INDEX","COMMITTED","tx-batch-p10-001","2026-09-29T06:10:00Z","HUMAN_CURATED","VERIFIED",1,0
"q-hy-math-0057","paper-verified-corpus","src-official-repo","comp-practice","PRESERVE_AND_INDEX","COMMITTED","tx-batch-p10-001","2026-09-29T06:10:00Z","HUMAN_CURATED","VERIFIED",1,0
"q-hy-math-0058","paper-verified-corpus","src-official-repo","comp-practice","PRESERVE_AND_INDEX","COMMITTED","tx-batch-p10-001","2026-09-29T06:10:00Z","HUMAN_CURATED","VERIFIED",1,0
"q-hy-math-0059","paper-verified-corpus","src-official-repo","comp-practice","PRESERVE_AND_INDEX","COMMITTED","tx-batch-p10-001","2026-09-29T06:10:00Z","HUMAN_CURATED","VERIFIED",1,0
"q-hy-math-0060","paper-verified-corpus","src-official-repo","comp-practice","PRESERVE_AND_INDEX","COMMITTED","tx-batch-p10-001","2026-09-29T06:10:00Z","HUMAN_CURATED","VERIFIED",1,0
"q-hy-math-0061","paper-verified-corpus","src-official-repo","comp-practice","PRESERVE_AND_INDEX","COMMITTED","tx-batch-p10-001","2026-09-29T06:10:00Z","HUMAN_CURATED","VERIFIED",1,0
"q-hy-math-0062","paper-verified-corpus","src-official-repo","comp-practice","PRESERVE_AND_INDEX","COMMITTED","tx-batch-p10-001","2026-09-29T06:10:00Z","HUMAN_CURATED","VERIFIED",1,0
"q-hy-math-0063","paper-verified-corpus","src-official-repo","comp-practice","PRESERVE_AND_INDEX","COMMITTED","tx-batch-p10-001","2026-09-29T06:10:00Z","HUMAN_CURATED","VERIFIED",1,0
"q-hy-math-0064","paper-verified-corpus","src-official-repo","comp-practice","PRESERVE_AND_INDEX","COMMITTED","tx-batch-p10-001","2026-09-29T06:10:00Z","HUMAN_CURATED","VERIFIED",1,0
"q-hy-math-0065","paper-verified-corpus","src-official-repo","comp-practice","PRESERVE_AND_INDEX","COMMITTED","tx-batch-p10-001","2026-09-29T06:10:00Z","HUMAN_CURATED","VERIFIED",1,0
"q-hy-math-0066","paper-verified-corpus","src-official-repo","comp-practice","PRESERVE_AND_INDEX","COMMITTED","tx-batch-p10-001","2026-09-29T06:10:00Z","HUMAN_CURATED","VERIFIED",1,0
"q-hy-math-0067","paper-verified-corpus","src-official-repo","comp-practice","PRESERVE_AND_INDEX","COMMITTED","tx-batch-p10-001","2026-09-29T06:10:00Z","HUMAN_CURATED","VERIFIED",1,0
"q-hy-math-0068","paper-verified-corpus","src-official-repo","comp-practice","PRESERVE_AND_INDEX","COMMITTED","tx-batch-p10-001","2026-09-29T06:10:00Z","HUMAN_CURATED","VERIFIED",1,0
"q-hy-math-0069","paper-verified-corpus","src-official-repo","comp-practice","PRESERVE_AND_INDEX","COMMITTED","tx-batch-p10-001","2026-09-29T06:10:00Z","HUMAN_CURATED","VERIFIED",1,0
"q-hy-math-0070","paper-verified-corpus","src-official-repo","comp-practice","PRESERVE_AND_INDEX","COMMITTED","tx-batch-p10-001","2026-09-29T06:10:00Z","HUMAN_CURATED","VERIFIED",1,0
"q-hy-math-0071","paper-verified-corpus","src-official-repo","comp-practice","PRESERVE_AND_INDEX","COMMITTED","tx-batch-p10-001","2026-09-29T06:10:00Z","HUMAN_CURATED","VERIFIED",1,0
"q-hy-math-0072","paper-verified-corpus","src-official-repo","comp-practice","PRESERVE_AND_INDEX","COMMITTED","tx-batch-p10-001","2026-09-29T06:10:00Z","HUMAN_CURATED","VERIFIED",1,0
"q-hy-math-0073","paper-verified-corpus","src-official-repo","comp-practice","PRESERVE_AND_INDEX","COMMITTED","tx-batch-p10-001","2026-09-29T06:10:00Z","HUMAN_CURATED","VERIFIED",1,0
"q-hy-math-0074","paper-verified-corpus","src-official-repo","comp-practice","PRESERVE_AND_INDEX","COMMITTED","tx-batch-p10-001","2026-09-29T06:10:00Z","HUMAN_CURATED","VERIFIED",1,0
"q-hy-math-0075","paper-verified-corpus","src-official-repo","comp-practice","PRESERVE_AND_INDEX","COMMITTED","tx-batch-p10-001","2026-09-29T06:10:00Z","HUMAN_CURATED","VERIFIED",1,0
"q-hy-math-0076","paper-verified-corpus","src-official-repo","comp-practice","PRESERVE_AND_INDEX","COMMITTED","tx-batch-p10-001","2026-09-29T06:10:00Z","HUMAN_CURATED","VERIFIED",1,0
"q-hy-math-0077","paper-verified-corpus","src-official-repo","comp-practice","PRESERVE_AND_INDEX","COMMITTED","tx-batch-p10-001","2026-09-29T06:10:00Z","HUMAN_CURATED","VERIFIED",1,0
"q-hy-math-0078","paper-verified-corpus","src-official-repo","comp-practice","PRESERVE_AND_INDEX","COMMITTED","tx-batch-p10-001","2026-09-29T06:10:00Z","HUMAN_CURATED","VERIFIED",1,0
"q-hy-math-0079","paper-verified-corpus","src-official-repo","comp-practice","PRESERVE_AND_INDEX","COMMITTED","tx-batch-p10-001","2026-09-29T06:10:00Z","HUMAN_CURATED","VERIFIED",1,0
"q-hy-math-0080","paper-verified-corpus","src-official-repo","comp-practice","PRESERVE_AND_INDEX","COMMITTED","tx-batch-p10-001","2026-09-29T06:10:00Z","HUMAN_CURATED","VERIFIED",1,0
"q-hy-math-0081","paper-verified-corpus","src-official-repo","comp-practice","PRESERVE_AND_INDEX","COMMITTED","tx-batch-p10-001","2026-09-29T06:10:00Z","HUMAN_CURATED","VERIFIED",1,0
"q-hy-math-0082","paper-verified-corpus","src-official-repo","comp-practice","PRESERVE_AND_INDEX","COMMITTED","tx-batch-p10-001","2026-09-29T06:10:00Z","HUMAN_CURATED","VERIFIED",1,0
"q-hy-math-0083","paper-verified-corpus","src-official-repo","comp-practice","PRESERVE_AND_INDEX","COMMITTED","tx-batch-p10-001","2026-09-29T06:10:00Z","HUMAN_CURATED","VERIFIED",1,0
"q-hy-math-0084","paper-verified-corpus","src-official-repo","comp-practice","PRESERVE_AND_INDEX","COMMITTED","tx-batch-p10-001","2026-09-29T06:10:00Z","HUMAN_CURATED","VERIFIED",1,0
"q-hy-math-0085","paper-verified-corpus","src-official-repo","comp-practice","PRESERVE_AND_INDEX","COMMITTED","tx-batch-p10-001","2026-09-29T06:10:00Z","HUMAN_CURATED","VERIFIED",1,0
"q-hy-sci-0001","paper-verified-corpus","src-official-repo","comp-practice","PRESERVE_AND_INDEX","COMMITTED","tx-batch-p10-001","2026-09-29T06:10:00Z","HUMAN_CURATED","VERIFIED",1,0
"q-hy-sci-0002","paper-verified-corpus","src-official-repo","comp-practice","PRESERVE_AND_INDEX","COMMITTED","tx-batch-p10-001","2026-09-29T06:10:00Z","HUMAN_CURATED","VERIFIED",1,0
"q-hy-sci-0003","paper-verified-corpus","src-official-repo","comp-practice","PRESERVE_AND_INDEX","COMMITTED","tx-batch-p10-001","2026-09-29T06:10:00Z","HUMAN_CURATED","VERIFIED",1,0
"q-hy-sci-0004","paper-verified-corpus","src-official-repo","comp-practice","PRESERVE_AND_INDEX","COMMITTED","tx-batch-p10-001","2026-09-29T06:10:00Z","HUMAN_CURATED","VERIFIED",1,0
"q-hy-sci-0005","paper-verified-corpus","src-official-repo","comp-practice","PRESERVE_AND_INDEX","COMMITTED","tx-batch-p10-001","2026-09-29T06:10:00Z","HUMAN_CURATED","VERIFIED",1,0
"q-hy-sci-0006","paper-verified-corpus","src-official-repo","comp-practice","PRESERVE_AND_INDEX","COMMITTED","tx-batch-p10-001","2026-09-29T06:10:00Z","HUMAN_CURATED","VERIFIED",1,0
"q-hy-sci-0007","paper-verified-corpus","src-official-repo","comp-practice","PRESERVE_AND_INDEX","COMMITTED","tx-batch-p10-001","2026-09-29T06:10:00Z","HUMAN_CURATED","VERIFIED",1,0
"q-hy-sci-0008","paper-verified-corpus","src-official-repo","comp-practice","PRESERVE_AND_INDEX","COMMITTED","tx-batch-p10-001","2026-09-29T06:10:00Z","HUMAN_CURATED","VERIFIED",1,0
"q-hy-sci-0009","paper-verified-corpus","src-official-repo","comp-practice","PRESERVE_AND_INDEX","COMMITTED","tx-batch-p10-001","2026-09-29T06:10:00Z","HUMAN_CURATED","VERIFIED",1,0
"q-hy-sci-0010","paper-verified-corpus","src-official-repo","comp-practice","PRESERVE_AND_INDEX","COMMITTED","tx-batch-p10-001","2026-09-29T06:10:00Z","HUMAN_CURATED","VERIFIED",1,0
"q-hy-sci-0011","paper-verified-corpus","src-official-repo","comp-practice","PRESERVE_AND_INDEX","COMMITTED","tx-batch-p10-001","2026-09-29T06:10:00Z","HUMAN_CURATED","VERIFIED",1,0
"q-hy-sci-0012","paper-verified-corpus","src-official-repo","comp-practice","PRESERVE_AND_INDEX","COMMITTED","tx-batch-p10-001","2026-09-29T06:10:00Z","HUMAN_CURATED","VERIFIED",1,0
"q-hy-sci-0013","paper-verified-corpus","src-official-repo","comp-practice","PRESERVE_AND_INDEX","COMMITTED","tx-batch-p10-001","2026-09-29T06:10:00Z","HUMAN_CURATED","VERIFIED",1,0
"q-hy-sci-0014","paper-verified-corpus","src-official-repo","comp-practice","PRESERVE_AND_INDEX","COMMITTED","tx-batch-p10-001","2026-09-29T06:10:00Z","HUMAN_CURATED","VERIFIED",1,0
"q-hy-sci-0015","paper-verified-corpus","src-official-repo","comp-practice","PRESERVE_AND_INDEX","COMMITTED","tx-batch-p10-001","2026-09-29T06:10:00Z","HUMAN_CURATED","VERIFIED",1,0
"q-hy-sci-0016","paper-verified-corpus","src-official-repo","comp-practice","PRESERVE_AND_INDEX","COMMITTED","tx-batch-p10-001","2026-09-29T06:10:00Z","HUMAN_CURATED","VERIFIED",1,0
"q-hy-sci-0017","paper-verified-corpus","src-official-repo","comp-practice","PRESERVE_AND_INDEX","COMMITTED","tx-batch-p10-001","2026-09-29T06:10:00Z","HUMAN_CURATED","VERIFIED",1,0
"q-hy-sci-0018","paper-verified-corpus","src-official-repo","comp-practice","PRESERVE_AND_INDEX","COMMITTED","tx-batch-p10-001","2026-09-29T06:10:00Z","HUMAN_CURATED","VERIFIED",1,0
"q-hy-sci-0019","paper-verified-corpus","src-official-repo","comp-practice","PRESERVE_AND_INDEX","COMMITTED","tx-batch-p10-001","2026-09-29T06:10:00Z","HUMAN_CURATED","VERIFIED",1,0
"q-hy-sci-0020","paper-verified-corpus","src-official-repo","comp-practice","PRESERVE_AND_INDEX","COMMITTED","tx-batch-p10-001","2026-09-29T06:10:00Z","HUMAN_CURATED","VERIFIED",1,0
"q-hy-sci-0021","paper-verified-corpus","src-official-repo","comp-practice","PRESERVE_AND_INDEX","COMMITTED","tx-batch-p10-001","2026-09-29T06:10:00Z","HUMAN_CURATED","VERIFIED",1,0
"q-hy-sci-0022","paper-verified-corpus","src-official-repo","comp-practice","PRESERVE_AND_INDEX","COMMITTED","tx-batch-p10-001","2026-09-29T06:10:00Z","HUMAN_CURATED","VERIFIED",1,0
"q-hy-sci-0023","paper-verified-corpus","src-official-repo","comp-practice","PRESERVE_AND_INDEX","COMMITTED","tx-batch-p10-001","2026-09-29T06:10:00Z","HUMAN_CURATED","VERIFIED",1,0
"q-hy-sci-0024","paper-verified-corpus","src-official-repo","comp-practice","PRESERVE_AND_INDEX","COMMITTED","tx-batch-p10-001","2026-09-29T06:10:00Z","HUMAN_CURATED","VERIFIED",1,0
"q-hy-sci-0025","paper-verified-corpus","src-official-repo","comp-practice","PRESERVE_AND_INDEX","COMMITTED","tx-batch-p10-001","2026-09-29T06:10:00Z","HUMAN_CURATED","VERIFIED",1,0
"q-hy-sci-0026","paper-verified-corpus","src-official-repo","comp-practice","PRESERVE_AND_INDEX","COMMITTED","tx-batch-p10-001","2026-09-29T06:10:00Z","HUMAN_CURATED","VERIFIED",1,0
"q-hy-sci-0027","paper-verified-corpus","src-official-repo","comp-practice","PRESERVE_AND_INDEX","COMMITTED","tx-batch-p10-001","2026-09-29T06:10:00Z","HUMAN_CURATED","VERIFIED",1,0
"q-hy-sci-0028","paper-verified-corpus","src-official-repo","comp-practice","PRESERVE_AND_INDEX","COMMITTED","tx-batch-p10-001","2026-09-29T06:10:00Z","HUMAN_CURATED","VERIFIED",1,0
"q-hy-sci-0029","paper-verified-corpus","src-official-repo","comp-practice","PRESERVE_AND_INDEX","COMMITTED","tx-batch-p10-001","2026-09-29T06:10:00Z","HUMAN_CURATED","VERIFIED",1,0
"q-hy-sci-0030","paper-verified-corpus","src-official-repo","comp-practice","PRESERVE_AND_INDEX","COMMITTED","tx-batch-p10-001","2026-09-29T06:10:00Z","HUMAN_CURATED","VERIFIED",1,0
"q-hy-sci-0031","paper-verified-corpus","src-official-repo","comp-practice","PRESERVE_AND_INDEX","COMMITTED","tx-batch-p10-001","2026-09-29T06:10:00Z","HUMAN_CURATED","VERIFIED",1,0
"q-hy-sci-0032","paper-verified-corpus","src-official-repo","comp-practice","PRESERVE_AND_INDEX","COMMITTED","tx-batch-p10-001","2026-09-29T06:10:00Z","HUMAN_CURATED","VERIFIED",1,0
"q-hy-sci-0033","paper-verified-corpus","src-official-repo","comp-practice","PRESERVE_AND_INDEX","COMMITTED","tx-batch-p10-001","2026-09-29T06:10:00Z","HUMAN_CURATED","VERIFIED",1,0
"q-hy-sci-0034","paper-verified-corpus","src-official-repo","comp-practice","PRESERVE_AND_INDEX","COMMITTED","tx-batch-p10-001","2026-09-29T06:10:00Z","HUMAN_CURATED","VERIFIED",1,0
"q-hy-sci-0035","paper-verified-corpus","src-official-repo","comp-practice","PRESERVE_AND_INDEX","COMMITTED","tx-batch-p10-001","2026-09-29T06:10:00Z","HUMAN_CURATED","VERIFIED",1,0
"q-hy-sci-0036","paper-verified-corpus","src-official-repo","comp-practice","PRESERVE_AND_INDEX","COMMITTED","tx-batch-p10-001","2026-09-29T06:10:00Z","HUMAN_CURATED","VERIFIED",1,0
"q-hy-sci-0037","paper-verified-corpus","src-official-repo","comp-practice","PRESERVE_AND_INDEX","COMMITTED","tx-batch-p10-001","2026-09-29T06:10:00Z","HUMAN_CURATED","VERIFIED",1,0
"q-hy-sci-0038","paper-verified-corpus","src-official-repo","comp-practice","PRESERVE_AND_INDEX","COMMITTED","tx-batch-p10-001","2026-09-29T06:10:00Z","HUMAN_CURATED","VERIFIED",1,0
"q-hy-sci-0039","paper-verified-corpus","src-official-repo","comp-practice","PRESERVE_AND_INDEX","COMMITTED","tx-batch-p10-001","2026-09-29T06:10:00Z","HUMAN_CURATED","VERIFIED",1,0
"q-hy-sci-0040","paper-verified-corpus","src-official-repo","comp-practice","PRESERVE_AND_INDEX","COMMITTED","tx-batch-p10-001","2026-09-29T06:10:00Z","HUMAN_CURATED","VERIFIED",1,0
"q-hy-sci-0041","paper-verified-corpus","src-official-repo","comp-practice","PRESERVE_AND_INDEX","COMMITTED","tx-batch-p10-001","2026-09-29T06:10:00Z","HUMAN_CURATED","VERIFIED",1,0
"q-hy-sci-0042","paper-verified-corpus","src-official-repo","comp-practice","PRESERVE_AND_INDEX","COMMITTED","tx-batch-p10-001","2026-09-29T06:10:00Z","HUMAN_CURATED","VERIFIED",1,0
"q-hy-sci-0043","paper-verified-corpus","src-official-repo","comp-practice","PRESERVE_AND_INDEX","COMMITTED","tx-batch-p10-001","2026-09-29T06:10:00Z","HUMAN_CURATED","VERIFIED",1,0
"q-hy-sci-0044","paper-verified-corpus","src-official-repo","comp-practice","PRESERVE_AND_INDEX","COMMITTED","tx-batch-p10-001","2026-09-29T06:10:00Z","HUMAN_CURATED","VERIFIED",1,0
"q-hy-sci-0045","paper-verified-corpus","src-official-repo","comp-practice","PRESERVE_AND_INDEX","COMMITTED","tx-batch-p10-001","2026-09-29T06:10:00Z","HUMAN_CURATED","VERIFIED",1,0
"q-hy-sci-0046","paper-verified-corpus","src-official-repo","comp-practice","PRESERVE_AND_INDEX","COMMITTED","tx-batch-p10-001","2026-09-29T06:10:00Z","HUMAN_CURATED","VERIFIED",1,0
"q-hy-sci-0047","paper-verified-corpus","src-official-repo","comp-practice","PRESERVE_AND_INDEX","COMMITTED","tx-batch-p10-001","2026-09-29T06:10:00Z","HUMAN_CURATED","VERIFIED",1,0
"q-hy-sci-0048","paper-verified-corpus","src-official-repo","comp-practice","PRESERVE_AND_INDEX","COMMITTED","tx-batch-p10-001","2026-09-29T06:10:00Z","HUMAN_CURATED","VERIFIED",1,0
"q-hy-sci-0049","paper-verified-corpus","src-official-repo","comp-practice","PRESERVE_AND_INDEX","COMMITTED","tx-batch-p10-001","2026-09-29T06:10:00Z","HUMAN_CURATED","VERIFIED",1,0
"q-hy-sci-0050","paper-verified-corpus","src-official-repo","comp-practice","PRESERVE_AND_INDEX","COMMITTED","tx-batch-p10-001","2026-09-29T06:10:00Z","HUMAN_CURATED","VERIFIED",1,0
"q-hy-sci-0051","paper-verified-corpus","src-official-repo","comp-practice","PRESERVE_AND_INDEX","COMMITTED","tx-batch-p10-001","2026-09-29T06:10:00Z","HUMAN_CURATED","VERIFIED",1,0
"q-hy-sci-0052","paper-verified-corpus","src-official-repo","comp-practice","PRESERVE_AND_INDEX","COMMITTED","tx-batch-p10-001","2026-09-29T06:10:00Z","HUMAN_CURATED","VERIFIED",1,0
"q-hy-sci-0053","paper-verified-corpus","src-official-repo","comp-practice","PRESERVE_AND_INDEX","COMMITTED","tx-batch-p10-001","2026-09-29T06:10:00Z","HUMAN_CURATED","VERIFIED",1,0
"q-hy-sci-0054","paper-verified-corpus","src-official-repo","comp-practice","PRESERVE_AND_INDEX","COMMITTED","tx-batch-p10-001","2026-09-29T06:10:00Z","HUMAN_CURATED","VERIFIED",1,0
"q-hy-sci-0055","paper-verified-corpus","src-official-repo","comp-practice","PRESERVE_AND_INDEX","COMMITTED","tx-batch-p10-001","2026-09-29T06:10:00Z","HUMAN_CURATED","VERIFIED",1,0
"q-hy-sci-0056","paper-verified-corpus","src-official-repo","comp-practice","PRESERVE_AND_INDEX","COMMITTED","tx-batch-p10-001","2026-09-29T06:10:00Z","HUMAN_CURATED","VERIFIED",1,0
"q-hy-sci-0057","paper-verified-corpus","src-official-repo","comp-practice","PRESERVE_AND_INDEX","COMMITTED","tx-batch-p10-001","2026-09-29T06:10:00Z","HUMAN_CURATED","VERIFIED",1,0
"q-hy-sci-0058","paper-verified-corpus","src-official-repo","comp-practice","PRESERVE_AND_INDEX","COMMITTED","tx-batch-p10-001","2026-09-29T06:10:00Z","HUMAN_CURATED","VERIFIED",1,0
"q-hy-sci-0059","paper-verified-corpus","src-official-repo","comp-practice","PRESERVE_AND_INDEX","COMMITTED","tx-batch-p10-001","2026-09-29T06:10:00Z","HUMAN_CURATED","VERIFIED",1,0
"q-hy-sci-0060","paper-verified-corpus","src-official-repo","comp-practice","PRESERVE_AND_INDEX","COMMITTED","tx-batch-p10-001","2026-09-29T06:10:00Z","HUMAN_CURATED","VERIFIED",1,0
"q-hy-sci-0061","paper-verified-corpus","src-official-repo","comp-practice","PRESERVE_AND_INDEX","COMMITTED","tx-batch-p10-001","2026-09-29T06:10:00Z","HUMAN_CURATED","VERIFIED",1,0
"q-hy-sci-0062","paper-verified-corpus","src-official-repo","comp-practice","PRESERVE_AND_INDEX","COMMITTED","tx-batch-p10-001","2026-09-29T06:10:00Z","HUMAN_CURATED","VERIFIED",1,0
"q-hy-sci-0063","paper-verified-corpus","src-official-repo","comp-practice","PRESERVE_AND_INDEX","COMMITTED","tx-batch-p10-001","2026-09-29T06:10:00Z","HUMAN_CURATED","VERIFIED",1,0
"q-hy-sci-0064","paper-verified-corpus","src-official-repo","comp-practice","PRESERVE_AND_INDEX","COMMITTED","tx-batch-p10-001","2026-09-29T06:10:00Z","HUMAN_CURATED","VERIFIED",1,0
"q-hy-sci-0065","paper-verified-corpus","src-official-repo","comp-practice","PRESERVE_AND_INDEX","COMMITTED","tx-batch-p10-001","2026-09-29T06:10:00Z","HUMAN_CURATED","VERIFIED",1,0
"q-hy-sci-0066","paper-verified-corpus","src-official-repo","comp-practice","PRESERVE_AND_INDEX","COMMITTED","tx-batch-p10-001","2026-09-29T06:10:00Z","HUMAN_CURATED","VERIFIED",1,0
"q-hy-sci-0067","paper-verified-corpus","src-official-repo","comp-practice","PRESERVE_AND_INDEX","COMMITTED","tx-batch-p10-001","2026-09-29T06:10:00Z","HUMAN_CURATED","VERIFIED",1,0
"q-hy-sci-0068","paper-verified-corpus","src-official-repo","comp-practice","PRESERVE_AND_INDEX","COMMITTED","tx-batch-p10-001","2026-09-29T06:10:00Z","HUMAN_CURATED","VERIFIED",1,0
"q-hy-sci-0069","paper-verified-corpus","src-official-repo","comp-practice","PRESERVE_AND_INDEX","COMMITTED","tx-batch-p10-001","2026-09-29T06:10:00Z","HUMAN_CURATED","VERIFIED",1,0
"q-hy-sci-0070","paper-verified-corpus","src-official-repo","comp-practice","PRESERVE_AND_INDEX","COMMITTED","tx-batch-p10-001","2026-09-29T06:10:00Z","HUMAN_CURATED","VERIFIED",1,0
"q-hy-sci-0071","paper-verified-corpus","src-official-repo","comp-practice","PRESERVE_AND_INDEX","COMMITTED","tx-batch-p10-001","2026-09-29T06:10:00Z","HUMAN_CURATED","VERIFIED",1,0
"q-hy-sci-0072","paper-verified-corpus","src-official-repo","comp-practice","PRESERVE_AND_INDEX","COMMITTED","tx-batch-p10-001","2026-09-29T06:10:00Z","HUMAN_CURATED","VERIFIED",1,0
"q-hy-sci-0073","paper-verified-corpus","src-official-repo","comp-practice","PRESERVE_AND_INDEX","COMMITTED","tx-batch-p10-001","2026-09-29T06:10:00Z","HUMAN_CURATED","VERIFIED",1,0
"q-hy-sci-0074","paper-verified-corpus","src-official-repo","comp-practice","PRESERVE_AND_INDEX","COMMITTED","tx-batch-p10-001","2026-09-29T06:10:00Z","HUMAN_CURATED","VERIFIED",1,0
"q-hy-sci-0075","paper-verified-corpus","src-official-repo","comp-practice","PRESERVE_AND_INDEX","COMMITTED","tx-batch-p10-001","2026-09-29T06:10:00Z","HUMAN_CURATED","VERIFIED",1,0
"q-hy-sci-0076","paper-verified-corpus","src-official-repo","comp-practice","PRESERVE_AND_INDEX","COMMITTED","tx-batch-p10-001","2026-09-29T06:10:00Z","HUMAN_CURATED","VERIFIED",1,0
"q-hy-sci-0077","paper-verified-corpus","src-official-repo","comp-practice","PRESERVE_AND_INDEX","COMMITTED","tx-batch-p10-001","2026-09-29T06:10:00Z","HUMAN_CURATED","VERIFIED",1,0
"q-hy-sci-0078","paper-verified-corpus","src-official-repo","comp-practice","PRESERVE_AND_INDEX","COMMITTED","tx-batch-p10-001","2026-09-29T06:10:00Z","HUMAN_CURATED","VERIFIED",1,0
"q-hy-sci-0079","paper-verified-corpus","src-official-repo","comp-practice","PRESERVE_AND_INDEX","COMMITTED","tx-batch-p10-001","2026-09-29T06:10:00Z","HUMAN_CURATED","VERIFIED",1,0
"q-hy-sci-0080","paper-verified-corpus","src-official-repo","comp-practice","PRESERVE_AND_INDEX","COMMITTED","tx-batch-p10-001","2026-09-29T06:10:00Z","HUMAN_CURATED","VERIFIED",1,0
"q-hy-sci-0081","paper-verified-corpus","src-official-repo","comp-practice","PRESERVE_AND_INDEX","COMMITTED","tx-batch-p10-001","2026-09-29T06:10:00Z","HUMAN_CURATED","VERIFIED",1,0
"q-hy-sci-0082","paper-verified-corpus","src-official-repo","comp-practice","PRESERVE_AND_INDEX","COMMITTED","tx-batch-p10-001","2026-09-29T06:10:00Z","HUMAN_CURATED","VERIFIED",1,0
"q-hy-sci-0083","paper-verified-corpus","src-official-repo","comp-practice","PRESERVE_AND_INDEX","COMMITTED","tx-batch-p10-001","2026-09-29T06:10:00Z","HUMAN_CURATED","VERIFIED",1,0
"q-hy-sci-0084","paper-verified-corpus","src-official-repo","comp-practice","PRESERVE_AND_INDEX","COMMITTED","tx-batch-p10-001","2026-09-29T06:10:00Z","HUMAN_CURATED","VERIFIED",1,0
"q-hy-sci-0085","paper-verified-corpus","src-official-repo","comp-practice","PRESERVE_AND_INDEX","COMMITTED","tx-batch-p10-001","2026-09-29T06:10:00Z","HUMAN_CURATED","VERIFIED",1,0
"q-hy-soc-0001","paper-verified-corpus","src-official-repo","comp-practice","PRESERVE_AND_INDEX","COMMITTED","tx-batch-p10-001","2026-09-29T06:10:00Z","HUMAN_CURATED","VERIFIED",1,0
"q-hy-soc-0002","paper-verified-corpus","src-official-repo","comp-practice","PRESERVE_AND_INDEX","COMMITTED","tx-batch-p10-001","2026-09-29T06:10:00Z","HUMAN_CURATED","VERIFIED",1,0
"q-hy-soc-0003","paper-verified-corpus","src-official-repo","comp-practice","PRESERVE_AND_INDEX","COMMITTED","tx-batch-p10-001","2026-09-29T06:10:00Z","HUMAN_CURATED","VERIFIED",1,0
"q-hy-soc-0004","paper-verified-corpus","src-official-repo","comp-practice","PRESERVE_AND_INDEX","COMMITTED","tx-batch-p10-001","2026-09-29T06:10:00Z","HUMAN_CURATED","VERIFIED",1,0
"q-hy-soc-0005","paper-verified-corpus","src-official-repo","comp-practice","PRESERVE_AND_INDEX","COMMITTED","tx-batch-p10-001","2026-09-29T06:10:00Z","HUMAN_CURATED","VERIFIED",1,0
"q-hy-soc-0006","paper-verified-corpus","src-official-repo","comp-practice","PRESERVE_AND_INDEX","COMMITTED","tx-batch-p10-001","2026-09-29T06:10:00Z","HUMAN_CURATED","VERIFIED",1,0
"q-hy-soc-0007","paper-verified-corpus","src-official-repo","comp-practice","PRESERVE_AND_INDEX","COMMITTED","tx-batch-p10-001","2026-09-29T06:10:00Z","HUMAN_CURATED","VERIFIED",1,0
"q-hy-soc-0008","paper-verified-corpus","src-official-repo","comp-practice","PRESERVE_AND_INDEX","COMMITTED","tx-batch-p10-001","2026-09-29T06:10:00Z","HUMAN_CURATED","VERIFIED",1,0
"q-hy-soc-0009","paper-verified-corpus","src-official-repo","comp-practice","PRESERVE_AND_INDEX","COMMITTED","tx-batch-p10-001","2026-09-29T06:10:00Z","HUMAN_CURATED","VERIFIED",1,0
"q-hy-soc-0010","paper-verified-corpus","src-official-repo","comp-practice","PRESERVE_AND_INDEX","COMMITTED","tx-batch-p10-001","2026-09-29T06:10:00Z","HUMAN_CURATED","VERIFIED",1,0
"q-hy-soc-0011","paper-verified-corpus","src-official-repo","comp-practice","PRESERVE_AND_INDEX","COMMITTED","tx-batch-p10-001","2026-09-29T06:10:00Z","HUMAN_CURATED","VERIFIED",1,0
"q-hy-soc-0012","paper-verified-corpus","src-official-repo","comp-practice","PRESERVE_AND_INDEX","COMMITTED","tx-batch-p10-001","2026-09-29T06:10:00Z","HUMAN_CURATED","VERIFIED",1,0
"q-hy-soc-0013","paper-verified-corpus","src-official-repo","comp-practice","PRESERVE_AND_INDEX","COMMITTED","tx-batch-p10-001","2026-09-29T06:10:00Z","HUMAN_CURATED","VERIFIED",1,0
"q-hy-soc-0014","paper-verified-corpus","src-official-repo","comp-practice","PRESERVE_AND_INDEX","COMMITTED","tx-batch-p10-001","2026-09-29T06:10:00Z","HUMAN_CURATED","VERIFIED",1,0
"q-hy-soc-0015","paper-verified-corpus","src-official-repo","comp-practice","PRESERVE_AND_INDEX","COMMITTED","tx-batch-p10-001","2026-09-29T06:10:00Z","HUMAN_CURATED","VERIFIED",1,0
"q-hy-soc-0016","paper-verified-corpus","src-official-repo","comp-practice","PRESERVE_AND_INDEX","COMMITTED","tx-batch-p10-001","2026-09-29T06:10:00Z","HUMAN_CURATED","VERIFIED",1,0
"q-hy-soc-0017","paper-verified-corpus","src-official-repo","comp-practice","PRESERVE_AND_INDEX","COMMITTED","tx-batch-p10-001","2026-09-29T06:10:00Z","HUMAN_CURATED","VERIFIED",1,0
"q-hy-soc-0018","paper-verified-corpus","src-official-repo","comp-practice","PRESERVE_AND_INDEX","COMMITTED","tx-batch-p10-001","2026-09-29T06:10:00Z","HUMAN_CURATED","VERIFIED",1,0
"q-hy-soc-0019","paper-verified-corpus","src-official-repo","comp-practice","PRESERVE_AND_INDEX","COMMITTED","tx-batch-p10-001","2026-09-29T06:10:00Z","HUMAN_CURATED","VERIFIED",1,0
"q-hy-soc-0020","paper-verified-corpus","src-official-repo","comp-practice","PRESERVE_AND_INDEX","COMMITTED","tx-batch-p10-001","2026-09-29T06:10:00Z","HUMAN_CURATED","VERIFIED",1,0
"q-hy-soc-0021","paper-verified-corpus","src-official-repo","comp-practice","PRESERVE_AND_INDEX","COMMITTED","tx-batch-p10-001","2026-09-29T06:10:00Z","HUMAN_CURATED","VERIFIED",1,0
"q-hy-soc-0022","paper-verified-corpus","src-official-repo","comp-practice","PRESERVE_AND_INDEX","COMMITTED","tx-batch-p10-001","2026-09-29T06:10:00Z","HUMAN_CURATED","VERIFIED",1,0
"q-hy-soc-0023","paper-verified-corpus","src-official-repo","comp-practice","PRESERVE_AND_INDEX","COMMITTED","tx-batch-p10-001","2026-09-29T06:10:00Z","HUMAN_CURATED","VERIFIED",1,0
"q-hy-soc-0024","paper-verified-corpus","src-official-repo","comp-practice","PRESERVE_AND_INDEX","COMMITTED","tx-batch-p10-001","2026-09-29T06:10:00Z","HUMAN_CURATED","VERIFIED",1,0
"q-hy-soc-0025","paper-verified-corpus","src-official-repo","comp-practice","PRESERVE_AND_INDEX","COMMITTED","tx-batch-p10-001","2026-09-29T06:10:00Z","HUMAN_CURATED","VERIFIED",1,0
"q-hy-soc-0026","paper-verified-corpus","src-official-repo","comp-practice","PRESERVE_AND_INDEX","COMMITTED","tx-batch-p10-001","2026-09-29T06:10:00Z","HUMAN_CURATED","VERIFIED",1,0
"q-hy-soc-0027","paper-verified-corpus","src-official-repo","comp-practice","PRESERVE_AND_INDEX","COMMITTED","tx-batch-p10-001","2026-09-29T06:10:00Z","HUMAN_CURATED","VERIFIED",1,0
"q-hy-soc-0028","paper-verified-corpus","src-official-repo","comp-practice","PRESERVE_AND_INDEX","COMMITTED","tx-batch-p10-001","2026-09-29T06:10:00Z","HUMAN_CURATED","VERIFIED",1,0
"q-hy-soc-0029","paper-verified-corpus","src-official-repo","comp-practice","PRESERVE_AND_INDEX","COMMITTED","tx-batch-p10-001","2026-09-29T06:10:00Z","HUMAN_CURATED","VERIFIED",1,0
"q-hy-soc-0030","paper-verified-corpus","src-official-repo","comp-practice","PRESERVE_AND_INDEX","COMMITTED","tx-batch-p10-001","2026-09-29T06:10:00Z","HUMAN_CURATED","VERIFIED",1,0
"q-hy-soc-0031","paper-verified-corpus","src-official-repo","comp-practice","PRESERVE_AND_INDEX","COMMITTED","tx-batch-p10-001","2026-09-29T06:10:00Z","HUMAN_CURATED","VERIFIED",1,0
"q-hy-soc-0032","paper-verified-corpus","src-official-repo","comp-practice","PRESERVE_AND_INDEX","COMMITTED","tx-batch-p10-001","2026-09-29T06:10:00Z","HUMAN_CURATED","VERIFIED",1,0
"q-hy-soc-0033","paper-verified-corpus","src-official-repo","comp-practice","PRESERVE_AND_INDEX","COMMITTED","tx-batch-p10-001","2026-09-29T06:10:00Z","HUMAN_CURATED","VERIFIED",1,0
"q-hy-soc-0034","paper-verified-corpus","src-official-repo","comp-practice","PRESERVE_AND_INDEX","COMMITTED","tx-batch-p10-001","2026-09-29T06:10:00Z","HUMAN_CURATED","VERIFIED",1,0
"q-hy-soc-0035","paper-verified-corpus","src-official-repo","comp-practice","PRESERVE_AND_INDEX","COMMITTED","tx-batch-p10-001","2026-09-29T06:10:00Z","HUMAN_CURATED","VERIFIED",1,0
"q-hy-soc-0036","paper-verified-corpus","src-official-repo","comp-practice","PRESERVE_AND_INDEX","COMMITTED","tx-batch-p10-001","2026-09-29T06:10:00Z","HUMAN_CURATED","VERIFIED",1,0
"q-hy-soc-0037","paper-verified-corpus","src-official-repo","comp-practice","PRESERVE_AND_INDEX","COMMITTED","tx-batch-p10-001","2026-09-29T06:10:00Z","HUMAN_CURATED","VERIFIED",1,0
"q-hy-soc-0038","paper-verified-corpus","src-official-repo","comp-practice","PRESERVE_AND_INDEX","COMMITTED","tx-batch-p10-001","2026-09-29T06:10:00Z","HUMAN_CURATED","VERIFIED",1,0
"q-hy-soc-0039","paper-verified-corpus","src-official-repo","comp-practice","PRESERVE_AND_INDEX","COMMITTED","tx-batch-p10-001","2026-09-29T06:10:00Z","HUMAN_CURATED","VERIFIED",1,0
"q-hy-soc-0040","paper-verified-corpus","src-official-repo","comp-practice","PRESERVE_AND_INDEX","COMMITTED","tx-batch-p10-001","2026-09-29T06:10:00Z","HUMAN_CURATED","VERIFIED",1,0
"q-hy-soc-0041","paper-verified-corpus","src-official-repo","comp-practice","PRESERVE_AND_INDEX","COMMITTED","tx-batch-p10-001","2026-09-29T06:10:00Z","HUMAN_CURATED","VERIFIED",1,0
"q-hy-soc-0042","paper-verified-corpus","src-official-repo","comp-practice","PRESERVE_AND_INDEX","COMMITTED","tx-batch-p10-001","2026-09-29T06:10:00Z","HUMAN_CURATED","VERIFIED",1,0
"q-hy-soc-0043","paper-verified-corpus","src-official-repo","comp-practice","PRESERVE_AND_INDEX","COMMITTED","tx-batch-p10-001","2026-09-29T06:10:00Z","HUMAN_CURATED","VERIFIED",1,0
"q-hy-soc-0044","paper-verified-corpus","src-official-repo","comp-practice","PRESERVE_AND_INDEX","COMMITTED","tx-batch-p10-001","2026-09-29T06:10:00Z","HUMAN_CURATED","VERIFIED",1,0
"q-hy-soc-0045","paper-verified-corpus","src-official-repo","comp-practice","PRESERVE_AND_INDEX","COMMITTED","tx-batch-p10-001","2026-09-29T06:10:00Z","HUMAN_CURATED","VERIFIED",1,0
"q-hy-soc-0046","paper-verified-corpus","src-official-repo","comp-practice","PRESERVE_AND_INDEX","COMMITTED","tx-batch-p10-001","2026-09-29T06:10:00Z","HUMAN_CURATED","VERIFIED",1,0
"q-hy-soc-0047","paper-verified-corpus","src-official-repo","comp-practice","PRESERVE_AND_INDEX","COMMITTED","tx-batch-p10-001","2026-09-29T06:10:00Z","HUMAN_CURATED","VERIFIED",1,0
"q-hy-soc-0048","paper-verified-corpus","src-official-repo","comp-practice","PRESERVE_AND_INDEX","COMMITTED","tx-batch-p10-001","2026-09-29T06:10:00Z","HUMAN_CURATED","VERIFIED",1,0
"q-hy-soc-0049","paper-verified-corpus","src-official-repo","comp-practice","PRESERVE_AND_INDEX","COMMITTED","tx-batch-p10-001","2026-09-29T06:10:00Z","HUMAN_CURATED","VERIFIED",1,0
"q-hy-soc-0050","paper-verified-corpus","src-official-repo","comp-practice","PRESERVE_AND_INDEX","COMMITTED","tx-batch-p10-001","2026-09-29T06:10:00Z","HUMAN_CURATED","VERIFIED",1,0
"q-hy-soc-0051","paper-verified-corpus","src-official-repo","comp-practice","PRESERVE_AND_INDEX","COMMITTED","tx-batch-p10-001","2026-09-29T06:10:00Z","HUMAN_CURATED","VERIFIED",1,0
"q-hy-soc-0052","paper-verified-corpus","src-official-repo","comp-practice","PRESERVE_AND_INDEX","COMMITTED","tx-batch-p10-001","2026-09-29T06:10:00Z","HUMAN_CURATED","VERIFIED",1,0
"q-hy-soc-0053","paper-verified-corpus","src-official-repo","comp-practice","PRESERVE_AND_INDEX","COMMITTED","tx-batch-p10-001","2026-09-29T06:10:00Z","HUMAN_CURATED","VERIFIED",1,0
"q-hy-soc-0054","paper-verified-corpus","src-official-repo","comp-practice","PRESERVE_AND_INDEX","COMMITTED","tx-batch-p10-001","2026-09-29T06:10:00Z","HUMAN_CURATED","VERIFIED",1,0
"q-hy-soc-0055","paper-verified-corpus","src-official-repo","comp-practice","PRESERVE_AND_INDEX","COMMITTED","tx-batch-p10-001","2026-09-29T06:10:00Z","HUMAN_CURATED","VERIFIED",1,0
"q-hy-soc-0056","paper-verified-corpus","src-official-repo","comp-practice","PRESERVE_AND_INDEX","COMMITTED","tx-batch-p10-001","2026-09-29T06:10:00Z","HUMAN_CURATED","VERIFIED",1,0
"q-hy-soc-0057","paper-verified-corpus","src-official-repo","comp-practice","PRESERVE_AND_INDEX","COMMITTED","tx-batch-p10-001","2026-09-29T06:10:00Z","HUMAN_CURATED","VERIFIED",1,0
"q-hy-soc-0058","paper-verified-corpus","src-official-repo","comp-practice","PRESERVE_AND_INDEX","COMMITTED","tx-batch-p10-001","2026-09-29T06:10:00Z","HUMAN_CURATED","VERIFIED",1,0
"q-hy-soc-0059","paper-verified-corpus","src-official-repo","comp-practice","PRESERVE_AND_INDEX","COMMITTED","tx-batch-p10-001","2026-09-29T06:10:00Z","HUMAN_CURATED","VERIFIED",1,0
"q-hy-soc-0060","paper-verified-corpus","src-official-repo","comp-practice","PRESERVE_AND_INDEX","COMMITTED","tx-batch-p10-001","2026-09-29T06:10:00Z","HUMAN_CURATED","VERIFIED",1,0
"q-hy-soc-0061","paper-verified-corpus","src-official-repo","comp-practice","PRESERVE_AND_INDEX","COMMITTED","tx-batch-p10-001","2026-09-29T06:10:00Z","HUMAN_CURATED","VERIFIED",1,0
"q-hy-soc-0062","paper-verified-corpus","src-official-repo","comp-practice","PRESERVE_AND_INDEX","COMMITTED","tx-batch-p10-001","2026-09-29T06:10:00Z","HUMAN_CURATED","VERIFIED",1,0
"q-hy-soc-0063","paper-verified-corpus","src-official-repo","comp-practice","PRESERVE_AND_INDEX","COMMITTED","tx-batch-p10-001","2026-09-29T06:10:00Z","HUMAN_CURATED","VERIFIED",1,0
"q-hy-soc-0064","paper-verified-corpus","src-official-repo","comp-practice","PRESERVE_AND_INDEX","COMMITTED","tx-batch-p10-001","2026-09-29T06:10:00Z","HUMAN_CURATED","VERIFIED",1,0
"q-hy-soc-0065","paper-verified-corpus","src-official-repo","comp-practice","PRESERVE_AND_INDEX","COMMITTED","tx-batch-p10-001","2026-09-29T06:10:00Z","HUMAN_CURATED","VERIFIED",1,0
"q-hy-soc-0066","paper-verified-corpus","src-official-repo","comp-practice","PRESERVE_AND_INDEX","COMMITTED","tx-batch-p10-001","2026-09-29T06:10:00Z","HUMAN_CURATED","VERIFIED",1,0
"q-hy-soc-0067","paper-verified-corpus","src-official-repo","comp-practice","PRESERVE_AND_INDEX","COMMITTED","tx-batch-p10-001","2026-09-29T06:10:00Z","HUMAN_CURATED","VERIFIED",1,0
"q-hy-soc-0068","paper-verified-corpus","src-official-repo","comp-practice","PRESERVE_AND_INDEX","COMMITTED","tx-batch-p10-001","2026-09-29T06:10:00Z","HUMAN_CURATED","VERIFIED",1,0
"q-hy-soc-0069","paper-verified-corpus","src-official-repo","comp-practice","PRESERVE_AND_INDEX","COMMITTED","tx-batch-p10-001","2026-09-29T06:10:00Z","HUMAN_CURATED","VERIFIED",1,0
"q-hy-soc-0070","paper-verified-corpus","src-official-repo","comp-practice","PRESERVE_AND_INDEX","COMMITTED","tx-batch-p10-001","2026-09-29T06:10:00Z","HUMAN_CURATED","VERIFIED",1,0
"q-hy-soc-0071","paper-verified-corpus","src-official-repo","comp-practice","PRESERVE_AND_INDEX","COMMITTED","tx-batch-p10-001","2026-09-29T06:10:00Z","HUMAN_CURATED","VERIFIED",1,0
"q-hy-soc-0072","paper-verified-corpus","src-official-repo","comp-practice","PRESERVE_AND_INDEX","COMMITTED","tx-batch-p10-001","2026-09-29T06:10:00Z","HUMAN_CURATED","VERIFIED",1,0
"q-hy-soc-0073","paper-verified-corpus","src-official-repo","comp-practice","PRESERVE_AND_INDEX","COMMITTED","tx-batch-p10-001","2026-09-29T06:10:00Z","HUMAN_CURATED","VERIFIED",1,0
"q-hy-soc-0074","paper-verified-corpus","src-official-repo","comp-practice","PRESERVE_AND_INDEX","COMMITTED","tx-batch-p10-001","2026-09-29T06:10:00Z","HUMAN_CURATED","VERIFIED",1,0
"q-hy-soc-0075","paper-verified-corpus","src-official-repo","comp-practice","PRESERVE_AND_INDEX","COMMITTED","tx-batch-p10-001","2026-09-29T06:10:00Z","HUMAN_CURATED","VERIFIED",1,0
"q-hy-soc-0076","paper-verified-corpus","src-official-repo","comp-practice","PRESERVE_AND_INDEX","COMMITTED","tx-batch-p10-001","2026-09-29T06:10:00Z","HUMAN_CURATED","VERIFIED",1,0
"q-hy-soc-0077","paper-verified-corpus","src-official-repo","comp-practice","PRESERVE_AND_INDEX","COMMITTED","tx-batch-p10-001","2026-09-29T06:10:00Z","HUMAN_CURATED","VERIFIED",1,0
"q-hy-soc-0078","paper-verified-corpus","src-official-repo","comp-practice","PRESERVE_AND_INDEX","COMMITTED","tx-batch-p10-001","2026-09-29T06:10:00Z","HUMAN_CURATED","VERIFIED",1,0
"q-hy-soc-0079","paper-verified-corpus","src-official-repo","comp-practice","PRESERVE_AND_INDEX","COMMITTED","tx-batch-p10-001","2026-09-29T06:10:00Z","HUMAN_CURATED","VERIFIED",1,0
"q-hy-soc-0080","paper-verified-corpus","src-official-repo","comp-practice","PRESERVE_AND_INDEX","COMMITTED","tx-batch-p10-001","2026-09-29T06:10:00Z","HUMAN_CURATED","VERIFIED",1,0
"q-hy-soc-0081","paper-verified-corpus","src-official-repo","comp-practice","PRESERVE_AND_INDEX","COMMITTED","tx-batch-p10-001","2026-09-29T06:10:00Z","HUMAN_CURATED","VERIFIED",1,0
"q-hy-soc-0082","paper-verified-corpus","src-official-repo","comp-practice","PRESERVE_AND_INDEX","COMMITTED","tx-batch-p10-001","2026-09-29T06:10:00Z","HUMAN_CURATED","VERIFIED",1,0
"q-hy-soc-0083","paper-verified-corpus","src-official-repo","comp-practice","PRESERVE_AND_INDEX","COMMITTED","tx-batch-p10-001","2026-09-29T06:10:00Z","HUMAN_CURATED","VERIFIED",1,0
"q-hy-soc-0084","paper-verified-corpus","src-official-repo","comp-practice","PRESERVE_AND_INDEX","COMMITTED","tx-batch-p10-001","2026-09-29T06:10:00Z","HUMAN_CURATED","VERIFIED",1,0
"q-hy-soc-0085","paper-verified-corpus","src-official-repo","comp-practice","PRESERVE_AND_INDEX","COMMITTED","tx-batch-p10-001","2026-09-29T06:10:00Z","HUMAN_CURATED","VERIFIED",1,0
"q-hy-en-0001","paper-verified-corpus","src-official-repo","comp-practice","PRESERVE_AND_INDEX","COMMITTED","tx-batch-p10-001","2026-09-29T06:10:00Z","HUMAN_CURATED","VERIFIED",1,0
"q-hy-en-0002","paper-verified-corpus","src-official-repo","comp-practice","PRESERVE_AND_INDEX","COMMITTED","tx-batch-p10-001","2026-09-29T06:10:00Z","HUMAN_CURATED","VERIFIED",1,0
"q-hy-en-0003","paper-verified-corpus","src-official-repo","comp-practice","PRESERVE_AND_INDEX","COMMITTED","tx-batch-p10-001","2026-09-29T06:10:00Z","HUMAN_CURATED","VERIFIED",1,0
"q-hy-en-0004","paper-verified-corpus","src-official-repo","comp-practice","PRESERVE_AND_INDEX","COMMITTED","tx-batch-p10-001","2026-09-29T06:10:00Z","HUMAN_CURATED","VERIFIED",1,0
"q-hy-en-0005","paper-verified-corpus","src-official-repo","comp-practice","PRESERVE_AND_INDEX","COMMITTED","tx-batch-p10-001","2026-09-29T06:10:00Z","HUMAN_CURATED","VERIFIED",1,0
"q-hy-en-0006","paper-verified-corpus","src-official-repo","comp-practice","PRESERVE_AND_INDEX","COMMITTED","tx-batch-p10-001","2026-09-29T06:10:00Z","HUMAN_CURATED","VERIFIED",1,0
"q-hy-en-0007","paper-verified-corpus","src-official-repo","comp-practice","PRESERVE_AND_INDEX","COMMITTED","tx-batch-p10-001","2026-09-29T06:10:00Z","HUMAN_CURATED","VERIFIED",1,0
"q-hy-en-0008","paper-verified-corpus","src-official-repo","comp-practice","PRESERVE_AND_INDEX","COMMITTED","tx-batch-p10-001","2026-09-29T06:10:00Z","HUMAN_CURATED","VERIFIED",1,0
"q-hy-en-0009","paper-verified-corpus","src-official-repo","comp-practice","PRESERVE_AND_INDEX","COMMITTED","tx-batch-p10-001","2026-09-29T06:10:00Z","HUMAN_CURATED","VERIFIED",1,0
"q-hy-en-0010","paper-verified-corpus","src-official-repo","comp-practice","PRESERVE_AND_INDEX","COMMITTED","tx-batch-p10-001","2026-09-29T06:10:00Z","HUMAN_CURATED","VERIFIED",1,0
"q-hy-en-0011","paper-verified-corpus","src-official-repo","comp-practice","PRESERVE_AND_INDEX","COMMITTED","tx-batch-p10-001","2026-09-29T06:10:00Z","HUMAN_CURATED","VERIFIED",1,0
"q-hy-en-0012","paper-verified-corpus","src-official-repo","comp-practice","PRESERVE_AND_INDEX","COMMITTED","tx-batch-p10-001","2026-09-29T06:10:00Z","HUMAN_CURATED","VERIFIED",1,0
"q-hy-en-0013","paper-verified-corpus","src-official-repo","comp-practice","PRESERVE_AND_INDEX","COMMITTED","tx-batch-p10-001","2026-09-29T06:10:00Z","HUMAN_CURATED","VERIFIED",1,0
"q-hy-en-0014","paper-verified-corpus","src-official-repo","comp-practice","PRESERVE_AND_INDEX","COMMITTED","tx-batch-p10-001","2026-09-29T06:10:00Z","HUMAN_CURATED","VERIFIED",1,0
"q-hy-en-0015","paper-verified-corpus","src-official-repo","comp-practice","PRESERVE_AND_INDEX","COMMITTED","tx-batch-p10-001","2026-09-29T06:10:00Z","HUMAN_CURATED","VERIFIED",1,0
"q-hy-en-0016","paper-verified-corpus","src-official-repo","comp-practice","PRESERVE_AND_INDEX","COMMITTED","tx-batch-p10-001","2026-09-29T06:10:00Z","HUMAN_CURATED","VERIFIED",1,0
"q-hy-en-0017","paper-verified-corpus","src-official-repo","comp-practice","PRESERVE_AND_INDEX","COMMITTED","tx-batch-p10-001","2026-09-29T06:10:00Z","HUMAN_CURATED","VERIFIED",1,0
"q-hy-en-0018","paper-verified-corpus","src-official-repo","comp-practice","PRESERVE_AND_INDEX","COMMITTED","tx-batch-p10-001","2026-09-29T06:10:00Z","HUMAN_CURATED","VERIFIED",1,0
"q-hy-en-0019","paper-verified-corpus","src-official-repo","comp-practice","PRESERVE_AND_INDEX","COMMITTED","tx-batch-p10-001","2026-09-29T06:10:00Z","HUMAN_CURATED","VERIFIED",1,0
"q-hy-en-0020","paper-verified-corpus","src-official-repo","comp-practice","PRESERVE_AND_INDEX","COMMITTED","tx-batch-p10-001","2026-09-29T06:10:00Z","HUMAN_CURATED","VERIFIED",1,0
"q-hy-en-0021","paper-verified-corpus","src-official-repo","comp-practice","PRESERVE_AND_INDEX","COMMITTED","tx-batch-p10-001","2026-09-29T06:10:00Z","HUMAN_CURATED","VERIFIED",1,0
"q-hy-en-0022","paper-verified-corpus","src-official-repo","comp-practice","PRESERVE_AND_INDEX","COMMITTED","tx-batch-p10-001","2026-09-29T06:10:00Z","HUMAN_CURATED","VERIFIED",1,0
"q-hy-en-0023","paper-verified-corpus","src-official-repo","comp-practice","PRESERVE_AND_INDEX","COMMITTED","tx-batch-p10-001","2026-09-29T06:10:00Z","HUMAN_CURATED","VERIFIED",1,0
"q-hy-en-0024","paper-verified-corpus","src-official-repo","comp-practice","PRESERVE_AND_INDEX","COMMITTED","tx-batch-p10-001","2026-09-29T06:10:00Z","HUMAN_CURATED","VERIFIED",1,0
"q-hy-en-0025","paper-verified-corpus","src-official-repo","comp-practice","PRESERVE_AND_INDEX","COMMITTED","tx-batch-p10-001","2026-09-29T06:10:00Z","HUMAN_CURATED","VERIFIED",1,0
"q-hy-en-0026","paper-verified-corpus","src-official-repo","comp-practice","PRESERVE_AND_INDEX","COMMITTED","tx-batch-p10-001","2026-09-29T06:10:00Z","HUMAN_CURATED","VERIFIED",1,0
"q-hy-en-0027","paper-verified-corpus","src-official-repo","comp-practice","PRESERVE_AND_INDEX","COMMITTED","tx-batch-p10-001","2026-09-29T06:10:00Z","HUMAN_CURATED","VERIFIED",1,0
"q-hy-en-0028","paper-verified-corpus","src-official-repo","comp-practice","PRESERVE_AND_INDEX","COMMITTED","tx-batch-p10-001","2026-09-29T06:10:00Z","HUMAN_CURATED","VERIFIED",1,0
"q-hy-en-0029","paper-verified-corpus","src-official-repo","comp-practice","PRESERVE_AND_INDEX","COMMITTED","tx-batch-p10-001","2026-09-29T06:10:00Z","HUMAN_CURATED","VERIFIED",1,0
"q-hy-en-0030","paper-verified-corpus","src-official-repo","comp-practice","PRESERVE_AND_INDEX","COMMITTED","tx-batch-p10-001","2026-09-29T06:10:00Z","HUMAN_CURATED","VERIFIED",1,0
"q-hy-en-0031","paper-verified-corpus","src-official-repo","comp-practice","PRESERVE_AND_INDEX","COMMITTED","tx-batch-p10-001","2026-09-29T06:10:00Z","HUMAN_CURATED","VERIFIED",1,0
"q-hy-en-0032","paper-verified-corpus","src-official-repo","comp-practice","PRESERVE_AND_INDEX","COMMITTED","tx-batch-p10-001","2026-09-29T06:10:00Z","HUMAN_CURATED","VERIFIED",1,0
"q-hy-en-0033","paper-verified-corpus","src-official-repo","comp-practice","PRESERVE_AND_INDEX","COMMITTED","tx-batch-p10-001","2026-09-29T06:10:00Z","HUMAN_CURATED","VERIFIED",1,0
"q-hy-en-0034","paper-verified-corpus","src-official-repo","comp-practice","PRESERVE_AND_INDEX","COMMITTED","tx-batch-p10-001","2026-09-29T06:10:00Z","HUMAN_CURATED","VERIFIED",1,0
"q-hy-en-0035","paper-verified-corpus","src-official-repo","comp-practice","PRESERVE_AND_INDEX","COMMITTED","tx-batch-p10-001","2026-09-29T06:10:00Z","HUMAN_CURATED","VERIFIED",1,0
"q-hy-en-0036","paper-verified-corpus","src-official-repo","comp-practice","PRESERVE_AND_INDEX","COMMITTED","tx-batch-p10-001","2026-09-29T06:10:00Z","HUMAN_CURATED","VERIFIED",1,0
"q-hy-en-0037","paper-verified-corpus","src-official-repo","comp-practice","PRESERVE_AND_INDEX","COMMITTED","tx-batch-p10-001","2026-09-29T06:10:00Z","HUMAN_CURATED","VERIFIED",1,0
"q-hy-en-0038","paper-verified-corpus","src-official-repo","comp-practice","PRESERVE_AND_INDEX","COMMITTED","tx-batch-p10-001","2026-09-29T06:10:00Z","HUMAN_CURATED","VERIFIED",1,0
"q-hy-en-0039","paper-verified-corpus","src-official-repo","comp-practice","PRESERVE_AND_INDEX","COMMITTED","tx-batch-p10-001","2026-09-29T06:10:00Z","HUMAN_CURATED","VERIFIED",1,0
"q-hy-en-0040","paper-verified-corpus","src-official-repo","comp-practice","PRESERVE_AND_INDEX","COMMITTED","tx-batch-p10-001","2026-09-29T06:10:00Z","HUMAN_CURATED","VERIFIED",1,0
"q-hy-en-0041","paper-verified-corpus","src-official-repo","comp-practice","PRESERVE_AND_INDEX","COMMITTED","tx-batch-p10-001","2026-09-29T06:10:00Z","HUMAN_CURATED","VERIFIED",1,0
"q-hy-en-0042","paper-verified-corpus","src-official-repo","comp-practice","PRESERVE_AND_INDEX","COMMITTED","tx-batch-p10-001","2026-09-29T06:10:00Z","HUMAN_CURATED","VERIFIED",1,0
"q-hy-en-0043","paper-verified-corpus","src-official-repo","comp-practice","PRESERVE_AND_INDEX","COMMITTED","tx-batch-p10-001","2026-09-29T06:10:00Z","HUMAN_CURATED","VERIFIED",1,0
"q-hy-en-0044","paper-verified-corpus","src-official-repo","comp-practice","PRESERVE_AND_INDEX","COMMITTED","tx-batch-p10-001","2026-09-29T06:10:00Z","HUMAN_CURATED","VERIFIED",1,0
"q-hy-en-0045","paper-verified-corpus","src-official-repo","comp-practice","PRESERVE_AND_INDEX","COMMITTED","tx-batch-p10-001","2026-09-29T06:10:00Z","HUMAN_CURATED","VERIFIED",1,0
"q-hy-en-0046","paper-verified-corpus","src-official-repo","comp-practice","PRESERVE_AND_INDEX","COMMITTED","tx-batch-p10-001","2026-09-29T06:10:00Z","HUMAN_CURATED","VERIFIED",1,0
"q-hy-en-0047","paper-verified-corpus","src-official-repo","comp-practice","PRESERVE_AND_INDEX","COMMITTED","tx-batch-p10-001","2026-09-29T06:10:00Z","HUMAN_CURATED","VERIFIED",1,0
"q-hy-en-0048","paper-verified-corpus","src-official-repo","comp-practice","PRESERVE_AND_INDEX","COMMITTED","tx-batch-p10-001","2026-09-29T06:10:00Z","HUMAN_CURATED","VERIFIED",1,0
"q-hy-en-0049","paper-verified-corpus","src-official-repo","comp-practice","PRESERVE_AND_INDEX","COMMITTED","tx-batch-p10-001","2026-09-29T06:10:00Z","HUMAN_CURATED","VERIFIED",1,0
"q-hy-en-0050","paper-verified-corpus","src-official-repo","comp-practice","PRESERVE_AND_INDEX","COMMITTED","tx-batch-p10-001","2026-09-29T06:10:00Z","HUMAN_CURATED","VERIFIED",1,0
"q-hy-en-0051","paper-verified-corpus","src-official-repo","comp-practice","PRESERVE_AND_INDEX","COMMITTED","tx-batch-p10-001","2026-09-29T06:10:00Z","HUMAN_CURATED","VERIFIED",1,0
"q-hy-en-0052","paper-verified-corpus","src-official-repo","comp-practice","PRESERVE_AND_INDEX","COMMITTED","tx-batch-p10-001","2026-09-29T06:10:00Z","HUMAN_CURATED","VERIFIED",1,0
"q-hy-en-0053","paper-verified-corpus","src-official-repo","comp-practice","PRESERVE_AND_INDEX","COMMITTED","tx-batch-p10-001","2026-09-29T06:10:00Z","HUMAN_CURATED","VERIFIED",1,0
"q-hy-en-0054","paper-verified-corpus","src-official-repo","comp-practice","PRESERVE_AND_INDEX","COMMITTED","tx-batch-p10-001","2026-09-29T06:10:00Z","HUMAN_CURATED","VERIFIED",1,0
"q-hy-en-0055","paper-verified-corpus","src-official-repo","comp-practice","PRESERVE_AND_INDEX","COMMITTED","tx-batch-p10-001","2026-09-29T06:10:00Z","HUMAN_CURATED","VERIFIED",1,0
"q-hy-en-0056","paper-verified-corpus","src-official-repo","comp-practice","PRESERVE_AND_INDEX","COMMITTED","tx-batch-p10-001","2026-09-29T06:10:00Z","HUMAN_CURATED","VERIFIED",1,0
"q-hy-en-0057","paper-verified-corpus","src-official-repo","comp-practice","PRESERVE_AND_INDEX","COMMITTED","tx-batch-p10-001","2026-09-29T06:10:00Z","HUMAN_CURATED","VERIFIED",1,0
"q-hy-en-0058","paper-verified-corpus","src-official-repo","comp-practice","PRESERVE_AND_INDEX","COMMITTED","tx-batch-p10-001","2026-09-29T06:10:00Z","HUMAN_CURATED","VERIFIED",1,0
"q-hy-en-0059","paper-verified-corpus","src-official-repo","comp-practice","PRESERVE_AND_INDEX","COMMITTED","tx-batch-p10-001","2026-09-29T06:10:00Z","HUMAN_CURATED","VERIFIED",1,0
"q-hy-en-0060","paper-verified-corpus","src-official-repo","comp-practice","PRESERVE_AND_INDEX","COMMITTED","tx-batch-p10-001","2026-09-29T06:10:00Z","HUMAN_CURATED","VERIFIED",1,0
"q-hy-en-0061","paper-verified-corpus","src-official-repo","comp-practice","PRESERVE_AND_INDEX","COMMITTED","tx-batch-p10-001","2026-09-29T06:10:00Z","HUMAN_CURATED","VERIFIED",1,0
"q-hy-en-0062","paper-verified-corpus","src-official-repo","comp-practice","PRESERVE_AND_INDEX","COMMITTED","tx-batch-p10-001","2026-09-29T06:10:00Z","HUMAN_CURATED","VERIFIED",1,0
"q-hy-en-0063","paper-verified-corpus","src-official-repo","comp-practice","PRESERVE_AND_INDEX","COMMITTED","tx-batch-p10-001","2026-09-29T06:10:00Z","HUMAN_CURATED","VERIFIED",1,0
"q-hy-en-0064","paper-verified-corpus","src-official-repo","comp-practice","PRESERVE_AND_INDEX","COMMITTED","tx-batch-p10-001","2026-09-29T06:10:00Z","HUMAN_CURATED","VERIFIED",1,0
"q-hy-en-0065","paper-verified-corpus","src-official-repo","comp-practice","PRESERVE_AND_INDEX","COMMITTED","tx-batch-p10-001","2026-09-29T06:10:00Z","HUMAN_CURATED","VERIFIED",1,0
"q-hy-en-0066","paper-verified-corpus","src-official-repo","comp-practice","PRESERVE_AND_INDEX","COMMITTED","tx-batch-p10-001","2026-09-29T06:10:00Z","HUMAN_CURATED","VERIFIED",1,0
"q-hy-en-0067","paper-verified-corpus","src-official-repo","comp-practice","PRESERVE_AND_INDEX","COMMITTED","tx-batch-p10-001","2026-09-29T06:10:00Z","HUMAN_CURATED","VERIFIED",1,0
"q-hy-en-0068","paper-verified-corpus","src-official-repo","comp-practice","PRESERVE_AND_INDEX","COMMITTED","tx-batch-p10-001","2026-09-29T06:10:00Z","HUMAN_CURATED","VERIFIED",1,0
"q-hy-en-0069","paper-verified-corpus","src-official-repo","comp-practice","PRESERVE_AND_INDEX","COMMITTED","tx-batch-p10-001","2026-09-29T06:10:00Z","HUMAN_CURATED","VERIFIED",1,0
"q-hy-en-0070","paper-verified-corpus","src-official-repo","comp-practice","PRESERVE_AND_INDEX","COMMITTED","tx-batch-p10-001","2026-09-29T06:10:00Z","HUMAN_CURATED","VERIFIED",1,0
"q-hy-en-0071","paper-verified-corpus","src-official-repo","comp-practice","PRESERVE_AND_INDEX","COMMITTED","tx-batch-p10-001","2026-09-29T06:10:00Z","HUMAN_CURATED","VERIFIED",1,0
"q-hy-en-0072","paper-verified-corpus","src-official-repo","comp-practice","PRESERVE_AND_INDEX","COMMITTED","tx-batch-p10-001","2026-09-29T06:10:00Z","HUMAN_CURATED","VERIFIED",1,0
"q-hy-en-0073","paper-verified-corpus","src-official-repo","comp-practice","PRESERVE_AND_INDEX","COMMITTED","tx-batch-p10-001","2026-09-29T06:10:00Z","HUMAN_CURATED","VERIFIED",1,0
"q-hy-en-0074","paper-verified-corpus","src-official-repo","comp-practice","PRESERVE_AND_INDEX","COMMITTED","tx-batch-p10-001","2026-09-29T06:10:00Z","HUMAN_CURATED","VERIFIED",1,0
"q-hy-en-0075","paper-verified-corpus","src-official-repo","comp-practice","PRESERVE_AND_INDEX","COMMITTED","tx-batch-p10-001","2026-09-29T06:10:00Z","HUMAN_CURATED","VERIFIED",1,0
"q-hy-en-0076","paper-verified-corpus","src-official-repo","comp-practice","PRESERVE_AND_INDEX","COMMITTED","tx-batch-p10-001","2026-09-29T06:10:00Z","HUMAN_CURATED","VERIFIED",1,0
"q-hy-en-0077","paper-verified-corpus","src-official-repo","comp-practice","PRESERVE_AND_INDEX","COMMITTED","tx-batch-p10-001","2026-09-29T06:10:00Z","HUMAN_CURATED","VERIFIED",1,0
"q-hy-en-0078","paper-verified-corpus","src-official-repo","comp-practice","PRESERVE_AND_INDEX","COMMITTED","tx-batch-p10-001","2026-09-29T06:10:00Z","HUMAN_CURATED","VERIFIED",1,0
"q-hy-en-0079","paper-verified-corpus","src-official-repo","comp-practice","PRESERVE_AND_INDEX","COMMITTED","tx-batch-p10-001","2026-09-29T06:10:00Z","HUMAN_CURATED","VERIFIED",1,0
"q-hy-en-0080","paper-verified-corpus","src-official-repo","comp-practice","PRESERVE_AND_INDEX","COMMITTED","tx-batch-p10-001","2026-09-29T06:10:00Z","HUMAN_CURATED","VERIFIED",1,0
"q-hy-en-0081","paper-verified-corpus","src-official-repo","comp-practice","PRESERVE_AND_INDEX","COMMITTED","tx-batch-p10-001","2026-09-29T06:10:00Z","HUMAN_CURATED","VERIFIED",1,0
"q-hy-en-0082","paper-verified-corpus","src-official-repo","comp-practice","PRESERVE_AND_INDEX","COMMITTED","tx-batch-p10-001","2026-09-29T06:10:00Z","HUMAN_CURATED","VERIFIED",1,0
"q-hy-en-0083","paper-verified-corpus","src-official-repo","comp-practice","PRESERVE_AND_INDEX","COMMITTED","tx-batch-p10-001","2026-09-29T06:10:00Z","HUMAN_CURATED","VERIFIED",1,0
"q-hy-en-0084","paper-verified-corpus","src-official-repo","comp-practice","PRESERVE_AND_INDEX","COMMITTED","tx-batch-p10-001","2026-09-29T06:10:00Z","HUMAN_CURATED","VERIFIED",1,0
"q-hy-en-0085","paper-verified-corpus","src-official-repo","comp-practice","PRESERVE_AND_INDEX","COMMITTED","tx-batch-p10-001","2026-09-29T06:10:00Z","HUMAN_CURATED","VERIFIED",1,0
"q-hy-sa-0001","paper-verified-corpus","src-official-repo","comp-practice","PRESERVE_AND_INDEX","COMMITTED","tx-batch-p10-001","2026-09-29T06:10:00Z","HUMAN_CURATED","VERIFIED",1,0
"q-hy-sa-0002","paper-verified-corpus","src-official-repo","comp-practice","PRESERVE_AND_INDEX","COMMITTED","tx-batch-p10-001","2026-09-29T06:10:00Z","HUMAN_CURATED","VERIFIED",1,0
"q-hy-sa-0003","paper-verified-corpus","src-official-repo","comp-practice","PRESERVE_AND_INDEX","COMMITTED","tx-batch-p10-001","2026-09-29T06:10:00Z","HUMAN_CURATED","VERIFIED",1,0
"q-hy-sa-0004","paper-verified-corpus","src-official-repo","comp-practice","PRESERVE_AND_INDEX","COMMITTED","tx-batch-p10-001","2026-09-29T06:10:00Z","HUMAN_CURATED","VERIFIED",1,0
"q-hy-sa-0005","paper-verified-corpus","src-official-repo","comp-practice","PRESERVE_AND_INDEX","COMMITTED","tx-batch-p10-001","2026-09-29T06:10:00Z","HUMAN_CURATED","VERIFIED",1,0
"q-hy-sa-0006","paper-verified-corpus","src-official-repo","comp-practice","PRESERVE_AND_INDEX","COMMITTED","tx-batch-p10-001","2026-09-29T06:10:00Z","HUMAN_CURATED","VERIFIED",1,0
"q-hy-sa-0007","paper-verified-corpus","src-official-repo","comp-practice","PRESERVE_AND_INDEX","COMMITTED","tx-batch-p10-001","2026-09-29T06:10:00Z","HUMAN_CURATED","VERIFIED",1,0
"q-hy-sa-0008","paper-verified-corpus","src-official-repo","comp-practice","PRESERVE_AND_INDEX","COMMITTED","tx-batch-p10-001","2026-09-29T06:10:00Z","HUMAN_CURATED","VERIFIED",1,0
"q-hy-sa-0009","paper-verified-corpus","src-official-repo","comp-practice","PRESERVE_AND_INDEX","COMMITTED","tx-batch-p10-001","2026-09-29T06:10:00Z","HUMAN_CURATED","VERIFIED",1,0
"q-hy-sa-0010","paper-verified-corpus","src-official-repo","comp-practice","PRESERVE_AND_INDEX","COMMITTED","tx-batch-p10-001","2026-09-29T06:10:00Z","HUMAN_CURATED","VERIFIED",1,0
"q-hy-sa-0011","paper-verified-corpus","src-official-repo","comp-practice","PRESERVE_AND_INDEX","COMMITTED","tx-batch-p10-001","2026-09-29T06:10:00Z","HUMAN_CURATED","VERIFIED",1,0
"q-hy-sa-0012","paper-verified-corpus","src-official-repo","comp-practice","PRESERVE_AND_INDEX","COMMITTED","tx-batch-p10-001","2026-09-29T06:10:00Z","HUMAN_CURATED","VERIFIED",1,0
"q-hy-sa-0013","paper-verified-corpus","src-official-repo","comp-practice","PRESERVE_AND_INDEX","COMMITTED","tx-batch-p10-001","2026-09-29T06:10:00Z","HUMAN_CURATED","VERIFIED",1,0
"q-hy-sa-0014","paper-verified-corpus","src-official-repo","comp-practice","PRESERVE_AND_INDEX","COMMITTED","tx-batch-p10-001","2026-09-29T06:10:00Z","HUMAN_CURATED","VERIFIED",1,0
"q-hy-sa-0015","paper-verified-corpus","src-official-repo","comp-practice","PRESERVE_AND_INDEX","COMMITTED","tx-batch-p10-001","2026-09-29T06:10:00Z","HUMAN_CURATED","VERIFIED",1,0
"q-hy-sa-0016","paper-verified-corpus","src-official-repo","comp-practice","PRESERVE_AND_INDEX","COMMITTED","tx-batch-p10-001","2026-09-29T06:10:00Z","HUMAN_CURATED","VERIFIED",1,0
"q-hy-sa-0017","paper-verified-corpus","src-official-repo","comp-practice","PRESERVE_AND_INDEX","COMMITTED","tx-batch-p10-001","2026-09-29T06:10:00Z","HUMAN_CURATED","VERIFIED",1,0
"q-hy-sa-0018","paper-verified-corpus","src-official-repo","comp-practice","PRESERVE_AND_INDEX","COMMITTED","tx-batch-p10-001","2026-09-29T06:10:00Z","HUMAN_CURATED","VERIFIED",1,0
"q-hy-sa-0019","paper-verified-corpus","src-official-repo","comp-practice","PRESERVE_AND_INDEX","COMMITTED","tx-batch-p10-001","2026-09-29T06:10:00Z","HUMAN_CURATED","VERIFIED",1,0
"q-hy-sa-0020","paper-verified-corpus","src-official-repo","comp-practice","PRESERVE_AND_INDEX","COMMITTED","tx-batch-p10-001","2026-09-29T06:10:00Z","HUMAN_CURATED","VERIFIED",1,0
"q-hy-sa-0021","paper-verified-corpus","src-official-repo","comp-practice","PRESERVE_AND_INDEX","COMMITTED","tx-batch-p10-001","2026-09-29T06:10:00Z","HUMAN_CURATED","VERIFIED",1,0
"q-hy-sa-0022","paper-verified-corpus","src-official-repo","comp-practice","PRESERVE_AND_INDEX","COMMITTED","tx-batch-p10-001","2026-09-29T06:10:00Z","HUMAN_CURATED","VERIFIED",1,0
"q-hy-sa-0023","paper-verified-corpus","src-official-repo","comp-practice","PRESERVE_AND_INDEX","COMMITTED","tx-batch-p10-001","2026-09-29T06:10:00Z","HUMAN_CURATED","VERIFIED",1,0
"q-hy-sa-0024","paper-verified-corpus","src-official-repo","comp-practice","PRESERVE_AND_INDEX","COMMITTED","tx-batch-p10-001","2026-09-29T06:10:00Z","HUMAN_CURATED","VERIFIED",1,0
"q-hy-sa-0025","paper-verified-corpus","src-official-repo","comp-practice","PRESERVE_AND_INDEX","COMMITTED","tx-batch-p10-001","2026-09-29T06:10:00Z","HUMAN_CURATED","VERIFIED",1,0
"q-hy-sa-0026","paper-verified-corpus","src-official-repo","comp-practice","PRESERVE_AND_INDEX","COMMITTED","tx-batch-p10-001","2026-09-29T06:10:00Z","HUMAN_CURATED","VERIFIED",1,0
"q-hy-sa-0027","paper-verified-corpus","src-official-repo","comp-practice","PRESERVE_AND_INDEX","COMMITTED","tx-batch-p10-001","2026-09-29T06:10:00Z","HUMAN_CURATED","VERIFIED",1,0
"q-hy-sa-0028","paper-verified-corpus","src-official-repo","comp-practice","PRESERVE_AND_INDEX","COMMITTED","tx-batch-p10-001","2026-09-29T06:10:00Z","HUMAN_CURATED","VERIFIED",1,0
"q-hy-sa-0029","paper-verified-corpus","src-official-repo","comp-practice","PRESERVE_AND_INDEX","COMMITTED","tx-batch-p10-001","2026-09-29T06:10:00Z","HUMAN_CURATED","VERIFIED",1,0
"q-hy-sa-0030","paper-verified-corpus","src-official-repo","comp-practice","PRESERVE_AND_INDEX","COMMITTED","tx-batch-p10-001","2026-09-29T06:10:00Z","HUMAN_CURATED","VERIFIED",1,0
"q-hy-sa-0031","paper-verified-corpus","src-official-repo","comp-practice","PRESERVE_AND_INDEX","COMMITTED","tx-batch-p10-001","2026-09-29T06:10:00Z","HUMAN_CURATED","VERIFIED",1,0
"q-hy-sa-0032","paper-verified-corpus","src-official-repo","comp-practice","PRESERVE_AND_INDEX","COMMITTED","tx-batch-p10-001","2026-09-29T06:10:00Z","HUMAN_CURATED","VERIFIED",1,0
"q-hy-sa-0033","paper-verified-corpus","src-official-repo","comp-practice","PRESERVE_AND_INDEX","COMMITTED","tx-batch-p10-001","2026-09-29T06:10:00Z","HUMAN_CURATED","VERIFIED",1,0
"q-hy-sa-0034","paper-verified-corpus","src-official-repo","comp-practice","PRESERVE_AND_INDEX","COMMITTED","tx-batch-p10-001","2026-09-29T06:10:00Z","HUMAN_CURATED","VERIFIED",1,0
"q-hy-sa-0035","paper-verified-corpus","src-official-repo","comp-practice","PRESERVE_AND_INDEX","COMMITTED","tx-batch-p10-001","2026-09-29T06:10:00Z","HUMAN_CURATED","VERIFIED",1,0
"q-hy-sa-0036","paper-verified-corpus","src-official-repo","comp-practice","PRESERVE_AND_INDEX","COMMITTED","tx-batch-p10-001","2026-09-29T06:10:00Z","HUMAN_CURATED","VERIFIED",1,0
"q-hy-sa-0037","paper-verified-corpus","src-official-repo","comp-practice","PRESERVE_AND_INDEX","COMMITTED","tx-batch-p10-001","2026-09-29T06:10:00Z","HUMAN_CURATED","VERIFIED",1,0
"q-hy-sa-0038","paper-verified-corpus","src-official-repo","comp-practice","PRESERVE_AND_INDEX","COMMITTED","tx-batch-p10-001","2026-09-29T06:10:00Z","HUMAN_CURATED","VERIFIED",1,0
"q-hy-sa-0039","paper-verified-corpus","src-official-repo","comp-practice","PRESERVE_AND_INDEX","COMMITTED","tx-batch-p10-001","2026-09-29T06:10:00Z","HUMAN_CURATED","VERIFIED",1,0
"q-hy-sa-0040","paper-verified-corpus","src-official-repo","comp-practice","PRESERVE_AND_INDEX","COMMITTED","tx-batch-p10-001","2026-09-29T06:10:00Z","HUMAN_CURATED","VERIFIED",1,0
"q-hy-sa-0041","paper-verified-corpus","src-official-repo","comp-practice","PRESERVE_AND_INDEX","COMMITTED","tx-batch-p10-001","2026-09-29T06:10:00Z","HUMAN_CURATED","VERIFIED",1,0
"q-hy-sa-0042","paper-verified-corpus","src-official-repo","comp-practice","PRESERVE_AND_INDEX","COMMITTED","tx-batch-p10-001","2026-09-29T06:10:00Z","HUMAN_CURATED","VERIFIED",1,0
"q-hy-sa-0043","paper-verified-corpus","src-official-repo","comp-practice","PRESERVE_AND_INDEX","COMMITTED","tx-batch-p10-001","2026-09-29T06:10:00Z","HUMAN_CURATED","VERIFIED",1,0
"q-hy-sa-0044","paper-verified-corpus","src-official-repo","comp-practice","PRESERVE_AND_INDEX","COMMITTED","tx-batch-p10-001","2026-09-29T06:10:00Z","HUMAN_CURATED","VERIFIED",1,0
"q-hy-sa-0045","paper-verified-corpus","src-official-repo","comp-practice","PRESERVE_AND_INDEX","COMMITTED","tx-batch-p10-001","2026-09-29T06:10:00Z","HUMAN_CURATED","VERIFIED",1,0
"q-hy-sa-0046","paper-verified-corpus","src-official-repo","comp-practice","PRESERVE_AND_INDEX","COMMITTED","tx-batch-p10-001","2026-09-29T06:10:00Z","HUMAN_CURATED","VERIFIED",1,0
"q-hy-sa-0047","paper-verified-corpus","src-official-repo","comp-practice","PRESERVE_AND_INDEX","COMMITTED","tx-batch-p10-001","2026-09-29T06:10:00Z","HUMAN_CURATED","VERIFIED",1,0
"q-hy-sa-0048","paper-verified-corpus","src-official-repo","comp-practice","PRESERVE_AND_INDEX","COMMITTED","tx-batch-p10-001","2026-09-29T06:10:00Z","HUMAN_CURATED","VERIFIED",1,0
"q-hy-sa-0049","paper-verified-corpus","src-official-repo","comp-practice","PRESERVE_AND_INDEX","COMMITTED","tx-batch-p10-001","2026-09-29T06:10:00Z","HUMAN_CURATED","VERIFIED",1,0
"q-hy-sa-0050","paper-verified-corpus","src-official-repo","comp-practice","PRESERVE_AND_INDEX","COMMITTED","tx-batch-p10-001","2026-09-29T06:10:00Z","HUMAN_CURATED","VERIFIED",1,0
"q-hy-sa-0051","paper-verified-corpus","src-official-repo","comp-practice","PRESERVE_AND_INDEX","COMMITTED","tx-batch-p10-001","2026-09-29T06:10:00Z","HUMAN_CURATED","VERIFIED",1,0
"q-hy-sa-0052","paper-verified-corpus","src-official-repo","comp-practice","PRESERVE_AND_INDEX","COMMITTED","tx-batch-p10-001","2026-09-29T06:10:00Z","HUMAN_CURATED","VERIFIED",1,0
"q-hy-sa-0053","paper-verified-corpus","src-official-repo","comp-practice","PRESERVE_AND_INDEX","COMMITTED","tx-batch-p10-001","2026-09-29T06:10:00Z","HUMAN_CURATED","VERIFIED",1,0
"q-hy-sa-0054","paper-verified-corpus","src-official-repo","comp-practice","PRESERVE_AND_INDEX","COMMITTED","tx-batch-p10-001","2026-09-29T06:10:00Z","HUMAN_CURATED","VERIFIED",1,0
"q-hy-sa-0055","paper-verified-corpus","src-official-repo","comp-practice","PRESERVE_AND_INDEX","COMMITTED","tx-batch-p10-001","2026-09-29T06:10:00Z","HUMAN_CURATED","VERIFIED",1,0
"q-hy-sa-0056","paper-verified-corpus","src-official-repo","comp-practice","PRESERVE_AND_INDEX","COMMITTED","tx-batch-p10-001","2026-09-29T06:10:00Z","HUMAN_CURATED","VERIFIED",1,0
"q-hy-sa-0057","paper-verified-corpus","src-official-repo","comp-practice","PRESERVE_AND_INDEX","COMMITTED","tx-batch-p10-001","2026-09-29T06:10:00Z","HUMAN_CURATED","VERIFIED",1,0
"q-hy-sa-0058","paper-verified-corpus","src-official-repo","comp-practice","PRESERVE_AND_INDEX","COMMITTED","tx-batch-p10-001","2026-09-29T06:10:00Z","HUMAN_CURATED","VERIFIED",1,0
"q-hy-sa-0059","paper-verified-corpus","src-official-repo","comp-practice","PRESERVE_AND_INDEX","COMMITTED","tx-batch-p10-001","2026-09-29T06:10:00Z","HUMAN_CURATED","VERIFIED",1,0
"q-hy-sa-0060","paper-verified-corpus","src-official-repo","comp-practice","PRESERVE_AND_INDEX","COMMITTED","tx-batch-p10-001","2026-09-29T06:10:00Z","HUMAN_CURATED","VERIFIED",1,0
"q-hy-sa-0061","paper-verified-corpus","src-official-repo","comp-practice","PRESERVE_AND_INDEX","COMMITTED","tx-batch-p10-001","2026-09-29T06:10:00Z","HUMAN_CURATED","VERIFIED",1,0
"q-hy-sa-0062","paper-verified-corpus","src-official-repo","comp-practice","PRESERVE_AND_INDEX","COMMITTED","tx-batch-p10-001","2026-09-29T06:10:00Z","HUMAN_CURATED","VERIFIED",1,0
"q-hy-sa-0063","paper-verified-corpus","src-official-repo","comp-practice","PRESERVE_AND_INDEX","COMMITTED","tx-batch-p10-001","2026-09-29T06:10:00Z","HUMAN_CURATED","VERIFIED",1,0
"q-hy-sa-0064","paper-verified-corpus","src-official-repo","comp-practice","PRESERVE_AND_INDEX","COMMITTED","tx-batch-p10-001","2026-09-29T06:10:00Z","HUMAN_CURATED","VERIFIED",1,0
"q-hy-sa-0065","paper-verified-corpus","src-official-repo","comp-practice","PRESERVE_AND_INDEX","COMMITTED","tx-batch-p10-001","2026-09-29T06:10:00Z","HUMAN_CURATED","VERIFIED",1,0
"q-hy-sa-0066","paper-verified-corpus","src-official-repo","comp-practice","PRESERVE_AND_INDEX","COMMITTED","tx-batch-p10-001","2026-09-29T06:10:00Z","HUMAN_CURATED","VERIFIED",1,0
"q-hy-sa-0067","paper-verified-corpus","src-official-repo","comp-practice","PRESERVE_AND_INDEX","COMMITTED","tx-batch-p10-001","2026-09-29T06:10:00Z","HUMAN_CURATED","VERIFIED",1,0
"q-hy-sa-0068","paper-verified-corpus","src-official-repo","comp-practice","PRESERVE_AND_INDEX","COMMITTED","tx-batch-p10-001","2026-09-29T06:10:00Z","HUMAN_CURATED","VERIFIED",1,0
"q-hy-sa-0069","paper-verified-corpus","src-official-repo","comp-practice","PRESERVE_AND_INDEX","COMMITTED","tx-batch-p10-001","2026-09-29T06:10:00Z","HUMAN_CURATED","VERIFIED",1,0
"q-hy-sa-0070","paper-verified-corpus","src-official-repo","comp-practice","PRESERVE_AND_INDEX","COMMITTED","tx-batch-p10-001","2026-09-29T06:10:00Z","HUMAN_CURATED","VERIFIED",1,0
"q-hy-sa-0071","paper-verified-corpus","src-official-repo","comp-practice","PRESERVE_AND_INDEX","COMMITTED","tx-batch-p10-001","2026-09-29T06:10:00Z","HUMAN_CURATED","VERIFIED",1,0
"q-hy-sa-0072","paper-verified-corpus","src-official-repo","comp-practice","PRESERVE_AND_INDEX","COMMITTED","tx-batch-p10-001","2026-09-29T06:10:00Z","HUMAN_CURATED","VERIFIED",1,0
"q-hy-sa-0073","paper-verified-corpus","src-official-repo","comp-practice","PRESERVE_AND_INDEX","COMMITTED","tx-batch-p10-001","2026-09-29T06:10:00Z","HUMAN_CURATED","VERIFIED",1,0
"q-hy-sa-0074","paper-verified-corpus","src-official-repo","comp-practice","PRESERVE_AND_INDEX","COMMITTED","tx-batch-p10-001","2026-09-29T06:10:00Z","HUMAN_CURATED","VERIFIED",1,0
"q-hy-sa-0075","paper-verified-corpus","src-official-repo","comp-practice","PRESERVE_AND_INDEX","COMMITTED","tx-batch-p10-001","2026-09-29T06:10:00Z","HUMAN_CURATED","VERIFIED",1,0
"q-hy-sa-0076","paper-verified-corpus","src-official-repo","comp-practice","PRESERVE_AND_INDEX","COMMITTED","tx-batch-p10-001","2026-09-29T06:10:00Z","HUMAN_CURATED","VERIFIED",1,0
"q-hy-sa-0077","paper-verified-corpus","src-official-repo","comp-practice","PRESERVE_AND_INDEX","COMMITTED","tx-batch-p10-001","2026-09-29T06:10:00Z","HUMAN_CURATED","VERIFIED",1,0
"q-hy-sa-0078","paper-verified-corpus","src-official-repo","comp-practice","PRESERVE_AND_INDEX","COMMITTED","tx-batch-p10-001","2026-09-29T06:10:00Z","HUMAN_CURATED","VERIFIED",1,0
"q-hy-sa-0079","paper-verified-corpus","src-official-repo","comp-practice","PRESERVE_AND_INDEX","COMMITTED","tx-batch-p10-001","2026-09-29T06:10:00Z","HUMAN_CURATED","VERIFIED",1,0
"q-hy-sa-0080","paper-verified-corpus","src-official-repo","comp-practice","PRESERVE_AND_INDEX","COMMITTED","tx-batch-p10-001","2026-09-29T06:10:00Z","HUMAN_CURATED","VERIFIED",1,0
"q-hy-sa-0081","paper-verified-corpus","src-official-repo","comp-practice","PRESERVE_AND_INDEX","COMMITTED","tx-batch-p10-001","2026-09-29T06:10:00Z","HUMAN_CURATED","VERIFIED",1,0
"q-hy-sa-0082","paper-verified-corpus","src-official-repo","comp-practice","PRESERVE_AND_INDEX","COMMITTED","tx-batch-p10-001","2026-09-29T06:10:00Z","HUMAN_CURATED","VERIFIED",1,0
"q-hy-sa-0083","paper-verified-corpus","src-official-repo","comp-practice","PRESERVE_AND_INDEX","COMMITTED","tx-batch-p10-001","2026-09-29T06:10:00Z","HUMAN_CURATED","VERIFIED",1,0
"q-hy-sa-0084","paper-verified-corpus","src-official-repo","comp-practice","PRESERVE_AND_INDEX","COMMITTED","tx-batch-p10-001","2026-09-29T06:10:00Z","HUMAN_CURATED","VERIFIED",1,0
"q-hy-sa-0085","paper-verified-corpus","src-official-repo","comp-practice","PRESERVE_AND_INDEX","COMMITTED","tx-batch-p10-001","2026-09-29T06:10:00Z","HUMAN_CURATED","VERIFIED",1,0
"q-c12-phy-0001","paper-verified-corpus","src-official-repo","comp-practice","PRESERVE_AND_INDEX","COMMITTED","tx-batch-p10-001","2026-09-29T06:10:00Z","HUMAN_CURATED","VERIFIED",1,0
"q-c12-phy-0002","paper-verified-corpus","src-official-repo","comp-practice","PRESERVE_AND_INDEX","COMMITTED","tx-batch-p10-001","2026-09-29T06:10:00Z","HUMAN_CURATED","VERIFIED",1,0
"q-c12-phy-0003","paper-verified-corpus","src-official-repo","comp-practice","PRESERVE_AND_INDEX","COMMITTED","tx-batch-p10-001","2026-09-29T06:10:00Z","HUMAN_CURATED","VERIFIED",1,0
"q-c12-phy-0004","paper-verified-corpus","src-official-repo","comp-practice","PRESERVE_AND_INDEX","COMMITTED","tx-batch-p10-001","2026-09-29T06:10:00Z","HUMAN_CURATED","VERIFIED",1,0
"q-c12-phy-0005","paper-verified-corpus","src-official-repo","comp-practice","PRESERVE_AND_INDEX","COMMITTED","tx-batch-p10-001","2026-09-29T06:10:00Z","HUMAN_CURATED","VERIFIED",1,0
"q-c12-phy-0006","paper-verified-corpus","src-official-repo","comp-practice","PRESERVE_AND_INDEX","COMMITTED","tx-batch-p10-001","2026-09-29T06:10:00Z","HUMAN_CURATED","VERIFIED",1,0
"q-c12-phy-0007","paper-verified-corpus","src-official-repo","comp-practice","PRESERVE_AND_INDEX","COMMITTED","tx-batch-p10-001","2026-09-29T06:10:00Z","HUMAN_CURATED","VERIFIED",1,0
"q-c12-phy-0008","paper-verified-corpus","src-official-repo","comp-practice","PRESERVE_AND_INDEX","COMMITTED","tx-batch-p10-001","2026-09-29T06:10:00Z","HUMAN_CURATED","VERIFIED",1,0
"q-c12-phy-0009","paper-verified-corpus","src-official-repo","comp-practice","PRESERVE_AND_INDEX","COMMITTED","tx-batch-p10-001","2026-09-29T06:10:00Z","HUMAN_CURATED","VERIFIED",1,0
"q-c12-phy-0010","paper-verified-corpus","src-official-repo","comp-practice","PRESERVE_AND_INDEX","COMMITTED","tx-batch-p10-001","2026-09-29T06:10:00Z","HUMAN_CURATED","VERIFIED",1,0
"q-c12-phy-0011","paper-verified-corpus","src-official-repo","comp-practice","PRESERVE_AND_INDEX","COMMITTED","tx-batch-p10-001","2026-09-29T06:10:00Z","HUMAN_CURATED","VERIFIED",1,0
"q-c12-phy-0012","paper-verified-corpus","src-official-repo","comp-practice","PRESERVE_AND_INDEX","COMMITTED","tx-batch-p10-001","2026-09-29T06:10:00Z","HUMAN_CURATED","VERIFIED",1,0
"q-c12-phy-0013","paper-verified-corpus","src-official-repo","comp-practice","PRESERVE_AND_INDEX","COMMITTED","tx-batch-p10-001","2026-09-29T06:10:00Z","HUMAN_CURATED","VERIFIED",1,0
"q-c12-phy-0014","paper-verified-corpus","src-official-repo","comp-practice","PRESERVE_AND_INDEX","COMMITTED","tx-batch-p10-001","2026-09-29T06:10:00Z","HUMAN_CURATED","VERIFIED",1,0
"q-c12-phy-0015","paper-verified-corpus","src-official-repo","comp-practice","PRESERVE_AND_INDEX","COMMITTED","tx-batch-p10-001","2026-09-29T06:10:00Z","HUMAN_CURATED","VERIFIED",1,0
"q-c12-phy-0016","paper-verified-corpus","src-official-repo","comp-practice","PRESERVE_AND_INDEX","COMMITTED","tx-batch-p10-001","2026-09-29T06:10:00Z","HUMAN_CURATED","VERIFIED",1,0
"q-c12-phy-0017","paper-verified-corpus","src-official-repo","comp-practice","PRESERVE_AND_INDEX","COMMITTED","tx-batch-p10-001","2026-09-29T06:10:00Z","HUMAN_CURATED","VERIFIED",1,0
"q-c12-phy-0018","paper-verified-corpus","src-official-repo","comp-practice","PRESERVE_AND_INDEX","COMMITTED","tx-batch-p10-001","2026-09-29T06:10:00Z","HUMAN_CURATED","VERIFIED",1,0
"q-c12-phy-0019","paper-verified-corpus","src-official-repo","comp-practice","PRESERVE_AND_INDEX","COMMITTED","tx-batch-p10-001","2026-09-29T06:10:00Z","HUMAN_CURATED","VERIFIED",1,0
"q-c12-phy-0020","paper-verified-corpus","src-official-repo","comp-practice","PRESERVE_AND_INDEX","COMMITTED","tx-batch-p10-001","2026-09-29T06:10:00Z","HUMAN_CURATED","VERIFIED",1,0
"q-c12-phy-0021","paper-verified-corpus","src-official-repo","comp-practice","PRESERVE_AND_INDEX","COMMITTED","tx-batch-p10-001","2026-09-29T06:10:00Z","HUMAN_CURATED","VERIFIED",1,0
"q-c12-phy-0022","paper-verified-corpus","src-official-repo","comp-practice","PRESERVE_AND_INDEX","COMMITTED","tx-batch-p10-001","2026-09-29T06:10:00Z","HUMAN_CURATED","VERIFIED",1,0
"q-c12-phy-0023","paper-verified-corpus","src-official-repo","comp-practice","PRESERVE_AND_INDEX","COMMITTED","tx-batch-p10-001","2026-09-29T06:10:00Z","HUMAN_CURATED","VERIFIED",1,0
"q-c12-phy-0024","paper-verified-corpus","src-official-repo","comp-practice","PRESERVE_AND_INDEX","COMMITTED","tx-batch-p10-001","2026-09-29T06:10:00Z","HUMAN_CURATED","VERIFIED",1,0
"q-c12-phy-0025","paper-verified-corpus","src-official-repo","comp-practice","PRESERVE_AND_INDEX","COMMITTED","tx-batch-p10-001","2026-09-29T06:10:00Z","HUMAN_CURATED","VERIFIED",1,0
"q-c12-phy-0026","paper-verified-corpus","src-official-repo","comp-practice","PRESERVE_AND_INDEX","COMMITTED","tx-batch-p10-001","2026-09-29T06:10:00Z","HUMAN_CURATED","VERIFIED",1,0
"q-c12-phy-0027","paper-verified-corpus","src-official-repo","comp-practice","PRESERVE_AND_INDEX","COMMITTED","tx-batch-p10-001","2026-09-29T06:10:00Z","HUMAN_CURATED","VERIFIED",1,0
"q-c12-phy-0028","paper-verified-corpus","src-official-repo","comp-practice","PRESERVE_AND_INDEX","COMMITTED","tx-batch-p10-001","2026-09-29T06:10:00Z","HUMAN_CURATED","VERIFIED",1,0
"q-c12-phy-0029","paper-verified-corpus","src-official-repo","comp-practice","PRESERVE_AND_INDEX","COMMITTED","tx-batch-p10-001","2026-09-29T06:10:00Z","HUMAN_CURATED","VERIFIED",1,0
"q-c12-phy-0030","paper-verified-corpus","src-official-repo","comp-practice","PRESERVE_AND_INDEX","COMMITTED","tx-batch-p10-001","2026-09-29T06:10:00Z","HUMAN_CURATED","VERIFIED",1,0
"q-c12-chm-0001","paper-verified-corpus","src-official-repo","comp-practice","PRESERVE_AND_INDEX","COMMITTED","tx-batch-p10-001","2026-09-29T06:10:00Z","HUMAN_CURATED","VERIFIED",1,0
"q-c12-chm-0002","paper-verified-corpus","src-official-repo","comp-practice","PRESERVE_AND_INDEX","COMMITTED","tx-batch-p10-001","2026-09-29T06:10:00Z","HUMAN_CURATED","VERIFIED",1,0
"q-c12-chm-0003","paper-verified-corpus","src-official-repo","comp-practice","PRESERVE_AND_INDEX","COMMITTED","tx-batch-p10-001","2026-09-29T06:10:00Z","HUMAN_CURATED","VERIFIED",1,0
"q-c12-chm-0004","paper-verified-corpus","src-official-repo","comp-practice","PRESERVE_AND_INDEX","COMMITTED","tx-batch-p10-001","2026-09-29T06:10:00Z","HUMAN_CURATED","VERIFIED",1,0
"q-c12-chm-0005","paper-verified-corpus","src-official-repo","comp-practice","PRESERVE_AND_INDEX","COMMITTED","tx-batch-p10-001","2026-09-29T06:10:00Z","HUMAN_CURATED","VERIFIED",1,0
"q-c12-chm-0006","paper-verified-corpus","src-official-repo","comp-practice","PRESERVE_AND_INDEX","COMMITTED","tx-batch-p10-001","2026-09-29T06:10:00Z","HUMAN_CURATED","VERIFIED",1,0
"q-c12-chm-0007","paper-verified-corpus","src-official-repo","comp-practice","PRESERVE_AND_INDEX","COMMITTED","tx-batch-p10-001","2026-09-29T06:10:00Z","HUMAN_CURATED","VERIFIED",1,0
"q-c12-chm-0008","paper-verified-corpus","src-official-repo","comp-practice","PRESERVE_AND_INDEX","COMMITTED","tx-batch-p10-001","2026-09-29T06:10:00Z","HUMAN_CURATED","VERIFIED",1,0
"q-c12-chm-0009","paper-verified-corpus","src-official-repo","comp-practice","PRESERVE_AND_INDEX","COMMITTED","tx-batch-p10-001","2026-09-29T06:10:00Z","HUMAN_CURATED","VERIFIED",1,0
"q-c12-chm-0010","paper-verified-corpus","src-official-repo","comp-practice","PRESERVE_AND_INDEX","COMMITTED","tx-batch-p10-001","2026-09-29T06:10:00Z","HUMAN_CURATED","VERIFIED",1,0
"q-c12-chm-0011","paper-verified-corpus","src-official-repo","comp-practice","PRESERVE_AND_INDEX","COMMITTED","tx-batch-p10-001","2026-09-29T06:10:00Z","HUMAN_CURATED","VERIFIED",1,0
"q-c12-chm-0012","paper-verified-corpus","src-official-repo","comp-practice","PRESERVE_AND_INDEX","COMMITTED","tx-batch-p10-001","2026-09-29T06:10:00Z","HUMAN_CURATED","VERIFIED",1,0
"q-c12-chm-0013","paper-verified-corpus","src-official-repo","comp-practice","PRESERVE_AND_INDEX","COMMITTED","tx-batch-p10-001","2026-09-29T06:10:00Z","HUMAN_CURATED","VERIFIED",1,0
"q-c12-chm-0014","paper-verified-corpus","src-official-repo","comp-practice","PRESERVE_AND_INDEX","COMMITTED","tx-batch-p10-001","2026-09-29T06:10:00Z","HUMAN_CURATED","VERIFIED",1,0
"q-c12-chm-0015","paper-verified-corpus","src-official-repo","comp-practice","PRESERVE_AND_INDEX","COMMITTED","tx-batch-p10-001","2026-09-29T06:10:00Z","HUMAN_CURATED","VERIFIED",1,0
"q-c12-chm-0016","paper-verified-corpus","src-official-repo","comp-practice","PRESERVE_AND_INDEX","COMMITTED","tx-batch-p10-001","2026-09-29T06:10:00Z","HUMAN_CURATED","VERIFIED",1,0
"q-c12-chm-0017","paper-verified-corpus","src-official-repo","comp-practice","PRESERVE_AND_INDEX","COMMITTED","tx-batch-p10-001","2026-09-29T06:10:00Z","HUMAN_CURATED","VERIFIED",1,0
"q-c12-chm-0018","paper-verified-corpus","src-official-repo","comp-practice","PRESERVE_AND_INDEX","COMMITTED","tx-batch-p10-001","2026-09-29T06:10:00Z","HUMAN_CURATED","VERIFIED",1,0
"q-c12-chm-0019","paper-verified-corpus","src-official-repo","comp-practice","PRESERVE_AND_INDEX","COMMITTED","tx-batch-p10-001","2026-09-29T06:10:00Z","HUMAN_CURATED","VERIFIED",1,0
"q-c12-chm-0020","paper-verified-corpus","src-official-repo","comp-practice","PRESERVE_AND_INDEX","COMMITTED","tx-batch-p10-001","2026-09-29T06:10:00Z","HUMAN_CURATED","VERIFIED",1,0
"q-c12-chm-0021","paper-verified-corpus","src-official-repo","comp-practice","PRESERVE_AND_INDEX","COMMITTED","tx-batch-p10-001","2026-09-29T06:10:00Z","HUMAN_CURATED","VERIFIED",1,0
"q-c12-chm-0022","paper-verified-corpus","src-official-repo","comp-practice","PRESERVE_AND_INDEX","COMMITTED","tx-batch-p10-001","2026-09-29T06:10:00Z","HUMAN_CURATED","VERIFIED",1,0
"q-c12-chm-0023","paper-verified-corpus","src-official-repo","comp-practice","PRESERVE_AND_INDEX","COMMITTED","tx-batch-p10-001","2026-09-29T06:10:00Z","HUMAN_CURATED","VERIFIED",1,0
"q-c12-chm-0024","paper-verified-corpus","src-official-repo","comp-practice","PRESERVE_AND_INDEX","COMMITTED","tx-batch-p10-001","2026-09-29T06:10:00Z","HUMAN_CURATED","VERIFIED",1,0
"q-c12-chm-0025","paper-verified-corpus","src-official-repo","comp-practice","PRESERVE_AND_INDEX","COMMITTED","tx-batch-p10-001","2026-09-29T06:10:00Z","HUMAN_CURATED","VERIFIED",1,0
"q-c12-chm-0026","paper-verified-corpus","src-official-repo","comp-practice","PRESERVE_AND_INDEX","COMMITTED","tx-batch-p10-001","2026-09-29T06:10:00Z","HUMAN_CURATED","VERIFIED",1,0
"q-c12-chm-0027","paper-verified-corpus","src-official-repo","comp-practice","PRESERVE_AND_INDEX","COMMITTED","tx-batch-p10-001","2026-09-29T06:10:00Z","HUMAN_CURATED","VERIFIED",1,0
"q-c12-chm-0028","paper-verified-corpus","src-official-repo","comp-practice","PRESERVE_AND_INDEX","COMMITTED","tx-batch-p10-001","2026-09-29T06:10:00Z","HUMAN_CURATED","VERIFIED",1,0
"q-c12-chm-0029","paper-verified-corpus","src-official-repo","comp-practice","PRESERVE_AND_INDEX","COMMITTED","tx-batch-p10-001","2026-09-29T06:10:00Z","HUMAN_CURATED","VERIFIED",1,0
"q-c12-chm-0030","paper-verified-corpus","src-official-repo","comp-practice","PRESERVE_AND_INDEX","COMMITTED","tx-batch-p10-001","2026-09-29T06:10:00Z","HUMAN_CURATED","VERIFIED",1,0
"q-c12-chm-0031","paper-verified-corpus","src-official-repo","comp-practice","PRESERVE_AND_INDEX","COMMITTED","tx-batch-p10-001","2026-09-29T06:10:00Z","HUMAN_CURATED","VERIFIED",1,0
"q-c12-chm-0032","paper-verified-corpus","src-official-repo","comp-practice","PRESERVE_AND_INDEX","COMMITTED","tx-batch-p10-001","2026-09-29T06:10:00Z","HUMAN_CURATED","VERIFIED",1,0
"q-c12-chm-0033","paper-verified-corpus","src-official-repo","comp-practice","PRESERVE_AND_INDEX","COMMITTED","tx-batch-p10-001","2026-09-29T06:10:00Z","HUMAN_CURATED","VERIFIED",1,0
"q-c12-chm-0034","paper-verified-corpus","src-official-repo","comp-practice","PRESERVE_AND_INDEX","COMMITTED","tx-batch-p10-001","2026-09-29T06:10:00Z","HUMAN_CURATED","VERIFIED",1,0
"q-c12-chm-0035","paper-verified-corpus","src-official-repo","comp-practice","PRESERVE_AND_INDEX","COMMITTED","tx-batch-p10-001","2026-09-29T06:10:00Z","HUMAN_CURATED","VERIFIED",1,0
"q-c12-bio-0001","paper-verified-corpus","src-official-repo","comp-practice","PRESERVE_AND_INDEX","COMMITTED","tx-batch-p10-001","2026-09-29T06:10:00Z","HUMAN_CURATED","VERIFIED",1,0
"q-c12-bio-0002","paper-verified-corpus","src-official-repo","comp-practice","PRESERVE_AND_INDEX","COMMITTED","tx-batch-p10-001","2026-09-29T06:10:00Z","HUMAN_CURATED","VERIFIED",1,0
"q-c12-bio-0003","paper-verified-corpus","src-official-repo","comp-practice","PRESERVE_AND_INDEX","COMMITTED","tx-batch-p10-001","2026-09-29T06:10:00Z","HUMAN_CURATED","VERIFIED",1,0
"q-c12-bio-0004","paper-verified-corpus","src-official-repo","comp-practice","PRESERVE_AND_INDEX","COMMITTED","tx-batch-p10-001","2026-09-29T06:10:00Z","HUMAN_CURATED","VERIFIED",1,0
"q-c12-bio-0005","paper-verified-corpus","src-official-repo","comp-practice","PRESERVE_AND_INDEX","COMMITTED","tx-batch-p10-001","2026-09-29T06:10:00Z","HUMAN_CURATED","VERIFIED",1,0
"q-c12-bio-0006","paper-verified-corpus","src-official-repo","comp-practice","PRESERVE_AND_INDEX","COMMITTED","tx-batch-p10-001","2026-09-29T06:10:00Z","HUMAN_CURATED","VERIFIED",1,0
"q-c12-bio-0007","paper-verified-corpus","src-official-repo","comp-practice","PRESERVE_AND_INDEX","COMMITTED","tx-batch-p10-001","2026-09-29T06:10:00Z","HUMAN_CURATED","VERIFIED",1,0
"q-c12-bio-0008","paper-verified-corpus","src-official-repo","comp-practice","PRESERVE_AND_INDEX","COMMITTED","tx-batch-p10-001","2026-09-29T06:10:00Z","HUMAN_CURATED","VERIFIED",1,0
"q-c12-bio-0009","paper-verified-corpus","src-official-repo","comp-practice","PRESERVE_AND_INDEX","COMMITTED","tx-batch-p10-001","2026-09-29T06:10:00Z","HUMAN_CURATED","VERIFIED",1,0
"q-c12-bio-0010","paper-verified-corpus","src-official-repo","comp-practice","PRESERVE_AND_INDEX","COMMITTED","tx-batch-p10-001","2026-09-29T06:10:00Z","HUMAN_CURATED","VERIFIED",1,0
"q-c12-bio-0011","paper-verified-corpus","src-official-repo","comp-practice","PRESERVE_AND_INDEX","COMMITTED","tx-batch-p10-001","2026-09-29T06:10:00Z","HUMAN_CURATED","VERIFIED",1,0
"q-c12-bio-0012","paper-verified-corpus","src-official-repo","comp-practice","PRESERVE_AND_INDEX","COMMITTED","tx-batch-p10-001","2026-09-29T06:10:00Z","HUMAN_CURATED","VERIFIED",1,0
"q-c12-bio-0013","paper-verified-corpus","src-official-repo","comp-practice","PRESERVE_AND_INDEX","COMMITTED","tx-batch-p10-001","2026-09-29T06:10:00Z","HUMAN_CURATED","VERIFIED",1,0
"q-c12-bio-0014","paper-verified-corpus","src-official-repo","comp-practice","PRESERVE_AND_INDEX","COMMITTED","tx-batch-p10-001","2026-09-29T06:10:00Z","HUMAN_CURATED","VERIFIED",1,0
"q-c12-bio-0015","paper-verified-corpus","src-official-repo","comp-practice","PRESERVE_AND_INDEX","COMMITTED","tx-batch-p10-001","2026-09-29T06:10:00Z","HUMAN_CURATED","VERIFIED",1,0
"q-c12-bio-0016","paper-verified-corpus","src-official-repo","comp-practice","PRESERVE_AND_INDEX","COMMITTED","tx-batch-p10-001","2026-09-29T06:10:00Z","HUMAN_CURATED","VERIFIED",1,0
"q-c12-bio-0017","paper-verified-corpus","src-official-repo","comp-practice","PRESERVE_AND_INDEX","COMMITTED","tx-batch-p10-001","2026-09-29T06:10:00Z","HUMAN_CURATED","VERIFIED",1,0
"q-c12-bio-0018","paper-verified-corpus","src-official-repo","comp-practice","PRESERVE_AND_INDEX","COMMITTED","tx-batch-p10-001","2026-09-29T06:10:00Z","HUMAN_CURATED","VERIFIED",1,0
"q-c12-bio-0019","paper-verified-corpus","src-official-repo","comp-practice","PRESERVE_AND_INDEX","COMMITTED","tx-batch-p10-001","2026-09-29T06:10:00Z","HUMAN_CURATED","VERIFIED",1,0
"q-c12-bio-0020","paper-verified-corpus","src-official-repo","comp-practice","PRESERVE_AND_INDEX","COMMITTED","tx-batch-p10-001","2026-09-29T06:10:00Z","HUMAN_CURATED","VERIFIED",1,0
"q-c12-bio-0021","paper-verified-corpus","src-official-repo","comp-practice","PRESERVE_AND_INDEX","COMMITTED","tx-batch-p10-001","2026-09-29T06:10:00Z","HUMAN_CURATED","VERIFIED",1,0
"q-c12-bio-0022","paper-verified-corpus","src-official-repo","comp-practice","PRESERVE_AND_INDEX","COMMITTED","tx-batch-p10-001","2026-09-29T06:10:00Z","HUMAN_CURATED","VERIFIED",1,0
"q-c12-bio-0023","paper-verified-corpus","src-official-repo","comp-practice","PRESERVE_AND_INDEX","COMMITTED","tx-batch-p10-001","2026-09-29T06:10:00Z","HUMAN_CURATED","VERIFIED",1,0
"q-c12-bio-0024","paper-verified-corpus","src-official-repo","comp-practice","PRESERVE_AND_INDEX","COMMITTED","tx-batch-p10-001","2026-09-29T06:10:00Z","HUMAN_CURATED","VERIFIED",1,0
"q-c12-bio-0025","paper-verified-corpus","src-official-repo","comp-practice","PRESERVE_AND_INDEX","COMMITTED","tx-batch-p10-001","2026-09-29T06:10:00Z","HUMAN_CURATED","VERIFIED",1,0
"q-c12-bio-0026","paper-verified-corpus","src-official-repo","comp-practice","PRESERVE_AND_INDEX","COMMITTED","tx-batch-p10-001","2026-09-29T06:10:00Z","HUMAN_CURATED","VERIFIED",1,0
"q-c12-bio-0027","paper-verified-corpus","src-official-repo","comp-practice","PRESERVE_AND_INDEX","COMMITTED","tx-batch-p10-001","2026-09-29T06:10:00Z","HUMAN_CURATED","VERIFIED",1,0
"q-c12-bio-0028","paper-verified-corpus","src-official-repo","comp-practice","PRESERVE_AND_INDEX","COMMITTED","tx-batch-p10-001","2026-09-29T06:10:00Z","HUMAN_CURATED","VERIFIED",1,0
"q-c12-bio-0029","paper-verified-corpus","src-official-repo","comp-practice","PRESERVE_AND_INDEX","COMMITTED","tx-batch-p10-001","2026-09-29T06:10:00Z","HUMAN_CURATED","VERIFIED",1,0
"q-c12-bio-0030","paper-verified-corpus","src-official-repo","comp-practice","PRESERVE_AND_INDEX","COMMITTED","tx-batch-p10-001","2026-09-29T06:10:00Z","HUMAN_CURATED","VERIFIED",1,0
"q-c12-bio-0031","paper-verified-corpus","src-official-repo","comp-practice","PRESERVE_AND_INDEX","COMMITTED","tx-batch-p10-001","2026-09-29T06:10:00Z","HUMAN_CURATED","VERIFIED",1,0
"q-c12-bio-0032","paper-verified-corpus","src-official-repo","comp-practice","PRESERVE_AND_INDEX","COMMITTED","tx-batch-p10-001","2026-09-29T06:10:00Z","HUMAN_CURATED","VERIFIED",1,0
"q-c12-bio-0033","paper-verified-corpus","src-official-repo","comp-practice","PRESERVE_AND_INDEX","COMMITTED","tx-batch-p10-001","2026-09-29T06:10:00Z","HUMAN_CURATED","VERIFIED",1,0
"q-c12-bio-0034","paper-verified-corpus","src-official-repo","comp-practice","PRESERVE_AND_INDEX","COMMITTED","tx-batch-p10-001","2026-09-29T06:10:00Z","HUMAN_CURATED","VERIFIED",1,0
"q-c12-bio-0035","paper-verified-corpus","src-official-repo","comp-practice","PRESERVE_AND_INDEX","COMMITTED","tx-batch-p10-001","2026-09-29T06:10:00Z","HUMAN_CURATED","VERIFIED",1,0
"q-c12-math-0001","paper-verified-corpus","src-official-repo","comp-practice","PRESERVE_AND_INDEX","COMMITTED","tx-batch-p10-001","2026-09-29T06:10:00Z","HUMAN_CURATED","VERIFIED",1,0
"q-c12-math-0002","paper-verified-corpus","src-official-repo","comp-practice","PRESERVE_AND_INDEX","COMMITTED","tx-batch-p10-001","2026-09-29T06:10:00Z","HUMAN_CURATED","VERIFIED",1,0
"q-c12-math-0003","paper-verified-corpus","src-official-repo","comp-practice","PRESERVE_AND_INDEX","COMMITTED","tx-batch-p10-001","2026-09-29T06:10:00Z","HUMAN_CURATED","VERIFIED",1,0
"q-c12-math-0004","paper-verified-corpus","src-official-repo","comp-practice","PRESERVE_AND_INDEX","COMMITTED","tx-batch-p10-001","2026-09-29T06:10:00Z","HUMAN_CURATED","VERIFIED",1,0
"q-c12-math-0005","paper-verified-corpus","src-official-repo","comp-practice","PRESERVE_AND_INDEX","COMMITTED","tx-batch-p10-001","2026-09-29T06:10:00Z","HUMAN_CURATED","VERIFIED",1,0
"q-c12-math-0006","paper-verified-corpus","src-official-repo","comp-practice","PRESERVE_AND_INDEX","COMMITTED","tx-batch-p10-001","2026-09-29T06:10:00Z","HUMAN_CURATED","VERIFIED",1,0
"q-c12-math-0007","paper-verified-corpus","src-official-repo","comp-practice","PRESERVE_AND_INDEX","COMMITTED","tx-batch-p10-001","2026-09-29T06:10:00Z","HUMAN_CURATED","VERIFIED",1,0
"q-c12-math-0008","paper-verified-corpus","src-official-repo","comp-practice","PRESERVE_AND_INDEX","COMMITTED","tx-batch-p10-001","2026-09-29T06:10:00Z","HUMAN_CURATED","VERIFIED",1,0
"q-c12-math-0009","paper-verified-corpus","src-official-repo","comp-practice","PRESERVE_AND_INDEX","COMMITTED","tx-batch-p10-001","2026-09-29T06:10:00Z","HUMAN_CURATED","VERIFIED",1,0
"q-c12-math-0010","paper-verified-corpus","src-official-repo","comp-practice","PRESERVE_AND_INDEX","COMMITTED","tx-batch-p10-001","2026-09-29T06:10:00Z","HUMAN_CURATED","VERIFIED",1,0
"q-c12-math-0011","paper-verified-corpus","src-official-repo","comp-practice","PRESERVE_AND_INDEX","COMMITTED","tx-batch-p10-001","2026-09-29T06:10:00Z","HUMAN_CURATED","VERIFIED",1,0
"q-c12-math-0012","paper-verified-corpus","src-official-repo","comp-practice","PRESERVE_AND_INDEX","COMMITTED","tx-batch-p10-001","2026-09-29T06:10:00Z","HUMAN_CURATED","VERIFIED",1,0
"q-c12-math-0013","paper-verified-corpus","src-official-repo","comp-practice","PRESERVE_AND_INDEX","COMMITTED","tx-batch-p10-001","2026-09-29T06:10:00Z","HUMAN_CURATED","VERIFIED",1,0
"q-c12-math-0014","paper-verified-corpus","src-official-repo","comp-practice","PRESERVE_AND_INDEX","COMMITTED","tx-batch-p10-001","2026-09-29T06:10:00Z","HUMAN_CURATED","VERIFIED",1,0
"q-c12-math-0015","paper-verified-corpus","src-official-repo","comp-practice","PRESERVE_AND_INDEX","COMMITTED","tx-batch-p10-001","2026-09-29T06:10:00Z","HUMAN_CURATED","VERIFIED",1,0
"q-c12-math-0016","paper-verified-corpus","src-official-repo","comp-practice","PRESERVE_AND_INDEX","COMMITTED","tx-batch-p10-001","2026-09-29T06:10:00Z","HUMAN_CURATED","VERIFIED",1,0
"q-c12-math-0017","paper-verified-corpus","src-official-repo","comp-practice","PRESERVE_AND_INDEX","COMMITTED","tx-batch-p10-001","2026-09-29T06:10:00Z","HUMAN_CURATED","VERIFIED",1,0
"q-c12-math-0018","paper-verified-corpus","src-official-repo","comp-practice","PRESERVE_AND_INDEX","COMMITTED","tx-batch-p10-001","2026-09-29T06:10:00Z","HUMAN_CURATED","VERIFIED",1,0
"q-c12-math-0019","paper-verified-corpus","src-official-repo","comp-practice","PRESERVE_AND_INDEX","COMMITTED","tx-batch-p10-001","2026-09-29T06:10:00Z","HUMAN_CURATED","VERIFIED",1,0
"q-c12-math-0020","paper-verified-corpus","src-official-repo","comp-practice","PRESERVE_AND_INDEX","COMMITTED","tx-batch-p10-001","2026-09-29T06:10:00Z","HUMAN_CURATED","VERIFIED",1,0
"q-c12-math-0021","paper-verified-corpus","src-official-repo","comp-practice","PRESERVE_AND_INDEX","COMMITTED","tx-batch-p10-001","2026-09-29T06:10:00Z","HUMAN_CURATED","VERIFIED",1,0
"q-c12-math-0022","paper-verified-corpus","src-official-repo","comp-practice","PRESERVE_AND_INDEX","COMMITTED","tx-batch-p10-001","2026-09-29T06:10:00Z","HUMAN_CURATED","VERIFIED",1,0
"q-c12-math-0023","paper-verified-corpus","src-official-repo","comp-practice","PRESERVE_AND_INDEX","COMMITTED","tx-batch-p10-001","2026-09-29T06:10:00Z","HUMAN_CURATED","VERIFIED",1,0
"q-c12-math-0024","paper-verified-corpus","src-official-repo","comp-practice","PRESERVE_AND_INDEX","COMMITTED","tx-batch-p10-001","2026-09-29T06:10:00Z","HUMAN_CURATED","VERIFIED",1,0
"q-c12-math-0025","paper-verified-corpus","src-official-repo","comp-practice","PRESERVE_AND_INDEX","COMMITTED","tx-batch-p10-001","2026-09-29T06:10:00Z","HUMAN_CURATED","VERIFIED",1,0
"q-c12-math-0026","paper-verified-corpus","src-official-repo","comp-practice","PRESERVE_AND_INDEX","COMMITTED","tx-batch-p10-001","2026-09-29T06:10:00Z","HUMAN_CURATED","VERIFIED",1,0
"q-c12-math-0027","paper-verified-corpus","src-official-repo","comp-practice","PRESERVE_AND_INDEX","COMMITTED","tx-batch-p10-001","2026-09-29T06:10:00Z","HUMAN_CURATED","VERIFIED",1,0
"q-c12-math-0028","paper-verified-corpus","src-official-repo","comp-practice","PRESERVE_AND_INDEX","COMMITTED","tx-batch-p10-001","2026-09-29T06:10:00Z","HUMAN_CURATED","VERIFIED",1,0
"q-c12-math-0029","paper-verified-corpus","src-official-repo","comp-practice","PRESERVE_AND_INDEX","COMMITTED","tx-batch-p10-001","2026-09-29T06:10:00Z","HUMAN_CURATED","VERIFIED",1,0
"q-c12-math-0030","paper-verified-corpus","src-official-repo","comp-practice","PRESERVE_AND_INDEX","COMMITTED","tx-batch-p10-001","2026-09-29T06:10:00Z","HUMAN_CURATED","VERIFIED",1,0
"q-c12-math-0031","paper-verified-corpus","src-official-repo","comp-practice","PRESERVE_AND_INDEX","COMMITTED","tx-batch-p10-001","2026-09-29T06:10:00Z","HUMAN_CURATED","VERIFIED",1,0
"q-c12-math-0032","paper-verified-corpus","src-official-repo","comp-practice","PRESERVE_AND_INDEX","COMMITTED","tx-batch-p10-001","2026-09-29T06:10:00Z","HUMAN_CURATED","VERIFIED",1,0
"q-c12-math-0033","paper-verified-corpus","src-official-repo","comp-practice","PRESERVE_AND_INDEX","COMMITTED","tx-batch-p10-001","2026-09-29T06:10:00Z","HUMAN_CURATED","VERIFIED",1,0
"q-c12-math-0034","paper-verified-corpus","src-official-repo","comp-practice","PRESERVE_AND_INDEX","COMMITTED","tx-batch-p10-001","2026-09-29T06:10:00Z","HUMAN_CURATED","VERIFIED",1,0
"q-c12-math-0035","paper-verified-corpus","src-official-repo","comp-practice","PRESERVE_AND_INDEX","COMMITTED","tx-batch-p10-001","2026-09-29T06:10:00Z","HUMAN_CURATED","VERIFIED",1,0
"q-c12-math-0036","paper-verified-corpus","src-official-repo","comp-practice","PRESERVE_AND_INDEX","COMMITTED","tx-batch-p10-001","2026-09-29T06:10:00Z","HUMAN_CURATED","VERIFIED",1,0
"q-c12-math-0037","paper-verified-corpus","src-official-repo","comp-practice","PRESERVE_AND_INDEX","COMMITTED","tx-batch-p10-001","2026-09-29T06:10:00Z","HUMAN_CURATED","VERIFIED",1,0
"q-c12-math-0038","paper-verified-corpus","src-official-repo","comp-practice","PRESERVE_AND_INDEX","COMMITTED","tx-batch-p10-001","2026-09-29T06:10:00Z","HUMAN_CURATED","VERIFIED",1,0
"q-c12-math-0039","paper-verified-corpus","src-official-repo","comp-practice","PRESERVE_AND_INDEX","COMMITTED","tx-batch-p10-001","2026-09-29T06:10:00Z","HUMAN_CURATED","VERIFIED",1,0
"q-c12-math-0040","paper-verified-corpus","src-official-repo","comp-practice","PRESERVE_AND_INDEX","COMMITTED","tx-batch-p10-001","2026-09-29T06:10:00Z","HUMAN_CURATED","VERIFIED",1,0
"q-c12-math-0041","paper-verified-corpus","src-official-repo","comp-practice","PRESERVE_AND_INDEX","COMMITTED","tx-batch-p10-001","2026-09-29T06:10:00Z","HUMAN_CURATED","VERIFIED",1,0
"q-c12-math-0042","paper-verified-corpus","src-official-repo","comp-practice","PRESERVE_AND_INDEX","COMMITTED","tx-batch-p10-001","2026-09-29T06:10:00Z","HUMAN_CURATED","VERIFIED",1,0
"q-c12-math-0043","paper-verified-corpus","src-official-repo","comp-practice","PRESERVE_AND_INDEX","COMMITTED","tx-batch-p10-001","2026-09-29T06:10:00Z","HUMAN_CURATED","VERIFIED",1,0
"q-c12-math-0044","paper-verified-corpus","src-official-repo","comp-practice","PRESERVE_AND_INDEX","COMMITTED","tx-batch-p10-001","2026-09-29T06:10:00Z","HUMAN_CURATED","VERIFIED",1,0
"q-c12-math-0045","paper-verified-corpus","src-official-repo","comp-practice","PRESERVE_AND_INDEX","COMMITTED","tx-batch-p10-001","2026-09-29T06:10:00Z","HUMAN_CURATED","VERIFIED",1,0
"q-c12-acc-0001","paper-verified-corpus","src-official-repo","comp-practice","PRESERVE_AND_INDEX","COMMITTED","tx-batch-p10-001","2026-09-29T06:10:00Z","HUMAN_CURATED","VERIFIED",1,0
"q-c12-acc-0002","paper-verified-corpus","src-official-repo","comp-practice","PRESERVE_AND_INDEX","COMMITTED","tx-batch-p10-001","2026-09-29T06:10:00Z","HUMAN_CURATED","VERIFIED",1,0
"q-c12-acc-0003","paper-verified-corpus","src-official-repo","comp-practice","PRESERVE_AND_INDEX","COMMITTED","tx-batch-p10-001","2026-09-29T06:10:00Z","HUMAN_CURATED","VERIFIED",1,0
"q-c12-acc-0004","paper-verified-corpus","src-official-repo","comp-practice","PRESERVE_AND_INDEX","COMMITTED","tx-batch-p10-001","2026-09-29T06:10:00Z","HUMAN_CURATED","VERIFIED",1,0
"q-c12-acc-0005","paper-verified-corpus","src-official-repo","comp-practice","PRESERVE_AND_INDEX","COMMITTED","tx-batch-p10-001","2026-09-29T06:10:00Z","HUMAN_CURATED","VERIFIED",1,0
"q-c12-acc-0006","paper-verified-corpus","src-official-repo","comp-practice","PRESERVE_AND_INDEX","COMMITTED","tx-batch-p10-001","2026-09-29T06:10:00Z","HUMAN_CURATED","VERIFIED",1,0
"q-c12-acc-0007","paper-verified-corpus","src-official-repo","comp-practice","PRESERVE_AND_INDEX","COMMITTED","tx-batch-p10-001","2026-09-29T06:10:00Z","HUMAN_CURATED","VERIFIED",1,0
"q-c12-acc-0008","paper-verified-corpus","src-official-repo","comp-practice","PRESERVE_AND_INDEX","COMMITTED","tx-batch-p10-001","2026-09-29T06:10:00Z","HUMAN_CURATED","VERIFIED",1,0
"q-c12-acc-0009","paper-verified-corpus","src-official-repo","comp-practice","PRESERVE_AND_INDEX","COMMITTED","tx-batch-p10-001","2026-09-29T06:10:00Z","HUMAN_CURATED","VERIFIED",1,0
"q-c12-acc-0010","paper-verified-corpus","src-official-repo","comp-practice","PRESERVE_AND_INDEX","COMMITTED","tx-batch-p10-001","2026-09-29T06:10:00Z","HUMAN_CURATED","VERIFIED",1,0
"q-c12-acc-0011","paper-verified-corpus","src-official-repo","comp-practice","PRESERVE_AND_INDEX","COMMITTED","tx-batch-p10-001","2026-09-29T06:10:00Z","HUMAN_CURATED","VERIFIED",1,0
"q-c12-acc-0012","paper-verified-corpus","src-official-repo","comp-practice","PRESERVE_AND_INDEX","COMMITTED","tx-batch-p10-001","2026-09-29T06:10:00Z","HUMAN_CURATED","VERIFIED",1,0
"q-c12-bus-0001","paper-verified-corpus","src-official-repo","comp-practice","PRESERVE_AND_INDEX","COMMITTED","tx-batch-p10-001","2026-09-29T06:10:00Z","HUMAN_CURATED","VERIFIED",1,0
"q-c12-bus-0002","paper-verified-corpus","src-official-repo","comp-practice","PRESERVE_AND_INDEX","COMMITTED","tx-batch-p10-001","2026-09-29T06:10:00Z","HUMAN_CURATED","VERIFIED",1,0
"q-c12-bus-0003","paper-verified-corpus","src-official-repo","comp-practice","PRESERVE_AND_INDEX","COMMITTED","tx-batch-p10-001","2026-09-29T06:10:00Z","HUMAN_CURATED","VERIFIED",1,0
"q-c12-bus-0004","paper-verified-corpus","src-official-repo","comp-practice","PRESERVE_AND_INDEX","COMMITTED","tx-batch-p10-001","2026-09-29T06:10:00Z","HUMAN_CURATED","VERIFIED",1,0
"q-c12-bus-0005","paper-verified-corpus","src-official-repo","comp-practice","PRESERVE_AND_INDEX","COMMITTED","tx-batch-p10-001","2026-09-29T06:10:00Z","HUMAN_CURATED","VERIFIED",1,0
"q-c12-bus-0006","paper-verified-corpus","src-official-repo","comp-practice","PRESERVE_AND_INDEX","COMMITTED","tx-batch-p10-001","2026-09-29T06:10:00Z","HUMAN_CURATED","VERIFIED",1,0
"q-c12-bus-0007","paper-verified-corpus","src-official-repo","comp-practice","PRESERVE_AND_INDEX","COMMITTED","tx-batch-p10-001","2026-09-29T06:10:00Z","HUMAN_CURATED","VERIFIED",1,0
"q-c12-bus-0008","paper-verified-corpus","src-official-repo","comp-practice","PRESERVE_AND_INDEX","COMMITTED","tx-batch-p10-001","2026-09-29T06:10:00Z","HUMAN_CURATED","VERIFIED",1,0
"q-c12-bus-0009","paper-verified-corpus","src-official-repo","comp-practice","PRESERVE_AND_INDEX","COMMITTED","tx-batch-p10-001","2026-09-29T06:10:00Z","HUMAN_CURATED","VERIFIED",1,0
"q-c12-bus-0010","paper-verified-corpus","src-official-repo","comp-practice","PRESERVE_AND_INDEX","COMMITTED","tx-batch-p10-001","2026-09-29T06:10:00Z","HUMAN_CURATED","VERIFIED",1,0
"q-c12-bus-0011","paper-verified-corpus","src-official-repo","comp-practice","PRESERVE_AND_INDEX","COMMITTED","tx-batch-p10-001","2026-09-29T06:10:00Z","HUMAN_CURATED","VERIFIED",1,0
"q-c12-bus-0012","paper-verified-corpus","src-official-repo","comp-practice","PRESERVE_AND_INDEX","COMMITTED","tx-batch-p10-001","2026-09-29T06:10:00Z","HUMAN_CURATED","VERIFIED",1,0
"q-c12-eco-0001","paper-verified-corpus","src-official-repo","comp-practice","PRESERVE_AND_INDEX","COMMITTED","tx-batch-p10-001","2026-09-29T06:10:00Z","HUMAN_CURATED","VERIFIED",1,0
"q-c12-eco-0002","paper-verified-corpus","src-official-repo","comp-practice","PRESERVE_AND_INDEX","COMMITTED","tx-batch-p10-001","2026-09-29T06:10:00Z","HUMAN_CURATED","VERIFIED",1,0
"q-c12-eco-0003","paper-verified-corpus","src-official-repo","comp-practice","PRESERVE_AND_INDEX","COMMITTED","tx-batch-p10-001","2026-09-29T06:10:00Z","HUMAN_CURATED","VERIFIED",1,0
"q-c12-eco-0004","paper-verified-corpus","src-official-repo","comp-practice","PRESERVE_AND_INDEX","COMMITTED","tx-batch-p10-001","2026-09-29T06:10:00Z","HUMAN_CURATED","VERIFIED",1,0
"q-c12-eco-0005","paper-verified-corpus","src-official-repo","comp-practice","PRESERVE_AND_INDEX","COMMITTED","tx-batch-p10-001","2026-09-29T06:10:00Z","HUMAN_CURATED","VERIFIED",1,0
"q-c12-eco-0006","paper-verified-corpus","src-official-repo","comp-practice","PRESERVE_AND_INDEX","COMMITTED","tx-batch-p10-001","2026-09-29T06:10:00Z","HUMAN_CURATED","VERIFIED",1,0
"q-c12-eco-0007","paper-verified-corpus","src-official-repo","comp-practice","PRESERVE_AND_INDEX","COMMITTED","tx-batch-p10-001","2026-09-29T06:10:00Z","HUMAN_CURATED","VERIFIED",1,0
"q-c12-eco-0008","paper-verified-corpus","src-official-repo","comp-practice","PRESERVE_AND_INDEX","COMMITTED","tx-batch-p10-001","2026-09-29T06:10:00Z","HUMAN_CURATED","VERIFIED",1,0
"q-c12-eco-0009","paper-verified-corpus","src-official-repo","comp-practice","PRESERVE_AND_INDEX","COMMITTED","tx-batch-p10-001","2026-09-29T06:10:00Z","HUMAN_CURATED","VERIFIED",1,0
"q-c12-eco-0010","paper-verified-corpus","src-official-repo","comp-practice","PRESERVE_AND_INDEX","COMMITTED","tx-batch-p10-001","2026-09-29T06:10:00Z","HUMAN_CURATED","VERIFIED",1,0
"q-c12-eco-0011","paper-verified-corpus","src-official-repo","comp-practice","PRESERVE_AND_INDEX","COMMITTED","tx-batch-p10-001","2026-09-29T06:10:00Z","HUMAN_CURATED","VERIFIED",1,0
"q-c12-eco-0012","paper-verified-corpus","src-official-repo","comp-practice","PRESERVE_AND_INDEX","COMMITTED","tx-batch-p10-001","2026-09-29T06:10:00Z","HUMAN_CURATED","VERIFIED",1,0
"q-c12-his-0001","paper-verified-corpus","src-official-repo","comp-practice","PRESERVE_AND_INDEX","COMMITTED","tx-batch-p10-001","2026-09-29T06:10:00Z","HUMAN_CURATED","VERIFIED",1,0
"q-c12-his-0002","paper-verified-corpus","src-official-repo","comp-practice","PRESERVE_AND_INDEX","COMMITTED","tx-batch-p10-001","2026-09-29T06:10:00Z","HUMAN_CURATED","VERIFIED",1,0
"q-c12-his-0003","paper-verified-corpus","src-official-repo","comp-practice","PRESERVE_AND_INDEX","COMMITTED","tx-batch-p10-001","2026-09-29T06:10:00Z","HUMAN_CURATED","VERIFIED",1,0
"q-c12-his-0004","paper-verified-corpus","src-official-repo","comp-practice","PRESERVE_AND_INDEX","COMMITTED","tx-batch-p10-001","2026-09-29T06:10:00Z","HUMAN_CURATED","VERIFIED",1,0
"q-c12-his-0005","paper-verified-corpus","src-official-repo","comp-practice","PRESERVE_AND_INDEX","COMMITTED","tx-batch-p10-001","2026-09-29T06:10:00Z","HUMAN_CURATED","VERIFIED",1,0
"q-c12-his-0006","paper-verified-corpus","src-official-repo","comp-practice","PRESERVE_AND_INDEX","COMMITTED","tx-batch-p10-001","2026-09-29T06:10:00Z","HUMAN_CURATED","VERIFIED",1,0
"q-c12-his-0007","paper-verified-corpus","src-official-repo","comp-practice","PRESERVE_AND_INDEX","COMMITTED","tx-batch-p10-001","2026-09-29T06:10:00Z","HUMAN_CURATED","VERIFIED",1,0
"q-c12-his-0008","paper-verified-corpus","src-official-repo","comp-practice","PRESERVE_AND_INDEX","COMMITTED","tx-batch-p10-001","2026-09-29T06:10:00Z","HUMAN_CURATED","VERIFIED",1,0
"q-c12-his-0009","paper-verified-corpus","src-official-repo","comp-practice","PRESERVE_AND_INDEX","COMMITTED","tx-batch-p10-001","2026-09-29T06:10:00Z","HUMAN_CURATED","VERIFIED",1,0
"q-c12-his-0010","paper-verified-corpus","src-official-repo","comp-practice","PRESERVE_AND_INDEX","COMMITTED","tx-batch-p10-001","2026-09-29T06:10:00Z","HUMAN_CURATED","VERIFIED",1,0
"q-c12-his-0011","paper-verified-corpus","src-official-repo","comp-practice","PRESERVE_AND_INDEX","COMMITTED","tx-batch-p10-001","2026-09-29T06:10:00Z","HUMAN_CURATED","VERIFIED",1,0
"q-c12-his-0012","paper-verified-corpus","src-official-repo","comp-practice","PRESERVE_AND_INDEX","COMMITTED","tx-batch-p10-001","2026-09-29T06:10:00Z","HUMAN_CURATED","VERIFIED",1,0
"q-c12-pol-0001","paper-verified-corpus","src-official-repo","comp-practice","PRESERVE_AND_INDEX","COMMITTED","tx-batch-p10-001","2026-09-29T06:10:00Z","HUMAN_CURATED","VERIFIED",1,0
"q-c12-pol-0002","paper-verified-corpus","src-official-repo","comp-practice","PRESERVE_AND_INDEX","COMMITTED","tx-batch-p10-001","2026-09-29T06:10:00Z","HUMAN_CURATED","VERIFIED",1,0
"q-c12-pol-0003","paper-verified-corpus","src-official-repo","comp-practice","PRESERVE_AND_INDEX","COMMITTED","tx-batch-p10-001","2026-09-29T06:10:00Z","HUMAN_CURATED","VERIFIED",1,0
"q-c12-pol-0004","paper-verified-corpus","src-official-repo","comp-practice","PRESERVE_AND_INDEX","COMMITTED","tx-batch-p10-001","2026-09-29T06:10:00Z","HUMAN_CURATED","VERIFIED",1,0
"q-c12-pol-0005","paper-verified-corpus","src-official-repo","comp-practice","PRESERVE_AND_INDEX","COMMITTED","tx-batch-p10-001","2026-09-29T06:10:00Z","HUMAN_CURATED","VERIFIED",1,0
"q-c12-pol-0006","paper-verified-corpus","src-official-repo","comp-practice","PRESERVE_AND_INDEX","COMMITTED","tx-batch-p10-001","2026-09-29T06:10:00Z","HUMAN_CURATED","VERIFIED",1,0
"q-c12-pol-0007","paper-verified-corpus","src-official-repo","comp-practice","PRESERVE_AND_INDEX","COMMITTED","tx-batch-p10-001","2026-09-29T06:10:00Z","HUMAN_CURATED","VERIFIED",1,0
"q-c12-pol-0008","paper-verified-corpus","src-official-repo","comp-practice","PRESERVE_AND_INDEX","COMMITTED","tx-batch-p10-001","2026-09-29T06:10:00Z","HUMAN_CURATED","VERIFIED",1,0
"q-c12-pol-0009","paper-verified-corpus","src-official-repo","comp-practice","PRESERVE_AND_INDEX","COMMITTED","tx-batch-p10-001","2026-09-29T06:10:00Z","HUMAN_CURATED","VERIFIED",1,0
"q-c12-pol-0010","paper-verified-corpus","src-official-repo","comp-practice","PRESERVE_AND_INDEX","COMMITTED","tx-batch-p10-001","2026-09-29T06:10:00Z","HUMAN_CURATED","VERIFIED",1,0
"q-c12-pol-0011","paper-verified-corpus","src-official-repo","comp-practice","PRESERVE_AND_INDEX","COMMITTED","tx-batch-p10-001","2026-09-29T06:10:00Z","HUMAN_CURATED","VERIFIED",1,0
"q-c12-pol-0012","paper-verified-corpus","src-official-repo","comp-practice","PRESERVE_AND_INDEX","COMMITTED","tx-batch-p10-001","2026-09-29T06:10:00Z","HUMAN_CURATED","VERIFIED",1,0
"q-c12-geo-0001","paper-verified-corpus","src-official-repo","comp-practice","PRESERVE_AND_INDEX","COMMITTED","tx-batch-p10-001","2026-09-29T06:10:00Z","HUMAN_CURATED","VERIFIED",1,0
"q-c12-geo-0002","paper-verified-corpus","src-official-repo","comp-practice","PRESERVE_AND_INDEX","COMMITTED","tx-batch-p10-001","2026-09-29T06:10:00Z","HUMAN_CURATED","VERIFIED",1,0
"q-c12-geo-0003","paper-verified-corpus","src-official-repo","comp-practice","PRESERVE_AND_INDEX","COMMITTED","tx-batch-p10-001","2026-09-29T06:10:00Z","HUMAN_CURATED","VERIFIED",1,0
"q-c12-geo-0004","paper-verified-corpus","src-official-repo","comp-practice","PRESERVE_AND_INDEX","COMMITTED","tx-batch-p10-001","2026-09-29T06:10:00Z","HUMAN_CURATED","VERIFIED",1,0
"q-c12-geo-0005","paper-verified-corpus","src-official-repo","comp-practice","PRESERVE_AND_INDEX","COMMITTED","tx-batch-p10-001","2026-09-29T06:10:00Z","HUMAN_CURATED","VERIFIED",1,0
"q-c12-geo-0006","paper-verified-corpus","src-official-repo","comp-practice","PRESERVE_AND_INDEX","COMMITTED","tx-batch-p10-001","2026-09-29T06:10:00Z","HUMAN_CURATED","VERIFIED",1,0
"q-c12-geo-0007","paper-verified-corpus","src-official-repo","comp-practice","PRESERVE_AND_INDEX","COMMITTED","tx-batch-p10-001","2026-09-29T06:10:00Z","HUMAN_CURATED","VERIFIED",1,0
"q-c12-geo-0008","paper-verified-corpus","src-official-repo","comp-practice","PRESERVE_AND_INDEX","COMMITTED","tx-batch-p10-001","2026-09-29T06:10:00Z","HUMAN_CURATED","VERIFIED",1,0
"q-c12-geo-0009","paper-verified-corpus","src-official-repo","comp-practice","PRESERVE_AND_INDEX","COMMITTED","tx-batch-p10-001","2026-09-29T06:10:00Z","HUMAN_CURATED","VERIFIED",1,0
"q-c12-geo-0010","paper-verified-corpus","src-official-repo","comp-practice","PRESERVE_AND_INDEX","COMMITTED","tx-batch-p10-001","2026-09-29T06:10:00Z","HUMAN_CURATED","VERIFIED",1,0
"q-c12-geo-0011","paper-verified-corpus","src-official-repo","comp-practice","PRESERVE_AND_INDEX","COMMITTED","tx-batch-p10-001","2026-09-29T06:10:00Z","HUMAN_CURATED","VERIFIED",1,0
"q-c12-geo-0012","paper-verified-corpus","src-official-repo","comp-practice","PRESERVE_AND_INDEX","COMMITTED","tx-batch-p10-001","2026-09-29T06:10:00Z","HUMAN_CURATED","VERIFIED",1,0
"q-cmp-rea-0001","paper-verified-corpus","src-official-repo","comp-practice","PRESERVE_AND_INDEX","COMMITTED","tx-batch-p10-001","2026-09-29T06:10:00Z","HUMAN_CURATED","VERIFIED",1,0
"q-cmp-rea-0002","paper-verified-corpus","src-official-repo","comp-practice","PRESERVE_AND_INDEX","COMMITTED","tx-batch-p10-001","2026-09-29T06:10:00Z","HUMAN_CURATED","VERIFIED",1,0
"q-cmp-rea-0003","paper-verified-corpus","src-official-repo","comp-practice","PRESERVE_AND_INDEX","COMMITTED","tx-batch-p10-001","2026-09-29T06:10:00Z","HUMAN_CURATED","VERIFIED",1,0
"q-cmp-rea-0004","paper-verified-corpus","src-official-repo","comp-practice","PRESERVE_AND_INDEX","COMMITTED","tx-batch-p10-001","2026-09-29T06:10:00Z","HUMAN_CURATED","VERIFIED",1,0
"q-cmp-rea-0005","paper-verified-corpus","src-official-repo","comp-practice","PRESERVE_AND_INDEX","COMMITTED","tx-batch-p10-001","2026-09-29T06:10:00Z","HUMAN_CURATED","VERIFIED",1,0
"q-cmp-rea-0006","paper-verified-corpus","src-official-repo","comp-practice","PRESERVE_AND_INDEX","COMMITTED","tx-batch-p10-001","2026-09-29T06:10:00Z","HUMAN_CURATED","VERIFIED",1,0
"q-cmp-rea-0007","paper-verified-corpus","src-official-repo","comp-practice","PRESERVE_AND_INDEX","COMMITTED","tx-batch-p10-001","2026-09-29T06:10:00Z","HUMAN_CURATED","VERIFIED",1,0
"q-cmp-rea-0008","paper-verified-corpus","src-official-repo","comp-practice","PRESERVE_AND_INDEX","COMMITTED","tx-batch-p10-001","2026-09-29T06:10:00Z","HUMAN_CURATED","VERIFIED",1,0
"q-cmp-rea-0009","paper-verified-corpus","src-official-repo","comp-practice","PRESERVE_AND_INDEX","COMMITTED","tx-batch-p10-001","2026-09-29T06:10:00Z","HUMAN_CURATED","VERIFIED",1,0
"q-cmp-rea-0010","paper-verified-corpus","src-official-repo","comp-practice","PRESERVE_AND_INDEX","COMMITTED","tx-batch-p10-001","2026-09-29T06:10:00Z","HUMAN_CURATED","VERIFIED",1,0
"q-cmp-rea-0011","paper-verified-corpus","src-official-repo","comp-practice","PRESERVE_AND_INDEX","COMMITTED","tx-batch-p10-001","2026-09-29T06:10:00Z","HUMAN_CURATED","VERIFIED",1,0
"q-cmp-rea-0012","paper-verified-corpus","src-official-repo","comp-practice","PRESERVE_AND_INDEX","COMMITTED","tx-batch-p10-001","2026-09-29T06:10:00Z","HUMAN_CURATED","VERIFIED",1,0
"q-cmp-rea-0013","paper-verified-corpus","src-official-repo","comp-practice","PRESERVE_AND_INDEX","COMMITTED","tx-batch-p10-001","2026-09-29T06:10:00Z","HUMAN_CURATED","VERIFIED",1,0
"q-cmp-rea-0014","paper-verified-corpus","src-official-repo","comp-practice","PRESERVE_AND_INDEX","COMMITTED","tx-batch-p10-001","2026-09-29T06:10:00Z","HUMAN_CURATED","VERIFIED",1,0
"q-cmp-rea-0015","paper-verified-corpus","src-official-repo","comp-practice","PRESERVE_AND_INDEX","COMMITTED","tx-batch-p10-001","2026-09-29T06:10:00Z","HUMAN_CURATED","VERIFIED",1,0
"q-cmp-rea-0016","paper-verified-corpus","src-official-repo","comp-practice","PRESERVE_AND_INDEX","COMMITTED","tx-batch-p10-001","2026-09-29T06:10:00Z","HUMAN_CURATED","VERIFIED",1,0
"q-cmp-rea-0017","paper-verified-corpus","src-official-repo","comp-practice","PRESERVE_AND_INDEX","COMMITTED","tx-batch-p10-001","2026-09-29T06:10:00Z","HUMAN_CURATED","VERIFIED",1,0
"q-cmp-rea-0018","paper-verified-corpus","src-official-repo","comp-practice","PRESERVE_AND_INDEX","COMMITTED","tx-batch-p10-001","2026-09-29T06:10:00Z","HUMAN_CURATED","VERIFIED",1,0
"q-cmp-rea-0019","paper-verified-corpus","src-official-repo","comp-practice","PRESERVE_AND_INDEX","COMMITTED","tx-batch-p10-001","2026-09-29T06:10:00Z","HUMAN_CURATED","VERIFIED",1,0
"q-cmp-rea-0020","paper-verified-corpus","src-official-repo","comp-practice","PRESERVE_AND_INDEX","COMMITTED","tx-batch-p10-001","2026-09-29T06:10:00Z","HUMAN_CURATED","VERIFIED",1,0
"q-cmp-rea-0021","paper-verified-corpus","src-official-repo","comp-practice","PRESERVE_AND_INDEX","COMMITTED","tx-batch-p10-001","2026-09-29T06:10:00Z","HUMAN_CURATED","VERIFIED",1,0
"q-cmp-rea-0022","paper-verified-corpus","src-official-repo","comp-practice","PRESERVE_AND_INDEX","COMMITTED","tx-batch-p10-001","2026-09-29T06:10:00Z","HUMAN_CURATED","VERIFIED",1,0
"q-cmp-rea-0023","paper-verified-corpus","src-official-repo","comp-practice","PRESERVE_AND_INDEX","COMMITTED","tx-batch-p10-001","2026-09-29T06:10:00Z","HUMAN_CURATED","VERIFIED",1,0
"q-cmp-rea-0024","paper-verified-corpus","src-official-repo","comp-practice","PRESERVE_AND_INDEX","COMMITTED","tx-batch-p10-001","2026-09-29T06:10:00Z","HUMAN_CURATED","VERIFIED",1,0
"q-cmp-rea-0025","paper-verified-corpus","src-official-repo","comp-practice","PRESERVE_AND_INDEX","COMMITTED","tx-batch-p10-001","2026-09-29T06:10:00Z","HUMAN_CURATED","VERIFIED",1,0
"q-cmp-rea-0026","paper-verified-corpus","src-official-repo","comp-practice","PRESERVE_AND_INDEX","COMMITTED","tx-batch-p10-001","2026-09-29T06:10:00Z","HUMAN_CURATED","VERIFIED",1,0
"q-cmp-rea-0027","paper-verified-corpus","src-official-repo","comp-practice","PRESERVE_AND_INDEX","COMMITTED","tx-batch-p10-001","2026-09-29T06:10:00Z","HUMAN_CURATED","VERIFIED",1,0
"q-cmp-rea-0028","paper-verified-corpus","src-official-repo","comp-practice","PRESERVE_AND_INDEX","COMMITTED","tx-batch-p10-001","2026-09-29T06:10:00Z","HUMAN_CURATED","VERIFIED",1,0
"q-cmp-rea-0029","paper-verified-corpus","src-official-repo","comp-practice","PRESERVE_AND_INDEX","COMMITTED","tx-batch-p10-001","2026-09-29T06:10:00Z","HUMAN_CURATED","VERIFIED",1,0
"q-cmp-rea-0030","paper-verified-corpus","src-official-repo","comp-practice","PRESERVE_AND_INDEX","COMMITTED","tx-batch-p10-001","2026-09-29T06:10:00Z","HUMAN_CURATED","VERIFIED",1,0
"q-cmp-mth-0001","paper-verified-corpus","src-official-repo","comp-practice","PRESERVE_AND_INDEX","COMMITTED","tx-batch-p10-001","2026-09-29T06:10:00Z","HUMAN_CURATED","VERIFIED",1,0
"q-cmp-mth-0002","paper-verified-corpus","src-official-repo","comp-practice","PRESERVE_AND_INDEX","COMMITTED","tx-batch-p10-001","2026-09-29T06:10:00Z","HUMAN_CURATED","VERIFIED",1,0
"q-cmp-mth-0003","paper-verified-corpus","src-official-repo","comp-practice","PRESERVE_AND_INDEX","COMMITTED","tx-batch-p10-001","2026-09-29T06:10:00Z","HUMAN_CURATED","VERIFIED",1,0
"q-cmp-mth-0004","paper-verified-corpus","src-official-repo","comp-practice","PRESERVE_AND_INDEX","COMMITTED","tx-batch-p10-001","2026-09-29T06:10:00Z","HUMAN_CURATED","VERIFIED",1,0
"q-cmp-mth-0005","paper-verified-corpus","src-official-repo","comp-practice","PRESERVE_AND_INDEX","COMMITTED","tx-batch-p10-001","2026-09-29T06:10:00Z","HUMAN_CURATED","VERIFIED",1,0
"q-cmp-mth-0006","paper-verified-corpus","src-official-repo","comp-practice","PRESERVE_AND_INDEX","COMMITTED","tx-batch-p10-001","2026-09-29T06:10:00Z","HUMAN_CURATED","VERIFIED",1,0
"q-cmp-mth-0007","paper-verified-corpus","src-official-repo","comp-practice","PRESERVE_AND_INDEX","COMMITTED","tx-batch-p10-001","2026-09-29T06:10:00Z","HUMAN_CURATED","VERIFIED",1,0
"q-cmp-mth-0008","paper-verified-corpus","src-official-repo","comp-practice","PRESERVE_AND_INDEX","COMMITTED","tx-batch-p10-001","2026-09-29T06:10:00Z","HUMAN_CURATED","VERIFIED",1,0
"q-cmp-mth-0009","paper-verified-corpus","src-official-repo","comp-practice","PRESERVE_AND_INDEX","COMMITTED","tx-batch-p10-001","2026-09-29T06:10:00Z","HUMAN_CURATED","VERIFIED",1,0
"q-cmp-mth-0010","paper-verified-corpus","src-official-repo","comp-practice","PRESERVE_AND_INDEX","COMMITTED","tx-batch-p10-001","2026-09-29T06:10:00Z","HUMAN_CURATED","VERIFIED",1,0
"q-cmp-mth-0011","paper-verified-corpus","src-official-repo","comp-practice","PRESERVE_AND_INDEX","COMMITTED","tx-batch-p10-001","2026-09-29T06:10:00Z","HUMAN_CURATED","VERIFIED",1,0
"q-cmp-mth-0012","paper-verified-corpus","src-official-repo","comp-practice","PRESERVE_AND_INDEX","COMMITTED","tx-batch-p10-001","2026-09-29T06:10:00Z","HUMAN_CURATED","VERIFIED",1,0
"q-cmp-mth-0013","paper-verified-corpus","src-official-repo","comp-practice","PRESERVE_AND_INDEX","COMMITTED","tx-batch-p10-001","2026-09-29T06:10:00Z","HUMAN_CURATED","VERIFIED",1,0
"q-cmp-mth-0014","paper-verified-corpus","src-official-repo","comp-practice","PRESERVE_AND_INDEX","COMMITTED","tx-batch-p10-001","2026-09-29T06:10:00Z","HUMAN_CURATED","VERIFIED",1,0
"q-cmp-mth-0015","paper-verified-corpus","src-official-repo","comp-practice","PRESERVE_AND_INDEX","COMMITTED","tx-batch-p10-001","2026-09-29T06:10:00Z","HUMAN_CURATED","VERIFIED",1,0
"q-cmp-mth-0016","paper-verified-corpus","src-official-repo","comp-practice","PRESERVE_AND_INDEX","COMMITTED","tx-batch-p10-001","2026-09-29T06:10:00Z","HUMAN_CURATED","VERIFIED",1,0
"q-cmp-mth-0017","paper-verified-corpus","src-official-repo","comp-practice","PRESERVE_AND_INDEX","COMMITTED","tx-batch-p10-001","2026-09-29T06:10:00Z","HUMAN_CURATED","VERIFIED",1,0
"q-cmp-mth-0018","paper-verified-corpus","src-official-repo","comp-practice","PRESERVE_AND_INDEX","COMMITTED","tx-batch-p10-001","2026-09-29T06:10:00Z","HUMAN_CURATED","VERIFIED",1,0
"q-cmp-mth-0019","paper-verified-corpus","src-official-repo","comp-practice","PRESERVE_AND_INDEX","COMMITTED","tx-batch-p10-001","2026-09-29T06:10:00Z","HUMAN_CURATED","VERIFIED",1,0
"q-cmp-mth-0020","paper-verified-corpus","src-official-repo","comp-practice","PRESERVE_AND_INDEX","COMMITTED","tx-batch-p10-001","2026-09-29T06:10:00Z","HUMAN_CURATED","VERIFIED",1,0
"q-cmp-mth-0021","paper-verified-corpus","src-official-repo","comp-practice","PRESERVE_AND_INDEX","COMMITTED","tx-batch-p10-001","2026-09-29T06:10:00Z","HUMAN_CURATED","VERIFIED",1,0
"q-cmp-mth-0022","paper-verified-corpus","src-official-repo","comp-practice","PRESERVE_AND_INDEX","COMMITTED","tx-batch-p10-001","2026-09-29T06:10:00Z","HUMAN_CURATED","VERIFIED",1,0
"q-cmp-mth-0023","paper-verified-corpus","src-official-repo","comp-practice","PRESERVE_AND_INDEX","COMMITTED","tx-batch-p10-001","2026-09-29T06:10:00Z","HUMAN_CURATED","VERIFIED",1,0
"q-cmp-mth-0024","paper-verified-corpus","src-official-repo","comp-practice","PRESERVE_AND_INDEX","COMMITTED","tx-batch-p10-001","2026-09-29T06:10:00Z","HUMAN_CURATED","VERIFIED",1,0
"q-cmp-mth-0025","paper-verified-corpus","src-official-repo","comp-practice","PRESERVE_AND_INDEX","COMMITTED","tx-batch-p10-001","2026-09-29T06:10:00Z","HUMAN_CURATED","VERIFIED",1,0
"q-cmp-mth-0026","paper-verified-corpus","src-official-repo","comp-practice","PRESERVE_AND_INDEX","COMMITTED","tx-batch-p10-001","2026-09-29T06:10:00Z","HUMAN_CURATED","VERIFIED",1,0
"q-cmp-mth-0027","paper-verified-corpus","src-official-repo","comp-practice","PRESERVE_AND_INDEX","COMMITTED","tx-batch-p10-001","2026-09-29T06:10:00Z","HUMAN_CURATED","VERIFIED",1,0
"q-cmp-mth-0028","paper-verified-corpus","src-official-repo","comp-practice","PRESERVE_AND_INDEX","COMMITTED","tx-batch-p10-001","2026-09-29T06:10:00Z","HUMAN_CURATED","VERIFIED",1,0
"q-cmp-mth-0029","paper-verified-corpus","src-official-repo","comp-practice","PRESERVE_AND_INDEX","COMMITTED","tx-batch-p10-001","2026-09-29T06:10:00Z","HUMAN_CURATED","VERIFIED",1,0
"q-cmp-mth-0030","paper-verified-corpus","src-official-repo","comp-practice","PRESERVE_AND_INDEX","COMMITTED","tx-batch-p10-001","2026-09-29T06:10:00Z","HUMAN_CURATED","VERIFIED",1,0
"q-cmp-law-0001","paper-verified-corpus","src-official-repo","comp-practice","PRESERVE_AND_INDEX","COMMITTED","tx-batch-p10-001","2026-09-29T06:10:00Z","HUMAN_CURATED","VERIFIED",1,0
"q-cmp-law-0002","paper-verified-corpus","src-official-repo","comp-practice","PRESERVE_AND_INDEX","COMMITTED","tx-batch-p10-001","2026-09-29T06:10:00Z","HUMAN_CURATED","VERIFIED",1,0
"q-cmp-law-0003","paper-verified-corpus","src-official-repo","comp-practice","PRESERVE_AND_INDEX","COMMITTED","tx-batch-p10-001","2026-09-29T06:10:00Z","HUMAN_CURATED","VERIFIED",1,0
"q-cmp-law-0004","paper-verified-corpus","src-official-repo","comp-practice","PRESERVE_AND_INDEX","COMMITTED","tx-batch-p10-001","2026-09-29T06:10:00Z","HUMAN_CURATED","VERIFIED",1,0
"q-cmp-law-0005","paper-verified-corpus","src-official-repo","comp-practice","PRESERVE_AND_INDEX","COMMITTED","tx-batch-p10-001","2026-09-29T06:10:00Z","HUMAN_CURATED","VERIFIED",1,0
"q-cmp-law-0006","paper-verified-corpus","src-official-repo","comp-practice","PRESERVE_AND_INDEX","COMMITTED","tx-batch-p10-001","2026-09-29T06:10:00Z","HUMAN_CURATED","VERIFIED",1,0
"q-cmp-law-0007","paper-verified-corpus","src-official-repo","comp-practice","PRESERVE_AND_INDEX","COMMITTED","tx-batch-p10-001","2026-09-29T06:10:00Z","HUMAN_CURATED","VERIFIED",1,0
"q-cmp-law-0008","paper-verified-corpus","src-official-repo","comp-practice","PRESERVE_AND_INDEX","COMMITTED","tx-batch-p10-001","2026-09-29T06:10:00Z","HUMAN_CURATED","VERIFIED",1,0
"q-cmp-law-0009","paper-verified-corpus","src-official-repo","comp-practice","PRESERVE_AND_INDEX","COMMITTED","tx-batch-p10-001","2026-09-29T06:10:00Z","HUMAN_CURATED","VERIFIED",1,0
"q-cmp-law-0010","paper-verified-corpus","src-official-repo","comp-practice","PRESERVE_AND_INDEX","COMMITTED","tx-batch-p10-001","2026-09-29T06:10:00Z","HUMAN_CURATED","VERIFIED",1,0
"q-cmp-law-0011","paper-verified-corpus","src-official-repo","comp-practice","PRESERVE_AND_INDEX","COMMITTED","tx-batch-p10-001","2026-09-29T06:10:00Z","HUMAN_CURATED","VERIFIED",1,0
"q-cmp-law-0012","paper-verified-corpus","src-official-repo","comp-practice","PRESERVE_AND_INDEX","COMMITTED","tx-batch-p10-001","2026-09-29T06:10:00Z","HUMAN_CURATED","VERIFIED",1,0
"q-cmp-law-0013","paper-verified-corpus","src-official-repo","comp-practice","PRESERVE_AND_INDEX","COMMITTED","tx-batch-p10-001","2026-09-29T06:10:00Z","HUMAN_CURATED","VERIFIED",1,0
"q-cmp-law-0014","paper-verified-corpus","src-official-repo","comp-practice","PRESERVE_AND_INDEX","COMMITTED","tx-batch-p10-001","2026-09-29T06:10:00Z","HUMAN_CURATED","VERIFIED",1,0
"q-cmp-law-0015","paper-verified-corpus","src-official-repo","comp-practice","PRESERVE_AND_INDEX","COMMITTED","tx-batch-p10-001","2026-09-29T06:10:00Z","HUMAN_CURATED","VERIFIED",1,0
"q-cmp-law-0016","paper-verified-corpus","src-official-repo","comp-practice","PRESERVE_AND_INDEX","COMMITTED","tx-batch-p10-001","2026-09-29T06:10:00Z","HUMAN_CURATED","VERIFIED",1,0
"q-cmp-law-0017","paper-verified-corpus","src-official-repo","comp-practice","PRESERVE_AND_INDEX","COMMITTED","tx-batch-p10-001","2026-09-29T06:10:00Z","HUMAN_CURATED","VERIFIED",1,0
"q-cmp-law-0018","paper-verified-corpus","src-official-repo","comp-practice","PRESERVE_AND_INDEX","COMMITTED","tx-batch-p10-001","2026-09-29T06:10:00Z","HUMAN_CURATED","VERIFIED",1,0
"q-cmp-law-0019","paper-verified-corpus","src-official-repo","comp-practice","PRESERVE_AND_INDEX","COMMITTED","tx-batch-p10-001","2026-09-29T06:10:00Z","HUMAN_CURATED","VERIFIED",1,0
"q-cmp-law-0020","paper-verified-corpus","src-official-repo","comp-practice","PRESERVE_AND_INDEX","COMMITTED","tx-batch-p10-001","2026-09-29T06:10:00Z","HUMAN_CURATED","VERIFIED",1,0
"q-cmp-law-0021","paper-verified-corpus","src-official-repo","comp-practice","PRESERVE_AND_INDEX","COMMITTED","tx-batch-p10-001","2026-09-29T06:10:00Z","HUMAN_CURATED","VERIFIED",1,0
"q-cmp-law-0022","paper-verified-corpus","src-official-repo","comp-practice","PRESERVE_AND_INDEX","COMMITTED","tx-batch-p10-001","2026-09-29T06:10:00Z","HUMAN_CURATED","VERIFIED",1,0
"q-cmp-law-0023","paper-verified-corpus","src-official-repo","comp-practice","PRESERVE_AND_INDEX","COMMITTED","tx-batch-p10-001","2026-09-29T06:10:00Z","HUMAN_CURATED","VERIFIED",1,0
"q-cmp-law-0024","paper-verified-corpus","src-official-repo","comp-practice","PRESERVE_AND_INDEX","COMMITTED","tx-batch-p10-001","2026-09-29T06:10:00Z","HUMAN_CURATED","VERIFIED",1,0
"q-cmp-law-0025","paper-verified-corpus","src-official-repo","comp-practice","PRESERVE_AND_INDEX","COMMITTED","tx-batch-p10-001","2026-09-29T06:10:00Z","HUMAN_CURATED","VERIFIED",1,0
"q-cmp-rsc-0001","paper-verified-corpus","src-official-repo","comp-practice","PRESERVE_AND_INDEX","COMMITTED","tx-batch-p10-001","2026-09-29T06:10:00Z","HUMAN_CURATED","VERIFIED",1,0
"q-cmp-rsc-0002","paper-verified-corpus","src-official-repo","comp-practice","PRESERVE_AND_INDEX","COMMITTED","tx-batch-p10-001","2026-09-29T06:10:00Z","HUMAN_CURATED","VERIFIED",1,0
"q-cmp-rsc-0003","paper-verified-corpus","src-official-repo","comp-practice","PRESERVE_AND_INDEX","COMMITTED","tx-batch-p10-001","2026-09-29T06:10:00Z","HUMAN_CURATED","VERIFIED",1,0
"q-cmp-rsc-0004","paper-verified-corpus","src-official-repo","comp-practice","PRESERVE_AND_INDEX","COMMITTED","tx-batch-p10-001","2026-09-29T06:10:00Z","HUMAN_CURATED","VERIFIED",1,0
"q-cmp-rsc-0005","paper-verified-corpus","src-official-repo","comp-practice","PRESERVE_AND_INDEX","COMMITTED","tx-batch-p10-001","2026-09-29T06:10:00Z","HUMAN_CURATED","VERIFIED",1,0
"q-cmp-rsc-0006","paper-verified-corpus","src-official-repo","comp-practice","PRESERVE_AND_INDEX","COMMITTED","tx-batch-p10-001","2026-09-29T06:10:00Z","HUMAN_CURATED","VERIFIED",1,0
"q-cmp-rsc-0007","paper-verified-corpus","src-official-repo","comp-practice","PRESERVE_AND_INDEX","COMMITTED","tx-batch-p10-001","2026-09-29T06:10:00Z","HUMAN_CURATED","VERIFIED",1,0
"q-cmp-rsc-0008","paper-verified-corpus","src-official-repo","comp-practice","PRESERVE_AND_INDEX","COMMITTED","tx-batch-p10-001","2026-09-29T06:10:00Z","HUMAN_CURATED","VERIFIED",1,0
"q-cmp-rsc-0009","paper-verified-corpus","src-official-repo","comp-practice","PRESERVE_AND_INDEX","COMMITTED","tx-batch-p10-001","2026-09-29T06:10:00Z","HUMAN_CURATED","VERIFIED",1,0
"q-cmp-rsc-0010","paper-verified-corpus","src-official-repo","comp-practice","PRESERVE_AND_INDEX","COMMITTED","tx-batch-p10-001","2026-09-29T06:10:00Z","HUMAN_CURATED","VERIFIED",1,0
"q-cmp-rsc-0011","paper-verified-corpus","src-official-repo","comp-practice","PRESERVE_AND_INDEX","COMMITTED","tx-batch-p10-001","2026-09-29T06:10:00Z","HUMAN_CURATED","VERIFIED",1,0
"q-cmp-rsc-0012","paper-verified-corpus","src-official-repo","comp-practice","PRESERVE_AND_INDEX","COMMITTED","tx-batch-p10-001","2026-09-29T06:10:00Z","HUMAN_CURATED","VERIFIED",1,0
"q-cmp-rsc-0013","paper-verified-corpus","src-official-repo","comp-practice","PRESERVE_AND_INDEX","COMMITTED","tx-batch-p10-001","2026-09-29T06:10:00Z","HUMAN_CURATED","VERIFIED",1,0
"q-cmp-rsc-0014","paper-verified-corpus","src-official-repo","comp-practice","PRESERVE_AND_INDEX","COMMITTED","tx-batch-p10-001","2026-09-29T06:10:00Z","HUMAN_CURATED","VERIFIED",1,0
"q-cmp-rsc-0015","paper-verified-corpus","src-official-repo","comp-practice","PRESERVE_AND_INDEX","COMMITTED","tx-batch-p10-001","2026-09-29T06:10:00Z","HUMAN_CURATED","VERIFIED",1,0
"q-cmp-rsc-0016","paper-verified-corpus","src-official-repo","comp-practice","PRESERVE_AND_INDEX","COMMITTED","tx-batch-p10-001","2026-09-29T06:10:00Z","HUMAN_CURATED","VERIFIED",1,0
"q-cmp-rsc-0017","paper-verified-corpus","src-official-repo","comp-practice","PRESERVE_AND_INDEX","COMMITTED","tx-batch-p10-001","2026-09-29T06:10:00Z","HUMAN_CURATED","VERIFIED",1,0
"q-cmp-rsc-0018","paper-verified-corpus","src-official-repo","comp-practice","PRESERVE_AND_INDEX","COMMITTED","tx-batch-p10-001","2026-09-29T06:10:00Z","HUMAN_CURATED","VERIFIED",1,0
"q-cmp-rsc-0019","paper-verified-corpus","src-official-repo","comp-practice","PRESERVE_AND_INDEX","COMMITTED","tx-batch-p10-001","2026-09-29T06:10:00Z","HUMAN_CURATED","VERIFIED",1,0
"q-cmp-rsc-0020","paper-verified-corpus","src-official-repo","comp-practice","PRESERVE_AND_INDEX","COMMITTED","tx-batch-p10-001","2026-09-29T06:10:00Z","HUMAN_CURATED","VERIFIED",1,0
"q-cmp-rsc-0021","paper-verified-corpus","src-official-repo","comp-practice","PRESERVE_AND_INDEX","COMMITTED","tx-batch-p10-001","2026-09-29T06:10:00Z","HUMAN_CURATED","VERIFIED",1,0
"q-cmp-rsc-0022","paper-verified-corpus","src-official-repo","comp-practice","PRESERVE_AND_INDEX","COMMITTED","tx-batch-p10-001","2026-09-29T06:10:00Z","HUMAN_CURATED","VERIFIED",1,0
"q-cmp-rsc-0023","paper-verified-corpus","src-official-repo","comp-practice","PRESERVE_AND_INDEX","COMMITTED","tx-batch-p10-001","2026-09-29T06:10:00Z","HUMAN_CURATED","VERIFIED",1,0
"q-cmp-rsc-0024","paper-verified-corpus","src-official-repo","comp-practice","PRESERVE_AND_INDEX","COMMITTED","tx-batch-p10-001","2026-09-29T06:10:00Z","HUMAN_CURATED","VERIFIED",1,0
"q-cmp-rsc-0025","paper-verified-corpus","src-official-repo","comp-practice","PRESERVE_AND_INDEX","COMMITTED","tx-batch-p10-001","2026-09-29T06:10:00Z","HUMAN_CURATED","VERIFIED",1,0
"q-cmp-rsc-0026","paper-verified-corpus","src-official-repo","comp-practice","PRESERVE_AND_INDEX","COMMITTED","tx-batch-p10-001","2026-09-29T06:10:00Z","HUMAN_CURATED","VERIFIED",1,0
"q-cmp-rsc-0027","paper-verified-corpus","src-official-repo","comp-practice","PRESERVE_AND_INDEX","COMMITTED","tx-batch-p10-001","2026-09-29T06:10:00Z","HUMAN_CURATED","VERIFIED",1,0
"q-cmp-rsc-0028","paper-verified-corpus","src-official-repo","comp-practice","PRESERVE_AND_INDEX","COMMITTED","tx-batch-p10-001","2026-09-29T06:10:00Z","HUMAN_CURATED","VERIFIED",1,0
"q-cmp-rsc-0029","paper-verified-corpus","src-official-repo","comp-practice","PRESERVE_AND_INDEX","COMMITTED","tx-batch-p10-001","2026-09-29T06:10:00Z","HUMAN_CURATED","VERIFIED",1,0
"q-cmp-rsc-0030","paper-verified-corpus","src-official-repo","comp-practice","PRESERVE_AND_INDEX","COMMITTED","tx-batch-p10-001","2026-09-29T06:10:00Z","HUMAN_CURATED","VERIFIED",1,0
"q-cmp-gk-0001","paper-verified-corpus","src-official-repo","comp-practice","PRESERVE_AND_INDEX","COMMITTED","tx-batch-p10-001","2026-09-29T06:10:00Z","HUMAN_CURATED","VERIFIED",1,0
"q-cmp-gk-0002","paper-verified-corpus","src-official-repo","comp-practice","PRESERVE_AND_INDEX","COMMITTED","tx-batch-p10-001","2026-09-29T06:10:00Z","HUMAN_CURATED","VERIFIED",1,0
"q-cmp-gk-0003","paper-verified-corpus","src-official-repo","comp-practice","PRESERVE_AND_INDEX","COMMITTED","tx-batch-p10-001","2026-09-29T06:10:00Z","HUMAN_CURATED","VERIFIED",1,0
"q-cmp-gk-0004","paper-verified-corpus","src-official-repo","comp-practice","PRESERVE_AND_INDEX","COMMITTED","tx-batch-p10-001","2026-09-29T06:10:00Z","HUMAN_CURATED","VERIFIED",1,0
"q-cmp-gk-0005","paper-verified-corpus","src-official-repo","comp-practice","PRESERVE_AND_INDEX","COMMITTED","tx-batch-p10-001","2026-09-29T06:10:00Z","HUMAN_CURATED","VERIFIED",1,0
"q-cmp-gk-0006","paper-verified-corpus","src-official-repo","comp-practice","PRESERVE_AND_INDEX","COMMITTED","tx-batch-p10-001","2026-09-29T06:10:00Z","HUMAN_CURATED","VERIFIED",1,0
"q-cmp-gk-0007","paper-verified-corpus","src-official-repo","comp-practice","PRESERVE_AND_INDEX","COMMITTED","tx-batch-p10-001","2026-09-29T06:10:00Z","HUMAN_CURATED","VERIFIED",1,0
"q-cmp-gk-0008","paper-verified-corpus","src-official-repo","comp-practice","PRESERVE_AND_INDEX","COMMITTED","tx-batch-p10-001","2026-09-29T06:10:00Z","HUMAN_CURATED","VERIFIED",1,0
"q-cmp-gk-0009","paper-verified-corpus","src-official-repo","comp-practice","PRESERVE_AND_INDEX","COMMITTED","tx-batch-p10-001","2026-09-29T06:10:00Z","HUMAN_CURATED","VERIFIED",1,0
"q-cmp-gk-0010","paper-verified-corpus","src-official-repo","comp-practice","PRESERVE_AND_INDEX","COMMITTED","tx-batch-p10-001","2026-09-29T06:10:00Z","HUMAN_CURATED","VERIFIED",1,0
"q-cmp-gk-0011","paper-verified-corpus","src-official-repo","comp-practice","PRESERVE_AND_INDEX","COMMITTED","tx-batch-p10-001","2026-09-29T06:10:00Z","HUMAN_CURATED","VERIFIED",1,0
"q-cmp-gk-0012","paper-verified-corpus","src-official-repo","comp-practice","PRESERVE_AND_INDEX","COMMITTED","tx-batch-p10-001","2026-09-29T06:10:00Z","HUMAN_CURATED","VERIFIED",1,0
"q-cmp-gk-0013","paper-verified-corpus","src-official-repo","comp-practice","PRESERVE_AND_INDEX","COMMITTED","tx-batch-p10-001","2026-09-29T06:10:00Z","HUMAN_CURATED","VERIFIED",1,0
"q-cmp-gk-0014","paper-verified-corpus","src-official-repo","comp-practice","PRESERVE_AND_INDEX","COMMITTED","tx-batch-p10-001","2026-09-29T06:10:00Z","HUMAN_CURATED","VERIFIED",1,0
"q-cmp-gk-0015","paper-verified-corpus","src-official-repo","comp-practice","PRESERVE_AND_INDEX","COMMITTED","tx-batch-p10-001","2026-09-29T06:10:00Z","HUMAN_CURATED","VERIFIED",1,0
"q-cmp-gk-0016","paper-verified-corpus","src-official-repo","comp-practice","PRESERVE_AND_INDEX","COMMITTED","tx-batch-p10-001","2026-09-29T06:10:00Z","HUMAN_CURATED","VERIFIED",1,0
"q-cmp-gk-0017","paper-verified-corpus","src-official-repo","comp-practice","PRESERVE_AND_INDEX","COMMITTED","tx-batch-p10-001","2026-09-29T06:10:00Z","HUMAN_CURATED","VERIFIED",1,0
"q-cmp-gk-0018","paper-verified-corpus","src-official-repo","comp-practice","PRESERVE_AND_INDEX","COMMITTED","tx-batch-p10-001","2026-09-29T06:10:00Z","HUMAN_CURATED","VERIFIED",1,0
"q-cmp-gk-0019","paper-verified-corpus","src-official-repo","comp-practice","PRESERVE_AND_INDEX","COMMITTED","tx-batch-p10-001","2026-09-29T06:10:00Z","HUMAN_CURATED","VERIFIED",1,0
"q-cmp-gk-0020","paper-verified-corpus","src-official-repo","comp-practice","PRESERVE_AND_INDEX","COMMITTED","tx-batch-p10-001","2026-09-29T06:10:00Z","HUMAN_CURATED","VERIFIED",1,0
"q-cmp-gk-0021","paper-verified-corpus","src-official-repo","comp-practice","PRESERVE_AND_INDEX","COMMITTED","tx-batch-p10-001","2026-09-29T06:10:00Z","HUMAN_CURATED","VERIFIED",1,0
"q-cmp-gk-0022","paper-verified-corpus","src-official-repo","comp-practice","PRESERVE_AND_INDEX","COMMITTED","tx-batch-p10-001","2026-09-29T06:10:00Z","HUMAN_CURATED","VERIFIED",1,0
"q-cmp-gk-0023","paper-verified-corpus","src-official-repo","comp-practice","PRESERVE_AND_INDEX","COMMITTED","tx-batch-p10-001","2026-09-29T06:10:00Z","HUMAN_CURATED","VERIFIED",1,0
"q-cmp-gk-0024","paper-verified-corpus","src-official-repo","comp-practice","PRESERVE_AND_INDEX","COMMITTED","tx-batch-p10-001","2026-09-29T06:10:00Z","HUMAN_CURATED","VERIFIED",1,0
"q-cmp-gk-0025","paper-verified-corpus","src-official-repo","comp-practice","PRESERVE_AND_INDEX","COMMITTED","tx-batch-p10-001","2026-09-29T06:10:00Z","HUMAN_CURATED","VERIFIED",1,0
"q-cmp-gk-0026","paper-verified-corpus","src-official-repo","comp-practice","PRESERVE_AND_INDEX","COMMITTED","tx-batch-p10-001","2026-09-29T06:10:00Z","HUMAN_CURATED","VERIFIED",1,0
"q-cmp-gk-0027","paper-verified-corpus","src-official-repo","comp-practice","PRESERVE_AND_INDEX","COMMITTED","tx-batch-p10-001","2026-09-29T06:10:00Z","HUMAN_CURATED","VERIFIED",1,0
"q-cmp-gk-0028","paper-verified-corpus","src-official-repo","comp-practice","PRESERVE_AND_INDEX","COMMITTED","tx-batch-p10-001","2026-09-29T06:10:00Z","HUMAN_CURATED","VERIFIED",1,0
"q-cmp-gk-0029","paper-verified-corpus","src-official-repo","comp-practice","PRESERVE_AND_INDEX","COMMITTED","tx-batch-p10-001","2026-09-29T06:10:00Z","HUMAN_CURATED","VERIFIED",1,0
"q-cmp-gk-0030","paper-verified-corpus","src-official-repo","comp-practice","PRESERVE_AND_INDEX","COMMITTED","tx-batch-p10-001","2026-09-29T06:10:00Z","HUMAN_CURATED","VERIFIED",1,0
"q-ssc-cgl-undefined-Tier 1-Shift 1-q1","paper-ssc-cgl-2024-t1-s1","src-ssc-cgl-portal","comp-verified-full","PRESERVE_AND_INDEX","COMMITTED","tx-batch-p10-001","2026-09-29T06:10:00Z","OFFICIAL_PYQ","VERIFIED",1,1
"q-ssc-cgl-undefined-Tier 1-Shift 1-q2","paper-ssc-cgl-2024-t1-s1","src-ssc-cgl-portal","comp-verified-full","PRESERVE_AND_INDEX","COMMITTED","tx-batch-p10-001","2026-09-29T06:10:00Z","OFFICIAL_PYQ","VERIFIED",1,1
"q-ssc-cgl-undefined-Tier 1-Shift 1-q3","paper-ssc-cgl-2024-t1-s1","src-ssc-cgl-portal","comp-verified-full","PRESERVE_AND_INDEX","COMMITTED","tx-batch-p10-001","2026-09-29T06:10:00Z","OFFICIAL_PYQ","VERIFIED",1,1
"q-ssc-cgl-undefined-Tier 1-Shift 1-q4","paper-ssc-cgl-2024-t1-s1","src-ssc-cgl-portal","comp-verified-full","PRESERVE_AND_INDEX","COMMITTED","tx-batch-p10-001","2026-09-29T06:10:00Z","OFFICIAL_PYQ","VERIFIED",1,1
"q-ssc-cgl-undefined-Tier 1-Shift 1-q5","paper-ssc-cgl-2024-t1-s1","src-ssc-cgl-portal","comp-verified-full","PRESERVE_AND_INDEX","COMMITTED","tx-batch-p10-001","2026-09-29T06:10:00Z","OFFICIAL_PYQ","VERIFIED",1,1
"q-ssc-cgl-undefined-Tier 1-Shift 1-q6","paper-ssc-cgl-2024-t1-s1","src-ssc-cgl-portal","comp-verified-full","PRESERVE_AND_INDEX","COMMITTED","tx-batch-p10-001","2026-09-29T06:10:00Z","OFFICIAL_PYQ","VERIFIED",1,1
"q-ssc-cgl-undefined-Tier 1-Shift 1-q7","paper-ssc-cgl-2024-t1-s1","src-ssc-cgl-portal","comp-verified-full","PRESERVE_AND_INDEX","COMMITTED","tx-batch-p10-001","2026-09-29T06:10:00Z","OFFICIAL_PYQ","VERIFIED",1,1
"q-ssc-cgl-undefined-Tier 1-Shift 1-q8","paper-ssc-cgl-2024-t1-s1","src-ssc-cgl-portal","comp-verified-full","PRESERVE_AND_INDEX","COMMITTED","tx-batch-p10-001","2026-09-29T06:10:00Z","OFFICIAL_PYQ","VERIFIED",1,1
"q-ssc-cgl-undefined-Tier 1-Shift 1-q9","paper-ssc-cgl-2024-t1-s1","src-ssc-cgl-portal","comp-verified-full","PRESERVE_AND_INDEX","COMMITTED","tx-batch-p10-001","2026-09-29T06:10:00Z","OFFICIAL_PYQ","VERIFIED",1,1
"q-ssc-cgl-undefined-Tier 1-Shift 1-q10","paper-ssc-cgl-2024-t1-s1","src-ssc-cgl-portal","comp-verified-full","PRESERVE_AND_INDEX","COMMITTED","tx-batch-p10-001","2026-09-29T06:10:00Z","OFFICIAL_PYQ","VERIFIED",1,1
"q-ssc-cgl-undefined-Tier 1-Shift 1-q11","paper-ssc-cgl-2024-t1-s1","src-ssc-cgl-portal","comp-verified-full","PRESERVE_AND_INDEX","COMMITTED","tx-batch-p10-001","2026-09-29T06:10:00Z","OFFICIAL_PYQ","VERIFIED",1,1
"q-ssc-cgl-undefined-Tier 1-Shift 1-q12","paper-ssc-cgl-2024-t1-s1","src-ssc-cgl-portal","comp-verified-full","PRESERVE_AND_INDEX","COMMITTED","tx-batch-p10-001","2026-09-29T06:10:00Z","OFFICIAL_PYQ","VERIFIED",1,1
"q-ssc-cgl-undefined-Tier 1-Shift 1-q13","paper-ssc-cgl-2024-t1-s1","src-ssc-cgl-portal","comp-verified-full","PRESERVE_AND_INDEX","COMMITTED","tx-batch-p10-001","2026-09-29T06:10:00Z","OFFICIAL_PYQ","VERIFIED",1,1
"q-ssc-cgl-undefined-Tier 1-Shift 1-q14","paper-ssc-cgl-2024-t1-s1","src-ssc-cgl-portal","comp-verified-full","PRESERVE_AND_INDEX","COMMITTED","tx-batch-p10-001","2026-09-29T06:10:00Z","OFFICIAL_PYQ","VERIFIED",1,1
"q-ssc-cgl-undefined-Tier 1-Shift 1-q15","paper-ssc-cgl-2024-t1-s1","src-ssc-cgl-portal","comp-verified-full","PRESERVE_AND_INDEX","COMMITTED","tx-batch-p10-001","2026-09-29T06:10:00Z","OFFICIAL_PYQ","VERIFIED",1,1
"q-ssc-cgl-undefined-Tier 1-Shift 1-q16","paper-ssc-cgl-2024-t1-s1","src-ssc-cgl-portal","comp-verified-full","PRESERVE_AND_INDEX","COMMITTED","tx-batch-p10-001","2026-09-29T06:10:00Z","OFFICIAL_PYQ","VERIFIED",1,1
"q-ssc-cgl-undefined-Tier 1-Shift 1-q17","paper-ssc-cgl-2024-t1-s1","src-ssc-cgl-portal","comp-verified-full","PRESERVE_AND_INDEX","COMMITTED","tx-batch-p10-001","2026-09-29T06:10:00Z","OFFICIAL_PYQ","VERIFIED",1,1
"q-ssc-cgl-undefined-Tier 1-Shift 1-q18","paper-ssc-cgl-2024-t1-s1","src-ssc-cgl-portal","comp-verified-full","PRESERVE_AND_INDEX","COMMITTED","tx-batch-p10-001","2026-09-29T06:10:00Z","OFFICIAL_PYQ","VERIFIED",1,1
"q-ssc-cgl-undefined-Tier 1-Shift 1-q19","paper-ssc-cgl-2024-t1-s1","src-ssc-cgl-portal","comp-verified-full","PRESERVE_AND_INDEX","COMMITTED","tx-batch-p10-001","2026-09-29T06:10:00Z","OFFICIAL_PYQ","VERIFIED",1,1
"q-ssc-cgl-undefined-Tier 1-Shift 1-q20","paper-ssc-cgl-2024-t1-s1","src-ssc-cgl-portal","comp-verified-full","PRESERVE_AND_INDEX","COMMITTED","tx-batch-p10-001","2026-09-29T06:10:00Z","OFFICIAL_PYQ","VERIFIED",1,1
"q-ssc-cgl-undefined-Tier 1-Shift 1-q21","paper-ssc-cgl-2024-t1-s1","src-ssc-cgl-portal","comp-verified-full","PRESERVE_AND_INDEX","COMMITTED","tx-batch-p10-001","2026-09-29T06:10:00Z","OFFICIAL_PYQ","VERIFIED",1,1
"q-ssc-cgl-undefined-Tier 1-Shift 1-q22","paper-ssc-cgl-2024-t1-s1","src-ssc-cgl-portal","comp-verified-full","PRESERVE_AND_INDEX","COMMITTED","tx-batch-p10-001","2026-09-29T06:10:00Z","OFFICIAL_PYQ","VERIFIED",1,1
"q-ssc-cgl-undefined-Tier 1-Shift 1-q23","paper-ssc-cgl-2024-t1-s1","src-ssc-cgl-portal","comp-practice","PRESERVE_AND_INDEX","COMMITTED","tx-batch-p10-001","2026-09-29T06:10:00Z","OFFICIAL_PYQ","VERIFIED",1,0
"q-ssc-cgl-undefined-Tier 1-Shift 1-q24","paper-ssc-cgl-2024-t1-s1","src-ssc-cgl-portal","comp-verified-full","PRESERVE_AND_INDEX","COMMITTED","tx-batch-p10-001","2026-09-29T06:10:00Z","OFFICIAL_PYQ","VERIFIED",1,1
"q-ssc-cgl-undefined-Tier 1-Shift 1-q25","paper-ssc-cgl-2024-t1-s1","src-ssc-cgl-portal","comp-verified-full","PRESERVE_AND_INDEX","COMMITTED","tx-batch-p10-001","2026-09-29T06:10:00Z","OFFICIAL_PYQ","VERIFIED",1,1
"q-ssc-cgl-undefined-Tier 1-Shift 1-q26","paper-ssc-cgl-2024-t1-s1","src-ssc-cgl-portal","comp-verified-full","PRESERVE_AND_INDEX","COMMITTED","tx-batch-p10-001","2026-09-29T06:10:00Z","OFFICIAL_PYQ","VERIFIED",1,1
"q-ssc-cgl-undefined-Tier 1-Shift 1-q27","paper-ssc-cgl-2024-t1-s1","src-ssc-cgl-portal","comp-verified-full","PRESERVE_AND_INDEX","COMMITTED","tx-batch-p10-001","2026-09-29T06:10:00Z","OFFICIAL_PYQ","VERIFIED",1,1
"q-ssc-cgl-undefined-Tier 1-Shift 1-q28","paper-ssc-cgl-2024-t1-s1","src-ssc-cgl-portal","comp-verified-full","PRESERVE_AND_INDEX","COMMITTED","tx-batch-p10-001","2026-09-29T06:10:00Z","OFFICIAL_PYQ","VERIFIED",1,1
"q-ssc-cgl-undefined-Tier 1-Shift 1-q29","paper-ssc-cgl-2024-t1-s1","src-ssc-cgl-portal","comp-verified-full","PRESERVE_AND_INDEX","COMMITTED","tx-batch-p10-001","2026-09-29T06:10:00Z","OFFICIAL_PYQ","VERIFIED",1,1
"q-ssc-cgl-undefined-Tier 1-Shift 1-q30","paper-ssc-cgl-2024-t1-s1","src-ssc-cgl-portal","comp-verified-full","PRESERVE_AND_INDEX","COMMITTED","tx-batch-p10-001","2026-09-29T06:10:00Z","OFFICIAL_PYQ","VERIFIED",1,1
"q-ssc-cgl-undefined-Tier 1-Shift 1-q31","paper-ssc-cgl-2024-t1-s1","src-ssc-cgl-portal","comp-verified-full","PRESERVE_AND_INDEX","COMMITTED","tx-batch-p10-001","2026-09-29T06:10:00Z","OFFICIAL_PYQ","VERIFIED",1,1
"q-ssc-cgl-undefined-Tier 1-Shift 1-q32","paper-ssc-cgl-2024-t1-s1","src-ssc-cgl-portal","comp-verified-full","PRESERVE_AND_INDEX","COMMITTED","tx-batch-p10-001","2026-09-29T06:10:00Z","OFFICIAL_PYQ","VERIFIED",1,1
"q-ssc-cgl-undefined-Tier 1-Shift 1-q33","paper-ssc-cgl-2024-t1-s1","src-ssc-cgl-portal","comp-verified-full","PRESERVE_AND_INDEX","COMMITTED","tx-batch-p10-001","2026-09-29T06:10:00Z","OFFICIAL_PYQ","VERIFIED",1,1
"q-ssc-cgl-undefined-Tier 1-Shift 1-q34","paper-ssc-cgl-2024-t1-s1","src-ssc-cgl-portal","comp-verified-full","PRESERVE_AND_INDEX","COMMITTED","tx-batch-p10-001","2026-09-29T06:10:00Z","OFFICIAL_PYQ","VERIFIED",1,1
"q-ssc-cgl-undefined-Tier 1-Shift 1-q35","paper-ssc-cgl-2024-t1-s1","src-ssc-cgl-portal","comp-verified-full","PRESERVE_AND_INDEX","COMMITTED","tx-batch-p10-001","2026-09-29T06:10:00Z","OFFICIAL_PYQ","VERIFIED",1,1
"q-ssc-cgl-undefined-Tier 1-Shift 1-q36","paper-ssc-cgl-2024-t1-s1","src-ssc-cgl-portal","comp-verified-full","PRESERVE_AND_INDEX","COMMITTED","tx-batch-p10-001","2026-09-29T06:10:00Z","OFFICIAL_PYQ","VERIFIED",1,1
"q-ssc-cgl-undefined-Tier 1-Shift 1-q37","paper-ssc-cgl-2024-t1-s1","src-ssc-cgl-portal","comp-verified-full","PRESERVE_AND_INDEX","COMMITTED","tx-batch-p10-001","2026-09-29T06:10:00Z","OFFICIAL_PYQ","VERIFIED",1,1
"q-ssc-cgl-undefined-Tier 1-Shift 1-q38","paper-ssc-cgl-2024-t1-s1","src-ssc-cgl-portal","comp-verified-full","PRESERVE_AND_INDEX","COMMITTED","tx-batch-p10-001","2026-09-29T06:10:00Z","OFFICIAL_PYQ","VERIFIED",1,1
"q-ssc-cgl-undefined-Tier 1-Shift 1-q39","paper-ssc-cgl-2024-t1-s1","src-ssc-cgl-portal","comp-verified-full","PRESERVE_AND_INDEX","COMMITTED","tx-batch-p10-001","2026-09-29T06:10:00Z","OFFICIAL_PYQ","VERIFIED",1,1
"q-ssc-cgl-undefined-Tier 1-Shift 1-q40","paper-ssc-cgl-2024-t1-s1","src-ssc-cgl-portal","comp-verified-full","PRESERVE_AND_INDEX","COMMITTED","tx-batch-p10-001","2026-09-29T06:10:00Z","OFFICIAL_PYQ","VERIFIED",1,1
"q-ssc-cgl-undefined-Tier 1-Shift 1-q41","paper-ssc-cgl-2024-t1-s1","src-ssc-cgl-portal","comp-verified-full","PRESERVE_AND_INDEX","COMMITTED","tx-batch-p10-001","2026-09-29T06:10:00Z","OFFICIAL_PYQ","VERIFIED",1,1
"q-ssc-cgl-undefined-Tier 1-Shift 1-q42","paper-ssc-cgl-2024-t1-s1","src-ssc-cgl-portal","comp-verified-full","PRESERVE_AND_INDEX","COMMITTED","tx-batch-p10-001","2026-09-29T06:10:00Z","OFFICIAL_PYQ","VERIFIED",1,1
"q-ssc-cgl-undefined-Tier 1-Shift 1-q43","paper-ssc-cgl-2024-t1-s1","src-ssc-cgl-portal","comp-verified-full","PRESERVE_AND_INDEX","COMMITTED","tx-batch-p10-001","2026-09-29T06:10:00Z","OFFICIAL_PYQ","VERIFIED",1,1
"q-ssc-cgl-undefined-Tier 1-Shift 1-q44","paper-ssc-cgl-2024-t1-s1","src-ssc-cgl-portal","comp-verified-full","PRESERVE_AND_INDEX","COMMITTED","tx-batch-p10-001","2026-09-29T06:10:00Z","OFFICIAL_PYQ","VERIFIED",1,1
"q-ssc-cgl-undefined-Tier 1-Shift 1-q45","paper-ssc-cgl-2024-t1-s1","src-ssc-cgl-portal","comp-verified-full","PRESERVE_AND_INDEX","COMMITTED","tx-batch-p10-001","2026-09-29T06:10:00Z","OFFICIAL_PYQ","VERIFIED",1,1
"q-ssc-cgl-undefined-Tier 1-Shift 1-q46","paper-ssc-cgl-2024-t1-s1","src-ssc-cgl-portal","comp-verified-full","PRESERVE_AND_INDEX","COMMITTED","tx-batch-p10-001","2026-09-29T06:10:00Z","OFFICIAL_PYQ","VERIFIED",1,1
"q-ssc-cgl-undefined-Tier 1-Shift 1-q47","paper-ssc-cgl-2024-t1-s1","src-ssc-cgl-portal","comp-verified-full","PRESERVE_AND_INDEX","COMMITTED","tx-batch-p10-001","2026-09-29T06:10:00Z","OFFICIAL_PYQ","VERIFIED",1,1
"q-ssc-cgl-undefined-Tier 1-Shift 1-q48","paper-ssc-cgl-2024-t1-s1","src-ssc-cgl-portal","comp-verified-full","PRESERVE_AND_INDEX","COMMITTED","tx-batch-p10-001","2026-09-29T06:10:00Z","OFFICIAL_PYQ","VERIFIED",1,1
"q-ssc-cgl-undefined-Tier 1-Shift 1-q49","paper-ssc-cgl-2024-t1-s1","src-ssc-cgl-portal","comp-verified-full","PRESERVE_AND_INDEX","COMMITTED","tx-batch-p10-001","2026-09-29T06:10:00Z","OFFICIAL_PYQ","VERIFIED",1,1
"q-ssc-cgl-undefined-Tier 1-Shift 1-q50","paper-ssc-cgl-2024-t1-s1","src-ssc-cgl-portal","comp-verified-full","PRESERVE_AND_INDEX","COMMITTED","tx-batch-p10-001","2026-09-29T06:10:00Z","OFFICIAL_PYQ","VERIFIED",1,1
"q-ssc-cgl-undefined-Tier 1-Shift 1-q51","paper-ssc-cgl-2024-t1-s1","src-ssc-cgl-portal","comp-verified-full","PRESERVE_AND_INDEX","COMMITTED","tx-batch-p10-001","2026-09-29T06:10:00Z","OFFICIAL_PYQ","VERIFIED",1,1
"q-ssc-cgl-undefined-Tier 1-Shift 1-q52","paper-ssc-cgl-2024-t1-s1","src-ssc-cgl-portal","comp-verified-full","PRESERVE_AND_INDEX","COMMITTED","tx-batch-p10-001","2026-09-29T06:10:00Z","OFFICIAL_PYQ","VERIFIED",1,1
"q-ssc-cgl-undefined-Tier 1-Shift 1-q53","paper-ssc-cgl-2024-t1-s1","src-ssc-cgl-portal","comp-verified-full","PRESERVE_AND_INDEX","COMMITTED","tx-batch-p10-001","2026-09-29T06:10:00Z","OFFICIAL_PYQ","VERIFIED",1,1
"q-ssc-cgl-undefined-Tier 1-Shift 1-q54","paper-ssc-cgl-2024-t1-s1","src-ssc-cgl-portal","comp-verified-full","PRESERVE_AND_INDEX","COMMITTED","tx-batch-p10-001","2026-09-29T06:10:00Z","OFFICIAL_PYQ","VERIFIED",1,1
"q-ssc-cgl-undefined-Tier 1-Shift 1-q55","paper-ssc-cgl-2024-t1-s1","src-ssc-cgl-portal","comp-verified-full","PRESERVE_AND_INDEX","COMMITTED","tx-batch-p10-001","2026-09-29T06:10:00Z","OFFICIAL_PYQ","VERIFIED",1,1
"q-ssc-cgl-undefined-Tier 1-Shift 1-q56","paper-ssc-cgl-2024-t1-s1","src-ssc-cgl-portal","comp-verified-full","PRESERVE_AND_INDEX","COMMITTED","tx-batch-p10-001","2026-09-29T06:10:00Z","OFFICIAL_PYQ","VERIFIED",1,1
"q-ssc-cgl-undefined-Tier 1-Shift 1-q57","paper-ssc-cgl-2024-t1-s1","src-ssc-cgl-portal","comp-verified-full","PRESERVE_AND_INDEX","COMMITTED","tx-batch-p10-001","2026-09-29T06:10:00Z","OFFICIAL_PYQ","VERIFIED",1,1
"q-ssc-cgl-undefined-Tier 1-Shift 1-q58","paper-ssc-cgl-2024-t1-s1","src-ssc-cgl-portal","comp-verified-full","PRESERVE_AND_INDEX","COMMITTED","tx-batch-p10-001","2026-09-29T06:10:00Z","OFFICIAL_PYQ","VERIFIED",1,1
"q-ssc-cgl-undefined-Tier 1-Shift 1-q59","paper-ssc-cgl-2024-t1-s1","src-ssc-cgl-portal","comp-verified-full","PRESERVE_AND_INDEX","COMMITTED","tx-batch-p10-001","2026-09-29T06:10:00Z","OFFICIAL_PYQ","VERIFIED",1,1
"q-ssc-cgl-undefined-Tier 1-Shift 1-q60","paper-ssc-cgl-2024-t1-s1","src-ssc-cgl-portal","comp-verified-full","PRESERVE_AND_INDEX","COMMITTED","tx-batch-p10-001","2026-09-29T06:10:00Z","OFFICIAL_PYQ","VERIFIED",1,1
"q-ssc-cgl-undefined-Tier 1-Shift 1-q61","paper-ssc-cgl-2024-t1-s1","src-ssc-cgl-portal","comp-verified-full","PRESERVE_AND_INDEX","COMMITTED","tx-batch-p10-001","2026-09-29T06:10:00Z","OFFICIAL_PYQ","VERIFIED",1,1
"q-ssc-cgl-undefined-Tier 1-Shift 1-q62","paper-ssc-cgl-2024-t1-s1","src-ssc-cgl-portal","comp-verified-full","PRESERVE_AND_INDEX","COMMITTED","tx-batch-p10-001","2026-09-29T06:10:00Z","OFFICIAL_PYQ","VERIFIED",1,1
"q-ssc-cgl-undefined-Tier 1-Shift 1-q63","paper-ssc-cgl-2024-t1-s1","src-ssc-cgl-portal","comp-verified-full","PRESERVE_AND_INDEX","COMMITTED","tx-batch-p10-001","2026-09-29T06:10:00Z","OFFICIAL_PYQ","VERIFIED",1,1
"q-ssc-cgl-undefined-Tier 1-Shift 1-q64","paper-ssc-cgl-2024-t1-s1","src-ssc-cgl-portal","comp-verified-full","PRESERVE_AND_INDEX","COMMITTED","tx-batch-p10-001","2026-09-29T06:10:00Z","OFFICIAL_PYQ","VERIFIED",1,1
"q-ssc-cgl-undefined-Tier 1-Shift 1-q65","paper-ssc-cgl-2024-t1-s1","src-ssc-cgl-portal","comp-verified-full","PRESERVE_AND_INDEX","COMMITTED","tx-batch-p10-001","2026-09-29T06:10:00Z","OFFICIAL_PYQ","VERIFIED",1,1
"q-ssc-cgl-undefined-Tier 1-Shift 1-q66","paper-ssc-cgl-2024-t1-s1","src-ssc-cgl-portal","comp-verified-full","PRESERVE_AND_INDEX","COMMITTED","tx-batch-p10-001","2026-09-29T06:10:00Z","OFFICIAL_PYQ","VERIFIED",1,1
"q-ssc-cgl-undefined-Tier 1-Shift 1-q67","paper-ssc-cgl-2024-t1-s1","src-ssc-cgl-portal","comp-verified-full","PRESERVE_AND_INDEX","COMMITTED","tx-batch-p10-001","2026-09-29T06:10:00Z","OFFICIAL_PYQ","VERIFIED",1,1
"q-ssc-cgl-undefined-Tier 1-Shift 1-q68","paper-ssc-cgl-2024-t1-s1","src-ssc-cgl-portal","comp-verified-full","PRESERVE_AND_INDEX","COMMITTED","tx-batch-p10-001","2026-09-29T06:10:00Z","OFFICIAL_PYQ","VERIFIED",1,1
"q-ssc-cgl-undefined-Tier 1-Shift 1-q69","paper-ssc-cgl-2024-t1-s1","src-ssc-cgl-portal","comp-verified-full","PRESERVE_AND_INDEX","COMMITTED","tx-batch-p10-001","2026-09-29T06:10:00Z","OFFICIAL_PYQ","VERIFIED",1,1
"q-ssc-cgl-undefined-Tier 1-Shift 1-q70","paper-ssc-cgl-2024-t1-s1","src-ssc-cgl-portal","comp-verified-full","PRESERVE_AND_INDEX","COMMITTED","tx-batch-p10-001","2026-09-29T06:10:00Z","OFFICIAL_PYQ","VERIFIED",1,1
"q-ssc-cgl-undefined-Tier 1-Shift 1-q71","paper-ssc-cgl-2024-t1-s1","src-ssc-cgl-portal","comp-verified-full","PRESERVE_AND_INDEX","COMMITTED","tx-batch-p10-001","2026-09-29T06:10:00Z","OFFICIAL_PYQ","VERIFIED",1,1
"q-ssc-cgl-undefined-Tier 1-Shift 1-q72","paper-ssc-cgl-2024-t1-s1","src-ssc-cgl-portal","comp-verified-full","PRESERVE_AND_INDEX","COMMITTED","tx-batch-p10-001","2026-09-29T06:10:00Z","OFFICIAL_PYQ","VERIFIED",1,1
"q-ssc-cgl-undefined-Tier 1-Shift 1-q73","paper-ssc-cgl-2024-t1-s1","src-ssc-cgl-portal","comp-verified-full","PRESERVE_AND_INDEX","COMMITTED","tx-batch-p10-001","2026-09-29T06:10:00Z","OFFICIAL_PYQ","VERIFIED",1,1
"q-ssc-cgl-undefined-Tier 1-Shift 1-q74","paper-ssc-cgl-2024-t1-s1","src-ssc-cgl-portal","comp-verified-full","PRESERVE_AND_INDEX","COMMITTED","tx-batch-p10-001","2026-09-29T06:10:00Z","OFFICIAL_PYQ","VERIFIED",1,1
"q-ssc-cgl-undefined-Tier 1-Shift 1-q75","paper-ssc-cgl-2024-t1-s1","src-ssc-cgl-portal","comp-verified-full","PRESERVE_AND_INDEX","COMMITTED","tx-batch-p10-001","2026-09-29T06:10:00Z","OFFICIAL_PYQ","VERIFIED",1,1
"q-ssc-cgl-undefined-Tier 1-Shift 1-q76","paper-ssc-cgl-2024-t1-s1","src-ssc-cgl-portal","comp-verified-full","PRESERVE_AND_INDEX","COMMITTED","tx-batch-p10-001","2026-09-29T06:10:00Z","OFFICIAL_PYQ","VERIFIED",1,1
"q-ssc-cgl-undefined-Tier 1-Shift 1-q77","paper-ssc-cgl-2024-t1-s1","src-ssc-cgl-portal","comp-verified-full","PRESERVE_AND_INDEX","COMMITTED","tx-batch-p10-001","2026-09-29T06:10:00Z","OFFICIAL_PYQ","VERIFIED",1,1
"q-ssc-cgl-undefined-Tier 1-Shift 1-q78","paper-ssc-cgl-2024-t1-s1","src-ssc-cgl-portal","comp-verified-full","PRESERVE_AND_INDEX","COMMITTED","tx-batch-p10-001","2026-09-29T06:10:00Z","OFFICIAL_PYQ","VERIFIED",1,1
"q-ssc-cgl-undefined-Tier 1-Shift 1-q79","paper-ssc-cgl-2024-t1-s1","src-ssc-cgl-portal","comp-verified-full","PRESERVE_AND_INDEX","COMMITTED","tx-batch-p10-001","2026-09-29T06:10:00Z","OFFICIAL_PYQ","VERIFIED",1,1
"q-ssc-cgl-undefined-Tier 1-Shift 1-q80","paper-ssc-cgl-2024-t1-s1","src-ssc-cgl-portal","comp-verified-full","PRESERVE_AND_INDEX","COMMITTED","tx-batch-p10-001","2026-09-29T06:10:00Z","OFFICIAL_PYQ","VERIFIED",1,1
"q-ssc-cgl-undefined-Tier 1-Shift 1-q81","paper-ssc-cgl-2024-t1-s1","src-ssc-cgl-portal","comp-verified-full","PRESERVE_AND_INDEX","COMMITTED","tx-batch-p10-001","2026-09-29T06:10:00Z","OFFICIAL_PYQ","VERIFIED",1,1
"q-ssc-cgl-undefined-Tier 1-Shift 1-q82","paper-ssc-cgl-2024-t1-s1","src-ssc-cgl-portal","comp-verified-full","PRESERVE_AND_INDEX","COMMITTED","tx-batch-p10-001","2026-09-29T06:10:00Z","OFFICIAL_PYQ","VERIFIED",1,1
"q-ssc-cgl-undefined-Tier 1-Shift 1-q83","paper-ssc-cgl-2024-t1-s1","src-ssc-cgl-portal","comp-verified-full","PRESERVE_AND_INDEX","COMMITTED","tx-batch-p10-001","2026-09-29T06:10:00Z","OFFICIAL_PYQ","VERIFIED",1,1
"q-ssc-cgl-undefined-Tier 1-Shift 1-q84","paper-ssc-cgl-2024-t1-s1","src-ssc-cgl-portal","comp-verified-full","PRESERVE_AND_INDEX","COMMITTED","tx-batch-p10-001","2026-09-29T06:10:00Z","OFFICIAL_PYQ","VERIFIED",1,1
"q-ssc-cgl-undefined-Tier 1-Shift 1-q85","paper-ssc-cgl-2024-t1-s1","src-ssc-cgl-portal","comp-verified-full","PRESERVE_AND_INDEX","COMMITTED","tx-batch-p10-001","2026-09-29T06:10:00Z","OFFICIAL_PYQ","VERIFIED",1,1
"q-ssc-cgl-undefined-Tier 1-Shift 1-q86","paper-ssc-cgl-2024-t1-s1","src-ssc-cgl-portal","comp-verified-full","PRESERVE_AND_INDEX","COMMITTED","tx-batch-p10-001","2026-09-29T06:10:00Z","OFFICIAL_PYQ","VERIFIED",1,1
"q-ssc-cgl-undefined-Tier 1-Shift 1-q87","paper-ssc-cgl-2024-t1-s1","src-ssc-cgl-portal","comp-verified-full","PRESERVE_AND_INDEX","COMMITTED","tx-batch-p10-001","2026-09-29T06:10:00Z","OFFICIAL_PYQ","VERIFIED",1,1
"q-ssc-cgl-undefined-Tier 1-Shift 1-q88","paper-ssc-cgl-2024-t1-s1","src-ssc-cgl-portal","comp-verified-full","PRESERVE_AND_INDEX","COMMITTED","tx-batch-p10-001","2026-09-29T06:10:00Z","OFFICIAL_PYQ","VERIFIED",1,1
"q-ssc-cgl-undefined-Tier 1-Shift 1-q89","paper-ssc-cgl-2024-t1-s1","src-ssc-cgl-portal","comp-verified-full","PRESERVE_AND_INDEX","COMMITTED","tx-batch-p10-001","2026-09-29T06:10:00Z","OFFICIAL_PYQ","VERIFIED",1,1
"q-ssc-cgl-undefined-Tier 1-Shift 1-q90","paper-ssc-cgl-2024-t1-s1","src-ssc-cgl-portal","comp-verified-full","PRESERVE_AND_INDEX","COMMITTED","tx-batch-p10-001","2026-09-29T06:10:00Z","OFFICIAL_PYQ","VERIFIED",1,1
"q-ssc-cgl-undefined-Tier 1-Shift 1-q91","paper-ssc-cgl-2024-t1-s1","src-ssc-cgl-portal","comp-verified-full","PRESERVE_AND_INDEX","COMMITTED","tx-batch-p10-001","2026-09-29T06:10:00Z","OFFICIAL_PYQ","VERIFIED",1,1
"q-ssc-cgl-undefined-Tier 1-Shift 1-q92","paper-ssc-cgl-2024-t1-s1","src-ssc-cgl-portal","comp-verified-full","PRESERVE_AND_INDEX","COMMITTED","tx-batch-p10-001","2026-09-29T06:10:00Z","OFFICIAL_PYQ","VERIFIED",1,1
"q-ssc-cgl-undefined-Tier 1-Shift 1-q93","paper-ssc-cgl-2024-t1-s1","src-ssc-cgl-portal","comp-verified-full","PRESERVE_AND_INDEX","COMMITTED","tx-batch-p10-001","2026-09-29T06:10:00Z","OFFICIAL_PYQ","VERIFIED",1,1
"q-ssc-cgl-undefined-Tier 1-Shift 1-q94","paper-ssc-cgl-2024-t1-s1","src-ssc-cgl-portal","comp-verified-full","PRESERVE_AND_INDEX","COMMITTED","tx-batch-p10-001","2026-09-29T06:10:00Z","OFFICIAL_PYQ","VERIFIED",1,1
"q-ssc-cgl-undefined-Tier 1-Shift 1-q95","paper-ssc-cgl-2024-t1-s1","src-ssc-cgl-portal","comp-verified-full","PRESERVE_AND_INDEX","COMMITTED","tx-batch-p10-001","2026-09-29T06:10:00Z","OFFICIAL_PYQ","VERIFIED",1,1
"q-ssc-cgl-undefined-Tier 1-Shift 1-q96","paper-ssc-cgl-2024-t1-s1","src-ssc-cgl-portal","comp-verified-full","PRESERVE_AND_INDEX","COMMITTED","tx-batch-p10-001","2026-09-29T06:10:00Z","OFFICIAL_PYQ","VERIFIED",1,1
"q-ssc-cgl-undefined-Tier 1-Shift 1-q97","paper-ssc-cgl-2024-t1-s1","src-ssc-cgl-portal","comp-verified-full","PRESERVE_AND_INDEX","COMMITTED","tx-batch-p10-001","2026-09-29T06:10:00Z","OFFICIAL_PYQ","VERIFIED",1,1
"q-ssc-cgl-undefined-Tier 1-Shift 1-q98","paper-ssc-cgl-2024-t1-s1","src-ssc-cgl-portal","comp-verified-full","PRESERVE_AND_INDEX","COMMITTED","tx-batch-p10-001","2026-09-29T06:10:00Z","OFFICIAL_PYQ","VERIFIED",1,1
"q-ssc-cgl-undefined-Tier 1-Shift 1-q99","paper-ssc-cgl-2024-t1-s1","src-ssc-cgl-portal","comp-verified-full","PRESERVE_AND_INDEX","COMMITTED","tx-batch-p10-001","2026-09-29T06:10:00Z","OFFICIAL_PYQ","VERIFIED",1,1
"q-ssc-cgl-undefined-Tier 1-Shift 1-q100","paper-ssc-cgl-2024-t1-s1","src-ssc-cgl-portal","comp-verified-full","PRESERVE_AND_INDEX","COMMITTED","tx-batch-p10-001","2026-09-29T06:10:00Z","OFFICIAL_PYQ","VERIFIED",1,1
"q-ssc-cgl-undefined-Tier 1-Shift 1-q101","paper-ssc-cgl-2024-t1-s1","src-ssc-cgl-portal","comp-verified-full","PRESERVE_AND_INDEX","COMMITTED","tx-batch-p10-001","2026-09-29T06:10:00Z","OFFICIAL_PYQ","VERIFIED",1,1
"q-cbse-board-undefined-Annual Board Exam-Morning-q1","paper-cbse-10-science-2024","src-cbse-board-portal","comp-practice","PRESERVE_AND_INDEX","COMMITTED","tx-batch-p10-001","2026-09-29T06:10:00Z","OFFICIAL_SAMPLE","VERIFIED",1,0
"q-cbse-board-undefined-Annual Board Exam-Morning-q2","paper-cbse-10-science-2024","src-cbse-board-portal","comp-practice","PRESERVE_AND_INDEX","COMMITTED","tx-batch-p10-001","2026-09-29T06:10:00Z","OFFICIAL_SAMPLE","VERIFIED",1,0
"q-cbse-board-undefined-Annual Board Exam-Morning-q3","paper-cbse-10-science-2024","src-cbse-board-portal","comp-practice","PRESERVE_AND_INDEX","COMMITTED","tx-batch-p10-001","2026-09-29T06:10:00Z","OFFICIAL_SAMPLE","VERIFIED",1,0
"q-cbse-board-undefined-Annual Board Exam-Morning-q4","paper-cbse-10-science-2024","src-cbse-board-portal","comp-practice","PRESERVE_AND_INDEX","COMMITTED","tx-batch-p10-001","2026-09-29T06:10:00Z","OFFICIAL_SAMPLE","VERIFIED",1,0
"q-cbse-board-undefined-Annual Board Exam-Morning-q5","paper-cbse-10-science-2024","src-cbse-board-portal","comp-practice","PRESERVE_AND_INDEX","COMMITTED","tx-batch-p10-001","2026-09-29T06:10:00Z","OFFICIAL_SAMPLE","VERIFIED",1,0
"q-cbse-board-undefined-Annual Board Exam-Morning-q6","paper-cbse-10-science-2024","src-cbse-board-portal","comp-practice","PRESERVE_AND_INDEX","COMMITTED","tx-batch-p10-001","2026-09-29T06:10:00Z","OFFICIAL_SAMPLE","VERIFIED",1,0
"q-cbse-board-undefined-Annual Board Exam-Morning-q7","paper-cbse-10-science-2024","src-cbse-board-portal","comp-practice","PRESERVE_AND_INDEX","COMMITTED","tx-batch-p10-001","2026-09-29T06:10:00Z","OFFICIAL_SAMPLE","VERIFIED",1,0
"q-cbse-board-undefined-Annual Board Exam-Morning-q8","paper-cbse-10-science-2024","src-cbse-board-portal","comp-practice","PRESERVE_AND_INDEX","COMMITTED","tx-batch-p10-001","2026-09-29T06:10:00Z","OFFICIAL_SAMPLE","VERIFIED",1,0
"q-cbse-board-undefined-Annual Board Exam-Morning-q9","paper-cbse-10-science-2024","src-cbse-board-portal","comp-practice","PRESERVE_AND_INDEX","COMMITTED","tx-batch-p10-001","2026-09-29T06:10:00Z","OFFICIAL_SAMPLE","VERIFIED",1,0
"q-cbse-board-undefined-Annual Board Exam-Morning-q10","paper-cbse-10-science-2024","src-cbse-board-portal","comp-practice","PRESERVE_AND_INDEX","COMMITTED","tx-batch-p10-001","2026-09-29T06:10:00Z","OFFICIAL_SAMPLE","VERIFIED",1,0
"q-cbse-board-undefined-Annual Board Exam-Morning-q11","paper-cbse-10-science-2024","src-cbse-board-portal","comp-practice","PRESERVE_AND_INDEX","COMMITTED","tx-batch-p10-001","2026-09-29T06:10:00Z","OFFICIAL_SAMPLE","VERIFIED",1,0
"q-cbse-board-undefined-Annual Board Exam-Morning-q12","paper-cbse-10-science-2024","src-cbse-board-portal","comp-practice","PRESERVE_AND_INDEX","COMMITTED","tx-batch-p10-001","2026-09-29T06:10:00Z","OFFICIAL_SAMPLE","VERIFIED",1,0
"q-cbse-board-undefined-Annual Board Exam-Morning-q13","paper-cbse-10-science-2024","src-cbse-board-portal","comp-practice","PRESERVE_AND_INDEX","COMMITTED","tx-batch-p10-001","2026-09-29T06:10:00Z","OFFICIAL_SAMPLE","VERIFIED",1,0
"q-cbse-board-undefined-Annual Board Exam-Morning-q14","paper-cbse-10-science-2024","src-cbse-board-portal","comp-practice","PRESERVE_AND_INDEX","COMMITTED","tx-batch-p10-001","2026-09-29T06:10:00Z","OFFICIAL_SAMPLE","VERIFIED",1,0
"q-cbse-board-undefined-Annual Board Exam-Morning-q15","paper-cbse-10-science-2024","src-cbse-board-portal","comp-practice","PRESERVE_AND_INDEX","COMMITTED","tx-batch-p10-001","2026-09-29T06:10:00Z","OFFICIAL_SAMPLE","VERIFIED",1,0
"q-cbse-board-undefined-Annual Board Exam-Morning-q16","paper-cbse-10-science-2024","src-cbse-board-portal","comp-practice","PRESERVE_AND_INDEX","COMMITTED","tx-batch-p10-001","2026-09-29T06:10:00Z","OFFICIAL_SAMPLE","VERIFIED",1,0
"q-cbse-board-undefined-Annual Board Exam-Morning-q17","paper-cbse-10-science-2024","src-cbse-board-portal","comp-practice","PRESERVE_AND_INDEX","COMMITTED","tx-batch-p10-001","2026-09-29T06:10:00Z","OFFICIAL_SAMPLE","VERIFIED",1,0
"q-cbse-board-undefined-Annual Board Exam-Morning-q18","paper-cbse-10-science-2024","src-cbse-board-portal","comp-practice","PRESERVE_AND_INDEX","COMMITTED","tx-batch-p10-001","2026-09-29T06:10:00Z","OFFICIAL_SAMPLE","VERIFIED",1,0
"q-cbse-board-undefined-Annual Board Exam-Morning-q19","paper-cbse-10-science-2024","src-cbse-board-portal","comp-practice","PRESERVE_AND_INDEX","COMMITTED","tx-batch-p10-001","2026-09-29T06:10:00Z","OFFICIAL_SAMPLE","VERIFIED",1,0
"q-cbse-board-undefined-Annual Board Exam-Morning-q20","paper-cbse-10-science-2024","src-cbse-board-portal","comp-practice","PRESERVE_AND_INDEX","COMMITTED","tx-batch-p10-001","2026-09-29T06:10:00Z","OFFICIAL_SAMPLE","VERIFIED",1,0
"q-cbse-board-undefined-Annual Board Exam-Morning-q21","paper-cbse-10-science-2024","src-cbse-board-portal","comp-practice","PRESERVE_AND_INDEX","COMMITTED","tx-batch-p10-001","2026-09-29T06:10:00Z","OFFICIAL_SAMPLE","VERIFIED",1,0
"q-cbse-board-undefined-Annual Board Exam-Morning-q22","paper-cbse-10-science-2024","src-cbse-board-portal","comp-practice","PRESERVE_AND_INDEX","COMMITTED","tx-batch-p10-001","2026-09-29T06:10:00Z","OFFICIAL_SAMPLE","VERIFIED",1,0
"q-cbse-board-undefined-Annual Board Exam-Morning-q23","paper-cbse-10-science-2024","src-cbse-board-portal","comp-practice","PRESERVE_AND_INDEX","COMMITTED","tx-batch-p10-001","2026-09-29T06:10:00Z","OFFICIAL_SAMPLE","VERIFIED",1,0
"q-cbse-board-undefined-Annual Board Exam-Morning-q24","paper-cbse-10-science-2024","src-cbse-board-portal","comp-practice","PRESERVE_AND_INDEX","COMMITTED","tx-batch-p10-001","2026-09-29T06:10:00Z","OFFICIAL_SAMPLE","VERIFIED",1,0
"q-cbse-board-undefined-Annual Board Exam-Morning-q25","paper-cbse-10-science-2024","src-cbse-board-portal","comp-practice","PRESERVE_AND_INDEX","COMMITTED","tx-batch-p10-001","2026-09-29T06:10:00Z","OFFICIAL_SAMPLE","VERIFIED",1,0
"q-cbse-board-undefined-Annual Board Exam-Morning-q26","paper-cbse-10-science-2024","src-cbse-board-portal","comp-practice","PRESERVE_AND_INDEX","COMMITTED","tx-batch-p10-001","2026-09-29T06:10:00Z","OFFICIAL_SAMPLE","VERIFIED",1,0
"q-cbse-board-undefined-Annual Board Exam-Morning-q27","paper-cbse-10-science-2024","src-cbse-board-portal","comp-practice","PRESERVE_AND_INDEX","COMMITTED","tx-batch-p10-001","2026-09-29T06:10:00Z","OFFICIAL_SAMPLE","VERIFIED",1,0
"q-cbse-board-undefined-Annual Board Exam-Morning-q28","paper-cbse-10-science-2024","src-cbse-board-portal","comp-practice","PRESERVE_AND_INDEX","COMMITTED","tx-batch-p10-001","2026-09-29T06:10:00Z","OFFICIAL_SAMPLE","VERIFIED",1,0
"q-cbse-board-undefined-Annual Board Exam-Morning-q29","paper-cbse-10-science-2024","src-cbse-board-portal","comp-practice","PRESERVE_AND_INDEX","COMMITTED","tx-batch-p10-001","2026-09-29T06:10:00Z","OFFICIAL_SAMPLE","VERIFIED",1,0
"q-cbse-board-undefined-Annual Board Exam-Morning-q30","paper-cbse-10-science-2024","src-cbse-board-portal","comp-practice","PRESERVE_AND_INDEX","COMMITTED","tx-batch-p10-001","2026-09-29T06:10:00Z","OFFICIAL_SAMPLE","VERIFIED",1,0
"q-cbse-board-undefined-Annual Board Exam-Morning-q31","paper-cbse-10-science-2024","src-cbse-board-portal","comp-practice","PRESERVE_AND_INDEX","COMMITTED","tx-batch-p10-001","2026-09-29T06:10:00Z","OFFICIAL_SAMPLE","VERIFIED",1,0
"q-cbse-board-undefined-Annual Board Exam-Morning-q32","paper-cbse-10-science-2024","src-cbse-board-portal","comp-practice","PRESERVE_AND_INDEX","COMMITTED","tx-batch-p10-001","2026-09-29T06:10:00Z","OFFICIAL_SAMPLE","VERIFIED",1,0
"q-cbse-board-undefined-Annual Board Exam-Morning-q33","paper-cbse-10-science-2024","src-cbse-board-portal","comp-practice","PRESERVE_AND_INDEX","COMMITTED","tx-batch-p10-001","2026-09-29T06:10:00Z","OFFICIAL_SAMPLE","VERIFIED",1,0
"q-cbse-board-undefined-Annual Board Exam-Morning-q34","paper-cbse-10-science-2024","src-cbse-board-portal","comp-practice","PRESERVE_AND_INDEX","COMMITTED","tx-batch-p10-001","2026-09-29T06:10:00Z","OFFICIAL_SAMPLE","VERIFIED",1,0
"q-cbse-board-undefined-Annual Board Exam-Morning-q35","paper-cbse-10-science-2024","src-cbse-board-portal","comp-practice","PRESERVE_AND_INDEX","COMMITTED","tx-batch-p10-001","2026-09-29T06:10:00Z","OFFICIAL_SAMPLE","VERIFIED",1,0
"q-cbse-board-undefined-Annual Board Exam-Morning-q36","paper-cbse-10-science-2024","src-cbse-board-portal","comp-practice","PRESERVE_AND_INDEX","COMMITTED","tx-batch-p10-001","2026-09-29T06:10:00Z","OFFICIAL_SAMPLE","VERIFIED",1,0
"q-cbse-board-undefined-Annual Board Exam-Morning-q37","paper-cbse-10-science-2024","src-cbse-board-portal","comp-practice","PRESERVE_AND_INDEX","COMMITTED","tx-batch-p10-001","2026-09-29T06:10:00Z","OFFICIAL_SAMPLE","VERIFIED",1,0
"q-cbse-board-undefined-Annual Board Exam-Morning-q38","paper-cbse-10-science-2024","src-cbse-board-portal","comp-practice","PRESERVE_AND_INDEX","COMMITTED","tx-batch-p10-001","2026-09-29T06:10:00Z","OFFICIAL_SAMPLE","VERIFIED",1,0
"q-cbse-board-undefined-Annual Board Exam-Morning-q39","paper-cbse-10-science-2024","src-cbse-board-portal","comp-practice","PRESERVE_AND_INDEX","COMMITTED","tx-batch-p10-001","2026-09-29T06:10:00Z","OFFICIAL_SAMPLE","VERIFIED",1,0
"q-tndge-tamilnadu-undefined-Annual-Morning-q1","paper-tn-sslc-tamil-2024","src-tndge-tamilnadu-portal","comp-verified-full","PRESERVE_AND_INDEX","COMMITTED","tx-batch-p10-001","2026-09-29T06:10:00Z","OFFICIAL_PYQ","VERIFIED",1,1
"q-tndge-tamilnadu-undefined-Annual-Morning-q2","paper-tn-sslc-tamil-2024","src-tndge-tamilnadu-portal","comp-verified-full","PRESERVE_AND_INDEX","COMMITTED","tx-batch-p10-001","2026-09-29T06:10:00Z","OFFICIAL_PYQ","VERIFIED",1,1
"q-tndge-tamilnadu-undefined-Annual-Morning-q3","paper-tn-sslc-tamil-2024","src-tndge-tamilnadu-portal","comp-verified-full","PRESERVE_AND_INDEX","COMMITTED","tx-batch-p10-001","2026-09-29T06:10:00Z","OFFICIAL_PYQ","VERIFIED",1,1
"q-tndge-tamilnadu-undefined-Annual-Morning-q4","paper-tn-sslc-tamil-2024","src-tndge-tamilnadu-portal","comp-verified-full","PRESERVE_AND_INDEX","COMMITTED","tx-batch-p10-001","2026-09-29T06:10:00Z","OFFICIAL_PYQ","VERIFIED",1,1
"q-tndge-tamilnadu-undefined-Annual-Morning-q5","paper-tn-sslc-tamil-2024","src-tndge-tamilnadu-portal","comp-verified-full","PRESERVE_AND_INDEX","COMMITTED","tx-batch-p10-001","2026-09-29T06:10:00Z","OFFICIAL_PYQ","VERIFIED",1,1
"q-tndge-tamilnadu-undefined-Annual-Morning-q6","paper-tn-sslc-tamil-2024","src-tndge-tamilnadu-portal","comp-verified-full","PRESERVE_AND_INDEX","COMMITTED","tx-batch-p10-001","2026-09-29T06:10:00Z","OFFICIAL_PYQ","VERIFIED",1,1
"q-tndge-tamilnadu-undefined-Annual-Morning-q7","paper-tn-sslc-tamil-2024","src-tndge-tamilnadu-portal","comp-verified-full","PRESERVE_AND_INDEX","COMMITTED","tx-batch-p10-001","2026-09-29T06:10:00Z","OFFICIAL_PYQ","VERIFIED",1,1
"q-tndge-tamilnadu-undefined-Annual-Morning-q8","paper-tn-sslc-tamil-2024","src-tndge-tamilnadu-portal","comp-verified-full","PRESERVE_AND_INDEX","COMMITTED","tx-batch-p10-001","2026-09-29T06:10:00Z","OFFICIAL_PYQ","VERIFIED",1,1
"q-tndge-tamilnadu-undefined-Annual-Morning-q9","paper-tn-sslc-tamil-2024","src-tndge-tamilnadu-portal","comp-verified-full","PRESERVE_AND_INDEX","COMMITTED","tx-batch-p10-001","2026-09-29T06:10:00Z","OFFICIAL_PYQ","VERIFIED",1,1
"q-tndge-tamilnadu-undefined-Annual-Morning-q10","paper-tn-sslc-tamil-2024","src-tndge-tamilnadu-portal","comp-verified-full","PRESERVE_AND_INDEX","COMMITTED","tx-batch-p10-001","2026-09-29T06:10:00Z","OFFICIAL_PYQ","VERIFIED",1,1
"q-tndge-tamilnadu-undefined-Annual-Morning-q11","paper-tn-sslc-tamil-2024","src-tndge-tamilnadu-portal","comp-verified-full","PRESERVE_AND_INDEX","COMMITTED","tx-batch-p10-001","2026-09-29T06:10:00Z","OFFICIAL_PYQ","VERIFIED",1,1
"q-tndge-tamilnadu-undefined-Annual-Morning-q12","paper-tn-sslc-tamil-2024","src-tndge-tamilnadu-portal","comp-verified-full","PRESERVE_AND_INDEX","COMMITTED","tx-batch-p10-001","2026-09-29T06:10:00Z","OFFICIAL_PYQ","VERIFIED",1,1
"q-tndge-tamilnadu-undefined-Annual-Morning-q13","paper-tn-sslc-tamil-2024","src-tndge-tamilnadu-portal","comp-verified-full","PRESERVE_AND_INDEX","COMMITTED","tx-batch-p10-001","2026-09-29T06:10:00Z","OFFICIAL_PYQ","VERIFIED",1,1
"q-tndge-tamilnadu-undefined-Annual-Morning-q14","paper-tn-sslc-tamil-2024","src-tndge-tamilnadu-portal","comp-verified-full","PRESERVE_AND_INDEX","COMMITTED","tx-batch-p10-001","2026-09-29T06:10:00Z","OFFICIAL_PYQ","VERIFIED",1,1
"q-tndge-tamilnadu-undefined-Annual-Morning-q15","paper-tn-sslc-tamil-2024","src-tndge-tamilnadu-portal","comp-verified-full","PRESERVE_AND_INDEX","COMMITTED","tx-batch-p10-001","2026-09-29T06:10:00Z","OFFICIAL_PYQ","VERIFIED",1,1
"q-tndge-tamilnadu-undefined-Annual-Morning-q16","paper-tn-sslc-tamil-2024","src-tndge-tamilnadu-portal","comp-verified-full","PRESERVE_AND_INDEX","COMMITTED","tx-batch-p10-001","2026-09-29T06:10:00Z","OFFICIAL_PYQ","VERIFIED",1,1
"q-tndge-tamilnadu-undefined-Annual-Morning-q17","paper-tn-sslc-tamil-2024","src-tndge-tamilnadu-portal","comp-verified-full","PRESERVE_AND_INDEX","COMMITTED","tx-batch-p10-001","2026-09-29T06:10:00Z","OFFICIAL_PYQ","VERIFIED",1,1
"q-tndge-tamilnadu-undefined-Annual-Morning-q18","paper-tn-sslc-tamil-2024","src-tndge-tamilnadu-portal","comp-verified-full","PRESERVE_AND_INDEX","COMMITTED","tx-batch-p10-001","2026-09-29T06:10:00Z","OFFICIAL_PYQ","VERIFIED",1,1
"q-tndge-tamilnadu-undefined-Annual-Morning-q19","paper-tn-sslc-tamil-2024","src-tndge-tamilnadu-portal","comp-verified-full","PRESERVE_AND_INDEX","COMMITTED","tx-batch-p10-001","2026-09-29T06:10:00Z","OFFICIAL_PYQ","VERIFIED",1,1
"q-tndge-tamilnadu-undefined-Annual-Morning-q20","paper-tn-sslc-tamil-2024","src-tndge-tamilnadu-portal","comp-verified-full","PRESERVE_AND_INDEX","COMMITTED","tx-batch-p10-001","2026-09-29T06:10:00Z","OFFICIAL_PYQ","VERIFIED",1,1
"q-tndge-tamilnadu-undefined-Annual-Morning-q21","paper-tn-sslc-tamil-2024","src-tndge-tamilnadu-portal","comp-verified-full","PRESERVE_AND_INDEX","COMMITTED","tx-batch-p10-001","2026-09-29T06:10:00Z","OFFICIAL_PYQ","VERIFIED",1,1
"q-tndge-tamilnadu-undefined-Annual-Morning-q22","paper-tn-sslc-tamil-2024","src-tndge-tamilnadu-portal","comp-verified-full","PRESERVE_AND_INDEX","COMMITTED","tx-batch-p10-001","2026-09-29T06:10:00Z","OFFICIAL_PYQ","VERIFIED",1,1
"q-tndge-tamilnadu-undefined-Annual-Morning-q23","paper-tn-sslc-tamil-2024","src-tndge-tamilnadu-portal","comp-verified-full","PRESERVE_AND_INDEX","COMMITTED","tx-batch-p10-001","2026-09-29T06:10:00Z","OFFICIAL_PYQ","VERIFIED",1,1
"q-tndge-tamilnadu-undefined-Annual-Morning-q24","paper-tn-sslc-tamil-2024","src-tndge-tamilnadu-portal","comp-verified-full","PRESERVE_AND_INDEX","COMMITTED","tx-batch-p10-001","2026-09-29T06:10:00Z","OFFICIAL_PYQ","VERIFIED",1,1
"q-tndge-tamilnadu-undefined-Annual-Morning-q25","paper-tn-sslc-tamil-2024","src-tndge-tamilnadu-portal","comp-verified-full","PRESERVE_AND_INDEX","COMMITTED","tx-batch-p10-001","2026-09-29T06:10:00Z","OFFICIAL_PYQ","VERIFIED",1,1
"q-upsc-cse-2023-gs1-q1","paper-upsc-cse-2023-gs1","src-official-repo","comp-verified-full","PRESERVE_AND_INDEX","COMMITTED","tx-batch-p10-001","2026-09-29T06:10:00Z","OFFICIAL_PYQ","VERIFIED",1,1
"q-upsc-cse-2023-gs1-q2","paper-upsc-cse-2023-gs1","src-official-repo","comp-verified-full","PRESERVE_AND_INDEX","COMMITTED","tx-batch-p10-001","2026-09-29T06:10:00Z","OFFICIAL_PYQ","VERIFIED",1,1
"q-upsc-cse-2023-gs1-q3","paper-upsc-cse-2023-gs1","src-official-repo","comp-verified-full","PRESERVE_AND_INDEX","COMMITTED","tx-batch-p10-001","2026-09-29T06:10:00Z","OFFICIAL_PYQ","VERIFIED",1,1
"q-upsc-cse-2022-gs1-q1","paper-upsc-cse-2022-gs1","src-official-repo","comp-verified-full","PRESERVE_AND_INDEX","COMMITTED","tx-batch-p10-001","2026-09-29T06:10:00Z","OFFICIAL_PYQ","VERIFIED",1,1
"q-upsc-cse-2022-gs1-q2","paper-upsc-cse-2022-gs1","src-official-repo","comp-verified-full","PRESERVE_AND_INDEX","COMMITTED","tx-batch-p10-001","2026-09-29T06:10:00Z","OFFICIAL_PYQ","VERIFIED",1,1
"q-upsc-cse-2022-gs1-q3","paper-upsc-cse-2022-gs1","src-official-repo","comp-verified-full","PRESERVE_AND_INDEX","COMMITTED","tx-batch-p10-001","2026-09-29T06:10:00Z","OFFICIAL_PYQ","VERIFIED",1,1
"q-upsc-cse-2021-gs1-q1","paper-upsc-cse-2021-gs1","src-official-repo","comp-verified-full","PRESERVE_AND_INDEX","COMMITTED","tx-batch-p10-001","2026-09-29T06:10:00Z","OFFICIAL_PYQ","VERIFIED",1,1
"q-upsc-cse-2021-gs1-q2","paper-upsc-cse-2021-gs1","src-official-repo","comp-verified-full","PRESERVE_AND_INDEX","COMMITTED","tx-batch-p10-001","2026-09-29T06:10:00Z","OFFICIAL_PYQ","VERIFIED",1,1
"q-upsc-cse-2021-gs1-q3","paper-upsc-cse-2021-gs1","src-official-repo","comp-verified-full","PRESERVE_AND_INDEX","COMMITTED","tx-batch-p10-001","2026-09-29T06:10:00Z","OFFICIAL_PYQ","VERIFIED",1,1
"q-ssc-cgl-2023-t1-s1-q1","paper-ssc-cgl-2023-t1-s1","src-official-repo","comp-verified-full","PRESERVE_AND_INDEX","COMMITTED","tx-batch-p10-001","2026-09-29T06:10:00Z","OFFICIAL_PYQ","VERIFIED",1,1
"q-ssc-cgl-2023-t1-s1-q2","paper-ssc-cgl-2023-t1-s1","src-official-repo","comp-verified-full","PRESERVE_AND_INDEX","COMMITTED","tx-batch-p10-001","2026-09-29T06:10:00Z","OFFICIAL_PYQ","VERIFIED",1,1
"q-ssc-cgl-2023-t1-s1-q3","paper-ssc-cgl-2023-t1-s1","src-official-repo","comp-verified-full","PRESERVE_AND_INDEX","COMMITTED","tx-batch-p10-001","2026-09-29T06:10:00Z","OFFICIAL_PYQ","VERIFIED",1,1
"q-ssc-cgl-2023-t1-s1-q4","paper-ssc-cgl-2023-t1-s1","src-official-repo","comp-practice","PRESERVE_AND_INDEX","COMMITTED","tx-batch-p10-001","2026-09-29T06:10:00Z","OFFICIAL_PYQ","VERIFIED",1,0
"q-ssc-cgl-2022-t1-s1-q1","paper-ssc-cgl-2022-t1-s1","src-official-repo","comp-verified-full","PRESERVE_AND_INDEX","COMMITTED","tx-batch-p10-001","2026-09-29T06:10:00Z","OFFICIAL_PYQ","VERIFIED",1,1
"q-ssc-cgl-2022-t1-s1-q2","paper-ssc-cgl-2022-t1-s1","src-official-repo","comp-verified-full","PRESERVE_AND_INDEX","COMMITTED","tx-batch-p10-001","2026-09-29T06:10:00Z","OFFICIAL_PYQ","VERIFIED",1,1
"q-ssc-cgl-2022-t1-s1-q3","paper-ssc-cgl-2022-t1-s1","src-official-repo","comp-verified-full","PRESERVE_AND_INDEX","COMMITTED","tx-batch-p10-001","2026-09-29T06:10:00Z","OFFICIAL_PYQ","VERIFIED",1,1
"q-ssc-cgl-2022-t1-s1-q4","paper-ssc-cgl-2022-t1-s1","src-official-repo","comp-practice","PRESERVE_AND_INDEX","COMMITTED","tx-batch-p10-001","2026-09-29T06:10:00Z","OFFICIAL_PYQ","VERIFIED",1,0
"q-rrb-ntpc-2022-cbt1-q1","paper-rrb-ntpc-2022-cbt1-s1","src-official-repo","comp-verified-full","PRESERVE_AND_INDEX","COMMITTED","tx-batch-p10-001","2026-09-29T06:10:00Z","OFFICIAL_PYQ","VERIFIED",1,1
"q-rrb-ntpc-2022-cbt1-q2","paper-rrb-ntpc-2022-cbt1-s1","src-official-repo","comp-verified-full","PRESERVE_AND_INDEX","COMMITTED","tx-batch-p10-001","2026-09-29T06:10:00Z","OFFICIAL_PYQ","VERIFIED",1,1
"q-ibps-po-2023-pre-q1","paper-ibps-po-2023-pre-s1","src-official-repo","comp-verified-full","PRESERVE_AND_INDEX","COMMITTED","tx-batch-p10-001","2026-09-29T06:10:00Z","OFFICIAL_PYQ","VERIFIED",1,1
"q-ibps-po-2023-pre-q2","paper-ibps-po-2023-pre-s1","src-official-repo","comp-verified-full","PRESERVE_AND_INDEX","COMMITTED","tx-batch-p10-001","2026-09-29T06:10:00Z","OFFICIAL_PYQ","VERIFIED",1,1
"q-upsc-nda-2023-gat-q1","paper-upsc-nda-2023-gat","src-official-repo","comp-verified-full","PRESERVE_AND_INDEX","COMMITTED","tx-batch-p10-001","2026-09-29T06:10:00Z","OFFICIAL_PYQ","VERIFIED",1,1
"q-nta-neet-2023-q1","paper-nta-neet-2023-code-f1","src-official-repo","comp-verified-full","PRESERVE_AND_INDEX","COMMITTED","tx-batch-p10-001","2026-09-29T06:10:00Z","OFFICIAL_PYQ","VERIFIED",1,1
"q-nta-neet-2023-q2","paper-nta-neet-2023-code-f1","src-official-repo","comp-verified-full","PRESERVE_AND_INDEX","COMMITTED","tx-batch-p10-001","2026-09-29T06:10:00Z","OFFICIAL_PYQ","VERIFIED",1,1
"q-upp-2024-s1-q1","paper-upp-constable-2024-s1","src-official-repo","comp-verified-full","PRESERVE_AND_INDEX","COMMITTED","tx-batch-p10-001","2026-09-29T06:10:00Z","OFFICIAL_PYQ","VERIFIED",1,1
"q-upp-2024-s1-q2","paper-upp-constable-2024-s1","src-official-repo","comp-verified-full","PRESERVE_AND_INDEX","COMMITTED","tx-batch-p10-001","2026-09-29T06:10:00Z","OFFICIAL_PYQ","VERIFIED",1,1
"q-cbse-10-sci-2023-q1","paper-cbse-10-sci-2023-set1","src-official-repo","comp-verified-full","PRESERVE_AND_INDEX","COMMITTED","tx-batch-p10-001","2026-09-29T06:10:00Z","OFFICIAL_PYQ","VERIFIED",1,1
"q-upsc-cse-2024-gs1-q001","paper-upsc-cse-2024-gs1","src-upsc-cse-portal","comp-verified-full","PRESERVE_AND_INDEX","COMMITTED","tx-batch-p10-001","2026-09-29T06:10:00Z","OFFICIAL_PYQ","VERIFIED",1,1
"q-upsc-cse-2024-gs1-q002","paper-upsc-cse-2024-gs1","src-upsc-cse-portal","comp-verified-full","PRESERVE_AND_INDEX","COMMITTED","tx-batch-p10-001","2026-09-29T06:10:00Z","OFFICIAL_PYQ","VERIFIED",1,1
"q-upsc-cse-2024-gs1-q003","paper-upsc-cse-2024-gs1","src-upsc-cse-portal","comp-verified-full","PRESERVE_AND_INDEX","COMMITTED","tx-batch-p10-001","2026-09-29T06:10:00Z","OFFICIAL_PYQ","VERIFIED",1,1
"q-upsc-cse-2024-gs1-q004","paper-upsc-cse-2024-gs1","src-upsc-cse-portal","comp-verified-full","PRESERVE_AND_INDEX","COMMITTED","tx-batch-p10-001","2026-09-29T06:10:00Z","OFFICIAL_PYQ","VERIFIED",1,1
"q-upsc-cse-2024-gs1-q005","paper-upsc-cse-2024-gs1","src-upsc-cse-portal","comp-verified-full","PRESERVE_AND_INDEX","COMMITTED","tx-batch-p10-001","2026-09-29T06:10:00Z","OFFICIAL_PYQ","VERIFIED",1,1
"q-upsc-cse-2024-gs1-q006","paper-upsc-cse-2024-gs1","src-upsc-cse-portal","comp-verified-full","PRESERVE_AND_INDEX","COMMITTED","tx-batch-p10-001","2026-09-29T06:10:00Z","OFFICIAL_PYQ","VERIFIED",1,1
"q-upsc-cse-2024-gs1-q007","paper-upsc-cse-2024-gs1","src-upsc-cse-portal","comp-verified-full","PRESERVE_AND_INDEX","COMMITTED","tx-batch-p10-001","2026-09-29T06:10:00Z","OFFICIAL_PYQ","VERIFIED",1,1
"q-upsc-cse-2024-gs1-q008","paper-upsc-cse-2024-gs1","src-upsc-cse-portal","comp-verified-full","PRESERVE_AND_INDEX","COMMITTED","tx-batch-p10-001","2026-09-29T06:10:00Z","OFFICIAL_PYQ","VERIFIED",1,1
"q-upsc-cse-2024-gs1-q009","paper-upsc-cse-2024-gs1","src-upsc-cse-portal","comp-verified-full","PRESERVE_AND_INDEX","COMMITTED","tx-batch-p10-001","2026-09-29T06:10:00Z","OFFICIAL_PYQ","VERIFIED",1,1
"q-upsc-cse-2024-gs1-q010","paper-upsc-cse-2024-gs1","src-upsc-cse-portal","comp-verified-full","PRESERVE_AND_INDEX","COMMITTED","tx-batch-p10-001","2026-09-29T06:10:00Z","OFFICIAL_PYQ","VERIFIED",1,1
"q-upsc-cse-2024-gs1-q011","paper-upsc-cse-2024-gs1","src-upsc-cse-portal","comp-verified-full","PRESERVE_AND_INDEX","COMMITTED","tx-batch-p10-001","2026-09-29T06:10:00Z","OFFICIAL_PYQ","VERIFIED",1,1
"q-upsc-cse-2024-gs1-q012","paper-upsc-cse-2024-gs1","src-upsc-cse-portal","comp-verified-full","PRESERVE_AND_INDEX","COMMITTED","tx-batch-p10-001","2026-09-29T06:10:00Z","OFFICIAL_PYQ","VERIFIED",1,1
"q-upsc-cse-2024-gs1-q013","paper-upsc-cse-2024-gs1","src-upsc-cse-portal","comp-verified-full","PRESERVE_AND_INDEX","COMMITTED","tx-batch-p10-001","2026-09-29T06:10:00Z","OFFICIAL_PYQ","VERIFIED",1,1
"q-upsc-cse-2024-gs1-q014","paper-upsc-cse-2024-gs1","src-upsc-cse-portal","comp-verified-full","PRESERVE_AND_INDEX","COMMITTED","tx-batch-p10-001","2026-09-29T06:10:00Z","OFFICIAL_PYQ","VERIFIED",1,1
"q-upsc-cse-2024-gs1-q015","paper-upsc-cse-2024-gs1","src-upsc-cse-portal","comp-verified-full","PRESERVE_AND_INDEX","COMMITTED","tx-batch-p10-001","2026-09-29T06:10:00Z","OFFICIAL_PYQ","VERIFIED",1,1
"q-upsc-cse-2024-gs1-q016","paper-upsc-cse-2024-gs1","src-upsc-cse-portal","comp-verified-full","PRESERVE_AND_INDEX","COMMITTED","tx-batch-p10-001","2026-09-29T06:10:00Z","OFFICIAL_PYQ","VERIFIED",1,1
"q-upsc-cse-2024-gs1-q017","paper-upsc-cse-2024-gs1","src-upsc-cse-portal","comp-verified-full","PRESERVE_AND_INDEX","COMMITTED","tx-batch-p10-001","2026-09-29T06:10:00Z","OFFICIAL_PYQ","VERIFIED",1,1
"q-upsc-cse-2024-gs1-q018","paper-upsc-cse-2024-gs1","src-upsc-cse-portal","comp-verified-full","PRESERVE_AND_INDEX","COMMITTED","tx-batch-p10-001","2026-09-29T06:10:00Z","OFFICIAL_PYQ","VERIFIED",1,1
"q-upsc-cse-2024-gs1-q019","paper-upsc-cse-2024-gs1","src-upsc-cse-portal","comp-verified-full","PRESERVE_AND_INDEX","COMMITTED","tx-batch-p10-001","2026-09-29T06:10:00Z","OFFICIAL_PYQ","VERIFIED",1,1
"q-upsc-cse-2024-gs1-q020","paper-upsc-cse-2024-gs1","src-upsc-cse-portal","comp-verified-full","PRESERVE_AND_INDEX","COMMITTED","tx-batch-p10-001","2026-09-29T06:10:00Z","OFFICIAL_PYQ","VERIFIED",1,1
"q-upsc-cse-2024-gs1-q021","paper-upsc-cse-2024-gs1","src-upsc-cse-portal","comp-verified-full","PRESERVE_AND_INDEX","COMMITTED","tx-batch-p10-001","2026-09-29T06:10:00Z","OFFICIAL_PYQ","VERIFIED",1,1
"q-upsc-cse-2024-gs1-q022","paper-upsc-cse-2024-gs1","src-upsc-cse-portal","comp-verified-full","PRESERVE_AND_INDEX","COMMITTED","tx-batch-p10-001","2026-09-29T06:10:00Z","OFFICIAL_PYQ","VERIFIED",1,1
"q-upsc-cse-2024-gs1-q023","paper-upsc-cse-2024-gs1","src-upsc-cse-portal","comp-verified-full","PRESERVE_AND_INDEX","COMMITTED","tx-batch-p10-001","2026-09-29T06:10:00Z","OFFICIAL_PYQ","VERIFIED",1,1
"q-upsc-cse-2024-gs1-q024","paper-upsc-cse-2024-gs1","src-upsc-cse-portal","comp-verified-full","PRESERVE_AND_INDEX","COMMITTED","tx-batch-p10-001","2026-09-29T06:10:00Z","OFFICIAL_PYQ","VERIFIED",1,1
"q-upsc-cse-2024-gs1-q025","paper-upsc-cse-2024-gs1","src-upsc-cse-portal","comp-verified-full","PRESERVE_AND_INDEX","COMMITTED","tx-batch-p10-001","2026-09-29T06:10:00Z","OFFICIAL_PYQ","VERIFIED",1,1
"q-upsc-cse-2024-gs1-q026","paper-upsc-cse-2024-gs1","src-upsc-cse-portal","comp-verified-full","PRESERVE_AND_INDEX","COMMITTED","tx-batch-p10-001","2026-09-29T06:10:00Z","OFFICIAL_PYQ","VERIFIED",1,1
"q-upsc-cse-2024-gs1-q027","paper-upsc-cse-2024-gs1","src-upsc-cse-portal","comp-verified-full","PRESERVE_AND_INDEX","COMMITTED","tx-batch-p10-001","2026-09-29T06:10:00Z","OFFICIAL_PYQ","VERIFIED",1,1
"q-upsc-cse-2024-gs1-q028","paper-upsc-cse-2024-gs1","src-upsc-cse-portal","comp-verified-full","PRESERVE_AND_INDEX","COMMITTED","tx-batch-p10-001","2026-09-29T06:10:00Z","OFFICIAL_PYQ","VERIFIED",1,1
"q-upsc-cse-2024-gs1-q029","paper-upsc-cse-2024-gs1","src-upsc-cse-portal","comp-verified-full","PRESERVE_AND_INDEX","COMMITTED","tx-batch-p10-001","2026-09-29T06:10:00Z","OFFICIAL_PYQ","VERIFIED",1,1
"q-upsc-cse-2024-gs1-q030","paper-upsc-cse-2024-gs1","src-upsc-cse-portal","comp-verified-full","PRESERVE_AND_INDEX","COMMITTED","tx-batch-p10-001","2026-09-29T06:10:00Z","OFFICIAL_PYQ","VERIFIED",1,1
"q-upsc-cse-2024-gs1-q031","paper-upsc-cse-2024-gs1","src-upsc-cse-portal","comp-verified-full","PRESERVE_AND_INDEX","COMMITTED","tx-batch-p10-001","2026-09-29T06:10:00Z","OFFICIAL_PYQ","VERIFIED",1,1
"q-upsc-cse-2024-gs1-q032","paper-upsc-cse-2024-gs1","src-upsc-cse-portal","comp-verified-full","PRESERVE_AND_INDEX","COMMITTED","tx-batch-p10-001","2026-09-29T06:10:00Z","OFFICIAL_PYQ","VERIFIED",1,1
"q-upsc-cse-2024-gs1-q033","paper-upsc-cse-2024-gs1","src-upsc-cse-portal","comp-verified-full","PRESERVE_AND_INDEX","COMMITTED","tx-batch-p10-001","2026-09-29T06:10:00Z","OFFICIAL_PYQ","VERIFIED",1,1
"q-upsc-cse-2024-gs1-q034","paper-upsc-cse-2024-gs1","src-upsc-cse-portal","comp-verified-full","PRESERVE_AND_INDEX","COMMITTED","tx-batch-p10-001","2026-09-29T06:10:00Z","OFFICIAL_PYQ","VERIFIED",1,1
"q-upsc-cse-2024-gs1-q035","paper-upsc-cse-2024-gs1","src-upsc-cse-portal","comp-verified-full","PRESERVE_AND_INDEX","COMMITTED","tx-batch-p10-001","2026-09-29T06:10:00Z","OFFICIAL_PYQ","VERIFIED",1,1
"q-upsc-cse-2024-gs1-q036","paper-upsc-cse-2024-gs1","src-upsc-cse-portal","comp-verified-full","PRESERVE_AND_INDEX","COMMITTED","tx-batch-p10-001","2026-09-29T06:10:00Z","OFFICIAL_PYQ","VERIFIED",1,1
"q-upsc-cse-2024-gs1-q037","paper-upsc-cse-2024-gs1","src-upsc-cse-portal","comp-verified-full","PRESERVE_AND_INDEX","COMMITTED","tx-batch-p10-001","2026-09-29T06:10:00Z","OFFICIAL_PYQ","VERIFIED",1,1
"q-upsc-cse-2024-gs1-q038","paper-upsc-cse-2024-gs1","src-upsc-cse-portal","comp-verified-full","PRESERVE_AND_INDEX","COMMITTED","tx-batch-p10-001","2026-09-29T06:10:00Z","OFFICIAL_PYQ","VERIFIED",1,1
"q-upsc-cse-2024-gs1-q039","paper-upsc-cse-2024-gs1","src-upsc-cse-portal","comp-verified-full","PRESERVE_AND_INDEX","COMMITTED","tx-batch-p10-001","2026-09-29T06:10:00Z","OFFICIAL_PYQ","VERIFIED",1,1
"q-upsc-cse-2024-gs1-q040","paper-upsc-cse-2024-gs1","src-upsc-cse-portal","comp-verified-full","PRESERVE_AND_INDEX","COMMITTED","tx-batch-p10-001","2026-09-29T06:10:00Z","OFFICIAL_PYQ","VERIFIED",1,1
"q-upsc-cse-2024-gs1-q041","paper-upsc-cse-2024-gs1","src-upsc-cse-portal","comp-verified-full","PRESERVE_AND_INDEX","COMMITTED","tx-batch-p10-001","2026-09-29T06:10:00Z","OFFICIAL_PYQ","VERIFIED",1,1
"q-upsc-cse-2024-gs1-q042","paper-upsc-cse-2024-gs1","src-upsc-cse-portal","comp-verified-full","PRESERVE_AND_INDEX","COMMITTED","tx-batch-p10-001","2026-09-29T06:10:00Z","OFFICIAL_PYQ","VERIFIED",1,1
"q-upsc-cse-2024-gs1-q043","paper-upsc-cse-2024-gs1","src-upsc-cse-portal","comp-verified-full","PRESERVE_AND_INDEX","COMMITTED","tx-batch-p10-001","2026-09-29T06:10:00Z","OFFICIAL_PYQ","VERIFIED",1,1
"q-upsc-cse-2024-gs1-q044","paper-upsc-cse-2024-gs1","src-upsc-cse-portal","comp-verified-full","PRESERVE_AND_INDEX","COMMITTED","tx-batch-p10-001","2026-09-29T06:10:00Z","OFFICIAL_PYQ","VERIFIED",1,1
"q-upsc-cse-2024-gs1-q045","paper-upsc-cse-2024-gs1","src-upsc-cse-portal","comp-verified-full","PRESERVE_AND_INDEX","COMMITTED","tx-batch-p10-001","2026-09-29T06:10:00Z","OFFICIAL_PYQ","VERIFIED",1,1
"q-upsc-cse-2024-gs1-q046","paper-upsc-cse-2024-gs1","src-upsc-cse-portal","comp-verified-full","PRESERVE_AND_INDEX","COMMITTED","tx-batch-p10-001","2026-09-29T06:10:00Z","OFFICIAL_PYQ","VERIFIED",1,1
"q-upsc-cse-2024-gs1-q047","paper-upsc-cse-2024-gs1","src-upsc-cse-portal","comp-verified-full","PRESERVE_AND_INDEX","COMMITTED","tx-batch-p10-001","2026-09-29T06:10:00Z","OFFICIAL_PYQ","VERIFIED",1,1
"q-upsc-cse-2024-gs1-q048","paper-upsc-cse-2024-gs1","src-upsc-cse-portal","comp-verified-full","PRESERVE_AND_INDEX","COMMITTED","tx-batch-p10-001","2026-09-29T06:10:00Z","OFFICIAL_PYQ","VERIFIED",1,1
"q-upsc-cse-2024-gs1-q049","paper-upsc-cse-2024-gs1","src-upsc-cse-portal","comp-verified-full","PRESERVE_AND_INDEX","COMMITTED","tx-batch-p10-001","2026-09-29T06:10:00Z","OFFICIAL_PYQ","VERIFIED",1,1
"q-upsc-cse-2024-gs1-q050","paper-upsc-cse-2024-gs1","src-upsc-cse-portal","comp-verified-full","PRESERVE_AND_INDEX","COMMITTED","tx-batch-p10-001","2026-09-29T06:10:00Z","OFFICIAL_PYQ","VERIFIED",1,1
"q-upsc-cse-2024-gs1-q051","paper-upsc-cse-2024-gs1","src-upsc-cse-portal","comp-verified-full","PRESERVE_AND_INDEX","COMMITTED","tx-batch-p10-001","2026-09-29T06:10:00Z","OFFICIAL_PYQ","VERIFIED",1,1
"q-upsc-cse-2024-gs1-q052","paper-upsc-cse-2024-gs1","src-upsc-cse-portal","comp-verified-full","PRESERVE_AND_INDEX","COMMITTED","tx-batch-p10-001","2026-09-29T06:10:00Z","OFFICIAL_PYQ","VERIFIED",1,1
"q-upsc-cse-2024-gs1-q053","paper-upsc-cse-2024-gs1","src-upsc-cse-portal","comp-verified-full","PRESERVE_AND_INDEX","COMMITTED","tx-batch-p10-001","2026-09-29T06:10:00Z","OFFICIAL_PYQ","VERIFIED",1,1
"q-upsc-cse-2024-gs1-q054","paper-upsc-cse-2024-gs1","src-upsc-cse-portal","comp-verified-full","PRESERVE_AND_INDEX","COMMITTED","tx-batch-p10-001","2026-09-29T06:10:00Z","OFFICIAL_PYQ","VERIFIED",1,1
"q-upsc-cse-2024-gs1-q055","paper-upsc-cse-2024-gs1","src-upsc-cse-portal","comp-verified-full","PRESERVE_AND_INDEX","COMMITTED","tx-batch-p10-001","2026-09-29T06:10:00Z","OFFICIAL_PYQ","VERIFIED",1,1
"q-upsc-cse-2024-gs1-q056","paper-upsc-cse-2024-gs1","src-upsc-cse-portal","comp-verified-full","PRESERVE_AND_INDEX","COMMITTED","tx-batch-p10-001","2026-09-29T06:10:00Z","OFFICIAL_PYQ","VERIFIED",1,1
"q-upsc-cse-2024-gs1-q057","paper-upsc-cse-2024-gs1","src-upsc-cse-portal","comp-verified-full","PRESERVE_AND_INDEX","COMMITTED","tx-batch-p10-001","2026-09-29T06:10:00Z","OFFICIAL_PYQ","VERIFIED",1,1
"q-upsc-cse-2024-gs1-q058","paper-upsc-cse-2024-gs1","src-upsc-cse-portal","comp-verified-full","PRESERVE_AND_INDEX","COMMITTED","tx-batch-p10-001","2026-09-29T06:10:00Z","OFFICIAL_PYQ","VERIFIED",1,1
"q-upsc-cse-2024-gs1-q059","paper-upsc-cse-2024-gs1","src-upsc-cse-portal","comp-verified-full","PRESERVE_AND_INDEX","COMMITTED","tx-batch-p10-001","2026-09-29T06:10:00Z","OFFICIAL_PYQ","VERIFIED",1,1
"q-upsc-cse-2024-gs1-q060","paper-upsc-cse-2024-gs1","src-upsc-cse-portal","comp-verified-full","PRESERVE_AND_INDEX","COMMITTED","tx-batch-p10-001","2026-09-29T06:10:00Z","OFFICIAL_PYQ","VERIFIED",1,1
"q-upsc-cse-2024-gs1-q061","paper-upsc-cse-2024-gs1","src-upsc-cse-portal","comp-verified-full","PRESERVE_AND_INDEX","COMMITTED","tx-batch-p10-001","2026-09-29T06:10:00Z","OFFICIAL_PYQ","VERIFIED",1,1
"q-upsc-cse-2024-gs1-q062","paper-upsc-cse-2024-gs1","src-upsc-cse-portal","comp-verified-full","PRESERVE_AND_INDEX","COMMITTED","tx-batch-p10-001","2026-09-29T06:10:00Z","OFFICIAL_PYQ","VERIFIED",1,1
"q-upsc-cse-2024-gs1-q063","paper-upsc-cse-2024-gs1","src-upsc-cse-portal","comp-verified-full","PRESERVE_AND_INDEX","COMMITTED","tx-batch-p10-001","2026-09-29T06:10:00Z","OFFICIAL_PYQ","VERIFIED",1,1
"q-upsc-cse-2024-gs1-q064","paper-upsc-cse-2024-gs1","src-upsc-cse-portal","comp-verified-full","PRESERVE_AND_INDEX","COMMITTED","tx-batch-p10-001","2026-09-29T06:10:00Z","OFFICIAL_PYQ","VERIFIED",1,1
"q-upsc-cse-2024-gs1-q065","paper-upsc-cse-2024-gs1","src-upsc-cse-portal","comp-verified-full","PRESERVE_AND_INDEX","COMMITTED","tx-batch-p10-001","2026-09-29T06:10:00Z","OFFICIAL_PYQ","VERIFIED",1,1
"q-upsc-cse-2024-gs1-q066","paper-upsc-cse-2024-gs1","src-upsc-cse-portal","comp-verified-full","PRESERVE_AND_INDEX","COMMITTED","tx-batch-p10-001","2026-09-29T06:10:00Z","OFFICIAL_PYQ","VERIFIED",1,1
"q-upsc-cse-2024-gs1-q067","paper-upsc-cse-2024-gs1","src-upsc-cse-portal","comp-verified-full","PRESERVE_AND_INDEX","COMMITTED","tx-batch-p10-001","2026-09-29T06:10:00Z","OFFICIAL_PYQ","VERIFIED",1,1
"q-upsc-cse-2024-gs1-q068","paper-upsc-cse-2024-gs1","src-upsc-cse-portal","comp-verified-full","PRESERVE_AND_INDEX","COMMITTED","tx-batch-p10-001","2026-09-29T06:10:00Z","OFFICIAL_PYQ","VERIFIED",1,1
"q-upsc-cse-2024-gs1-q069","paper-upsc-cse-2024-gs1","src-upsc-cse-portal","comp-verified-full","PRESERVE_AND_INDEX","COMMITTED","tx-batch-p10-001","2026-09-29T06:10:00Z","OFFICIAL_PYQ","VERIFIED",1,1
"q-upsc-cse-2024-gs1-q070","paper-upsc-cse-2024-gs1","src-upsc-cse-portal","comp-verified-full","PRESERVE_AND_INDEX","COMMITTED","tx-batch-p10-001","2026-09-29T06:10:00Z","OFFICIAL_PYQ","VERIFIED",1,1
"q-upsc-cse-2024-gs1-q071","paper-upsc-cse-2024-gs1","src-upsc-cse-portal","comp-verified-full","PRESERVE_AND_INDEX","COMMITTED","tx-batch-p10-001","2026-09-29T06:10:00Z","OFFICIAL_PYQ","VERIFIED",1,1
"q-upsc-cse-2024-gs1-q072","paper-upsc-cse-2024-gs1","src-upsc-cse-portal","comp-verified-full","PRESERVE_AND_INDEX","COMMITTED","tx-batch-p10-001","2026-09-29T06:10:00Z","OFFICIAL_PYQ","VERIFIED",1,1
"q-upsc-cse-2024-gs1-q073","paper-upsc-cse-2024-gs1","src-upsc-cse-portal","comp-verified-full","PRESERVE_AND_INDEX","COMMITTED","tx-batch-p10-001","2026-09-29T06:10:00Z","OFFICIAL_PYQ","VERIFIED",1,1
"q-upsc-cse-2024-gs1-q074","paper-upsc-cse-2024-gs1","src-upsc-cse-portal","comp-verified-full","PRESERVE_AND_INDEX","COMMITTED","tx-batch-p10-001","2026-09-29T06:10:00Z","OFFICIAL_PYQ","VERIFIED",1,1
"q-upsc-cse-2024-gs1-q075","paper-upsc-cse-2024-gs1","src-upsc-cse-portal","comp-verified-full","PRESERVE_AND_INDEX","COMMITTED","tx-batch-p10-001","2026-09-29T06:10:00Z","OFFICIAL_PYQ","VERIFIED",1,1
"q-upsc-cse-2024-gs1-q076","paper-upsc-cse-2024-gs1","src-upsc-cse-portal","comp-verified-full","PRESERVE_AND_INDEX","COMMITTED","tx-batch-p10-001","2026-09-29T06:10:00Z","OFFICIAL_PYQ","VERIFIED",1,1
"q-upsc-cse-2024-gs1-q077","paper-upsc-cse-2024-gs1","src-upsc-cse-portal","comp-verified-full","PRESERVE_AND_INDEX","COMMITTED","tx-batch-p10-001","2026-09-29T06:10:00Z","OFFICIAL_PYQ","VERIFIED",1,1
"q-upsc-cse-2024-gs1-q078","paper-upsc-cse-2024-gs1","src-upsc-cse-portal","comp-verified-full","PRESERVE_AND_INDEX","COMMITTED","tx-batch-p10-001","2026-09-29T06:10:00Z","OFFICIAL_PYQ","VERIFIED",1,1
"q-upsc-cse-2024-gs1-q079","paper-upsc-cse-2024-gs1","src-upsc-cse-portal","comp-verified-full","PRESERVE_AND_INDEX","COMMITTED","tx-batch-p10-001","2026-09-29T06:10:00Z","OFFICIAL_PYQ","VERIFIED",1,1
"q-upsc-cse-2024-gs1-q080","paper-upsc-cse-2024-gs1","src-upsc-cse-portal","comp-verified-full","PRESERVE_AND_INDEX","COMMITTED","tx-batch-p10-001","2026-09-29T06:10:00Z","OFFICIAL_PYQ","VERIFIED",1,1
"q-upsc-cse-2024-gs1-q081","paper-upsc-cse-2024-gs1","src-upsc-cse-portal","comp-verified-full","PRESERVE_AND_INDEX","COMMITTED","tx-batch-p10-001","2026-09-29T06:10:00Z","OFFICIAL_PYQ","VERIFIED",1,1
"q-upsc-cse-2024-gs1-q082","paper-upsc-cse-2024-gs1","src-upsc-cse-portal","comp-verified-full","PRESERVE_AND_INDEX","COMMITTED","tx-batch-p10-001","2026-09-29T06:10:00Z","OFFICIAL_PYQ","VERIFIED",1,1
"q-upsc-cse-2024-gs1-q083","paper-upsc-cse-2024-gs1","src-upsc-cse-portal","comp-verified-full","PRESERVE_AND_INDEX","COMMITTED","tx-batch-p10-001","2026-09-29T06:10:00Z","OFFICIAL_PYQ","VERIFIED",1,1
"q-upsc-cse-2024-gs1-q084","paper-upsc-cse-2024-gs1","src-upsc-cse-portal","comp-verified-full","PRESERVE_AND_INDEX","COMMITTED","tx-batch-p10-001","2026-09-29T06:10:00Z","OFFICIAL_PYQ","VERIFIED",1,1
"q-upsc-cse-2024-gs1-q085","paper-upsc-cse-2024-gs1","src-upsc-cse-portal","comp-verified-full","PRESERVE_AND_INDEX","COMMITTED","tx-batch-p10-001","2026-09-29T06:10:00Z","OFFICIAL_PYQ","VERIFIED",1,1
"q-upsc-cse-2024-gs1-q086","paper-upsc-cse-2024-gs1","src-upsc-cse-portal","comp-verified-full","PRESERVE_AND_INDEX","COMMITTED","tx-batch-p10-001","2026-09-29T06:10:00Z","OFFICIAL_PYQ","VERIFIED",1,1
"q-upsc-cse-2024-gs1-q087","paper-upsc-cse-2024-gs1","src-upsc-cse-portal","comp-verified-full","PRESERVE_AND_INDEX","COMMITTED","tx-batch-p10-001","2026-09-29T06:10:00Z","OFFICIAL_PYQ","VERIFIED",1,1
"q-upsc-cse-2024-gs1-q088","paper-upsc-cse-2024-gs1","src-upsc-cse-portal","comp-verified-full","PRESERVE_AND_INDEX","COMMITTED","tx-batch-p10-001","2026-09-29T06:10:00Z","OFFICIAL_PYQ","VERIFIED",1,1
"q-upsc-cse-2024-gs1-q089","paper-upsc-cse-2024-gs1","src-upsc-cse-portal","comp-verified-full","PRESERVE_AND_INDEX","COMMITTED","tx-batch-p10-001","2026-09-29T06:10:00Z","OFFICIAL_PYQ","VERIFIED",1,1
"q-upsc-cse-2024-gs1-q090","paper-upsc-cse-2024-gs1","src-upsc-cse-portal","comp-verified-full","PRESERVE_AND_INDEX","COMMITTED","tx-batch-p10-001","2026-09-29T06:10:00Z","OFFICIAL_PYQ","VERIFIED",1,1
"q-upsc-cse-2024-gs1-q091","paper-upsc-cse-2024-gs1","src-upsc-cse-portal","comp-verified-full","PRESERVE_AND_INDEX","COMMITTED","tx-batch-p10-001","2026-09-29T06:10:00Z","OFFICIAL_PYQ","VERIFIED",1,1
"q-upsc-cse-2024-gs1-q092","paper-upsc-cse-2024-gs1","src-upsc-cse-portal","comp-verified-full","PRESERVE_AND_INDEX","COMMITTED","tx-batch-p10-001","2026-09-29T06:10:00Z","OFFICIAL_PYQ","VERIFIED",1,1
"q-upsc-cse-2024-gs1-q093","paper-upsc-cse-2024-gs1","src-upsc-cse-portal","comp-verified-full","PRESERVE_AND_INDEX","COMMITTED","tx-batch-p10-001","2026-09-29T06:10:00Z","OFFICIAL_PYQ","VERIFIED",1,1
"q-upsc-cse-2024-gs1-q094","paper-upsc-cse-2024-gs1","src-upsc-cse-portal","comp-verified-full","PRESERVE_AND_INDEX","COMMITTED","tx-batch-p10-001","2026-09-29T06:10:00Z","OFFICIAL_PYQ","VERIFIED",1,1
"q-upsc-cse-2024-gs1-q095","paper-upsc-cse-2024-gs1","src-upsc-cse-portal","comp-verified-full","PRESERVE_AND_INDEX","COMMITTED","tx-batch-p10-001","2026-09-29T06:10:00Z","OFFICIAL_PYQ","VERIFIED",1,1
"q-upsc-cse-2024-gs1-q096","paper-upsc-cse-2024-gs1","src-upsc-cse-portal","comp-verified-full","PRESERVE_AND_INDEX","COMMITTED","tx-batch-p10-001","2026-09-29T06:10:00Z","OFFICIAL_PYQ","VERIFIED",1,1
"q-upsc-cse-2024-gs1-q097","paper-upsc-cse-2024-gs1","src-upsc-cse-portal","comp-verified-full","PRESERVE_AND_INDEX","COMMITTED","tx-batch-p10-001","2026-09-29T06:10:00Z","OFFICIAL_PYQ","VERIFIED",1,1
"q-upsc-cse-2024-gs1-q098","paper-upsc-cse-2024-gs1","src-upsc-cse-portal","comp-verified-full","PRESERVE_AND_INDEX","COMMITTED","tx-batch-p10-001","2026-09-29T06:10:00Z","OFFICIAL_PYQ","VERIFIED",1,1
"q-upsc-cse-2024-gs1-q099","paper-upsc-cse-2024-gs1","src-upsc-cse-portal","comp-verified-full","PRESERVE_AND_INDEX","COMMITTED","tx-batch-p10-001","2026-09-29T06:10:00Z","OFFICIAL_PYQ","VERIFIED",1,1
"q-upsc-cse-2024-gs1-q100","paper-upsc-cse-2024-gs1","src-upsc-cse-portal","comp-verified-full","PRESERVE_AND_INDEX","COMMITTED","tx-batch-p10-001","2026-09-29T06:10:00Z","OFFICIAL_PYQ","VERIFIED",1,1
"q-ctet-2024-p1-cdp-q001","paper-ctet-2024-p1-cdp","src-ctet-exam-portal","comp-practice","PRESERVE_AND_INDEX","COMMITTED","tx-batch-p10-001","2026-09-29T06:10:00Z","OFFICIAL_PYQ","VERIFIED",1,0
"q-ctet-2024-p1-cdp-q002","paper-ctet-2024-p1-cdp","src-ctet-exam-portal","comp-practice","PRESERVE_AND_INDEX","COMMITTED","tx-batch-p10-001","2026-09-29T06:10:00Z","OFFICIAL_PYQ","VERIFIED",1,0
"q-ctet-2024-p1-cdp-q003","paper-ctet-2024-p1-cdp","src-ctet-exam-portal","comp-practice","PRESERVE_AND_INDEX","COMMITTED","tx-batch-p10-001","2026-09-29T06:10:00Z","OFFICIAL_PYQ","VERIFIED",1,0
"q-ctet-2024-p1-cdp-q004","paper-ctet-2024-p1-cdp","src-ctet-exam-portal","comp-practice","PRESERVE_AND_INDEX","COMMITTED","tx-batch-p10-001","2026-09-29T06:10:00Z","OFFICIAL_PYQ","VERIFIED",1,0
"q-ctet-2024-p1-cdp-q005","paper-ctet-2024-p1-cdp","src-ctet-exam-portal","comp-practice","PRESERVE_AND_INDEX","COMMITTED","tx-batch-p10-001","2026-09-29T06:10:00Z","OFFICIAL_PYQ","VERIFIED",1,0
"q-ctet-2024-p1-cdp-q006","paper-ctet-2024-p1-cdp","src-ctet-exam-portal","comp-practice","PRESERVE_AND_INDEX","COMMITTED","tx-batch-p10-001","2026-09-29T06:10:00Z","OFFICIAL_PYQ","VERIFIED",1,0
"q-ctet-2024-p1-cdp-q007","paper-ctet-2024-p1-cdp","src-ctet-exam-portal","comp-practice","PRESERVE_AND_INDEX","COMMITTED","tx-batch-p10-001","2026-09-29T06:10:00Z","OFFICIAL_PYQ","VERIFIED",1,0
"q-ctet-2024-p1-cdp-q008","paper-ctet-2024-p1-cdp","src-ctet-exam-portal","comp-practice","PRESERVE_AND_INDEX","COMMITTED","tx-batch-p10-001","2026-09-29T06:10:00Z","OFFICIAL_PYQ","VERIFIED",1,0
"q-ctet-2024-p1-cdp-q009","paper-ctet-2024-p1-cdp","src-ctet-exam-portal","comp-practice","PRESERVE_AND_INDEX","COMMITTED","tx-batch-p10-001","2026-09-29T06:10:00Z","OFFICIAL_PYQ","VERIFIED",1,0
"q-ctet-2024-p1-cdp-q010","paper-ctet-2024-p1-cdp","src-ctet-exam-portal","comp-practice","PRESERVE_AND_INDEX","COMMITTED","tx-batch-p10-001","2026-09-29T06:10:00Z","OFFICIAL_PYQ","VERIFIED",1,0
"q-ctet-2024-p1-cdp-q011","paper-ctet-2024-p1-cdp","src-ctet-exam-portal","comp-practice","PRESERVE_AND_INDEX","COMMITTED","tx-batch-p10-001","2026-09-29T06:10:00Z","OFFICIAL_PYQ","VERIFIED",1,0
"q-ctet-2024-p1-cdp-q012","paper-ctet-2024-p1-cdp","src-ctet-exam-portal","comp-practice","PRESERVE_AND_INDEX","COMMITTED","tx-batch-p10-001","2026-09-29T06:10:00Z","OFFICIAL_PYQ","VERIFIED",1,0
"q-ctet-2024-p1-cdp-q013","paper-ctet-2024-p1-cdp","src-ctet-exam-portal","comp-practice","PRESERVE_AND_INDEX","COMMITTED","tx-batch-p10-001","2026-09-29T06:10:00Z","OFFICIAL_PYQ","VERIFIED",1,0
"q-ctet-2024-p1-cdp-q014","paper-ctet-2024-p1-cdp","src-ctet-exam-portal","comp-practice","PRESERVE_AND_INDEX","COMMITTED","tx-batch-p10-001","2026-09-29T06:10:00Z","OFFICIAL_PYQ","VERIFIED",1,0
"q-ctet-2024-p1-cdp-q015","paper-ctet-2024-p1-cdp","src-ctet-exam-portal","comp-practice","PRESERVE_AND_INDEX","COMMITTED","tx-batch-p10-001","2026-09-29T06:10:00Z","OFFICIAL_PYQ","VERIFIED",1,0
"q-ctet-2024-p1-cdp-q016","paper-ctet-2024-p1-cdp","src-ctet-exam-portal","comp-practice","PRESERVE_AND_INDEX","COMMITTED","tx-batch-p10-001","2026-09-29T06:10:00Z","OFFICIAL_PYQ","VERIFIED",1,0
"q-ctet-2024-p1-cdp-q017","paper-ctet-2024-p1-cdp","src-ctet-exam-portal","comp-practice","PRESERVE_AND_INDEX","COMMITTED","tx-batch-p10-001","2026-09-29T06:10:00Z","OFFICIAL_PYQ","VERIFIED",1,0
"q-ctet-2024-p1-cdp-q018","paper-ctet-2024-p1-cdp","src-ctet-exam-portal","comp-practice","PRESERVE_AND_INDEX","COMMITTED","tx-batch-p10-001","2026-09-29T06:10:00Z","OFFICIAL_PYQ","VERIFIED",1,0
"q-ctet-2024-p1-cdp-q019","paper-ctet-2024-p1-cdp","src-ctet-exam-portal","comp-practice","PRESERVE_AND_INDEX","COMMITTED","tx-batch-p10-001","2026-09-29T06:10:00Z","OFFICIAL_PYQ","VERIFIED",1,0
"q-ctet-2024-p1-cdp-q020","paper-ctet-2024-p1-cdp","src-ctet-exam-portal","comp-practice","PRESERVE_AND_INDEX","COMMITTED","tx-batch-p10-001","2026-09-29T06:10:00Z","OFFICIAL_PYQ","VERIFIED",1,0
"q-ctet-2024-p1-cdp-q021","paper-ctet-2024-p1-cdp","src-ctet-exam-portal","comp-practice","PRESERVE_AND_INDEX","COMMITTED","tx-batch-p10-001","2026-09-29T06:10:00Z","OFFICIAL_PYQ","VERIFIED",1,0
"q-ctet-2024-p1-cdp-q022","paper-ctet-2024-p1-cdp","src-ctet-exam-portal","comp-practice","PRESERVE_AND_INDEX","COMMITTED","tx-batch-p10-001","2026-09-29T06:10:00Z","OFFICIAL_PYQ","VERIFIED",1,0
"q-ctet-2024-p1-cdp-q023","paper-ctet-2024-p1-cdp","src-ctet-exam-portal","comp-practice","PRESERVE_AND_INDEX","COMMITTED","tx-batch-p10-001","2026-09-29T06:10:00Z","OFFICIAL_PYQ","VERIFIED",1,0
"q-ctet-2024-p1-cdp-q024","paper-ctet-2024-p1-cdp","src-ctet-exam-portal","comp-practice","PRESERVE_AND_INDEX","COMMITTED","tx-batch-p10-001","2026-09-29T06:10:00Z","OFFICIAL_PYQ","VERIFIED",1,0
"q-ctet-2024-p1-cdp-q025","paper-ctet-2024-p1-cdp","src-ctet-exam-portal","comp-practice","PRESERVE_AND_INDEX","COMMITTED","tx-batch-p10-001","2026-09-29T06:10:00Z","OFFICIAL_PYQ","VERIFIED",1,0
"q-ctet-2024-p1-cdp-q026","paper-ctet-2024-p1-cdp","src-ctet-exam-portal","comp-practice","PRESERVE_AND_INDEX","COMMITTED","tx-batch-p10-001","2026-09-29T06:10:00Z","OFFICIAL_PYQ","VERIFIED",1,0
"q-ctet-2024-p1-cdp-q027","paper-ctet-2024-p1-cdp","src-ctet-exam-portal","comp-practice","PRESERVE_AND_INDEX","COMMITTED","tx-batch-p10-001","2026-09-29T06:10:00Z","OFFICIAL_PYQ","VERIFIED",1,0
"q-ctet-2024-p1-cdp-q028","paper-ctet-2024-p1-cdp","src-ctet-exam-portal","comp-practice","PRESERVE_AND_INDEX","COMMITTED","tx-batch-p10-001","2026-09-29T06:10:00Z","OFFICIAL_PYQ","VERIFIED",1,0
"q-ctet-2024-p1-cdp-q029","paper-ctet-2024-p1-cdp","src-ctet-exam-portal","comp-practice","PRESERVE_AND_INDEX","COMMITTED","tx-batch-p10-001","2026-09-29T06:10:00Z","OFFICIAL_PYQ","VERIFIED",1,0
"q-ctet-2024-p1-cdp-q030","paper-ctet-2024-p1-cdp","src-ctet-exam-portal","comp-practice","PRESERVE_AND_INDEX","COMMITTED","tx-batch-p10-001","2026-09-29T06:10:00Z","OFFICIAL_PYQ","VERIFIED",1,0
"q-rrb-ntpc-2024-cbt1-ga-q001","paper-rrb-ntpc-2024-cbt1-ga","src-rrb-ntpc-portal","comp-practice","PRESERVE_AND_INDEX","COMMITTED","tx-batch-p10-001","2026-09-29T06:10:00Z","OFFICIAL_PYQ","VERIFIED",1,0
"q-rrb-ntpc-2024-cbt1-ga-q002","paper-rrb-ntpc-2024-cbt1-ga","src-rrb-ntpc-portal","comp-practice","PRESERVE_AND_INDEX","COMMITTED","tx-batch-p10-001","2026-09-29T06:10:00Z","OFFICIAL_PYQ","VERIFIED",1,0
"q-rrb-ntpc-2024-cbt1-ga-q003","paper-rrb-ntpc-2024-cbt1-ga","src-rrb-ntpc-portal","comp-practice","PRESERVE_AND_INDEX","COMMITTED","tx-batch-p10-001","2026-09-29T06:10:00Z","OFFICIAL_PYQ","VERIFIED",1,0
"q-rrb-ntpc-2024-cbt1-ga-q004","paper-rrb-ntpc-2024-cbt1-ga","src-rrb-ntpc-portal","comp-practice","PRESERVE_AND_INDEX","COMMITTED","tx-batch-p10-001","2026-09-29T06:10:00Z","OFFICIAL_PYQ","VERIFIED",1,0
"q-rrb-ntpc-2024-cbt1-ga-q005","paper-rrb-ntpc-2024-cbt1-ga","src-rrb-ntpc-portal","comp-practice","PRESERVE_AND_INDEX","COMMITTED","tx-batch-p10-001","2026-09-29T06:10:00Z","OFFICIAL_PYQ","VERIFIED",1,0
"q-rrb-ntpc-2024-cbt1-ga-q006","paper-rrb-ntpc-2024-cbt1-ga","src-rrb-ntpc-portal","comp-practice","PRESERVE_AND_INDEX","COMMITTED","tx-batch-p10-001","2026-09-29T06:10:00Z","OFFICIAL_PYQ","VERIFIED",1,0
"q-rrb-ntpc-2024-cbt1-ga-q007","paper-rrb-ntpc-2024-cbt1-ga","src-rrb-ntpc-portal","comp-practice","PRESERVE_AND_INDEX","COMMITTED","tx-batch-p10-001","2026-09-29T06:10:00Z","OFFICIAL_PYQ","VERIFIED",1,0
"q-rrb-ntpc-2024-cbt1-ga-q008","paper-rrb-ntpc-2024-cbt1-ga","src-rrb-ntpc-portal","comp-practice","PRESERVE_AND_INDEX","COMMITTED","tx-batch-p10-001","2026-09-29T06:10:00Z","OFFICIAL_PYQ","VERIFIED",1,0
"q-rrb-ntpc-2024-cbt1-ga-q009","paper-rrb-ntpc-2024-cbt1-ga","src-rrb-ntpc-portal","comp-practice","PRESERVE_AND_INDEX","COMMITTED","tx-batch-p10-001","2026-09-29T06:10:00Z","OFFICIAL_PYQ","VERIFIED",1,0
"q-rrb-ntpc-2024-cbt1-ga-q010","paper-rrb-ntpc-2024-cbt1-ga","src-rrb-ntpc-portal","comp-practice","PRESERVE_AND_INDEX","COMMITTED","tx-batch-p10-001","2026-09-29T06:10:00Z","OFFICIAL_PYQ","VERIFIED",1,0
"q-rrb-ntpc-2024-cbt1-ga-q011","paper-rrb-ntpc-2024-cbt1-ga","src-rrb-ntpc-portal","comp-practice","PRESERVE_AND_INDEX","COMMITTED","tx-batch-p10-001","2026-09-29T06:10:00Z","OFFICIAL_PYQ","VERIFIED",1,0
"q-rrb-ntpc-2024-cbt1-ga-q012","paper-rrb-ntpc-2024-cbt1-ga","src-rrb-ntpc-portal","comp-practice","PRESERVE_AND_INDEX","COMMITTED","tx-batch-p10-001","2026-09-29T06:10:00Z","OFFICIAL_PYQ","VERIFIED",1,0
"q-rrb-ntpc-2024-cbt1-ga-q013","paper-rrb-ntpc-2024-cbt1-ga","src-rrb-ntpc-portal","comp-practice","PRESERVE_AND_INDEX","COMMITTED","tx-batch-p10-001","2026-09-29T06:10:00Z","OFFICIAL_PYQ","VERIFIED",1,0
"q-rrb-ntpc-2024-cbt1-ga-q014","paper-rrb-ntpc-2024-cbt1-ga","src-rrb-ntpc-portal","comp-practice","PRESERVE_AND_INDEX","COMMITTED","tx-batch-p10-001","2026-09-29T06:10:00Z","OFFICIAL_PYQ","VERIFIED",1,0
"q-rrb-ntpc-2024-cbt1-ga-q015","paper-rrb-ntpc-2024-cbt1-ga","src-rrb-ntpc-portal","comp-practice","PRESERVE_AND_INDEX","COMMITTED","tx-batch-p10-001","2026-09-29T06:10:00Z","OFFICIAL_PYQ","VERIFIED",1,0
"q-rrb-ntpc-2024-cbt1-ga-q016","paper-rrb-ntpc-2024-cbt1-ga","src-rrb-ntpc-portal","comp-practice","PRESERVE_AND_INDEX","COMMITTED","tx-batch-p10-001","2026-09-29T06:10:00Z","OFFICIAL_PYQ","VERIFIED",1,0
"q-rrb-ntpc-2024-cbt1-ga-q017","paper-rrb-ntpc-2024-cbt1-ga","src-rrb-ntpc-portal","comp-practice","PRESERVE_AND_INDEX","COMMITTED","tx-batch-p10-001","2026-09-29T06:10:00Z","OFFICIAL_PYQ","VERIFIED",1,0
"q-rrb-ntpc-2024-cbt1-ga-q018","paper-rrb-ntpc-2024-cbt1-ga","src-rrb-ntpc-portal","comp-practice","PRESERVE_AND_INDEX","COMMITTED","tx-batch-p10-001","2026-09-29T06:10:00Z","OFFICIAL_PYQ","VERIFIED",1,0
"q-rrb-ntpc-2024-cbt1-ga-q019","paper-rrb-ntpc-2024-cbt1-ga","src-rrb-ntpc-portal","comp-practice","PRESERVE_AND_INDEX","COMMITTED","tx-batch-p10-001","2026-09-29T06:10:00Z","OFFICIAL_PYQ","VERIFIED",1,0
"q-rrb-ntpc-2024-cbt1-ga-q020","paper-rrb-ntpc-2024-cbt1-ga","src-rrb-ntpc-portal","comp-practice","PRESERVE_AND_INDEX","COMMITTED","tx-batch-p10-001","2026-09-29T06:10:00Z","OFFICIAL_PYQ","VERIFIED",1,0
"q-rrb-ntpc-2024-cbt1-ga-q021","paper-rrb-ntpc-2024-cbt1-ga","src-rrb-ntpc-portal","comp-practice","PRESERVE_AND_INDEX","COMMITTED","tx-batch-p10-001","2026-09-29T06:10:00Z","OFFICIAL_PYQ","VERIFIED",1,0
"q-rrb-ntpc-2024-cbt1-ga-q022","paper-rrb-ntpc-2024-cbt1-ga","src-rrb-ntpc-portal","comp-practice","PRESERVE_AND_INDEX","COMMITTED","tx-batch-p10-001","2026-09-29T06:10:00Z","OFFICIAL_PYQ","VERIFIED",1,0
"q-rrb-ntpc-2024-cbt1-ga-q023","paper-rrb-ntpc-2024-cbt1-ga","src-rrb-ntpc-portal","comp-practice","PRESERVE_AND_INDEX","COMMITTED","tx-batch-p10-001","2026-09-29T06:10:00Z","OFFICIAL_PYQ","VERIFIED",1,0
"q-rrb-ntpc-2024-cbt1-ga-q024","paper-rrb-ntpc-2024-cbt1-ga","src-rrb-ntpc-portal","comp-practice","PRESERVE_AND_INDEX","COMMITTED","tx-batch-p10-001","2026-09-29T06:10:00Z","OFFICIAL_PYQ","VERIFIED",1,0
"q-rrb-ntpc-2024-cbt1-ga-q025","paper-rrb-ntpc-2024-cbt1-ga","src-rrb-ntpc-portal","comp-practice","PRESERVE_AND_INDEX","COMMITTED","tx-batch-p10-001","2026-09-29T06:10:00Z","OFFICIAL_PYQ","VERIFIED",1,0
"q-rrb-ntpc-2024-cbt1-ga-q026","paper-rrb-ntpc-2024-cbt1-ga","src-rrb-ntpc-portal","comp-practice","PRESERVE_AND_INDEX","COMMITTED","tx-batch-p10-001","2026-09-29T06:10:00Z","OFFICIAL_PYQ","VERIFIED",1,0
"q-rrb-ntpc-2024-cbt1-ga-q027","paper-rrb-ntpc-2024-cbt1-ga","src-rrb-ntpc-portal","comp-practice","PRESERVE_AND_INDEX","COMMITTED","tx-batch-p10-001","2026-09-29T06:10:00Z","OFFICIAL_PYQ","VERIFIED",1,0
"q-rrb-ntpc-2024-cbt1-ga-q028","paper-rrb-ntpc-2024-cbt1-ga","src-rrb-ntpc-portal","comp-practice","PRESERVE_AND_INDEX","COMMITTED","tx-batch-p10-001","2026-09-29T06:10:00Z","OFFICIAL_PYQ","VERIFIED",1,0
"q-rrb-ntpc-2024-cbt1-ga-q029","paper-rrb-ntpc-2024-cbt1-ga","src-rrb-ntpc-portal","comp-practice","PRESERVE_AND_INDEX","COMMITTED","tx-batch-p10-001","2026-09-29T06:10:00Z","OFFICIAL_PYQ","VERIFIED",1,0
"q-rrb-ntpc-2024-cbt1-ga-q030","paper-rrb-ntpc-2024-cbt1-ga","src-rrb-ntpc-portal","comp-practice","PRESERVE_AND_INDEX","COMMITTED","tx-batch-p10-001","2026-09-29T06:10:00Z","OFFICIAL_PYQ","VERIFIED",1,0
"q-upp-constable-2024-s2-gk-q001","paper-upp-constable-2024-s2-gk","src-up-police-constable-portal","comp-practice","PRESERVE_AND_INDEX","COMMITTED","tx-batch-p10-001","2026-09-29T06:10:00Z","OFFICIAL_PYQ","VERIFIED",1,0
"q-upp-constable-2024-s2-gk-q002","paper-upp-constable-2024-s2-gk","src-up-police-constable-portal","comp-practice","PRESERVE_AND_INDEX","COMMITTED","tx-batch-p10-001","2026-09-29T06:10:00Z","OFFICIAL_PYQ","VERIFIED",1,0
"q-upp-constable-2024-s2-gk-q003","paper-upp-constable-2024-s2-gk","src-up-police-constable-portal","comp-practice","PRESERVE_AND_INDEX","COMMITTED","tx-batch-p10-001","2026-09-29T06:10:00Z","OFFICIAL_PYQ","VERIFIED",1,0
"q-upp-constable-2024-s2-gk-q004","paper-upp-constable-2024-s2-gk","src-up-police-constable-portal","comp-practice","PRESERVE_AND_INDEX","COMMITTED","tx-batch-p10-001","2026-09-29T06:10:00Z","OFFICIAL_PYQ","VERIFIED",1,0
"q-upp-constable-2024-s2-gk-q005","paper-upp-constable-2024-s2-gk","src-up-police-constable-portal","comp-practice","PRESERVE_AND_INDEX","COMMITTED","tx-batch-p10-001","2026-09-29T06:10:00Z","OFFICIAL_PYQ","VERIFIED",1,0
"q-upp-constable-2024-s2-gk-q006","paper-upp-constable-2024-s2-gk","src-up-police-constable-portal","comp-practice","PRESERVE_AND_INDEX","COMMITTED","tx-batch-p10-001","2026-09-29T06:10:00Z","OFFICIAL_PYQ","VERIFIED",1,0
"q-upp-constable-2024-s2-gk-q007","paper-upp-constable-2024-s2-gk","src-up-police-constable-portal","comp-practice","PRESERVE_AND_INDEX","COMMITTED","tx-batch-p10-001","2026-09-29T06:10:00Z","OFFICIAL_PYQ","VERIFIED",1,0
"q-upp-constable-2024-s2-gk-q008","paper-upp-constable-2024-s2-gk","src-up-police-constable-portal","comp-practice","PRESERVE_AND_INDEX","COMMITTED","tx-batch-p10-001","2026-09-29T06:10:00Z","OFFICIAL_PYQ","VERIFIED",1,0
"q-upp-constable-2024-s2-gk-q009","paper-upp-constable-2024-s2-gk","src-up-police-constable-portal","comp-practice","PRESERVE_AND_INDEX","COMMITTED","tx-batch-p10-001","2026-09-29T06:10:00Z","OFFICIAL_PYQ","VERIFIED",1,0
"q-upp-constable-2024-s2-gk-q010","paper-upp-constable-2024-s2-gk","src-up-police-constable-portal","comp-practice","PRESERVE_AND_INDEX","COMMITTED","tx-batch-p10-001","2026-09-29T06:10:00Z","OFFICIAL_PYQ","VERIFIED",1,0
"q-upp-constable-2024-s2-gk-q011","paper-upp-constable-2024-s2-gk","src-up-police-constable-portal","comp-practice","PRESERVE_AND_INDEX","COMMITTED","tx-batch-p10-001","2026-09-29T06:10:00Z","OFFICIAL_PYQ","VERIFIED",1,0
"q-upp-constable-2024-s2-gk-q012","paper-upp-constable-2024-s2-gk","src-up-police-constable-portal","comp-practice","PRESERVE_AND_INDEX","COMMITTED","tx-batch-p10-001","2026-09-29T06:10:00Z","OFFICIAL_PYQ","VERIFIED",1,0
"q-upp-constable-2024-s2-gk-q013","paper-upp-constable-2024-s2-gk","src-up-police-constable-portal","comp-practice","PRESERVE_AND_INDEX","COMMITTED","tx-batch-p10-001","2026-09-29T06:10:00Z","OFFICIAL_PYQ","VERIFIED",1,0
"q-upp-constable-2024-s2-gk-q014","paper-upp-constable-2024-s2-gk","src-up-police-constable-portal","comp-practice","PRESERVE_AND_INDEX","COMMITTED","tx-batch-p10-001","2026-09-29T06:10:00Z","OFFICIAL_PYQ","VERIFIED",1,0
"q-upp-constable-2024-s2-gk-q015","paper-upp-constable-2024-s2-gk","src-up-police-constable-portal","comp-practice","PRESERVE_AND_INDEX","COMMITTED","tx-batch-p10-001","2026-09-29T06:10:00Z","OFFICIAL_PYQ","VERIFIED",1,0
"q-upp-constable-2024-s2-gk-q016","paper-upp-constable-2024-s2-gk","src-up-police-constable-portal","comp-practice","PRESERVE_AND_INDEX","COMMITTED","tx-batch-p10-001","2026-09-29T06:10:00Z","OFFICIAL_PYQ","VERIFIED",1,0
"q-upp-constable-2024-s2-gk-q017","paper-upp-constable-2024-s2-gk","src-up-police-constable-portal","comp-practice","PRESERVE_AND_INDEX","COMMITTED","tx-batch-p10-001","2026-09-29T06:10:00Z","OFFICIAL_PYQ","VERIFIED",1,0
"q-upp-constable-2024-s2-gk-q018","paper-upp-constable-2024-s2-gk","src-up-police-constable-portal","comp-practice","PRESERVE_AND_INDEX","COMMITTED","tx-batch-p10-001","2026-09-29T06:10:00Z","OFFICIAL_PYQ","VERIFIED",1,0
"q-upp-constable-2024-s2-gk-q019","paper-upp-constable-2024-s2-gk","src-up-police-constable-portal","comp-practice","PRESERVE_AND_INDEX","COMMITTED","tx-batch-p10-001","2026-09-29T06:10:00Z","OFFICIAL_PYQ","VERIFIED",1,0
"q-upp-constable-2024-s2-gk-q020","paper-upp-constable-2024-s2-gk","src-up-police-constable-portal","comp-practice","PRESERVE_AND_INDEX","COMMITTED","tx-batch-p10-001","2026-09-29T06:10:00Z","OFFICIAL_PYQ","VERIFIED",1,0
"q-upp-constable-2024-s2-gk-q021","paper-upp-constable-2024-s2-gk","src-up-police-constable-portal","comp-practice","PRESERVE_AND_INDEX","COMMITTED","tx-batch-p10-001","2026-09-29T06:10:00Z","OFFICIAL_PYQ","VERIFIED",1,0
"q-upp-constable-2024-s2-gk-q022","paper-upp-constable-2024-s2-gk","src-up-police-constable-portal","comp-practice","PRESERVE_AND_INDEX","COMMITTED","tx-batch-p10-001","2026-09-29T06:10:00Z","OFFICIAL_PYQ","VERIFIED",1,0
"q-upp-constable-2024-s2-gk-q023","paper-upp-constable-2024-s2-gk","src-up-police-constable-portal","comp-practice","PRESERVE_AND_INDEX","COMMITTED","tx-batch-p10-001","2026-09-29T06:10:00Z","OFFICIAL_PYQ","VERIFIED",1,0
"q-upp-constable-2024-s2-gk-q024","paper-upp-constable-2024-s2-gk","src-up-police-constable-portal","comp-practice","PRESERVE_AND_INDEX","COMMITTED","tx-batch-p10-001","2026-09-29T06:10:00Z","OFFICIAL_PYQ","VERIFIED",1,0
"q-upp-constable-2024-s2-gk-q025","paper-upp-constable-2024-s2-gk","src-up-police-constable-portal","comp-practice","PRESERVE_AND_INDEX","COMMITTED","tx-batch-p10-001","2026-09-29T06:10:00Z","OFFICIAL_PYQ","VERIFIED",1,0
"q-upp-constable-2024-s2-gk-q026","paper-upp-constable-2024-s2-gk","src-up-police-constable-portal","comp-practice","PRESERVE_AND_INDEX","COMMITTED","tx-batch-p10-001","2026-09-29T06:10:00Z","OFFICIAL_PYQ","VERIFIED",1,0
"q-upp-constable-2024-s2-gk-q027","paper-upp-constable-2024-s2-gk","src-up-police-constable-portal","comp-practice","PRESERVE_AND_INDEX","COMMITTED","tx-batch-p10-001","2026-09-29T06:10:00Z","OFFICIAL_PYQ","VERIFIED",1,0
"q-upp-constable-2024-s2-gk-q028","paper-upp-constable-2024-s2-gk","src-up-police-constable-portal","comp-practice","PRESERVE_AND_INDEX","COMMITTED","tx-batch-p10-001","2026-09-29T06:10:00Z","OFFICIAL_PYQ","VERIFIED",1,0
"q-upp-constable-2024-s2-gk-q029","paper-upp-constable-2024-s2-gk","src-up-police-constable-portal","comp-practice","PRESERVE_AND_INDEX","COMMITTED","tx-batch-p10-001","2026-09-29T06:10:00Z","OFFICIAL_PYQ","VERIFIED",1,0
"q-upp-constable-2024-s2-gk-q030","paper-upp-constable-2024-s2-gk","src-up-police-constable-portal","comp-practice","PRESERVE_AND_INDEX","COMMITTED","tx-batch-p10-001","2026-09-29T06:10:00Z","OFFICIAL_PYQ","VERIFIED",1,0
"q-upp-constable-2024-s2-gk-q031","paper-upp-constable-2024-s2-gk","src-up-police-constable-portal","comp-practice","PRESERVE_AND_INDEX","COMMITTED","tx-batch-p10-001","2026-09-29T06:10:00Z","OFFICIAL_PYQ","VERIFIED",1,0
"q-upp-constable-2024-s2-gk-q032","paper-upp-constable-2024-s2-gk","src-up-police-constable-portal","comp-practice","PRESERVE_AND_INDEX","COMMITTED","tx-batch-p10-001","2026-09-29T06:10:00Z","OFFICIAL_PYQ","VERIFIED",1,0
"q-upp-constable-2024-s2-gk-q033","paper-upp-constable-2024-s2-gk","src-up-police-constable-portal","comp-practice","PRESERVE_AND_INDEX","COMMITTED","tx-batch-p10-001","2026-09-29T06:10:00Z","OFFICIAL_PYQ","VERIFIED",1,0
"q-upp-constable-2024-s2-gk-q034","paper-upp-constable-2024-s2-gk","src-up-police-constable-portal","comp-practice","PRESERVE_AND_INDEX","COMMITTED","tx-batch-p10-001","2026-09-29T06:10:00Z","OFFICIAL_PYQ","VERIFIED",1,0
"q-upp-constable-2024-s2-gk-q035","paper-upp-constable-2024-s2-gk","src-up-police-constable-portal","comp-practice","PRESERVE_AND_INDEX","COMMITTED","tx-batch-p10-001","2026-09-29T06:10:00Z","OFFICIAL_PYQ","VERIFIED",1,0
"q-upp-constable-2024-s2-gk-q036","paper-upp-constable-2024-s2-gk","src-up-police-constable-portal","comp-practice","PRESERVE_AND_INDEX","COMMITTED","tx-batch-p10-001","2026-09-29T06:10:00Z","OFFICIAL_PYQ","VERIFIED",1,0
"q-upp-constable-2024-s2-gk-q037","paper-upp-constable-2024-s2-gk","src-up-police-constable-portal","comp-practice","PRESERVE_AND_INDEX","COMMITTED","tx-batch-p10-001","2026-09-29T06:10:00Z","OFFICIAL_PYQ","VERIFIED",1,0
"q-upp-constable-2024-s2-gk-q038","paper-upp-constable-2024-s2-gk","src-up-police-constable-portal","comp-practice","PRESERVE_AND_INDEX","COMMITTED","tx-batch-p10-001","2026-09-29T06:10:00Z","OFFICIAL_PYQ","VERIFIED",1,0
"q-cbse-10-sci-2025-sp-q001","paper-cbse-10-sci-2025-sp","src-cbse-board-portal","comp-practice","PRESERVE_AND_INDEX","COMMITTED","tx-batch-p10-001","2026-09-29T06:10:00Z","OFFICIAL_SAMPLE","VERIFIED",1,0
"q-cbse-10-sci-2025-sp-q002","paper-cbse-10-sci-2025-sp","src-cbse-board-portal","comp-practice","PRESERVE_AND_INDEX","COMMITTED","tx-batch-p10-001","2026-09-29T06:10:00Z","OFFICIAL_SAMPLE","VERIFIED",1,0
"q-cbse-10-sci-2025-sp-q003","paper-cbse-10-sci-2025-sp","src-cbse-board-portal","comp-practice","PRESERVE_AND_INDEX","COMMITTED","tx-batch-p10-001","2026-09-29T06:10:00Z","OFFICIAL_SAMPLE","VERIFIED",1,0
"q-cbse-10-sci-2025-sp-q004","paper-cbse-10-sci-2025-sp","src-cbse-board-portal","comp-practice","PRESERVE_AND_INDEX","COMMITTED","tx-batch-p10-001","2026-09-29T06:10:00Z","OFFICIAL_SAMPLE","VERIFIED",1,0
"q-cbse-10-sci-2025-sp-q005","paper-cbse-10-sci-2025-sp","src-cbse-board-portal","comp-practice","PRESERVE_AND_INDEX","COMMITTED","tx-batch-p10-001","2026-09-29T06:10:00Z","OFFICIAL_SAMPLE","VERIFIED",1,0
"q-cbse-10-sci-2025-sp-q006","paper-cbse-10-sci-2025-sp","src-cbse-board-portal","comp-practice","PRESERVE_AND_INDEX","COMMITTED","tx-batch-p10-001","2026-09-29T06:10:00Z","OFFICIAL_SAMPLE","VERIFIED",1,0
"q-cbse-10-sci-2025-sp-q007","paper-cbse-10-sci-2025-sp","src-cbse-board-portal","comp-practice","PRESERVE_AND_INDEX","COMMITTED","tx-batch-p10-001","2026-09-29T06:10:00Z","OFFICIAL_SAMPLE","VERIFIED",1,0
"q-cbse-10-sci-2025-sp-q008","paper-cbse-10-sci-2025-sp","src-cbse-board-portal","comp-practice","PRESERVE_AND_INDEX","COMMITTED","tx-batch-p10-001","2026-09-29T06:10:00Z","OFFICIAL_SAMPLE","VERIFIED",1,0
"q-cbse-10-sci-2025-sp-q009","paper-cbse-10-sci-2025-sp","src-cbse-board-portal","comp-practice","PRESERVE_AND_INDEX","COMMITTED","tx-batch-p10-001","2026-09-29T06:10:00Z","OFFICIAL_SAMPLE","VERIFIED",1,0
"q-cbse-10-sci-2025-sp-q010","paper-cbse-10-sci-2025-sp","src-cbse-board-portal","comp-practice","PRESERVE_AND_INDEX","COMMITTED","tx-batch-p10-001","2026-09-29T06:10:00Z","OFFICIAL_SAMPLE","VERIFIED",1,0
"q-cbse-10-sci-2025-sp-q011","paper-cbse-10-sci-2025-sp","src-cbse-board-portal","comp-practice","PRESERVE_AND_INDEX","COMMITTED","tx-batch-p10-001","2026-09-29T06:10:00Z","OFFICIAL_SAMPLE","VERIFIED",1,0
"q-cbse-10-sci-2025-sp-q012","paper-cbse-10-sci-2025-sp","src-cbse-board-portal","comp-practice","PRESERVE_AND_INDEX","COMMITTED","tx-batch-p10-001","2026-09-29T06:10:00Z","OFFICIAL_SAMPLE","VERIFIED",1,0
"q-cbse-10-sci-2025-sp-q013","paper-cbse-10-sci-2025-sp","src-cbse-board-portal","comp-practice","PRESERVE_AND_INDEX","COMMITTED","tx-batch-p10-001","2026-09-29T06:10:00Z","OFFICIAL_SAMPLE","VERIFIED",1,0
"q-cbse-10-sci-2025-sp-q014","paper-cbse-10-sci-2025-sp","src-cbse-board-portal","comp-practice","PRESERVE_AND_INDEX","COMMITTED","tx-batch-p10-001","2026-09-29T06:10:00Z","OFFICIAL_SAMPLE","VERIFIED",1,0
"q-cbse-10-sci-2025-sp-q015","paper-cbse-10-sci-2025-sp","src-cbse-board-portal","comp-practice","PRESERVE_AND_INDEX","COMMITTED","tx-batch-p10-001","2026-09-29T06:10:00Z","OFFICIAL_SAMPLE","VERIFIED",1,0
"q-cbse-10-sci-2025-sp-q016","paper-cbse-10-sci-2025-sp","src-cbse-board-portal","comp-practice","PRESERVE_AND_INDEX","COMMITTED","tx-batch-p10-001","2026-09-29T06:10:00Z","OFFICIAL_SAMPLE","VERIFIED",1,0
"q-cbse-10-sci-2025-sp-q017","paper-cbse-10-sci-2025-sp","src-cbse-board-portal","comp-practice","PRESERVE_AND_INDEX","COMMITTED","tx-batch-p10-001","2026-09-29T06:10:00Z","OFFICIAL_SAMPLE","VERIFIED",1,0
"q-cbse-10-sci-2025-sp-q018","paper-cbse-10-sci-2025-sp","src-cbse-board-portal","comp-practice","PRESERVE_AND_INDEX","COMMITTED","tx-batch-p10-001","2026-09-29T06:10:00Z","OFFICIAL_SAMPLE","VERIFIED",1,0
"q-cbse-10-sci-2025-sp-q019","paper-cbse-10-sci-2025-sp","src-cbse-board-portal","comp-practice","PRESERVE_AND_INDEX","COMMITTED","tx-batch-p10-001","2026-09-29T06:10:00Z","OFFICIAL_SAMPLE","VERIFIED",1,0
"q-cbse-10-sci-2025-sp-q020","paper-cbse-10-sci-2025-sp","src-cbse-board-portal","comp-practice","PRESERVE_AND_INDEX","COMMITTED","tx-batch-p10-001","2026-09-29T06:10:00Z","OFFICIAL_SAMPLE","VERIFIED",1,0