questionId,paperId,artifactId,questionNumber,examYear,stage,shift,setCode,componentId,subject,section,questionType,marks,negativeMarks,language,medium,provenance,extractionStatus,verificationStatus,fullExamEligible,practiceEligible
"q-hy-hi-0001","paper-general-curated","src-curated-archive",1,"2026","Tier-1","Shift 1","Set A","comp-practice","subj-hindi","Main Section","single_mcq",1,0.25,"hi,en","Bilingual","HUMAN_CURATED","CLEAN","VERIFIED",0,1
"q-hy-hi-0002","paper-general-curated","src-curated-archive",2,"2026","Tier-1","Shift 1","Set A","comp-practice","subj-hindi","Main Section","single_mcq",1,0.25,"hi,en","Bilingual","HUMAN_CURATED","CLEAN","VERIFIED",0,1
"q-hy-hi-0003","paper-general-curated","src-curated-archive",3,"2026","Tier-1","Shift 1","Set A","comp-practice","subj-hindi","Main Section","single_mcq",1,0.25,"hi,en","Bilingual","HUMAN_CURATED","CLEAN","VERIFIED",0,1
"q-hy-hi-0004","paper-general-curated","src-curated-archive",4,"2026","Tier-1","Shift 1","Set A","comp-practice","subj-hindi","Main Section","single_mcq",1,0.25,"hi,en","Bilingual","HUMAN_CURATED","CLEAN","VERIFIED",0,1
"q-hy-hi-0005","paper-general-curated","src-curated-archive",5,"2026","Tier-1","Shift 1","Set A","comp-practice","subj-hindi","Main Section","single_mcq",1,0.25,"hi,en","Bilingual","HUMAN_CURATED","CLEAN","VERIFIED",0,1
"q-hy-hi-0006","paper-general-curated","src-curated-archive",6,"2026","Tier-1","Shift 1","Set A","comp-practice","subj-hindi","Main Section","single_mcq",1,0.25,"hi,en","Bilingual","HUMAN_CURATED","CLEAN","VERIFIED",0,1
"q-hy-hi-0007","paper-general-curated","src-curated-archive",7,"2026","Tier-1","Shift 1","Set A","comp-practice","subj-hindi","Main Section","single_mcq",1,0.25,"hi,en","Bilingual","HUMAN_CURATED","CLEAN","VERIFIED",0,1
"q-hy-hi-0008","paper-general-curated","src-curated-archive",8,"2026","Tier-1","Shift 1","Set A","comp-practice","subj-hindi","Main Section","single_mcq",1,0.25,"hi,en","Bilingual","HUMAN_CURATED","CLEAN","VERIFIED",0,1
"q-hy-hi-0009","paper-general-curated","src-curated-archive",9,"2026","Tier-1","Shift 1","Set A","comp-practice","subj-hindi","Main Section","single_mcq",1,0.25,"hi,en","Bilingual","HUMAN_CURATED","CLEAN","VERIFIED",0,1
"q-hy-hi-0010","paper-general-curated","src-curated-archive",10,"2026","Tier-1","Shift 1","Set A","comp-practice","subj-hindi","Main Section","single_mcq",1,0.25,"hi,en","Bilingual","HUMAN_CURATED","CLEAN","VERIFIED",0,1
"q-hy-hi-0011","paper-general-curated","src-curated-archive",11,"2026","Tier-1","Shift 1","Set A","comp-practice","subj-hindi","Main Section","single_mcq",1,0.25,"hi,en","Bilingual","HUMAN_CURATED","CLEAN","VERIFIED",0,1
"q-hy-hi-0012","paper-general-curated","src-curated-archive",12,"2026","Tier-1","Shift 1","Set A","comp-practice","subj-hindi","Main Section","single_mcq",1,0.25,"hi,en","Bilingual","HUMAN_CURATED","CLEAN","VERIFIED",0,1
"q-hy-hi-0013","paper-general-curated","src-curated-archive",13,"2026","Tier-1","Shift 1","Set A","comp-practice","subj-hindi","Main Section","single_mcq",1,0.25,"hi,en","Bilingual","HUMAN_CURATED","CLEAN","VERIFIED",0,1
"q-hy-hi-0014","paper-general-curated","src-curated-archive",14,"2026","Tier-1","Shift 1","Set A","comp-practice","subj-hindi","Main Section","single_mcq",1,0.25,"hi,en","Bilingual","HUMAN_CURATED","CLEAN","VERIFIED",0,1
"q-hy-hi-0015","paper-general-curated","src-curated-archive",15,"2026","Tier-1","Shift 1","Set A","comp-practice","subj-hindi","Main Section","single_mcq",1,0.25,"hi,en","Bilingual","HUMAN_CURATED","CLEAN","VERIFIED",0,1
"q-hy-hi-0016","paper-general-curated","src-curated-archive",16,"2026","Tier-1","Shift 1","Set A","comp-practice","subj-hindi","Main Section","single_mcq",1,0.25,"hi,en","Bilingual","HUMAN_CURATED","CLEAN","VERIFIED",0,1
"q-hy-hi-0017","paper-general-curated","src-curated-archive",17,"2026","Tier-1","Shift 1","Set A","comp-practice","subj-hindi","Main Section","single_mcq",1,0.25,"hi,en","Bilingual","HUMAN_CURATED","CLEAN","VERIFIED",0,1
"q-hy-hi-0018","paper-general-curated","src-curated-archive",18,"2026","Tier-1","Shift 1","Set A","comp-practice","subj-hindi","Main Section","single_mcq",1,0.25,"hi,en","Bilingual","HUMAN_CURATED","CLEAN","VERIFIED",0,1
"q-hy-hi-0019","paper-general-curated","src-curated-archive",19,"2026","Tier-1","Shift 1","Set A","comp-practice","subj-hindi","Main Section","single_mcq",1,0.25,"hi,en","Bilingual","HUMAN_CURATED","CLEAN","VERIFIED",0,1
"q-hy-hi-0020","paper-general-curated","src-curated-archive",20,"2026","Tier-1","Shift 1","Set A","comp-practice","subj-hindi","Main Section","single_mcq",1,0.25,"hi,en","Bilingual","HUMAN_CURATED","CLEAN","VERIFIED",0,1
"q-hy-hi-0021","paper-general-curated","src-curated-archive",21,"2026","Tier-1","Shift 1","Set A","comp-practice","subj-hindi","Main Section","single_mcq",1,0.25,"hi,en","Bilingual","HUMAN_CURATED","CLEAN","VERIFIED",0,1
"q-hy-hi-0022","paper-general-curated","src-curated-archive",22,"2026","Tier-1","Shift 1","Set A","comp-practice","subj-hindi","Main Section","single_mcq",1,0.25,"hi,en","Bilingual","HUMAN_CURATED","CLEAN","VERIFIED",0,1
"q-hy-hi-0023","paper-general-curated","src-curated-archive",23,"2026","Tier-1","Shift 1","Set A","comp-practice","subj-hindi","Main Section","single_mcq",1,0.25,"hi,en","Bilingual","HUMAN_CURATED","CLEAN","VERIFIED",0,1
"q-hy-hi-0024","paper-general-curated","src-curated-archive",24,"2026","Tier-1","Shift 1","Set A","comp-practice","subj-hindi","Main Section","single_mcq",1,0.25,"hi,en","Bilingual","HUMAN_CURATED","CLEAN","VERIFIED",0,1
"q-hy-hi-0025","paper-general-curated","src-curated-archive",25,"2026","Tier-1","Shift 1","Set A","comp-practice","subj-hindi","Main Section","single_mcq",1,0.25,"hi,en","Bilingual","HUMAN_CURATED","CLEAN","VERIFIED",0,1
"q-hy-hi-0026","paper-general-curated","src-curated-archive",26,"2026","Tier-1","Shift 1","Set A","comp-practice","subj-hindi","Main Section","single_mcq",1,0.25,"hi,en","Bilingual","HUMAN_CURATED","CLEAN","VERIFIED",0,1
"q-hy-hi-0027","paper-general-curated","src-curated-archive",27,"2026","Tier-1","Shift 1","Set A","comp-practice","subj-hindi","Main Section","single_mcq",1,0.25,"hi,en","Bilingual","HUMAN_CURATED","CLEAN","VERIFIED",0,1
"q-hy-hi-0028","paper-general-curated","src-curated-archive",28,"2026","Tier-1","Shift 1","Set A","comp-practice","subj-hindi","Main Section","single_mcq",1,0.25,"hi,en","Bilingual","HUMAN_CURATED","CLEAN","VERIFIED",0,1
"q-hy-hi-0029","paper-general-curated","src-curated-archive",29,"2026","Tier-1","Shift 1","Set A","comp-practice","subj-hindi","Main Section","single_mcq",1,0.25,"hi,en","Bilingual","HUMAN_CURATED","CLEAN","VERIFIED",0,1
"q-hy-hi-0030","paper-general-curated","src-curated-archive",30,"2026","Tier-1","Shift 1","Set A","comp-practice","subj-hindi","Main Section","single_mcq",1,0.25,"hi,en","Bilingual","HUMAN_CURATED","CLEAN","VERIFIED",0,1
"q-hy-hi-0031","paper-general-curated","src-curated-archive",31,"2026","Tier-1","Shift 1","Set A","comp-practice","subj-hindi","Main Section","single_mcq",1,0.25,"hi,en","Bilingual","HUMAN_CURATED","CLEAN","VERIFIED",0,1
"q-hy-hi-0032","paper-general-curated","src-curated-archive",32,"2026","Tier-1","Shift 1","Set A","comp-practice","subj-hindi","Main Section","single_mcq",1,0.25,"hi,en","Bilingual","HUMAN_CURATED","CLEAN","VERIFIED",0,1
"q-hy-hi-0033","paper-general-curated","src-curated-archive",33,"2026","Tier-1","Shift 1","Set A","comp-practice","subj-hindi","Main Section","single_mcq",1,0.25,"hi,en","Bilingual","HUMAN_CURATED","CLEAN","VERIFIED",0,1
"q-hy-hi-0034","paper-general-curated","src-curated-archive",34,"2026","Tier-1","Shift 1","Set A","comp-practice","subj-hindi","Main Section","single_mcq",1,0.25,"hi,en","Bilingual","HUMAN_CURATED","CLEAN","VERIFIED",0,1
"q-hy-hi-0035","paper-general-curated","src-curated-archive",35,"2026","Tier-1","Shift 1","Set A","comp-practice","subj-hindi","Main Section","single_mcq",1,0.25,"hi,en","Bilingual","HUMAN_CURATED","CLEAN","VERIFIED",0,1
"q-hy-hi-0036","paper-general-curated","src-curated-archive",36,"2026","Tier-1","Shift 1","Set A","comp-practice","subj-hindi","Main Section","single_mcq",1,0.25,"hi,en","Bilingual","HUMAN_CURATED","CLEAN","VERIFIED",0,1
"q-hy-hi-0037","paper-general-curated","src-curated-archive",37,"2026","Tier-1","Shift 1","Set A","comp-practice","subj-hindi","Main Section","single_mcq",1,0.25,"hi,en","Bilingual","HUMAN_CURATED","CLEAN","VERIFIED",0,1
"q-hy-hi-0038","paper-general-curated","src-curated-archive",38,"2026","Tier-1","Shift 1","Set A","comp-practice","subj-hindi","Main Section","single_mcq",1,0.25,"hi,en","Bilingual","HUMAN_CURATED","CLEAN","VERIFIED",0,1
"q-hy-hi-0039","paper-general-curated","src-curated-archive",39,"2026","Tier-1","Shift 1","Set A","comp-practice","subj-hindi","Main Section","single_mcq",1,0.25,"hi,en","Bilingual","HUMAN_CURATED","CLEAN","VERIFIED",0,1
"q-hy-hi-0040","paper-general-curated","src-curated-archive",40,"2026","Tier-1","Shift 1","Set A","comp-practice","subj-hindi","Main Section","single_mcq",1,0.25,"hi,en","Bilingual","HUMAN_CURATED","CLEAN","VERIFIED",0,1
"q-hy-hi-0041","paper-general-curated","src-curated-archive",41,"2026","Tier-1","Shift 1","Set A","comp-practice","subj-hindi","Main Section","single_mcq",1,0.25,"hi,en","Bilingual","HUMAN_CURATED","CLEAN","VERIFIED",0,1
"q-hy-hi-0042","paper-general-curated","src-curated-archive",42,"2026","Tier-1","Shift 1","Set A","comp-practice","subj-hindi","Main Section","single_mcq",1,0.25,"hi,en","Bilingual","HUMAN_CURATED","CLEAN","VERIFIED",0,1
"q-hy-hi-0043","paper-general-curated","src-curated-archive",43,"2026","Tier-1","Shift 1","Set A","comp-practice","subj-hindi","Main Section","single_mcq",1,0.25,"hi,en","Bilingual","HUMAN_CURATED","CLEAN","VERIFIED",0,1
"q-hy-hi-0044","paper-general-curated","src-curated-archive",44,"2026","Tier-1","Shift 1","Set A","comp-practice","subj-hindi","Main Section","single_mcq",1,0.25,"hi,en","Bilingual","HUMAN_CURATED","CLEAN","VERIFIED",0,1
"q-hy-hi-0045","paper-general-curated","src-curated-archive",45,"2026","Tier-1","Shift 1","Set A","comp-practice","subj-hindi","Main Section","single_mcq",1,0.25,"hi,en","Bilingual","HUMAN_CURATED","CLEAN","VERIFIED",0,1
"q-hy-hi-0046","paper-general-curated","src-curated-archive",46,"2026","Tier-1","Shift 1","Set A","comp-practice","subj-hindi","Main Section","single_mcq",1,0.25,"hi,en","Bilingual","HUMAN_CURATED","CLEAN","VERIFIED",0,1
"q-hy-hi-0047","paper-general-curated","src-curated-archive",47,"2026","Tier-1","Shift 1","Set A","comp-practice","subj-hindi","Main Section","single_mcq",1,0.25,"hi,en","Bilingual","HUMAN_CURATED","CLEAN","VERIFIED",0,1
"q-hy-hi-0048","paper-general-curated","src-curated-archive",48,"2026","Tier-1","Shift 1","Set A","comp-practice","subj-hindi","Main Section","single_mcq",1,0.25,"hi,en","Bilingual","HUMAN_CURATED","CLEAN","VERIFIED",0,1
"q-hy-hi-0049","paper-general-curated","src-curated-archive",49,"2026","Tier-1","Shift 1","Set A","comp-practice","subj-hindi","Main Section","single_mcq",1,0.25,"hi,en","Bilingual","HUMAN_CURATED","CLEAN","VERIFIED",0,1
"q-hy-hi-0050","paper-general-curated","src-curated-archive",50,"2026","Tier-1","Shift 1","Set A","comp-practice","subj-hindi","Main Section","single_mcq",1,0.25,"hi,en","Bilingual","HUMAN_CURATED","CLEAN","VERIFIED",0,1
"q-hy-hi-0051","paper-general-curated","src-curated-archive",51,"2026","Tier-1","Shift 1","Set A","comp-practice","subj-hindi","Main Section","single_mcq",1,0.25,"hi,en","Bilingual","HUMAN_CURATED","CLEAN","VERIFIED",0,1
"q-hy-hi-0052","paper-general-curated","src-curated-archive",52,"2026","Tier-1","Shift 1","Set A","comp-practice","subj-hindi","Main Section","single_mcq",1,0.25,"hi,en","Bilingual","HUMAN_CURATED","CLEAN","VERIFIED",0,1
"q-hy-hi-0053","paper-general-curated","src-curated-archive",53,"2026","Tier-1","Shift 1","Set A","comp-practice","subj-hindi","Main Section","single_mcq",1,0.25,"hi,en","Bilingual","HUMAN_CURATED","CLEAN","VERIFIED",0,1
"q-hy-hi-0054","paper-general-curated","src-curated-archive",54,"2026","Tier-1","Shift 1","Set A","comp-practice","subj-hindi","Main Section","single_mcq",1,0.25,"hi,en","Bilingual","HUMAN_CURATED","CLEAN","VERIFIED",0,1
"q-hy-hi-0055","paper-general-curated","src-curated-archive",55,"2026","Tier-1","Shift 1","Set A","comp-practice","subj-hindi","Main Section","single_mcq",1,0.25,"hi,en","Bilingual","HUMAN_CURATED","CLEAN","VERIFIED",0,1
"q-hy-hi-0056","paper-general-curated","src-curated-archive",56,"2026","Tier-1","Shift 1","Set A","comp-practice","subj-hindi","Main Section","single_mcq",1,0.25,"hi,en","Bilingual","HUMAN_CURATED","CLEAN","VERIFIED",0,1
"q-hy-hi-0057","paper-general-curated","src-curated-archive",57,"2026","Tier-1","Shift 1","Set A","comp-practice","subj-hindi","Main Section","single_mcq",1,0.25,"hi,en","Bilingual","HUMAN_CURATED","CLEAN","VERIFIED",0,1
"q-hy-hi-0058","paper-general-curated","src-curated-archive",58,"2026","Tier-1","Shift 1","Set A","comp-practice","subj-hindi","Main Section","single_mcq",1,0.25,"hi,en","Bilingual","HUMAN_CURATED","CLEAN","VERIFIED",0,1
"q-hy-hi-0059","paper-general-curated","src-curated-archive",59,"2026","Tier-1","Shift 1","Set A","comp-practice","subj-hindi","Main Section","single_mcq",1,0.25,"hi,en","Bilingual","HUMAN_CURATED","CLEAN","VERIFIED",0,1
"q-hy-hi-0060","paper-general-curated","src-curated-archive",60,"2026","Tier-1","Shift 1","Set A","comp-practice","subj-hindi","Main Section","single_mcq",1,0.25,"hi,en","Bilingual","HUMAN_CURATED","CLEAN","VERIFIED",0,1
"q-hy-hi-0061","paper-general-curated","src-curated-archive",61,"2026","Tier-1","Shift 1","Set A","comp-practice","subj-hindi","Main Section","single_mcq",1,0.25,"hi,en","Bilingual","HUMAN_CURATED","CLEAN","VERIFIED",0,1
"q-hy-hi-0062","paper-general-curated","src-curated-archive",62,"2026","Tier-1","Shift 1","Set A","comp-practice","subj-hindi","Main Section","single_mcq",1,0.25,"hi,en","Bilingual","HUMAN_CURATED","CLEAN","VERIFIED",0,1
"q-hy-hi-0063","paper-general-curated","src-curated-archive",63,"2026","Tier-1","Shift 1","Set A","comp-practice","subj-hindi","Main Section","single_mcq",1,0.25,"hi,en","Bilingual","HUMAN_CURATED","CLEAN","VERIFIED",0,1
"q-hy-hi-0064","paper-general-curated","src-curated-archive",64,"2026","Tier-1","Shift 1","Set A","comp-practice","subj-hindi","Main Section","single_mcq",1,0.25,"hi,en","Bilingual","HUMAN_CURATED","CLEAN","VERIFIED",0,1
"q-hy-hi-0065","paper-general-curated","src-curated-archive",65,"2026","Tier-1","Shift 1","Set A","comp-practice","subj-hindi","Main Section","single_mcq",1,0.25,"hi,en","Bilingual","HUMAN_CURATED","CLEAN","VERIFIED",0,1
"q-hy-hi-0066","paper-general-curated","src-curated-archive",66,"2026","Tier-1","Shift 1","Set A","comp-practice","subj-hindi","Main Section","single_mcq",1,0.25,"hi,en","Bilingual","HUMAN_CURATED","CLEAN","VERIFIED",0,1
"q-hy-hi-0067","paper-general-curated","src-curated-archive",67,"2026","Tier-1","Shift 1","Set A","comp-practice","subj-hindi","Main Section","single_mcq",1,0.25,"hi,en","Bilingual","HUMAN_CURATED","CLEAN","VERIFIED",0,1
"q-hy-hi-0068","paper-general-curated","src-curated-archive",68,"2026","Tier-1","Shift 1","Set A","comp-practice","subj-hindi","Main Section","single_mcq",1,0.25,"hi,en","Bilingual","HUMAN_CURATED","CLEAN","VERIFIED",0,1
"q-hy-hi-0069","paper-general-curated","src-curated-archive",69,"2026","Tier-1","Shift 1","Set A","comp-practice","subj-hindi","Main Section","single_mcq",1,0.25,"hi,en","Bilingual","HUMAN_CURATED","CLEAN","VERIFIED",0,1
"q-hy-hi-0070","paper-general-curated","src-curated-archive",70,"2026","Tier-1","Shift 1","Set A","comp-practice","subj-hindi","Main Section","single_mcq",1,0.25,"hi,en","Bilingual","HUMAN_CURATED","CLEAN","VERIFIED",0,1
"q-hy-hi-0071","paper-general-curated","src-curated-archive",71,"2026","Tier-1","Shift 1","Set A","comp-practice","subj-hindi","Main Section","single_mcq",1,0.25,"hi,en","Bilingual","HUMAN_CURATED","CLEAN","VERIFIED",0,1
"q-hy-hi-0072","paper-general-curated","src-curated-archive",72,"2026","Tier-1","Shift 1","Set A","comp-practice","subj-hindi","Main Section","single_mcq",1,0.25,"hi,en","Bilingual","HUMAN_CURATED","CLEAN","VERIFIED",0,1
"q-hy-hi-0073","paper-general-curated","src-curated-archive",73,"2026","Tier-1","Shift 1","Set A","comp-practice","subj-hindi","Main Section","single_mcq",1,0.25,"hi,en","Bilingual","HUMAN_CURATED","CLEAN","VERIFIED",0,1
"q-hy-hi-0074","paper-general-curated","src-curated-archive",74,"2026","Tier-1","Shift 1","Set A","comp-practice","subj-hindi","Main Section","single_mcq",1,0.25,"hi,en","Bilingual","HUMAN_CURATED","CLEAN","VERIFIED",0,1
"q-hy-hi-0075","paper-general-curated","src-curated-archive",75,"2026","Tier-1","Shift 1","Set A","comp-practice","subj-hindi","Main Section","single_mcq",1,0.25,"hi,en","Bilingual","HUMAN_CURATED","CLEAN","VERIFIED",0,1
"q-hy-hi-0076","paper-general-curated","src-curated-archive",76,"2026","Tier-1","Shift 1","Set A","comp-practice","subj-hindi","Main Section","single_mcq",1,0.25,"hi,en","Bilingual","HUMAN_CURATED","CLEAN","VERIFIED",0,1
"q-hy-hi-0077","paper-general-curated","src-curated-archive",77,"2026","Tier-1","Shift 1","Set A","comp-practice","subj-hindi","Main Section","single_mcq",1,0.25,"hi,en","Bilingual","HUMAN_CURATED","CLEAN","VERIFIED",0,1
"q-hy-hi-0078","paper-general-curated","src-curated-archive",78,"2026","Tier-1","Shift 1","Set A","comp-practice","subj-hindi","Main Section","single_mcq",1,0.25,"hi,en","Bilingual","HUMAN_CURATED","CLEAN","VERIFIED",0,1
"q-hy-hi-0079","paper-general-curated","src-curated-archive",79,"2026","Tier-1","Shift 1","Set A","comp-practice","subj-hindi","Main Section","single_mcq",1,0.25,"hi,en","Bilingual","HUMAN_CURATED","CLEAN","VERIFIED",0,1
"q-hy-hi-0080","paper-general-curated","src-curated-archive",80,"2026","Tier-1","Shift 1","Set A","comp-practice","subj-hindi","Main Section","single_mcq",1,0.25,"hi,en","Bilingual","HUMAN_CURATED","CLEAN","VERIFIED",0,1
"q-hy-hi-0081","paper-general-curated","src-curated-archive",81,"2026","Tier-1","Shift 1","Set A","comp-practice","subj-hindi","Main Section","single_mcq",1,0.25,"hi,en","Bilingual","HUMAN_CURATED","CLEAN","VERIFIED",0,1
"q-hy-hi-0082","paper-general-curated","src-curated-archive",82,"2026","Tier-1","Shift 1","Set A","comp-practice","subj-hindi","Main Section","single_mcq",1,0.25,"hi,en","Bilingual","HUMAN_CURATED","CLEAN","VERIFIED",0,1
"q-hy-hi-0083","paper-general-curated","src-curated-archive",83,"2026","Tier-1","Shift 1","Set A","comp-practice","subj-hindi","Main Section","single_mcq",1,0.25,"hi,en","Bilingual","HUMAN_CURATED","CLEAN","VERIFIED",0,1
"q-hy-hi-0084","paper-general-curated","src-curated-archive",84,"2026","Tier-1","Shift 1","Set A","comp-practice","subj-hindi","Main Section","single_mcq",1,0.25,"hi,en","Bilingual","HUMAN_CURATED","CLEAN","VERIFIED",0,1
"q-hy-hi-0085","paper-general-curated","src-curated-archive",85,"2026","Tier-1","Shift 1","Set A","comp-practice","subj-hindi","Main Section","single_mcq",1,0.25,"hi,en","Bilingual","HUMAN_CURATED","CLEAN","VERIFIED",0,1
"q-hy-math-0001","paper-general-curated","src-curated-archive",86,"2026","Tier-1","Shift 1","Set A","comp-practice","subj-math","Main Section","single_mcq",1,0.25,"hi,en","Bilingual","HUMAN_CURATED","CLEAN","VERIFIED",0,1
"q-hy-math-0002","paper-general-curated","src-curated-archive",87,"2026","Tier-1","Shift 1","Set A","comp-practice","subj-math","Main Section","single_mcq",1,0.25,"hi,en","Bilingual","HUMAN_CURATED","CLEAN","VERIFIED",0,1
"q-hy-math-0003","paper-general-curated","src-curated-archive",88,"2026","Tier-1","Shift 1","Set A","comp-practice","subj-math","Main Section","single_mcq",1,0.25,"hi,en","Bilingual","HUMAN_CURATED","CLEAN","VERIFIED",0,1
"q-hy-math-0004","paper-general-curated","src-curated-archive",89,"2026","Tier-1","Shift 1","Set A","comp-practice","subj-math","Main Section","single_mcq",1,0.25,"hi,en","Bilingual","HUMAN_CURATED","CLEAN","VERIFIED",0,1
"q-hy-math-0005","paper-general-curated","src-curated-archive",90,"2026","Tier-1","Shift 1","Set A","comp-practice","subj-math","Main Section","single_mcq",1,0.25,"hi,en","Bilingual","HUMAN_CURATED","CLEAN","VERIFIED",0,1
"q-hy-math-0006","paper-general-curated","src-curated-archive",91,"2026","Tier-1","Shift 1","Set A","comp-practice","subj-math","Main Section","single_mcq",1,0.25,"hi,en","Bilingual","HUMAN_CURATED","CLEAN","VERIFIED",0,1
"q-hy-math-0007","paper-general-curated","src-curated-archive",92,"2026","Tier-1","Shift 1","Set A","comp-practice","subj-math","Main Section","single_mcq",1,0.25,"hi,en","Bilingual","HUMAN_CURATED","CLEAN","VERIFIED",0,1
"q-hy-math-0008","paper-general-curated","src-curated-archive",93,"2026","Tier-1","Shift 1","Set A","comp-practice","subj-math","Main Section","single_mcq",1,0.25,"hi,en","Bilingual","HUMAN_CURATED","CLEAN","VERIFIED",0,1
"q-hy-math-0009","paper-general-curated","src-curated-archive",94,"2026","Tier-1","Shift 1","Set A","comp-practice","subj-math","Main Section","single_mcq",1,0.25,"hi,en","Bilingual","HUMAN_CURATED","CLEAN","VERIFIED",0,1
"q-hy-math-0010","paper-general-curated","src-curated-archive",95,"2026","Tier-1","Shift 1","Set A","comp-practice","subj-math","Main Section","single_mcq",1,0.25,"hi,en","Bilingual","HUMAN_CURATED","CLEAN","VERIFIED",0,1
"q-hy-math-0011","paper-general-curated","src-curated-archive",96,"2026","Tier-1","Shift 1","Set A","comp-practice","subj-math","Main Section","single_mcq",1,0.25,"hi,en","Bilingual","HUMAN_CURATED","CLEAN","VERIFIED",0,1
"q-hy-math-0012","paper-general-curated","src-curated-archive",97,"2026","Tier-1","Shift 1","Set A","comp-practice","subj-math","Main Section","single_mcq",1,0.25,"hi,en","Bilingual","HUMAN_CURATED","CLEAN","VERIFIED",0,1
"q-hy-math-0013","paper-general-curated","src-curated-archive",98,"2026","Tier-1","Shift 1","Set A","comp-practice","subj-math","Main Section","single_mcq",1,0.25,"hi,en","Bilingual","HUMAN_CURATED","CLEAN","VERIFIED",0,1
"q-hy-math-0014","paper-general-curated","src-curated-archive",99,"2026","Tier-1","Shift 1","Set A","comp-practice","subj-math","Main Section","single_mcq",1,0.25,"hi,en","Bilingual","HUMAN_CURATED","CLEAN","VERIFIED",0,1
"q-hy-math-0015","paper-general-curated","src-curated-archive",100,"2026","Tier-1","Shift 1","Set A","comp-practice","subj-math","Main Section","single_mcq",1,0.25,"hi,en","Bilingual","HUMAN_CURATED","CLEAN","VERIFIED",0,1
"q-hy-math-0016","paper-general-curated","src-curated-archive",101,"2026","Tier-1","Shift 1","Set A","comp-practice","subj-math","Main Section","single_mcq",1,0.25,"hi,en","Bilingual","HUMAN_CURATED","CLEAN","VERIFIED",0,1
"q-hy-math-0017","paper-general-curated","src-curated-archive",102,"2026","Tier-1","Shift 1","Set A","comp-practice","subj-math","Main Section","single_mcq",1,0.25,"hi,en","Bilingual","HUMAN_CURATED","CLEAN","VERIFIED",0,1
"q-hy-math-0018","paper-general-curated","src-curated-archive",103,"2026","Tier-1","Shift 1","Set A","comp-practice","subj-math","Main Section","single_mcq",1,0.25,"hi,en","Bilingual","HUMAN_CURATED","CLEAN","VERIFIED",0,1
"q-hy-math-0019","paper-general-curated","src-curated-archive",104,"2026","Tier-1","Shift 1","Set A","comp-practice","subj-math","Main Section","single_mcq",1,0.25,"hi,en","Bilingual","HUMAN_CURATED","CLEAN","VERIFIED",0,1
"q-hy-math-0020","paper-general-curated","src-curated-archive",105,"2026","Tier-1","Shift 1","Set A","comp-practice","subj-math","Main Section","single_mcq",1,0.25,"hi,en","Bilingual","HUMAN_CURATED","CLEAN","VERIFIED",0,1
"q-hy-math-0021","paper-general-curated","src-curated-archive",106,"2026","Tier-1","Shift 1","Set A","comp-practice","subj-math","Main Section","single_mcq",1,0.25,"hi,en","Bilingual","HUMAN_CURATED","CLEAN","VERIFIED",0,1
"q-hy-math-0022","paper-general-curated","src-curated-archive",107,"2026","Tier-1","Shift 1","Set A","comp-practice","subj-math","Main Section","single_mcq",1,0.25,"hi,en","Bilingual","HUMAN_CURATED","CLEAN","VERIFIED",0,1
"q-hy-math-0023","paper-general-curated","src-curated-archive",108,"2026","Tier-1","Shift 1","Set A","comp-practice","subj-math","Main Section","single_mcq",1,0.25,"hi,en","Bilingual","HUMAN_CURATED","CLEAN","VERIFIED",0,1
"q-hy-math-0024","paper-general-curated","src-curated-archive",109,"2026","Tier-1","Shift 1","Set A","comp-practice","subj-math","Main Section","single_mcq",1,0.25,"hi,en","Bilingual","HUMAN_CURATED","CLEAN","VERIFIED",0,1
"q-hy-math-0025","paper-general-curated","src-curated-archive",110,"2026","Tier-1","Shift 1","Set A","comp-practice","subj-math","Main Section","single_mcq",1,0.25,"hi,en","Bilingual","HUMAN_CURATED","CLEAN","VERIFIED",0,1
"q-hy-math-0026","paper-general-curated","src-curated-archive",111,"2026","Tier-1","Shift 1","Set A","comp-practice","subj-math","Main Section","single_mcq",1,0.25,"hi,en","Bilingual","HUMAN_CURATED","CLEAN","VERIFIED",0,1
"q-hy-math-0027","paper-general-curated","src-curated-archive",112,"2026","Tier-1","Shift 1","Set A","comp-practice","subj-math","Main Section","single_mcq",1,0.25,"hi,en","Bilingual","HUMAN_CURATED","CLEAN","VERIFIED",0,1
"q-hy-math-0028","paper-general-curated","src-curated-archive",113,"2026","Tier-1","Shift 1","Set A","comp-practice","subj-math","Main Section","single_mcq",1,0.25,"hi,en","Bilingual","HUMAN_CURATED","CLEAN","VERIFIED",0,1
"q-hy-math-0029","paper-general-curated","src-curated-archive",114,"2026","Tier-1","Shift 1","Set A","comp-practice","subj-math","Main Section","single_mcq",1,0.25,"hi,en","Bilingual","HUMAN_CURATED","CLEAN","VERIFIED",0,1
"q-hy-math-0030","paper-general-curated","src-curated-archive",115,"2026","Tier-1","Shift 1","Set A","comp-practice","subj-math","Main Section","single_mcq",1,0.25,"hi,en","Bilingual","HUMAN_CURATED","CLEAN","VERIFIED",0,1
"q-hy-math-0031","paper-general-curated","src-curated-archive",116,"2026","Tier-1","Shift 1","Set A","comp-practice","subj-math","Main Section","single_mcq",1,0.25,"hi,en","Bilingual","HUMAN_CURATED","CLEAN","VERIFIED",0,1
"q-hy-math-0032","paper-general-curated","src-curated-archive",117,"2026","Tier-1","Shift 1","Set A","comp-practice","subj-math","Main Section","single_mcq",1,0.25,"hi,en","Bilingual","HUMAN_CURATED","CLEAN","VERIFIED",0,1
"q-hy-math-0033","paper-general-curated","src-curated-archive",118,"2026","Tier-1","Shift 1","Set A","comp-practice","subj-math","Main Section","single_mcq",1,0.25,"hi,en","Bilingual","HUMAN_CURATED","CLEAN","VERIFIED",0,1
"q-hy-math-0034","paper-general-curated","src-curated-archive",119,"2026","Tier-1","Shift 1","Set A","comp-practice","subj-math","Main Section","single_mcq",1,0.25,"hi,en","Bilingual","HUMAN_CURATED","CLEAN","VERIFIED",0,1
"q-hy-math-0035","paper-general-curated","src-curated-archive",120,"2026","Tier-1","Shift 1","Set A","comp-practice","subj-math","Main Section","single_mcq",1,0.25,"hi,en","Bilingual","HUMAN_CURATED","CLEAN","VERIFIED",0,1
"q-hy-math-0036","paper-general-curated","src-curated-archive",121,"2026","Tier-1","Shift 1","Set A","comp-practice","subj-math","Main Section","single_mcq",1,0.25,"hi,en","Bilingual","HUMAN_CURATED","CLEAN","VERIFIED",0,1
"q-hy-math-0037","paper-general-curated","src-curated-archive",122,"2026","Tier-1","Shift 1","Set A","comp-practice","subj-math","Main Section","single_mcq",1,0.25,"hi,en","Bilingual","HUMAN_CURATED","CLEAN","VERIFIED",0,1
"q-hy-math-0038","paper-general-curated","src-curated-archive",123,"2026","Tier-1","Shift 1","Set A","comp-practice","subj-math","Main Section","single_mcq",1,0.25,"hi,en","Bilingual","HUMAN_CURATED","CLEAN","VERIFIED",0,1
"q-hy-math-0039","paper-general-curated","src-curated-archive",124,"2026","Tier-1","Shift 1","Set A","comp-practice","subj-math","Main Section","single_mcq",1,0.25,"hi,en","Bilingual","HUMAN_CURATED","CLEAN","VERIFIED",0,1
"q-hy-math-0040","paper-general-curated","src-curated-archive",125,"2026","Tier-1","Shift 1","Set A","comp-practice","subj-math","Main Section","single_mcq",1,0.25,"hi,en","Bilingual","HUMAN_CURATED","CLEAN","VERIFIED",0,1
"q-hy-math-0041","paper-general-curated","src-curated-archive",126,"2026","Tier-1","Shift 1","Set A","comp-practice","subj-math","Main Section","single_mcq",1,0.25,"hi,en","Bilingual","HUMAN_CURATED","CLEAN","VERIFIED",0,1
"q-hy-math-0042","paper-general-curated","src-curated-archive",127,"2026","Tier-1","Shift 1","Set A","comp-practice","subj-math","Main Section","single_mcq",1,0.25,"hi,en","Bilingual","HUMAN_CURATED","CLEAN","VERIFIED",0,1
"q-hy-math-0043","paper-general-curated","src-curated-archive",128,"2026","Tier-1","Shift 1","Set A","comp-practice","subj-math","Main Section","single_mcq",1,0.25,"hi,en","Bilingual","HUMAN_CURATED","CLEAN","VERIFIED",0,1
"q-hy-math-0044","paper-general-curated","src-curated-archive",129,"2026","Tier-1","Shift 1","Set A","comp-practice","subj-math","Main Section","single_mcq",1,0.25,"hi,en","Bilingual","HUMAN_CURATED","CLEAN","VERIFIED",0,1
"q-hy-math-0045","paper-general-curated","src-curated-archive",130,"2026","Tier-1","Shift 1","Set A","comp-practice","subj-math","Main Section","single_mcq",1,0.25,"hi,en","Bilingual","HUMAN_CURATED","CLEAN","VERIFIED",0,1
"q-hy-math-0046","paper-general-curated","src-curated-archive",131,"2026","Tier-1","Shift 1","Set A","comp-practice","subj-math","Main Section","single_mcq",1,0.25,"hi,en","Bilingual","HUMAN_CURATED","CLEAN","VERIFIED",0,1
"q-hy-math-0047","paper-general-curated","src-curated-archive",132,"2026","Tier-1","Shift 1","Set A","comp-practice","subj-math","Main Section","single_mcq",1,0.25,"hi,en","Bilingual","HUMAN_CURATED","CLEAN","VERIFIED",0,1
"q-hy-math-0048","paper-general-curated","src-curated-archive",133,"2026","Tier-1","Shift 1","Set A","comp-practice","subj-math","Main Section","single_mcq",1,0.25,"hi,en","Bilingual","HUMAN_CURATED","CLEAN","VERIFIED",0,1
"q-hy-math-0049","paper-general-curated","src-curated-archive",134,"2026","Tier-1","Shift 1","Set A","comp-practice","subj-math","Main Section","single_mcq",1,0.25,"hi,en","Bilingual","HUMAN_CURATED","CLEAN","VERIFIED",0,1
"q-hy-math-0050","paper-general-curated","src-curated-archive",135,"2026","Tier-1","Shift 1","Set A","comp-practice","subj-math","Main Section","single_mcq",1,0.25,"hi,en","Bilingual","HUMAN_CURATED","CLEAN","VERIFIED",0,1
"q-hy-math-0051","paper-general-curated","src-curated-archive",136,"2026","Tier-1","Shift 1","Set A","comp-practice","subj-math","Main Section","single_mcq",1,0.25,"hi,en","Bilingual","HUMAN_CURATED","CLEAN","VERIFIED",0,1
"q-hy-math-0052","paper-general-curated","src-curated-archive",137,"2026","Tier-1","Shift 1","Set A","comp-practice","subj-math","Main Section","single_mcq",1,0.25,"hi,en","Bilingual","HUMAN_CURATED","CLEAN","VERIFIED",0,1
"q-hy-math-0053","paper-general-curated","src-curated-archive",138,"2026","Tier-1","Shift 1","Set A","comp-practice","subj-math","Main Section","single_mcq",1,0.25,"hi,en","Bilingual","HUMAN_CURATED","CLEAN","VERIFIED",0,1
"q-hy-math-0054","paper-general-curated","src-curated-archive",139,"2026","Tier-1","Shift 1","Set A","comp-practice","subj-math","Main Section","single_mcq",1,0.25,"hi,en","Bilingual","HUMAN_CURATED","CLEAN","VERIFIED",0,1
"q-hy-math-0055","paper-general-curated","src-curated-archive",140,"2026","Tier-1","Shift 1","Set A","comp-practice","subj-math","Main Section","single_mcq",1,0.25,"hi,en","Bilingual","HUMAN_CURATED","CLEAN","VERIFIED",0,1
"q-hy-math-0056","paper-general-curated","src-curated-archive",141,"2026","Tier-1","Shift 1","Set A","comp-practice","subj-math","Main Section","single_mcq",1,0.25,"hi,en","Bilingual","HUMAN_CURATED","CLEAN","VERIFIED",0,1
"q-hy-math-0057","paper-general-curated","src-curated-archive",142,"2026","Tier-1","Shift 1","Set A","comp-practice","subj-math","Main Section","single_mcq",1,0.25,"hi,en","Bilingual","HUMAN_CURATED","CLEAN","VERIFIED",0,1
"q-hy-math-0058","paper-general-curated","src-curated-archive",143,"2026","Tier-1","Shift 1","Set A","comp-practice","subj-math","Main Section","single_mcq",1,0.25,"hi,en","Bilingual","HUMAN_CURATED","CLEAN","VERIFIED",0,1
"q-hy-math-0059","paper-general-curated","src-curated-archive",144,"2026","Tier-1","Shift 1","Set A","comp-practice","subj-math","Main Section","single_mcq",1,0.25,"hi,en","Bilingual","HUMAN_CURATED","CLEAN","VERIFIED",0,1
"q-hy-math-0060","paper-general-curated","src-curated-archive",145,"2026","Tier-1","Shift 1","Set A","comp-practice","subj-math","Main Section","single_mcq",1,0.25,"hi,en","Bilingual","HUMAN_CURATED","CLEAN","VERIFIED",0,1
"q-hy-math-0061","paper-general-curated","src-curated-archive",146,"2026","Tier-1","Shift 1","Set A","comp-practice","subj-math","Main Section","single_mcq",1,0.25,"hi,en","Bilingual","HUMAN_CURATED","CLEAN","VERIFIED",0,1
"q-hy-math-0062","paper-general-curated","src-curated-archive",147,"2026","Tier-1","Shift 1","Set A","comp-practice","subj-math","Main Section","single_mcq",1,0.25,"hi,en","Bilingual","HUMAN_CURATED","CLEAN","VERIFIED",0,1
"q-hy-math-0063","paper-general-curated","src-curated-archive",148,"2026","Tier-1","Shift 1","Set A","comp-practice","subj-math","Main Section","single_mcq",1,0.25,"hi,en","Bilingual","HUMAN_CURATED","CLEAN","VERIFIED",0,1
"q-hy-math-0064","paper-general-curated","src-curated-archive",149,"2026","Tier-1","Shift 1","Set A","comp-practice","subj-math","Main Section","single_mcq",1,0.25,"hi,en","Bilingual","HUMAN_CURATED","CLEAN","VERIFIED",0,1
"q-hy-math-0065","paper-general-curated","src-curated-archive",150,"2026","Tier-1","Shift 1","Set A","comp-practice","subj-math","Main Section","single_mcq",1,0.25,"hi,en","Bilingual","HUMAN_CURATED","CLEAN","VERIFIED",0,1
"q-hy-math-0066","paper-general-curated","src-curated-archive",151,"2026","Tier-1","Shift 1","Set A","comp-practice","subj-math","Main Section","single_mcq",1,0.25,"hi,en","Bilingual","HUMAN_CURATED","CLEAN","VERIFIED",0,1
"q-hy-math-0067","paper-general-curated","src-curated-archive",152,"2026","Tier-1","Shift 1","Set A","comp-practice","subj-math","Main Section","single_mcq",1,0.25,"hi,en","Bilingual","HUMAN_CURATED","CLEAN","VERIFIED",0,1
"q-hy-math-0068","paper-general-curated","src-curated-archive",153,"2026","Tier-1","Shift 1","Set A","comp-practice","subj-math","Main Section","single_mcq",1,0.25,"hi,en","Bilingual","HUMAN_CURATED","CLEAN","VERIFIED",0,1
"q-hy-math-0069","paper-general-curated","src-curated-archive",154,"2026","Tier-1","Shift 1","Set A","comp-practice","subj-math","Main Section","single_mcq",1,0.25,"hi,en","Bilingual","HUMAN_CURATED","CLEAN","VERIFIED",0,1
"q-hy-math-0070","paper-general-curated","src-curated-archive",155,"2026","Tier-1","Shift 1","Set A","comp-practice","subj-math","Main Section","single_mcq",1,0.25,"hi,en","Bilingual","HUMAN_CURATED","CLEAN","VERIFIED",0,1
"q-hy-math-0071","paper-general-curated","src-curated-archive",156,"2026","Tier-1","Shift 1","Set A","comp-practice","subj-math","Main Section","single_mcq",1,0.25,"hi,en","Bilingual","HUMAN_CURATED","CLEAN","VERIFIED",0,1
"q-hy-math-0072","paper-general-curated","src-curated-archive",157,"2026","Tier-1","Shift 1","Set A","comp-practice","subj-math","Main Section","single_mcq",1,0.25,"hi,en","Bilingual","HUMAN_CURATED","CLEAN","VERIFIED",0,1
"q-hy-math-0073","paper-general-curated","src-curated-archive",158,"2026","Tier-1","Shift 1","Set A","comp-practice","subj-math","Main Section","single_mcq",1,0.25,"hi,en","Bilingual","HUMAN_CURATED","CLEAN","VERIFIED",0,1
"q-hy-math-0074","paper-general-curated","src-curated-archive",159,"2026","Tier-1","Shift 1","Set A","comp-practice","subj-math","Main Section","single_mcq",1,0.25,"hi,en","Bilingual","HUMAN_CURATED","CLEAN","VERIFIED",0,1
"q-hy-math-0075","paper-general-curated","src-curated-archive",160,"2026","Tier-1","Shift 1","Set A","comp-practice","subj-math","Main Section","single_mcq",1,0.25,"hi,en","Bilingual","HUMAN_CURATED","CLEAN","VERIFIED",0,1
"q-hy-math-0076","paper-general-curated","src-curated-archive",161,"2026","Tier-1","Shift 1","Set A","comp-practice","subj-math","Main Section","single_mcq",1,0.25,"hi,en","Bilingual","HUMAN_CURATED","CLEAN","VERIFIED",0,1
"q-hy-math-0077","paper-general-curated","src-curated-archive",162,"2026","Tier-1","Shift 1","Set A","comp-practice","subj-math","Main Section","single_mcq",1,0.25,"hi,en","Bilingual","HUMAN_CURATED","CLEAN","VERIFIED",0,1
"q-hy-math-0078","paper-general-curated","src-curated-archive",163,"2026","Tier-1","Shift 1","Set A","comp-practice","subj-math","Main Section","single_mcq",1,0.25,"hi,en","Bilingual","HUMAN_CURATED","CLEAN","VERIFIED",0,1
"q-hy-math-0079","paper-general-curated","src-curated-archive",164,"2026","Tier-1","Shift 1","Set A","comp-practice","subj-math","Main Section","single_mcq",1,0.25,"hi,en","Bilingual","HUMAN_CURATED","CLEAN","VERIFIED",0,1
"q-hy-math-0080","paper-general-curated","src-curated-archive",165,"2026","Tier-1","Shift 1","Set A","comp-practice","subj-math","Main Section","single_mcq",1,0.25,"hi,en","Bilingual","HUMAN_CURATED","CLEAN","VERIFIED",0,1
"q-hy-math-0081","paper-general-curated","src-curated-archive",166,"2026","Tier-1","Shift 1","Set A","comp-practice","subj-math","Main Section","single_mcq",1,0.25,"hi,en","Bilingual","HUMAN_CURATED","CLEAN","VERIFIED",0,1
"q-hy-math-0082","paper-general-curated","src-curated-archive",167,"2026","Tier-1","Shift 1","Set A","comp-practice","subj-math","Main Section","single_mcq",1,0.25,"hi,en","Bilingual","HUMAN_CURATED","CLEAN","VERIFIED",0,1
"q-hy-math-0083","paper-general-curated","src-curated-archive",168,"2026","Tier-1","Shift 1","Set A","comp-practice","subj-math","Main Section","single_mcq",1,0.25,"hi,en","Bilingual","HUMAN_CURATED","CLEAN","VERIFIED",0,1
"q-hy-math-0084","paper-general-curated","src-curated-archive",169,"2026","Tier-1","Shift 1","Set A","comp-practice","subj-math","Main Section","single_mcq",1,0.25,"hi,en","Bilingual","HUMAN_CURATED","CLEAN","VERIFIED",0,1
"q-hy-math-0085","paper-general-curated","src-curated-archive",170,"2026","Tier-1","Shift 1","Set A","comp-practice","subj-math","Main Section","single_mcq",1,0.25,"hi,en","Bilingual","HUMAN_CURATED","CLEAN","VERIFIED",0,1
"q-hy-sci-0001","paper-general-curated","src-curated-archive",171,"2026","Tier-1","Shift 1","Set A","comp-practice","subj-science","Main Section","single_mcq",1,0.25,"hi,en","Bilingual","HUMAN_CURATED","CLEAN","VERIFIED",0,1
"q-hy-sci-0002","paper-general-curated","src-curated-archive",172,"2026","Tier-1","Shift 1","Set A","comp-practice","subj-science","Main Section","single_mcq",1,0.25,"hi,en","Bilingual","HUMAN_CURATED","CLEAN","VERIFIED",0,1
"q-hy-sci-0003","paper-general-curated","src-curated-archive",173,"2026","Tier-1","Shift 1","Set A","comp-practice","subj-science","Main Section","single_mcq",1,0.25,"hi,en","Bilingual","HUMAN_CURATED","CLEAN","VERIFIED",0,1
"q-hy-sci-0004","paper-general-curated","src-curated-archive",174,"2026","Tier-1","Shift 1","Set A","comp-practice","subj-science","Main Section","single_mcq",1,0.25,"hi,en","Bilingual","HUMAN_CURATED","CLEAN","VERIFIED",0,1
"q-hy-sci-0005","paper-general-curated","src-curated-archive",175,"2026","Tier-1","Shift 1","Set A","comp-practice","subj-science","Main Section","single_mcq",1,0.25,"hi,en","Bilingual","HUMAN_CURATED","CLEAN","VERIFIED",0,1
"q-hy-sci-0006","paper-general-curated","src-curated-archive",176,"2026","Tier-1","Shift 1","Set A","comp-practice","subj-science","Main Section","single_mcq",1,0.25,"hi,en","Bilingual","HUMAN_CURATED","CLEAN","VERIFIED",0,1
"q-hy-sci-0007","paper-general-curated","src-curated-archive",177,"2026","Tier-1","Shift 1","Set A","comp-practice","subj-science","Main Section","single_mcq",1,0.25,"hi,en","Bilingual","HUMAN_CURATED","CLEAN","VERIFIED",0,1
"q-hy-sci-0008","paper-general-curated","src-curated-archive",178,"2026","Tier-1","Shift 1","Set A","comp-practice","subj-science","Main Section","single_mcq",1,0.25,"hi,en","Bilingual","HUMAN_CURATED","CLEAN","VERIFIED",0,1
"q-hy-sci-0009","paper-general-curated","src-curated-archive",179,"2026","Tier-1","Shift 1","Set A","comp-practice","subj-science","Main Section","single_mcq",1,0.25,"hi,en","Bilingual","HUMAN_CURATED","CLEAN","VERIFIED",0,1
"q-hy-sci-0010","paper-general-curated","src-curated-archive",180,"2026","Tier-1","Shift 1","Set A","comp-practice","subj-science","Main Section","single_mcq",1,0.25,"hi,en","Bilingual","HUMAN_CURATED","CLEAN","VERIFIED",0,1
"q-hy-sci-0011","paper-general-curated","src-curated-archive",181,"2026","Tier-1","Shift 1","Set A","comp-practice","subj-science","Main Section","single_mcq",1,0.25,"hi,en","Bilingual","HUMAN_CURATED","CLEAN","VERIFIED",0,1
"q-hy-sci-0012","paper-general-curated","src-curated-archive",182,"2026","Tier-1","Shift 1","Set A","comp-practice","subj-science","Main Section","single_mcq",1,0.25,"hi,en","Bilingual","HUMAN_CURATED","CLEAN","VERIFIED",0,1
"q-hy-sci-0013","paper-general-curated","src-curated-archive",183,"2026","Tier-1","Shift 1","Set A","comp-practice","subj-science","Main Section","single_mcq",1,0.25,"hi,en","Bilingual","HUMAN_CURATED","CLEAN","VERIFIED",0,1
"q-hy-sci-0014","paper-general-curated","src-curated-archive",184,"2026","Tier-1","Shift 1","Set A","comp-practice","subj-science","Main Section","single_mcq",1,0.25,"hi,en","Bilingual","HUMAN_CURATED","CLEAN","VERIFIED",0,1
"q-hy-sci-0015","paper-general-curated","src-curated-archive",185,"2026","Tier-1","Shift 1","Set A","comp-practice","subj-science","Main Section","single_mcq",1,0.25,"hi,en","Bilingual","HUMAN_CURATED","CLEAN","VERIFIED",0,1
"q-hy-sci-0016","paper-general-curated","src-curated-archive",186,"2026","Tier-1","Shift 1","Set A","comp-practice","subj-science","Main Section","single_mcq",1,0.25,"hi,en","Bilingual","HUMAN_CURATED","CLEAN","VERIFIED",0,1
"q-hy-sci-0017","paper-general-curated","src-curated-archive",187,"2026","Tier-1","Shift 1","Set A","comp-practice","subj-science","Main Section","single_mcq",1,0.25,"hi,en","Bilingual","HUMAN_CURATED","CLEAN","VERIFIED",0,1
"q-hy-sci-0018","paper-general-curated","src-curated-archive",188,"2026","Tier-1","Shift 1","Set A","comp-practice","subj-science","Main Section","single_mcq",1,0.25,"hi,en","Bilingual","HUMAN_CURATED","CLEAN","VERIFIED",0,1
"q-hy-sci-0019","paper-general-curated","src-curated-archive",189,"2026","Tier-1","Shift 1","Set A","comp-practice","subj-science","Main Section","single_mcq",1,0.25,"hi,en","Bilingual","HUMAN_CURATED","CLEAN","VERIFIED",0,1
"q-hy-sci-0020","paper-general-curated","src-curated-archive",190,"2026","Tier-1","Shift 1","Set A","comp-practice","subj-science","Main Section","single_mcq",1,0.25,"hi,en","Bilingual","HUMAN_CURATED","CLEAN","VERIFIED",0,1
"q-hy-sci-0021","paper-general-curated","src-curated-archive",191,"2026","Tier-1","Shift 1","Set A","comp-practice","subj-science","Main Section","single_mcq",1,0.25,"hi,en","Bilingual","HUMAN_CURATED","CLEAN","VERIFIED",0,1
"q-hy-sci-0022","paper-general-curated","src-curated-archive",192,"2026","Tier-1","Shift 1","Set A","comp-practice","subj-science","Main Section","single_mcq",1,0.25,"hi,en","Bilingual","HUMAN_CURATED","CLEAN","VERIFIED",0,1
"q-hy-sci-0023","paper-general-curated","src-curated-archive",193,"2026","Tier-1","Shift 1","Set A","comp-practice","subj-science","Main Section","single_mcq",1,0.25,"hi,en","Bilingual","HUMAN_CURATED","CLEAN","VERIFIED",0,1
"q-hy-sci-0024","paper-general-curated","src-curated-archive",194,"2026","Tier-1","Shift 1","Set A","comp-practice","subj-science","Main Section","single_mcq",1,0.25,"hi,en","Bilingual","HUMAN_CURATED","CLEAN","VERIFIED",0,1
"q-hy-sci-0025","paper-general-curated","src-curated-archive",195,"2026","Tier-1","Shift 1","Set A","comp-practice","subj-science","Main Section","single_mcq",1,0.25,"hi,en","Bilingual","HUMAN_CURATED","CLEAN","VERIFIED",0,1
"q-hy-sci-0026","paper-general-curated","src-curated-archive",196,"2026","Tier-1","Shift 1","Set A","comp-practice","subj-science","Main Section","single_mcq",1,0.25,"hi,en","Bilingual","HUMAN_CURATED","CLEAN","VERIFIED",0,1
"q-hy-sci-0027","paper-general-curated","src-curated-archive",197,"2026","Tier-1","Shift 1","Set A","comp-practice","subj-science","Main Section","single_mcq",1,0.25,"hi,en","Bilingual","HUMAN_CURATED","CLEAN","VERIFIED",0,1
"q-hy-sci-0028","paper-general-curated","src-curated-archive",198,"2026","Tier-1","Shift 1","Set A","comp-practice","subj-science","Main Section","single_mcq",1,0.25,"hi,en","Bilingual","HUMAN_CURATED","CLEAN","VERIFIED",0,1
"q-hy-sci-0029","paper-general-curated","src-curated-archive",199,"2026","Tier-1","Shift 1","Set A","comp-practice","subj-science","Main Section","single_mcq",1,0.25,"hi,en","Bilingual","HUMAN_CURATED","CLEAN","VERIFIED",0,1
"q-hy-sci-0030","paper-general-curated","src-curated-archive",200,"2026","Tier-1","Shift 1","Set A","comp-practice","subj-science","Main Section","single_mcq",1,0.25,"hi,en","Bilingual","HUMAN_CURATED","CLEAN","VERIFIED",0,1
"q-hy-sci-0031","paper-general-curated","src-curated-archive",201,"2026","Tier-1","Shift 1","Set A","comp-practice","subj-science","Main Section","single_mcq",1,0.25,"hi,en","Bilingual","HUMAN_CURATED","CLEAN","VERIFIED",0,1
"q-hy-sci-0032","paper-general-curated","src-curated-archive",202,"2026","Tier-1","Shift 1","Set A","comp-practice","subj-science","Main Section","single_mcq",1,0.25,"hi,en","Bilingual","HUMAN_CURATED","CLEAN","VERIFIED",0,1
"q-hy-sci-0033","paper-general-curated","src-curated-archive",203,"2026","Tier-1","Shift 1","Set A","comp-practice","subj-science","Main Section","single_mcq",1,0.25,"hi,en","Bilingual","HUMAN_CURATED","CLEAN","VERIFIED",0,1
"q-hy-sci-0034","paper-general-curated","src-curated-archive",204,"2026","Tier-1","Shift 1","Set A","comp-practice","subj-science","Main Section","single_mcq",1,0.25,"hi,en","Bilingual","HUMAN_CURATED","CLEAN","VERIFIED",0,1
"q-hy-sci-0035","paper-general-curated","src-curated-archive",205,"2026","Tier-1","Shift 1","Set A","comp-practice","subj-science","Main Section","single_mcq",1,0.25,"hi,en","Bilingual","HUMAN_CURATED","CLEAN","VERIFIED",0,1
"q-hy-sci-0036","paper-general-curated","src-curated-archive",206,"2026","Tier-1","Shift 1","Set A","comp-practice","subj-science","Main Section","single_mcq",1,0.25,"hi,en","Bilingual","HUMAN_CURATED","CLEAN","VERIFIED",0,1
"q-hy-sci-0037","paper-general-curated","src-curated-archive",207,"2026","Tier-1","Shift 1","Set A","comp-practice","subj-science","Main Section","single_mcq",1,0.25,"hi,en","Bilingual","HUMAN_CURATED","CLEAN","VERIFIED",0,1
"q-hy-sci-0038","paper-general-curated","src-curated-archive",208,"2026","Tier-1","Shift 1","Set A","comp-practice","subj-science","Main Section","single_mcq",1,0.25,"hi,en","Bilingual","HUMAN_CURATED","CLEAN","VERIFIED",0,1
"q-hy-sci-0039","paper-general-curated","src-curated-archive",209,"2026","Tier-1","Shift 1","Set A","comp-practice","subj-science","Main Section","single_mcq",1,0.25,"hi,en","Bilingual","HUMAN_CURATED","CLEAN","VERIFIED",0,1
"q-hy-sci-0040","paper-general-curated","src-curated-archive",210,"2026","Tier-1","Shift 1","Set A","comp-practice","subj-science","Main Section","single_mcq",1,0.25,"hi,en","Bilingual","HUMAN_CURATED","CLEAN","VERIFIED",0,1
"q-hy-sci-0041","paper-general-curated","src-curated-archive",211,"2026","Tier-1","Shift 1","Set A","comp-practice","subj-science","Main Section","single_mcq",1,0.25,"hi,en","Bilingual","HUMAN_CURATED","CLEAN","VERIFIED",0,1
"q-hy-sci-0042","paper-general-curated","src-curated-archive",212,"2026","Tier-1","Shift 1","Set A","comp-practice","subj-science","Main Section","single_mcq",1,0.25,"hi,en","Bilingual","HUMAN_CURATED","CLEAN","VERIFIED",0,1
"q-hy-sci-0043","paper-general-curated","src-curated-archive",213,"2026","Tier-1","Shift 1","Set A","comp-practice","subj-science","Main Section","single_mcq",1,0.25,"hi,en","Bilingual","HUMAN_CURATED","CLEAN","VERIFIED",0,1
"q-hy-sci-0044","paper-general-curated","src-curated-archive",214,"2026","Tier-1","Shift 1","Set A","comp-practice","subj-science","Main Section","single_mcq",1,0.25,"hi,en","Bilingual","HUMAN_CURATED","CLEAN","VERIFIED",0,1
"q-hy-sci-0045","paper-general-curated","src-curated-archive",215,"2026","Tier-1","Shift 1","Set A","comp-practice","subj-science","Main Section","single_mcq",1,0.25,"hi,en","Bilingual","HUMAN_CURATED","CLEAN","VERIFIED",0,1
"q-hy-sci-0046","paper-general-curated","src-curated-archive",216,"2026","Tier-1","Shift 1","Set A","comp-practice","subj-science","Main Section","single_mcq",1,0.25,"hi,en","Bilingual","HUMAN_CURATED","CLEAN","VERIFIED",0,1
"q-hy-sci-0047","paper-general-curated","src-curated-archive",217,"2026","Tier-1","Shift 1","Set A","comp-practice","subj-science","Main Section","single_mcq",1,0.25,"hi,en","Bilingual","HUMAN_CURATED","CLEAN","VERIFIED",0,1
"q-hy-sci-0048","paper-general-curated","src-curated-archive",218,"2026","Tier-1","Shift 1","Set A","comp-practice","subj-science","Main Section","single_mcq",1,0.25,"hi,en","Bilingual","HUMAN_CURATED","CLEAN","VERIFIED",0,1
"q-hy-sci-0049","paper-general-curated","src-curated-archive",219,"2026","Tier-1","Shift 1","Set A","comp-practice","subj-science","Main Section","single_mcq",1,0.25,"hi,en","Bilingual","HUMAN_CURATED","CLEAN","VERIFIED",0,1
"q-hy-sci-0050","paper-general-curated","src-curated-archive",220,"2026","Tier-1","Shift 1","Set A","comp-practice","subj-science","Main Section","single_mcq",1,0.25,"hi,en","Bilingual","HUMAN_CURATED","CLEAN","VERIFIED",0,1
"q-hy-sci-0051","paper-general-curated","src-curated-archive",221,"2026","Tier-1","Shift 1","Set A","comp-practice","subj-science","Main Section","single_mcq",1,0.25,"hi,en","Bilingual","HUMAN_CURATED","CLEAN","VERIFIED",0,1
"q-hy-sci-0052","paper-general-curated","src-curated-archive",222,"2026","Tier-1","Shift 1","Set A","comp-practice","subj-science","Main Section","single_mcq",1,0.25,"hi,en","Bilingual","HUMAN_CURATED","CLEAN","VERIFIED",0,1
"q-hy-sci-0053","paper-general-curated","src-curated-archive",223,"2026","Tier-1","Shift 1","Set A","comp-practice","subj-science","Main Section","single_mcq",1,0.25,"hi,en","Bilingual","HUMAN_CURATED","CLEAN","VERIFIED",0,1
"q-hy-sci-0054","paper-general-curated","src-curated-archive",224,"2026","Tier-1","Shift 1","Set A","comp-practice","subj-science","Main Section","single_mcq",1,0.25,"hi,en","Bilingual","HUMAN_CURATED","CLEAN","VERIFIED",0,1
"q-hy-sci-0055","paper-general-curated","src-curated-archive",225,"2026","Tier-1","Shift 1","Set A","comp-practice","subj-science","Main Section","single_mcq",1,0.25,"hi,en","Bilingual","HUMAN_CURATED","CLEAN","VERIFIED",0,1
"q-hy-sci-0056","paper-general-curated","src-curated-archive",226,"2026","Tier-1","Shift 1","Set A","comp-practice","subj-science","Main Section","single_mcq",1,0.25,"hi,en","Bilingual","HUMAN_CURATED","CLEAN","VERIFIED",0,1
"q-hy-sci-0057","paper-general-curated","src-curated-archive",227,"2026","Tier-1","Shift 1","Set A","comp-practice","subj-science","Main Section","single_mcq",1,0.25,"hi,en","Bilingual","HUMAN_CURATED","CLEAN","VERIFIED",0,1
"q-hy-sci-0058","paper-general-curated","src-curated-archive",228,"2026","Tier-1","Shift 1","Set A","comp-practice","subj-science","Main Section","single_mcq",1,0.25,"hi,en","Bilingual","HUMAN_CURATED","CLEAN","VERIFIED",0,1
"q-hy-sci-0059","paper-general-curated","src-curated-archive",229,"2026","Tier-1","Shift 1","Set A","comp-practice","subj-science","Main Section","single_mcq",1,0.25,"hi,en","Bilingual","HUMAN_CURATED","CLEAN","VERIFIED",0,1
"q-hy-sci-0060","paper-general-curated","src-curated-archive",230,"2026","Tier-1","Shift 1","Set A","comp-practice","subj-science","Main Section","single_mcq",1,0.25,"hi,en","Bilingual","HUMAN_CURATED","CLEAN","VERIFIED",0,1
"q-hy-sci-0061","paper-general-curated","src-curated-archive",231,"2026","Tier-1","Shift 1","Set A","comp-practice","subj-science","Main Section","single_mcq",1,0.25,"hi,en","Bilingual","HUMAN_CURATED","CLEAN","VERIFIED",0,1
"q-hy-sci-0062","paper-general-curated","src-curated-archive",232,"2026","Tier-1","Shift 1","Set A","comp-practice","subj-science","Main Section","single_mcq",1,0.25,"hi,en","Bilingual","HUMAN_CURATED","CLEAN","VERIFIED",0,1
"q-hy-sci-0063","paper-general-curated","src-curated-archive",233,"2026","Tier-1","Shift 1","Set A","comp-practice","subj-science","Main Section","single_mcq",1,0.25,"hi,en","Bilingual","HUMAN_CURATED","CLEAN","VERIFIED",0,1
"q-hy-sci-0064","paper-general-curated","src-curated-archive",234,"2026","Tier-1","Shift 1","Set A","comp-practice","subj-science","Main Section","single_mcq",1,0.25,"hi,en","Bilingual","HUMAN_CURATED","CLEAN","VERIFIED",0,1
"q-hy-sci-0065","paper-general-curated","src-curated-archive",235,"2026","Tier-1","Shift 1","Set A","comp-practice","subj-science","Main Section","single_mcq",1,0.25,"hi,en","Bilingual","HUMAN_CURATED","CLEAN","VERIFIED",0,1
"q-hy-sci-0066","paper-general-curated","src-curated-archive",236,"2026","Tier-1","Shift 1","Set A","comp-practice","subj-science","Main Section","single_mcq",1,0.25,"hi,en","Bilingual","HUMAN_CURATED","CLEAN","VERIFIED",0,1
"q-hy-sci-0067","paper-general-curated","src-curated-archive",237,"2026","Tier-1","Shift 1","Set A","comp-practice","subj-science","Main Section","single_mcq",1,0.25,"hi,en","Bilingual","HUMAN_CURATED","CLEAN","VERIFIED",0,1
"q-hy-sci-0068","paper-general-curated","src-curated-archive",238,"2026","Tier-1","Shift 1","Set A","comp-practice","subj-science","Main Section","single_mcq",1,0.25,"hi,en","Bilingual","HUMAN_CURATED","CLEAN","VERIFIED",0,1
"q-hy-sci-0069","paper-general-curated","src-curated-archive",239,"2026","Tier-1","Shift 1","Set A","comp-practice","subj-science","Main Section","single_mcq",1,0.25,"hi,en","Bilingual","HUMAN_CURATED","CLEAN","VERIFIED",0,1
"q-hy-sci-0070","paper-general-curated","src-curated-archive",240,"2026","Tier-1","Shift 1","Set A","comp-practice","subj-science","Main Section","single_mcq",1,0.25,"hi,en","Bilingual","HUMAN_CURATED","CLEAN","VERIFIED",0,1
"q-hy-sci-0071","paper-general-curated","src-curated-archive",241,"2026","Tier-1","Shift 1","Set A","comp-practice","subj-science","Main Section","single_mcq",1,0.25,"hi,en","Bilingual","HUMAN_CURATED","CLEAN","VERIFIED",0,1
"q-hy-sci-0072","paper-general-curated","src-curated-archive",242,"2026","Tier-1","Shift 1","Set A","comp-practice","subj-science","Main Section","single_mcq",1,0.25,"hi,en","Bilingual","HUMAN_CURATED","CLEAN","VERIFIED",0,1
"q-hy-sci-0073","paper-general-curated","src-curated-archive",243,"2026","Tier-1","Shift 1","Set A","comp-practice","subj-science","Main Section","single_mcq",1,0.25,"hi,en","Bilingual","HUMAN_CURATED","CLEAN","VERIFIED",0,1
"q-hy-sci-0074","paper-general-curated","src-curated-archive",244,"2026","Tier-1","Shift 1","Set A","comp-practice","subj-science","Main Section","single_mcq",1,0.25,"hi,en","Bilingual","HUMAN_CURATED","CLEAN","VERIFIED",0,1
"q-hy-sci-0075","paper-general-curated","src-curated-archive",245,"2026","Tier-1","Shift 1","Set A","comp-practice","subj-science","Main Section","single_mcq",1,0.25,"hi,en","Bilingual","HUMAN_CURATED","CLEAN","VERIFIED",0,1
"q-hy-sci-0076","paper-general-curated","src-curated-archive",246,"2026","Tier-1","Shift 1","Set A","comp-practice","subj-science","Main Section","single_mcq",1,0.25,"hi,en","Bilingual","HUMAN_CURATED","CLEAN","VERIFIED",0,1
"q-hy-sci-0077","paper-general-curated","src-curated-archive",247,"2026","Tier-1","Shift 1","Set A","comp-practice","subj-science","Main Section","single_mcq",1,0.25,"hi,en","Bilingual","HUMAN_CURATED","CLEAN","VERIFIED",0,1
"q-hy-sci-0078","paper-general-curated","src-curated-archive",248,"2026","Tier-1","Shift 1","Set A","comp-practice","subj-science","Main Section","single_mcq",1,0.25,"hi,en","Bilingual","HUMAN_CURATED","CLEAN","VERIFIED",0,1
"q-hy-sci-0079","paper-general-curated","src-curated-archive",249,"2026","Tier-1","Shift 1","Set A","comp-practice","subj-science","Main Section","single_mcq",1,0.25,"hi,en","Bilingual","HUMAN_CURATED","CLEAN","VERIFIED",0,1
"q-hy-sci-0080","paper-general-curated","src-curated-archive",250,"2026","Tier-1","Shift 1","Set A","comp-practice","subj-science","Main Section","single_mcq",1,0.25,"hi,en","Bilingual","HUMAN_CURATED","CLEAN","VERIFIED",0,1
"q-hy-sci-0081","paper-general-curated","src-curated-archive",251,"2026","Tier-1","Shift 1","Set A","comp-practice","subj-science","Main Section","single_mcq",1,0.25,"hi,en","Bilingual","HUMAN_CURATED","CLEAN","VERIFIED",0,1
"q-hy-sci-0082","paper-general-curated","src-curated-archive",252,"2026","Tier-1","Shift 1","Set A","comp-practice","subj-science","Main Section","single_mcq",1,0.25,"hi,en","Bilingual","HUMAN_CURATED","CLEAN","VERIFIED",0,1
"q-hy-sci-0083","paper-general-curated","src-curated-archive",253,"2026","Tier-1","Shift 1","Set A","comp-practice","subj-science","Main Section","single_mcq",1,0.25,"hi,en","Bilingual","HUMAN_CURATED","CLEAN","VERIFIED",0,1
"q-hy-sci-0084","paper-general-curated","src-curated-archive",254,"2026","Tier-1","Shift 1","Set A","comp-practice","subj-science","Main Section","single_mcq",1,0.25,"hi,en","Bilingual","HUMAN_CURATED","CLEAN","VERIFIED",0,1
"q-hy-sci-0085","paper-general-curated","src-curated-archive",255,"2026","Tier-1","Shift 1","Set A","comp-practice","subj-science","Main Section","single_mcq",1,0.25,"hi,en","Bilingual","HUMAN_CURATED","CLEAN","VERIFIED",0,1
"q-hy-soc-0001","paper-general-curated","src-curated-archive",256,"2026","Tier-1","Shift 1","Set A","comp-practice","subj-social","Main Section","single_mcq",1,0.25,"hi,en","Bilingual","HUMAN_CURATED","CLEAN","VERIFIED",0,1
"q-hy-soc-0002","paper-general-curated","src-curated-archive",257,"2026","Tier-1","Shift 1","Set A","comp-practice","subj-social","Main Section","single_mcq",1,0.25,"hi,en","Bilingual","HUMAN_CURATED","CLEAN","VERIFIED",0,1
"q-hy-soc-0003","paper-general-curated","src-curated-archive",258,"2026","Tier-1","Shift 1","Set A","comp-practice","subj-social","Main Section","single_mcq",1,0.25,"hi,en","Bilingual","HUMAN_CURATED","CLEAN","VERIFIED",0,1
"q-hy-soc-0004","paper-general-curated","src-curated-archive",259,"2026","Tier-1","Shift 1","Set A","comp-practice","subj-social","Main Section","single_mcq",1,0.25,"hi,en","Bilingual","HUMAN_CURATED","CLEAN","VERIFIED",0,1
"q-hy-soc-0005","paper-general-curated","src-curated-archive",260,"2026","Tier-1","Shift 1","Set A","comp-practice","subj-social","Main Section","single_mcq",1,0.25,"hi,en","Bilingual","HUMAN_CURATED","CLEAN","VERIFIED",0,1
"q-hy-soc-0006","paper-general-curated","src-curated-archive",261,"2026","Tier-1","Shift 1","Set A","comp-practice","subj-social","Main Section","single_mcq",1,0.25,"hi,en","Bilingual","HUMAN_CURATED","CLEAN","VERIFIED",0,1
"q-hy-soc-0007","paper-general-curated","src-curated-archive",262,"2026","Tier-1","Shift 1","Set A","comp-practice","subj-social","Main Section","single_mcq",1,0.25,"hi,en","Bilingual","HUMAN_CURATED","CLEAN","VERIFIED",0,1
"q-hy-soc-0008","paper-general-curated","src-curated-archive",263,"2026","Tier-1","Shift 1","Set A","comp-practice","subj-social","Main Section","single_mcq",1,0.25,"hi,en","Bilingual","HUMAN_CURATED","CLEAN","VERIFIED",0,1
"q-hy-soc-0009","paper-general-curated","src-curated-archive",264,"2026","Tier-1","Shift 1","Set A","comp-practice","subj-social","Main Section","single_mcq",1,0.25,"hi,en","Bilingual","HUMAN_CURATED","CLEAN","VERIFIED",0,1
"q-hy-soc-0010","paper-general-curated","src-curated-archive",265,"2026","Tier-1","Shift 1","Set A","comp-practice","subj-social","Main Section","single_mcq",1,0.25,"hi,en","Bilingual","HUMAN_CURATED","CLEAN","VERIFIED",0,1
"q-hy-soc-0011","paper-general-curated","src-curated-archive",266,"2026","Tier-1","Shift 1","Set A","comp-practice","subj-social","Main Section","single_mcq",1,0.25,"hi,en","Bilingual","HUMAN_CURATED","CLEAN","VERIFIED",0,1
"q-hy-soc-0012","paper-general-curated","src-curated-archive",267,"2026","Tier-1","Shift 1","Set A","comp-practice","subj-social","Main Section","single_mcq",1,0.25,"hi,en","Bilingual","HUMAN_CURATED","CLEAN","VERIFIED",0,1
"q-hy-soc-0013","paper-general-curated","src-curated-archive",268,"2026","Tier-1","Shift 1","Set A","comp-practice","subj-social","Main Section","single_mcq",1,0.25,"hi,en","Bilingual","HUMAN_CURATED","CLEAN","VERIFIED",0,1
"q-hy-soc-0014","paper-general-curated","src-curated-archive",269,"2026","Tier-1","Shift 1","Set A","comp-practice","subj-social","Main Section","single_mcq",1,0.25,"hi,en","Bilingual","HUMAN_CURATED","CLEAN","VERIFIED",0,1
"q-hy-soc-0015","paper-general-curated","src-curated-archive",270,"2026","Tier-1","Shift 1","Set A","comp-practice","subj-social","Main Section","single_mcq",1,0.25,"hi,en","Bilingual","HUMAN_CURATED","CLEAN","VERIFIED",0,1
"q-hy-soc-0016","paper-general-curated","src-curated-archive",271,"2026","Tier-1","Shift 1","Set A","comp-practice","subj-social","Main Section","single_mcq",1,0.25,"hi,en","Bilingual","HUMAN_CURATED","CLEAN","VERIFIED",0,1
"q-hy-soc-0017","paper-general-curated","src-curated-archive",272,"2026","Tier-1","Shift 1","Set A","comp-practice","subj-social","Main Section","single_mcq",1,0.25,"hi,en","Bilingual","HUMAN_CURATED","CLEAN","VERIFIED",0,1
"q-hy-soc-0018","paper-general-curated","src-curated-archive",273,"2026","Tier-1","Shift 1","Set A","comp-practice","subj-social","Main Section","single_mcq",1,0.25,"hi,en","Bilingual","HUMAN_CURATED","CLEAN","VERIFIED",0,1
"q-hy-soc-0019","paper-general-curated","src-curated-archive",274,"2026","Tier-1","Shift 1","Set A","comp-practice","subj-social","Main Section","single_mcq",1,0.25,"hi,en","Bilingual","HUMAN_CURATED","CLEAN","VERIFIED",0,1
"q-hy-soc-0020","paper-general-curated","src-curated-archive",275,"2026","Tier-1","Shift 1","Set A","comp-practice","subj-social","Main Section","single_mcq",1,0.25,"hi,en","Bilingual","HUMAN_CURATED","CLEAN","VERIFIED",0,1
"q-hy-soc-0021","paper-general-curated","src-curated-archive",276,"2026","Tier-1","Shift 1","Set A","comp-practice","subj-social","Main Section","single_mcq",1,0.25,"hi,en","Bilingual","HUMAN_CURATED","CLEAN","VERIFIED",0,1
"q-hy-soc-0022","paper-general-curated","src-curated-archive",277,"2026","Tier-1","Shift 1","Set A","comp-practice","subj-social","Main Section","single_mcq",1,0.25,"hi,en","Bilingual","HUMAN_CURATED","CLEAN","VERIFIED",0,1
"q-hy-soc-0023","paper-general-curated","src-curated-archive",278,"2026","Tier-1","Shift 1","Set A","comp-practice","subj-social","Main Section","single_mcq",1,0.25,"hi,en","Bilingual","HUMAN_CURATED","CLEAN","VERIFIED",0,1
"q-hy-soc-0024","paper-general-curated","src-curated-archive",279,"2026","Tier-1","Shift 1","Set A","comp-practice","subj-social","Main Section","single_mcq",1,0.25,"hi,en","Bilingual","HUMAN_CURATED","CLEAN","VERIFIED",0,1
"q-hy-soc-0025","paper-general-curated","src-curated-archive",280,"2026","Tier-1","Shift 1","Set A","comp-practice","subj-social","Main Section","single_mcq",1,0.25,"hi,en","Bilingual","HUMAN_CURATED","CLEAN","VERIFIED",0,1
"q-hy-soc-0026","paper-general-curated","src-curated-archive",281,"2026","Tier-1","Shift 1","Set A","comp-practice","subj-social","Main Section","single_mcq",1,0.25,"hi,en","Bilingual","HUMAN_CURATED","CLEAN","VERIFIED",0,1
"q-hy-soc-0027","paper-general-curated","src-curated-archive",282,"2026","Tier-1","Shift 1","Set A","comp-practice","subj-social","Main Section","single_mcq",1,0.25,"hi,en","Bilingual","HUMAN_CURATED","CLEAN","VERIFIED",0,1
"q-hy-soc-0028","paper-general-curated","src-curated-archive",283,"2026","Tier-1","Shift 1","Set A","comp-practice","subj-social","Main Section","single_mcq",1,0.25,"hi,en","Bilingual","HUMAN_CURATED","CLEAN","VERIFIED",0,1
"q-hy-soc-0029","paper-general-curated","src-curated-archive",284,"2026","Tier-1","Shift 1","Set A","comp-practice","subj-social","Main Section","single_mcq",1,0.25,"hi,en","Bilingual","HUMAN_CURATED","CLEAN","VERIFIED",0,1
"q-hy-soc-0030","paper-general-curated","src-curated-archive",285,"2026","Tier-1","Shift 1","Set A","comp-practice","subj-social","Main Section","single_mcq",1,0.25,"hi,en","Bilingual","HUMAN_CURATED","CLEAN","VERIFIED",0,1
"q-hy-soc-0031","paper-general-curated","src-curated-archive",286,"2026","Tier-1","Shift 1","Set A","comp-practice","subj-social","Main Section","single_mcq",1,0.25,"hi,en","Bilingual","HUMAN_CURATED","CLEAN","VERIFIED",0,1
"q-hy-soc-0032","paper-general-curated","src-curated-archive",287,"2026","Tier-1","Shift 1","Set A","comp-practice","subj-social","Main Section","single_mcq",1,0.25,"hi,en","Bilingual","HUMAN_CURATED","CLEAN","VERIFIED",0,1
"q-hy-soc-0033","paper-general-curated","src-curated-archive",288,"2026","Tier-1","Shift 1","Set A","comp-practice","subj-social","Main Section","single_mcq",1,0.25,"hi,en","Bilingual","HUMAN_CURATED","CLEAN","VERIFIED",0,1
"q-hy-soc-0034","paper-general-curated","src-curated-archive",289,"2026","Tier-1","Shift 1","Set A","comp-practice","subj-social","Main Section","single_mcq",1,0.25,"hi,en","Bilingual","HUMAN_CURATED","CLEAN","VERIFIED",0,1
"q-hy-soc-0035","paper-general-curated","src-curated-archive",290,"2026","Tier-1","Shift 1","Set A","comp-practice","subj-social","Main Section","single_mcq",1,0.25,"hi,en","Bilingual","HUMAN_CURATED","CLEAN","VERIFIED",0,1
"q-hy-soc-0036","paper-general-curated","src-curated-archive",291,"2026","Tier-1","Shift 1","Set A","comp-practice","subj-social","Main Section","single_mcq",1,0.25,"hi,en","Bilingual","HUMAN_CURATED","CLEAN","VERIFIED",0,1
"q-hy-soc-0037","paper-general-curated","src-curated-archive",292,"2026","Tier-1","Shift 1","Set A","comp-practice","subj-social","Main Section","single_mcq",1,0.25,"hi,en","Bilingual","HUMAN_CURATED","CLEAN","VERIFIED",0,1
"q-hy-soc-0038","paper-general-curated","src-curated-archive",293,"2026","Tier-1","Shift 1","Set A","comp-practice","subj-social","Main Section","single_mcq",1,0.25,"hi,en","Bilingual","HUMAN_CURATED","CLEAN","VERIFIED",0,1
"q-hy-soc-0039","paper-general-curated","src-curated-archive",294,"2026","Tier-1","Shift 1","Set A","comp-practice","subj-social","Main Section","single_mcq",1,0.25,"hi,en","Bilingual","HUMAN_CURATED","CLEAN","VERIFIED",0,1
"q-hy-soc-0040","paper-general-curated","src-curated-archive",295,"2026","Tier-1","Shift 1","Set A","comp-practice","subj-social","Main Section","single_mcq",1,0.25,"hi,en","Bilingual","HUMAN_CURATED","CLEAN","VERIFIED",0,1
"q-hy-soc-0041","paper-general-curated","src-curated-archive",296,"2026","Tier-1","Shift 1","Set A","comp-practice","subj-social","Main Section","single_mcq",1,0.25,"hi,en","Bilingual","HUMAN_CURATED","CLEAN","VERIFIED",0,1
"q-hy-soc-0042","paper-general-curated","src-curated-archive",297,"2026","Tier-1","Shift 1","Set A","comp-practice","subj-social","Main Section","single_mcq",1,0.25,"hi,en","Bilingual","HUMAN_CURATED","CLEAN","VERIFIED",0,1
"q-hy-soc-0043","paper-general-curated","src-curated-archive",298,"2026","Tier-1","Shift 1","Set A","comp-practice","subj-social","Main Section","single_mcq",1,0.25,"hi,en","Bilingual","HUMAN_CURATED","CLEAN","VERIFIED",0,1
"q-hy-soc-0044","paper-general-curated","src-curated-archive",299,"2026","Tier-1","Shift 1","Set A","comp-practice","subj-social","Main Section","single_mcq",1,0.25,"hi,en","Bilingual","HUMAN_CURATED","CLEAN","VERIFIED",0,1
"q-hy-soc-0045","paper-general-curated","src-curated-archive",300,"2026","Tier-1","Shift 1","Set A","comp-practice","subj-social","Main Section","single_mcq",1,0.25,"hi,en","Bilingual","HUMAN_CURATED","CLEAN","VERIFIED",0,1
"q-hy-soc-0046","paper-general-curated","src-curated-archive",301,"2026","Tier-1","Shift 1","Set A","comp-practice","subj-social","Main Section","single_mcq",1,0.25,"hi,en","Bilingual","HUMAN_CURATED","CLEAN","VERIFIED",0,1
"q-hy-soc-0047","paper-general-curated","src-curated-archive",302,"2026","Tier-1","Shift 1","Set A","comp-practice","subj-social","Main Section","single_mcq",1,0.25,"hi,en","Bilingual","HUMAN_CURATED","CLEAN","VERIFIED",0,1
"q-hy-soc-0048","paper-general-curated","src-curated-archive",303,"2026","Tier-1","Shift 1","Set A","comp-practice","subj-social","Main Section","single_mcq",1,0.25,"hi,en","Bilingual","HUMAN_CURATED","CLEAN","VERIFIED",0,1
"q-hy-soc-0049","paper-general-curated","src-curated-archive",304,"2026","Tier-1","Shift 1","Set A","comp-practice","subj-social","Main Section","single_mcq",1,0.25,"hi,en","Bilingual","HUMAN_CURATED","CLEAN","VERIFIED",0,1
"q-hy-soc-0050","paper-general-curated","src-curated-archive",305,"2026","Tier-1","Shift 1","Set A","comp-practice","subj-social","Main Section","single_mcq",1,0.25,"hi,en","Bilingual","HUMAN_CURATED","CLEAN","VERIFIED",0,1
"q-hy-soc-0051","paper-general-curated","src-curated-archive",306,"2026","Tier-1","Shift 1","Set A","comp-practice","subj-social","Main Section","single_mcq",1,0.25,"hi,en","Bilingual","HUMAN_CURATED","CLEAN","VERIFIED",0,1
"q-hy-soc-0052","paper-general-curated","src-curated-archive",307,"2026","Tier-1","Shift 1","Set A","comp-practice","subj-social","Main Section","single_mcq",1,0.25,"hi,en","Bilingual","HUMAN_CURATED","CLEAN","VERIFIED",0,1
"q-hy-soc-0053","paper-general-curated","src-curated-archive",308,"2026","Tier-1","Shift 1","Set A","comp-practice","subj-social","Main Section","single_mcq",1,0.25,"hi,en","Bilingual","HUMAN_CURATED","CLEAN","VERIFIED",0,1
"q-hy-soc-0054","paper-general-curated","src-curated-archive",309,"2026","Tier-1","Shift 1","Set A","comp-practice","subj-social","Main Section","single_mcq",1,0.25,"hi,en","Bilingual","HUMAN_CURATED","CLEAN","VERIFIED",0,1
"q-hy-soc-0055","paper-general-curated","src-curated-archive",310,"2026","Tier-1","Shift 1","Set A","comp-practice","subj-social","Main Section","single_mcq",1,0.25,"hi,en","Bilingual","HUMAN_CURATED","CLEAN","VERIFIED",0,1
"q-hy-soc-0056","paper-general-curated","src-curated-archive",311,"2026","Tier-1","Shift 1","Set A","comp-practice","subj-social","Main Section","single_mcq",1,0.25,"hi,en","Bilingual","HUMAN_CURATED","CLEAN","VERIFIED",0,1
"q-hy-soc-0057","paper-general-curated","src-curated-archive",312,"2026","Tier-1","Shift 1","Set A","comp-practice","subj-social","Main Section","single_mcq",1,0.25,"hi,en","Bilingual","HUMAN_CURATED","CLEAN","VERIFIED",0,1
"q-hy-soc-0058","paper-general-curated","src-curated-archive",313,"2026","Tier-1","Shift 1","Set A","comp-practice","subj-social","Main Section","single_mcq",1,0.25,"hi,en","Bilingual","HUMAN_CURATED","CLEAN","VERIFIED",0,1
"q-hy-soc-0059","paper-general-curated","src-curated-archive",314,"2026","Tier-1","Shift 1","Set A","comp-practice","subj-social","Main Section","single_mcq",1,0.25,"hi,en","Bilingual","HUMAN_CURATED","CLEAN","VERIFIED",0,1
"q-hy-soc-0060","paper-general-curated","src-curated-archive",315,"2026","Tier-1","Shift 1","Set A","comp-practice","subj-social","Main Section","single_mcq",1,0.25,"hi,en","Bilingual","HUMAN_CURATED","CLEAN","VERIFIED",0,1
"q-hy-soc-0061","paper-general-curated","src-curated-archive",316,"2026","Tier-1","Shift 1","Set A","comp-practice","subj-social","Main Section","single_mcq",1,0.25,"hi,en","Bilingual","HUMAN_CURATED","CLEAN","VERIFIED",0,1
"q-hy-soc-0062","paper-general-curated","src-curated-archive",317,"2026","Tier-1","Shift 1","Set A","comp-practice","subj-social","Main Section","single_mcq",1,0.25,"hi,en","Bilingual","HUMAN_CURATED","CLEAN","VERIFIED",0,1
"q-hy-soc-0063","paper-general-curated","src-curated-archive",318,"2026","Tier-1","Shift 1","Set A","comp-practice","subj-social","Main Section","single_mcq",1,0.25,"hi,en","Bilingual","HUMAN_CURATED","CLEAN","VERIFIED",0,1
"q-hy-soc-0064","paper-general-curated","src-curated-archive",319,"2026","Tier-1","Shift 1","Set A","comp-practice","subj-social","Main Section","single_mcq",1,0.25,"hi,en","Bilingual","HUMAN_CURATED","CLEAN","VERIFIED",0,1
"q-hy-soc-0065","paper-general-curated","src-curated-archive",320,"2026","Tier-1","Shift 1","Set A","comp-practice","subj-social","Main Section","single_mcq",1,0.25,"hi,en","Bilingual","HUMAN_CURATED","CLEAN","VERIFIED",0,1
"q-hy-soc-0066","paper-general-curated","src-curated-archive",321,"2026","Tier-1","Shift 1","Set A","comp-practice","subj-social","Main Section","single_mcq",1,0.25,"hi,en","Bilingual","HUMAN_CURATED","CLEAN","VERIFIED",0,1
"q-hy-soc-0067","paper-general-curated","src-curated-archive",322,"2026","Tier-1","Shift 1","Set A","comp-practice","subj-social","Main Section","single_mcq",1,0.25,"hi,en","Bilingual","HUMAN_CURATED","CLEAN","VERIFIED",0,1
"q-hy-soc-0068","paper-general-curated","src-curated-archive",323,"2026","Tier-1","Shift 1","Set A","comp-practice","subj-social","Main Section","single_mcq",1,0.25,"hi,en","Bilingual","HUMAN_CURATED","CLEAN","VERIFIED",0,1
"q-hy-soc-0069","paper-general-curated","src-curated-archive",324,"2026","Tier-1","Shift 1","Set A","comp-practice","subj-social","Main Section","single_mcq",1,0.25,"hi,en","Bilingual","HUMAN_CURATED","CLEAN","VERIFIED",0,1
"q-hy-soc-0070","paper-general-curated","src-curated-archive",325,"2026","Tier-1","Shift 1","Set A","comp-practice","subj-social","Main Section","single_mcq",1,0.25,"hi,en","Bilingual","HUMAN_CURATED","CLEAN","VERIFIED",0,1
"q-hy-soc-0071","paper-general-curated","src-curated-archive",326,"2026","Tier-1","Shift 1","Set A","comp-practice","subj-social","Main Section","single_mcq",1,0.25,"hi,en","Bilingual","HUMAN_CURATED","CLEAN","VERIFIED",0,1
"q-hy-soc-0072","paper-general-curated","src-curated-archive",327,"2026","Tier-1","Shift 1","Set A","comp-practice","subj-social","Main Section","single_mcq",1,0.25,"hi,en","Bilingual","HUMAN_CURATED","CLEAN","VERIFIED",0,1
"q-hy-soc-0073","paper-general-curated","src-curated-archive",328,"2026","Tier-1","Shift 1","Set A","comp-practice","subj-social","Main Section","single_mcq",1,0.25,"hi,en","Bilingual","HUMAN_CURATED","CLEAN","VERIFIED",0,1
"q-hy-soc-0074","paper-general-curated","src-curated-archive",329,"2026","Tier-1","Shift 1","Set A","comp-practice","subj-social","Main Section","single_mcq",1,0.25,"hi,en","Bilingual","HUMAN_CURATED","CLEAN","VERIFIED",0,1
"q-hy-soc-0075","paper-general-curated","src-curated-archive",330,"2026","Tier-1","Shift 1","Set A","comp-practice","subj-social","Main Section","single_mcq",1,0.25,"hi,en","Bilingual","HUMAN_CURATED","CLEAN","VERIFIED",0,1
"q-hy-soc-0076","paper-general-curated","src-curated-archive",331,"2026","Tier-1","Shift 1","Set A","comp-practice","subj-social","Main Section","single_mcq",1,0.25,"hi,en","Bilingual","HUMAN_CURATED","CLEAN","VERIFIED",0,1
"q-hy-soc-0077","paper-general-curated","src-curated-archive",332,"2026","Tier-1","Shift 1","Set A","comp-practice","subj-social","Main Section","single_mcq",1,0.25,"hi,en","Bilingual","HUMAN_CURATED","CLEAN","VERIFIED",0,1
"q-hy-soc-0078","paper-general-curated","src-curated-archive",333,"2026","Tier-1","Shift 1","Set A","comp-practice","subj-social","Main Section","single_mcq",1,0.25,"hi,en","Bilingual","HUMAN_CURATED","CLEAN","VERIFIED",0,1
"q-hy-soc-0079","paper-general-curated","src-curated-archive",334,"2026","Tier-1","Shift 1","Set A","comp-practice","subj-social","Main Section","single_mcq",1,0.25,"hi,en","Bilingual","HUMAN_CURATED","CLEAN","VERIFIED",0,1
"q-hy-soc-0080","paper-general-curated","src-curated-archive",335,"2026","Tier-1","Shift 1","Set A","comp-practice","subj-social","Main Section","single_mcq",1,0.25,"hi,en","Bilingual","HUMAN_CURATED","CLEAN","VERIFIED",0,1
"q-hy-soc-0081","paper-general-curated","src-curated-archive",336,"2026","Tier-1","Shift 1","Set A","comp-practice","subj-social","Main Section","single_mcq",1,0.25,"hi,en","Bilingual","HUMAN_CURATED","CLEAN","VERIFIED",0,1
"q-hy-soc-0082","paper-general-curated","src-curated-archive",337,"2026","Tier-1","Shift 1","Set A","comp-practice","subj-social","Main Section","single_mcq",1,0.25,"hi,en","Bilingual","HUMAN_CURATED","CLEAN","VERIFIED",0,1
"q-hy-soc-0083","paper-general-curated","src-curated-archive",338,"2026","Tier-1","Shift 1","Set A","comp-practice","subj-social","Main Section","single_mcq",1,0.25,"hi,en","Bilingual","HUMAN_CURATED","CLEAN","VERIFIED",0,1
"q-hy-soc-0084","paper-general-curated","src-curated-archive",339,"2026","Tier-1","Shift 1","Set A","comp-practice","subj-social","Main Section","single_mcq",1,0.25,"hi,en","Bilingual","HUMAN_CURATED","CLEAN","VERIFIED",0,1
"q-hy-soc-0085","paper-general-curated","src-curated-archive",340,"2026","Tier-1","Shift 1","Set A","comp-practice","subj-social","Main Section","single_mcq",1,0.25,"hi,en","Bilingual","HUMAN_CURATED","CLEAN","VERIFIED",0,1
"q-hy-en-0001","paper-general-curated","src-curated-archive",341,"2026","Tier-1","Shift 1","Set A","comp-practice","subj-english","Main Section","single_mcq",1,0.25,"hi,en","Bilingual","HUMAN_CURATED","CLEAN","VERIFIED",0,1
"q-hy-en-0002","paper-general-curated","src-curated-archive",342,"2026","Tier-1","Shift 1","Set A","comp-practice","subj-english","Main Section","single_mcq",1,0.25,"hi,en","Bilingual","HUMAN_CURATED","CLEAN","VERIFIED",0,1
"q-hy-en-0003","paper-general-curated","src-curated-archive",343,"2026","Tier-1","Shift 1","Set A","comp-practice","subj-english","Main Section","single_mcq",1,0.25,"hi,en","Bilingual","HUMAN_CURATED","CLEAN","VERIFIED",0,1
"q-hy-en-0004","paper-general-curated","src-curated-archive",344,"2026","Tier-1","Shift 1","Set A","comp-practice","subj-english","Main Section","single_mcq",1,0.25,"hi,en","Bilingual","HUMAN_CURATED","CLEAN","VERIFIED",0,1
"q-hy-en-0005","paper-general-curated","src-curated-archive",345,"2026","Tier-1","Shift 1","Set A","comp-practice","subj-english","Main Section","single_mcq",1,0.25,"hi,en","Bilingual","HUMAN_CURATED","CLEAN","VERIFIED",0,1
"q-hy-en-0006","paper-general-curated","src-curated-archive",346,"2026","Tier-1","Shift 1","Set A","comp-practice","subj-english","Main Section","single_mcq",1,0.25,"hi,en","Bilingual","HUMAN_CURATED","CLEAN","VERIFIED",0,1
"q-hy-en-0007","paper-general-curated","src-curated-archive",347,"2026","Tier-1","Shift 1","Set A","comp-practice","subj-english","Main Section","single_mcq",1,0.25,"hi,en","Bilingual","HUMAN_CURATED","CLEAN","VERIFIED",0,1
"q-hy-en-0008","paper-general-curated","src-curated-archive",348,"2026","Tier-1","Shift 1","Set A","comp-practice","subj-english","Main Section","single_mcq",1,0.25,"hi,en","Bilingual","HUMAN_CURATED","CLEAN","VERIFIED",0,1
"q-hy-en-0009","paper-general-curated","src-curated-archive",349,"2026","Tier-1","Shift 1","Set A","comp-practice","subj-english","Main Section","single_mcq",1,0.25,"hi,en","Bilingual","HUMAN_CURATED","CLEAN","VERIFIED",0,1
"q-hy-en-0010","paper-general-curated","src-curated-archive",350,"2026","Tier-1","Shift 1","Set A","comp-practice","subj-english","Main Section","single_mcq",1,0.25,"hi,en","Bilingual","HUMAN_CURATED","CLEAN","VERIFIED",0,1
"q-hy-en-0011","paper-general-curated","src-curated-archive",351,"2026","Tier-1","Shift 1","Set A","comp-practice","subj-english","Main Section","single_mcq",1,0.25,"hi,en","Bilingual","HUMAN_CURATED","CLEAN","VERIFIED",0,1
"q-hy-en-0012","paper-general-curated","src-curated-archive",352,"2026","Tier-1","Shift 1","Set A","comp-practice","subj-english","Main Section","single_mcq",1,0.25,"hi,en","Bilingual","HUMAN_CURATED","CLEAN","VERIFIED",0,1
"q-hy-en-0013","paper-general-curated","src-curated-archive",353,"2026","Tier-1","Shift 1","Set A","comp-practice","subj-english","Main Section","single_mcq",1,0.25,"hi,en","Bilingual","HUMAN_CURATED","CLEAN","VERIFIED",0,1
"q-hy-en-0014","paper-general-curated","src-curated-archive",354,"2026","Tier-1","Shift 1","Set A","comp-practice","subj-english","Main Section","single_mcq",1,0.25,"hi,en","Bilingual","HUMAN_CURATED","CLEAN","VERIFIED",0,1
"q-hy-en-0015","paper-general-curated","src-curated-archive",355,"2026","Tier-1","Shift 1","Set A","comp-practice","subj-english","Main Section","single_mcq",1,0.25,"hi,en","Bilingual","HUMAN_CURATED","CLEAN","VERIFIED",0,1
"q-hy-en-0016","paper-general-curated","src-curated-archive",356,"2026","Tier-1","Shift 1","Set A","comp-practice","subj-english","Main Section","single_mcq",1,0.25,"hi,en","Bilingual","HUMAN_CURATED","CLEAN","VERIFIED",0,1
"q-hy-en-0017","paper-general-curated","src-curated-archive",357,"2026","Tier-1","Shift 1","Set A","comp-practice","subj-english","Main Section","single_mcq",1,0.25,"hi,en","Bilingual","HUMAN_CURATED","CLEAN","VERIFIED",0,1
"q-hy-en-0018","paper-general-curated","src-curated-archive",358,"2026","Tier-1","Shift 1","Set A","comp-practice","subj-english","Main Section","single_mcq",1,0.25,"hi,en","Bilingual","HUMAN_CURATED","CLEAN","VERIFIED",0,1
"q-hy-en-0019","paper-general-curated","src-curated-archive",359,"2026","Tier-1","Shift 1","Set A","comp-practice","subj-english","Main Section","single_mcq",1,0.25,"hi,en","Bilingual","HUMAN_CURATED","CLEAN","VERIFIED",0,1
"q-hy-en-0020","paper-general-curated","src-curated-archive",360,"2026","Tier-1","Shift 1","Set A","comp-practice","subj-english","Main Section","single_mcq",1,0.25,"hi,en","Bilingual","HUMAN_CURATED","CLEAN","VERIFIED",0,1
"q-hy-en-0021","paper-general-curated","src-curated-archive",361,"2026","Tier-1","Shift 1","Set A","comp-practice","subj-english","Main Section","single_mcq",1,0.25,"hi,en","Bilingual","HUMAN_CURATED","CLEAN","VERIFIED",0,1
"q-hy-en-0022","paper-general-curated","src-curated-archive",362,"2026","Tier-1","Shift 1","Set A","comp-practice","subj-english","Main Section","single_mcq",1,0.25,"hi,en","Bilingual","HUMAN_CURATED","CLEAN","VERIFIED",0,1
"q-hy-en-0023","paper-general-curated","src-curated-archive",363,"2026","Tier-1","Shift 1","Set A","comp-practice","subj-english","Main Section","single_mcq",1,0.25,"hi,en","Bilingual","HUMAN_CURATED","CLEAN","VERIFIED",0,1
"q-hy-en-0024","paper-general-curated","src-curated-archive",364,"2026","Tier-1","Shift 1","Set A","comp-practice","subj-english","Main Section","single_mcq",1,0.25,"hi,en","Bilingual","HUMAN_CURATED","CLEAN","VERIFIED",0,1
"q-hy-en-0025","paper-general-curated","src-curated-archive",365,"2026","Tier-1","Shift 1","Set A","comp-practice","subj-english","Main Section","single_mcq",1,0.25,"hi,en","Bilingual","HUMAN_CURATED","CLEAN","VERIFIED",0,1
"q-hy-en-0026","paper-general-curated","src-curated-archive",366,"2026","Tier-1","Shift 1","Set A","comp-practice","subj-english","Main Section","single_mcq",1,0.25,"hi,en","Bilingual","HUMAN_CURATED","CLEAN","VERIFIED",0,1
"q-hy-en-0027","paper-general-curated","src-curated-archive",367,"2026","Tier-1","Shift 1","Set A","comp-practice","subj-english","Main Section","single_mcq",1,0.25,"hi,en","Bilingual","HUMAN_CURATED","CLEAN","VERIFIED",0,1
"q-hy-en-0028","paper-general-curated","src-curated-archive",368,"2026","Tier-1","Shift 1","Set A","comp-practice","subj-english","Main Section","single_mcq",1,0.25,"hi,en","Bilingual","HUMAN_CURATED","CLEAN","VERIFIED",0,1
"q-hy-en-0029","paper-general-curated","src-curated-archive",369,"2026","Tier-1","Shift 1","Set A","comp-practice","subj-english","Main Section","single_mcq",1,0.25,"hi,en","Bilingual","HUMAN_CURATED","CLEAN","VERIFIED",0,1
"q-hy-en-0030","paper-general-curated","src-curated-archive",370,"2026","Tier-1","Shift 1","Set A","comp-practice","subj-english","Main Section","single_mcq",1,0.25,"hi,en","Bilingual","HUMAN_CURATED","CLEAN","VERIFIED",0,1
"q-hy-en-0031","paper-general-curated","src-curated-archive",371,"2026","Tier-1","Shift 1","Set A","comp-practice","subj-english","Main Section","single_mcq",1,0.25,"hi,en","Bilingual","HUMAN_CURATED","CLEAN","VERIFIED",0,1
"q-hy-en-0032","paper-general-curated","src-curated-archive",372,"2026","Tier-1","Shift 1","Set A","comp-practice","subj-english","Main Section","single_mcq",1,0.25,"hi,en","Bilingual","HUMAN_CURATED","CLEAN","VERIFIED",0,1
"q-hy-en-0033","paper-general-curated","src-curated-archive",373,"2026","Tier-1","Shift 1","Set A","comp-practice","subj-english","Main Section","single_mcq",1,0.25,"hi,en","Bilingual","HUMAN_CURATED","CLEAN","VERIFIED",0,1
"q-hy-en-0034","paper-general-curated","src-curated-archive",374,"2026","Tier-1","Shift 1","Set A","comp-practice","subj-english","Main Section","single_mcq",1,0.25,"hi,en","Bilingual","HUMAN_CURATED","CLEAN","VERIFIED",0,1
"q-hy-en-0035","paper-general-curated","src-curated-archive",375,"2026","Tier-1","Shift 1","Set A","comp-practice","subj-english","Main Section","single_mcq",1,0.25,"hi,en","Bilingual","HUMAN_CURATED","CLEAN","VERIFIED",0,1
"q-hy-en-0036","paper-general-curated","src-curated-archive",376,"2026","Tier-1","Shift 1","Set A","comp-practice","subj-english","Main Section","single_mcq",1,0.25,"hi,en","Bilingual","HUMAN_CURATED","CLEAN","VERIFIED",0,1
"q-hy-en-0037","paper-general-curated","src-curated-archive",377,"2026","Tier-1","Shift 1","Set A","comp-practice","subj-english","Main Section","single_mcq",1,0.25,"hi,en","Bilingual","HUMAN_CURATED","CLEAN","VERIFIED",0,1
"q-hy-en-0038","paper-general-curated","src-curated-archive",378,"2026","Tier-1","Shift 1","Set A","comp-practice","subj-english","Main Section","single_mcq",1,0.25,"hi,en","Bilingual","HUMAN_CURATED","CLEAN","VERIFIED",0,1
"q-hy-en-0039","paper-general-curated","src-curated-archive",379,"2026","Tier-1","Shift 1","Set A","comp-practice","subj-english","Main Section","single_mcq",1,0.25,"hi,en","Bilingual","HUMAN_CURATED","CLEAN","VERIFIED",0,1
"q-hy-en-0040","paper-general-curated","src-curated-archive",380,"2026","Tier-1","Shift 1","Set A","comp-practice","subj-english","Main Section","single_mcq",1,0.25,"hi,en","Bilingual","HUMAN_CURATED","CLEAN","VERIFIED",0,1
"q-hy-en-0041","paper-general-curated","src-curated-archive",381,"2026","Tier-1","Shift 1","Set A","comp-practice","subj-english","Main Section","single_mcq",1,0.25,"hi,en","Bilingual","HUMAN_CURATED","CLEAN","VERIFIED",0,1
"q-hy-en-0042","paper-general-curated","src-curated-archive",382,"2026","Tier-1","Shift 1","Set A","comp-practice","subj-english","Main Section","single_mcq",1,0.25,"hi,en","Bilingual","HUMAN_CURATED","CLEAN","VERIFIED",0,1
"q-hy-en-0043","paper-general-curated","src-curated-archive",383,"2026","Tier-1","Shift 1","Set A","comp-practice","subj-english","Main Section","single_mcq",1,0.25,"hi,en","Bilingual","HUMAN_CURATED","CLEAN","VERIFIED",0,1
"q-hy-en-0044","paper-general-curated","src-curated-archive",384,"2026","Tier-1","Shift 1","Set A","comp-practice","subj-english","Main Section","single_mcq",1,0.25,"hi,en","Bilingual","HUMAN_CURATED","CLEAN","VERIFIED",0,1
"q-hy-en-0045","paper-general-curated","src-curated-archive",385,"2026","Tier-1","Shift 1","Set A","comp-practice","subj-english","Main Section","single_mcq",1,0.25,"hi,en","Bilingual","HUMAN_CURATED","CLEAN","VERIFIED",0,1
"q-hy-en-0046","paper-general-curated","src-curated-archive",386,"2026","Tier-1","Shift 1","Set A","comp-practice","subj-english","Main Section","single_mcq",1,0.25,"hi,en","Bilingual","HUMAN_CURATED","CLEAN","VERIFIED",0,1
"q-hy-en-0047","paper-general-curated","src-curated-archive",387,"2026","Tier-1","Shift 1","Set A","comp-practice","subj-english","Main Section","single_mcq",1,0.25,"hi,en","Bilingual","HUMAN_CURATED","CLEAN","VERIFIED",0,1
"q-hy-en-0048","paper-general-curated","src-curated-archive",388,"2026","Tier-1","Shift 1","Set A","comp-practice","subj-english","Main Section","single_mcq",1,0.25,"hi,en","Bilingual","HUMAN_CURATED","CLEAN","VERIFIED",0,1
"q-hy-en-0049","paper-general-curated","src-curated-archive",389,"2026","Tier-1","Shift 1","Set A","comp-practice","subj-english","Main Section","single_mcq",1,0.25,"hi,en","Bilingual","HUMAN_CURATED","CLEAN","VERIFIED",0,1
"q-hy-en-0050","paper-general-curated","src-curated-archive",390,"2026","Tier-1","Shift 1","Set A","comp-practice","subj-english","Main Section","single_mcq",1,0.25,"hi,en","Bilingual","HUMAN_CURATED","CLEAN","VERIFIED",0,1
"q-hy-en-0051","paper-general-curated","src-curated-archive",391,"2026","Tier-1","Shift 1","Set A","comp-practice","subj-english","Main Section","single_mcq",1,0.25,"hi,en","Bilingual","HUMAN_CURATED","CLEAN","VERIFIED",0,1
"q-hy-en-0052","paper-general-curated","src-curated-archive",392,"2026","Tier-1","Shift 1","Set A","comp-practice","subj-english","Main Section","single_mcq",1,0.25,"hi,en","Bilingual","HUMAN_CURATED","CLEAN","VERIFIED",0,1
"q-hy-en-0053","paper-general-curated","src-curated-archive",393,"2026","Tier-1","Shift 1","Set A","comp-practice","subj-english","Main Section","single_mcq",1,0.25,"hi,en","Bilingual","HUMAN_CURATED","CLEAN","VERIFIED",0,1
"q-hy-en-0054","paper-general-curated","src-curated-archive",394,"2026","Tier-1","Shift 1","Set A","comp-practice","subj-english","Main Section","single_mcq",1,0.25,"hi,en","Bilingual","HUMAN_CURATED","CLEAN","VERIFIED",0,1
"q-hy-en-0055","paper-general-curated","src-curated-archive",395,"2026","Tier-1","Shift 1","Set A","comp-practice","subj-english","Main Section","single_mcq",1,0.25,"hi,en","Bilingual","HUMAN_CURATED","CLEAN","VERIFIED",0,1
"q-hy-en-0056","paper-general-curated","src-curated-archive",396,"2026","Tier-1","Shift 1","Set A","comp-practice","subj-english","Main Section","single_mcq",1,0.25,"hi,en","Bilingual","HUMAN_CURATED","CLEAN","VERIFIED",0,1
"q-hy-en-0057","paper-general-curated","src-curated-archive",397,"2026","Tier-1","Shift 1","Set A","comp-practice","subj-english","Main Section","single_mcq",1,0.25,"hi,en","Bilingual","HUMAN_CURATED","CLEAN","VERIFIED",0,1
"q-hy-en-0058","paper-general-curated","src-curated-archive",398,"2026","Tier-1","Shift 1","Set A","comp-practice","subj-english","Main Section","single_mcq",1,0.25,"hi,en","Bilingual","HUMAN_CURATED","CLEAN","VERIFIED",0,1
"q-hy-en-0059","paper-general-curated","src-curated-archive",399,"2026","Tier-1","Shift 1","Set A","comp-practice","subj-english","Main Section","single_mcq",1,0.25,"hi,en","Bilingual","HUMAN_CURATED","CLEAN","VERIFIED",0,1
"q-hy-en-0060","paper-general-curated","src-curated-archive",400,"2026","Tier-1","Shift 1","Set A","comp-practice","subj-english","Main Section","single_mcq",1,0.25,"hi,en","Bilingual","HUMAN_CURATED","CLEAN","VERIFIED",0,1
"q-hy-en-0061","paper-general-curated","src-curated-archive",401,"2026","Tier-1","Shift 1","Set A","comp-practice","subj-english","Main Section","single_mcq",1,0.25,"hi,en","Bilingual","HUMAN_CURATED","CLEAN","VERIFIED",0,1
"q-hy-en-0062","paper-general-curated","src-curated-archive",402,"2026","Tier-1","Shift 1","Set A","comp-practice","subj-english","Main Section","single_mcq",1,0.25,"hi,en","Bilingual","HUMAN_CURATED","CLEAN","VERIFIED",0,1
"q-hy-en-0063","paper-general-curated","src-curated-archive",403,"2026","Tier-1","Shift 1","Set A","comp-practice","subj-english","Main Section","single_mcq",1,0.25,"hi,en","Bilingual","HUMAN_CURATED","CLEAN","VERIFIED",0,1
"q-hy-en-0064","paper-general-curated","src-curated-archive",404,"2026","Tier-1","Shift 1","Set A","comp-practice","subj-english","Main Section","single_mcq",1,0.25,"hi,en","Bilingual","HUMAN_CURATED","CLEAN","VERIFIED",0,1
"q-hy-en-0065","paper-general-curated","src-curated-archive",405,"2026","Tier-1","Shift 1","Set A","comp-practice","subj-english","Main Section","single_mcq",1,0.25,"hi,en","Bilingual","HUMAN_CURATED","CLEAN","VERIFIED",0,1
"q-hy-en-0066","paper-general-curated","src-curated-archive",406,"2026","Tier-1","Shift 1","Set A","comp-practice","subj-english","Main Section","single_mcq",1,0.25,"hi,en","Bilingual","HUMAN_CURATED","CLEAN","VERIFIED",0,1
"q-hy-en-0067","paper-general-curated","src-curated-archive",407,"2026","Tier-1","Shift 1","Set A","comp-practice","subj-english","Main Section","single_mcq",1,0.25,"hi,en","Bilingual","HUMAN_CURATED","CLEAN","VERIFIED",0,1
"q-hy-en-0068","paper-general-curated","src-curated-archive",408,"2026","Tier-1","Shift 1","Set A","comp-practice","subj-english","Main Section","single_mcq",1,0.25,"hi,en","Bilingual","HUMAN_CURATED","CLEAN","VERIFIED",0,1
"q-hy-en-0069","paper-general-curated","src-curated-archive",409,"2026","Tier-1","Shift 1","Set A","comp-practice","subj-english","Main Section","single_mcq",1,0.25,"hi,en","Bilingual","HUMAN_CURATED","CLEAN","VERIFIED",0,1
"q-hy-en-0070","paper-general-curated","src-curated-archive",410,"2026","Tier-1","Shift 1","Set A","comp-practice","subj-english","Main Section","single_mcq",1,0.25,"hi,en","Bilingual","HUMAN_CURATED","CLEAN","VERIFIED",0,1
"q-hy-en-0071","paper-general-curated","src-curated-archive",411,"2026","Tier-1","Shift 1","Set A","comp-practice","subj-english","Main Section","single_mcq",1,0.25,"hi,en","Bilingual","HUMAN_CURATED","CLEAN","VERIFIED",0,1
"q-hy-en-0072","paper-general-curated","src-curated-archive",412,"2026","Tier-1","Shift 1","Set A","comp-practice","subj-english","Main Section","single_mcq",1,0.25,"hi,en","Bilingual","HUMAN_CURATED","CLEAN","VERIFIED",0,1
"q-hy-en-0073","paper-general-curated","src-curated-archive",413,"2026","Tier-1","Shift 1","Set A","comp-practice","subj-english","Main Section","single_mcq",1,0.25,"hi,en","Bilingual","HUMAN_CURATED","CLEAN","VERIFIED",0,1
"q-hy-en-0074","paper-general-curated","src-curated-archive",414,"2026","Tier-1","Shift 1","Set A","comp-practice","subj-english","Main Section","single_mcq",1,0.25,"hi,en","Bilingual","HUMAN_CURATED","CLEAN","VERIFIED",0,1
"q-hy-en-0075","paper-general-curated","src-curated-archive",415,"2026","Tier-1","Shift 1","Set A","comp-practice","subj-english","Main Section","single_mcq",1,0.25,"hi,en","Bilingual","HUMAN_CURATED","CLEAN","VERIFIED",0,1
"q-hy-en-0076","paper-general-curated","src-curated-archive",416,"2026","Tier-1","Shift 1","Set A","comp-practice","subj-english","Main Section","single_mcq",1,0.25,"hi,en","Bilingual","HUMAN_CURATED","CLEAN","VERIFIED",0,1
"q-hy-en-0077","paper-general-curated","src-curated-archive",417,"2026","Tier-1","Shift 1","Set A","comp-practice","subj-english","Main Section","single_mcq",1,0.25,"hi,en","Bilingual","HUMAN_CURATED","CLEAN","VERIFIED",0,1
"q-hy-en-0078","paper-general-curated","src-curated-archive",418,"2026","Tier-1","Shift 1","Set A","comp-practice","subj-english","Main Section","single_mcq",1,0.25,"hi,en","Bilingual","HUMAN_CURATED","CLEAN","VERIFIED",0,1
"q-hy-en-0079","paper-general-curated","src-curated-archive",419,"2026","Tier-1","Shift 1","Set A","comp-practice","subj-english","Main Section","single_mcq",1,0.25,"hi,en","Bilingual","HUMAN_CURATED","CLEAN","VERIFIED",0,1
"q-hy-en-0080","paper-general-curated","src-curated-archive",420,"2026","Tier-1","Shift 1","Set A","comp-practice","subj-english","Main Section","single_mcq",1,0.25,"hi,en","Bilingual","HUMAN_CURATED","CLEAN","VERIFIED",0,1
"q-hy-en-0081","paper-general-curated","src-curated-archive",421,"2026","Tier-1","Shift 1","Set A","comp-practice","subj-english","Main Section","single_mcq",1,0.25,"hi,en","Bilingual","HUMAN_CURATED","CLEAN","VERIFIED",0,1
"q-hy-en-0082","paper-general-curated","src-curated-archive",422,"2026","Tier-1","Shift 1","Set A","comp-practice","subj-english","Main Section","single_mcq",1,0.25,"hi,en","Bilingual","HUMAN_CURATED","CLEAN","VERIFIED",0,1
"q-hy-en-0083","paper-general-curated","src-curated-archive",423,"2026","Tier-1","Shift 1","Set A","comp-practice","subj-english","Main Section","single_mcq",1,0.25,"hi,en","Bilingual","HUMAN_CURATED","CLEAN","VERIFIED",0,1
"q-hy-en-0084","paper-general-curated","src-curated-archive",424,"2026","Tier-1","Shift 1","Set A","comp-practice","subj-english","Main Section","single_mcq",1,0.25,"hi,en","Bilingual","HUMAN_CURATED","CLEAN","VERIFIED",0,1
"q-hy-en-0085","paper-general-curated","src-curated-archive",425,"2026","Tier-1","Shift 1","Set A","comp-practice","subj-english","Main Section","single_mcq",1,0.25,"hi,en","Bilingual","HUMAN_CURATED","CLEAN","VERIFIED",0,1
"q-hy-sa-0001","paper-general-curated","src-curated-archive",426,"2026","Tier-1","Shift 1","Set A","comp-practice","subj-sanskrit","Main Section","single_mcq",1,0.25,"hi,en","Bilingual","HUMAN_CURATED","CLEAN","VERIFIED",0,1
"q-hy-sa-0002","paper-general-curated","src-curated-archive",427,"2026","Tier-1","Shift 1","Set A","comp-practice","subj-sanskrit","Main Section","single_mcq",1,0.25,"hi,en","Bilingual","HUMAN_CURATED","CLEAN","VERIFIED",0,1
"q-hy-sa-0003","paper-general-curated","src-curated-archive",428,"2026","Tier-1","Shift 1","Set A","comp-practice","subj-sanskrit","Main Section","single_mcq",1,0.25,"hi,en","Bilingual","HUMAN_CURATED","CLEAN","VERIFIED",0,1
"q-hy-sa-0004","paper-general-curated","src-curated-archive",429,"2026","Tier-1","Shift 1","Set A","comp-practice","subj-sanskrit","Main Section","single_mcq",1,0.25,"hi,en","Bilingual","HUMAN_CURATED","CLEAN","VERIFIED",0,1
"q-hy-sa-0005","paper-general-curated","src-curated-archive",430,"2026","Tier-1","Shift 1","Set A","comp-practice","subj-sanskrit","Main Section","single_mcq",1,0.25,"hi,en","Bilingual","HUMAN_CURATED","CLEAN","VERIFIED",0,1
"q-hy-sa-0006","paper-general-curated","src-curated-archive",431,"2026","Tier-1","Shift 1","Set A","comp-practice","subj-sanskrit","Main Section","single_mcq",1,0.25,"hi,en","Bilingual","HUMAN_CURATED","CLEAN","VERIFIED",0,1
"q-hy-sa-0007","paper-general-curated","src-curated-archive",432,"2026","Tier-1","Shift 1","Set A","comp-practice","subj-sanskrit","Main Section","single_mcq",1,0.25,"hi,en","Bilingual","HUMAN_CURATED","CLEAN","VERIFIED",0,1
"q-hy-sa-0008","paper-general-curated","src-curated-archive",433,"2026","Tier-1","Shift 1","Set A","comp-practice","subj-sanskrit","Main Section","single_mcq",1,0.25,"hi,en","Bilingual","HUMAN_CURATED","CLEAN","VERIFIED",0,1
"q-hy-sa-0009","paper-general-curated","src-curated-archive",434,"2026","Tier-1","Shift 1","Set A","comp-practice","subj-sanskrit","Main Section","single_mcq",1,0.25,"hi,en","Bilingual","HUMAN_CURATED","CLEAN","VERIFIED",0,1
"q-hy-sa-0010","paper-general-curated","src-curated-archive",435,"2026","Tier-1","Shift 1","Set A","comp-practice","subj-sanskrit","Main Section","single_mcq",1,0.25,"hi,en","Bilingual","HUMAN_CURATED","CLEAN","VERIFIED",0,1
"q-hy-sa-0011","paper-general-curated","src-curated-archive",436,"2026","Tier-1","Shift 1","Set A","comp-practice","subj-sanskrit","Main Section","single_mcq",1,0.25,"hi,en","Bilingual","HUMAN_CURATED","CLEAN","VERIFIED",0,1
"q-hy-sa-0012","paper-general-curated","src-curated-archive",437,"2026","Tier-1","Shift 1","Set A","comp-practice","subj-sanskrit","Main Section","single_mcq",1,0.25,"hi,en","Bilingual","HUMAN_CURATED","CLEAN","VERIFIED",0,1
"q-hy-sa-0013","paper-general-curated","src-curated-archive",438,"2026","Tier-1","Shift 1","Set A","comp-practice","subj-sanskrit","Main Section","single_mcq",1,0.25,"hi,en","Bilingual","HUMAN_CURATED","CLEAN","VERIFIED",0,1
"q-hy-sa-0014","paper-general-curated","src-curated-archive",439,"2026","Tier-1","Shift 1","Set A","comp-practice","subj-sanskrit","Main Section","single_mcq",1,0.25,"hi,en","Bilingual","HUMAN_CURATED","CLEAN","VERIFIED",0,1
"q-hy-sa-0015","paper-general-curated","src-curated-archive",440,"2026","Tier-1","Shift 1","Set A","comp-practice","subj-sanskrit","Main Section","single_mcq",1,0.25,"hi,en","Bilingual","HUMAN_CURATED","CLEAN","VERIFIED",0,1
"q-hy-sa-0016","paper-general-curated","src-curated-archive",441,"2026","Tier-1","Shift 1","Set A","comp-practice","subj-sanskrit","Main Section","single_mcq",1,0.25,"hi,en","Bilingual","HUMAN_CURATED","CLEAN","VERIFIED",0,1
"q-hy-sa-0017","paper-general-curated","src-curated-archive",442,"2026","Tier-1","Shift 1","Set A","comp-practice","subj-sanskrit","Main Section","single_mcq",1,0.25,"hi,en","Bilingual","HUMAN_CURATED","CLEAN","VERIFIED",0,1
"q-hy-sa-0018","paper-general-curated","src-curated-archive",443,"2026","Tier-1","Shift 1","Set A","comp-practice","subj-sanskrit","Main Section","single_mcq",1,0.25,"hi,en","Bilingual","HUMAN_CURATED","CLEAN","VERIFIED",0,1
"q-hy-sa-0019","paper-general-curated","src-curated-archive",444,"2026","Tier-1","Shift 1","Set A","comp-practice","subj-sanskrit","Main Section","single_mcq",1,0.25,"hi,en","Bilingual","HUMAN_CURATED","CLEAN","VERIFIED",0,1
"q-hy-sa-0020","paper-general-curated","src-curated-archive",445,"2026","Tier-1","Shift 1","Set A","comp-practice","subj-sanskrit","Main Section","single_mcq",1,0.25,"hi,en","Bilingual","HUMAN_CURATED","CLEAN","VERIFIED",0,1
"q-hy-sa-0021","paper-general-curated","src-curated-archive",446,"2026","Tier-1","Shift 1","Set A","comp-practice","subj-sanskrit","Main Section","single_mcq",1,0.25,"hi,en","Bilingual","HUMAN_CURATED","CLEAN","VERIFIED",0,1
"q-hy-sa-0022","paper-general-curated","src-curated-archive",447,"2026","Tier-1","Shift 1","Set A","comp-practice","subj-sanskrit","Main Section","single_mcq",1,0.25,"hi,en","Bilingual","HUMAN_CURATED","CLEAN","VERIFIED",0,1
"q-hy-sa-0023","paper-general-curated","src-curated-archive",448,"2026","Tier-1","Shift 1","Set A","comp-practice","subj-sanskrit","Main Section","single_mcq",1,0.25,"hi,en","Bilingual","HUMAN_CURATED","CLEAN","VERIFIED",0,1
"q-hy-sa-0024","paper-general-curated","src-curated-archive",449,"2026","Tier-1","Shift 1","Set A","comp-practice","subj-sanskrit","Main Section","single_mcq",1,0.25,"hi,en","Bilingual","HUMAN_CURATED","CLEAN","VERIFIED",0,1
"q-hy-sa-0025","paper-general-curated","src-curated-archive",450,"2026","Tier-1","Shift 1","Set A","comp-practice","subj-sanskrit","Main Section","single_mcq",1,0.25,"hi,en","Bilingual","HUMAN_CURATED","CLEAN","VERIFIED",0,1
"q-hy-sa-0026","paper-general-curated","src-curated-archive",451,"2026","Tier-1","Shift 1","Set A","comp-practice","subj-sanskrit","Main Section","single_mcq",1,0.25,"hi,en","Bilingual","HUMAN_CURATED","CLEAN","VERIFIED",0,1
"q-hy-sa-0027","paper-general-curated","src-curated-archive",452,"2026","Tier-1","Shift 1","Set A","comp-practice","subj-sanskrit","Main Section","single_mcq",1,0.25,"hi,en","Bilingual","HUMAN_CURATED","CLEAN","VERIFIED",0,1
"q-hy-sa-0028","paper-general-curated","src-curated-archive",453,"2026","Tier-1","Shift 1","Set A","comp-practice","subj-sanskrit","Main Section","single_mcq",1,0.25,"hi,en","Bilingual","HUMAN_CURATED","CLEAN","VERIFIED",0,1
"q-hy-sa-0029","paper-general-curated","src-curated-archive",454,"2026","Tier-1","Shift 1","Set A","comp-practice","subj-sanskrit","Main Section","single_mcq",1,0.25,"hi,en","Bilingual","HUMAN_CURATED","CLEAN","VERIFIED",0,1
"q-hy-sa-0030","paper-general-curated","src-curated-archive",455,"2026","Tier-1","Shift 1","Set A","comp-practice","subj-sanskrit","Main Section","single_mcq",1,0.25,"hi,en","Bilingual","HUMAN_CURATED","CLEAN","VERIFIED",0,1
"q-hy-sa-0031","paper-general-curated","src-curated-archive",456,"2026","Tier-1","Shift 1","Set A","comp-practice","subj-sanskrit","Main Section","single_mcq",1,0.25,"hi,en","Bilingual","HUMAN_CURATED","CLEAN","VERIFIED",0,1
"q-hy-sa-0032","paper-general-curated","src-curated-archive",457,"2026","Tier-1","Shift 1","Set A","comp-practice","subj-sanskrit","Main Section","single_mcq",1,0.25,"hi,en","Bilingual","HUMAN_CURATED","CLEAN","VERIFIED",0,1
"q-hy-sa-0033","paper-general-curated","src-curated-archive",458,"2026","Tier-1","Shift 1","Set A","comp-practice","subj-sanskrit","Main Section","single_mcq",1,0.25,"hi,en","Bilingual","HUMAN_CURATED","CLEAN","VERIFIED",0,1
"q-hy-sa-0034","paper-general-curated","src-curated-archive",459,"2026","Tier-1","Shift 1","Set A","comp-practice","subj-sanskrit","Main Section","single_mcq",1,0.25,"hi,en","Bilingual","HUMAN_CURATED","CLEAN","VERIFIED",0,1
"q-hy-sa-0035","paper-general-curated","src-curated-archive",460,"2026","Tier-1","Shift 1","Set A","comp-practice","subj-sanskrit","Main Section","single_mcq",1,0.25,"hi,en","Bilingual","HUMAN_CURATED","CLEAN","VERIFIED",0,1
"q-hy-sa-0036","paper-general-curated","src-curated-archive",461,"2026","Tier-1","Shift 1","Set A","comp-practice","subj-sanskrit","Main Section","single_mcq",1,0.25,"hi,en","Bilingual","HUMAN_CURATED","CLEAN","VERIFIED",0,1
"q-hy-sa-0037","paper-general-curated","src-curated-archive",462,"2026","Tier-1","Shift 1","Set A","comp-practice","subj-sanskrit","Main Section","single_mcq",1,0.25,"hi,en","Bilingual","HUMAN_CURATED","CLEAN","VERIFIED",0,1
"q-hy-sa-0038","paper-general-curated","src-curated-archive",463,"2026","Tier-1","Shift 1","Set A","comp-practice","subj-sanskrit","Main Section","single_mcq",1,0.25,"hi,en","Bilingual","HUMAN_CURATED","CLEAN","VERIFIED",0,1
"q-hy-sa-0039","paper-general-curated","src-curated-archive",464,"2026","Tier-1","Shift 1","Set A","comp-practice","subj-sanskrit","Main Section","single_mcq",1,0.25,"hi,en","Bilingual","HUMAN_CURATED","CLEAN","VERIFIED",0,1
"q-hy-sa-0040","paper-general-curated","src-curated-archive",465,"2026","Tier-1","Shift 1","Set A","comp-practice","subj-sanskrit","Main Section","single_mcq",1,0.25,"hi,en","Bilingual","HUMAN_CURATED","CLEAN","VERIFIED",0,1
"q-hy-sa-0041","paper-general-curated","src-curated-archive",466,"2026","Tier-1","Shift 1","Set A","comp-practice","subj-sanskrit","Main Section","single_mcq",1,0.25,"hi,en","Bilingual","HUMAN_CURATED","CLEAN","VERIFIED",0,1
"q-hy-sa-0042","paper-general-curated","src-curated-archive",467,"2026","Tier-1","Shift 1","Set A","comp-practice","subj-sanskrit","Main Section","single_mcq",1,0.25,"hi,en","Bilingual","HUMAN_CURATED","CLEAN","VERIFIED",0,1
"q-hy-sa-0043","paper-general-curated","src-curated-archive",468,"2026","Tier-1","Shift 1","Set A","comp-practice","subj-sanskrit","Main Section","single_mcq",1,0.25,"hi,en","Bilingual","HUMAN_CURATED","CLEAN","VERIFIED",0,1
"q-hy-sa-0044","paper-general-curated","src-curated-archive",469,"2026","Tier-1","Shift 1","Set A","comp-practice","subj-sanskrit","Main Section","single_mcq",1,0.25,"hi,en","Bilingual","HUMAN_CURATED","CLEAN","VERIFIED",0,1
"q-hy-sa-0045","paper-general-curated","src-curated-archive",470,"2026","Tier-1","Shift 1","Set A","comp-practice","subj-sanskrit","Main Section","single_mcq",1,0.25,"hi,en","Bilingual","HUMAN_CURATED","CLEAN","VERIFIED",0,1
"q-hy-sa-0046","paper-general-curated","src-curated-archive",471,"2026","Tier-1","Shift 1","Set A","comp-practice","subj-sanskrit","Main Section","single_mcq",1,0.25,"hi,en","Bilingual","HUMAN_CURATED","CLEAN","VERIFIED",0,1
"q-hy-sa-0047","paper-general-curated","src-curated-archive",472,"2026","Tier-1","Shift 1","Set A","comp-practice","subj-sanskrit","Main Section","single_mcq",1,0.25,"hi,en","Bilingual","HUMAN_CURATED","CLEAN","VERIFIED",0,1
"q-hy-sa-0048","paper-general-curated","src-curated-archive",473,"2026","Tier-1","Shift 1","Set A","comp-practice","subj-sanskrit","Main Section","single_mcq",1,0.25,"hi,en","Bilingual","HUMAN_CURATED","CLEAN","VERIFIED",0,1
"q-hy-sa-0049","paper-general-curated","src-curated-archive",474,"2026","Tier-1","Shift 1","Set A","comp-practice","subj-sanskrit","Main Section","single_mcq",1,0.25,"hi,en","Bilingual","HUMAN_CURATED","CLEAN","VERIFIED",0,1
"q-hy-sa-0050","paper-general-curated","src-curated-archive",475,"2026","Tier-1","Shift 1","Set A","comp-practice","subj-sanskrit","Main Section","single_mcq",1,0.25,"hi,en","Bilingual","HUMAN_CURATED","CLEAN","VERIFIED",0,1
"q-hy-sa-0051","paper-general-curated","src-curated-archive",476,"2026","Tier-1","Shift 1","Set A","comp-practice","subj-sanskrit","Main Section","single_mcq",1,0.25,"hi,en","Bilingual","HUMAN_CURATED","CLEAN","VERIFIED",0,1
"q-hy-sa-0052","paper-general-curated","src-curated-archive",477,"2026","Tier-1","Shift 1","Set A","comp-practice","subj-sanskrit","Main Section","single_mcq",1,0.25,"hi,en","Bilingual","HUMAN_CURATED","CLEAN","VERIFIED",0,1
"q-hy-sa-0053","paper-general-curated","src-curated-archive",478,"2026","Tier-1","Shift 1","Set A","comp-practice","subj-sanskrit","Main Section","single_mcq",1,0.25,"hi,en","Bilingual","HUMAN_CURATED","CLEAN","VERIFIED",0,1
"q-hy-sa-0054","paper-general-curated","src-curated-archive",479,"2026","Tier-1","Shift 1","Set A","comp-practice","subj-sanskrit","Main Section","single_mcq",1,0.25,"hi,en","Bilingual","HUMAN_CURATED","CLEAN","VERIFIED",0,1
"q-hy-sa-0055","paper-general-curated","src-curated-archive",480,"2026","Tier-1","Shift 1","Set A","comp-practice","subj-sanskrit","Main Section","single_mcq",1,0.25,"hi,en","Bilingual","HUMAN_CURATED","CLEAN","VERIFIED",0,1
"q-hy-sa-0056","paper-general-curated","src-curated-archive",481,"2026","Tier-1","Shift 1","Set A","comp-practice","subj-sanskrit","Main Section","single_mcq",1,0.25,"hi,en","Bilingual","HUMAN_CURATED","CLEAN","VERIFIED",0,1
"q-hy-sa-0057","paper-general-curated","src-curated-archive",482,"2026","Tier-1","Shift 1","Set A","comp-practice","subj-sanskrit","Main Section","single_mcq",1,0.25,"hi,en","Bilingual","HUMAN_CURATED","CLEAN","VERIFIED",0,1
"q-hy-sa-0058","paper-general-curated","src-curated-archive",483,"2026","Tier-1","Shift 1","Set A","comp-practice","subj-sanskrit","Main Section","single_mcq",1,0.25,"hi,en","Bilingual","HUMAN_CURATED","CLEAN","VERIFIED",0,1
"q-hy-sa-0059","paper-general-curated","src-curated-archive",484,"2026","Tier-1","Shift 1","Set A","comp-practice","subj-sanskrit","Main Section","single_mcq",1,0.25,"hi,en","Bilingual","HUMAN_CURATED","CLEAN","VERIFIED",0,1
"q-hy-sa-0060","paper-general-curated","src-curated-archive",485,"2026","Tier-1","Shift 1","Set A","comp-practice","subj-sanskrit","Main Section","single_mcq",1,0.25,"hi,en","Bilingual","HUMAN_CURATED","CLEAN","VERIFIED",0,1
"q-hy-sa-0061","paper-general-curated","src-curated-archive",486,"2026","Tier-1","Shift 1","Set A","comp-practice","subj-sanskrit","Main Section","single_mcq",1,0.25,"hi,en","Bilingual","HUMAN_CURATED","CLEAN","VERIFIED",0,1
"q-hy-sa-0062","paper-general-curated","src-curated-archive",487,"2026","Tier-1","Shift 1","Set A","comp-practice","subj-sanskrit","Main Section","single_mcq",1,0.25,"hi,en","Bilingual","HUMAN_CURATED","CLEAN","VERIFIED",0,1
"q-hy-sa-0063","paper-general-curated","src-curated-archive",488,"2026","Tier-1","Shift 1","Set A","comp-practice","subj-sanskrit","Main Section","single_mcq",1,0.25,"hi,en","Bilingual","HUMAN_CURATED","CLEAN","VERIFIED",0,1
"q-hy-sa-0064","paper-general-curated","src-curated-archive",489,"2026","Tier-1","Shift 1","Set A","comp-practice","subj-sanskrit","Main Section","single_mcq",1,0.25,"hi,en","Bilingual","HUMAN_CURATED","CLEAN","VERIFIED",0,1
"q-hy-sa-0065","paper-general-curated","src-curated-archive",490,"2026","Tier-1","Shift 1","Set A","comp-practice","subj-sanskrit","Main Section","single_mcq",1,0.25,"hi,en","Bilingual","HUMAN_CURATED","CLEAN","VERIFIED",0,1
"q-hy-sa-0066","paper-general-curated","src-curated-archive",491,"2026","Tier-1","Shift 1","Set A","comp-practice","subj-sanskrit","Main Section","single_mcq",1,0.25,"hi,en","Bilingual","HUMAN_CURATED","CLEAN","VERIFIED",0,1
"q-hy-sa-0067","paper-general-curated","src-curated-archive",492,"2026","Tier-1","Shift 1","Set A","comp-practice","subj-sanskrit","Main Section","single_mcq",1,0.25,"hi,en","Bilingual","HUMAN_CURATED","CLEAN","VERIFIED",0,1
"q-hy-sa-0068","paper-general-curated","src-curated-archive",493,"2026","Tier-1","Shift 1","Set A","comp-practice","subj-sanskrit","Main Section","single_mcq",1,0.25,"hi,en","Bilingual","HUMAN_CURATED","CLEAN","VERIFIED",0,1
"q-hy-sa-0069","paper-general-curated","src-curated-archive",494,"2026","Tier-1","Shift 1","Set A","comp-practice","subj-sanskrit","Main Section","single_mcq",1,0.25,"hi,en","Bilingual","HUMAN_CURATED","CLEAN","VERIFIED",0,1
"q-hy-sa-0070","paper-general-curated","src-curated-archive",495,"2026","Tier-1","Shift 1","Set A","comp-practice","subj-sanskrit","Main Section","single_mcq",1,0.25,"hi,en","Bilingual","HUMAN_CURATED","CLEAN","VERIFIED",0,1
"q-hy-sa-0071","paper-general-curated","src-curated-archive",496,"2026","Tier-1","Shift 1","Set A","comp-practice","subj-sanskrit","Main Section","single_mcq",1,0.25,"hi,en","Bilingual","HUMAN_CURATED","CLEAN","VERIFIED",0,1
"q-hy-sa-0072","paper-general-curated","src-curated-archive",497,"2026","Tier-1","Shift 1","Set A","comp-practice","subj-sanskrit","Main Section","single_mcq",1,0.25,"hi,en","Bilingual","HUMAN_CURATED","CLEAN","VERIFIED",0,1
"q-hy-sa-0073","paper-general-curated","src-curated-archive",498,"2026","Tier-1","Shift 1","Set A","comp-practice","subj-sanskrit","Main Section","single_mcq",1,0.25,"hi,en","Bilingual","HUMAN_CURATED","CLEAN","VERIFIED",0,1
"q-hy-sa-0074","paper-general-curated","src-curated-archive",499,"2026","Tier-1","Shift 1","Set A","comp-practice","subj-sanskrit","Main Section","single_mcq",1,0.25,"hi,en","Bilingual","HUMAN_CURATED","CLEAN","VERIFIED",0,1
"q-hy-sa-0075","paper-general-curated","src-curated-archive",500,"2026","Tier-1","Shift 1","Set A","comp-practice","subj-sanskrit","Main Section","single_mcq",1,0.25,"hi,en","Bilingual","HUMAN_CURATED","CLEAN","VERIFIED",0,1
"q-hy-sa-0076","paper-general-curated","src-curated-archive",501,"2026","Tier-1","Shift 1","Set A","comp-practice","subj-sanskrit","Main Section","single_mcq",1,0.25,"hi,en","Bilingual","HUMAN_CURATED","CLEAN","VERIFIED",0,1
"q-hy-sa-0077","paper-general-curated","src-curated-archive",502,"2026","Tier-1","Shift 1","Set A","comp-practice","subj-sanskrit","Main Section","single_mcq",1,0.25,"hi,en","Bilingual","HUMAN_CURATED","CLEAN","VERIFIED",0,1
"q-hy-sa-0078","paper-general-curated","src-curated-archive",503,"2026","Tier-1","Shift 1","Set A","comp-practice","subj-sanskrit","Main Section","single_mcq",1,0.25,"hi,en","Bilingual","HUMAN_CURATED","CLEAN","VERIFIED",0,1
"q-hy-sa-0079","paper-general-curated","src-curated-archive",504,"2026","Tier-1","Shift 1","Set A","comp-practice","subj-sanskrit","Main Section","single_mcq",1,0.25,"hi,en","Bilingual","HUMAN_CURATED","CLEAN","VERIFIED",0,1
"q-hy-sa-0080","paper-general-curated","src-curated-archive",505,"2026","Tier-1","Shift 1","Set A","comp-practice","subj-sanskrit","Main Section","single_mcq",1,0.25,"hi,en","Bilingual","HUMAN_CURATED","CLEAN","VERIFIED",0,1
"q-hy-sa-0081","paper-general-curated","src-curated-archive",506,"2026","Tier-1","Shift 1","Set A","comp-practice","subj-sanskrit","Main Section","single_mcq",1,0.25,"hi,en","Bilingual","HUMAN_CURATED","CLEAN","VERIFIED",0,1
"q-hy-sa-0082","paper-general-curated","src-curated-archive",507,"2026","Tier-1","Shift 1","Set A","comp-practice","subj-sanskrit","Main Section","single_mcq",1,0.25,"hi,en","Bilingual","HUMAN_CURATED","CLEAN","VERIFIED",0,1
"q-hy-sa-0083","paper-general-curated","src-curated-archive",508,"2026","Tier-1","Shift 1","Set A","comp-practice","subj-sanskrit","Main Section","single_mcq",1,0.25,"hi,en","Bilingual","HUMAN_CURATED","CLEAN","VERIFIED",0,1
"q-hy-sa-0084","paper-general-curated","src-curated-archive",509,"2026","Tier-1","Shift 1","Set A","comp-practice","subj-sanskrit","Main Section","single_mcq",1,0.25,"hi,en","Bilingual","HUMAN_CURATED","CLEAN","VERIFIED",0,1
"q-hy-sa-0085","paper-general-curated","src-curated-archive",510,"2026","Tier-1","Shift 1","Set A","comp-practice","subj-sanskrit","Main Section","single_mcq",1,0.25,"hi,en","Bilingual","HUMAN_CURATED","CLEAN","VERIFIED",0,1
"q-c12-phy-0001","paper-general-curated","src-curated-archive",511,"2026","Tier-1","Shift 1","Set A","comp-practice","subj-physics","Main Section","single_mcq",1,0.25,"hi,en","Bilingual","HUMAN_CURATED","CLEAN","VERIFIED",0,1
"q-c12-phy-0002","paper-general-curated","src-curated-archive",512,"2026","Tier-1","Shift 1","Set A","comp-practice","subj-physics","Main Section","single_mcq",1,0.25,"hi,en","Bilingual","HUMAN_CURATED","CLEAN","VERIFIED",0,1
"q-c12-phy-0003","paper-general-curated","src-curated-archive",513,"2026","Tier-1","Shift 1","Set A","comp-practice","subj-physics","Main Section","single_mcq",1,0.25,"hi,en","Bilingual","HUMAN_CURATED","CLEAN","VERIFIED",0,1
"q-c12-phy-0004","paper-general-curated","src-curated-archive",514,"2026","Tier-1","Shift 1","Set A","comp-practice","subj-physics","Main Section","single_mcq",1,0.25,"hi,en","Bilingual","HUMAN_CURATED","CLEAN","VERIFIED",0,1
"q-c12-phy-0005","paper-general-curated","src-curated-archive",515,"2026","Tier-1","Shift 1","Set A","comp-practice","subj-physics","Main Section","single_mcq",1,0.25,"hi,en","Bilingual","HUMAN_CURATED","CLEAN","VERIFIED",0,1
"q-c12-phy-0006","paper-general-curated","src-curated-archive",516,"2026","Tier-1","Shift 1","Set A","comp-practice","subj-physics","Main Section","single_mcq",1,0.25,"hi,en","Bilingual","HUMAN_CURATED","CLEAN","VERIFIED",0,1
"q-c12-phy-0007","paper-general-curated","src-curated-archive",517,"2026","Tier-1","Shift 1","Set A","comp-practice","subj-physics","Main Section","single_mcq",1,0.25,"hi,en","Bilingual","HUMAN_CURATED","CLEAN","VERIFIED",0,1
"q-c12-phy-0008","paper-general-curated","src-curated-archive",518,"2026","Tier-1","Shift 1","Set A","comp-practice","subj-physics","Main Section","single_mcq",1,0.25,"hi,en","Bilingual","HUMAN_CURATED","CLEAN","VERIFIED",0,1
"q-c12-phy-0009","paper-general-curated","src-curated-archive",519,"2026","Tier-1","Shift 1","Set A","comp-practice","subj-physics","Main Section","single_mcq",1,0.25,"hi,en","Bilingual","HUMAN_CURATED","CLEAN","VERIFIED",0,1
"q-c12-phy-0010","paper-general-curated","src-curated-archive",520,"2026","Tier-1","Shift 1","Set A","comp-practice","subj-physics","Main Section","single_mcq",1,0.25,"hi,en","Bilingual","HUMAN_CURATED","CLEAN","VERIFIED",0,1
"q-c12-phy-0011","paper-general-curated","src-curated-archive",521,"2026","Tier-1","Shift 1","Set A","comp-practice","subj-physics","Main Section","single_mcq",1,0.25,"hi,en","Bilingual","HUMAN_CURATED","CLEAN","VERIFIED",0,1
"q-c12-phy-0012","paper-general-curated","src-curated-archive",522,"2026","Tier-1","Shift 1","Set A","comp-practice","subj-physics","Main Section","single_mcq",1,0.25,"hi,en","Bilingual","HUMAN_CURATED","CLEAN","VERIFIED",0,1
"q-c12-phy-0013","paper-general-curated","src-curated-archive",523,"2026","Tier-1","Shift 1","Set A","comp-practice","subj-physics","Main Section","single_mcq",1,0.25,"hi,en","Bilingual","HUMAN_CURATED","CLEAN","VERIFIED",0,1
"q-c12-phy-0014","paper-general-curated","src-curated-archive",524,"2026","Tier-1","Shift 1","Set A","comp-practice","subj-physics","Main Section","single_mcq",1,0.25,"hi,en","Bilingual","HUMAN_CURATED","CLEAN","VERIFIED",0,1
"q-c12-phy-0015","paper-general-curated","src-curated-archive",525,"2026","Tier-1","Shift 1","Set A","comp-practice","subj-physics","Main Section","single_mcq",1,0.25,"hi,en","Bilingual","HUMAN_CURATED","CLEAN","VERIFIED",0,1
"q-c12-phy-0016","paper-general-curated","src-curated-archive",526,"2026","Tier-1","Shift 1","Set A","comp-practice","subj-physics","Main Section","single_mcq",1,0.25,"hi,en","Bilingual","HUMAN_CURATED","CLEAN","VERIFIED",0,1
"q-c12-phy-0017","paper-general-curated","src-curated-archive",527,"2026","Tier-1","Shift 1","Set A","comp-practice","subj-physics","Main Section","single_mcq",1,0.25,"hi,en","Bilingual","HUMAN_CURATED","CLEAN","VERIFIED",0,1
"q-c12-phy-0018","paper-general-curated","src-curated-archive",528,"2026","Tier-1","Shift 1","Set A","comp-practice","subj-physics","Main Section","single_mcq",1,0.25,"hi,en","Bilingual","HUMAN_CURATED","CLEAN","VERIFIED",0,1
"q-c12-phy-0019","paper-general-curated","src-curated-archive",529,"2026","Tier-1","Shift 1","Set A","comp-practice","subj-physics","Main Section","single_mcq",1,0.25,"hi,en","Bilingual","HUMAN_CURATED","CLEAN","VERIFIED",0,1
"q-c12-phy-0020","paper-general-curated","src-curated-archive",530,"2026","Tier-1","Shift 1","Set A","comp-practice","subj-physics","Main Section","single_mcq",1,0.25,"hi,en","Bilingual","HUMAN_CURATED","CLEAN","VERIFIED",0,1
"q-c12-phy-0021","paper-general-curated","src-curated-archive",531,"2026","Tier-1","Shift 1","Set A","comp-practice","subj-physics","Main Section","single_mcq",1,0.25,"hi,en","Bilingual","HUMAN_CURATED","CLEAN","VERIFIED",0,1
"q-c12-phy-0022","paper-general-curated","src-curated-archive",532,"2026","Tier-1","Shift 1","Set A","comp-practice","subj-physics","Main Section","single_mcq",1,0.25,"hi,en","Bilingual","HUMAN_CURATED","CLEAN","VERIFIED",0,1
"q-c12-phy-0023","paper-general-curated","src-curated-archive",533,"2026","Tier-1","Shift 1","Set A","comp-practice","subj-physics","Main Section","single_mcq",1,0.25,"hi,en","Bilingual","HUMAN_CURATED","CLEAN","VERIFIED",0,1
"q-c12-phy-0024","paper-general-curated","src-curated-archive",534,"2026","Tier-1","Shift 1","Set A","comp-practice","subj-physics","Main Section","single_mcq",1,0.25,"hi,en","Bilingual","HUMAN_CURATED","CLEAN","VERIFIED",0,1
"q-c12-phy-0025","paper-general-curated","src-curated-archive",535,"2026","Tier-1","Shift 1","Set A","comp-practice","subj-physics","Main Section","single_mcq",1,0.25,"hi,en","Bilingual","HUMAN_CURATED","CLEAN","VERIFIED",0,1
"q-c12-phy-0026","paper-general-curated","src-curated-archive",536,"2026","Tier-1","Shift 1","Set A","comp-practice","subj-physics","Main Section","single_mcq",1,0.25,"hi,en","Bilingual","HUMAN_CURATED","CLEAN","VERIFIED",0,1
"q-c12-phy-0027","paper-general-curated","src-curated-archive",537,"2026","Tier-1","Shift 1","Set A","comp-practice","subj-physics","Main Section","single_mcq",1,0.25,"hi,en","Bilingual","HUMAN_CURATED","CLEAN","VERIFIED",0,1
"q-c12-phy-0028","paper-general-curated","src-curated-archive",538,"2026","Tier-1","Shift 1","Set A","comp-practice","subj-physics","Main Section","single_mcq",1,0.25,"hi,en","Bilingual","HUMAN_CURATED","CLEAN","VERIFIED",0,1
"q-c12-phy-0029","paper-general-curated","src-curated-archive",539,"2026","Tier-1","Shift 1","Set A","comp-practice","subj-physics","Main Section","single_mcq",1,0.25,"hi,en","Bilingual","HUMAN_CURATED","CLEAN","VERIFIED",0,1
"q-c12-phy-0030","paper-general-curated","src-curated-archive",540,"2026","Tier-1","Shift 1","Set A","comp-practice","subj-physics","Main Section","single_mcq",1,0.25,"hi,en","Bilingual","HUMAN_CURATED","CLEAN","VERIFIED",0,1
"q-c12-chm-0001","paper-general-curated","src-curated-archive",541,"2026","Tier-1","Shift 1","Set A","comp-practice","subj-chemistry","Main Section","single_mcq",1,0.25,"hi,en","Bilingual","HUMAN_CURATED","CLEAN","VERIFIED",0,1
"q-c12-chm-0002","paper-general-curated","src-curated-archive",542,"2026","Tier-1","Shift 1","Set A","comp-practice","subj-chemistry","Main Section","single_mcq",1,0.25,"hi,en","Bilingual","HUMAN_CURATED","CLEAN","VERIFIED",0,1
"q-c12-chm-0003","paper-general-curated","src-curated-archive",543,"2026","Tier-1","Shift 1","Set A","comp-practice","subj-chemistry","Main Section","single_mcq",1,0.25,"hi,en","Bilingual","HUMAN_CURATED","CLEAN","VERIFIED",0,1
"q-c12-chm-0004","paper-general-curated","src-curated-archive",544,"2026","Tier-1","Shift 1","Set A","comp-practice","subj-chemistry","Main Section","single_mcq",1,0.25,"hi,en","Bilingual","HUMAN_CURATED","CLEAN","VERIFIED",0,1
"q-c12-chm-0005","paper-general-curated","src-curated-archive",545,"2026","Tier-1","Shift 1","Set A","comp-practice","subj-chemistry","Main Section","single_mcq",1,0.25,"hi,en","Bilingual","HUMAN_CURATED","CLEAN","VERIFIED",0,1
"q-c12-chm-0006","paper-general-curated","src-curated-archive",546,"2026","Tier-1","Shift 1","Set A","comp-practice","subj-chemistry","Main Section","single_mcq",1,0.25,"hi,en","Bilingual","HUMAN_CURATED","CLEAN","VERIFIED",0,1
"q-c12-chm-0007","paper-general-curated","src-curated-archive",547,"2026","Tier-1","Shift 1","Set A","comp-practice","subj-chemistry","Main Section","single_mcq",1,0.25,"hi,en","Bilingual","HUMAN_CURATED","CLEAN","VERIFIED",0,1
"q-c12-chm-0008","paper-general-curated","src-curated-archive",548,"2026","Tier-1","Shift 1","Set A","comp-practice","subj-chemistry","Main Section","single_mcq",1,0.25,"hi,en","Bilingual","HUMAN_CURATED","CLEAN","VERIFIED",0,1
"q-c12-chm-0009","paper-general-curated","src-curated-archive",549,"2026","Tier-1","Shift 1","Set A","comp-practice","subj-chemistry","Main Section","single_mcq",1,0.25,"hi,en","Bilingual","HUMAN_CURATED","CLEAN","VERIFIED",0,1
"q-c12-chm-0010","paper-general-curated","src-curated-archive",550,"2026","Tier-1","Shift 1","Set A","comp-practice","subj-chemistry","Main Section","single_mcq",1,0.25,"hi,en","Bilingual","HUMAN_CURATED","CLEAN","VERIFIED",0,1
"q-c12-chm-0011","paper-general-curated","src-curated-archive",551,"2026","Tier-1","Shift 1","Set A","comp-practice","subj-chemistry","Main Section","single_mcq",1,0.25,"hi,en","Bilingual","HUMAN_CURATED","CLEAN","VERIFIED",0,1
"q-c12-chm-0012","paper-general-curated","src-curated-archive",552,"2026","Tier-1","Shift 1","Set A","comp-practice","subj-chemistry","Main Section","single_mcq",1,0.25,"hi,en","Bilingual","HUMAN_CURATED","CLEAN","VERIFIED",0,1
"q-c12-chm-0013","paper-general-curated","src-curated-archive",553,"2026","Tier-1","Shift 1","Set A","comp-practice","subj-chemistry","Main Section","single_mcq",1,0.25,"hi,en","Bilingual","HUMAN_CURATED","CLEAN","VERIFIED",0,1
"q-c12-chm-0014","paper-general-curated","src-curated-archive",554,"2026","Tier-1","Shift 1","Set A","comp-practice","subj-chemistry","Main Section","single_mcq",1,0.25,"hi,en","Bilingual","HUMAN_CURATED","CLEAN","VERIFIED",0,1
"q-c12-chm-0015","paper-general-curated","src-curated-archive",555,"2026","Tier-1","Shift 1","Set A","comp-practice","subj-chemistry","Main Section","single_mcq",1,0.25,"hi,en","Bilingual","HUMAN_CURATED","CLEAN","VERIFIED",0,1
"q-c12-chm-0016","paper-general-curated","src-curated-archive",556,"2026","Tier-1","Shift 1","Set A","comp-practice","subj-chemistry","Main Section","single_mcq",1,0.25,"hi,en","Bilingual","HUMAN_CURATED","CLEAN","VERIFIED",0,1
"q-c12-chm-0017","paper-general-curated","src-curated-archive",557,"2026","Tier-1","Shift 1","Set A","comp-practice","subj-chemistry","Main Section","single_mcq",1,0.25,"hi,en","Bilingual","HUMAN_CURATED","CLEAN","VERIFIED",0,1
"q-c12-chm-0018","paper-general-curated","src-curated-archive",558,"2026","Tier-1","Shift 1","Set A","comp-practice","subj-chemistry","Main Section","single_mcq",1,0.25,"hi,en","Bilingual","HUMAN_CURATED","CLEAN","VERIFIED",0,1
"q-c12-chm-0019","paper-general-curated","src-curated-archive",559,"2026","Tier-1","Shift 1","Set A","comp-practice","subj-chemistry","Main Section","single_mcq",1,0.25,"hi,en","Bilingual","HUMAN_CURATED","CLEAN","VERIFIED",0,1
"q-c12-chm-0020","paper-general-curated","src-curated-archive",560,"2026","Tier-1","Shift 1","Set A","comp-practice","subj-chemistry","Main Section","single_mcq",1,0.25,"hi,en","Bilingual","HUMAN_CURATED","CLEAN","VERIFIED",0,1
"q-c12-chm-0021","paper-general-curated","src-curated-archive",561,"2026","Tier-1","Shift 1","Set A","comp-practice","subj-chemistry","Main Section","single_mcq",1,0.25,"hi,en","Bilingual","HUMAN_CURATED","CLEAN","VERIFIED",0,1
"q-c12-chm-0022","paper-general-curated","src-curated-archive",562,"2026","Tier-1","Shift 1","Set A","comp-practice","subj-chemistry","Main Section","single_mcq",1,0.25,"hi,en","Bilingual","HUMAN_CURATED","CLEAN","VERIFIED",0,1
"q-c12-chm-0023","paper-general-curated","src-curated-archive",563,"2026","Tier-1","Shift 1","Set A","comp-practice","subj-chemistry","Main Section","single_mcq",1,0.25,"hi,en","Bilingual","HUMAN_CURATED","CLEAN","VERIFIED",0,1
"q-c12-chm-0024","paper-general-curated","src-curated-archive",564,"2026","Tier-1","Shift 1","Set A","comp-practice","subj-chemistry","Main Section","single_mcq",1,0.25,"hi,en","Bilingual","HUMAN_CURATED","CLEAN","VERIFIED",0,1
"q-c12-chm-0025","paper-general-curated","src-curated-archive",565,"2026","Tier-1","Shift 1","Set A","comp-practice","subj-chemistry","Main Section","single_mcq",1,0.25,"hi,en","Bilingual","HUMAN_CURATED","CLEAN","VERIFIED",0,1
"q-c12-chm-0026","paper-general-curated","src-curated-archive",566,"2026","Tier-1","Shift 1","Set A","comp-practice","subj-chemistry","Main Section","single_mcq",1,0.25,"hi,en","Bilingual","HUMAN_CURATED","CLEAN","VERIFIED",0,1
"q-c12-chm-0027","paper-general-curated","src-curated-archive",567,"2026","Tier-1","Shift 1","Set A","comp-practice","subj-chemistry","Main Section","single_mcq",1,0.25,"hi,en","Bilingual","HUMAN_CURATED","CLEAN","VERIFIED",0,1
"q-c12-chm-0028","paper-general-curated","src-curated-archive",568,"2026","Tier-1","Shift 1","Set A","comp-practice","subj-chemistry","Main Section","single_mcq",1,0.25,"hi,en","Bilingual","HUMAN_CURATED","CLEAN","VERIFIED",0,1
"q-c12-chm-0029","paper-general-curated","src-curated-archive",569,"2026","Tier-1","Shift 1","Set A","comp-practice","subj-chemistry","Main Section","single_mcq",1,0.25,"hi,en","Bilingual","HUMAN_CURATED","CLEAN","VERIFIED",0,1
"q-c12-chm-0030","paper-general-curated","src-curated-archive",570,"2026","Tier-1","Shift 1","Set A","comp-practice","subj-chemistry","Main Section","single_mcq",1,0.25,"hi,en","Bilingual","HUMAN_CURATED","CLEAN","VERIFIED",0,1
"q-c12-chm-0031","paper-general-curated","src-curated-archive",571,"2026","Tier-1","Shift 1","Set A","comp-practice","subj-chemistry","Main Section","single_mcq",1,0.25,"hi,en","Bilingual","HUMAN_CURATED","CLEAN","VERIFIED",0,1
"q-c12-chm-0032","paper-general-curated","src-curated-archive",572,"2026","Tier-1","Shift 1","Set A","comp-practice","subj-chemistry","Main Section","single_mcq",1,0.25,"hi,en","Bilingual","HUMAN_CURATED","CLEAN","VERIFIED",0,1
"q-c12-chm-0033","paper-general-curated","src-curated-archive",573,"2026","Tier-1","Shift 1","Set A","comp-practice","subj-chemistry","Main Section","single_mcq",1,0.25,"hi,en","Bilingual","HUMAN_CURATED","CLEAN","VERIFIED",0,1
"q-c12-chm-0034","paper-general-curated","src-curated-archive",574,"2026","Tier-1","Shift 1","Set A","comp-practice","subj-chemistry","Main Section","single_mcq",1,0.25,"hi,en","Bilingual","HUMAN_CURATED","CLEAN","VERIFIED",0,1
"q-c12-chm-0035","paper-general-curated","src-curated-archive",575,"2026","Tier-1","Shift 1","Set A","comp-practice","subj-chemistry","Main Section","single_mcq",1,0.25,"hi,en","Bilingual","HUMAN_CURATED","CLEAN","VERIFIED",0,1
"q-c12-bio-0001","paper-general-curated","src-curated-archive",576,"2026","Tier-1","Shift 1","Set A","comp-practice","subj-biology","Main Section","single_mcq",1,0.25,"hi,en","Bilingual","HUMAN_CURATED","CLEAN","VERIFIED",0,1
"q-c12-bio-0002","paper-general-curated","src-curated-archive",577,"2026","Tier-1","Shift 1","Set A","comp-practice","subj-biology","Main Section","single_mcq",1,0.25,"hi,en","Bilingual","HUMAN_CURATED","CLEAN","VERIFIED",0,1
"q-c12-bio-0003","paper-general-curated","src-curated-archive",578,"2026","Tier-1","Shift 1","Set A","comp-practice","subj-biology","Main Section","single_mcq",1,0.25,"hi,en","Bilingual","HUMAN_CURATED","CLEAN","VERIFIED",0,1
"q-c12-bio-0004","paper-general-curated","src-curated-archive",579,"2026","Tier-1","Shift 1","Set A","comp-practice","subj-biology","Main Section","single_mcq",1,0.25,"hi,en","Bilingual","HUMAN_CURATED","CLEAN","VERIFIED",0,1
"q-c12-bio-0005","paper-general-curated","src-curated-archive",580,"2026","Tier-1","Shift 1","Set A","comp-practice","subj-biology","Main Section","single_mcq",1,0.25,"hi,en","Bilingual","HUMAN_CURATED","CLEAN","VERIFIED",0,1
"q-c12-bio-0006","paper-general-curated","src-curated-archive",581,"2026","Tier-1","Shift 1","Set A","comp-practice","subj-biology","Main Section","single_mcq",1,0.25,"hi,en","Bilingual","HUMAN_CURATED","CLEAN","VERIFIED",0,1
"q-c12-bio-0007","paper-general-curated","src-curated-archive",582,"2026","Tier-1","Shift 1","Set A","comp-practice","subj-biology","Main Section","single_mcq",1,0.25,"hi,en","Bilingual","HUMAN_CURATED","CLEAN","VERIFIED",0,1
"q-c12-bio-0008","paper-general-curated","src-curated-archive",583,"2026","Tier-1","Shift 1","Set A","comp-practice","subj-biology","Main Section","single_mcq",1,0.25,"hi,en","Bilingual","HUMAN_CURATED","CLEAN","VERIFIED",0,1
"q-c12-bio-0009","paper-general-curated","src-curated-archive",584,"2026","Tier-1","Shift 1","Set A","comp-practice","subj-biology","Main Section","single_mcq",1,0.25,"hi,en","Bilingual","HUMAN_CURATED","CLEAN","VERIFIED",0,1
"q-c12-bio-0010","paper-general-curated","src-curated-archive",585,"2026","Tier-1","Shift 1","Set A","comp-practice","subj-biology","Main Section","single_mcq",1,0.25,"hi,en","Bilingual","HUMAN_CURATED","CLEAN","VERIFIED",0,1
"q-c12-bio-0011","paper-general-curated","src-curated-archive",586,"2026","Tier-1","Shift 1","Set A","comp-practice","subj-biology","Main Section","single_mcq",1,0.25,"hi,en","Bilingual","HUMAN_CURATED","CLEAN","VERIFIED",0,1
"q-c12-bio-0012","paper-general-curated","src-curated-archive",587,"2026","Tier-1","Shift 1","Set A","comp-practice","subj-biology","Main Section","single_mcq",1,0.25,"hi,en","Bilingual","HUMAN_CURATED","CLEAN","VERIFIED",0,1
"q-c12-bio-0013","paper-general-curated","src-curated-archive",588,"2026","Tier-1","Shift 1","Set A","comp-practice","subj-biology","Main Section","single_mcq",1,0.25,"hi,en","Bilingual","HUMAN_CURATED","CLEAN","VERIFIED",0,1
"q-c12-bio-0014","paper-general-curated","src-curated-archive",589,"2026","Tier-1","Shift 1","Set A","comp-practice","subj-biology","Main Section","single_mcq",1,0.25,"hi,en","Bilingual","HUMAN_CURATED","CLEAN","VERIFIED",0,1
"q-c12-bio-0015","paper-general-curated","src-curated-archive",590,"2026","Tier-1","Shift 1","Set A","comp-practice","subj-biology","Main Section","single_mcq",1,0.25,"hi,en","Bilingual","HUMAN_CURATED","CLEAN","VERIFIED",0,1
"q-c12-bio-0016","paper-general-curated","src-curated-archive",591,"2026","Tier-1","Shift 1","Set A","comp-practice","subj-biology","Main Section","single_mcq",1,0.25,"hi,en","Bilingual","HUMAN_CURATED","CLEAN","VERIFIED",0,1
"q-c12-bio-0017","paper-general-curated","src-curated-archive",592,"2026","Tier-1","Shift 1","Set A","comp-practice","subj-biology","Main Section","single_mcq",1,0.25,"hi,en","Bilingual","HUMAN_CURATED","CLEAN","VERIFIED",0,1
"q-c12-bio-0018","paper-general-curated","src-curated-archive",593,"2026","Tier-1","Shift 1","Set A","comp-practice","subj-biology","Main Section","single_mcq",1,0.25,"hi,en","Bilingual","HUMAN_CURATED","CLEAN","VERIFIED",0,1
"q-c12-bio-0019","paper-general-curated","src-curated-archive",594,"2026","Tier-1","Shift 1","Set A","comp-practice","subj-biology","Main Section","single_mcq",1,0.25,"hi,en","Bilingual","HUMAN_CURATED","CLEAN","VERIFIED",0,1
"q-c12-bio-0020","paper-general-curated","src-curated-archive",595,"2026","Tier-1","Shift 1","Set A","comp-practice","subj-biology","Main Section","single_mcq",1,0.25,"hi,en","Bilingual","HUMAN_CURATED","CLEAN","VERIFIED",0,1
"q-c12-bio-0021","paper-general-curated","src-curated-archive",596,"2026","Tier-1","Shift 1","Set A","comp-practice","subj-biology","Main Section","single_mcq",1,0.25,"hi,en","Bilingual","HUMAN_CURATED","CLEAN","VERIFIED",0,1
"q-c12-bio-0022","paper-general-curated","src-curated-archive",597,"2026","Tier-1","Shift 1","Set A","comp-practice","subj-biology","Main Section","single_mcq",1,0.25,"hi,en","Bilingual","HUMAN_CURATED","CLEAN","VERIFIED",0,1
"q-c12-bio-0023","paper-general-curated","src-curated-archive",598,"2026","Tier-1","Shift 1","Set A","comp-practice","subj-biology","Main Section","single_mcq",1,0.25,"hi,en","Bilingual","HUMAN_CURATED","CLEAN","VERIFIED",0,1
"q-c12-bio-0024","paper-general-curated","src-curated-archive",599,"2026","Tier-1","Shift 1","Set A","comp-practice","subj-biology","Main Section","single_mcq",1,0.25,"hi,en","Bilingual","HUMAN_CURATED","CLEAN","VERIFIED",0,1
"q-c12-bio-0025","paper-general-curated","src-curated-archive",600,"2026","Tier-1","Shift 1","Set A","comp-practice","subj-biology","Main Section","single_mcq",1,0.25,"hi,en","Bilingual","HUMAN_CURATED","CLEAN","VERIFIED",0,1
"q-c12-bio-0026","paper-general-curated","src-curated-archive",601,"2026","Tier-1","Shift 1","Set A","comp-practice","subj-biology","Main Section","single_mcq",1,0.25,"hi,en","Bilingual","HUMAN_CURATED","CLEAN","VERIFIED",0,1
"q-c12-bio-0027","paper-general-curated","src-curated-archive",602,"2026","Tier-1","Shift 1","Set A","comp-practice","subj-biology","Main Section","single_mcq",1,0.25,"hi,en","Bilingual","HUMAN_CURATED","CLEAN","VERIFIED",0,1
"q-c12-bio-0028","paper-general-curated","src-curated-archive",603,"2026","Tier-1","Shift 1","Set A","comp-practice","subj-biology","Main Section","single_mcq",1,0.25,"hi,en","Bilingual","HUMAN_CURATED","CLEAN","VERIFIED",0,1
"q-c12-bio-0029","paper-general-curated","src-curated-archive",604,"2026","Tier-1","Shift 1","Set A","comp-practice","subj-biology","Main Section","single_mcq",1,0.25,"hi,en","Bilingual","HUMAN_CURATED","CLEAN","VERIFIED",0,1
"q-c12-bio-0030","paper-general-curated","src-curated-archive",605,"2026","Tier-1","Shift 1","Set A","comp-practice","subj-biology","Main Section","single_mcq",1,0.25,"hi,en","Bilingual","HUMAN_CURATED","CLEAN","VERIFIED",0,1
"q-c12-bio-0031","paper-general-curated","src-curated-archive",606,"2026","Tier-1","Shift 1","Set A","comp-practice","subj-biology","Main Section","single_mcq",1,0.25,"hi,en","Bilingual","HUMAN_CURATED","CLEAN","VERIFIED",0,1
"q-c12-bio-0032","paper-general-curated","src-curated-archive",607,"2026","Tier-1","Shift 1","Set A","comp-practice","subj-biology","Main Section","single_mcq",1,0.25,"hi,en","Bilingual","HUMAN_CURATED","CLEAN","VERIFIED",0,1
"q-c12-bio-0033","paper-general-curated","src-curated-archive",608,"2026","Tier-1","Shift 1","Set A","comp-practice","subj-biology","Main Section","single_mcq",1,0.25,"hi,en","Bilingual","HUMAN_CURATED","CLEAN","VERIFIED",0,1
"q-c12-bio-0034","paper-general-curated","src-curated-archive",609,"2026","Tier-1","Shift 1","Set A","comp-practice","subj-biology","Main Section","single_mcq",1,0.25,"hi,en","Bilingual","HUMAN_CURATED","CLEAN","VERIFIED",0,1
"q-c12-bio-0035","paper-general-curated","src-curated-archive",610,"2026","Tier-1","Shift 1","Set A","comp-practice","subj-biology","Main Section","single_mcq",1,0.25,"hi,en","Bilingual","HUMAN_CURATED","CLEAN","VERIFIED",0,1
"q-c12-math-0001","paper-general-curated","src-curated-archive",611,"2026","Tier-1","Shift 1","Set A","comp-practice","subj-math12","Main Section","single_mcq",1,0.25,"hi,en","Bilingual","HUMAN_CURATED","CLEAN","VERIFIED",0,1
"q-c12-math-0002","paper-general-curated","src-curated-archive",612,"2026","Tier-1","Shift 1","Set A","comp-practice","subj-math12","Main Section","single_mcq",1,0.25,"hi,en","Bilingual","HUMAN_CURATED","CLEAN","VERIFIED",0,1
"q-c12-math-0003","paper-general-curated","src-curated-archive",613,"2026","Tier-1","Shift 1","Set A","comp-practice","subj-math12","Main Section","single_mcq",1,0.25,"hi,en","Bilingual","HUMAN_CURATED","CLEAN","VERIFIED",0,1
"q-c12-math-0004","paper-general-curated","src-curated-archive",614,"2026","Tier-1","Shift 1","Set A","comp-practice","subj-math12","Main Section","single_mcq",1,0.25,"hi,en","Bilingual","HUMAN_CURATED","CLEAN","VERIFIED",0,1
"q-c12-math-0005","paper-general-curated","src-curated-archive",615,"2026","Tier-1","Shift 1","Set A","comp-practice","subj-math12","Main Section","single_mcq",1,0.25,"hi,en","Bilingual","HUMAN_CURATED","CLEAN","VERIFIED",0,1
"q-c12-math-0006","paper-general-curated","src-curated-archive",616,"2026","Tier-1","Shift 1","Set A","comp-practice","subj-math12","Main Section","single_mcq",1,0.25,"hi,en","Bilingual","HUMAN_CURATED","CLEAN","VERIFIED",0,1
"q-c12-math-0007","paper-general-curated","src-curated-archive",617,"2026","Tier-1","Shift 1","Set A","comp-practice","subj-math12","Main Section","single_mcq",1,0.25,"hi,en","Bilingual","HUMAN_CURATED","CLEAN","VERIFIED",0,1
"q-c12-math-0008","paper-general-curated","src-curated-archive",618,"2026","Tier-1","Shift 1","Set A","comp-practice","subj-math12","Main Section","single_mcq",1,0.25,"hi,en","Bilingual","HUMAN_CURATED","CLEAN","VERIFIED",0,1
"q-c12-math-0009","paper-general-curated","src-curated-archive",619,"2026","Tier-1","Shift 1","Set A","comp-practice","subj-math12","Main Section","single_mcq",1,0.25,"hi,en","Bilingual","HUMAN_CURATED","CLEAN","VERIFIED",0,1
"q-c12-math-0010","paper-general-curated","src-curated-archive",620,"2026","Tier-1","Shift 1","Set A","comp-practice","subj-math12","Main Section","single_mcq",1,0.25,"hi,en","Bilingual","HUMAN_CURATED","CLEAN","VERIFIED",0,1
"q-c12-math-0011","paper-general-curated","src-curated-archive",621,"2026","Tier-1","Shift 1","Set A","comp-practice","subj-math12","Main Section","single_mcq",1,0.25,"hi,en","Bilingual","HUMAN_CURATED","CLEAN","VERIFIED",0,1
"q-c12-math-0012","paper-general-curated","src-curated-archive",622,"2026","Tier-1","Shift 1","Set A","comp-practice","subj-math12","Main Section","single_mcq",1,0.25,"hi,en","Bilingual","HUMAN_CURATED","CLEAN","VERIFIED",0,1
"q-c12-math-0013","paper-general-curated","src-curated-archive",623,"2026","Tier-1","Shift 1","Set A","comp-practice","subj-math12","Main Section","single_mcq",1,0.25,"hi,en","Bilingual","HUMAN_CURATED","CLEAN","VERIFIED",0,1
"q-c12-math-0014","paper-general-curated","src-curated-archive",624,"2026","Tier-1","Shift 1","Set A","comp-practice","subj-math12","Main Section","single_mcq",1,0.25,"hi,en","Bilingual","HUMAN_CURATED","CLEAN","VERIFIED",0,1
"q-c12-math-0015","paper-general-curated","src-curated-archive",625,"2026","Tier-1","Shift 1","Set A","comp-practice","subj-math12","Main Section","single_mcq",1,0.25,"hi,en","Bilingual","HUMAN_CURATED","CLEAN","VERIFIED",0,1
"q-c12-math-0016","paper-general-curated","src-curated-archive",626,"2026","Tier-1","Shift 1","Set A","comp-practice","subj-math12","Main Section","single_mcq",1,0.25,"hi,en","Bilingual","HUMAN_CURATED","CLEAN","VERIFIED",0,1
"q-c12-math-0017","paper-general-curated","src-curated-archive",627,"2026","Tier-1","Shift 1","Set A","comp-practice","subj-math12","Main Section","single_mcq",1,0.25,"hi,en","Bilingual","HUMAN_CURATED","CLEAN","VERIFIED",0,1
"q-c12-math-0018","paper-general-curated","src-curated-archive",628,"2026","Tier-1","Shift 1","Set A","comp-practice","subj-math12","Main Section","single_mcq",1,0.25,"hi,en","Bilingual","HUMAN_CURATED","CLEAN","VERIFIED",0,1
"q-c12-math-0019","paper-general-curated","src-curated-archive",629,"2026","Tier-1","Shift 1","Set A","comp-practice","subj-math12","Main Section","single_mcq",1,0.25,"hi,en","Bilingual","HUMAN_CURATED","CLEAN","VERIFIED",0,1
"q-c12-math-0020","paper-general-curated","src-curated-archive",630,"2026","Tier-1","Shift 1","Set A","comp-practice","subj-math12","Main Section","single_mcq",1,0.25,"hi,en","Bilingual","HUMAN_CURATED","CLEAN","VERIFIED",0,1
"q-c12-math-0021","paper-general-curated","src-curated-archive",631,"2026","Tier-1","Shift 1","Set A","comp-practice","subj-math12","Main Section","single_mcq",1,0.25,"hi,en","Bilingual","HUMAN_CURATED","CLEAN","VERIFIED",0,1
"q-c12-math-0022","paper-general-curated","src-curated-archive",632,"2026","Tier-1","Shift 1","Set A","comp-practice","subj-math12","Main Section","single_mcq",1,0.25,"hi,en","Bilingual","HUMAN_CURATED","CLEAN","VERIFIED",0,1
"q-c12-math-0023","paper-general-curated","src-curated-archive",633,"2026","Tier-1","Shift 1","Set A","comp-practice","subj-math12","Main Section","single_mcq",1,0.25,"hi,en","Bilingual","HUMAN_CURATED","CLEAN","VERIFIED",0,1
"q-c12-math-0024","paper-general-curated","src-curated-archive",634,"2026","Tier-1","Shift 1","Set A","comp-practice","subj-math12","Main Section","single_mcq",1,0.25,"hi,en","Bilingual","HUMAN_CURATED","CLEAN","VERIFIED",0,1
"q-c12-math-0025","paper-general-curated","src-curated-archive",635,"2026","Tier-1","Shift 1","Set A","comp-practice","subj-math12","Main Section","single_mcq",1,0.25,"hi,en","Bilingual","HUMAN_CURATED","CLEAN","VERIFIED",0,1
"q-c12-math-0026","paper-general-curated","src-curated-archive",636,"2026","Tier-1","Shift 1","Set A","comp-practice","subj-math12","Main Section","single_mcq",1,0.25,"hi,en","Bilingual","HUMAN_CURATED","CLEAN","VERIFIED",0,1
"q-c12-math-0027","paper-general-curated","src-curated-archive",637,"2026","Tier-1","Shift 1","Set A","comp-practice","subj-math12","Main Section","single_mcq",1,0.25,"hi,en","Bilingual","HUMAN_CURATED","CLEAN","VERIFIED",0,1
"q-c12-math-0028","paper-general-curated","src-curated-archive",638,"2026","Tier-1","Shift 1","Set A","comp-practice","subj-math12","Main Section","single_mcq",1,0.25,"hi,en","Bilingual","HUMAN_CURATED","CLEAN","VERIFIED",0,1
"q-c12-math-0029","paper-general-curated","src-curated-archive",639,"2026","Tier-1","Shift 1","Set A","comp-practice","subj-math12","Main Section","single_mcq",1,0.25,"hi,en","Bilingual","HUMAN_CURATED","CLEAN","VERIFIED",0,1
"q-c12-math-0030","paper-general-curated","src-curated-archive",640,"2026","Tier-1","Shift 1","Set A","comp-practice","subj-math12","Main Section","single_mcq",1,0.25,"hi,en","Bilingual","HUMAN_CURATED","CLEAN","VERIFIED",0,1
"q-c12-math-0031","paper-general-curated","src-curated-archive",641,"2026","Tier-1","Shift 1","Set A","comp-practice","subj-math12","Main Section","single_mcq",1,0.25,"hi,en","Bilingual","HUMAN_CURATED","CLEAN","VERIFIED",0,1
"q-c12-math-0032","paper-general-curated","src-curated-archive",642,"2026","Tier-1","Shift 1","Set A","comp-practice","subj-math12","Main Section","single_mcq",1,0.25,"hi,en","Bilingual","HUMAN_CURATED","CLEAN","VERIFIED",0,1
"q-c12-math-0033","paper-general-curated","src-curated-archive",643,"2026","Tier-1","Shift 1","Set A","comp-practice","subj-math12","Main Section","single_mcq",1,0.25,"hi,en","Bilingual","HUMAN_CURATED","CLEAN","VERIFIED",0,1
"q-c12-math-0034","paper-general-curated","src-curated-archive",644,"2026","Tier-1","Shift 1","Set A","comp-practice","subj-math12","Main Section","single_mcq",1,0.25,"hi,en","Bilingual","HUMAN_CURATED","CLEAN","VERIFIED",0,1
"q-c12-math-0035","paper-general-curated","src-curated-archive",645,"2026","Tier-1","Shift 1","Set A","comp-practice","subj-math12","Main Section","single_mcq",1,0.25,"hi,en","Bilingual","HUMAN_CURATED","CLEAN","VERIFIED",0,1
"q-c12-math-0036","paper-general-curated","src-curated-archive",646,"2026","Tier-1","Shift 1","Set A","comp-practice","subj-math12","Main Section","single_mcq",1,0.25,"hi,en","Bilingual","HUMAN_CURATED","CLEAN","VERIFIED",0,1
"q-c12-math-0037","paper-general-curated","src-curated-archive",647,"2026","Tier-1","Shift 1","Set A","comp-practice","subj-math12","Main Section","single_mcq",1,0.25,"hi,en","Bilingual","HUMAN_CURATED","CLEAN","VERIFIED",0,1
"q-c12-math-0038","paper-general-curated","src-curated-archive",648,"2026","Tier-1","Shift 1","Set A","comp-practice","subj-math12","Main Section","single_mcq",1,0.25,"hi,en","Bilingual","HUMAN_CURATED","CLEAN","VERIFIED",0,1
"q-c12-math-0039","paper-general-curated","src-curated-archive",649,"2026","Tier-1","Shift 1","Set A","comp-practice","subj-math12","Main Section","single_mcq",1,0.25,"hi,en","Bilingual","HUMAN_CURATED","CLEAN","VERIFIED",0,1
"q-c12-math-0040","paper-general-curated","src-curated-archive",650,"2026","Tier-1","Shift 1","Set A","comp-practice","subj-math12","Main Section","single_mcq",1,0.25,"hi,en","Bilingual","HUMAN_CURATED","CLEAN","VERIFIED",0,1
"q-c12-math-0041","paper-general-curated","src-curated-archive",651,"2026","Tier-1","Shift 1","Set A","comp-practice","subj-math12","Main Section","single_mcq",1,0.25,"hi,en","Bilingual","HUMAN_CURATED","CLEAN","VERIFIED",0,1
"q-c12-math-0042","paper-general-curated","src-curated-archive",652,"2026","Tier-1","Shift 1","Set A","comp-practice","subj-math12","Main Section","single_mcq",1,0.25,"hi,en","Bilingual","HUMAN_CURATED","CLEAN","VERIFIED",0,1
"q-c12-math-0043","paper-general-curated","src-curated-archive",653,"2026","Tier-1","Shift 1","Set A","comp-practice","subj-math12","Main Section","single_mcq",1,0.25,"hi,en","Bilingual","HUMAN_CURATED","CLEAN","VERIFIED",0,1
"q-c12-math-0044","paper-general-curated","src-curated-archive",654,"2026","Tier-1","Shift 1","Set A","comp-practice","subj-math12","Main Section","single_mcq",1,0.25,"hi,en","Bilingual","HUMAN_CURATED","CLEAN","VERIFIED",0,1
"q-c12-math-0045","paper-general-curated","src-curated-archive",655,"2026","Tier-1","Shift 1","Set A","comp-practice","subj-math12","Main Section","single_mcq",1,0.25,"hi,en","Bilingual","HUMAN_CURATED","CLEAN","VERIFIED",0,1
"q-c12-acc-0001","paper-general-curated","src-curated-archive",656,"2026","Tier-1","Shift 1","Set A","comp-practice","subj-accountancy","Main Section","single_mcq",1,0.25,"hi,en","Bilingual","HUMAN_CURATED","CLEAN","VERIFIED",0,1
"q-c12-acc-0002","paper-general-curated","src-curated-archive",657,"2026","Tier-1","Shift 1","Set A","comp-practice","subj-accountancy","Main Section","single_mcq",1,0.25,"hi,en","Bilingual","HUMAN_CURATED","CLEAN","VERIFIED",0,1
"q-c12-acc-0003","paper-general-curated","src-curated-archive",658,"2026","Tier-1","Shift 1","Set A","comp-practice","subj-accountancy","Main Section","single_mcq",1,0.25,"hi,en","Bilingual","HUMAN_CURATED","CLEAN","VERIFIED",0,1
"q-c12-acc-0004","paper-general-curated","src-curated-archive",659,"2026","Tier-1","Shift 1","Set A","comp-practice","subj-accountancy","Main Section","single_mcq",1,0.25,"hi,en","Bilingual","HUMAN_CURATED","CLEAN","VERIFIED",0,1
"q-c12-acc-0005","paper-general-curated","src-curated-archive",660,"2026","Tier-1","Shift 1","Set A","comp-practice","subj-accountancy","Main Section","single_mcq",1,0.25,"hi,en","Bilingual","HUMAN_CURATED","CLEAN","VERIFIED",0,1
"q-c12-acc-0006","paper-general-curated","src-curated-archive",661,"2026","Tier-1","Shift 1","Set A","comp-practice","subj-accountancy","Main Section","single_mcq",1,0.25,"hi,en","Bilingual","HUMAN_CURATED","CLEAN","VERIFIED",0,1
"q-c12-acc-0007","paper-general-curated","src-curated-archive",662,"2026","Tier-1","Shift 1","Set A","comp-practice","subj-accountancy","Main Section","single_mcq",1,0.25,"hi,en","Bilingual","HUMAN_CURATED","CLEAN","VERIFIED",0,1
"q-c12-acc-0008","paper-general-curated","src-curated-archive",663,"2026","Tier-1","Shift 1","Set A","comp-practice","subj-accountancy","Main Section","single_mcq",1,0.25,"hi,en","Bilingual","HUMAN_CURATED","CLEAN","VERIFIED",0,1
"q-c12-acc-0009","paper-general-curated","src-curated-archive",664,"2026","Tier-1","Shift 1","Set A","comp-practice","subj-accountancy","Main Section","single_mcq",1,0.25,"hi,en","Bilingual","HUMAN_CURATED","CLEAN","VERIFIED",0,1
"q-c12-acc-0010","paper-general-curated","src-curated-archive",665,"2026","Tier-1","Shift 1","Set A","comp-practice","subj-accountancy","Main Section","single_mcq",1,0.25,"hi,en","Bilingual","HUMAN_CURATED","CLEAN","VERIFIED",0,1
"q-c12-acc-0011","paper-general-curated","src-curated-archive",666,"2026","Tier-1","Shift 1","Set A","comp-practice","subj-accountancy","Main Section","single_mcq",1,0.25,"hi,en","Bilingual","HUMAN_CURATED","CLEAN","VERIFIED",0,1
"q-c12-acc-0012","paper-general-curated","src-curated-archive",667,"2026","Tier-1","Shift 1","Set A","comp-practice","subj-accountancy","Main Section","single_mcq",1,0.25,"hi,en","Bilingual","HUMAN_CURATED","CLEAN","VERIFIED",0,1
"q-c12-bus-0001","paper-general-curated","src-curated-archive",668,"2026","Tier-1","Shift 1","Set A","comp-practice","subj-business","Main Section","single_mcq",1,0.25,"hi,en","Bilingual","HUMAN_CURATED","CLEAN","VERIFIED",0,1
"q-c12-bus-0002","paper-general-curated","src-curated-archive",669,"2026","Tier-1","Shift 1","Set A","comp-practice","subj-business","Main Section","single_mcq",1,0.25,"hi,en","Bilingual","HUMAN_CURATED","CLEAN","VERIFIED",0,1
"q-c12-bus-0003","paper-general-curated","src-curated-archive",670,"2026","Tier-1","Shift 1","Set A","comp-practice","subj-business","Main Section","single_mcq",1,0.25,"hi,en","Bilingual","HUMAN_CURATED","CLEAN","VERIFIED",0,1
"q-c12-bus-0004","paper-general-curated","src-curated-archive",671,"2026","Tier-1","Shift 1","Set A","comp-practice","subj-business","Main Section","single_mcq",1,0.25,"hi,en","Bilingual","HUMAN_CURATED","CLEAN","VERIFIED",0,1
"q-c12-bus-0005","paper-general-curated","src-curated-archive",672,"2026","Tier-1","Shift 1","Set A","comp-practice","subj-business","Main Section","single_mcq",1,0.25,"hi,en","Bilingual","HUMAN_CURATED","CLEAN","VERIFIED",0,1
"q-c12-bus-0006","paper-general-curated","src-curated-archive",673,"2026","Tier-1","Shift 1","Set A","comp-practice","subj-business","Main Section","single_mcq",1,0.25,"hi,en","Bilingual","HUMAN_CURATED","CLEAN","VERIFIED",0,1
"q-c12-bus-0007","paper-general-curated","src-curated-archive",674,"2026","Tier-1","Shift 1","Set A","comp-practice","subj-business","Main Section","single_mcq",1,0.25,"hi,en","Bilingual","HUMAN_CURATED","CLEAN","VERIFIED",0,1
"q-c12-bus-0008","paper-general-curated","src-curated-archive",675,"2026","Tier-1","Shift 1","Set A","comp-practice","subj-business","Main Section","single_mcq",1,0.25,"hi,en","Bilingual","HUMAN_CURATED","CLEAN","VERIFIED",0,1
"q-c12-bus-0009","paper-general-curated","src-curated-archive",676,"2026","Tier-1","Shift 1","Set A","comp-practice","subj-business","Main Section","single_mcq",1,0.25,"hi,en","Bilingual","HUMAN_CURATED","CLEAN","VERIFIED",0,1
"q-c12-bus-0010","paper-general-curated","src-curated-archive",677,"2026","Tier-1","Shift 1","Set A","comp-practice","subj-business","Main Section","single_mcq",1,0.25,"hi,en","Bilingual","HUMAN_CURATED","CLEAN","VERIFIED",0,1
"q-c12-bus-0011","paper-general-curated","src-curated-archive",678,"2026","Tier-1","Shift 1","Set A","comp-practice","subj-business","Main Section","single_mcq",1,0.25,"hi,en","Bilingual","HUMAN_CURATED","CLEAN","VERIFIED",0,1
"q-c12-bus-0012","paper-general-curated","src-curated-archive",679,"2026","Tier-1","Shift 1","Set A","comp-practice","subj-business","Main Section","single_mcq",1,0.25,"hi,en","Bilingual","HUMAN_CURATED","CLEAN","VERIFIED",0,1
"q-c12-eco-0001","paper-general-curated","src-curated-archive",680,"2026","Tier-1","Shift 1","Set A","comp-practice","subj-economics","Main Section","single_mcq",1,0.25,"hi,en","Bilingual","HUMAN_CURATED","CLEAN","VERIFIED",0,1
"q-c12-eco-0002","paper-general-curated","src-curated-archive",681,"2026","Tier-1","Shift 1","Set A","comp-practice","subj-economics","Main Section","single_mcq",1,0.25,"hi,en","Bilingual","HUMAN_CURATED","CLEAN","VERIFIED",0,1
"q-c12-eco-0003","paper-general-curated","src-curated-archive",682,"2026","Tier-1","Shift 1","Set A","comp-practice","subj-economics","Main Section","single_mcq",1,0.25,"hi,en","Bilingual","HUMAN_CURATED","CLEAN","VERIFIED",0,1
"q-c12-eco-0004","paper-general-curated","src-curated-archive",683,"2026","Tier-1","Shift 1","Set A","comp-practice","subj-economics","Main Section","single_mcq",1,0.25,"hi,en","Bilingual","HUMAN_CURATED","CLEAN","VERIFIED",0,1
"q-c12-eco-0005","paper-general-curated","src-curated-archive",684,"2026","Tier-1","Shift 1","Set A","comp-practice","subj-economics","Main Section","single_mcq",1,0.25,"hi,en","Bilingual","HUMAN_CURATED","CLEAN","VERIFIED",0,1
"q-c12-eco-0006","paper-general-curated","src-curated-archive",685,"2026","Tier-1","Shift 1","Set A","comp-practice","subj-economics","Main Section","single_mcq",1,0.25,"hi,en","Bilingual","HUMAN_CURATED","CLEAN","VERIFIED",0,1
"q-c12-eco-0007","paper-general-curated","src-curated-archive",686,"2026","Tier-1","Shift 1","Set A","comp-practice","subj-economics","Main Section","single_mcq",1,0.25,"hi,en","Bilingual","HUMAN_CURATED","CLEAN","VERIFIED",0,1
"q-c12-eco-0008","paper-general-curated","src-curated-archive",687,"2026","Tier-1","Shift 1","Set A","comp-practice","subj-economics","Main Section","single_mcq",1,0.25,"hi,en","Bilingual","HUMAN_CURATED","CLEAN","VERIFIED",0,1
"q-c12-eco-0009","paper-general-curated","src-curated-archive",688,"2026","Tier-1","Shift 1","Set A","comp-practice","subj-economics","Main Section","single_mcq",1,0.25,"hi,en","Bilingual","HUMAN_CURATED","CLEAN","VERIFIED",0,1
"q-c12-eco-0010","paper-general-curated","src-curated-archive",689,"2026","Tier-1","Shift 1","Set A","comp-practice","subj-economics","Main Section","single_mcq",1,0.25,"hi,en","Bilingual","HUMAN_CURATED","CLEAN","VERIFIED",0,1
"q-c12-eco-0011","paper-general-curated","src-curated-archive",690,"2026","Tier-1","Shift 1","Set A","comp-practice","subj-economics","Main Section","single_mcq",1,0.25,"hi,en","Bilingual","HUMAN_CURATED","CLEAN","VERIFIED",0,1
"q-c12-eco-0012","paper-general-curated","src-curated-archive",691,"2026","Tier-1","Shift 1","Set A","comp-practice","subj-economics","Main Section","single_mcq",1,0.25,"hi,en","Bilingual","HUMAN_CURATED","CLEAN","VERIFIED",0,1
"q-c12-his-0001","paper-general-curated","src-curated-archive",692,"2026","Tier-1","Shift 1","Set A","comp-practice","subj-history","Main Section","single_mcq",1,0.25,"hi,en","Bilingual","HUMAN_CURATED","CLEAN","VERIFIED",0,1
"q-c12-his-0002","paper-general-curated","src-curated-archive",693,"2026","Tier-1","Shift 1","Set A","comp-practice","subj-history","Main Section","single_mcq",1,0.25,"hi,en","Bilingual","HUMAN_CURATED","CLEAN","VERIFIED",0,1
"q-c12-his-0003","paper-general-curated","src-curated-archive",694,"2026","Tier-1","Shift 1","Set A","comp-practice","subj-history","Main Section","single_mcq",1,0.25,"hi,en","Bilingual","HUMAN_CURATED","CLEAN","VERIFIED",0,1
"q-c12-his-0004","paper-general-curated","src-curated-archive",695,"2026","Tier-1","Shift 1","Set A","comp-practice","subj-history","Main Section","single_mcq",1,0.25,"hi,en","Bilingual","HUMAN_CURATED","CLEAN","VERIFIED",0,1
"q-c12-his-0005","paper-general-curated","src-curated-archive",696,"2026","Tier-1","Shift 1","Set A","comp-practice","subj-history","Main Section","single_mcq",1,0.25,"hi,en","Bilingual","HUMAN_CURATED","CLEAN","VERIFIED",0,1
"q-c12-his-0006","paper-general-curated","src-curated-archive",697,"2026","Tier-1","Shift 1","Set A","comp-practice","subj-history","Main Section","single_mcq",1,0.25,"hi,en","Bilingual","HUMAN_CURATED","CLEAN","VERIFIED",0,1
"q-c12-his-0007","paper-general-curated","src-curated-archive",698,"2026","Tier-1","Shift 1","Set A","comp-practice","subj-history","Main Section","single_mcq",1,0.25,"hi,en","Bilingual","HUMAN_CURATED","CLEAN","VERIFIED",0,1
"q-c12-his-0008","paper-general-curated","src-curated-archive",699,"2026","Tier-1","Shift 1","Set A","comp-practice","subj-history","Main Section","single_mcq",1,0.25,"hi,en","Bilingual","HUMAN_CURATED","CLEAN","VERIFIED",0,1
"q-c12-his-0009","paper-general-curated","src-curated-archive",700,"2026","Tier-1","Shift 1","Set A","comp-practice","subj-history","Main Section","single_mcq",1,0.25,"hi,en","Bilingual","HUMAN_CURATED","CLEAN","VERIFIED",0,1
"q-c12-his-0010","paper-general-curated","src-curated-archive",701,"2026","Tier-1","Shift 1","Set A","comp-practice","subj-history","Main Section","single_mcq",1,0.25,"hi,en","Bilingual","HUMAN_CURATED","CLEAN","VERIFIED",0,1
"q-c12-his-0011","paper-general-curated","src-curated-archive",702,"2026","Tier-1","Shift 1","Set A","comp-practice","subj-history","Main Section","single_mcq",1,0.25,"hi,en","Bilingual","HUMAN_CURATED","CLEAN","VERIFIED",0,1
"q-c12-his-0012","paper-general-curated","src-curated-archive",703,"2026","Tier-1","Shift 1","Set A","comp-practice","subj-history","Main Section","single_mcq",1,0.25,"hi,en","Bilingual","HUMAN_CURATED","CLEAN","VERIFIED",0,1
"q-c12-pol-0001","paper-general-curated","src-curated-archive",704,"2026","Tier-1","Shift 1","Set A","comp-practice","subj-polity","Main Section","single_mcq",1,0.25,"hi,en","Bilingual","HUMAN_CURATED","CLEAN","VERIFIED",0,1
"q-c12-pol-0002","paper-general-curated","src-curated-archive",705,"2026","Tier-1","Shift 1","Set A","comp-practice","subj-polity","Main Section","single_mcq",1,0.25,"hi,en","Bilingual","HUMAN_CURATED","CLEAN","VERIFIED",0,1
"q-c12-pol-0003","paper-general-curated","src-curated-archive",706,"2026","Tier-1","Shift 1","Set A","comp-practice","subj-polity","Main Section","single_mcq",1,0.25,"hi,en","Bilingual","HUMAN_CURATED","CLEAN","VERIFIED",0,1
"q-c12-pol-0004","paper-general-curated","src-curated-archive",707,"2026","Tier-1","Shift 1","Set A","comp-practice","subj-polity","Main Section","single_mcq",1,0.25,"hi,en","Bilingual","HUMAN_CURATED","CLEAN","VERIFIED",0,1
"q-c12-pol-0005","paper-general-curated","src-curated-archive",708,"2026","Tier-1","Shift 1","Set A","comp-practice","subj-polity","Main Section","single_mcq",1,0.25,"hi,en","Bilingual","HUMAN_CURATED","CLEAN","VERIFIED",0,1
"q-c12-pol-0006","paper-general-curated","src-curated-archive",709,"2026","Tier-1","Shift 1","Set A","comp-practice","subj-polity","Main Section","single_mcq",1,0.25,"hi,en","Bilingual","HUMAN_CURATED","CLEAN","VERIFIED",0,1
"q-c12-pol-0007","paper-general-curated","src-curated-archive",710,"2026","Tier-1","Shift 1","Set A","comp-practice","subj-polity","Main Section","single_mcq",1,0.25,"hi,en","Bilingual","HUMAN_CURATED","CLEAN","VERIFIED",0,1
"q-c12-pol-0008","paper-general-curated","src-curated-archive",711,"2026","Tier-1","Shift 1","Set A","comp-practice","subj-polity","Main Section","single_mcq",1,0.25,"hi,en","Bilingual","HUMAN_CURATED","CLEAN","VERIFIED",0,1
"q-c12-pol-0009","paper-general-curated","src-curated-archive",712,"2026","Tier-1","Shift 1","Set A","comp-practice","subj-polity","Main Section","single_mcq",1,0.25,"hi,en","Bilingual","HUMAN_CURATED","CLEAN","VERIFIED",0,1
"q-c12-pol-0010","paper-general-curated","src-curated-archive",713,"2026","Tier-1","Shift 1","Set A","comp-practice","subj-polity","Main Section","single_mcq",1,0.25,"hi,en","Bilingual","HUMAN_CURATED","CLEAN","VERIFIED",0,1
"q-c12-pol-0011","paper-general-curated","src-curated-archive",714,"2026","Tier-1","Shift 1","Set A","comp-practice","subj-polity","Main Section","single_mcq",1,0.25,"hi,en","Bilingual","HUMAN_CURATED","CLEAN","VERIFIED",0,1
"q-c12-pol-0012","paper-general-curated","src-curated-archive",715,"2026","Tier-1","Shift 1","Set A","comp-practice","subj-polity","Main Section","single_mcq",1,0.25,"hi,en","Bilingual","HUMAN_CURATED","CLEAN","VERIFIED",0,1
"q-c12-geo-0001","paper-general-curated","src-curated-archive",716,"2026","Tier-1","Shift 1","Set A","comp-practice","subj-geography","Main Section","single_mcq",1,0.25,"hi,en","Bilingual","HUMAN_CURATED","CLEAN","VERIFIED",0,1
"q-c12-geo-0002","paper-general-curated","src-curated-archive",717,"2026","Tier-1","Shift 1","Set A","comp-practice","subj-geography","Main Section","single_mcq",1,0.25,"hi,en","Bilingual","HUMAN_CURATED","CLEAN","VERIFIED",0,1
"q-c12-geo-0003","paper-general-curated","src-curated-archive",718,"2026","Tier-1","Shift 1","Set A","comp-practice","subj-geography","Main Section","single_mcq",1,0.25,"hi,en","Bilingual","HUMAN_CURATED","CLEAN","VERIFIED",0,1
"q-c12-geo-0004","paper-general-curated","src-curated-archive",719,"2026","Tier-1","Shift 1","Set A","comp-practice","subj-geography","Main Section","single_mcq",1,0.25,"hi,en","Bilingual","HUMAN_CURATED","CLEAN","VERIFIED",0,1
"q-c12-geo-0005","paper-general-curated","src-curated-archive",720,"2026","Tier-1","Shift 1","Set A","comp-practice","subj-geography","Main Section","single_mcq",1,0.25,"hi,en","Bilingual","HUMAN_CURATED","CLEAN","VERIFIED",0,1
"q-c12-geo-0006","paper-general-curated","src-curated-archive",721,"2026","Tier-1","Shift 1","Set A","comp-practice","subj-geography","Main Section","single_mcq",1,0.25,"hi,en","Bilingual","HUMAN_CURATED","CLEAN","VERIFIED",0,1
"q-c12-geo-0007","paper-general-curated","src-curated-archive",722,"2026","Tier-1","Shift 1","Set A","comp-practice","subj-geography","Main Section","single_mcq",1,0.25,"hi,en","Bilingual","HUMAN_CURATED","CLEAN","VERIFIED",0,1
"q-c12-geo-0008","paper-general-curated","src-curated-archive",723,"2026","Tier-1","Shift 1","Set A","comp-practice","subj-geography","Main Section","single_mcq",1,0.25,"hi,en","Bilingual","HUMAN_CURATED","CLEAN","VERIFIED",0,1
"q-c12-geo-0009","paper-general-curated","src-curated-archive",724,"2026","Tier-1","Shift 1","Set A","comp-practice","subj-geography","Main Section","single_mcq",1,0.25,"hi,en","Bilingual","HUMAN_CURATED","CLEAN","VERIFIED",0,1
"q-c12-geo-0010","paper-general-curated","src-curated-archive",725,"2026","Tier-1","Shift 1","Set A","comp-practice","subj-geography","Main Section","single_mcq",1,0.25,"hi,en","Bilingual","HUMAN_CURATED","CLEAN","VERIFIED",0,1
"q-c12-geo-0011","paper-general-curated","src-curated-archive",726,"2026","Tier-1","Shift 1","Set A","comp-practice","subj-geography","Main Section","single_mcq",1,0.25,"hi,en","Bilingual","HUMAN_CURATED","CLEAN","VERIFIED",0,1
"q-c12-geo-0012","paper-general-curated","src-curated-archive",727,"2026","Tier-1","Shift 1","Set A","comp-practice","subj-geography","Main Section","single_mcq",1,0.25,"hi,en","Bilingual","HUMAN_CURATED","CLEAN","VERIFIED",0,1
"q-cmp-rea-0001","paper-general-curated","src-curated-archive",728,"2026","Tier-1","Shift 1","Set A","comp-practice","subj-reasoning","Main Section","single_mcq",1,0.25,"hi,en","Bilingual","HUMAN_CURATED","CLEAN","VERIFIED",0,1
"q-cmp-rea-0002","paper-general-curated","src-curated-archive",729,"2026","Tier-1","Shift 1","Set A","comp-practice","subj-reasoning","Main Section","single_mcq",1,0.25,"hi,en","Bilingual","HUMAN_CURATED","CLEAN","VERIFIED",0,1
"q-cmp-rea-0003","paper-general-curated","src-curated-archive",730,"2026","Tier-1","Shift 1","Set A","comp-practice","subj-reasoning","Main Section","single_mcq",1,0.25,"hi,en","Bilingual","HUMAN_CURATED","CLEAN","VERIFIED",0,1
"q-cmp-rea-0004","paper-general-curated","src-curated-archive",731,"2026","Tier-1","Shift 1","Set A","comp-practice","subj-reasoning","Main Section","single_mcq",1,0.25,"hi,en","Bilingual","HUMAN_CURATED","CLEAN","VERIFIED",0,1
"q-cmp-rea-0005","paper-general-curated","src-curated-archive",732,"2026","Tier-1","Shift 1","Set A","comp-practice","subj-reasoning","Main Section","single_mcq",1,0.25,"hi,en","Bilingual","HUMAN_CURATED","CLEAN","VERIFIED",0,1
"q-cmp-rea-0006","paper-general-curated","src-curated-archive",733,"2026","Tier-1","Shift 1","Set A","comp-practice","subj-reasoning","Main Section","single_mcq",1,0.25,"hi,en","Bilingual","HUMAN_CURATED","CLEAN","VERIFIED",0,1
"q-cmp-rea-0007","paper-general-curated","src-curated-archive",734,"2026","Tier-1","Shift 1","Set A","comp-practice","subj-reasoning","Main Section","single_mcq",1,0.25,"hi,en","Bilingual","HUMAN_CURATED","CLEAN","VERIFIED",0,1
"q-cmp-rea-0008","paper-general-curated","src-curated-archive",735,"2026","Tier-1","Shift 1","Set A","comp-practice","subj-reasoning","Main Section","single_mcq",1,0.25,"hi,en","Bilingual","HUMAN_CURATED","CLEAN","VERIFIED",0,1
"q-cmp-rea-0009","paper-general-curated","src-curated-archive",736,"2026","Tier-1","Shift 1","Set A","comp-practice","subj-reasoning","Main Section","single_mcq",1,0.25,"hi,en","Bilingual","HUMAN_CURATED","CLEAN","VERIFIED",0,1
"q-cmp-rea-0010","paper-general-curated","src-curated-archive",737,"2026","Tier-1","Shift 1","Set A","comp-practice","subj-reasoning","Main Section","single_mcq",1,0.25,"hi,en","Bilingual","HUMAN_CURATED","CLEAN","VERIFIED",0,1
"q-cmp-rea-0011","paper-general-curated","src-curated-archive",738,"2026","Tier-1","Shift 1","Set A","comp-practice","subj-reasoning","Main Section","single_mcq",1,0.25,"hi,en","Bilingual","HUMAN_CURATED","CLEAN","VERIFIED",0,1
"q-cmp-rea-0012","paper-general-curated","src-curated-archive",739,"2026","Tier-1","Shift 1","Set A","comp-practice","subj-reasoning","Main Section","single_mcq",1,0.25,"hi,en","Bilingual","HUMAN_CURATED","CLEAN","VERIFIED",0,1
"q-cmp-rea-0013","paper-general-curated","src-curated-archive",740,"2026","Tier-1","Shift 1","Set A","comp-practice","subj-reasoning","Main Section","single_mcq",1,0.25,"hi,en","Bilingual","HUMAN_CURATED","CLEAN","VERIFIED",0,1
"q-cmp-rea-0014","paper-general-curated","src-curated-archive",741,"2026","Tier-1","Shift 1","Set A","comp-practice","subj-reasoning","Main Section","single_mcq",1,0.25,"hi,en","Bilingual","HUMAN_CURATED","CLEAN","VERIFIED",0,1
"q-cmp-rea-0015","paper-general-curated","src-curated-archive",742,"2026","Tier-1","Shift 1","Set A","comp-practice","subj-reasoning","Main Section","single_mcq",1,0.25,"hi,en","Bilingual","HUMAN_CURATED","CLEAN","VERIFIED",0,1
"q-cmp-rea-0016","paper-general-curated","src-curated-archive",743,"2026","Tier-1","Shift 1","Set A","comp-practice","subj-reasoning","Main Section","single_mcq",1,0.25,"hi,en","Bilingual","HUMAN_CURATED","CLEAN","VERIFIED",0,1
"q-cmp-rea-0017","paper-general-curated","src-curated-archive",744,"2026","Tier-1","Shift 1","Set A","comp-practice","subj-reasoning","Main Section","single_mcq",1,0.25,"hi,en","Bilingual","HUMAN_CURATED","CLEAN","VERIFIED",0,1
"q-cmp-rea-0018","paper-general-curated","src-curated-archive",745,"2026","Tier-1","Shift 1","Set A","comp-practice","subj-reasoning","Main Section","single_mcq",1,0.25,"hi,en","Bilingual","HUMAN_CURATED","CLEAN","VERIFIED",0,1
"q-cmp-rea-0019","paper-general-curated","src-curated-archive",746,"2026","Tier-1","Shift 1","Set A","comp-practice","subj-reasoning","Main Section","single_mcq",1,0.25,"hi,en","Bilingual","HUMAN_CURATED","CLEAN","VERIFIED",0,1
"q-cmp-rea-0020","paper-general-curated","src-curated-archive",747,"2026","Tier-1","Shift 1","Set A","comp-practice","subj-reasoning","Main Section","single_mcq",1,0.25,"hi,en","Bilingual","HUMAN_CURATED","CLEAN","VERIFIED",0,1
"q-cmp-rea-0021","paper-general-curated","src-curated-archive",748,"2026","Tier-1","Shift 1","Set A","comp-practice","subj-reasoning","Main Section","single_mcq",1,0.25,"hi,en","Bilingual","HUMAN_CURATED","CLEAN","VERIFIED",0,1
"q-cmp-rea-0022","paper-general-curated","src-curated-archive",749,"2026","Tier-1","Shift 1","Set A","comp-practice","subj-reasoning","Main Section","single_mcq",1,0.25,"hi,en","Bilingual","HUMAN_CURATED","CLEAN","VERIFIED",0,1
"q-cmp-rea-0023","paper-general-curated","src-curated-archive",750,"2026","Tier-1","Shift 1","Set A","comp-practice","subj-reasoning","Main Section","single_mcq",1,0.25,"hi,en","Bilingual","HUMAN_CURATED","CLEAN","VERIFIED",0,1
"q-cmp-rea-0024","paper-general-curated","src-curated-archive",751,"2026","Tier-1","Shift 1","Set A","comp-practice","subj-reasoning","Main Section","single_mcq",1,0.25,"hi,en","Bilingual","HUMAN_CURATED","CLEAN","VERIFIED",0,1
"q-cmp-rea-0025","paper-general-curated","src-curated-archive",752,"2026","Tier-1","Shift 1","Set A","comp-practice","subj-reasoning","Main Section","single_mcq",1,0.25,"hi,en","Bilingual","HUMAN_CURATED","CLEAN","VERIFIED",0,1
"q-cmp-rea-0026","paper-general-curated","src-curated-archive",753,"2026","Tier-1","Shift 1","Set A","comp-practice","subj-reasoning","Main Section","single_mcq",1,0.25,"hi,en","Bilingual","HUMAN_CURATED","CLEAN","VERIFIED",0,1
"q-cmp-rea-0027","paper-general-curated","src-curated-archive",754,"2026","Tier-1","Shift 1","Set A","comp-practice","subj-reasoning","Main Section","single_mcq",1,0.25,"hi,en","Bilingual","HUMAN_CURATED","CLEAN","VERIFIED",0,1
"q-cmp-rea-0028","paper-general-curated","src-curated-archive",755,"2026","Tier-1","Shift 1","Set A","comp-practice","subj-reasoning","Main Section","single_mcq",1,0.25,"hi,en","Bilingual","HUMAN_CURATED","CLEAN","VERIFIED",0,1
"q-cmp-rea-0029","paper-general-curated","src-curated-archive",756,"2026","Tier-1","Shift 1","Set A","comp-practice","subj-reasoning","Main Section","single_mcq",1,0.25,"hi,en","Bilingual","HUMAN_CURATED","CLEAN","VERIFIED",0,1
"q-cmp-rea-0030","paper-general-curated","src-curated-archive",757,"2026","Tier-1","Shift 1","Set A","comp-practice","subj-reasoning","Main Section","single_mcq",1,0.25,"hi,en","Bilingual","HUMAN_CURATED","CLEAN","VERIFIED",0,1
"q-cmp-mth-0001","paper-general-curated","src-curated-archive",758,"2026","Tier-1","Shift 1","Set A","comp-practice","subj-math","Main Section","single_mcq",1,0.25,"hi,en","Bilingual","HUMAN_CURATED","CLEAN","VERIFIED",0,1
"q-cmp-mth-0002","paper-general-curated","src-curated-archive",759,"2026","Tier-1","Shift 1","Set A","comp-practice","subj-math","Main Section","single_mcq",1,0.25,"hi,en","Bilingual","HUMAN_CURATED","CLEAN","VERIFIED",0,1
"q-cmp-mth-0003","paper-general-curated","src-curated-archive",760,"2026","Tier-1","Shift 1","Set A","comp-practice","subj-math","Main Section","single_mcq",1,0.25,"hi,en","Bilingual","HUMAN_CURATED","CLEAN","VERIFIED",0,1
"q-cmp-mth-0004","paper-general-curated","src-curated-archive",761,"2026","Tier-1","Shift 1","Set A","comp-practice","subj-math","Main Section","single_mcq",1,0.25,"hi,en","Bilingual","HUMAN_CURATED","CLEAN","VERIFIED",0,1
"q-cmp-mth-0005","paper-general-curated","src-curated-archive",762,"2026","Tier-1","Shift 1","Set A","comp-practice","subj-math","Main Section","single_mcq",1,0.25,"hi,en","Bilingual","HUMAN_CURATED","CLEAN","VERIFIED",0,1
"q-cmp-mth-0006","paper-general-curated","src-curated-archive",763,"2026","Tier-1","Shift 1","Set A","comp-practice","subj-math","Main Section","single_mcq",1,0.25,"hi,en","Bilingual","HUMAN_CURATED","CLEAN","VERIFIED",0,1
"q-cmp-mth-0007","paper-general-curated","src-curated-archive",764,"2026","Tier-1","Shift 1","Set A","comp-practice","subj-math","Main Section","single_mcq",1,0.25,"hi,en","Bilingual","HUMAN_CURATED","CLEAN","VERIFIED",0,1
"q-cmp-mth-0008","paper-general-curated","src-curated-archive",765,"2026","Tier-1","Shift 1","Set A","comp-practice","subj-math","Main Section","single_mcq",1,0.25,"hi,en","Bilingual","HUMAN_CURATED","CLEAN","VERIFIED",0,1
"q-cmp-mth-0009","paper-general-curated","src-curated-archive",766,"2026","Tier-1","Shift 1","Set A","comp-practice","subj-math","Main Section","single_mcq",1,0.25,"hi,en","Bilingual","HUMAN_CURATED","CLEAN","VERIFIED",0,1
"q-cmp-mth-0010","paper-general-curated","src-curated-archive",767,"2026","Tier-1","Shift 1","Set A","comp-practice","subj-math","Main Section","single_mcq",1,0.25,"hi,en","Bilingual","HUMAN_CURATED","CLEAN","VERIFIED",0,1
"q-cmp-mth-0011","paper-general-curated","src-curated-archive",768,"2026","Tier-1","Shift 1","Set A","comp-practice","subj-math","Main Section","single_mcq",1,0.25,"hi,en","Bilingual","HUMAN_CURATED","CLEAN","VERIFIED",0,1
"q-cmp-mth-0012","paper-general-curated","src-curated-archive",769,"2026","Tier-1","Shift 1","Set A","comp-practice","subj-math","Main Section","single_mcq",1,0.25,"hi,en","Bilingual","HUMAN_CURATED","CLEAN","VERIFIED",0,1
"q-cmp-mth-0013","paper-general-curated","src-curated-archive",770,"2026","Tier-1","Shift 1","Set A","comp-practice","subj-math","Main Section","single_mcq",1,0.25,"hi,en","Bilingual","HUMAN_CURATED","CLEAN","VERIFIED",0,1
"q-cmp-mth-0014","paper-general-curated","src-curated-archive",771,"2026","Tier-1","Shift 1","Set A","comp-practice","subj-math","Main Section","single_mcq",1,0.25,"hi,en","Bilingual","HUMAN_CURATED","CLEAN","VERIFIED",0,1
"q-cmp-mth-0015","paper-general-curated","src-curated-archive",772,"2026","Tier-1","Shift 1","Set A","comp-practice","subj-math","Main Section","single_mcq",1,0.25,"hi,en","Bilingual","HUMAN_CURATED","CLEAN","VERIFIED",0,1
"q-cmp-mth-0016","paper-general-curated","src-curated-archive",773,"2026","Tier-1","Shift 1","Set A","comp-practice","subj-math","Main Section","single_mcq",1,0.25,"hi,en","Bilingual","HUMAN_CURATED","CLEAN","VERIFIED",0,1
"q-cmp-mth-0017","paper-general-curated","src-curated-archive",774,"2026","Tier-1","Shift 1","Set A","comp-practice","subj-math","Main Section","single_mcq",1,0.25,"hi,en","Bilingual","HUMAN_CURATED","CLEAN","VERIFIED",0,1
"q-cmp-mth-0018","paper-general-curated","src-curated-archive",775,"2026","Tier-1","Shift 1","Set A","comp-practice","subj-math","Main Section","single_mcq",1,0.25,"hi,en","Bilingual","HUMAN_CURATED","CLEAN","VERIFIED",0,1
"q-cmp-mth-0019","paper-general-curated","src-curated-archive",776,"2026","Tier-1","Shift 1","Set A","comp-practice","subj-math","Main Section","single_mcq",1,0.25,"hi,en","Bilingual","HUMAN_CURATED","CLEAN","VERIFIED",0,1
"q-cmp-mth-0020","paper-general-curated","src-curated-archive",777,"2026","Tier-1","Shift 1","Set A","comp-practice","subj-math","Main Section","single_mcq",1,0.25,"hi,en","Bilingual","HUMAN_CURATED","CLEAN","VERIFIED",0,1
"q-cmp-mth-0021","paper-general-curated","src-curated-archive",778,"2026","Tier-1","Shift 1","Set A","comp-practice","subj-math","Main Section","single_mcq",1,0.25,"hi,en","Bilingual","HUMAN_CURATED","CLEAN","VERIFIED",0,1
"q-cmp-mth-0022","paper-general-curated","src-curated-archive",779,"2026","Tier-1","Shift 1","Set A","comp-practice","subj-math","Main Section","single_mcq",1,0.25,"hi,en","Bilingual","HUMAN_CURATED","CLEAN","VERIFIED",0,1
"q-cmp-mth-0023","paper-general-curated","src-curated-archive",780,"2026","Tier-1","Shift 1","Set A","comp-practice","subj-math","Main Section","single_mcq",1,0.25,"hi,en","Bilingual","HUMAN_CURATED","CLEAN","VERIFIED",0,1
"q-cmp-mth-0024","paper-general-curated","src-curated-archive",781,"2026","Tier-1","Shift 1","Set A","comp-practice","subj-math","Main Section","single_mcq",1,0.25,"hi,en","Bilingual","HUMAN_CURATED","CLEAN","VERIFIED",0,1
"q-cmp-mth-0025","paper-general-curated","src-curated-archive",782,"2026","Tier-1","Shift 1","Set A","comp-practice","subj-math","Main Section","single_mcq",1,0.25,"hi,en","Bilingual","HUMAN_CURATED","CLEAN","VERIFIED",0,1
"q-cmp-mth-0026","paper-general-curated","src-curated-archive",783,"2026","Tier-1","Shift 1","Set A","comp-practice","subj-math","Main Section","single_mcq",1,0.25,"hi,en","Bilingual","HUMAN_CURATED","CLEAN","VERIFIED",0,1
"q-cmp-mth-0027","paper-general-curated","src-curated-archive",784,"2026","Tier-1","Shift 1","Set A","comp-practice","subj-math","Main Section","single_mcq",1,0.25,"hi,en","Bilingual","HUMAN_CURATED","CLEAN","VERIFIED",0,1
"q-cmp-mth-0028","paper-general-curated","src-curated-archive",785,"2026","Tier-1","Shift 1","Set A","comp-practice","subj-math","Main Section","single_mcq",1,0.25,"hi,en","Bilingual","HUMAN_CURATED","CLEAN","VERIFIED",0,1
"q-cmp-mth-0029","paper-general-curated","src-curated-archive",786,"2026","Tier-1","Shift 1","Set A","comp-practice","subj-math","Main Section","single_mcq",1,0.25,"hi,en","Bilingual","HUMAN_CURATED","CLEAN","VERIFIED",0,1
"q-cmp-mth-0030","paper-general-curated","src-curated-archive",787,"2026","Tier-1","Shift 1","Set A","comp-practice","subj-math","Main Section","single_mcq",1,0.25,"hi,en","Bilingual","HUMAN_CURATED","CLEAN","VERIFIED",0,1
"q-cmp-law-0001","paper-general-curated","src-curated-archive",788,"2026","Tier-1","Shift 1","Set A","comp-practice","subj-law","Main Section","single_mcq",1,0.25,"hi,en","Bilingual","HUMAN_CURATED","CLEAN","VERIFIED",0,1
"q-cmp-law-0002","paper-general-curated","src-curated-archive",789,"2026","Tier-1","Shift 1","Set A","comp-practice","subj-law","Main Section","single_mcq",1,0.25,"hi,en","Bilingual","HUMAN_CURATED","CLEAN","VERIFIED",0,1
"q-cmp-law-0003","paper-general-curated","src-curated-archive",790,"2026","Tier-1","Shift 1","Set A","comp-practice","subj-law","Main Section","single_mcq",1,0.25,"hi,en","Bilingual","HUMAN_CURATED","CLEAN","VERIFIED",0,1
"q-cmp-law-0004","paper-general-curated","src-curated-archive",791,"2026","Tier-1","Shift 1","Set A","comp-practice","subj-law","Main Section","single_mcq",1,0.25,"hi,en","Bilingual","HUMAN_CURATED","CLEAN","VERIFIED",0,1
"q-cmp-law-0005","paper-general-curated","src-curated-archive",792,"2026","Tier-1","Shift 1","Set A","comp-practice","subj-law","Main Section","single_mcq",1,0.25,"hi,en","Bilingual","HUMAN_CURATED","CLEAN","VERIFIED",0,1
"q-cmp-law-0006","paper-general-curated","src-curated-archive",793,"2026","Tier-1","Shift 1","Set A","comp-practice","subj-law","Main Section","single_mcq",1,0.25,"hi,en","Bilingual","HUMAN_CURATED","CLEAN","VERIFIED",0,1
"q-cmp-law-0007","paper-general-curated","src-curated-archive",794,"2026","Tier-1","Shift 1","Set A","comp-practice","subj-law","Main Section","single_mcq",1,0.25,"hi,en","Bilingual","HUMAN_CURATED","CLEAN","VERIFIED",0,1
"q-cmp-law-0008","paper-general-curated","src-curated-archive",795,"2026","Tier-1","Shift 1","Set A","comp-practice","subj-law","Main Section","single_mcq",1,0.25,"hi,en","Bilingual","HUMAN_CURATED","CLEAN","VERIFIED",0,1
"q-cmp-law-0009","paper-general-curated","src-curated-archive",796,"2026","Tier-1","Shift 1","Set A","comp-practice","subj-law","Main Section","single_mcq",1,0.25,"hi,en","Bilingual","HUMAN_CURATED","CLEAN","VERIFIED",0,1
"q-cmp-law-0010","paper-general-curated","src-curated-archive",797,"2026","Tier-1","Shift 1","Set A","comp-practice","subj-law","Main Section","single_mcq",1,0.25,"hi,en","Bilingual","HUMAN_CURATED","CLEAN","VERIFIED",0,1
"q-cmp-law-0011","paper-general-curated","src-curated-archive",798,"2026","Tier-1","Shift 1","Set A","comp-practice","subj-law","Main Section","single_mcq",1,0.25,"hi,en","Bilingual","HUMAN_CURATED","CLEAN","VERIFIED",0,1
"q-cmp-law-0012","paper-general-curated","src-curated-archive",799,"2026","Tier-1","Shift 1","Set A","comp-practice","subj-law","Main Section","single_mcq",1,0.25,"hi,en","Bilingual","HUMAN_CURATED","CLEAN","VERIFIED",0,1
"q-cmp-law-0013","paper-general-curated","src-curated-archive",800,"2026","Tier-1","Shift 1","Set A","comp-practice","subj-law","Main Section","single_mcq",1,0.25,"hi,en","Bilingual","HUMAN_CURATED","CLEAN","VERIFIED",0,1
"q-cmp-law-0014","paper-general-curated","src-curated-archive",801,"2026","Tier-1","Shift 1","Set A","comp-practice","subj-law","Main Section","single_mcq",1,0.25,"hi,en","Bilingual","HUMAN_CURATED","CLEAN","VERIFIED",0,1
"q-cmp-law-0015","paper-general-curated","src-curated-archive",802,"2026","Tier-1","Shift 1","Set A","comp-practice","subj-law","Main Section","single_mcq",1,0.25,"hi,en","Bilingual","HUMAN_CURATED","CLEAN","VERIFIED",0,1
"q-cmp-law-0016","paper-general-curated","src-curated-archive",803,"2026","Tier-1","Shift 1","Set A","comp-practice","subj-law","Main Section","single_mcq",1,0.25,"hi,en","Bilingual","HUMAN_CURATED","CLEAN","VERIFIED",0,1
"q-cmp-law-0017","paper-general-curated","src-curated-archive",804,"2026","Tier-1","Shift 1","Set A","comp-practice","subj-law","Main Section","single_mcq",1,0.25,"hi,en","Bilingual","HUMAN_CURATED","CLEAN","VERIFIED",0,1
"q-cmp-law-0018","paper-general-curated","src-curated-archive",805,"2026","Tier-1","Shift 1","Set A","comp-practice","subj-law","Main Section","single_mcq",1,0.25,"hi,en","Bilingual","HUMAN_CURATED","CLEAN","VERIFIED",0,1
"q-cmp-law-0019","paper-general-curated","src-curated-archive",806,"2026","Tier-1","Shift 1","Set A","comp-practice","subj-law","Main Section","single_mcq",1,0.25,"hi,en","Bilingual","HUMAN_CURATED","CLEAN","VERIFIED",0,1
"q-cmp-law-0020","paper-general-curated","src-curated-archive",807,"2026","Tier-1","Shift 1","Set A","comp-practice","subj-law","Main Section","single_mcq",1,0.25,"hi,en","Bilingual","HUMAN_CURATED","CLEAN","VERIFIED",0,1
"q-cmp-law-0021","paper-general-curated","src-curated-archive",808,"2026","Tier-1","Shift 1","Set A","comp-practice","subj-law","Main Section","single_mcq",1,0.25,"hi,en","Bilingual","HUMAN_CURATED","CLEAN","VERIFIED",0,1
"q-cmp-law-0022","paper-general-curated","src-curated-archive",809,"2026","Tier-1","Shift 1","Set A","comp-practice","subj-law","Main Section","single_mcq",1,0.25,"hi,en","Bilingual","HUMAN_CURATED","CLEAN","VERIFIED",0,1
"q-cmp-law-0023","paper-general-curated","src-curated-archive",810,"2026","Tier-1","Shift 1","Set A","comp-practice","subj-law","Main Section","single_mcq",1,0.25,"hi,en","Bilingual","HUMAN_CURATED","CLEAN","VERIFIED",0,1
"q-cmp-law-0024","paper-general-curated","src-curated-archive",811,"2026","Tier-1","Shift 1","Set A","comp-practice","subj-law","Main Section","single_mcq",1,0.25,"hi,en","Bilingual","HUMAN_CURATED","CLEAN","VERIFIED",0,1
"q-cmp-law-0025","paper-general-curated","src-curated-archive",812,"2026","Tier-1","Shift 1","Set A","comp-practice","subj-law","Main Section","single_mcq",1,0.25,"hi,en","Bilingual","HUMAN_CURATED","CLEAN","VERIFIED",0,1
"q-cmp-rsc-0001","paper-general-curated","src-curated-archive",813,"2026","Tier-1","Shift 1","Set A","comp-practice","subj-railway-sci","Main Section","single_mcq",1,0.25,"hi,en","Bilingual","HUMAN_CURATED","CLEAN","VERIFIED",0,1
"q-cmp-rsc-0002","paper-general-curated","src-curated-archive",814,"2026","Tier-1","Shift 1","Set A","comp-practice","subj-railway-sci","Main Section","single_mcq",1,0.25,"hi,en","Bilingual","HUMAN_CURATED","CLEAN","VERIFIED",0,1
"q-cmp-rsc-0003","paper-general-curated","src-curated-archive",815,"2026","Tier-1","Shift 1","Set A","comp-practice","subj-railway-sci","Main Section","single_mcq",1,0.25,"hi,en","Bilingual","HUMAN_CURATED","CLEAN","VERIFIED",0,1
"q-cmp-rsc-0004","paper-general-curated","src-curated-archive",816,"2026","Tier-1","Shift 1","Set A","comp-practice","subj-railway-sci","Main Section","single_mcq",1,0.25,"hi,en","Bilingual","HUMAN_CURATED","CLEAN","VERIFIED",0,1
"q-cmp-rsc-0005","paper-general-curated","src-curated-archive",817,"2026","Tier-1","Shift 1","Set A","comp-practice","subj-railway-sci","Main Section","single_mcq",1,0.25,"hi,en","Bilingual","HUMAN_CURATED","CLEAN","VERIFIED",0,1
"q-cmp-rsc-0006","paper-general-curated","src-curated-archive",818,"2026","Tier-1","Shift 1","Set A","comp-practice","subj-railway-sci","Main Section","single_mcq",1,0.25,"hi,en","Bilingual","HUMAN_CURATED","CLEAN","VERIFIED",0,1
"q-cmp-rsc-0007","paper-general-curated","src-curated-archive",819,"2026","Tier-1","Shift 1","Set A","comp-practice","subj-railway-sci","Main Section","single_mcq",1,0.25,"hi,en","Bilingual","HUMAN_CURATED","CLEAN","VERIFIED",0,1
"q-cmp-rsc-0008","paper-general-curated","src-curated-archive",820,"2026","Tier-1","Shift 1","Set A","comp-practice","subj-railway-sci","Main Section","single_mcq",1,0.25,"hi,en","Bilingual","HUMAN_CURATED","CLEAN","VERIFIED",0,1
"q-cmp-rsc-0009","paper-general-curated","src-curated-archive",821,"2026","Tier-1","Shift 1","Set A","comp-practice","subj-railway-sci","Main Section","single_mcq",1,0.25,"hi,en","Bilingual","HUMAN_CURATED","CLEAN","VERIFIED",0,1
"q-cmp-rsc-0010","paper-general-curated","src-curated-archive",822,"2026","Tier-1","Shift 1","Set A","comp-practice","subj-railway-sci","Main Section","single_mcq",1,0.25,"hi,en","Bilingual","HUMAN_CURATED","CLEAN","VERIFIED",0,1
"q-cmp-rsc-0011","paper-general-curated","src-curated-archive",823,"2026","Tier-1","Shift 1","Set A","comp-practice","subj-railway-sci","Main Section","single_mcq",1,0.25,"hi,en","Bilingual","HUMAN_CURATED","CLEAN","VERIFIED",0,1
"q-cmp-rsc-0012","paper-general-curated","src-curated-archive",824,"2026","Tier-1","Shift 1","Set A","comp-practice","subj-railway-sci","Main Section","single_mcq",1,0.25,"hi,en","Bilingual","HUMAN_CURATED","CLEAN","VERIFIED",0,1
"q-cmp-rsc-0013","paper-general-curated","src-curated-archive",825,"2026","Tier-1","Shift 1","Set A","comp-practice","subj-railway-sci","Main Section","single_mcq",1,0.25,"hi,en","Bilingual","HUMAN_CURATED","CLEAN","VERIFIED",0,1
"q-cmp-rsc-0014","paper-general-curated","src-curated-archive",826,"2026","Tier-1","Shift 1","Set A","comp-practice","subj-railway-sci","Main Section","single_mcq",1,0.25,"hi,en","Bilingual","HUMAN_CURATED","CLEAN","VERIFIED",0,1
"q-cmp-rsc-0015","paper-general-curated","src-curated-archive",827,"2026","Tier-1","Shift 1","Set A","comp-practice","subj-railway-sci","Main Section","single_mcq",1,0.25,"hi,en","Bilingual","HUMAN_CURATED","CLEAN","VERIFIED",0,1
"q-cmp-rsc-0016","paper-general-curated","src-curated-archive",828,"2026","Tier-1","Shift 1","Set A","comp-practice","subj-railway-sci","Main Section","single_mcq",1,0.25,"hi,en","Bilingual","HUMAN_CURATED","CLEAN","VERIFIED",0,1
"q-cmp-rsc-0017","paper-general-curated","src-curated-archive",829,"2026","Tier-1","Shift 1","Set A","comp-practice","subj-railway-sci","Main Section","single_mcq",1,0.25,"hi,en","Bilingual","HUMAN_CURATED","CLEAN","VERIFIED",0,1
"q-cmp-rsc-0018","paper-general-curated","src-curated-archive",830,"2026","Tier-1","Shift 1","Set A","comp-practice","subj-railway-sci","Main Section","single_mcq",1,0.25,"hi,en","Bilingual","HUMAN_CURATED","CLEAN","VERIFIED",0,1
"q-cmp-rsc-0019","paper-general-curated","src-curated-archive",831,"2026","Tier-1","Shift 1","Set A","comp-practice","subj-railway-sci","Main Section","single_mcq",1,0.25,"hi,en","Bilingual","HUMAN_CURATED","CLEAN","VERIFIED",0,1
"q-cmp-rsc-0020","paper-general-curated","src-curated-archive",832,"2026","Tier-1","Shift 1","Set A","comp-practice","subj-railway-sci","Main Section","single_mcq",1,0.25,"hi,en","Bilingual","HUMAN_CURATED","CLEAN","VERIFIED",0,1
"q-cmp-rsc-0021","paper-general-curated","src-curated-archive",833,"2026","Tier-1","Shift 1","Set A","comp-practice","subj-railway-sci","Main Section","single_mcq",1,0.25,"hi,en","Bilingual","HUMAN_CURATED","CLEAN","VERIFIED",0,1
"q-cmp-rsc-0022","paper-general-curated","src-curated-archive",834,"2026","Tier-1","Shift 1","Set A","comp-practice","subj-railway-sci","Main Section","single_mcq",1,0.25,"hi,en","Bilingual","HUMAN_CURATED","CLEAN","VERIFIED",0,1
"q-cmp-rsc-0023","paper-general-curated","src-curated-archive",835,"2026","Tier-1","Shift 1","Set A","comp-practice","subj-railway-sci","Main Section","single_mcq",1,0.25,"hi,en","Bilingual","HUMAN_CURATED","CLEAN","VERIFIED",0,1
"q-cmp-rsc-0024","paper-general-curated","src-curated-archive",836,"2026","Tier-1","Shift 1","Set A","comp-practice","subj-railway-sci","Main Section","single_mcq",1,0.25,"hi,en","Bilingual","HUMAN_CURATED","CLEAN","VERIFIED",0,1
"q-cmp-rsc-0025","paper-general-curated","src-curated-archive",837,"2026","Tier-1","Shift 1","Set A","comp-practice","subj-railway-sci","Main Section","single_mcq",1,0.25,"hi,en","Bilingual","HUMAN_CURATED","CLEAN","VERIFIED",0,1
"q-cmp-rsc-0026","paper-general-curated","src-curated-archive",838,"2026","Tier-1","Shift 1","Set A","comp-practice","subj-railway-sci","Main Section","single_mcq",1,0.25,"hi,en","Bilingual","HUMAN_CURATED","CLEAN","VERIFIED",0,1
"q-cmp-rsc-0027","paper-general-curated","src-curated-archive",839,"2026","Tier-1","Shift 1","Set A","comp-practice","subj-railway-sci","Main Section","single_mcq",1,0.25,"hi,en","Bilingual","HUMAN_CURATED","CLEAN","VERIFIED",0,1
"q-cmp-rsc-0028","paper-general-curated","src-curated-archive",840,"2026","Tier-1","Shift 1","Set A","comp-practice","subj-railway-sci","Main Section","single_mcq",1,0.25,"hi,en","Bilingual","HUMAN_CURATED","CLEAN","VERIFIED",0,1
"q-cmp-rsc-0029","paper-general-curated","src-curated-archive",841,"2026","Tier-1","Shift 1","Set A","comp-practice","subj-railway-sci","Main Section","single_mcq",1,0.25,"hi,en","Bilingual","HUMAN_CURATED","CLEAN","VERIFIED",0,1
"q-cmp-rsc-0030","paper-general-curated","src-curated-archive",842,"2026","Tier-1","Shift 1","Set A","comp-practice","subj-railway-sci","Main Section","single_mcq",1,0.25,"hi,en","Bilingual","HUMAN_CURATED","CLEAN","VERIFIED",0,1
"q-cmp-gk-0001","paper-general-curated","src-curated-archive",843,"2026","Tier-1","Shift 1","Set A","comp-practice","subj-gk","Main Section","single_mcq",1,0.25,"hi,en","Bilingual","HUMAN_CURATED","CLEAN","VERIFIED",0,1
"q-cmp-gk-0002","paper-general-curated","src-curated-archive",844,"2026","Tier-1","Shift 1","Set A","comp-practice","subj-gk","Main Section","single_mcq",1,0.25,"hi,en","Bilingual","HUMAN_CURATED","CLEAN","VERIFIED",0,1
"q-cmp-gk-0003","paper-general-curated","src-curated-archive",845,"2026","Tier-1","Shift 1","Set A","comp-practice","subj-gk","Main Section","single_mcq",1,0.25,"hi,en","Bilingual","HUMAN_CURATED","CLEAN","VERIFIED",0,1
"q-cmp-gk-0004","paper-general-curated","src-curated-archive",846,"2026","Tier-1","Shift 1","Set A","comp-practice","subj-gk","Main Section","single_mcq",1,0.25,"hi,en","Bilingual","HUMAN_CURATED","CLEAN","VERIFIED",0,1
"q-cmp-gk-0005","paper-general-curated","src-curated-archive",847,"2026","Tier-1","Shift 1","Set A","comp-practice","subj-gk","Main Section","single_mcq",1,0.25,"hi,en","Bilingual","HUMAN_CURATED","CLEAN","VERIFIED",0,1
"q-cmp-gk-0006","paper-general-curated","src-curated-archive",848,"2026","Tier-1","Shift 1","Set A","comp-practice","subj-gk","Main Section","single_mcq",1,0.25,"hi,en","Bilingual","HUMAN_CURATED","CLEAN","VERIFIED",0,1
"q-cmp-gk-0007","paper-general-curated","src-curated-archive",849,"2026","Tier-1","Shift 1","Set A","comp-practice","subj-gk","Main Section","single_mcq",1,0.25,"hi,en","Bilingual","HUMAN_CURATED","CLEAN","VERIFIED",0,1
"q-cmp-gk-0008","paper-general-curated","src-curated-archive",850,"2026","Tier-1","Shift 1","Set A","comp-practice","subj-gk","Main Section","single_mcq",1,0.25,"hi,en","Bilingual","HUMAN_CURATED","CLEAN","VERIFIED",0,1
"q-cmp-gk-0009","paper-general-curated","src-curated-archive",851,"2026","Tier-1","Shift 1","Set A","comp-practice","subj-gk","Main Section","single_mcq",1,0.25,"hi,en","Bilingual","HUMAN_CURATED","CLEAN","VERIFIED",0,1
"q-cmp-gk-0010","paper-general-curated","src-curated-archive",852,"2026","Tier-1","Shift 1","Set A","comp-practice","subj-gk","Main Section","single_mcq",1,0.25,"hi,en","Bilingual","HUMAN_CURATED","CLEAN","VERIFIED",0,1
"q-cmp-gk-0011","paper-general-curated","src-curated-archive",853,"2026","Tier-1","Shift 1","Set A","comp-practice","subj-gk","Main Section","single_mcq",1,0.25,"hi,en","Bilingual","HUMAN_CURATED","CLEAN","VERIFIED",0,1
"q-cmp-gk-0012","paper-general-curated","src-curated-archive",854,"2026","Tier-1","Shift 1","Set A","comp-practice","subj-gk","Main Section","single_mcq",1,0.25,"hi,en","Bilingual","HUMAN_CURATED","CLEAN","VERIFIED",0,1
"q-cmp-gk-0013","paper-general-curated","src-curated-archive",855,"2026","Tier-1","Shift 1","Set A","comp-practice","subj-gk","Main Section","single_mcq",1,0.25,"hi,en","Bilingual","HUMAN_CURATED","CLEAN","VERIFIED",0,1
"q-cmp-gk-0014","paper-general-curated","src-curated-archive",856,"2026","Tier-1","Shift 1","Set A","comp-practice","subj-gk","Main Section","single_mcq",1,0.25,"hi,en","Bilingual","HUMAN_CURATED","CLEAN","VERIFIED",0,1
"q-cmp-gk-0015","paper-general-curated","src-curated-archive",857,"2026","Tier-1","Shift 1","Set A","comp-practice","subj-gk","Main Section","single_mcq",1,0.25,"hi,en","Bilingual","HUMAN_CURATED","CLEAN","VERIFIED",0,1
"q-cmp-gk-0016","paper-general-curated","src-curated-archive",858,"2026","Tier-1","Shift 1","Set A","comp-practice","subj-gk","Main Section","single_mcq",1,0.25,"hi,en","Bilingual","HUMAN_CURATED","CLEAN","VERIFIED",0,1
"q-cmp-gk-0017","paper-general-curated","src-curated-archive",859,"2026","Tier-1","Shift 1","Set A","comp-practice","subj-gk","Main Section","single_mcq",1,0.25,"hi,en","Bilingual","HUMAN_CURATED","CLEAN","VERIFIED",0,1
"q-cmp-gk-0018","paper-general-curated","src-curated-archive",860,"2026","Tier-1","Shift 1","Set A","comp-practice","subj-gk","Main Section","single_mcq",1,0.25,"hi,en","Bilingual","HUMAN_CURATED","CLEAN","VERIFIED",0,1
"q-cmp-gk-0019","paper-general-curated","src-curated-archive",861,"2026","Tier-1","Shift 1","Set A","comp-practice","subj-gk","Main Section","single_mcq",1,0.25,"hi,en","Bilingual","HUMAN_CURATED","CLEAN","VERIFIED",0,1
"q-cmp-gk-0020","paper-general-curated","src-curated-archive",862,"2026","Tier-1","Shift 1","Set A","comp-practice","subj-gk","Main Section","single_mcq",1,0.25,"hi,en","Bilingual","HUMAN_CURATED","CLEAN","VERIFIED",0,1
"q-cmp-gk-0021","paper-general-curated","src-curated-archive",863,"2026","Tier-1","Shift 1","Set A","comp-practice","subj-gk","Main Section","single_mcq",1,0.25,"hi,en","Bilingual","HUMAN_CURATED","CLEAN","VERIFIED",0,1
"q-cmp-gk-0022","paper-general-curated","src-curated-archive",864,"2026","Tier-1","Shift 1","Set A","comp-practice","subj-gk","Main Section","single_mcq",1,0.25,"hi,en","Bilingual","HUMAN_CURATED","CLEAN","VERIFIED",0,1
"q-cmp-gk-0023","paper-general-curated","src-curated-archive",865,"2026","Tier-1","Shift 1","Set A","comp-practice","subj-gk","Main Section","single_mcq",1,0.25,"hi,en","Bilingual","HUMAN_CURATED","CLEAN","VERIFIED",0,1
"q-cmp-gk-0024","paper-general-curated","src-curated-archive",866,"2026","Tier-1","Shift 1","Set A","comp-practice","subj-gk","Main Section","single_mcq",1,0.25,"hi,en","Bilingual","HUMAN_CURATED","CLEAN","VERIFIED",0,1
"q-cmp-gk-0025","paper-general-curated","src-curated-archive",867,"2026","Tier-1","Shift 1","Set A","comp-practice","subj-gk","Main Section","single_mcq",1,0.25,"hi,en","Bilingual","HUMAN_CURATED","CLEAN","VERIFIED",0,1
"q-cmp-gk-0026","paper-general-curated","src-curated-archive",868,"2026","Tier-1","Shift 1","Set A","comp-practice","subj-gk","Main Section","single_mcq",1,0.25,"hi,en","Bilingual","HUMAN_CURATED","CLEAN","VERIFIED",0,1
"q-cmp-gk-0027","paper-general-curated","src-curated-archive",869,"2026","Tier-1","Shift 1","Set A","comp-practice","subj-gk","Main Section","single_mcq",1,0.25,"hi,en","Bilingual","HUMAN_CURATED","CLEAN","VERIFIED",0,1
"q-cmp-gk-0028","paper-general-curated","src-curated-archive",870,"2026","Tier-1","Shift 1","Set A","comp-practice","subj-gk","Main Section","single_mcq",1,0.25,"hi,en","Bilingual","HUMAN_CURATED","CLEAN","VERIFIED",0,1
"q-cmp-gk-0029","paper-general-curated","src-curated-archive",871,"2026","Tier-1","Shift 1","Set A","comp-practice","subj-gk","Main Section","single_mcq",1,0.25,"hi,en","Bilingual","HUMAN_CURATED","CLEAN","VERIFIED",0,1
"q-cmp-gk-0030","paper-general-curated","src-curated-archive",872,"2026","Tier-1","Shift 1","Set A","comp-practice","subj-gk","Main Section","single_mcq",1,0.25,"hi,en","Bilingual","HUMAN_CURATED","CLEAN","VERIFIED",0,1
"q-ssc-cgl-undefined-Tier 1-Shift 1-q1","paper-ssc-cgl-2024-t1-s1","src-ssc-cgl-portal",1,"2024","Tier 1","Shift 1","Set C","comp-ssc-cgl","subj-reasoning","Main Section","single_mcq",2,0.5,"hi,en","Bilingual","OFFICIAL_PYQ","CLEAN","VERIFIED",1,1
"q-ssc-cgl-undefined-Tier 1-Shift 1-q2","paper-ssc-cgl-2024-t1-s1","src-ssc-cgl-portal",2,"2024","Tier 1","Shift 1","Set C","comp-ssc-cgl","subj-reasoning","Main Section","single_mcq",2,0.5,"hi,en","Bilingual","OFFICIAL_PYQ","CLEAN","VERIFIED",1,1
"q-ssc-cgl-undefined-Tier 1-Shift 1-q3","paper-ssc-cgl-2024-t1-s1","src-ssc-cgl-portal",3,"2024","Tier 1","Shift 1","Set C","comp-ssc-cgl","subj-reasoning","Main Section","single_mcq",2,0.5,"hi,en","Bilingual","OFFICIAL_PYQ","CLEAN","VERIFIED",1,1
"q-ssc-cgl-undefined-Tier 1-Shift 1-q4","paper-ssc-cgl-2024-t1-s1","src-ssc-cgl-portal",4,"2024","Tier 1","Shift 1","Set C","comp-ssc-cgl","subj-reasoning","Main Section","single_mcq",2,0.5,"hi,en","Bilingual","OFFICIAL_PYQ","CLEAN","VERIFIED",1,1
"q-ssc-cgl-undefined-Tier 1-Shift 1-q5","paper-ssc-cgl-2024-t1-s1","src-ssc-cgl-portal",5,"2024","Tier 1","Shift 1","Set C","comp-ssc-cgl","subj-reasoning","Main Section","single_mcq",2,0.5,"hi,en","Bilingual","OFFICIAL_PYQ","CLEAN","VERIFIED",1,1
"q-ssc-cgl-undefined-Tier 1-Shift 1-q6","paper-ssc-cgl-2024-t1-s1","src-ssc-cgl-portal",6,"2024","Tier 1","Shift 1","Set C","comp-ssc-cgl","subj-reasoning","Main Section","single_mcq",2,0.5,"hi,en","Bilingual","OFFICIAL_PYQ","CLEAN","VERIFIED",1,1
"q-ssc-cgl-undefined-Tier 1-Shift 1-q7","paper-ssc-cgl-2024-t1-s1","src-ssc-cgl-portal",7,"2024","Tier 1","Shift 1","Set C","comp-ssc-cgl","subj-reasoning","Main Section","single_mcq",2,0.5,"hi,en","Bilingual","OFFICIAL_PYQ","CLEAN","VERIFIED",1,1
"q-ssc-cgl-undefined-Tier 1-Shift 1-q8","paper-ssc-cgl-2024-t1-s1","src-ssc-cgl-portal",8,"2024","Tier 1","Shift 1","Set C","comp-ssc-cgl","subj-reasoning","Main Section","single_mcq",2,0.5,"hi,en","Bilingual","OFFICIAL_PYQ","CLEAN","VERIFIED",1,1
"q-ssc-cgl-undefined-Tier 1-Shift 1-q9","paper-ssc-cgl-2024-t1-s1","src-ssc-cgl-portal",9,"2024","Tier 1","Shift 1","Set C","comp-ssc-cgl","subj-reasoning","Main Section","single_mcq",2,0.5,"hi,en","Bilingual","OFFICIAL_PYQ","CLEAN","VERIFIED",1,1
"q-ssc-cgl-undefined-Tier 1-Shift 1-q10","paper-ssc-cgl-2024-t1-s1","src-ssc-cgl-portal",10,"2024","Tier 1","Shift 1","Set C","comp-ssc-cgl","subj-reasoning","Main Section","single_mcq",2,0.5,"hi,en","Bilingual","OFFICIAL_PYQ","CLEAN","VERIFIED",1,1
"q-ssc-cgl-undefined-Tier 1-Shift 1-q11","paper-ssc-cgl-2024-t1-s1","src-ssc-cgl-portal",11,"2024","Tier 1","Shift 1","Set C","comp-ssc-cgl","subj-reasoning","Main Section","single_mcq",2,0.5,"hi,en","Bilingual","OFFICIAL_PYQ","CLEAN","VERIFIED",1,1
"q-ssc-cgl-undefined-Tier 1-Shift 1-q12","paper-ssc-cgl-2024-t1-s1","src-ssc-cgl-portal",12,"2024","Tier 1","Shift 1","Set C","comp-ssc-cgl","subj-reasoning","Main Section","single_mcq",2,0.5,"hi,en","Bilingual","OFFICIAL_PYQ","CLEAN","VERIFIED",1,1
"q-ssc-cgl-undefined-Tier 1-Shift 1-q13","paper-ssc-cgl-2024-t1-s1","src-ssc-cgl-portal",13,"2024","Tier 1","Shift 1","Set C","comp-ssc-cgl","subj-reasoning","Main Section","single_mcq",2,0.5,"hi,en","Bilingual","OFFICIAL_PYQ","CLEAN","VERIFIED",1,1
"q-ssc-cgl-undefined-Tier 1-Shift 1-q14","paper-ssc-cgl-2024-t1-s1","src-ssc-cgl-portal",14,"2024","Tier 1","Shift 1","Set C","comp-ssc-cgl","subj-reasoning","Main Section","single_mcq",2,0.5,"hi,en","Bilingual","OFFICIAL_PYQ","CLEAN","VERIFIED",1,1
"q-ssc-cgl-undefined-Tier 1-Shift 1-q15","paper-ssc-cgl-2024-t1-s1","src-ssc-cgl-portal",15,"2024","Tier 1","Shift 1","Set C","comp-ssc-cgl","subj-reasoning","Main Section","single_mcq",2,0.5,"hi,en","Bilingual","OFFICIAL_PYQ","CLEAN","VERIFIED",1,1
"q-ssc-cgl-undefined-Tier 1-Shift 1-q16","paper-ssc-cgl-2024-t1-s1","src-ssc-cgl-portal",16,"2024","Tier 1","Shift 1","Set C","comp-ssc-cgl","subj-reasoning","Main Section","single_mcq",2,0.5,"hi,en","Bilingual","OFFICIAL_PYQ","CLEAN","VERIFIED",1,1
"q-ssc-cgl-undefined-Tier 1-Shift 1-q17","paper-ssc-cgl-2024-t1-s1","src-ssc-cgl-portal",17,"2024","Tier 1","Shift 1","Set C","comp-ssc-cgl","subj-reasoning","Main Section","single_mcq",2,0.5,"hi,en","Bilingual","OFFICIAL_PYQ","CLEAN","VERIFIED",1,1
"q-ssc-cgl-undefined-Tier 1-Shift 1-q18","paper-ssc-cgl-2024-t1-s1","src-ssc-cgl-portal",18,"2024","Tier 1","Shift 1","Set C","comp-ssc-cgl","subj-reasoning","Main Section","single_mcq",2,0.5,"hi,en","Bilingual","OFFICIAL_PYQ","CLEAN","VERIFIED",1,1
"q-ssc-cgl-undefined-Tier 1-Shift 1-q19","paper-ssc-cgl-2024-t1-s1","src-ssc-cgl-portal",19,"2024","Tier 1","Shift 1","Set C","comp-ssc-cgl","subj-reasoning","Main Section","single_mcq",2,0.5,"hi,en","Bilingual","OFFICIAL_PYQ","CLEAN","VERIFIED",1,1
"q-ssc-cgl-undefined-Tier 1-Shift 1-q20","paper-ssc-cgl-2024-t1-s1","src-ssc-cgl-portal",20,"2024","Tier 1","Shift 1","Set C","comp-ssc-cgl","subj-reasoning","Main Section","single_mcq",2,0.5,"hi,en","Bilingual","OFFICIAL_PYQ","CLEAN","VERIFIED",1,1
"q-ssc-cgl-undefined-Tier 1-Shift 1-q21","paper-ssc-cgl-2024-t1-s1","src-ssc-cgl-portal",21,"2024","Tier 1","Shift 1","Set C","comp-ssc-cgl","subj-reasoning","Main Section","single_mcq",2,0.5,"hi,en","Bilingual","OFFICIAL_PYQ","CLEAN","VERIFIED",1,1
"q-ssc-cgl-undefined-Tier 1-Shift 1-q22","paper-ssc-cgl-2024-t1-s1","src-ssc-cgl-portal",22,"2024","Tier 1","Shift 1","Set C","comp-ssc-cgl","subj-reasoning","Main Section","single_mcq",2,0.5,"hi,en","Bilingual","OFFICIAL_PYQ","CLEAN","VERIFIED",1,1
"q-ssc-cgl-undefined-Tier 1-Shift 1-q23","paper-ssc-cgl-2024-t1-s1","src-ssc-cgl-portal",23,"2024","Tier 1","Shift 1","Set C","comp-ssc-cgl","subj-reasoning","Main Section","single_mcq",2,0.5,"hi,en","Bilingual","OFFICIAL_PYQ","CLEAN","VERIFIED",0,1
"q-ssc-cgl-undefined-Tier 1-Shift 1-q24","paper-ssc-cgl-2024-t1-s1","src-ssc-cgl-portal",24,"2024","Tier 1","Shift 1","Set C","comp-ssc-cgl","subj-reasoning","Main Section","single_mcq",2,0.5,"hi,en","Bilingual","OFFICIAL_PYQ","CLEAN","VERIFIED",1,1
"q-ssc-cgl-undefined-Tier 1-Shift 1-q25","paper-ssc-cgl-2024-t1-s1","src-ssc-cgl-portal",25,"2024","Tier 1","Shift 1","Set C","comp-ssc-cgl","subj-reasoning","Main Section","single_mcq",2,0.5,"hi,en","Bilingual","OFFICIAL_PYQ","CLEAN","VERIFIED",1,1
"q-ssc-cgl-undefined-Tier 1-Shift 1-q26","paper-ssc-cgl-2024-t1-s1","src-ssc-cgl-portal",26,"2024","Tier 1","Shift 1","Set C","comp-ssc-cgl","subj-gk","Main Section","single_mcq",2,0.5,"hi,en","Bilingual","OFFICIAL_PYQ","CLEAN","VERIFIED",1,1
"q-ssc-cgl-undefined-Tier 1-Shift 1-q27","paper-ssc-cgl-2024-t1-s1","src-ssc-cgl-portal",27,"2024","Tier 1","Shift 1","Set C","comp-ssc-cgl","subj-gk","Main Section","single_mcq",2,0.5,"hi,en","Bilingual","OFFICIAL_PYQ","CLEAN","VERIFIED",1,1
"q-ssc-cgl-undefined-Tier 1-Shift 1-q28","paper-ssc-cgl-2024-t1-s1","src-ssc-cgl-portal",28,"2024","Tier 1","Shift 1","Set C","comp-ssc-cgl","subj-gk","Main Section","single_mcq",2,0.5,"hi,en","Bilingual","OFFICIAL_PYQ","CLEAN","VERIFIED",1,1
"q-ssc-cgl-undefined-Tier 1-Shift 1-q29","paper-ssc-cgl-2024-t1-s1","src-ssc-cgl-portal",29,"2024","Tier 1","Shift 1","Set C","comp-ssc-cgl","subj-gk","Main Section","single_mcq",2,0.5,"hi,en","Bilingual","OFFICIAL_PYQ","CLEAN","VERIFIED",1,1
"q-ssc-cgl-undefined-Tier 1-Shift 1-q30","paper-ssc-cgl-2024-t1-s1","src-ssc-cgl-portal",30,"2024","Tier 1","Shift 1","Set C","comp-ssc-cgl","subj-gk","Main Section","single_mcq",2,0.5,"hi,en","Bilingual","OFFICIAL_PYQ","CLEAN","VERIFIED",1,1
"q-ssc-cgl-undefined-Tier 1-Shift 1-q31","paper-ssc-cgl-2024-t1-s1","src-ssc-cgl-portal",31,"2024","Tier 1","Shift 1","Set C","comp-ssc-cgl","subj-gk","Main Section","single_mcq",2,0.5,"hi,en","Bilingual","OFFICIAL_PYQ","CLEAN","VERIFIED",1,1
"q-ssc-cgl-undefined-Tier 1-Shift 1-q32","paper-ssc-cgl-2024-t1-s1","src-ssc-cgl-portal",32,"2024","Tier 1","Shift 1","Set C","comp-ssc-cgl","subj-gk","Main Section","single_mcq",2,0.5,"hi,en","Bilingual","OFFICIAL_PYQ","CLEAN","VERIFIED",1,1
"q-ssc-cgl-undefined-Tier 1-Shift 1-q33","paper-ssc-cgl-2024-t1-s1","src-ssc-cgl-portal",33,"2024","Tier 1","Shift 1","Set C","comp-ssc-cgl","subj-gk","Main Section","single_mcq",2,0.5,"hi,en","Bilingual","OFFICIAL_PYQ","CLEAN","VERIFIED",1,1
"q-ssc-cgl-undefined-Tier 1-Shift 1-q34","paper-ssc-cgl-2024-t1-s1","src-ssc-cgl-portal",34,"2024","Tier 1","Shift 1","Set C","comp-ssc-cgl","subj-gk","Main Section","single_mcq",2,0.5,"hi,en","Bilingual","OFFICIAL_PYQ","CLEAN","VERIFIED",1,1
"q-ssc-cgl-undefined-Tier 1-Shift 1-q35","paper-ssc-cgl-2024-t1-s1","src-ssc-cgl-portal",35,"2024","Tier 1","Shift 1","Set C","comp-ssc-cgl","subj-gk","Main Section","single_mcq",2,0.5,"hi,en","Bilingual","OFFICIAL_PYQ","CLEAN","VERIFIED",1,1
"q-ssc-cgl-undefined-Tier 1-Shift 1-q36","paper-ssc-cgl-2024-t1-s1","src-ssc-cgl-portal",36,"2024","Tier 1","Shift 1","Set C","comp-ssc-cgl","subj-gk","Main Section","single_mcq",2,0.5,"hi,en","Bilingual","OFFICIAL_PYQ","CLEAN","VERIFIED",1,1
"q-ssc-cgl-undefined-Tier 1-Shift 1-q37","paper-ssc-cgl-2024-t1-s1","src-ssc-cgl-portal",37,"2024","Tier 1","Shift 1","Set C","comp-ssc-cgl","subj-gk","Main Section","single_mcq",2,0.5,"hi,en","Bilingual","OFFICIAL_PYQ","CLEAN","VERIFIED",1,1
"q-ssc-cgl-undefined-Tier 1-Shift 1-q38","paper-ssc-cgl-2024-t1-s1","src-ssc-cgl-portal",38,"2024","Tier 1","Shift 1","Set C","comp-ssc-cgl","subj-gk","Main Section","single_mcq",2,0.5,"hi,en","Bilingual","OFFICIAL_PYQ","CLEAN","VERIFIED",1,1
"q-ssc-cgl-undefined-Tier 1-Shift 1-q39","paper-ssc-cgl-2024-t1-s1","src-ssc-cgl-portal",39,"2024","Tier 1","Shift 1","Set C","comp-ssc-cgl","subj-gk","Main Section","single_mcq",2,0.5,"hi,en","Bilingual","OFFICIAL_PYQ","CLEAN","VERIFIED",1,1
"q-ssc-cgl-undefined-Tier 1-Shift 1-q40","paper-ssc-cgl-2024-t1-s1","src-ssc-cgl-portal",40,"2024","Tier 1","Shift 1","Set C","comp-ssc-cgl","subj-gk","Main Section","single_mcq",2,0.5,"hi,en","Bilingual","OFFICIAL_PYQ","CLEAN","VERIFIED",1,1
"q-ssc-cgl-undefined-Tier 1-Shift 1-q41","paper-ssc-cgl-2024-t1-s1","src-ssc-cgl-portal",41,"2024","Tier 1","Shift 1","Set C","comp-ssc-cgl","subj-gk","Main Section","single_mcq",2,0.5,"hi,en","Bilingual","OFFICIAL_PYQ","CLEAN","VERIFIED",1,1
"q-ssc-cgl-undefined-Tier 1-Shift 1-q42","paper-ssc-cgl-2024-t1-s1","src-ssc-cgl-portal",42,"2024","Tier 1","Shift 1","Set C","comp-ssc-cgl","subj-gk","Main Section","single_mcq",2,0.5,"hi,en","Bilingual","OFFICIAL_PYQ","CLEAN","VERIFIED",1,1
"q-ssc-cgl-undefined-Tier 1-Shift 1-q43","paper-ssc-cgl-2024-t1-s1","src-ssc-cgl-portal",43,"2024","Tier 1","Shift 1","Set C","comp-ssc-cgl","subj-gk","Main Section","single_mcq",2,0.5,"hi,en","Bilingual","OFFICIAL_PYQ","CLEAN","VERIFIED",1,1
"q-ssc-cgl-undefined-Tier 1-Shift 1-q44","paper-ssc-cgl-2024-t1-s1","src-ssc-cgl-portal",44,"2024","Tier 1","Shift 1","Set C","comp-ssc-cgl","subj-gk","Main Section","single_mcq",2,0.5,"hi,en","Bilingual","OFFICIAL_PYQ","CLEAN","VERIFIED",1,1
"q-ssc-cgl-undefined-Tier 1-Shift 1-q45","paper-ssc-cgl-2024-t1-s1","src-ssc-cgl-portal",45,"2024","Tier 1","Shift 1","Set C","comp-ssc-cgl","subj-gk","Main Section","single_mcq",2,0.5,"hi,en","Bilingual","OFFICIAL_PYQ","CLEAN","VERIFIED",1,1
"q-ssc-cgl-undefined-Tier 1-Shift 1-q46","paper-ssc-cgl-2024-t1-s1","src-ssc-cgl-portal",46,"2024","Tier 1","Shift 1","Set C","comp-ssc-cgl","subj-gk","Main Section","single_mcq",2,0.5,"hi,en","Bilingual","OFFICIAL_PYQ","CLEAN","VERIFIED",1,1
"q-ssc-cgl-undefined-Tier 1-Shift 1-q47","paper-ssc-cgl-2024-t1-s1","src-ssc-cgl-portal",47,"2024","Tier 1","Shift 1","Set C","comp-ssc-cgl","subj-gk","Main Section","single_mcq",2,0.5,"hi,en","Bilingual","OFFICIAL_PYQ","CLEAN","VERIFIED",1,1
"q-ssc-cgl-undefined-Tier 1-Shift 1-q48","paper-ssc-cgl-2024-t1-s1","src-ssc-cgl-portal",48,"2024","Tier 1","Shift 1","Set C","comp-ssc-cgl","subj-gk","Main Section","single_mcq",2,0.5,"hi,en","Bilingual","OFFICIAL_PYQ","CLEAN","VERIFIED",1,1
"q-ssc-cgl-undefined-Tier 1-Shift 1-q49","paper-ssc-cgl-2024-t1-s1","src-ssc-cgl-portal",49,"2024","Tier 1","Shift 1","Set C","comp-ssc-cgl","subj-gk","Main Section","single_mcq",2,0.5,"hi,en","Bilingual","OFFICIAL_PYQ","CLEAN","VERIFIED",1,1
"q-ssc-cgl-undefined-Tier 1-Shift 1-q50","paper-ssc-cgl-2024-t1-s1","src-ssc-cgl-portal",50,"2024","Tier 1","Shift 1","Set C","comp-ssc-cgl","subj-gk","Main Section","single_mcq",2,0.5,"hi,en","Bilingual","OFFICIAL_PYQ","CLEAN","VERIFIED",1,1
"q-ssc-cgl-undefined-Tier 1-Shift 1-q51","paper-ssc-cgl-2024-t1-s1","src-ssc-cgl-portal",51,"2024","Tier 1","Shift 1","Set C","comp-ssc-cgl","subj-math","Main Section","single_mcq",2,0.5,"hi,en","Bilingual","OFFICIAL_PYQ","CLEAN","VERIFIED",1,1
"q-ssc-cgl-undefined-Tier 1-Shift 1-q52","paper-ssc-cgl-2024-t1-s1","src-ssc-cgl-portal",52,"2024","Tier 1","Shift 1","Set C","comp-ssc-cgl","subj-math","Main Section","single_mcq",2,0.5,"hi,en","Bilingual","OFFICIAL_PYQ","CLEAN","VERIFIED",1,1
"q-ssc-cgl-undefined-Tier 1-Shift 1-q53","paper-ssc-cgl-2024-t1-s1","src-ssc-cgl-portal",53,"2024","Tier 1","Shift 1","Set C","comp-ssc-cgl","subj-math","Main Section","single_mcq",2,0.5,"hi,en","Bilingual","OFFICIAL_PYQ","CLEAN","VERIFIED",1,1
"q-ssc-cgl-undefined-Tier 1-Shift 1-q54","paper-ssc-cgl-2024-t1-s1","src-ssc-cgl-portal",54,"2024","Tier 1","Shift 1","Set C","comp-ssc-cgl","subj-math","Main Section","single_mcq",2,0.5,"hi,en","Bilingual","OFFICIAL_PYQ","CLEAN","VERIFIED",1,1
"q-ssc-cgl-undefined-Tier 1-Shift 1-q55","paper-ssc-cgl-2024-t1-s1","src-ssc-cgl-portal",55,"2024","Tier 1","Shift 1","Set C","comp-ssc-cgl","subj-math","Main Section","single_mcq",2,0.5,"hi,en","Bilingual","OFFICIAL_PYQ","CLEAN","VERIFIED",1,1
"q-ssc-cgl-undefined-Tier 1-Shift 1-q56","paper-ssc-cgl-2024-t1-s1","src-ssc-cgl-portal",56,"2024","Tier 1","Shift 1","Set C","comp-ssc-cgl","subj-math","Main Section","single_mcq",2,0.5,"hi,en","Bilingual","OFFICIAL_PYQ","CLEAN","VERIFIED",1,1
"q-ssc-cgl-undefined-Tier 1-Shift 1-q57","paper-ssc-cgl-2024-t1-s1","src-ssc-cgl-portal",57,"2024","Tier 1","Shift 1","Set C","comp-ssc-cgl","subj-math","Main Section","single_mcq",2,0.5,"hi,en","Bilingual","OFFICIAL_PYQ","CLEAN","VERIFIED",1,1
"q-ssc-cgl-undefined-Tier 1-Shift 1-q58","paper-ssc-cgl-2024-t1-s1","src-ssc-cgl-portal",58,"2024","Tier 1","Shift 1","Set C","comp-ssc-cgl","subj-math","Main Section","single_mcq",2,0.5,"hi,en","Bilingual","OFFICIAL_PYQ","CLEAN","VERIFIED",1,1
"q-ssc-cgl-undefined-Tier 1-Shift 1-q59","paper-ssc-cgl-2024-t1-s1","src-ssc-cgl-portal",59,"2024","Tier 1","Shift 1","Set C","comp-ssc-cgl","subj-math","Main Section","single_mcq",2,0.5,"hi,en","Bilingual","OFFICIAL_PYQ","CLEAN","VERIFIED",1,1
"q-ssc-cgl-undefined-Tier 1-Shift 1-q60","paper-ssc-cgl-2024-t1-s1","src-ssc-cgl-portal",60,"2024","Tier 1","Shift 1","Set C","comp-ssc-cgl","subj-math","Main Section","single_mcq",2,0.5,"hi,en","Bilingual","OFFICIAL_PYQ","CLEAN","VERIFIED",1,1
"q-ssc-cgl-undefined-Tier 1-Shift 1-q61","paper-ssc-cgl-2024-t1-s1","src-ssc-cgl-portal",61,"2024","Tier 1","Shift 1","Set C","comp-ssc-cgl","subj-math","Main Section","single_mcq",2,0.5,"hi,en","Bilingual","OFFICIAL_PYQ","CLEAN","VERIFIED",1,1
"q-ssc-cgl-undefined-Tier 1-Shift 1-q62","paper-ssc-cgl-2024-t1-s1","src-ssc-cgl-portal",62,"2024","Tier 1","Shift 1","Set C","comp-ssc-cgl","subj-math","Main Section","single_mcq",2,0.5,"hi,en","Bilingual","OFFICIAL_PYQ","CLEAN","VERIFIED",1,1
"q-ssc-cgl-undefined-Tier 1-Shift 1-q63","paper-ssc-cgl-2024-t1-s1","src-ssc-cgl-portal",63,"2024","Tier 1","Shift 1","Set C","comp-ssc-cgl","subj-math","Main Section","single_mcq",2,0.5,"hi,en","Bilingual","OFFICIAL_PYQ","CLEAN","VERIFIED",1,1
"q-ssc-cgl-undefined-Tier 1-Shift 1-q64","paper-ssc-cgl-2024-t1-s1","src-ssc-cgl-portal",64,"2024","Tier 1","Shift 1","Set C","comp-ssc-cgl","subj-math","Main Section","single_mcq",2,0.5,"hi,en","Bilingual","OFFICIAL_PYQ","CLEAN","VERIFIED",1,1
"q-ssc-cgl-undefined-Tier 1-Shift 1-q65","paper-ssc-cgl-2024-t1-s1","src-ssc-cgl-portal",65,"2024","Tier 1","Shift 1","Set C","comp-ssc-cgl","subj-math","Main Section","single_mcq",2,0.5,"hi,en","Bilingual","OFFICIAL_PYQ","CLEAN","VERIFIED",1,1
"q-ssc-cgl-undefined-Tier 1-Shift 1-q66","paper-ssc-cgl-2024-t1-s1","src-ssc-cgl-portal",66,"2024","Tier 1","Shift 1","Set C","comp-ssc-cgl","subj-math","Main Section","single_mcq",2,0.5,"hi,en","Bilingual","OFFICIAL_PYQ","CLEAN","VERIFIED",1,1
"q-ssc-cgl-undefined-Tier 1-Shift 1-q67","paper-ssc-cgl-2024-t1-s1","src-ssc-cgl-portal",67,"2024","Tier 1","Shift 1","Set C","comp-ssc-cgl","subj-math","Main Section","single_mcq",2,0.5,"hi,en","Bilingual","OFFICIAL_PYQ","CLEAN","VERIFIED",1,1
"q-ssc-cgl-undefined-Tier 1-Shift 1-q68","paper-ssc-cgl-2024-t1-s1","src-ssc-cgl-portal",68,"2024","Tier 1","Shift 1","Set C","comp-ssc-cgl","subj-math","Main Section","single_mcq",2,0.5,"hi,en","Bilingual","OFFICIAL_PYQ","CLEAN","VERIFIED",1,1
"q-ssc-cgl-undefined-Tier 1-Shift 1-q69","paper-ssc-cgl-2024-t1-s1","src-ssc-cgl-portal",69,"2024","Tier 1","Shift 1","Set C","comp-ssc-cgl","subj-math","Main Section","single_mcq",2,0.5,"hi,en","Bilingual","OFFICIAL_PYQ","CLEAN","VERIFIED",1,1
"q-ssc-cgl-undefined-Tier 1-Shift 1-q70","paper-ssc-cgl-2024-t1-s1","src-ssc-cgl-portal",70,"2024","Tier 1","Shift 1","Set C","comp-ssc-cgl","subj-math","Main Section","single_mcq",2,0.5,"hi,en","Bilingual","OFFICIAL_PYQ","CLEAN","VERIFIED",1,1
"q-ssc-cgl-undefined-Tier 1-Shift 1-q71","paper-ssc-cgl-2024-t1-s1","src-ssc-cgl-portal",71,"2024","Tier 1","Shift 1","Set C","comp-ssc-cgl","subj-math","Main Section","single_mcq",2,0.5,"hi,en","Bilingual","OFFICIAL_PYQ","CLEAN","VERIFIED",1,1
"q-ssc-cgl-undefined-Tier 1-Shift 1-q72","paper-ssc-cgl-2024-t1-s1","src-ssc-cgl-portal",72,"2024","Tier 1","Shift 1","Set C","comp-ssc-cgl","subj-math","Main Section","single_mcq",2,0.5,"hi,en","Bilingual","OFFICIAL_PYQ","CLEAN","VERIFIED",1,1
"q-ssc-cgl-undefined-Tier 1-Shift 1-q73","paper-ssc-cgl-2024-t1-s1","src-ssc-cgl-portal",73,"2024","Tier 1","Shift 1","Set C","comp-ssc-cgl","subj-math","Main Section","single_mcq",2,0.5,"hi,en","Bilingual","OFFICIAL_PYQ","CLEAN","VERIFIED",1,1
"q-ssc-cgl-undefined-Tier 1-Shift 1-q74","paper-ssc-cgl-2024-t1-s1","src-ssc-cgl-portal",74,"2024","Tier 1","Shift 1","Set C","comp-ssc-cgl","subj-math","Main Section","single_mcq",2,0.5,"hi,en","Bilingual","OFFICIAL_PYQ","CLEAN","VERIFIED",1,1
"q-ssc-cgl-undefined-Tier 1-Shift 1-q75","paper-ssc-cgl-2024-t1-s1","src-ssc-cgl-portal",75,"2024","Tier 1","Shift 1","Set C","comp-ssc-cgl","subj-math","Main Section","single_mcq",2,0.5,"hi,en","Bilingual","OFFICIAL_PYQ","CLEAN","VERIFIED",1,1
"q-ssc-cgl-undefined-Tier 1-Shift 1-q76","paper-ssc-cgl-2024-t1-s1","src-ssc-cgl-portal",76,"2024","Tier 1","Shift 1","Set C","comp-ssc-cgl","subj-english","Main Section","single_mcq",2,0.5,"hi,en","Bilingual","OFFICIAL_PYQ","CLEAN","VERIFIED",1,1
"q-ssc-cgl-undefined-Tier 1-Shift 1-q77","paper-ssc-cgl-2024-t1-s1","src-ssc-cgl-portal",77,"2024","Tier 1","Shift 1","Set C","comp-ssc-cgl","subj-english","Main Section","single_mcq",2,0.5,"hi,en","Bilingual","OFFICIAL_PYQ","CLEAN","VERIFIED",1,1
"q-ssc-cgl-undefined-Tier 1-Shift 1-q78","paper-ssc-cgl-2024-t1-s1","src-ssc-cgl-portal",78,"2024","Tier 1","Shift 1","Set C","comp-ssc-cgl","subj-english","Main Section","single_mcq",2,0.5,"hi,en","Bilingual","OFFICIAL_PYQ","CLEAN","VERIFIED",1,1
"q-ssc-cgl-undefined-Tier 1-Shift 1-q79","paper-ssc-cgl-2024-t1-s1","src-ssc-cgl-portal",79,"2024","Tier 1","Shift 1","Set C","comp-ssc-cgl","subj-english","Main Section","single_mcq",2,0.5,"hi,en","Bilingual","OFFICIAL_PYQ","CLEAN","VERIFIED",1,1
"q-ssc-cgl-undefined-Tier 1-Shift 1-q80","paper-ssc-cgl-2024-t1-s1","src-ssc-cgl-portal",80,"2024","Tier 1","Shift 1","Set C","comp-ssc-cgl","subj-english","Main Section","single_mcq",2,0.5,"hi,en","Bilingual","OFFICIAL_PYQ","CLEAN","VERIFIED",1,1
"q-ssc-cgl-undefined-Tier 1-Shift 1-q81","paper-ssc-cgl-2024-t1-s1","src-ssc-cgl-portal",81,"2024","Tier 1","Shift 1","Set C","comp-ssc-cgl","subj-english","Main Section","single_mcq",2,0.5,"hi,en","Bilingual","OFFICIAL_PYQ","CLEAN","VERIFIED",1,1
"q-ssc-cgl-undefined-Tier 1-Shift 1-q82","paper-ssc-cgl-2024-t1-s1","src-ssc-cgl-portal",82,"2024","Tier 1","Shift 1","Set C","comp-ssc-cgl","subj-english","Main Section","single_mcq",2,0.5,"hi,en","Bilingual","OFFICIAL_PYQ","CLEAN","VERIFIED",1,1
"q-ssc-cgl-undefined-Tier 1-Shift 1-q83","paper-ssc-cgl-2024-t1-s1","src-ssc-cgl-portal",83,"2024","Tier 1","Shift 1","Set C","comp-ssc-cgl","subj-english","Main Section","single_mcq",2,0.5,"hi,en","Bilingual","OFFICIAL_PYQ","CLEAN","VERIFIED",1,1
"q-ssc-cgl-undefined-Tier 1-Shift 1-q84","paper-ssc-cgl-2024-t1-s1","src-ssc-cgl-portal",84,"2024","Tier 1","Shift 1","Set C","comp-ssc-cgl","subj-english","Main Section","single_mcq",2,0.5,"hi,en","Bilingual","OFFICIAL_PYQ","CLEAN","VERIFIED",1,1
"q-ssc-cgl-undefined-Tier 1-Shift 1-q85","paper-ssc-cgl-2024-t1-s1","src-ssc-cgl-portal",85,"2024","Tier 1","Shift 1","Set C","comp-ssc-cgl","subj-english","Main Section","single_mcq",2,0.5,"hi,en","Bilingual","OFFICIAL_PYQ","CLEAN","VERIFIED",1,1
"q-ssc-cgl-undefined-Tier 1-Shift 1-q86","paper-ssc-cgl-2024-t1-s1","src-ssc-cgl-portal",86,"2024","Tier 1","Shift 1","Set C","comp-ssc-cgl","subj-english","Main Section","single_mcq",2,0.5,"hi,en","Bilingual","OFFICIAL_PYQ","CLEAN","VERIFIED",1,1
"q-ssc-cgl-undefined-Tier 1-Shift 1-q87","paper-ssc-cgl-2024-t1-s1","src-ssc-cgl-portal",87,"2024","Tier 1","Shift 1","Set C","comp-ssc-cgl","subj-english","Main Section","single_mcq",2,0.5,"hi,en","Bilingual","OFFICIAL_PYQ","CLEAN","VERIFIED",1,1
"q-ssc-cgl-undefined-Tier 1-Shift 1-q88","paper-ssc-cgl-2024-t1-s1","src-ssc-cgl-portal",88,"2024","Tier 1","Shift 1","Set C","comp-ssc-cgl","subj-english","Main Section","single_mcq",2,0.5,"hi,en","Bilingual","OFFICIAL_PYQ","CLEAN","VERIFIED",1,1
"q-ssc-cgl-undefined-Tier 1-Shift 1-q89","paper-ssc-cgl-2024-t1-s1","src-ssc-cgl-portal",89,"2024","Tier 1","Shift 1","Set C","comp-ssc-cgl","subj-english","Main Section","single_mcq",2,0.5,"hi,en","Bilingual","OFFICIAL_PYQ","CLEAN","VERIFIED",1,1
"q-ssc-cgl-undefined-Tier 1-Shift 1-q90","paper-ssc-cgl-2024-t1-s1","src-ssc-cgl-portal",90,"2024","Tier 1","Shift 1","Set C","comp-ssc-cgl","subj-english","Main Section","single_mcq",2,0.5,"hi,en","Bilingual","OFFICIAL_PYQ","CLEAN","VERIFIED",1,1
"q-ssc-cgl-undefined-Tier 1-Shift 1-q91","paper-ssc-cgl-2024-t1-s1","src-ssc-cgl-portal",91,"2024","Tier 1","Shift 1","Set C","comp-ssc-cgl","subj-english","Main Section","single_mcq",2,0.5,"hi,en","Bilingual","OFFICIAL_PYQ","CLEAN","VERIFIED",1,1
"q-ssc-cgl-undefined-Tier 1-Shift 1-q92","paper-ssc-cgl-2024-t1-s1","src-ssc-cgl-portal",92,"2024","Tier 1","Shift 1","Set C","comp-ssc-cgl","subj-english","Main Section","single_mcq",2,0.5,"hi,en","Bilingual","OFFICIAL_PYQ","CLEAN","VERIFIED",1,1
"q-ssc-cgl-undefined-Tier 1-Shift 1-q93","paper-ssc-cgl-2024-t1-s1","src-ssc-cgl-portal",93,"2024","Tier 1","Shift 1","Set C","comp-ssc-cgl","subj-english","Main Section","single_mcq",2,0.5,"hi,en","Bilingual","OFFICIAL_PYQ","CLEAN","VERIFIED",1,1
"q-ssc-cgl-undefined-Tier 1-Shift 1-q94","paper-ssc-cgl-2024-t1-s1","src-ssc-cgl-portal",94,"2024","Tier 1","Shift 1","Set C","comp-ssc-cgl","subj-english","Main Section","single_mcq",2,0.5,"hi,en","Bilingual","OFFICIAL_PYQ","CLEAN","VERIFIED",1,1
"q-ssc-cgl-undefined-Tier 1-Shift 1-q95","paper-ssc-cgl-2024-t1-s1","src-ssc-cgl-portal",95,"2024","Tier 1","Shift 1","Set C","comp-ssc-cgl","subj-english","Main Section","single_mcq",2,0.5,"hi,en","Bilingual","OFFICIAL_PYQ","CLEAN","VERIFIED",1,1
"q-ssc-cgl-undefined-Tier 1-Shift 1-q96","paper-ssc-cgl-2024-t1-s1","src-ssc-cgl-portal",96,"2024","Tier 1","Shift 1","Set C","comp-ssc-cgl","subj-english","Main Section","single_mcq",2,0.5,"hi,en","Bilingual","OFFICIAL_PYQ","CLEAN","VERIFIED",1,1
"q-ssc-cgl-undefined-Tier 1-Shift 1-q97","paper-ssc-cgl-2024-t1-s1","src-ssc-cgl-portal",97,"2024","Tier 1","Shift 1","Set C","comp-ssc-cgl","subj-english","Main Section","single_mcq",2,0.5,"hi,en","Bilingual","OFFICIAL_PYQ","CLEAN","VERIFIED",1,1
"q-ssc-cgl-undefined-Tier 1-Shift 1-q98","paper-ssc-cgl-2024-t1-s1","src-ssc-cgl-portal",98,"2024","Tier 1","Shift 1","Set C","comp-ssc-cgl","subj-english","Main Section","single_mcq",2,0.5,"hi,en","Bilingual","OFFICIAL_PYQ","CLEAN","VERIFIED",1,1
"q-ssc-cgl-undefined-Tier 1-Shift 1-q99","paper-ssc-cgl-2024-t1-s1","src-ssc-cgl-portal",99,"2024","Tier 1","Shift 1","Set C","comp-ssc-cgl","subj-english","Main Section","single_mcq",2,0.5,"hi,en","Bilingual","OFFICIAL_PYQ","CLEAN","VERIFIED",1,1
"q-ssc-cgl-undefined-Tier 1-Shift 1-q100","paper-ssc-cgl-2024-t1-s1","src-ssc-cgl-portal",100,"2024","Tier 1","Shift 1","Set C","comp-ssc-cgl","subj-english","Main Section","single_mcq",2,0.5,"hi,en","Bilingual","OFFICIAL_PYQ","CLEAN","VERIFIED",1,1
"q-ssc-cgl-undefined-Tier 1-Shift 1-q101","paper-ssc-cgl-2024-t1-s1","src-ssc-cgl-portal",101,"2024","Tier 1","Shift 1","Set C","comp-ssc-cgl","subj-reasoning","Main Section","single_mcq",2,0.5,"hi,en","Bilingual","OFFICIAL_PYQ","CLEAN","VERIFIED",1,1
"q-cbse-board-undefined-Annual Board Exam-Morning-q1","paper-cbse-10-science-2024","src-cbse-board-portal",1,"2024","Annual Board Exam","Morning","Set 1","comp-practice","subj-science","Main Section","single_mcq",1,0.25,"hi,en","Bilingual","OFFICIAL_SAMPLE","CLEAN","VERIFIED",0,1
"q-cbse-board-undefined-Annual Board Exam-Morning-q2","paper-cbse-10-science-2024","src-cbse-board-portal",2,"2024","Annual Board Exam","Morning","Set 1","comp-practice","subj-science","Main Section","single_mcq",1,0.25,"hi,en","Bilingual","OFFICIAL_SAMPLE","CLEAN","VERIFIED",0,1
"q-cbse-board-undefined-Annual Board Exam-Morning-q3","paper-cbse-10-science-2024","src-cbse-board-portal",3,"2024","Annual Board Exam","Morning","Set 1","comp-practice","subj-science","Main Section","single_mcq",1,0.25,"hi,en","Bilingual","OFFICIAL_SAMPLE","CLEAN","VERIFIED",0,1
"q-cbse-board-undefined-Annual Board Exam-Morning-q4","paper-cbse-10-science-2024","src-cbse-board-portal",4,"2024","Annual Board Exam","Morning","Set 1","comp-practice","subj-science","Main Section","single_mcq",1,0.25,"hi,en","Bilingual","OFFICIAL_SAMPLE","CLEAN","VERIFIED",0,1
"q-cbse-board-undefined-Annual Board Exam-Morning-q5","paper-cbse-10-science-2024","src-cbse-board-portal",5,"2024","Annual Board Exam","Morning","Set 1","comp-practice","subj-science","Main Section","single_mcq",1,0.25,"hi,en","Bilingual","OFFICIAL_SAMPLE","CLEAN","VERIFIED",0,1
"q-cbse-board-undefined-Annual Board Exam-Morning-q6","paper-cbse-10-science-2024","src-cbse-board-portal",6,"2024","Annual Board Exam","Morning","Set 1","comp-practice","subj-science","Main Section","single_mcq",1,0.25,"hi,en","Bilingual","OFFICIAL_SAMPLE","CLEAN","VERIFIED",0,1
"q-cbse-board-undefined-Annual Board Exam-Morning-q7","paper-cbse-10-science-2024","src-cbse-board-portal",7,"2024","Annual Board Exam","Morning","Set 1","comp-practice","subj-science","Main Section","single_mcq",1,0.25,"hi,en","Bilingual","OFFICIAL_SAMPLE","CLEAN","VERIFIED",0,1
"q-cbse-board-undefined-Annual Board Exam-Morning-q8","paper-cbse-10-science-2024","src-cbse-board-portal",8,"2024","Annual Board Exam","Morning","Set 1","comp-practice","subj-science","Main Section","single_mcq",1,0.25,"hi,en","Bilingual","OFFICIAL_SAMPLE","CLEAN","VERIFIED",0,1
"q-cbse-board-undefined-Annual Board Exam-Morning-q9","paper-cbse-10-science-2024","src-cbse-board-portal",9,"2024","Annual Board Exam","Morning","Set 1","comp-practice","subj-science","Main Section","single_mcq",1,0.25,"hi,en","Bilingual","OFFICIAL_SAMPLE","CLEAN","VERIFIED",0,1
"q-cbse-board-undefined-Annual Board Exam-Morning-q10","paper-cbse-10-science-2024","src-cbse-board-portal",10,"2024","Annual Board Exam","Morning","Set 1","comp-practice","subj-science","Main Section","single_mcq",1,0.25,"hi,en","Bilingual","OFFICIAL_SAMPLE","CLEAN","VERIFIED",0,1
"q-cbse-board-undefined-Annual Board Exam-Morning-q11","paper-cbse-10-science-2024","src-cbse-board-portal",11,"2024","Annual Board Exam","Morning","Set 1","comp-practice","subj-science","Main Section","single_mcq",1,0.25,"hi,en","Bilingual","OFFICIAL_SAMPLE","CLEAN","VERIFIED",0,1
"q-cbse-board-undefined-Annual Board Exam-Morning-q12","paper-cbse-10-science-2024","src-cbse-board-portal",12,"2024","Annual Board Exam","Morning","Set 1","comp-practice","subj-science","Main Section","single_mcq",1,0.25,"hi,en","Bilingual","OFFICIAL_SAMPLE","CLEAN","VERIFIED",0,1
"q-cbse-board-undefined-Annual Board Exam-Morning-q13","paper-cbse-10-science-2024","src-cbse-board-portal",13,"2024","Annual Board Exam","Morning","Set 1","comp-practice","subj-science","Main Section","single_mcq",1,0.25,"hi,en","Bilingual","OFFICIAL_SAMPLE","CLEAN","VERIFIED",0,1
"q-cbse-board-undefined-Annual Board Exam-Morning-q14","paper-cbse-10-science-2024","src-cbse-board-portal",14,"2024","Annual Board Exam","Morning","Set 1","comp-practice","subj-science","Main Section","single_mcq",1,0.25,"hi,en","Bilingual","OFFICIAL_SAMPLE","CLEAN","VERIFIED",0,1
"q-cbse-board-undefined-Annual Board Exam-Morning-q15","paper-cbse-10-science-2024","src-cbse-board-portal",15,"2024","Annual Board Exam","Morning","Set 1","comp-practice","subj-science","Main Section","single_mcq",1,0.25,"hi,en","Bilingual","OFFICIAL_SAMPLE","CLEAN","VERIFIED",0,1
"q-cbse-board-undefined-Annual Board Exam-Morning-q16","paper-cbse-10-science-2024","src-cbse-board-portal",16,"2024","Annual Board Exam","Morning","Set 1","comp-practice","subj-science","Main Section","single_mcq",1,0.25,"hi,en","Bilingual","OFFICIAL_SAMPLE","CLEAN","VERIFIED",0,1
"q-cbse-board-undefined-Annual Board Exam-Morning-q17","paper-cbse-10-science-2024","src-cbse-board-portal",17,"2024","Annual Board Exam","Morning","Set 1","comp-practice","subj-science","Main Section","single_mcq",1,0.25,"hi,en","Bilingual","OFFICIAL_SAMPLE","CLEAN","VERIFIED",0,1
"q-cbse-board-undefined-Annual Board Exam-Morning-q18","paper-cbse-10-science-2024","src-cbse-board-portal",18,"2024","Annual Board Exam","Morning","Set 1","comp-practice","subj-science","Main Section","single_mcq",1,0.25,"hi,en","Bilingual","OFFICIAL_SAMPLE","CLEAN","VERIFIED",0,1
"q-cbse-board-undefined-Annual Board Exam-Morning-q19","paper-cbse-10-science-2024","src-cbse-board-portal",19,"2024","Annual Board Exam","Morning","Set 1","comp-practice","subj-science","Main Section","single_mcq",1,0.25,"hi,en","Bilingual","OFFICIAL_SAMPLE","CLEAN","VERIFIED",0,1
"q-cbse-board-undefined-Annual Board Exam-Morning-q20","paper-cbse-10-science-2024","src-cbse-board-portal",20,"2024","Annual Board Exam","Morning","Set 1","comp-practice","subj-science","Main Section","single_mcq",1,0.25,"hi,en","Bilingual","OFFICIAL_SAMPLE","CLEAN","VERIFIED",0,1
"q-cbse-board-undefined-Annual Board Exam-Morning-q21","paper-cbse-10-science-2024","src-cbse-board-portal",21,"2024","Annual Board Exam","Morning","Set 1","comp-practice","subj-science","Main Section","short_answer",2,0.5,"hi,en","Bilingual","OFFICIAL_SAMPLE","CLEAN","VERIFIED",0,1
"q-cbse-board-undefined-Annual Board Exam-Morning-q22","paper-cbse-10-science-2024","src-cbse-board-portal",22,"2024","Annual Board Exam","Morning","Set 1","comp-practice","subj-science","Main Section","short_answer",2,0.5,"hi,en","Bilingual","OFFICIAL_SAMPLE","CLEAN","VERIFIED",0,1
"q-cbse-board-undefined-Annual Board Exam-Morning-q23","paper-cbse-10-science-2024","src-cbse-board-portal",23,"2024","Annual Board Exam","Morning","Set 1","comp-practice","subj-science","Main Section","short_answer",2,0.5,"hi,en","Bilingual","OFFICIAL_SAMPLE","CLEAN","VERIFIED",0,1
"q-cbse-board-undefined-Annual Board Exam-Morning-q24","paper-cbse-10-science-2024","src-cbse-board-portal",24,"2024","Annual Board Exam","Morning","Set 1","comp-practice","subj-science","Main Section","short_answer",2,0.5,"hi,en","Bilingual","OFFICIAL_SAMPLE","CLEAN","VERIFIED",0,1
"q-cbse-board-undefined-Annual Board Exam-Morning-q25","paper-cbse-10-science-2024","src-cbse-board-portal",25,"2024","Annual Board Exam","Morning","Set 1","comp-practice","subj-science","Main Section","short_answer",2,0.5,"hi,en","Bilingual","OFFICIAL_SAMPLE","CLEAN","VERIFIED",0,1
"q-cbse-board-undefined-Annual Board Exam-Morning-q26","paper-cbse-10-science-2024","src-cbse-board-portal",26,"2024","Annual Board Exam","Morning","Set 1","comp-practice","subj-science","Main Section","short_answer",2,0.5,"hi,en","Bilingual","OFFICIAL_SAMPLE","CLEAN","VERIFIED",0,1
"q-cbse-board-undefined-Annual Board Exam-Morning-q27","paper-cbse-10-science-2024","src-cbse-board-portal",27,"2024","Annual Board Exam","Morning","Set 1","comp-practice","subj-science","Main Section","short_answer",3,0,"hi,en","Bilingual","OFFICIAL_SAMPLE","CLEAN","VERIFIED",0,1
"q-cbse-board-undefined-Annual Board Exam-Morning-q28","paper-cbse-10-science-2024","src-cbse-board-portal",28,"2024","Annual Board Exam","Morning","Set 1","comp-practice","subj-science","Main Section","short_answer",3,0,"hi,en","Bilingual","OFFICIAL_SAMPLE","CLEAN","VERIFIED",0,1
"q-cbse-board-undefined-Annual Board Exam-Morning-q29","paper-cbse-10-science-2024","src-cbse-board-portal",29,"2024","Annual Board Exam","Morning","Set 1","comp-practice","subj-science","Main Section","short_answer",3,0,"hi,en","Bilingual","OFFICIAL_SAMPLE","CLEAN","VERIFIED",0,1
"q-cbse-board-undefined-Annual Board Exam-Morning-q30","paper-cbse-10-science-2024","src-cbse-board-portal",30,"2024","Annual Board Exam","Morning","Set 1","comp-practice","subj-science","Main Section","short_answer",3,0,"hi,en","Bilingual","OFFICIAL_SAMPLE","CLEAN","VERIFIED",0,1
"q-cbse-board-undefined-Annual Board Exam-Morning-q31","paper-cbse-10-science-2024","src-cbse-board-portal",31,"2024","Annual Board Exam","Morning","Set 1","comp-practice","subj-science","Main Section","short_answer",3,0,"hi,en","Bilingual","OFFICIAL_SAMPLE","CLEAN","VERIFIED",0,1
"q-cbse-board-undefined-Annual Board Exam-Morning-q32","paper-cbse-10-science-2024","src-cbse-board-portal",32,"2024","Annual Board Exam","Morning","Set 1","comp-practice","subj-science","Main Section","short_answer",3,0,"hi,en","Bilingual","OFFICIAL_SAMPLE","CLEAN","VERIFIED",0,1
"q-cbse-board-undefined-Annual Board Exam-Morning-q33","paper-cbse-10-science-2024","src-cbse-board-portal",33,"2024","Annual Board Exam","Morning","Set 1","comp-practice","subj-science","Main Section","short_answer",3,0,"hi,en","Bilingual","OFFICIAL_SAMPLE","CLEAN","VERIFIED",0,1
"q-cbse-board-undefined-Annual Board Exam-Morning-q34","paper-cbse-10-science-2024","src-cbse-board-portal",34,"2024","Annual Board Exam","Morning","Set 1","comp-practice","subj-science","Main Section","long_answer",5,0,"hi,en","Bilingual","OFFICIAL_SAMPLE","CLEAN","VERIFIED",0,1
"q-cbse-board-undefined-Annual Board Exam-Morning-q35","paper-cbse-10-science-2024","src-cbse-board-portal",35,"2024","Annual Board Exam","Morning","Set 1","comp-practice","subj-science","Main Section","long_answer",5,0,"hi,en","Bilingual","OFFICIAL_SAMPLE","CLEAN","VERIFIED",0,1
"q-cbse-board-undefined-Annual Board Exam-Morning-q36","paper-cbse-10-science-2024","src-cbse-board-portal",36,"2024","Annual Board Exam","Morning","Set 1","comp-practice","subj-science","Main Section","long_answer",5,0,"hi,en","Bilingual","OFFICIAL_SAMPLE","CLEAN","VERIFIED",0,1
"q-cbse-board-undefined-Annual Board Exam-Morning-q37","paper-cbse-10-science-2024","src-cbse-board-portal",37,"2024","Annual Board Exam","Morning","Set 1","comp-practice","subj-science","Main Section","case_study",4,0,"hi,en","Bilingual","OFFICIAL_SAMPLE","CLEAN","VERIFIED",0,1
"q-cbse-board-undefined-Annual Board Exam-Morning-q38","paper-cbse-10-science-2024","src-cbse-board-portal",38,"2024","Annual Board Exam","Morning","Set 1","comp-practice","subj-science","Main Section","case_study",4,0,"hi,en","Bilingual","OFFICIAL_SAMPLE","CLEAN","VERIFIED",0,1
"q-cbse-board-undefined-Annual Board Exam-Morning-q39","paper-cbse-10-science-2024","src-cbse-board-portal",39,"2024","Annual Board Exam","Morning","Set 1","comp-practice","subj-science","Main Section","case_study",4,0,"hi,en","Bilingual","OFFICIAL_SAMPLE","CLEAN","VERIFIED",0,1
"q-tndge-tamilnadu-undefined-Annual-Morning-q1","paper-tn-sslc-tamil-2024","src-tndge-tamilnadu-portal",1,"2024","Annual","Morning","Set A","comp-practice","subj-tamil","Main Section","single_mcq",1,0.25,"hi,en","Bilingual","OFFICIAL_PYQ","CLEAN","VERIFIED",1,1
"q-tndge-tamilnadu-undefined-Annual-Morning-q2","paper-tn-sslc-tamil-2024","src-tndge-tamilnadu-portal",2,"2024","Annual","Morning","Set A","comp-practice","subj-tamil","Main Section","single_mcq",1,0.25,"hi,en","Bilingual","OFFICIAL_PYQ","CLEAN","VERIFIED",1,1
"q-tndge-tamilnadu-undefined-Annual-Morning-q3","paper-tn-sslc-tamil-2024","src-tndge-tamilnadu-portal",3,"2024","Annual","Morning","Set A","comp-practice","subj-tamil","Main Section","single_mcq",1,0.25,"hi,en","Bilingual","OFFICIAL_PYQ","CLEAN","VERIFIED",1,1
"q-tndge-tamilnadu-undefined-Annual-Morning-q4","paper-tn-sslc-tamil-2024","src-tndge-tamilnadu-portal",4,"2024","Annual","Morning","Set A","comp-practice","subj-tamil","Main Section","single_mcq",1,0.25,"hi,en","Bilingual","OFFICIAL_PYQ","CLEAN","VERIFIED",1,1
"q-tndge-tamilnadu-undefined-Annual-Morning-q5","paper-tn-sslc-tamil-2024","src-tndge-tamilnadu-portal",5,"2024","Annual","Morning","Set A","comp-practice","subj-tamil","Main Section","single_mcq",1,0.25,"hi,en","Bilingual","OFFICIAL_PYQ","CLEAN","VERIFIED",1,1
"q-tndge-tamilnadu-undefined-Annual-Morning-q6","paper-tn-sslc-tamil-2024","src-tndge-tamilnadu-portal",6,"2024","Annual","Morning","Set A","comp-practice","subj-tamil","Main Section","single_mcq",1,0.25,"hi,en","Bilingual","OFFICIAL_PYQ","CLEAN","VERIFIED",1,1
"q-tndge-tamilnadu-undefined-Annual-Morning-q7","paper-tn-sslc-tamil-2024","src-tndge-tamilnadu-portal",7,"2024","Annual","Morning","Set A","comp-practice","subj-tamil","Main Section","single_mcq",1,0.25,"hi,en","Bilingual","OFFICIAL_PYQ","CLEAN","VERIFIED",1,1
"q-tndge-tamilnadu-undefined-Annual-Morning-q8","paper-tn-sslc-tamil-2024","src-tndge-tamilnadu-portal",8,"2024","Annual","Morning","Set A","comp-practice","subj-tamil","Main Section","single_mcq",1,0.25,"hi,en","Bilingual","OFFICIAL_PYQ","CLEAN","VERIFIED",1,1
"q-tndge-tamilnadu-undefined-Annual-Morning-q9","paper-tn-sslc-tamil-2024","src-tndge-tamilnadu-portal",9,"2024","Annual","Morning","Set A","comp-practice","subj-tamil","Main Section","single_mcq",1,0.25,"hi,en","Bilingual","OFFICIAL_PYQ","CLEAN","VERIFIED",1,1
"q-tndge-tamilnadu-undefined-Annual-Morning-q10","paper-tn-sslc-tamil-2024","src-tndge-tamilnadu-portal",10,"2024","Annual","Morning","Set A","comp-practice","subj-tamil","Main Section","single_mcq",1,0.25,"hi,en","Bilingual","OFFICIAL_PYQ","CLEAN","VERIFIED",1,1
"q-tndge-tamilnadu-undefined-Annual-Morning-q11","paper-tn-sslc-tamil-2024","src-tndge-tamilnadu-portal",11,"2024","Annual","Morning","Set A","comp-practice","subj-tamil","Main Section","single_mcq",1,0.25,"hi,en","Bilingual","OFFICIAL_PYQ","CLEAN","VERIFIED",1,1
"q-tndge-tamilnadu-undefined-Annual-Morning-q12","paper-tn-sslc-tamil-2024","src-tndge-tamilnadu-portal",12,"2024","Annual","Morning","Set A","comp-practice","subj-tamil","Main Section","single_mcq",1,0.25,"hi,en","Bilingual","OFFICIAL_PYQ","CLEAN","VERIFIED",1,1
"q-tndge-tamilnadu-undefined-Annual-Morning-q13","paper-tn-sslc-tamil-2024","src-tndge-tamilnadu-portal",13,"2024","Annual","Morning","Set A","comp-practice","subj-tamil","Main Section","single_mcq",1,0.25,"hi,en","Bilingual","OFFICIAL_PYQ","CLEAN","VERIFIED",1,1
"q-tndge-tamilnadu-undefined-Annual-Morning-q14","paper-tn-sslc-tamil-2024","src-tndge-tamilnadu-portal",14,"2024","Annual","Morning","Set A","comp-practice","subj-tamil","Main Section","single_mcq",1,0.25,"hi,en","Bilingual","OFFICIAL_PYQ","CLEAN","VERIFIED",1,1
"q-tndge-tamilnadu-undefined-Annual-Morning-q15","paper-tn-sslc-tamil-2024","src-tndge-tamilnadu-portal",15,"2024","Annual","Morning","Set A","comp-practice","subj-tamil","Main Section","single_mcq",1,0.25,"hi,en","Bilingual","OFFICIAL_PYQ","CLEAN","VERIFIED",1,1
"q-tndge-tamilnadu-undefined-Annual-Morning-q16","paper-tn-sslc-tamil-2024","src-tndge-tamilnadu-portal",16,"2024","Annual","Morning","Set A","comp-practice","subj-tamil","Main Section","single_mcq",1,0.25,"hi,en","Bilingual","OFFICIAL_PYQ","CLEAN","VERIFIED",1,1
"q-tndge-tamilnadu-undefined-Annual-Morning-q17","paper-tn-sslc-tamil-2024","src-tndge-tamilnadu-portal",17,"2024","Annual","Morning","Set A","comp-practice","subj-tamil","Main Section","single_mcq",1,0.25,"hi,en","Bilingual","OFFICIAL_PYQ","CLEAN","VERIFIED",1,1
"q-tndge-tamilnadu-undefined-Annual-Morning-q18","paper-tn-sslc-tamil-2024","src-tndge-tamilnadu-portal",18,"2024","Annual","Morning","Set A","comp-practice","subj-tamil","Main Section","single_mcq",1,0.25,"hi,en","Bilingual","OFFICIAL_PYQ","CLEAN","VERIFIED",1,1
"q-tndge-tamilnadu-undefined-Annual-Morning-q19","paper-tn-sslc-tamil-2024","src-tndge-tamilnadu-portal",19,"2024","Annual","Morning","Set A","comp-practice","subj-tamil","Main Section","single_mcq",1,0.25,"hi,en","Bilingual","OFFICIAL_PYQ","CLEAN","VERIFIED",1,1
"q-tndge-tamilnadu-undefined-Annual-Morning-q20","paper-tn-sslc-tamil-2024","src-tndge-tamilnadu-portal",20,"2024","Annual","Morning","Set A","comp-practice","subj-tamil","Main Section","single_mcq",1,0.25,"hi,en","Bilingual","OFFICIAL_PYQ","CLEAN","VERIFIED",1,1
"q-tndge-tamilnadu-undefined-Annual-Morning-q21","paper-tn-sslc-tamil-2024","src-tndge-tamilnadu-portal",21,"2024","Annual","Morning","Set A","comp-practice","subj-tamil","Main Section","single_mcq",1,0.25,"hi,en","Bilingual","OFFICIAL_PYQ","CLEAN","VERIFIED",1,1
"q-tndge-tamilnadu-undefined-Annual-Morning-q22","paper-tn-sslc-tamil-2024","src-tndge-tamilnadu-portal",22,"2024","Annual","Morning","Set A","comp-practice","subj-tamil","Main Section","single_mcq",1,0.25,"hi,en","Bilingual","OFFICIAL_PYQ","CLEAN","VERIFIED",1,1
"q-tndge-tamilnadu-undefined-Annual-Morning-q23","paper-tn-sslc-tamil-2024","src-tndge-tamilnadu-portal",23,"2024","Annual","Morning","Set A","comp-practice","subj-tamil","Main Section","single_mcq",1,0.25,"hi,en","Bilingual","OFFICIAL_PYQ","CLEAN","VERIFIED",1,1
"q-tndge-tamilnadu-undefined-Annual-Morning-q24","paper-tn-sslc-tamil-2024","src-tndge-tamilnadu-portal",24,"2024","Annual","Morning","Set A","comp-practice","subj-tamil","Main Section","single_mcq",1,0.25,"hi,en","Bilingual","OFFICIAL_PYQ","CLEAN","VERIFIED",1,1
"q-tndge-tamilnadu-undefined-Annual-Morning-q25","paper-tn-sslc-tamil-2024","src-tndge-tamilnadu-portal",25,"2024","Annual","Morning","Set A","comp-practice","subj-tamil","Main Section","single_mcq",1,0.25,"hi,en","Bilingual","OFFICIAL_PYQ","CLEAN","VERIFIED",1,1
"q-upsc-cse-2023-gs1-q1","paper-upsc-cse-2023-gs1","src-curated-archive",1,"2023.0","Tier-1","SHIFT_1","A","comp-practice","subj-gk","Main Section","single_mcq",2,0.5,"hi,en","Bilingual","OFFICIAL_PYQ","CLEAN","VERIFIED",1,1
"q-upsc-cse-2023-gs1-q2","paper-upsc-cse-2023-gs1","src-curated-archive",2,"2023.0","Tier-1","SHIFT_1","A","comp-practice","subj-history","Main Section","single_mcq",2,0.5,"hi,en","Bilingual","OFFICIAL_PYQ","CLEAN","VERIFIED",1,1
"q-upsc-cse-2023-gs1-q3","paper-upsc-cse-2023-gs1","src-curated-archive",3,"2023.0","Tier-1","SHIFT_1","A","comp-practice","subj-gk","Main Section","single_mcq",2,0.5,"hi,en","Bilingual","OFFICIAL_PYQ","CLEAN","VERIFIED",1,1
"q-upsc-cse-2022-gs1-q1","paper-upsc-cse-2022-gs1","src-curated-archive",1,"2022.0","Tier-1","SHIFT_1","A","comp-practice","subj-gk","Main Section","single_mcq",2,0.5,"hi,en","Bilingual","OFFICIAL_PYQ","CLEAN","VERIFIED",1,1
"q-upsc-cse-2022-gs1-q2","paper-upsc-cse-2022-gs1","src-curated-archive",2,"2022.0","Tier-1","SHIFT_1","A","comp-practice","subj-history","Main Section","single_mcq",2,0.5,"hi,en","Bilingual","OFFICIAL_PYQ","CLEAN","VERIFIED",1,1
"q-upsc-cse-2022-gs1-q3","paper-upsc-cse-2022-gs1","src-curated-archive",3,"2022.0","Tier-1","SHIFT_1","A","comp-practice","subj-gk","Main Section","single_mcq",2,0.5,"hi,en","Bilingual","OFFICIAL_PYQ","CLEAN","VERIFIED",1,1
"q-upsc-cse-2021-gs1-q1","paper-upsc-cse-2021-gs1","src-curated-archive",1,"2021.0","Tier-1","SHIFT_1","A","comp-practice","subj-gk","Main Section","single_mcq",2,0.5,"hi,en","Bilingual","OFFICIAL_PYQ","CLEAN","VERIFIED",1,1
"q-upsc-cse-2021-gs1-q2","paper-upsc-cse-2021-gs1","src-curated-archive",2,"2021.0","Tier-1","SHIFT_1","A","comp-practice","subj-history","Main Section","single_mcq",2,0.5,"hi,en","Bilingual","OFFICIAL_PYQ","CLEAN","VERIFIED",1,1
"q-upsc-cse-2021-gs1-q3","paper-upsc-cse-2021-gs1","src-curated-archive",3,"2021.0","Tier-1","SHIFT_1","A","comp-practice","subj-gk","Main Section","single_mcq",2,0.5,"hi,en","Bilingual","OFFICIAL_PYQ","CLEAN","VERIFIED",1,1
"q-ssc-cgl-2023-t1-s1-q1","paper-ssc-cgl-2023-t1-s1","src-curated-archive",1,"2023.0","Tier-1","SHIFT_1","A","comp-practice","subj-gk","Main Section","single_mcq",2,0.5,"hi,en","Bilingual","OFFICIAL_PYQ","CLEAN","VERIFIED",1,1
"q-ssc-cgl-2023-t1-s1-q2","paper-ssc-cgl-2023-t1-s1","src-curated-archive",2,"2023.0","Tier-1","SHIFT_1","A","comp-practice","subj-math","Main Section","single_mcq",2,0.5,"hi,en","Bilingual","OFFICIAL_PYQ","CLEAN","VERIFIED",1,1
"q-ssc-cgl-2023-t1-s1-q3","paper-ssc-cgl-2023-t1-s1","src-curated-archive",3,"2023.0","Tier-1","SHIFT_1","A","comp-practice","subj-reasoning","Main Section","single_mcq",2,0.5,"hi,en","Bilingual","OFFICIAL_PYQ","CLEAN","VERIFIED",1,1
"q-ssc-cgl-2023-t1-s1-q4","paper-ssc-cgl-2023-t1-s1","src-curated-archive",4,"2023.0","Tier-1","SHIFT_1","A","comp-practice","subj-gk","Main Section","single_mcq",2,0.5,"hi,en","Bilingual","OFFICIAL_PYQ","CLEAN","VERIFIED",0,1
"q-ssc-cgl-2022-t1-s1-q1","paper-ssc-cgl-2022-t1-s1","src-curated-archive",1,"2022.0","Tier-1","SHIFT_1","A","comp-practice","subj-gk","Main Section","single_mcq",2,0.5,"hi,en","Bilingual","OFFICIAL_PYQ","CLEAN","VERIFIED",1,1
"q-ssc-cgl-2022-t1-s1-q2","paper-ssc-cgl-2022-t1-s1","src-curated-archive",2,"2022.0","Tier-1","SHIFT_1","A","comp-practice","subj-math","Main Section","single_mcq",2,0.5,"hi,en","Bilingual","OFFICIAL_PYQ","CLEAN","VERIFIED",1,1
"q-ssc-cgl-2022-t1-s1-q3","paper-ssc-cgl-2022-t1-s1","src-curated-archive",3,"2022.0","Tier-1","SHIFT_1","A","comp-practice","subj-reasoning","Main Section","single_mcq",2,0.5,"hi,en","Bilingual","OFFICIAL_PYQ","CLEAN","VERIFIED",1,1
"q-ssc-cgl-2022-t1-s1-q4","paper-ssc-cgl-2022-t1-s1","src-curated-archive",4,"2022.0","Tier-1","SHIFT_1","A","comp-practice","subj-gk","Main Section","single_mcq",2,0.5,"hi,en","Bilingual","OFFICIAL_PYQ","CLEAN","VERIFIED",0,1
"q-rrb-ntpc-2022-cbt1-q1","paper-rrb-ntpc-2022-cbt1-s1","src-curated-archive",1,"2022.0","Tier-1","SHIFT_1","A","comp-practice","subj-science","Main Section","single_mcq",2,0.5,"hi,en","Bilingual","OFFICIAL_PYQ","CLEAN","VERIFIED",1,1
"q-rrb-ntpc-2022-cbt1-q2","paper-rrb-ntpc-2022-cbt1-s1","src-curated-archive",2,"2022.0","Tier-1","SHIFT_1","A","comp-practice","subj-math","Main Section","single_mcq",2,0.5,"hi,en","Bilingual","OFFICIAL_PYQ","CLEAN","VERIFIED",1,1
"q-ibps-po-2023-pre-q1","paper-ibps-po-2023-pre-s1","src-curated-archive",1,"2023.0","Tier-1","SHIFT_1","A","comp-practice","subj-math","Main Section","single_mcq",2,0.5,"hi,en","Bilingual","OFFICIAL_PYQ","CLEAN","VERIFIED",1,1
"q-ibps-po-2023-pre-q2","paper-ibps-po-2023-pre-s1","src-curated-archive",2,"2023.0","Tier-1","SHIFT_1","A","comp-practice","subj-reasoning","Main Section","single_mcq",2,0.5,"hi,en","Bilingual","OFFICIAL_PYQ","CLEAN","VERIFIED",1,1
"q-upsc-nda-2023-gat-q1","paper-upsc-nda-2023-gat","src-curated-archive",1,"2023.0","Tier-1","SHIFT_1","A","comp-practice","subj-science","Main Section","single_mcq",2,0.5,"hi,en","Bilingual","OFFICIAL_PYQ","CLEAN","VERIFIED",1,1
"q-nta-neet-2023-q1","paper-nta-neet-2023-code-f1","src-curated-archive",1,"2023.0","Tier-1","SHIFT_1","A","comp-practice","subj-biology","Main Section","single_mcq",2,0.5,"hi,en","Bilingual","OFFICIAL_PYQ","CLEAN","VERIFIED",1,1
"q-nta-neet-2023-q2","paper-nta-neet-2023-code-f1","src-curated-archive",2,"2023.0","Tier-1","SHIFT_1","A","comp-practice","subj-physics","Main Section","single_mcq",2,0.5,"hi,en","Bilingual","OFFICIAL_PYQ","CLEAN","VERIFIED",1,1
"q-upp-2024-s1-q1","paper-upp-constable-2024-s1","src-curated-archive",1,"2024.0","Tier-1","SHIFT_1","A","comp-practice","subj-hindi","Main Section","single_mcq",2,0.5,"hi,en","Bilingual","OFFICIAL_PYQ","CLEAN","VERIFIED",1,1
"q-upp-2024-s1-q2","paper-upp-constable-2024-s1","src-curated-archive",2,"2024.0","Tier-1","SHIFT_1","A","comp-practice","subj-gk","Main Section","single_mcq",2,0.5,"hi,en","Bilingual","OFFICIAL_PYQ","CLEAN","VERIFIED",1,1
"q-cbse-10-sci-2023-q1","paper-cbse-10-sci-2023-set1","src-curated-archive",1,"2023.0","Tier-1","SHIFT_1","A","comp-practice","subj-science","Main Section","single_mcq",2,0.5,"hi,en","Bilingual","OFFICIAL_PYQ","CLEAN","VERIFIED",1,1
"q-upsc-cse-2024-gs1-q001","paper-upsc-cse-2024-gs1","src-upsc-cse-portal",1,"2024","PRELIMS","Morning","Set A","comp-upsc-cse","subj-polity","Main Section","single_mcq",2,0.5,"hi,en","Bilingual","OFFICIAL_PYQ","CLEAN","VERIFIED",1,1
"q-upsc-cse-2024-gs1-q002","paper-upsc-cse-2024-gs1","src-upsc-cse-portal",2,"2024","PRELIMS","Morning","Set A","comp-upsc-cse","subj-economics","Main Section","single_mcq",2,0.5,"hi,en","Bilingual","OFFICIAL_PYQ","CLEAN","VERIFIED",1,1
"q-upsc-cse-2024-gs1-q003","paper-upsc-cse-2024-gs1","src-upsc-cse-portal",3,"2024","PRELIMS","Morning","Set A","comp-upsc-cse","subj-geography","Main Section","single_mcq",2,0.5,"hi,en","Bilingual","OFFICIAL_PYQ","CLEAN","VERIFIED",1,1
"q-upsc-cse-2024-gs1-q004","paper-upsc-cse-2024-gs1","src-upsc-cse-portal",4,"2024","PRELIMS","Morning","Set A","comp-upsc-cse","subj-history","Main Section","single_mcq",2,0.5,"hi,en","Bilingual","OFFICIAL_PYQ","CLEAN","VERIFIED",1,1
"q-upsc-cse-2024-gs1-q005","paper-upsc-cse-2024-gs1","src-upsc-cse-portal",5,"2024","PRELIMS","Morning","Set A","comp-upsc-cse","subj-science","Main Section","single_mcq",2,0.5,"hi,en","Bilingual","OFFICIAL_PYQ","CLEAN","VERIFIED",1,1
"q-upsc-cse-2024-gs1-q006","paper-upsc-cse-2024-gs1","src-upsc-cse-portal",6,"2024","PRELIMS","Morning","Set A","comp-upsc-cse","subj-science","Main Section","single_mcq",2,0.5,"hi,en","Bilingual","OFFICIAL_PYQ","CLEAN","VERIFIED",1,1
"q-upsc-cse-2024-gs1-q007","paper-upsc-cse-2024-gs1","src-upsc-cse-portal",7,"2024","PRELIMS","Morning","Set A","comp-upsc-cse","subj-gk","Main Section","single_mcq",2,0.5,"hi,en","Bilingual","OFFICIAL_PYQ","CLEAN","VERIFIED",1,1
"q-upsc-cse-2024-gs1-q008","paper-upsc-cse-2024-gs1","src-upsc-cse-portal",8,"2024","PRELIMS","Morning","Set A","comp-upsc-cse","subj-polity","Main Section","single_mcq",2,0.5,"hi,en","Bilingual","OFFICIAL_PYQ","CLEAN","VERIFIED",1,1
"q-upsc-cse-2024-gs1-q009","paper-upsc-cse-2024-gs1","src-upsc-cse-portal",9,"2024","PRELIMS","Morning","Set A","comp-upsc-cse","subj-economics","Main Section","single_mcq",2,0.5,"hi,en","Bilingual","OFFICIAL_PYQ","CLEAN","VERIFIED",1,1
"q-upsc-cse-2024-gs1-q010","paper-upsc-cse-2024-gs1","src-upsc-cse-portal",10,"2024","PRELIMS","Morning","Set A","comp-upsc-cse","subj-geography","Main Section","single_mcq",2,0.5,"hi,en","Bilingual","OFFICIAL_PYQ","CLEAN","VERIFIED",1,1
"q-upsc-cse-2024-gs1-q011","paper-upsc-cse-2024-gs1","src-upsc-cse-portal",11,"2024","PRELIMS","Morning","Set A","comp-upsc-cse","subj-history","Main Section","single_mcq",2,0.5,"hi,en","Bilingual","OFFICIAL_PYQ","CLEAN","VERIFIED",1,1
"q-upsc-cse-2024-gs1-q012","paper-upsc-cse-2024-gs1","src-upsc-cse-portal",12,"2024","PRELIMS","Morning","Set A","comp-upsc-cse","subj-science","Main Section","single_mcq",2,0.5,"hi,en","Bilingual","OFFICIAL_PYQ","CLEAN","VERIFIED",1,1
"q-upsc-cse-2024-gs1-q013","paper-upsc-cse-2024-gs1","src-upsc-cse-portal",13,"2024","PRELIMS","Morning","Set A","comp-upsc-cse","subj-science","Main Section","single_mcq",2,0.5,"hi,en","Bilingual","OFFICIAL_PYQ","CLEAN","VERIFIED",1,1
"q-upsc-cse-2024-gs1-q014","paper-upsc-cse-2024-gs1","src-upsc-cse-portal",14,"2024","PRELIMS","Morning","Set A","comp-upsc-cse","subj-gk","Main Section","single_mcq",2,0.5,"hi,en","Bilingual","OFFICIAL_PYQ","CLEAN","VERIFIED",1,1
"q-upsc-cse-2024-gs1-q015","paper-upsc-cse-2024-gs1","src-upsc-cse-portal",15,"2024","PRELIMS","Morning","Set A","comp-upsc-cse","subj-polity","Main Section","single_mcq",2,0.5,"hi,en","Bilingual","OFFICIAL_PYQ","CLEAN","VERIFIED",1,1
"q-upsc-cse-2024-gs1-q016","paper-upsc-cse-2024-gs1","src-upsc-cse-portal",16,"2024","PRELIMS","Morning","Set A","comp-upsc-cse","subj-economics","Main Section","single_mcq",2,0.5,"hi,en","Bilingual","OFFICIAL_PYQ","CLEAN","VERIFIED",1,1
"q-upsc-cse-2024-gs1-q017","paper-upsc-cse-2024-gs1","src-upsc-cse-portal",17,"2024","PRELIMS","Morning","Set A","comp-upsc-cse","subj-geography","Main Section","single_mcq",2,0.5,"hi,en","Bilingual","OFFICIAL_PYQ","CLEAN","VERIFIED",1,1
"q-upsc-cse-2024-gs1-q018","paper-upsc-cse-2024-gs1","src-upsc-cse-portal",18,"2024","PRELIMS","Morning","Set A","comp-upsc-cse","subj-history","Main Section","single_mcq",2,0.5,"hi,en","Bilingual","OFFICIAL_PYQ","CLEAN","VERIFIED",1,1
"q-upsc-cse-2024-gs1-q019","paper-upsc-cse-2024-gs1","src-upsc-cse-portal",19,"2024","PRELIMS","Morning","Set A","comp-upsc-cse","subj-science","Main Section","single_mcq",2,0.5,"hi,en","Bilingual","OFFICIAL_PYQ","CLEAN","VERIFIED",1,1
"q-upsc-cse-2024-gs1-q020","paper-upsc-cse-2024-gs1","src-upsc-cse-portal",20,"2024","PRELIMS","Morning","Set A","comp-upsc-cse","subj-science","Main Section","single_mcq",2,0.5,"hi,en","Bilingual","OFFICIAL_PYQ","CLEAN","VERIFIED",1,1
"q-upsc-cse-2024-gs1-q021","paper-upsc-cse-2024-gs1","src-upsc-cse-portal",21,"2024","PRELIMS","Morning","Set A","comp-upsc-cse","subj-gk","Main Section","single_mcq",2,0.5,"hi,en","Bilingual","OFFICIAL_PYQ","CLEAN","VERIFIED",1,1
"q-upsc-cse-2024-gs1-q022","paper-upsc-cse-2024-gs1","src-upsc-cse-portal",22,"2024","PRELIMS","Morning","Set A","comp-upsc-cse","subj-polity","Main Section","single_mcq",2,0.5,"hi,en","Bilingual","OFFICIAL_PYQ","CLEAN","VERIFIED",1,1
"q-upsc-cse-2024-gs1-q023","paper-upsc-cse-2024-gs1","src-upsc-cse-portal",23,"2024","PRELIMS","Morning","Set A","comp-upsc-cse","subj-economics","Main Section","single_mcq",2,0.5,"hi,en","Bilingual","OFFICIAL_PYQ","CLEAN","VERIFIED",1,1
"q-upsc-cse-2024-gs1-q024","paper-upsc-cse-2024-gs1","src-upsc-cse-portal",24,"2024","PRELIMS","Morning","Set A","comp-upsc-cse","subj-geography","Main Section","single_mcq",2,0.5,"hi,en","Bilingual","OFFICIAL_PYQ","CLEAN","VERIFIED",1,1
"q-upsc-cse-2024-gs1-q025","paper-upsc-cse-2024-gs1","src-upsc-cse-portal",25,"2024","PRELIMS","Morning","Set A","comp-upsc-cse","subj-history","Main Section","single_mcq",2,0.5,"hi,en","Bilingual","OFFICIAL_PYQ","CLEAN","VERIFIED",1,1
"q-upsc-cse-2024-gs1-q026","paper-upsc-cse-2024-gs1","src-upsc-cse-portal",26,"2024","PRELIMS","Morning","Set A","comp-upsc-cse","subj-science","Main Section","single_mcq",2,0.5,"hi,en","Bilingual","OFFICIAL_PYQ","CLEAN","VERIFIED",1,1
"q-upsc-cse-2024-gs1-q027","paper-upsc-cse-2024-gs1","src-upsc-cse-portal",27,"2024","PRELIMS","Morning","Set A","comp-upsc-cse","subj-science","Main Section","single_mcq",2,0.5,"hi,en","Bilingual","OFFICIAL_PYQ","CLEAN","VERIFIED",1,1
"q-upsc-cse-2024-gs1-q028","paper-upsc-cse-2024-gs1","src-upsc-cse-portal",28,"2024","PRELIMS","Morning","Set A","comp-upsc-cse","subj-gk","Main Section","single_mcq",2,0.5,"hi,en","Bilingual","OFFICIAL_PYQ","CLEAN","VERIFIED",1,1
"q-upsc-cse-2024-gs1-q029","paper-upsc-cse-2024-gs1","src-upsc-cse-portal",29,"2024","PRELIMS","Morning","Set A","comp-upsc-cse","subj-polity","Main Section","single_mcq",2,0.5,"hi,en","Bilingual","OFFICIAL_PYQ","CLEAN","VERIFIED",1,1
"q-upsc-cse-2024-gs1-q030","paper-upsc-cse-2024-gs1","src-upsc-cse-portal",30,"2024","PRELIMS","Morning","Set A","comp-upsc-cse","subj-economics","Main Section","single_mcq",2,0.5,"hi,en","Bilingual","OFFICIAL_PYQ","CLEAN","VERIFIED",1,1
"q-upsc-cse-2024-gs1-q031","paper-upsc-cse-2024-gs1","src-upsc-cse-portal",31,"2024","PRELIMS","Morning","Set A","comp-upsc-cse","subj-geography","Main Section","single_mcq",2,0.5,"hi,en","Bilingual","OFFICIAL_PYQ","CLEAN","VERIFIED",1,1
"q-upsc-cse-2024-gs1-q032","paper-upsc-cse-2024-gs1","src-upsc-cse-portal",32,"2024","PRELIMS","Morning","Set A","comp-upsc-cse","subj-history","Main Section","single_mcq",2,0.5,"hi,en","Bilingual","OFFICIAL_PYQ","CLEAN","VERIFIED",1,1
"q-upsc-cse-2024-gs1-q033","paper-upsc-cse-2024-gs1","src-upsc-cse-portal",33,"2024","PRELIMS","Morning","Set A","comp-upsc-cse","subj-science","Main Section","single_mcq",2,0.5,"hi,en","Bilingual","OFFICIAL_PYQ","CLEAN","VERIFIED",1,1
"q-upsc-cse-2024-gs1-q034","paper-upsc-cse-2024-gs1","src-upsc-cse-portal",34,"2024","PRELIMS","Morning","Set A","comp-upsc-cse","subj-science","Main Section","single_mcq",2,0.5,"hi,en","Bilingual","OFFICIAL_PYQ","CLEAN","VERIFIED",1,1
"q-upsc-cse-2024-gs1-q035","paper-upsc-cse-2024-gs1","src-upsc-cse-portal",35,"2024","PRELIMS","Morning","Set A","comp-upsc-cse","subj-gk","Main Section","single_mcq",2,0.5,"hi,en","Bilingual","OFFICIAL_PYQ","CLEAN","VERIFIED",1,1
"q-upsc-cse-2024-gs1-q036","paper-upsc-cse-2024-gs1","src-upsc-cse-portal",36,"2024","PRELIMS","Morning","Set A","comp-upsc-cse","subj-polity","Main Section","single_mcq",2,0.5,"hi,en","Bilingual","OFFICIAL_PYQ","CLEAN","VERIFIED",1,1
"q-upsc-cse-2024-gs1-q037","paper-upsc-cse-2024-gs1","src-upsc-cse-portal",37,"2024","PRELIMS","Morning","Set A","comp-upsc-cse","subj-economics","Main Section","single_mcq",2,0.5,"hi,en","Bilingual","OFFICIAL_PYQ","CLEAN","VERIFIED",1,1
"q-upsc-cse-2024-gs1-q038","paper-upsc-cse-2024-gs1","src-upsc-cse-portal",38,"2024","PRELIMS","Morning","Set A","comp-upsc-cse","subj-geography","Main Section","single_mcq",2,0.5,"hi,en","Bilingual","OFFICIAL_PYQ","CLEAN","VERIFIED",1,1
"q-upsc-cse-2024-gs1-q039","paper-upsc-cse-2024-gs1","src-upsc-cse-portal",39,"2024","PRELIMS","Morning","Set A","comp-upsc-cse","subj-history","Main Section","single_mcq",2,0.5,"hi,en","Bilingual","OFFICIAL_PYQ","CLEAN","VERIFIED",1,1
"q-upsc-cse-2024-gs1-q040","paper-upsc-cse-2024-gs1","src-upsc-cse-portal",40,"2024","PRELIMS","Morning","Set A","comp-upsc-cse","subj-science","Main Section","single_mcq",2,0.5,"hi,en","Bilingual","OFFICIAL_PYQ","CLEAN","VERIFIED",1,1
"q-upsc-cse-2024-gs1-q041","paper-upsc-cse-2024-gs1","src-upsc-cse-portal",41,"2024","PRELIMS","Morning","Set A","comp-upsc-cse","subj-science","Main Section","single_mcq",2,0.5,"hi,en","Bilingual","OFFICIAL_PYQ","CLEAN","VERIFIED",1,1
"q-upsc-cse-2024-gs1-q042","paper-upsc-cse-2024-gs1","src-upsc-cse-portal",42,"2024","PRELIMS","Morning","Set A","comp-upsc-cse","subj-gk","Main Section","single_mcq",2,0.5,"hi,en","Bilingual","OFFICIAL_PYQ","CLEAN","VERIFIED",1,1
"q-upsc-cse-2024-gs1-q043","paper-upsc-cse-2024-gs1","src-upsc-cse-portal",43,"2024","PRELIMS","Morning","Set A","comp-upsc-cse","subj-polity","Main Section","single_mcq",2,0.5,"hi,en","Bilingual","OFFICIAL_PYQ","CLEAN","VERIFIED",1,1
"q-upsc-cse-2024-gs1-q044","paper-upsc-cse-2024-gs1","src-upsc-cse-portal",44,"2024","PRELIMS","Morning","Set A","comp-upsc-cse","subj-economics","Main Section","single_mcq",2,0.5,"hi,en","Bilingual","OFFICIAL_PYQ","CLEAN","VERIFIED",1,1
"q-upsc-cse-2024-gs1-q045","paper-upsc-cse-2024-gs1","src-upsc-cse-portal",45,"2024","PRELIMS","Morning","Set A","comp-upsc-cse","subj-geography","Main Section","single_mcq",2,0.5,"hi,en","Bilingual","OFFICIAL_PYQ","CLEAN","VERIFIED",1,1
"q-upsc-cse-2024-gs1-q046","paper-upsc-cse-2024-gs1","src-upsc-cse-portal",46,"2024","PRELIMS","Morning","Set A","comp-upsc-cse","subj-history","Main Section","single_mcq",2,0.5,"hi,en","Bilingual","OFFICIAL_PYQ","CLEAN","VERIFIED",1,1
"q-upsc-cse-2024-gs1-q047","paper-upsc-cse-2024-gs1","src-upsc-cse-portal",47,"2024","PRELIMS","Morning","Set A","comp-upsc-cse","subj-science","Main Section","single_mcq",2,0.5,"hi,en","Bilingual","OFFICIAL_PYQ","CLEAN","VERIFIED",1,1
"q-upsc-cse-2024-gs1-q048","paper-upsc-cse-2024-gs1","src-upsc-cse-portal",48,"2024","PRELIMS","Morning","Set A","comp-upsc-cse","subj-science","Main Section","single_mcq",2,0.5,"hi,en","Bilingual","OFFICIAL_PYQ","CLEAN","VERIFIED",1,1
"q-upsc-cse-2024-gs1-q049","paper-upsc-cse-2024-gs1","src-upsc-cse-portal",49,"2024","PRELIMS","Morning","Set A","comp-upsc-cse","subj-gk","Main Section","single_mcq",2,0.5,"hi,en","Bilingual","OFFICIAL_PYQ","CLEAN","VERIFIED",1,1
"q-upsc-cse-2024-gs1-q050","paper-upsc-cse-2024-gs1","src-upsc-cse-portal",50,"2024","PRELIMS","Morning","Set A","comp-upsc-cse","subj-polity","Main Section","single_mcq",2,0.5,"hi,en","Bilingual","OFFICIAL_PYQ","CLEAN","VERIFIED",1,1
"q-upsc-cse-2024-gs1-q051","paper-upsc-cse-2024-gs1","src-upsc-cse-portal",51,"2024","PRELIMS","Morning","Set A","comp-upsc-cse","subj-economics","Main Section","single_mcq",2,0.5,"hi,en","Bilingual","OFFICIAL_PYQ","CLEAN","VERIFIED",1,1
"q-upsc-cse-2024-gs1-q052","paper-upsc-cse-2024-gs1","src-upsc-cse-portal",52,"2024","PRELIMS","Morning","Set A","comp-upsc-cse","subj-geography","Main Section","single_mcq",2,0.5,"hi,en","Bilingual","OFFICIAL_PYQ","CLEAN","VERIFIED",1,1
"q-upsc-cse-2024-gs1-q053","paper-upsc-cse-2024-gs1","src-upsc-cse-portal",53,"2024","PRELIMS","Morning","Set A","comp-upsc-cse","subj-history","Main Section","single_mcq",2,0.5,"hi,en","Bilingual","OFFICIAL_PYQ","CLEAN","VERIFIED",1,1
"q-upsc-cse-2024-gs1-q054","paper-upsc-cse-2024-gs1","src-upsc-cse-portal",54,"2024","PRELIMS","Morning","Set A","comp-upsc-cse","subj-science","Main Section","single_mcq",2,0.5,"hi,en","Bilingual","OFFICIAL_PYQ","CLEAN","VERIFIED",1,1
"q-upsc-cse-2024-gs1-q055","paper-upsc-cse-2024-gs1","src-upsc-cse-portal",55,"2024","PRELIMS","Morning","Set A","comp-upsc-cse","subj-science","Main Section","single_mcq",2,0.5,"hi,en","Bilingual","OFFICIAL_PYQ","CLEAN","VERIFIED",1,1
"q-upsc-cse-2024-gs1-q056","paper-upsc-cse-2024-gs1","src-upsc-cse-portal",56,"2024","PRELIMS","Morning","Set A","comp-upsc-cse","subj-gk","Main Section","single_mcq",2,0.5,"hi,en","Bilingual","OFFICIAL_PYQ","CLEAN","VERIFIED",1,1
"q-upsc-cse-2024-gs1-q057","paper-upsc-cse-2024-gs1","src-upsc-cse-portal",57,"2024","PRELIMS","Morning","Set A","comp-upsc-cse","subj-polity","Main Section","single_mcq",2,0.5,"hi,en","Bilingual","OFFICIAL_PYQ","CLEAN","VERIFIED",1,1
"q-upsc-cse-2024-gs1-q058","paper-upsc-cse-2024-gs1","src-upsc-cse-portal",58,"2024","PRELIMS","Morning","Set A","comp-upsc-cse","subj-economics","Main Section","single_mcq",2,0.5,"hi,en","Bilingual","OFFICIAL_PYQ","CLEAN","VERIFIED",1,1
"q-upsc-cse-2024-gs1-q059","paper-upsc-cse-2024-gs1","src-upsc-cse-portal",59,"2024","PRELIMS","Morning","Set A","comp-upsc-cse","subj-geography","Main Section","single_mcq",2,0.5,"hi,en","Bilingual","OFFICIAL_PYQ","CLEAN","VERIFIED",1,1
"q-upsc-cse-2024-gs1-q060","paper-upsc-cse-2024-gs1","src-upsc-cse-portal",60,"2024","PRELIMS","Morning","Set A","comp-upsc-cse","subj-history","Main Section","single_mcq",2,0.5,"hi,en","Bilingual","OFFICIAL_PYQ","CLEAN","VERIFIED",1,1
"q-upsc-cse-2024-gs1-q061","paper-upsc-cse-2024-gs1","src-upsc-cse-portal",61,"2024","PRELIMS","Morning","Set A","comp-upsc-cse","subj-science","Main Section","single_mcq",2,0.5,"hi,en","Bilingual","OFFICIAL_PYQ","CLEAN","VERIFIED",1,1
"q-upsc-cse-2024-gs1-q062","paper-upsc-cse-2024-gs1","src-upsc-cse-portal",62,"2024","PRELIMS","Morning","Set A","comp-upsc-cse","subj-science","Main Section","single_mcq",2,0.5,"hi,en","Bilingual","OFFICIAL_PYQ","CLEAN","VERIFIED",1,1
"q-upsc-cse-2024-gs1-q063","paper-upsc-cse-2024-gs1","src-upsc-cse-portal",63,"2024","PRELIMS","Morning","Set A","comp-upsc-cse","subj-gk","Main Section","single_mcq",2,0.5,"hi,en","Bilingual","OFFICIAL_PYQ","CLEAN","VERIFIED",1,1
"q-upsc-cse-2024-gs1-q064","paper-upsc-cse-2024-gs1","src-upsc-cse-portal",64,"2024","PRELIMS","Morning","Set A","comp-upsc-cse","subj-polity","Main Section","single_mcq",2,0.5,"hi,en","Bilingual","OFFICIAL_PYQ","CLEAN","VERIFIED",1,1
"q-upsc-cse-2024-gs1-q065","paper-upsc-cse-2024-gs1","src-upsc-cse-portal",65,"2024","PRELIMS","Morning","Set A","comp-upsc-cse","subj-economics","Main Section","single_mcq",2,0.5,"hi,en","Bilingual","OFFICIAL_PYQ","CLEAN","VERIFIED",1,1
"q-upsc-cse-2024-gs1-q066","paper-upsc-cse-2024-gs1","src-upsc-cse-portal",66,"2024","PRELIMS","Morning","Set A","comp-upsc-cse","subj-geography","Main Section","single_mcq",2,0.5,"hi,en","Bilingual","OFFICIAL_PYQ","CLEAN","VERIFIED",1,1
"q-upsc-cse-2024-gs1-q067","paper-upsc-cse-2024-gs1","src-upsc-cse-portal",67,"2024","PRELIMS","Morning","Set A","comp-upsc-cse","subj-history","Main Section","single_mcq",2,0.5,"hi,en","Bilingual","OFFICIAL_PYQ","CLEAN","VERIFIED",1,1
"q-upsc-cse-2024-gs1-q068","paper-upsc-cse-2024-gs1","src-upsc-cse-portal",68,"2024","PRELIMS","Morning","Set A","comp-upsc-cse","subj-science","Main Section","single_mcq",2,0.5,"hi,en","Bilingual","OFFICIAL_PYQ","CLEAN","VERIFIED",1,1
"q-upsc-cse-2024-gs1-q069","paper-upsc-cse-2024-gs1","src-upsc-cse-portal",69,"2024","PRELIMS","Morning","Set A","comp-upsc-cse","subj-science","Main Section","single_mcq",2,0.5,"hi,en","Bilingual","OFFICIAL_PYQ","CLEAN","VERIFIED",1,1
"q-upsc-cse-2024-gs1-q070","paper-upsc-cse-2024-gs1","src-upsc-cse-portal",70,"2024","PRELIMS","Morning","Set A","comp-upsc-cse","subj-gk","Main Section","single_mcq",2,0.5,"hi,en","Bilingual","OFFICIAL_PYQ","CLEAN","VERIFIED",1,1
"q-upsc-cse-2024-gs1-q071","paper-upsc-cse-2024-gs1","src-upsc-cse-portal",71,"2024","PRELIMS","Morning","Set A","comp-upsc-cse","subj-polity","Main Section","single_mcq",2,0.5,"hi,en","Bilingual","OFFICIAL_PYQ","CLEAN","VERIFIED",1,1
"q-upsc-cse-2024-gs1-q072","paper-upsc-cse-2024-gs1","src-upsc-cse-portal",72,"2024","PRELIMS","Morning","Set A","comp-upsc-cse","subj-economics","Main Section","single_mcq",2,0.5,"hi,en","Bilingual","OFFICIAL_PYQ","CLEAN","VERIFIED",1,1
"q-upsc-cse-2024-gs1-q073","paper-upsc-cse-2024-gs1","src-upsc-cse-portal",73,"2024","PRELIMS","Morning","Set A","comp-upsc-cse","subj-geography","Main Section","single_mcq",2,0.5,"hi,en","Bilingual","OFFICIAL_PYQ","CLEAN","VERIFIED",1,1
"q-upsc-cse-2024-gs1-q074","paper-upsc-cse-2024-gs1","src-upsc-cse-portal",74,"2024","PRELIMS","Morning","Set A","comp-upsc-cse","subj-history","Main Section","single_mcq",2,0.5,"hi,en","Bilingual","OFFICIAL_PYQ","CLEAN","VERIFIED",1,1
"q-upsc-cse-2024-gs1-q075","paper-upsc-cse-2024-gs1","src-upsc-cse-portal",75,"2024","PRELIMS","Morning","Set A","comp-upsc-cse","subj-science","Main Section","single_mcq",2,0.5,"hi,en","Bilingual","OFFICIAL_PYQ","CLEAN","VERIFIED",1,1
"q-upsc-cse-2024-gs1-q076","paper-upsc-cse-2024-gs1","src-upsc-cse-portal",76,"2024","PRELIMS","Morning","Set A","comp-upsc-cse","subj-science","Main Section","single_mcq",2,0.5,"hi,en","Bilingual","OFFICIAL_PYQ","CLEAN","VERIFIED",1,1
"q-upsc-cse-2024-gs1-q077","paper-upsc-cse-2024-gs1","src-upsc-cse-portal",77,"2024","PRELIMS","Morning","Set A","comp-upsc-cse","subj-gk","Main Section","single_mcq",2,0.5,"hi,en","Bilingual","OFFICIAL_PYQ","CLEAN","VERIFIED",1,1
"q-upsc-cse-2024-gs1-q078","paper-upsc-cse-2024-gs1","src-upsc-cse-portal",78,"2024","PRELIMS","Morning","Set A","comp-upsc-cse","subj-polity","Main Section","single_mcq",2,0.5,"hi,en","Bilingual","OFFICIAL_PYQ","CLEAN","VERIFIED",1,1
"q-upsc-cse-2024-gs1-q079","paper-upsc-cse-2024-gs1","src-upsc-cse-portal",79,"2024","PRELIMS","Morning","Set A","comp-upsc-cse","subj-economics","Main Section","single_mcq",2,0.5,"hi,en","Bilingual","OFFICIAL_PYQ","CLEAN","VERIFIED",1,1
"q-upsc-cse-2024-gs1-q080","paper-upsc-cse-2024-gs1","src-upsc-cse-portal",80,"2024","PRELIMS","Morning","Set A","comp-upsc-cse","subj-geography","Main Section","single_mcq",2,0.5,"hi,en","Bilingual","OFFICIAL_PYQ","CLEAN","VERIFIED",1,1
"q-upsc-cse-2024-gs1-q081","paper-upsc-cse-2024-gs1","src-upsc-cse-portal",81,"2024","PRELIMS","Morning","Set A","comp-upsc-cse","subj-history","Main Section","single_mcq",2,0.5,"hi,en","Bilingual","OFFICIAL_PYQ","CLEAN","VERIFIED",1,1
"q-upsc-cse-2024-gs1-q082","paper-upsc-cse-2024-gs1","src-upsc-cse-portal",82,"2024","PRELIMS","Morning","Set A","comp-upsc-cse","subj-science","Main Section","single_mcq",2,0.5,"hi,en","Bilingual","OFFICIAL_PYQ","CLEAN","VERIFIED",1,1
"q-upsc-cse-2024-gs1-q083","paper-upsc-cse-2024-gs1","src-upsc-cse-portal",83,"2024","PRELIMS","Morning","Set A","comp-upsc-cse","subj-science","Main Section","single_mcq",2,0.5,"hi,en","Bilingual","OFFICIAL_PYQ","CLEAN","VERIFIED",1,1
"q-upsc-cse-2024-gs1-q084","paper-upsc-cse-2024-gs1","src-upsc-cse-portal",84,"2024","PRELIMS","Morning","Set A","comp-upsc-cse","subj-gk","Main Section","single_mcq",2,0.5,"hi,en","Bilingual","OFFICIAL_PYQ","CLEAN","VERIFIED",1,1
"q-upsc-cse-2024-gs1-q085","paper-upsc-cse-2024-gs1","src-upsc-cse-portal",85,"2024","PRELIMS","Morning","Set A","comp-upsc-cse","subj-polity","Main Section","single_mcq",2,0.5,"hi,en","Bilingual","OFFICIAL_PYQ","CLEAN","VERIFIED",1,1
"q-upsc-cse-2024-gs1-q086","paper-upsc-cse-2024-gs1","src-upsc-cse-portal",86,"2024","PRELIMS","Morning","Set A","comp-upsc-cse","subj-economics","Main Section","single_mcq",2,0.5,"hi,en","Bilingual","OFFICIAL_PYQ","CLEAN","VERIFIED",1,1
"q-upsc-cse-2024-gs1-q087","paper-upsc-cse-2024-gs1","src-upsc-cse-portal",87,"2024","PRELIMS","Morning","Set A","comp-upsc-cse","subj-geography","Main Section","single_mcq",2,0.5,"hi,en","Bilingual","OFFICIAL_PYQ","CLEAN","VERIFIED",1,1
"q-upsc-cse-2024-gs1-q088","paper-upsc-cse-2024-gs1","src-upsc-cse-portal",88,"2024","PRELIMS","Morning","Set A","comp-upsc-cse","subj-history","Main Section","single_mcq",2,0.5,"hi,en","Bilingual","OFFICIAL_PYQ","CLEAN","VERIFIED",1,1
"q-upsc-cse-2024-gs1-q089","paper-upsc-cse-2024-gs1","src-upsc-cse-portal",89,"2024","PRELIMS","Morning","Set A","comp-upsc-cse","subj-science","Main Section","single_mcq",2,0.5,"hi,en","Bilingual","OFFICIAL_PYQ","CLEAN","VERIFIED",1,1
"q-upsc-cse-2024-gs1-q090","paper-upsc-cse-2024-gs1","src-upsc-cse-portal",90,"2024","PRELIMS","Morning","Set A","comp-upsc-cse","subj-science","Main Section","single_mcq",2,0.5,"hi,en","Bilingual","OFFICIAL_PYQ","CLEAN","VERIFIED",1,1
"q-upsc-cse-2024-gs1-q091","paper-upsc-cse-2024-gs1","src-upsc-cse-portal",91,"2024","PRELIMS","Morning","Set A","comp-upsc-cse","subj-gk","Main Section","single_mcq",2,0.5,"hi,en","Bilingual","OFFICIAL_PYQ","CLEAN","VERIFIED",1,1
"q-upsc-cse-2024-gs1-q092","paper-upsc-cse-2024-gs1","src-upsc-cse-portal",92,"2024","PRELIMS","Morning","Set A","comp-upsc-cse","subj-polity","Main Section","single_mcq",2,0.5,"hi,en","Bilingual","OFFICIAL_PYQ","CLEAN","VERIFIED",1,1
"q-upsc-cse-2024-gs1-q093","paper-upsc-cse-2024-gs1","src-upsc-cse-portal",93,"2024","PRELIMS","Morning","Set A","comp-upsc-cse","subj-economics","Main Section","single_mcq",2,0.5,"hi,en","Bilingual","OFFICIAL_PYQ","CLEAN","VERIFIED",1,1
"q-upsc-cse-2024-gs1-q094","paper-upsc-cse-2024-gs1","src-upsc-cse-portal",94,"2024","PRELIMS","Morning","Set A","comp-upsc-cse","subj-geography","Main Section","single_mcq",2,0.5,"hi,en","Bilingual","OFFICIAL_PYQ","CLEAN","VERIFIED",1,1
"q-upsc-cse-2024-gs1-q095","paper-upsc-cse-2024-gs1","src-upsc-cse-portal",95,"2024","PRELIMS","Morning","Set A","comp-upsc-cse","subj-history","Main Section","single_mcq",2,0.5,"hi,en","Bilingual","OFFICIAL_PYQ","CLEAN","VERIFIED",1,1
"q-upsc-cse-2024-gs1-q096","paper-upsc-cse-2024-gs1","src-upsc-cse-portal",96,"2024","PRELIMS","Morning","Set A","comp-upsc-cse","subj-science","Main Section","single_mcq",2,0.5,"hi,en","Bilingual","OFFICIAL_PYQ","CLEAN","VERIFIED",1,1
"q-upsc-cse-2024-gs1-q097","paper-upsc-cse-2024-gs1","src-upsc-cse-portal",97,"2024","PRELIMS","Morning","Set A","comp-upsc-cse","subj-science","Main Section","single_mcq",2,0.5,"hi,en","Bilingual","OFFICIAL_PYQ","CLEAN","VERIFIED",1,1
"q-upsc-cse-2024-gs1-q098","paper-upsc-cse-2024-gs1","src-upsc-cse-portal",98,"2024","PRELIMS","Morning","Set A","comp-upsc-cse","subj-gk","Main Section","single_mcq",2,0.5,"hi,en","Bilingual","OFFICIAL_PYQ","CLEAN","VERIFIED",1,1
"q-upsc-cse-2024-gs1-q099","paper-upsc-cse-2024-gs1","src-upsc-cse-portal",99,"2024","PRELIMS","Morning","Set A","comp-upsc-cse","subj-polity","Main Section","single_mcq",2,0.5,"hi,en","Bilingual","OFFICIAL_PYQ","CLEAN","VERIFIED",1,1
"q-upsc-cse-2024-gs1-q100","paper-upsc-cse-2024-gs1","src-upsc-cse-portal",100,"2024","PRELIMS","Morning","Set A","comp-upsc-cse","subj-economics","Main Section","single_mcq",2,0.5,"hi,en","Bilingual","OFFICIAL_PYQ","CLEAN","VERIFIED",1,1
"q-ctet-2024-p1-cdp-q001","paper-ctet-2024-p1-cdp","src-ctet-exam-portal",1,"2024","PAPER_1","Shift 1","Set I","comp-practice","subj-social","Main Section","single_mcq",1,0.25,"hi,en","Bilingual","OFFICIAL_PYQ","CLEAN","VERIFIED",0,1
"q-ctet-2024-p1-cdp-q002","paper-ctet-2024-p1-cdp","src-ctet-exam-portal",2,"2024","PAPER_1","Shift 1","Set I","comp-practice","subj-social","Main Section","single_mcq",1,0.25,"hi,en","Bilingual","OFFICIAL_PYQ","CLEAN","VERIFIED",0,1
"q-ctet-2024-p1-cdp-q003","paper-ctet-2024-p1-cdp","src-ctet-exam-portal",3,"2024","PAPER_1","Shift 1","Set I","comp-practice","subj-social","Main Section","single_mcq",1,0.25,"hi,en","Bilingual","OFFICIAL_PYQ","CLEAN","VERIFIED",0,1
"q-ctet-2024-p1-cdp-q004","paper-ctet-2024-p1-cdp","src-ctet-exam-portal",4,"2024","PAPER_1","Shift 1","Set I","comp-practice","subj-social","Main Section","single_mcq",1,0.25,"hi,en","Bilingual","OFFICIAL_PYQ","CLEAN","VERIFIED",0,1
"q-ctet-2024-p1-cdp-q005","paper-ctet-2024-p1-cdp","src-ctet-exam-portal",5,"2024","PAPER_1","Shift 1","Set I","comp-practice","subj-social","Main Section","single_mcq",1,0.25,"hi,en","Bilingual","OFFICIAL_PYQ","CLEAN","VERIFIED",0,1
"q-ctet-2024-p1-cdp-q006","paper-ctet-2024-p1-cdp","src-ctet-exam-portal",6,"2024","PAPER_1","Shift 1","Set I","comp-practice","subj-social","Main Section","single_mcq",1,0.25,"hi,en","Bilingual","OFFICIAL_PYQ","CLEAN","VERIFIED",0,1
"q-ctet-2024-p1-cdp-q007","paper-ctet-2024-p1-cdp","src-ctet-exam-portal",7,"2024","PAPER_1","Shift 1","Set I","comp-practice","subj-social","Main Section","single_mcq",1,0.25,"hi,en","Bilingual","OFFICIAL_PYQ","CLEAN","VERIFIED",0,1
"q-ctet-2024-p1-cdp-q008","paper-ctet-2024-p1-cdp","src-ctet-exam-portal",8,"2024","PAPER_1","Shift 1","Set I","comp-practice","subj-social","Main Section","single_mcq",1,0.25,"hi,en","Bilingual","OFFICIAL_PYQ","CLEAN","VERIFIED",0,1
"q-ctet-2024-p1-cdp-q009","paper-ctet-2024-p1-cdp","src-ctet-exam-portal",9,"2024","PAPER_1","Shift 1","Set I","comp-practice","subj-social","Main Section","single_mcq",1,0.25,"hi,en","Bilingual","OFFICIAL_PYQ","CLEAN","VERIFIED",0,1
"q-ctet-2024-p1-cdp-q010","paper-ctet-2024-p1-cdp","src-ctet-exam-portal",10,"2024","PAPER_1","Shift 1","Set I","comp-practice","subj-social","Main Section","single_mcq",1,0.25,"hi,en","Bilingual","OFFICIAL_PYQ","CLEAN","VERIFIED",0,1
"q-ctet-2024-p1-cdp-q011","paper-ctet-2024-p1-cdp","src-ctet-exam-portal",11,"2024","PAPER_1","Shift 1","Set I","comp-practice","subj-social","Main Section","single_mcq",1,0.25,"hi,en","Bilingual","OFFICIAL_PYQ","CLEAN","VERIFIED",0,1
"q-ctet-2024-p1-cdp-q012","paper-ctet-2024-p1-cdp","src-ctet-exam-portal",12,"2024","PAPER_1","Shift 1","Set I","comp-practice","subj-social","Main Section","single_mcq",1,0.25,"hi,en","Bilingual","OFFICIAL_PYQ","CLEAN","VERIFIED",0,1
"q-ctet-2024-p1-cdp-q013","paper-ctet-2024-p1-cdp","src-ctet-exam-portal",13,"2024","PAPER_1","Shift 1","Set I","comp-practice","subj-social","Main Section","single_mcq",1,0.25,"hi,en","Bilingual","OFFICIAL_PYQ","CLEAN","VERIFIED",0,1
"q-ctet-2024-p1-cdp-q014","paper-ctet-2024-p1-cdp","src-ctet-exam-portal",14,"2024","PAPER_1","Shift 1","Set I","comp-practice","subj-social","Main Section","single_mcq",1,0.25,"hi,en","Bilingual","OFFICIAL_PYQ","CLEAN","VERIFIED",0,1
"q-ctet-2024-p1-cdp-q015","paper-ctet-2024-p1-cdp","src-ctet-exam-portal",15,"2024","PAPER_1","Shift 1","Set I","comp-practice","subj-social","Main Section","single_mcq",1,0.25,"hi,en","Bilingual","OFFICIAL_PYQ","CLEAN","VERIFIED",0,1
"q-ctet-2024-p1-cdp-q016","paper-ctet-2024-p1-cdp","src-ctet-exam-portal",16,"2024","PAPER_1","Shift 1","Set I","comp-practice","subj-social","Main Section","single_mcq",1,0.25,"hi,en","Bilingual","OFFICIAL_PYQ","CLEAN","VERIFIED",0,1
"q-ctet-2024-p1-cdp-q017","paper-ctet-2024-p1-cdp","src-ctet-exam-portal",17,"2024","PAPER_1","Shift 1","Set I","comp-practice","subj-social","Main Section","single_mcq",1,0.25,"hi,en","Bilingual","OFFICIAL_PYQ","CLEAN","VERIFIED",0,1
"q-ctet-2024-p1-cdp-q018","paper-ctet-2024-p1-cdp","src-ctet-exam-portal",18,"2024","PAPER_1","Shift 1","Set I","comp-practice","subj-social","Main Section","single_mcq",1,0.25,"hi,en","Bilingual","OFFICIAL_PYQ","CLEAN","VERIFIED",0,1
"q-ctet-2024-p1-cdp-q019","paper-ctet-2024-p1-cdp","src-ctet-exam-portal",19,"2024","PAPER_1","Shift 1","Set I","comp-practice","subj-social","Main Section","single_mcq",1,0.25,"hi,en","Bilingual","OFFICIAL_PYQ","CLEAN","VERIFIED",0,1
"q-ctet-2024-p1-cdp-q020","paper-ctet-2024-p1-cdp","src-ctet-exam-portal",20,"2024","PAPER_1","Shift 1","Set I","comp-practice","subj-social","Main Section","single_mcq",1,0.25,"hi,en","Bilingual","OFFICIAL_PYQ","CLEAN","VERIFIED",0,1
"q-ctet-2024-p1-cdp-q021","paper-ctet-2024-p1-cdp","src-ctet-exam-portal",21,"2024","PAPER_1","Shift 1","Set I","comp-practice","subj-social","Main Section","single_mcq",1,0.25,"hi,en","Bilingual","OFFICIAL_PYQ","CLEAN","VERIFIED",0,1
"q-ctet-2024-p1-cdp-q022","paper-ctet-2024-p1-cdp","src-ctet-exam-portal",22,"2024","PAPER_1","Shift 1","Set I","comp-practice","subj-social","Main Section","single_mcq",1,0.25,"hi,en","Bilingual","OFFICIAL_PYQ","CLEAN","VERIFIED",0,1
"q-ctet-2024-p1-cdp-q023","paper-ctet-2024-p1-cdp","src-ctet-exam-portal",23,"2024","PAPER_1","Shift 1","Set I","comp-practice","subj-social","Main Section","single_mcq",1,0.25,"hi,en","Bilingual","OFFICIAL_PYQ","CLEAN","VERIFIED",0,1
"q-ctet-2024-p1-cdp-q024","paper-ctet-2024-p1-cdp","src-ctet-exam-portal",24,"2024","PAPER_1","Shift 1","Set I","comp-practice","subj-social","Main Section","single_mcq",1,0.25,"hi,en","Bilingual","OFFICIAL_PYQ","CLEAN","VERIFIED",0,1
"q-ctet-2024-p1-cdp-q025","paper-ctet-2024-p1-cdp","src-ctet-exam-portal",25,"2024","PAPER_1","Shift 1","Set I","comp-practice","subj-social","Main Section","single_mcq",1,0.25,"hi,en","Bilingual","OFFICIAL_PYQ","CLEAN","VERIFIED",0,1
"q-ctet-2024-p1-cdp-q026","paper-ctet-2024-p1-cdp","src-ctet-exam-portal",26,"2024","PAPER_1","Shift 1","Set I","comp-practice","subj-social","Main Section","single_mcq",1,0.25,"hi,en","Bilingual","OFFICIAL_PYQ","CLEAN","VERIFIED",0,1
"q-ctet-2024-p1-cdp-q027","paper-ctet-2024-p1-cdp","src-ctet-exam-portal",27,"2024","PAPER_1","Shift 1","Set I","comp-practice","subj-social","Main Section","single_mcq",1,0.25,"hi,en","Bilingual","OFFICIAL_PYQ","CLEAN","VERIFIED",0,1
"q-ctet-2024-p1-cdp-q028","paper-ctet-2024-p1-cdp","src-ctet-exam-portal",28,"2024","PAPER_1","Shift 1","Set I","comp-practice","subj-social","Main Section","single_mcq",1,0.25,"hi,en","Bilingual","OFFICIAL_PYQ","CLEAN","VERIFIED",0,1
"q-ctet-2024-p1-cdp-q029","paper-ctet-2024-p1-cdp","src-ctet-exam-portal",29,"2024","PAPER_1","Shift 1","Set I","comp-practice","subj-social","Main Section","single_mcq",1,0.25,"hi,en","Bilingual","OFFICIAL_PYQ","CLEAN","VERIFIED",0,1
"q-ctet-2024-p1-cdp-q030","paper-ctet-2024-p1-cdp","src-ctet-exam-portal",30,"2024","PAPER_1","Shift 1","Set I","comp-practice","subj-social","Main Section","single_mcq",1,0.25,"hi,en","Bilingual","OFFICIAL_PYQ","CLEAN","VERIFIED",0,1
"q-rrb-ntpc-2024-cbt1-ga-q001","paper-rrb-ntpc-2024-cbt1-ga","src-rrb-ntpc-portal",1,"2024","CBT_1","Shift 1","Set A","comp-practice","subj-gk","Main Section","single_mcq",1,0.25,"hi,en","Bilingual","OFFICIAL_PYQ","CLEAN","VERIFIED",0,1
"q-rrb-ntpc-2024-cbt1-ga-q002","paper-rrb-ntpc-2024-cbt1-ga","src-rrb-ntpc-portal",2,"2024","CBT_1","Shift 1","Set A","comp-practice","subj-gk","Main Section","single_mcq",1,0.25,"hi,en","Bilingual","OFFICIAL_PYQ","CLEAN","VERIFIED",0,1
"q-rrb-ntpc-2024-cbt1-ga-q003","paper-rrb-ntpc-2024-cbt1-ga","src-rrb-ntpc-portal",3,"2024","CBT_1","Shift 1","Set A","comp-practice","subj-gk","Main Section","single_mcq",1,0.25,"hi,en","Bilingual","OFFICIAL_PYQ","CLEAN","VERIFIED",0,1
"q-rrb-ntpc-2024-cbt1-ga-q004","paper-rrb-ntpc-2024-cbt1-ga","src-rrb-ntpc-portal",4,"2024","CBT_1","Shift 1","Set A","comp-practice","subj-gk","Main Section","single_mcq",1,0.25,"hi,en","Bilingual","OFFICIAL_PYQ","CLEAN","VERIFIED",0,1
"q-rrb-ntpc-2024-cbt1-ga-q005","paper-rrb-ntpc-2024-cbt1-ga","src-rrb-ntpc-portal",5,"2024","CBT_1","Shift 1","Set A","comp-practice","subj-gk","Main Section","single_mcq",1,0.25,"hi,en","Bilingual","OFFICIAL_PYQ","CLEAN","VERIFIED",0,1
"q-rrb-ntpc-2024-cbt1-ga-q006","paper-rrb-ntpc-2024-cbt1-ga","src-rrb-ntpc-portal",6,"2024","CBT_1","Shift 1","Set A","comp-practice","subj-gk","Main Section","single_mcq",1,0.25,"hi,en","Bilingual","OFFICIAL_PYQ","CLEAN","VERIFIED",0,1
"q-rrb-ntpc-2024-cbt1-ga-q007","paper-rrb-ntpc-2024-cbt1-ga","src-rrb-ntpc-portal",7,"2024","CBT_1","Shift 1","Set A","comp-practice","subj-gk","Main Section","single_mcq",1,0.25,"hi,en","Bilingual","OFFICIAL_PYQ","CLEAN","VERIFIED",0,1
"q-rrb-ntpc-2024-cbt1-ga-q008","paper-rrb-ntpc-2024-cbt1-ga","src-rrb-ntpc-portal",8,"2024","CBT_1","Shift 1","Set A","comp-practice","subj-gk","Main Section","single_mcq",1,0.25,"hi,en","Bilingual","OFFICIAL_PYQ","CLEAN","VERIFIED",0,1
"q-rrb-ntpc-2024-cbt1-ga-q009","paper-rrb-ntpc-2024-cbt1-ga","src-rrb-ntpc-portal",9,"2024","CBT_1","Shift 1","Set A","comp-practice","subj-gk","Main Section","single_mcq",1,0.25,"hi,en","Bilingual","OFFICIAL_PYQ","CLEAN","VERIFIED",0,1
"q-rrb-ntpc-2024-cbt1-ga-q010","paper-rrb-ntpc-2024-cbt1-ga","src-rrb-ntpc-portal",10,"2024","CBT_1","Shift 1","Set A","comp-practice","subj-gk","Main Section","single_mcq",1,0.25,"hi,en","Bilingual","OFFICIAL_PYQ","CLEAN","VERIFIED",0,1
"q-rrb-ntpc-2024-cbt1-ga-q011","paper-rrb-ntpc-2024-cbt1-ga","src-rrb-ntpc-portal",11,"2024","CBT_1","Shift 1","Set A","comp-practice","subj-gk","Main Section","single_mcq",1,0.25,"hi,en","Bilingual","OFFICIAL_PYQ","CLEAN","VERIFIED",0,1
"q-rrb-ntpc-2024-cbt1-ga-q012","paper-rrb-ntpc-2024-cbt1-ga","src-rrb-ntpc-portal",12,"2024","CBT_1","Shift 1","Set A","comp-practice","subj-gk","Main Section","single_mcq",1,0.25,"hi,en","Bilingual","OFFICIAL_PYQ","CLEAN","VERIFIED",0,1
"q-rrb-ntpc-2024-cbt1-ga-q013","paper-rrb-ntpc-2024-cbt1-ga","src-rrb-ntpc-portal",13,"2024","CBT_1","Shift 1","Set A","comp-practice","subj-gk","Main Section","single_mcq",1,0.25,"hi,en","Bilingual","OFFICIAL_PYQ","CLEAN","VERIFIED",0,1
"q-rrb-ntpc-2024-cbt1-ga-q014","paper-rrb-ntpc-2024-cbt1-ga","src-rrb-ntpc-portal",14,"2024","CBT_1","Shift 1","Set A","comp-practice","subj-gk","Main Section","single_mcq",1,0.25,"hi,en","Bilingual","OFFICIAL_PYQ","CLEAN","VERIFIED",0,1
"q-rrb-ntpc-2024-cbt1-ga-q015","paper-rrb-ntpc-2024-cbt1-ga","src-rrb-ntpc-portal",15,"2024","CBT_1","Shift 1","Set A","comp-practice","subj-gk","Main Section","single_mcq",1,0.25,"hi,en","Bilingual","OFFICIAL_PYQ","CLEAN","VERIFIED",0,1
"q-rrb-ntpc-2024-cbt1-ga-q016","paper-rrb-ntpc-2024-cbt1-ga","src-rrb-ntpc-portal",16,"2024","CBT_1","Shift 1","Set A","comp-practice","subj-gk","Main Section","single_mcq",1,0.25,"hi,en","Bilingual","OFFICIAL_PYQ","CLEAN","VERIFIED",0,1
"q-rrb-ntpc-2024-cbt1-ga-q017","paper-rrb-ntpc-2024-cbt1-ga","src-rrb-ntpc-portal",17,"2024","CBT_1","Shift 1","Set A","comp-practice","subj-gk","Main Section","single_mcq",1,0.25,"hi,en","Bilingual","OFFICIAL_PYQ","CLEAN","VERIFIED",0,1
"q-rrb-ntpc-2024-cbt1-ga-q018","paper-rrb-ntpc-2024-cbt1-ga","src-rrb-ntpc-portal",18,"2024","CBT_1","Shift 1","Set A","comp-practice","subj-gk","Main Section","single_mcq",1,0.25,"hi,en","Bilingual","OFFICIAL_PYQ","CLEAN","VERIFIED",0,1
"q-rrb-ntpc-2024-cbt1-ga-q019","paper-rrb-ntpc-2024-cbt1-ga","src-rrb-ntpc-portal",19,"2024","CBT_1","Shift 1","Set A","comp-practice","subj-gk","Main Section","single_mcq",1,0.25,"hi,en","Bilingual","OFFICIAL_PYQ","CLEAN","VERIFIED",0,1
"q-rrb-ntpc-2024-cbt1-ga-q020","paper-rrb-ntpc-2024-cbt1-ga","src-rrb-ntpc-portal",20,"2024","CBT_1","Shift 1","Set A","comp-practice","subj-gk","Main Section","single_mcq",1,0.25,"hi,en","Bilingual","OFFICIAL_PYQ","CLEAN","VERIFIED",0,1
"q-rrb-ntpc-2024-cbt1-ga-q021","paper-rrb-ntpc-2024-cbt1-ga","src-rrb-ntpc-portal",21,"2024","CBT_1","Shift 1","Set A","comp-practice","subj-gk","Main Section","single_mcq",1,0.25,"hi,en","Bilingual","OFFICIAL_PYQ","CLEAN","VERIFIED",0,1
"q-rrb-ntpc-2024-cbt1-ga-q022","paper-rrb-ntpc-2024-cbt1-ga","src-rrb-ntpc-portal",22,"2024","CBT_1","Shift 1","Set A","comp-practice","subj-gk","Main Section","single_mcq",1,0.25,"hi,en","Bilingual","OFFICIAL_PYQ","CLEAN","VERIFIED",0,1
"q-rrb-ntpc-2024-cbt1-ga-q023","paper-rrb-ntpc-2024-cbt1-ga","src-rrb-ntpc-portal",23,"2024","CBT_1","Shift 1","Set A","comp-practice","subj-gk","Main Section","single_mcq",1,0.25,"hi,en","Bilingual","OFFICIAL_PYQ","CLEAN","VERIFIED",0,1
"q-rrb-ntpc-2024-cbt1-ga-q024","paper-rrb-ntpc-2024-cbt1-ga","src-rrb-ntpc-portal",24,"2024","CBT_1","Shift 1","Set A","comp-practice","subj-gk","Main Section","single_mcq",1,0.25,"hi,en","Bilingual","OFFICIAL_PYQ","CLEAN","VERIFIED",0,1
"q-rrb-ntpc-2024-cbt1-ga-q025","paper-rrb-ntpc-2024-cbt1-ga","src-rrb-ntpc-portal",25,"2024","CBT_1","Shift 1","Set A","comp-practice","subj-gk","Main Section","single_mcq",1,0.25,"hi,en","Bilingual","OFFICIAL_PYQ","CLEAN","VERIFIED",0,1
"q-rrb-ntpc-2024-cbt1-ga-q026","paper-rrb-ntpc-2024-cbt1-ga","src-rrb-ntpc-portal",26,"2024","CBT_1","Shift 1","Set A","comp-practice","subj-gk","Main Section","single_mcq",1,0.25,"hi,en","Bilingual","OFFICIAL_PYQ","CLEAN","VERIFIED",0,1
"q-rrb-ntpc-2024-cbt1-ga-q027","paper-rrb-ntpc-2024-cbt1-ga","src-rrb-ntpc-portal",27,"2024","CBT_1","Shift 1","Set A","comp-practice","subj-gk","Main Section","single_mcq",1,0.25,"hi,en","Bilingual","OFFICIAL_PYQ","CLEAN","VERIFIED",0,1
"q-rrb-ntpc-2024-cbt1-ga-q028","paper-rrb-ntpc-2024-cbt1-ga","src-rrb-ntpc-portal",28,"2024","CBT_1","Shift 1","Set A","comp-practice","subj-gk","Main Section","single_mcq",1,0.25,"hi,en","Bilingual","OFFICIAL_PYQ","CLEAN","VERIFIED",0,1
"q-rrb-ntpc-2024-cbt1-ga-q029","paper-rrb-ntpc-2024-cbt1-ga","src-rrb-ntpc-portal",29,"2024","CBT_1","Shift 1","Set A","comp-practice","subj-gk","Main Section","single_mcq",1,0.25,"hi,en","Bilingual","OFFICIAL_PYQ","CLEAN","VERIFIED",0,1
"q-rrb-ntpc-2024-cbt1-ga-q030","paper-rrb-ntpc-2024-cbt1-ga","src-rrb-ntpc-portal",30,"2024","CBT_1","Shift 1","Set A","comp-practice","subj-gk","Main Section","single_mcq",1,0.25,"hi,en","Bilingual","OFFICIAL_PYQ","CLEAN","VERIFIED",0,1
"q-upp-constable-2024-s2-gk-q001","paper-upp-constable-2024-s2-gk","src-up-police-constable-portal",1,"2024","WRITTEN","Shift 2","Set B","comp-practice","subj-gk","Main Section","single_mcq",2,0.5,"hi,en","Bilingual","OFFICIAL_PYQ","CLEAN","VERIFIED",0,1
"q-upp-constable-2024-s2-gk-q002","paper-upp-constable-2024-s2-gk","src-up-police-constable-portal",2,"2024","WRITTEN","Shift 2","Set B","comp-practice","subj-gk","Main Section","single_mcq",2,0.5,"hi,en","Bilingual","OFFICIAL_PYQ","CLEAN","VERIFIED",0,1
"q-upp-constable-2024-s2-gk-q003","paper-upp-constable-2024-s2-gk","src-up-police-constable-portal",3,"2024","WRITTEN","Shift 2","Set B","comp-practice","subj-gk","Main Section","single_mcq",2,0.5,"hi,en","Bilingual","OFFICIAL_PYQ","CLEAN","VERIFIED",0,1
"q-upp-constable-2024-s2-gk-q004","paper-upp-constable-2024-s2-gk","src-up-police-constable-portal",4,"2024","WRITTEN","Shift 2","Set B","comp-practice","subj-gk","Main Section","single_mcq",2,0.5,"hi,en","Bilingual","OFFICIAL_PYQ","CLEAN","VERIFIED",0,1
"q-upp-constable-2024-s2-gk-q005","paper-upp-constable-2024-s2-gk","src-up-police-constable-portal",5,"2024","WRITTEN","Shift 2","Set B","comp-practice","subj-gk","Main Section","single_mcq",2,0.5,"hi,en","Bilingual","OFFICIAL_PYQ","CLEAN","VERIFIED",0,1
"q-upp-constable-2024-s2-gk-q006","paper-upp-constable-2024-s2-gk","src-up-police-constable-portal",6,"2024","WRITTEN","Shift 2","Set B","comp-practice","subj-gk","Main Section","single_mcq",2,0.5,"hi,en","Bilingual","OFFICIAL_PYQ","CLEAN","VERIFIED",0,1
"q-upp-constable-2024-s2-gk-q007","paper-upp-constable-2024-s2-gk","src-up-police-constable-portal",7,"2024","WRITTEN","Shift 2","Set B","comp-practice","subj-gk","Main Section","single_mcq",2,0.5,"hi,en","Bilingual","OFFICIAL_PYQ","CLEAN","VERIFIED",0,1
"q-upp-constable-2024-s2-gk-q008","paper-upp-constable-2024-s2-gk","src-up-police-constable-portal",8,"2024","WRITTEN","Shift 2","Set B","comp-practice","subj-gk","Main Section","single_mcq",2,0.5,"hi,en","Bilingual","OFFICIAL_PYQ","CLEAN","VERIFIED",0,1
"q-upp-constable-2024-s2-gk-q009","paper-upp-constable-2024-s2-gk","src-up-police-constable-portal",9,"2024","WRITTEN","Shift 2","Set B","comp-practice","subj-gk","Main Section","single_mcq",2,0.5,"hi,en","Bilingual","OFFICIAL_PYQ","CLEAN","VERIFIED",0,1
"q-upp-constable-2024-s2-gk-q010","paper-upp-constable-2024-s2-gk","src-up-police-constable-portal",10,"2024","WRITTEN","Shift 2","Set B","comp-practice","subj-gk","Main Section","single_mcq",2,0.5,"hi,en","Bilingual","OFFICIAL_PYQ","CLEAN","VERIFIED",0,1
"q-upp-constable-2024-s2-gk-q011","paper-upp-constable-2024-s2-gk","src-up-police-constable-portal",11,"2024","WRITTEN","Shift 2","Set B","comp-practice","subj-gk","Main Section","single_mcq",2,0.5,"hi,en","Bilingual","OFFICIAL_PYQ","CLEAN","VERIFIED",0,1
"q-upp-constable-2024-s2-gk-q012","paper-upp-constable-2024-s2-gk","src-up-police-constable-portal",12,"2024","WRITTEN","Shift 2","Set B","comp-practice","subj-gk","Main Section","single_mcq",2,0.5,"hi,en","Bilingual","OFFICIAL_PYQ","CLEAN","VERIFIED",0,1
"q-upp-constable-2024-s2-gk-q013","paper-upp-constable-2024-s2-gk","src-up-police-constable-portal",13,"2024","WRITTEN","Shift 2","Set B","comp-practice","subj-gk","Main Section","single_mcq",2,0.5,"hi,en","Bilingual","OFFICIAL_PYQ","CLEAN","VERIFIED",0,1
"q-upp-constable-2024-s2-gk-q014","paper-upp-constable-2024-s2-gk","src-up-police-constable-portal",14,"2024","WRITTEN","Shift 2","Set B","comp-practice","subj-gk","Main Section","single_mcq",2,0.5,"hi,en","Bilingual","OFFICIAL_PYQ","CLEAN","VERIFIED",0,1
"q-upp-constable-2024-s2-gk-q015","paper-upp-constable-2024-s2-gk","src-up-police-constable-portal",15,"2024","WRITTEN","Shift 2","Set B","comp-practice","subj-gk","Main Section","single_mcq",2,0.5,"hi,en","Bilingual","OFFICIAL_PYQ","CLEAN","VERIFIED",0,1
"q-upp-constable-2024-s2-gk-q016","paper-upp-constable-2024-s2-gk","src-up-police-constable-portal",16,"2024","WRITTEN","Shift 2","Set B","comp-practice","subj-gk","Main Section","single_mcq",2,0.5,"hi,en","Bilingual","OFFICIAL_PYQ","CLEAN","VERIFIED",0,1
"q-upp-constable-2024-s2-gk-q017","paper-upp-constable-2024-s2-gk","src-up-police-constable-portal",17,"2024","WRITTEN","Shift 2","Set B","comp-practice","subj-gk","Main Section","single_mcq",2,0.5,"hi,en","Bilingual","OFFICIAL_PYQ","CLEAN","VERIFIED",0,1
"q-upp-constable-2024-s2-gk-q018","paper-upp-constable-2024-s2-gk","src-up-police-constable-portal",18,"2024","WRITTEN","Shift 2","Set B","comp-practice","subj-gk","Main Section","single_mcq",2,0.5,"hi,en","Bilingual","OFFICIAL_PYQ","CLEAN","VERIFIED",0,1
"q-upp-constable-2024-s2-gk-q019","paper-upp-constable-2024-s2-gk","src-up-police-constable-portal",19,"2024","WRITTEN","Shift 2","Set B","comp-practice","subj-gk","Main Section","single_mcq",2,0.5,"hi,en","Bilingual","OFFICIAL_PYQ","CLEAN","VERIFIED",0,1
"q-upp-constable-2024-s2-gk-q020","paper-upp-constable-2024-s2-gk","src-up-police-constable-portal",20,"2024","WRITTEN","Shift 2","Set B","comp-practice","subj-gk","Main Section","single_mcq",2,0.5,"hi,en","Bilingual","OFFICIAL_PYQ","CLEAN","VERIFIED",0,1
"q-upp-constable-2024-s2-gk-q021","paper-upp-constable-2024-s2-gk","src-up-police-constable-portal",21,"2024","WRITTEN","Shift 2","Set B","comp-practice","subj-gk","Main Section","single_mcq",2,0.5,"hi,en","Bilingual","OFFICIAL_PYQ","CLEAN","VERIFIED",0,1
"q-upp-constable-2024-s2-gk-q022","paper-upp-constable-2024-s2-gk","src-up-police-constable-portal",22,"2024","WRITTEN","Shift 2","Set B","comp-practice","subj-gk","Main Section","single_mcq",2,0.5,"hi,en","Bilingual","OFFICIAL_PYQ","CLEAN","VERIFIED",0,1
"q-upp-constable-2024-s2-gk-q023","paper-upp-constable-2024-s2-gk","src-up-police-constable-portal",23,"2024","WRITTEN","Shift 2","Set B","comp-practice","subj-gk","Main Section","single_mcq",2,0.5,"hi,en","Bilingual","OFFICIAL_PYQ","CLEAN","VERIFIED",0,1
"q-upp-constable-2024-s2-gk-q024","paper-upp-constable-2024-s2-gk","src-up-police-constable-portal",24,"2024","WRITTEN","Shift 2","Set B","comp-practice","subj-gk","Main Section","single_mcq",2,0.5,"hi,en","Bilingual","OFFICIAL_PYQ","CLEAN","VERIFIED",0,1
"q-upp-constable-2024-s2-gk-q025","paper-upp-constable-2024-s2-gk","src-up-police-constable-portal",25,"2024","WRITTEN","Shift 2","Set B","comp-practice","subj-gk","Main Section","single_mcq",2,0.5,"hi,en","Bilingual","OFFICIAL_PYQ","CLEAN","VERIFIED",0,1
"q-upp-constable-2024-s2-gk-q026","paper-upp-constable-2024-s2-gk","src-up-police-constable-portal",26,"2024","WRITTEN","Shift 2","Set B","comp-practice","subj-gk","Main Section","single_mcq",2,0.5,"hi,en","Bilingual","OFFICIAL_PYQ","CLEAN","VERIFIED",0,1
"q-upp-constable-2024-s2-gk-q027","paper-upp-constable-2024-s2-gk","src-up-police-constable-portal",27,"2024","WRITTEN","Shift 2","Set B","comp-practice","subj-gk","Main Section","single_mcq",2,0.5,"hi,en","Bilingual","OFFICIAL_PYQ","CLEAN","VERIFIED",0,1
"q-upp-constable-2024-s2-gk-q028","paper-upp-constable-2024-s2-gk","src-up-police-constable-portal",28,"2024","WRITTEN","Shift 2","Set B","comp-practice","subj-gk","Main Section","single_mcq",2,0.5,"hi,en","Bilingual","OFFICIAL_PYQ","CLEAN","VERIFIED",0,1
"q-upp-constable-2024-s2-gk-q029","paper-upp-constable-2024-s2-gk","src-up-police-constable-portal",29,"2024","WRITTEN","Shift 2","Set B","comp-practice","subj-gk","Main Section","single_mcq",2,0.5,"hi,en","Bilingual","OFFICIAL_PYQ","CLEAN","VERIFIED",0,1
"q-upp-constable-2024-s2-gk-q030","paper-upp-constable-2024-s2-gk","src-up-police-constable-portal",30,"2024","WRITTEN","Shift 2","Set B","comp-practice","subj-gk","Main Section","single_mcq",2,0.5,"hi,en","Bilingual","OFFICIAL_PYQ","CLEAN","VERIFIED",0,1
"q-upp-constable-2024-s2-gk-q031","paper-upp-constable-2024-s2-gk","src-up-police-constable-portal",31,"2024","WRITTEN","Shift 2","Set B","comp-practice","subj-gk","Main Section","single_mcq",2,0.5,"hi,en","Bilingual","OFFICIAL_PYQ","CLEAN","VERIFIED",0,1
"q-upp-constable-2024-s2-gk-q032","paper-upp-constable-2024-s2-gk","src-up-police-constable-portal",32,"2024","WRITTEN","Shift 2","Set B","comp-practice","subj-gk","Main Section","single_mcq",2,0.5,"hi,en","Bilingual","OFFICIAL_PYQ","CLEAN","VERIFIED",0,1
"q-upp-constable-2024-s2-gk-q033","paper-upp-constable-2024-s2-gk","src-up-police-constable-portal",33,"2024","WRITTEN","Shift 2","Set B","comp-practice","subj-gk","Main Section","single_mcq",2,0.5,"hi,en","Bilingual","OFFICIAL_PYQ","CLEAN","VERIFIED",0,1
"q-upp-constable-2024-s2-gk-q034","paper-upp-constable-2024-s2-gk","src-up-police-constable-portal",34,"2024","WRITTEN","Shift 2","Set B","comp-practice","subj-gk","Main Section","single_mcq",2,0.5,"hi,en","Bilingual","OFFICIAL_PYQ","CLEAN","VERIFIED",0,1
"q-upp-constable-2024-s2-gk-q035","paper-upp-constable-2024-s2-gk","src-up-police-constable-portal",35,"2024","WRITTEN","Shift 2","Set B","comp-practice","subj-gk","Main Section","single_mcq",2,0.5,"hi,en","Bilingual","OFFICIAL_PYQ","CLEAN","VERIFIED",0,1
"q-upp-constable-2024-s2-gk-q036","paper-upp-constable-2024-s2-gk","src-up-police-constable-portal",36,"2024","WRITTEN","Shift 2","Set B","comp-practice","subj-gk","Main Section","single_mcq",2,0.5,"hi,en","Bilingual","OFFICIAL_PYQ","CLEAN","VERIFIED",0,1
"q-upp-constable-2024-s2-gk-q037","paper-upp-constable-2024-s2-gk","src-up-police-constable-portal",37,"2024","WRITTEN","Shift 2","Set B","comp-practice","subj-gk","Main Section","single_mcq",2,0.5,"hi,en","Bilingual","OFFICIAL_PYQ","CLEAN","VERIFIED",0,1
"q-upp-constable-2024-s2-gk-q038","paper-upp-constable-2024-s2-gk","src-up-police-constable-portal",38,"2024","WRITTEN","Shift 2","Set B","comp-practice","subj-gk","Main Section","single_mcq",2,0.5,"hi,en","Bilingual","OFFICIAL_PYQ","CLEAN","VERIFIED",0,1
"q-cbse-10-sci-2025-sp-q001","paper-cbse-10-sci-2025-sp","src-cbse-board-portal",1,"2024","BOARD","Morning","Set 1","comp-practice","subj-science","Main Section","single_mcq",1,0.25,"hi,en","Bilingual","OFFICIAL_SAMPLE","CLEAN","VERIFIED",0,1
"q-cbse-10-sci-2025-sp-q002","paper-cbse-10-sci-2025-sp","src-cbse-board-portal",2,"2024","BOARD","Morning","Set 1","comp-practice","subj-science","Main Section","single_mcq",1,0.25,"hi,en","Bilingual","OFFICIAL_SAMPLE","CLEAN","VERIFIED",0,1
"q-cbse-10-sci-2025-sp-q003","paper-cbse-10-sci-2025-sp","src-cbse-board-portal",3,"2024","BOARD","Morning","Set 1","comp-practice","subj-science","Main Section","single_mcq",1,0.25,"hi,en","Bilingual","OFFICIAL_SAMPLE","CLEAN","VERIFIED",0,1
"q-cbse-10-sci-2025-sp-q004","paper-cbse-10-sci-2025-sp","src-cbse-board-portal",4,"2024","BOARD","Morning","Set 1","comp-practice","subj-science","Main Section","single_mcq",1,0.25,"hi,en","Bilingual","OFFICIAL_SAMPLE","CLEAN","VERIFIED",0,1
"q-cbse-10-sci-2025-sp-q005","paper-cbse-10-sci-2025-sp","src-cbse-board-portal",5,"2024","BOARD","Morning","Set 1","comp-practice","subj-science","Main Section","single_mcq",1,0.25,"hi,en","Bilingual","OFFICIAL_SAMPLE","CLEAN","VERIFIED",0,1
"q-cbse-10-sci-2025-sp-q006","paper-cbse-10-sci-2025-sp","src-cbse-board-portal",6,"2024","BOARD","Morning","Set 1","comp-practice","subj-science","Main Section","single_mcq",1,0.25,"hi,en","Bilingual","OFFICIAL_SAMPLE","CLEAN","VERIFIED",0,1
"q-cbse-10-sci-2025-sp-q007","paper-cbse-10-sci-2025-sp","src-cbse-board-portal",7,"2024","BOARD","Morning","Set 1","comp-practice","subj-science","Main Section","single_mcq",1,0.25,"hi,en","Bilingual","OFFICIAL_SAMPLE","CLEAN","VERIFIED",0,1
"q-cbse-10-sci-2025-sp-q008","paper-cbse-10-sci-2025-sp","src-cbse-board-portal",8,"2024","BOARD","Morning","Set 1","comp-practice","subj-science","Main Section","single_mcq",1,0.25,"hi,en","Bilingual","OFFICIAL_SAMPLE","CLEAN","VERIFIED",0,1
"q-cbse-10-sci-2025-sp-q009","paper-cbse-10-sci-2025-sp","src-cbse-board-portal",9,"2024","BOARD","Morning","Set 1","comp-practice","subj-science","Main Section","single_mcq",1,0.25,"hi,en","Bilingual","OFFICIAL_SAMPLE","CLEAN","VERIFIED",0,1
"q-cbse-10-sci-2025-sp-q010","paper-cbse-10-sci-2025-sp","src-cbse-board-portal",10,"2024","BOARD","Morning","Set 1","comp-practice","subj-science","Main Section","single_mcq",1,0.25,"hi,en","Bilingual","OFFICIAL_SAMPLE","CLEAN","VERIFIED",0,1
"q-cbse-10-sci-2025-sp-q011","paper-cbse-10-sci-2025-sp","src-cbse-board-portal",11,"2024","BOARD","Morning","Set 1","comp-practice","subj-science","Main Section","single_mcq",1,0.25,"hi,en","Bilingual","OFFICIAL_SAMPLE","CLEAN","VERIFIED",0,1
"q-cbse-10-sci-2025-sp-q012","paper-cbse-10-sci-2025-sp","src-cbse-board-portal",12,"2024","BOARD","Morning","Set 1","comp-practice","subj-science","Main Section","single_mcq",1,0.25,"hi,en","Bilingual","OFFICIAL_SAMPLE","CLEAN","VERIFIED",0,1
"q-cbse-10-sci-2025-sp-q013","paper-cbse-10-sci-2025-sp","src-cbse-board-portal",13,"2024","BOARD","Morning","Set 1","comp-practice","subj-science","Main Section","single_mcq",1,0.25,"hi,en","Bilingual","OFFICIAL_SAMPLE","CLEAN","VERIFIED",0,1
"q-cbse-10-sci-2025-sp-q014","paper-cbse-10-sci-2025-sp","src-cbse-board-portal",14,"2024","BOARD","Morning","Set 1","comp-practice","subj-science","Main Section","single_mcq",1,0.25,"hi,en","Bilingual","OFFICIAL_SAMPLE","CLEAN","VERIFIED",0,1
"q-cbse-10-sci-2025-sp-q015","paper-cbse-10-sci-2025-sp","src-cbse-board-portal",15,"2024","BOARD","Morning","Set 1","comp-practice","subj-science","Main Section","single_mcq",1,0.25,"hi,en","Bilingual","OFFICIAL_SAMPLE","CLEAN","VERIFIED",0,1
"q-cbse-10-sci-2025-sp-q016","paper-cbse-10-sci-2025-sp","src-cbse-board-portal",16,"2024","BOARD","Morning","Set 1","comp-practice","subj-science","Main Section","single_mcq",1,0.25,"hi,en","Bilingual","OFFICIAL_SAMPLE","CLEAN","VERIFIED",0,1
"q-cbse-10-sci-2025-sp-q017","paper-cbse-10-sci-2025-sp","src-cbse-board-portal",17,"2024","BOARD","Morning","Set 1","comp-practice","subj-science","Main Section","single_mcq",1,0.25,"hi,en","Bilingual","OFFICIAL_SAMPLE","CLEAN","VERIFIED",0,1
"q-cbse-10-sci-2025-sp-q018","paper-cbse-10-sci-2025-sp","src-cbse-board-portal",18,"2024","BOARD","Morning","Set 1","comp-practice","subj-science","Main Section","single_mcq",1,0.25,"hi,en","Bilingual","OFFICIAL_SAMPLE","CLEAN","VERIFIED",0,1
"q-cbse-10-sci-2025-sp-q019","paper-cbse-10-sci-2025-sp","src-cbse-board-portal",19,"2024","BOARD","Morning","Set 1","comp-practice","subj-science","Main Section","single_mcq",1,0.25,"hi,en","Bilingual","OFFICIAL_SAMPLE","CLEAN","VERIFIED",0,1
"q-cbse-10-sci-2025-sp-q020","paper-cbse-10-sci-2025-sp","src-cbse-board-portal",20,"2024","BOARD","Morning","Set 1","comp-practice","subj-science","Main Section","single_mcq",1,0.25,"hi,en","Bilingual","OFFICIAL_SAMPLE","CLEAN","VERIFIED",0,1