questionId,sourceArtifactId,componentId,year,paper,subject,questionNumber,provenance,type,language,mappingStatus,answerKeyStatus,duplicateStatus,extractionStatus,finalEligibility
q-c12-acc-0001,src-human-curation-bank,comp-cbse-board-cls12-com-accountancy,2026,Accountancy Theory Paper,Accountancy,1,HUMAN_CURATED,single_mcq,"hi,en",FULLY_MAPPED,CURATED_REFERENCE_KEY,UNIQUE_VERIFIED,CLEAN_VERIFIED,PRACTICE_ELIGIBLE
q-c12-acc-0002,src-human-curation-bank,comp-cbse-board-cls12-com-accountancy,2026,Accountancy Theory Paper,Accountancy,1,HUMAN_CURATED,single_mcq,"hi,en",FULLY_MAPPED,CURATED_REFERENCE_KEY,UNIQUE_VERIFIED,CLEAN_VERIFIED,PRACTICE_ELIGIBLE
q-c12-acc-0003,src-human-curation-bank,comp-cbse-board-cls12-com-accountancy,2026,Accountancy Theory Paper,Accountancy,1,HUMAN_CURATED,single_mcq,"hi,en",FULLY_MAPPED,CURATED_REFERENCE_KEY,UNIQUE_VERIFIED,CLEAN_VERIFIED,PRACTICE_ELIGIBLE
q-c12-acc-0004,src-human-curation-bank,comp-cbse-board-cls12-com-accountancy,2026,Accountancy Theory Paper,Accountancy,1,HUMAN_CURATED,single_mcq,"hi,en",FULLY_MAPPED,CURATED_REFERENCE_KEY,UNIQUE_VERIFIED,CLEAN_VERIFIED,PRACTICE_ELIGIBLE
q-c12-acc-0005,src-human-curation-bank,comp-cbse-board-cls12-com-accountancy,2026,Accountancy Theory Paper,Accountancy,1,HUMAN_CURATED,single_mcq,"hi,en",FULLY_MAPPED,CURATED_REFERENCE_KEY,UNIQUE_VERIFIED,CLEAN_VERIFIED,PRACTICE_ELIGIBLE
q-c12-acc-0006,src-human-curation-bank,comp-cbse-board-cls12-com-accountancy,2026,Accountancy Theory Paper,Accountancy,1,HUMAN_CURATED,single_mcq,"hi,en",FULLY_MAPPED,CURATED_REFERENCE_KEY,UNIQUE_VERIFIED,CLEAN_VERIFIED,PRACTICE_ELIGIBLE
q-c12-acc-0007,src-human-curation-bank,comp-cbse-board-cls12-com-accountancy,2026,Accountancy Theory Paper,Accountancy,1,HUMAN_CURATED,single_mcq,"hi,en",FULLY_MAPPED,CURATED_REFERENCE_KEY,UNIQUE_VERIFIED,CLEAN_VERIFIED,PRACTICE_ELIGIBLE
q-c12-acc-0008,src-human-curation-bank,comp-cbse-board-cls12-com-accountancy,2026,Accountancy Theory Paper,Accountancy,1,HUMAN_CURATED,single_mcq,"hi,en",FULLY_MAPPED,CURATED_REFERENCE_KEY,UNIQUE_VERIFIED,CLEAN_VERIFIED,PRACTICE_ELIGIBLE
q-c12-acc-0009,src-human-curation-bank,comp-cbse-board-cls12-com-accountancy,2026,Accountancy Theory Paper,Accountancy,1,HUMAN_CURATED,single_mcq,"hi,en",FULLY_MAPPED,CURATED_REFERENCE_KEY,UNIQUE_VERIFIED,CLEAN_VERIFIED,PRACTICE_ELIGIBLE
q-c12-acc-0010,src-human-curation-bank,comp-cbse-board-cls12-com-accountancy,2026,Accountancy Theory Paper,Accountancy,1,HUMAN_CURATED,single_mcq,"hi,en",FULLY_MAPPED,CURATED_REFERENCE_KEY,UNIQUE_VERIFIED,CLEAN_VERIFIED,PRACTICE_ELIGIBLE
q-c12-acc-0011,src-human-curation-bank,comp-cbse-board-cls12-com-accountancy,2026,Accountancy Theory Paper,Accountancy,1,HUMAN_CURATED,single_mcq,"hi,en",FULLY_MAPPED,CURATED_REFERENCE_KEY,UNIQUE_VERIFIED,CLEAN_VERIFIED,PRACTICE_ELIGIBLE
q-c12-acc-0012,src-human-curation-bank,comp-cbse-board-cls12-com-accountancy,2026,Accountancy Theory Paper,Accountancy,1,HUMAN_CURATED,single_mcq,"hi,en",FULLY_MAPPED,CURATED_REFERENCE_KEY,UNIQUE_VERIFIED,CLEAN_VERIFIED,PRACTICE_ELIGIBLE
q-c12-bio-0001,src-human-curation-bank,comp-cbse-board-cls12-sci-biology,2026,Biology Theory Paper,Biology (Botany & Zoology),1,HUMAN_CURATED,single_mcq,"hi,en",FULLY_MAPPED,CURATED_REFERENCE_KEY,UNIQUE_VERIFIED,CLEAN_VERIFIED,PRACTICE_ELIGIBLE
q-c12-bio-0002,src-human-curation-bank,comp-cbse-board-cls12-sci-biology,2026,Biology Theory Paper,Biology (Botany & Zoology),1,HUMAN_CURATED,single_mcq,"hi,en",FULLY_MAPPED,CURATED_REFERENCE_KEY,UNIQUE_VERIFIED,CLEAN_VERIFIED,PRACTICE_ELIGIBLE
q-c12-bio-0003,src-human-curation-bank,comp-cbse-board-cls12-sci-biology,2026,Biology Theory Paper,Biology (Botany & Zoology),1,HUMAN_CURATED,single_mcq,"hi,en",FULLY_MAPPED,CURATED_REFERENCE_KEY,UNIQUE_VERIFIED,CLEAN_VERIFIED,PRACTICE_ELIGIBLE
q-c12-bio-0004,src-human-curation-bank,comp-cbse-board-cls12-sci-biology,2026,Biology Theory Paper,Biology (Botany & Zoology),1,HUMAN_CURATED,single_mcq,"hi,en",FULLY_MAPPED,CURATED_REFERENCE_KEY,UNIQUE_VERIFIED,CLEAN_VERIFIED,PRACTICE_ELIGIBLE
q-c12-bio-0005,src-human-curation-bank,comp-cbse-board-cls12-sci-biology,2026,Biology Theory Paper,Biology (Botany & Zoology),1,HUMAN_CURATED,single_mcq,"hi,en",FULLY_MAPPED,CURATED_REFERENCE_KEY,UNIQUE_VERIFIED,CLEAN_VERIFIED,PRACTICE_ELIGIBLE
q-c12-bio-0006,src-human-curation-bank,comp-cbse-board-cls12-sci-biology,2026,Biology Theory Paper,Biology (Botany & Zoology),1,HUMAN_CURATED,single_mcq,"hi,en",FULLY_MAPPED,CURATED_REFERENCE_KEY,UNIQUE_VERIFIED,CLEAN_VERIFIED,PRACTICE_ELIGIBLE
q-c12-bio-0007,src-human-curation-bank,comp-cbse-board-cls12-sci-biology,2026,Biology Theory Paper,Biology (Botany & Zoology),1,HUMAN_CURATED,single_mcq,"hi,en",FULLY_MAPPED,CURATED_REFERENCE_KEY,UNIQUE_VERIFIED,CLEAN_VERIFIED,PRACTICE_ELIGIBLE
q-c12-bio-0008,src-human-curation-bank,comp-cbse-board-cls12-sci-biology,2026,Biology Theory Paper,Biology (Botany & Zoology),1,HUMAN_CURATED,single_mcq,"hi,en",FULLY_MAPPED,CURATED_REFERENCE_KEY,UNIQUE_VERIFIED,CLEAN_VERIFIED,PRACTICE_ELIGIBLE
q-c12-bio-0009,src-human-curation-bank,comp-cbse-board-cls12-sci-biology,2026,Biology Theory Paper,Biology (Botany & Zoology),1,HUMAN_CURATED,single_mcq,"hi,en",FULLY_MAPPED,CURATED_REFERENCE_KEY,UNIQUE_VERIFIED,CLEAN_VERIFIED,PRACTICE_ELIGIBLE
q-c12-bio-0010,src-human-curation-bank,comp-cbse-board-cls12-sci-biology,2026,Biology Theory Paper,Biology (Botany & Zoology),1,HUMAN_CURATED,single_mcq,"hi,en",FULLY_MAPPED,CURATED_REFERENCE_KEY,UNIQUE_VERIFIED,CLEAN_VERIFIED,PRACTICE_ELIGIBLE
q-c12-bio-0011,src-human-curation-bank,comp-cbse-board-cls12-sci-biology,2026,Biology Theory Paper,Biology (Botany & Zoology),1,HUMAN_CURATED,single_mcq,"hi,en",FULLY_MAPPED,CURATED_REFERENCE_KEY,UNIQUE_VERIFIED,CLEAN_VERIFIED,PRACTICE_ELIGIBLE
q-c12-bio-0012,src-human-curation-bank,comp-cbse-board-cls12-sci-biology,2026,Biology Theory Paper,Biology (Botany & Zoology),1,HUMAN_CURATED,single_mcq,"hi,en",FULLY_MAPPED,CURATED_REFERENCE_KEY,UNIQUE_VERIFIED,CLEAN_VERIFIED,PRACTICE_ELIGIBLE
q-c12-bio-0013,src-human-curation-bank,comp-cbse-board-cls12-sci-biology,2026,Biology Theory Paper,Biology (Botany & Zoology),1,HUMAN_CURATED,single_mcq,"hi,en",FULLY_MAPPED,CURATED_REFERENCE_KEY,UNIQUE_VERIFIED,CLEAN_VERIFIED,PRACTICE_ELIGIBLE
q-c12-bio-0014,src-human-curation-bank,comp-cbse-board-cls12-sci-biology,2026,Biology Theory Paper,Biology (Botany & Zoology),1,HUMAN_CURATED,single_mcq,"hi,en",FULLY_MAPPED,CURATED_REFERENCE_KEY,UNIQUE_VERIFIED,CLEAN_VERIFIED,PRACTICE_ELIGIBLE
q-c12-bio-0015,src-human-curation-bank,comp-cbse-board-cls12-sci-biology,2026,Biology Theory Paper,Biology (Botany & Zoology),1,HUMAN_CURATED,single_mcq,"hi,en",FULLY_MAPPED,CURATED_REFERENCE_KEY,UNIQUE_VERIFIED,CLEAN_VERIFIED,PRACTICE_ELIGIBLE
q-c12-bio-0016,src-human-curation-bank,comp-cbse-board-cls12-sci-biology,2026,Biology Theory Paper,Biology (Botany & Zoology),1,HUMAN_CURATED,single_mcq,"hi,en",FULLY_MAPPED,CURATED_REFERENCE_KEY,UNIQUE_VERIFIED,CLEAN_VERIFIED,PRACTICE_ELIGIBLE
q-c12-bio-0017,src-human-curation-bank,comp-cbse-board-cls12-sci-biology,2026,Biology Theory Paper,Biology (Botany & Zoology),1,HUMAN_CURATED,single_mcq,"hi,en",FULLY_MAPPED,CURATED_REFERENCE_KEY,UNIQUE_VERIFIED,CLEAN_VERIFIED,PRACTICE_ELIGIBLE
q-c12-bio-0018,src-human-curation-bank,comp-cbse-board-cls12-sci-biology,2026,Biology Theory Paper,Biology (Botany & Zoology),1,HUMAN_CURATED,single_mcq,"hi,en",FULLY_MAPPED,CURATED_REFERENCE_KEY,UNIQUE_VERIFIED,CLEAN_VERIFIED,PRACTICE_ELIGIBLE
q-c12-bio-0019,src-human-curation-bank,comp-cbse-board-cls12-sci-biology,2026,Biology Theory Paper,Biology (Botany & Zoology),1,HUMAN_CURATED,single_mcq,"hi,en",FULLY_MAPPED,CURATED_REFERENCE_KEY,UNIQUE_VERIFIED,CLEAN_VERIFIED,PRACTICE_ELIGIBLE
q-c12-bio-0020,src-human-curation-bank,comp-cbse-board-cls12-sci-biology,2026,Biology Theory Paper,Biology (Botany & Zoology),1,HUMAN_CURATED,single_mcq,"hi,en",FULLY_MAPPED,CURATED_REFERENCE_KEY,UNIQUE_VERIFIED,CLEAN_VERIFIED,PRACTICE_ELIGIBLE
q-c12-bio-0021,src-human-curation-bank,comp-cbse-board-cls12-sci-biology,2026,Biology Theory Paper,Biology (Botany & Zoology),1,HUMAN_CURATED,single_mcq,"hi,en",FULLY_MAPPED,CURATED_REFERENCE_KEY,UNIQUE_VERIFIED,CLEAN_VERIFIED,PRACTICE_ELIGIBLE
q-c12-bio-0022,src-human-curation-bank,comp-cbse-board-cls12-sci-biology,2026,Biology Theory Paper,Biology (Botany & Zoology),1,HUMAN_CURATED,single_mcq,"hi,en",FULLY_MAPPED,CURATED_REFERENCE_KEY,UNIQUE_VERIFIED,CLEAN_VERIFIED,PRACTICE_ELIGIBLE
q-c12-bio-0023,src-human-curation-bank,comp-cbse-board-cls12-sci-biology,2026,Biology Theory Paper,Biology (Botany & Zoology),1,HUMAN_CURATED,single_mcq,"hi,en",FULLY_MAPPED,CURATED_REFERENCE_KEY,UNIQUE_VERIFIED,CLEAN_VERIFIED,PRACTICE_ELIGIBLE
q-c12-bio-0024,src-human-curation-bank,comp-cbse-board-cls12-sci-biology,2026,Biology Theory Paper,Biology (Botany & Zoology),1,HUMAN_CURATED,single_mcq,"hi,en",FULLY_MAPPED,CURATED_REFERENCE_KEY,UNIQUE_VERIFIED,CLEAN_VERIFIED,PRACTICE_ELIGIBLE
q-c12-bio-0025,src-human-curation-bank,comp-cbse-board-cls12-sci-biology,2026,Biology Theory Paper,Biology (Botany & Zoology),1,HUMAN_CURATED,single_mcq,"hi,en",FULLY_MAPPED,CURATED_REFERENCE_KEY,UNIQUE_VERIFIED,CLEAN_VERIFIED,PRACTICE_ELIGIBLE
q-c12-bio-0026,src-human-curation-bank,comp-cbse-board-cls12-sci-biology,2026,Biology Theory Paper,Biology (Botany & Zoology),1,HUMAN_CURATED,single_mcq,"hi,en",FULLY_MAPPED,CURATED_REFERENCE_KEY,UNIQUE_VERIFIED,CLEAN_VERIFIED,PRACTICE_ELIGIBLE
q-c12-bio-0027,src-human-curation-bank,comp-cbse-board-cls12-sci-biology,2026,Biology Theory Paper,Biology (Botany & Zoology),1,HUMAN_CURATED,single_mcq,"hi,en",FULLY_MAPPED,CURATED_REFERENCE_KEY,UNIQUE_VERIFIED,CLEAN_VERIFIED,PRACTICE_ELIGIBLE
q-c12-bio-0028,src-human-curation-bank,comp-cbse-board-cls12-sci-biology,2026,Biology Theory Paper,Biology (Botany & Zoology),1,HUMAN_CURATED,single_mcq,"hi,en",FULLY_MAPPED,CURATED_REFERENCE_KEY,UNIQUE_VERIFIED,CLEAN_VERIFIED,PRACTICE_ELIGIBLE
q-c12-bio-0029,src-human-curation-bank,comp-cbse-board-cls12-sci-biology,2026,Biology Theory Paper,Biology (Botany & Zoology),1,HUMAN_CURATED,single_mcq,"hi,en",FULLY_MAPPED,CURATED_REFERENCE_KEY,UNIQUE_VERIFIED,CLEAN_VERIFIED,PRACTICE_ELIGIBLE
q-c12-bio-0030,src-human-curation-bank,comp-cbse-board-cls12-sci-biology,2026,Biology Theory Paper,Biology (Botany & Zoology),1,HUMAN_CURATED,single_mcq,"hi,en",FULLY_MAPPED,CURATED_REFERENCE_KEY,UNIQUE_VERIFIED,CLEAN_VERIFIED,PRACTICE_ELIGIBLE
q-c12-bio-0031,src-human-curation-bank,comp-cbse-board-cls12-sci-biology,2026,Biology Theory Paper,Biology (Botany & Zoology),1,HUMAN_CURATED,single_mcq,"hi,en",FULLY_MAPPED,CURATED_REFERENCE_KEY,UNIQUE_VERIFIED,CLEAN_VERIFIED,PRACTICE_ELIGIBLE
q-c12-bio-0032,src-human-curation-bank,comp-cbse-board-cls12-sci-biology,2026,Biology Theory Paper,Biology (Botany & Zoology),1,HUMAN_CURATED,single_mcq,"hi,en",FULLY_MAPPED,CURATED_REFERENCE_KEY,UNIQUE_VERIFIED,CLEAN_VERIFIED,PRACTICE_ELIGIBLE
q-c12-bio-0033,src-human-curation-bank,comp-cbse-board-cls12-sci-biology,2026,Biology Theory Paper,Biology (Botany & Zoology),1,HUMAN_CURATED,single_mcq,"hi,en",FULLY_MAPPED,CURATED_REFERENCE_KEY,UNIQUE_VERIFIED,CLEAN_VERIFIED,PRACTICE_ELIGIBLE
q-c12-bio-0034,src-human-curation-bank,comp-cbse-board-cls12-sci-biology,2026,Biology Theory Paper,Biology (Botany & Zoology),1,HUMAN_CURATED,single_mcq,"hi,en",FULLY_MAPPED,CURATED_REFERENCE_KEY,UNIQUE_VERIFIED,CLEAN_VERIFIED,PRACTICE_ELIGIBLE
q-c12-bio-0035,src-human-curation-bank,comp-cbse-board-cls12-sci-biology,2026,Biology Theory Paper,Biology (Botany & Zoology),1,HUMAN_CURATED,single_mcq,"hi,en",FULLY_MAPPED,CURATED_REFERENCE_KEY,UNIQUE_VERIFIED,CLEAN_VERIFIED,PRACTICE_ELIGIBLE
q-c12-bus-0001,src-human-curation-bank,comp-cbse-board-cls12-com-business,2026,Business Studies Theory Paper,Business Studies,1,HUMAN_CURATED,single_mcq,"hi,en",FULLY_MAPPED,CURATED_REFERENCE_KEY,UNIQUE_VERIFIED,CLEAN_VERIFIED,PRACTICE_ELIGIBLE
q-c12-bus-0002,src-human-curation-bank,comp-cbse-board-cls12-com-business,2026,Business Studies Theory Paper,Business Studies,1,HUMAN_CURATED,single_mcq,"hi,en",FULLY_MAPPED,CURATED_REFERENCE_KEY,UNIQUE_VERIFIED,CLEAN_VERIFIED,PRACTICE_ELIGIBLE
q-c12-bus-0003,src-human-curation-bank,comp-cbse-board-cls12-com-business,2026,Business Studies Theory Paper,Business Studies,1,HUMAN_CURATED,single_mcq,"hi,en",FULLY_MAPPED,CURATED_REFERENCE_KEY,UNIQUE_VERIFIED,CLEAN_VERIFIED,PRACTICE_ELIGIBLE
q-c12-bus-0004,src-human-curation-bank,comp-cbse-board-cls12-com-business,2026,Business Studies Theory Paper,Business Studies,1,HUMAN_CURATED,single_mcq,"hi,en",FULLY_MAPPED,CURATED_REFERENCE_KEY,UNIQUE_VERIFIED,CLEAN_VERIFIED,PRACTICE_ELIGIBLE
q-c12-bus-0005,src-human-curation-bank,comp-cbse-board-cls12-com-business,2026,Business Studies Theory Paper,Business Studies,1,HUMAN_CURATED,single_mcq,"hi,en",FULLY_MAPPED,CURATED_REFERENCE_KEY,UNIQUE_VERIFIED,CLEAN_VERIFIED,PRACTICE_ELIGIBLE
q-c12-bus-0006,src-human-curation-bank,comp-cbse-board-cls12-com-business,2026,Business Studies Theory Paper,Business Studies,1,HUMAN_CURATED,single_mcq,"hi,en",FULLY_MAPPED,CURATED_REFERENCE_KEY,UNIQUE_VERIFIED,CLEAN_VERIFIED,PRACTICE_ELIGIBLE
q-c12-bus-0007,src-human-curation-bank,comp-cbse-board-cls12-com-business,2026,Business Studies Theory Paper,Business Studies,1,HUMAN_CURATED,single_mcq,"hi,en",FULLY_MAPPED,CURATED_REFERENCE_KEY,UNIQUE_VERIFIED,CLEAN_VERIFIED,PRACTICE_ELIGIBLE
q-c12-bus-0008,src-human-curation-bank,comp-cbse-board-cls12-com-business,2026,Business Studies Theory Paper,Business Studies,1,HUMAN_CURATED,single_mcq,"hi,en",FULLY_MAPPED,CURATED_REFERENCE_KEY,UNIQUE_VERIFIED,CLEAN_VERIFIED,PRACTICE_ELIGIBLE
q-c12-bus-0009,src-human-curation-bank,comp-cbse-board-cls12-com-business,2026,Business Studies Theory Paper,Business Studies,1,HUMAN_CURATED,single_mcq,"hi,en",FULLY_MAPPED,CURATED_REFERENCE_KEY,UNIQUE_VERIFIED,CLEAN_VERIFIED,PRACTICE_ELIGIBLE
q-c12-bus-0010,src-human-curation-bank,comp-cbse-board-cls12-com-business,2026,Business Studies Theory Paper,Business Studies,1,HUMAN_CURATED,single_mcq,"hi,en",FULLY_MAPPED,CURATED_REFERENCE_KEY,UNIQUE_VERIFIED,CLEAN_VERIFIED,PRACTICE_ELIGIBLE
q-c12-bus-0011,src-human-curation-bank,comp-cbse-board-cls12-com-business,2026,Business Studies Theory Paper,Business Studies,1,HUMAN_CURATED,single_mcq,"hi,en",FULLY_MAPPED,CURATED_REFERENCE_KEY,UNIQUE_VERIFIED,CLEAN_VERIFIED,PRACTICE_ELIGIBLE
q-c12-bus-0012,src-human-curation-bank,comp-cbse-board-cls12-com-business,2026,Business Studies Theory Paper,Business Studies,1,HUMAN_CURATED,single_mcq,"hi,en",FULLY_MAPPED,CURATED_REFERENCE_KEY,UNIQUE_VERIFIED,CLEAN_VERIFIED,PRACTICE_ELIGIBLE
q-c12-chm-0001,src-human-curation-bank,comp-cbse-board-cls12-sci-chemistry,2026,Chemistry Theory Paper,Chemistry,1,HUMAN_CURATED,single_mcq,"hi,en",FULLY_MAPPED,CURATED_REFERENCE_KEY,UNIQUE_VERIFIED,CLEAN_VERIFIED,PRACTICE_ELIGIBLE
q-c12-chm-0002,src-human-curation-bank,comp-cbse-board-cls12-sci-chemistry,2026,Chemistry Theory Paper,Chemistry,1,HUMAN_CURATED,single_mcq,"hi,en",FULLY_MAPPED,CURATED_REFERENCE_KEY,UNIQUE_VERIFIED,CLEAN_VERIFIED,PRACTICE_ELIGIBLE
q-c12-chm-0003,src-human-curation-bank,comp-cbse-board-cls12-sci-chemistry,2026,Chemistry Theory Paper,Chemistry,1,HUMAN_CURATED,single_mcq,"hi,en",FULLY_MAPPED,CURATED_REFERENCE_KEY,UNIQUE_VERIFIED,CLEAN_VERIFIED,PRACTICE_ELIGIBLE
q-c12-chm-0004,src-human-curation-bank,comp-cbse-board-cls12-sci-chemistry,2026,Chemistry Theory Paper,Chemistry,1,HUMAN_CURATED,single_mcq,"hi,en",FULLY_MAPPED,CURATED_REFERENCE_KEY,UNIQUE_VERIFIED,CLEAN_VERIFIED,PRACTICE_ELIGIBLE
q-c12-chm-0005,src-human-curation-bank,comp-cbse-board-cls12-sci-chemistry,2026,Chemistry Theory Paper,Chemistry,1,HUMAN_CURATED,single_mcq,"hi,en",FULLY_MAPPED,CURATED_REFERENCE_KEY,UNIQUE_VERIFIED,CLEAN_VERIFIED,PRACTICE_ELIGIBLE
q-c12-chm-0006,src-human-curation-bank,comp-cbse-board-cls12-sci-chemistry,2026,Chemistry Theory Paper,Chemistry,1,HUMAN_CURATED,single_mcq,"hi,en",FULLY_MAPPED,CURATED_REFERENCE_KEY,UNIQUE_VERIFIED,CLEAN_VERIFIED,PRACTICE_ELIGIBLE
q-c12-chm-0007,src-human-curation-bank,comp-cbse-board-cls12-sci-chemistry,2026,Chemistry Theory Paper,Chemistry,1,HUMAN_CURATED,single_mcq,"hi,en",FULLY_MAPPED,CURATED_REFERENCE_KEY,UNIQUE_VERIFIED,CLEAN_VERIFIED,PRACTICE_ELIGIBLE
q-c12-chm-0008,src-human-curation-bank,comp-cbse-board-cls12-sci-chemistry,2026,Chemistry Theory Paper,Chemistry,1,HUMAN_CURATED,single_mcq,"hi,en",FULLY_MAPPED,CURATED_REFERENCE_KEY,UNIQUE_VERIFIED,CLEAN_VERIFIED,PRACTICE_ELIGIBLE
q-c12-chm-0009,src-human-curation-bank,comp-cbse-board-cls12-sci-chemistry,2026,Chemistry Theory Paper,Chemistry,1,HUMAN_CURATED,single_mcq,"hi,en",FULLY_MAPPED,CURATED_REFERENCE_KEY,UNIQUE_VERIFIED,CLEAN_VERIFIED,PRACTICE_ELIGIBLE
q-c12-chm-0010,src-human-curation-bank,comp-cbse-board-cls12-sci-chemistry,2026,Chemistry Theory Paper,Chemistry,1,HUMAN_CURATED,single_mcq,"hi,en",FULLY_MAPPED,CURATED_REFERENCE_KEY,UNIQUE_VERIFIED,CLEAN_VERIFIED,PRACTICE_ELIGIBLE
q-c12-chm-0011,src-human-curation-bank,comp-cbse-board-cls12-sci-chemistry,2026,Chemistry Theory Paper,Chemistry,1,HUMAN_CURATED,single_mcq,"hi,en",FULLY_MAPPED,CURATED_REFERENCE_KEY,UNIQUE_VERIFIED,CLEAN_VERIFIED,PRACTICE_ELIGIBLE
q-c12-chm-0012,src-human-curation-bank,comp-cbse-board-cls12-sci-chemistry,2026,Chemistry Theory Paper,Chemistry,1,HUMAN_CURATED,single_mcq,"hi,en",FULLY_MAPPED,CURATED_REFERENCE_KEY,UNIQUE_VERIFIED,CLEAN_VERIFIED,PRACTICE_ELIGIBLE
q-c12-chm-0013,src-human-curation-bank,comp-cbse-board-cls12-sci-chemistry,2026,Chemistry Theory Paper,Chemistry,1,HUMAN_CURATED,single_mcq,"hi,en",FULLY_MAPPED,CURATED_REFERENCE_KEY,UNIQUE_VERIFIED,CLEAN_VERIFIED,PRACTICE_ELIGIBLE
q-c12-chm-0014,src-human-curation-bank,comp-cbse-board-cls12-sci-chemistry,2026,Chemistry Theory Paper,Chemistry,1,HUMAN_CURATED,single_mcq,"hi,en",FULLY_MAPPED,CURATED_REFERENCE_KEY,UNIQUE_VERIFIED,CLEAN_VERIFIED,PRACTICE_ELIGIBLE
q-c12-chm-0015,src-human-curation-bank,comp-cbse-board-cls12-sci-chemistry,2026,Chemistry Theory Paper,Chemistry,1,HUMAN_CURATED,single_mcq,"hi,en",FULLY_MAPPED,CURATED_REFERENCE_KEY,UNIQUE_VERIFIED,CLEAN_VERIFIED,PRACTICE_ELIGIBLE
q-c12-chm-0016,src-human-curation-bank,comp-cbse-board-cls12-sci-chemistry,2026,Chemistry Theory Paper,Chemistry,1,HUMAN_CURATED,single_mcq,"hi,en",FULLY_MAPPED,CURATED_REFERENCE_KEY,UNIQUE_VERIFIED,CLEAN_VERIFIED,PRACTICE_ELIGIBLE
q-c12-chm-0017,src-human-curation-bank,comp-cbse-board-cls12-sci-chemistry,2026,Chemistry Theory Paper,Chemistry,1,HUMAN_CURATED,single_mcq,"hi,en",FULLY_MAPPED,CURATED_REFERENCE_KEY,UNIQUE_VERIFIED,CLEAN_VERIFIED,PRACTICE_ELIGIBLE
q-c12-chm-0018,src-human-curation-bank,comp-cbse-board-cls12-sci-chemistry,2026,Chemistry Theory Paper,Chemistry,1,HUMAN_CURATED,single_mcq,"hi,en",FULLY_MAPPED,CURATED_REFERENCE_KEY,UNIQUE_VERIFIED,CLEAN_VERIFIED,PRACTICE_ELIGIBLE
q-c12-chm-0019,src-human-curation-bank,comp-cbse-board-cls12-sci-chemistry,2026,Chemistry Theory Paper,Chemistry,1,HUMAN_CURATED,single_mcq,"hi,en",FULLY_MAPPED,CURATED_REFERENCE_KEY,UNIQUE_VERIFIED,CLEAN_VERIFIED,PRACTICE_ELIGIBLE
q-c12-chm-0020,src-human-curation-bank,comp-cbse-board-cls12-sci-chemistry,2026,Chemistry Theory Paper,Chemistry,1,HUMAN_CURATED,single_mcq,"hi,en",FULLY_MAPPED,CURATED_REFERENCE_KEY,UNIQUE_VERIFIED,CLEAN_VERIFIED,PRACTICE_ELIGIBLE
q-c12-chm-0021,src-human-curation-bank,comp-cbse-board-cls12-sci-chemistry,2026,Chemistry Theory Paper,Chemistry,1,HUMAN_CURATED,single_mcq,"hi,en",FULLY_MAPPED,CURATED_REFERENCE_KEY,UNIQUE_VERIFIED,CLEAN_VERIFIED,PRACTICE_ELIGIBLE
q-c12-chm-0022,src-human-curation-bank,comp-cbse-board-cls12-sci-chemistry,2026,Chemistry Theory Paper,Chemistry,1,HUMAN_CURATED,single_mcq,"hi,en",FULLY_MAPPED,CURATED_REFERENCE_KEY,UNIQUE_VERIFIED,CLEAN_VERIFIED,PRACTICE_ELIGIBLE
q-c12-chm-0023,src-human-curation-bank,comp-cbse-board-cls12-sci-chemistry,2026,Chemistry Theory Paper,Chemistry,1,HUMAN_CURATED,single_mcq,"hi,en",FULLY_MAPPED,CURATED_REFERENCE_KEY,UNIQUE_VERIFIED,CLEAN_VERIFIED,PRACTICE_ELIGIBLE
q-c12-chm-0024,src-human-curation-bank,comp-cbse-board-cls12-sci-chemistry,2026,Chemistry Theory Paper,Chemistry,1,HUMAN_CURATED,single_mcq,"hi,en",FULLY_MAPPED,CURATED_REFERENCE_KEY,UNIQUE_VERIFIED,CLEAN_VERIFIED,PRACTICE_ELIGIBLE
q-c12-chm-0025,src-human-curation-bank,comp-cbse-board-cls12-sci-chemistry,2026,Chemistry Theory Paper,Chemistry,1,HUMAN_CURATED,single_mcq,"hi,en",FULLY_MAPPED,CURATED_REFERENCE_KEY,UNIQUE_VERIFIED,CLEAN_VERIFIED,PRACTICE_ELIGIBLE
q-c12-chm-0026,src-human-curation-bank,comp-cbse-board-cls12-sci-chemistry,2026,Chemistry Theory Paper,Chemistry,1,HUMAN_CURATED,single_mcq,"hi,en",FULLY_MAPPED,CURATED_REFERENCE_KEY,UNIQUE_VERIFIED,CLEAN_VERIFIED,PRACTICE_ELIGIBLE
q-c12-chm-0027,src-human-curation-bank,comp-cbse-board-cls12-sci-chemistry,2026,Chemistry Theory Paper,Chemistry,1,HUMAN_CURATED,single_mcq,"hi,en",FULLY_MAPPED,CURATED_REFERENCE_KEY,UNIQUE_VERIFIED,CLEAN_VERIFIED,PRACTICE_ELIGIBLE
q-c12-chm-0028,src-human-curation-bank,comp-cbse-board-cls12-sci-chemistry,2026,Chemistry Theory Paper,Chemistry,1,HUMAN_CURATED,single_mcq,"hi,en",FULLY_MAPPED,CURATED_REFERENCE_KEY,UNIQUE_VERIFIED,CLEAN_VERIFIED,PRACTICE_ELIGIBLE
q-c12-chm-0029,src-human-curation-bank,comp-cbse-board-cls12-sci-chemistry,2026,Chemistry Theory Paper,Chemistry,1,HUMAN_CURATED,single_mcq,"hi,en",FULLY_MAPPED,CURATED_REFERENCE_KEY,UNIQUE_VERIFIED,CLEAN_VERIFIED,PRACTICE_ELIGIBLE
q-c12-chm-0030,src-human-curation-bank,comp-cbse-board-cls12-sci-chemistry,2026,Chemistry Theory Paper,Chemistry,1,HUMAN_CURATED,single_mcq,"hi,en",FULLY_MAPPED,CURATED_REFERENCE_KEY,UNIQUE_VERIFIED,CLEAN_VERIFIED,PRACTICE_ELIGIBLE
q-c12-chm-0031,src-human-curation-bank,comp-cbse-board-cls12-sci-chemistry,2026,Chemistry Theory Paper,Chemistry,1,HUMAN_CURATED,single_mcq,"hi,en",FULLY_MAPPED,CURATED_REFERENCE_KEY,UNIQUE_VERIFIED,CLEAN_VERIFIED,PRACTICE_ELIGIBLE
q-c12-chm-0032,src-human-curation-bank,comp-cbse-board-cls12-sci-chemistry,2026,Chemistry Theory Paper,Chemistry,1,HUMAN_CURATED,single_mcq,"hi,en",FULLY_MAPPED,CURATED_REFERENCE_KEY,UNIQUE_VERIFIED,CLEAN_VERIFIED,PRACTICE_ELIGIBLE
q-c12-chm-0033,src-human-curation-bank,comp-cbse-board-cls12-sci-chemistry,2026,Chemistry Theory Paper,Chemistry,1,HUMAN_CURATED,single_mcq,"hi,en",FULLY_MAPPED,CURATED_REFERENCE_KEY,UNIQUE_VERIFIED,CLEAN_VERIFIED,PRACTICE_ELIGIBLE
q-c12-chm-0034,src-human-curation-bank,comp-cbse-board-cls12-sci-chemistry,2026,Chemistry Theory Paper,Chemistry,1,HUMAN_CURATED,single_mcq,"hi,en",FULLY_MAPPED,CURATED_REFERENCE_KEY,UNIQUE_VERIFIED,CLEAN_VERIFIED,PRACTICE_ELIGIBLE
q-c12-chm-0035,src-human-curation-bank,comp-cbse-board-cls12-sci-chemistry,2026,Chemistry Theory Paper,Chemistry,1,HUMAN_CURATED,single_mcq,"hi,en",FULLY_MAPPED,CURATED_REFERENCE_KEY,UNIQUE_VERIFIED,CLEAN_VERIFIED,PRACTICE_ELIGIBLE
q-c12-eco-0001,src-human-curation-bank,comp-cbse-board-cls12-com-economics,2026,Economics Theory Paper,Economics,1,HUMAN_CURATED,single_mcq,"hi,en",FULLY_MAPPED,CURATED_REFERENCE_KEY,UNIQUE_VERIFIED,CLEAN_VERIFIED,PRACTICE_ELIGIBLE
q-c12-eco-0002,src-human-curation-bank,comp-cbse-board-cls12-com-economics,2026,Economics Theory Paper,Economics,1,HUMAN_CURATED,single_mcq,"hi,en",FULLY_MAPPED,CURATED_REFERENCE_KEY,UNIQUE_VERIFIED,CLEAN_VERIFIED,PRACTICE_ELIGIBLE
q-c12-eco-0003,src-human-curation-bank,comp-cbse-board-cls12-com-economics,2026,Economics Theory Paper,Economics,1,HUMAN_CURATED,single_mcq,"hi,en",FULLY_MAPPED,CURATED_REFERENCE_KEY,UNIQUE_VERIFIED,CLEAN_VERIFIED,PRACTICE_ELIGIBLE
q-c12-eco-0004,src-human-curation-bank,comp-cbse-board-cls12-com-economics,2026,Economics Theory Paper,Economics,1,HUMAN_CURATED,single_mcq,"hi,en",FULLY_MAPPED,CURATED_REFERENCE_KEY,UNIQUE_VERIFIED,CLEAN_VERIFIED,PRACTICE_ELIGIBLE
q-c12-eco-0005,src-human-curation-bank,comp-cbse-board-cls12-com-economics,2026,Economics Theory Paper,Economics,1,HUMAN_CURATED,single_mcq,"hi,en",FULLY_MAPPED,CURATED_REFERENCE_KEY,UNIQUE_VERIFIED,CLEAN_VERIFIED,PRACTICE_ELIGIBLE
q-c12-eco-0006,src-human-curation-bank,comp-cbse-board-cls12-com-economics,2026,Economics Theory Paper,Economics,1,HUMAN_CURATED,single_mcq,"hi,en",FULLY_MAPPED,CURATED_REFERENCE_KEY,UNIQUE_VERIFIED,CLEAN_VERIFIED,PRACTICE_ELIGIBLE
q-c12-eco-0007,src-human-curation-bank,comp-cbse-board-cls12-com-economics,2026,Economics Theory Paper,Economics,1,HUMAN_CURATED,single_mcq,"hi,en",FULLY_MAPPED,CURATED_REFERENCE_KEY,UNIQUE_VERIFIED,CLEAN_VERIFIED,PRACTICE_ELIGIBLE
q-c12-eco-0008,src-human-curation-bank,comp-cbse-board-cls12-com-economics,2026,Economics Theory Paper,Economics,1,HUMAN_CURATED,single_mcq,"hi,en",FULLY_MAPPED,CURATED_REFERENCE_KEY,UNIQUE_VERIFIED,CLEAN_VERIFIED,PRACTICE_ELIGIBLE
q-c12-eco-0009,src-human-curation-bank,comp-cbse-board-cls12-com-economics,2026,Economics Theory Paper,Economics,1,HUMAN_CURATED,single_mcq,"hi,en",FULLY_MAPPED,CURATED_REFERENCE_KEY,UNIQUE_VERIFIED,CLEAN_VERIFIED,PRACTICE_ELIGIBLE
q-c12-eco-0010,src-human-curation-bank,comp-cbse-board-cls12-com-economics,2026,Economics Theory Paper,Economics,1,HUMAN_CURATED,single_mcq,"hi,en",FULLY_MAPPED,CURATED_REFERENCE_KEY,UNIQUE_VERIFIED,CLEAN_VERIFIED,PRACTICE_ELIGIBLE
q-c12-eco-0011,src-human-curation-bank,comp-cbse-board-cls12-com-economics,2026,Economics Theory Paper,Economics,1,HUMAN_CURATED,single_mcq,"hi,en",FULLY_MAPPED,CURATED_REFERENCE_KEY,UNIQUE_VERIFIED,CLEAN_VERIFIED,PRACTICE_ELIGIBLE
q-c12-eco-0012,src-human-curation-bank,comp-cbse-board-cls12-com-economics,2026,Economics Theory Paper,Economics,1,HUMAN_CURATED,single_mcq,"hi,en",FULLY_MAPPED,CURATED_REFERENCE_KEY,UNIQUE_VERIFIED,CLEAN_VERIFIED,PRACTICE_ELIGIBLE
q-c12-geo-0001,src-human-curation-bank,comp-general,2026,Geography Theory Paper,Geography,1,HUMAN_CURATED,single_mcq,"hi,en",PARTIALLY_MAPPED,CURATED_REFERENCE_KEY,UNIQUE_VERIFIED,CLEAN_VERIFIED,PRACTICE_ELIGIBLE
q-c12-geo-0002,src-human-curation-bank,comp-general,2026,Geography Theory Paper,Geography,1,HUMAN_CURATED,single_mcq,"hi,en",PARTIALLY_MAPPED,CURATED_REFERENCE_KEY,UNIQUE_VERIFIED,CLEAN_VERIFIED,PRACTICE_ELIGIBLE
q-c12-geo-0003,src-human-curation-bank,comp-general,2026,Geography Theory Paper,Geography,1,HUMAN_CURATED,single_mcq,"hi,en",PARTIALLY_MAPPED,CURATED_REFERENCE_KEY,UNIQUE_VERIFIED,CLEAN_VERIFIED,PRACTICE_ELIGIBLE
q-c12-geo-0004,src-human-curation-bank,comp-general,2026,Geography Theory Paper,Geography,1,HUMAN_CURATED,single_mcq,"hi,en",PARTIALLY_MAPPED,CURATED_REFERENCE_KEY,UNIQUE_VERIFIED,CLEAN_VERIFIED,PRACTICE_ELIGIBLE
q-c12-geo-0005,src-human-curation-bank,comp-general,2026,Geography Theory Paper,Geography,1,HUMAN_CURATED,single_mcq,"hi,en",PARTIALLY_MAPPED,CURATED_REFERENCE_KEY,UNIQUE_VERIFIED,CLEAN_VERIFIED,PRACTICE_ELIGIBLE
q-c12-geo-0006,src-human-curation-bank,comp-general,2026,Geography Theory Paper,Geography,1,HUMAN_CURATED,single_mcq,"hi,en",PARTIALLY_MAPPED,CURATED_REFERENCE_KEY,UNIQUE_VERIFIED,CLEAN_VERIFIED,PRACTICE_ELIGIBLE
q-c12-geo-0007,src-human-curation-bank,comp-general,2026,Geography Theory Paper,Geography,1,HUMAN_CURATED,single_mcq,"hi,en",PARTIALLY_MAPPED,CURATED_REFERENCE_KEY,UNIQUE_VERIFIED,CLEAN_VERIFIED,PRACTICE_ELIGIBLE
q-c12-geo-0008,src-human-curation-bank,comp-general,2026,Geography Theory Paper,Geography,1,HUMAN_CURATED,single_mcq,"hi,en",PARTIALLY_MAPPED,CURATED_REFERENCE_KEY,UNIQUE_VERIFIED,CLEAN_VERIFIED,PRACTICE_ELIGIBLE
q-c12-geo-0009,src-human-curation-bank,comp-general,2026,Geography Theory Paper,Geography,1,HUMAN_CURATED,single_mcq,"hi,en",PARTIALLY_MAPPED,CURATED_REFERENCE_KEY,UNIQUE_VERIFIED,CLEAN_VERIFIED,PRACTICE_ELIGIBLE
q-c12-geo-0010,src-human-curation-bank,comp-general,2026,Geography Theory Paper,Geography,1,HUMAN_CURATED,single_mcq,"hi,en",PARTIALLY_MAPPED,CURATED_REFERENCE_KEY,UNIQUE_VERIFIED,CLEAN_VERIFIED,PRACTICE_ELIGIBLE
q-c12-geo-0011,src-human-curation-bank,comp-general,2026,Geography Theory Paper,Geography,1,HUMAN_CURATED,single_mcq,"hi,en",PARTIALLY_MAPPED,CURATED_REFERENCE_KEY,UNIQUE_VERIFIED,CLEAN_VERIFIED,PRACTICE_ELIGIBLE
q-c12-geo-0012,src-human-curation-bank,comp-general,2026,Geography Theory Paper,Geography,1,HUMAN_CURATED,single_mcq,"hi,en",PARTIALLY_MAPPED,CURATED_REFERENCE_KEY,UNIQUE_VERIFIED,CLEAN_VERIFIED,PRACTICE_ELIGIBLE
q-c12-his-0001,src-human-curation-bank,comp-general,2026,History Theory Paper,History,1,HUMAN_CURATED,single_mcq,"hi,en",PARTIALLY_MAPPED,CURATED_REFERENCE_KEY,UNIQUE_VERIFIED,CLEAN_VERIFIED,PRACTICE_ELIGIBLE
q-c12-his-0002,src-human-curation-bank,comp-general,2026,History Theory Paper,History,1,HUMAN_CURATED,single_mcq,"hi,en",PARTIALLY_MAPPED,CURATED_REFERENCE_KEY,UNIQUE_VERIFIED,CLEAN_VERIFIED,PRACTICE_ELIGIBLE
q-c12-his-0003,src-human-curation-bank,comp-general,2026,History Theory Paper,History,1,HUMAN_CURATED,single_mcq,"hi,en",PARTIALLY_MAPPED,CURATED_REFERENCE_KEY,UNIQUE_VERIFIED,CLEAN_VERIFIED,PRACTICE_ELIGIBLE
q-c12-his-0004,src-human-curation-bank,comp-general,2026,History Theory Paper,History,1,HUMAN_CURATED,single_mcq,"hi,en",PARTIALLY_MAPPED,CURATED_REFERENCE_KEY,UNIQUE_VERIFIED,CLEAN_VERIFIED,PRACTICE_ELIGIBLE
q-c12-his-0005,src-human-curation-bank,comp-general,2026,History Theory Paper,History,1,HUMAN_CURATED,single_mcq,"hi,en",PARTIALLY_MAPPED,CURATED_REFERENCE_KEY,UNIQUE_VERIFIED,CLEAN_VERIFIED,PRACTICE_ELIGIBLE
q-c12-his-0006,src-human-curation-bank,comp-general,2026,History Theory Paper,History,1,HUMAN_CURATED,single_mcq,"hi,en",PARTIALLY_MAPPED,CURATED_REFERENCE_KEY,UNIQUE_VERIFIED,CLEAN_VERIFIED,PRACTICE_ELIGIBLE
q-c12-his-0007,src-human-curation-bank,comp-general,2026,History Theory Paper,History,1,HUMAN_CURATED,single_mcq,"hi,en",PARTIALLY_MAPPED,CURATED_REFERENCE_KEY,UNIQUE_VERIFIED,CLEAN_VERIFIED,PRACTICE_ELIGIBLE
q-c12-his-0008,src-human-curation-bank,comp-general,2026,History Theory Paper,History,1,HUMAN_CURATED,single_mcq,"hi,en",PARTIALLY_MAPPED,CURATED_REFERENCE_KEY,UNIQUE_VERIFIED,CLEAN_VERIFIED,PRACTICE_ELIGIBLE
q-c12-his-0009,src-human-curation-bank,comp-general,2026,History Theory Paper,History,1,HUMAN_CURATED,single_mcq,"hi,en",PARTIALLY_MAPPED,CURATED_REFERENCE_KEY,UNIQUE_VERIFIED,CLEAN_VERIFIED,PRACTICE_ELIGIBLE
q-c12-his-0010,src-human-curation-bank,comp-general,2026,History Theory Paper,History,1,HUMAN_CURATED,single_mcq,"hi,en",PARTIALLY_MAPPED,CURATED_REFERENCE_KEY,UNIQUE_VERIFIED,CLEAN_VERIFIED,PRACTICE_ELIGIBLE
q-c12-his-0011,src-human-curation-bank,comp-general,2026,History Theory Paper,History,1,HUMAN_CURATED,single_mcq,"hi,en",PARTIALLY_MAPPED,CURATED_REFERENCE_KEY,UNIQUE_VERIFIED,CLEAN_VERIFIED,PRACTICE_ELIGIBLE
q-c12-his-0012,src-human-curation-bank,comp-general,2026,History Theory Paper,History,1,HUMAN_CURATED,single_mcq,"hi,en",PARTIALLY_MAPPED,CURATED_REFERENCE_KEY,UNIQUE_VERIFIED,CLEAN_VERIFIED,PRACTICE_ELIGIBLE
q-c12-math-0001,src-human-curation-bank,comp-cbse-board-cls12-sci-math,2026,Mathematics Theory Paper,Higher Mathematics,1,HUMAN_CURATED,single_mcq,"hi,en",FULLY_MAPPED,CURATED_REFERENCE_KEY,UNIQUE_VERIFIED,CLEAN_VERIFIED,PRACTICE_ELIGIBLE
q-c12-math-0002,src-human-curation-bank,comp-cbse-board-cls12-sci-math,2026,Mathematics Theory Paper,Higher Mathematics,1,HUMAN_CURATED,single_mcq,"hi,en",FULLY_MAPPED,CURATED_REFERENCE_KEY,UNIQUE_VERIFIED,CLEAN_VERIFIED,PRACTICE_ELIGIBLE
q-c12-math-0003,src-human-curation-bank,comp-cbse-board-cls12-sci-math,2026,Mathematics Theory Paper,Higher Mathematics,1,HUMAN_CURATED,single_mcq,"hi,en",FULLY_MAPPED,CURATED_REFERENCE_KEY,UNIQUE_VERIFIED,CLEAN_VERIFIED,PRACTICE_ELIGIBLE
q-c12-math-0004,src-human-curation-bank,comp-cbse-board-cls12-sci-math,2026,Mathematics Theory Paper,Higher Mathematics,1,HUMAN_CURATED,single_mcq,"hi,en",FULLY_MAPPED,CURATED_REFERENCE_KEY,UNIQUE_VERIFIED,CLEAN_VERIFIED,PRACTICE_ELIGIBLE
q-c12-math-0005,src-human-curation-bank,comp-cbse-board-cls12-sci-math,2026,Mathematics Theory Paper,Higher Mathematics,1,HUMAN_CURATED,single_mcq,"hi,en",FULLY_MAPPED,CURATED_REFERENCE_KEY,UNIQUE_VERIFIED,CLEAN_VERIFIED,PRACTICE_ELIGIBLE
q-c12-math-0006,src-human-curation-bank,comp-cbse-board-cls12-sci-math,2026,Mathematics Theory Paper,Higher Mathematics,1,HUMAN_CURATED,single_mcq,"hi,en",FULLY_MAPPED,CURATED_REFERENCE_KEY,UNIQUE_VERIFIED,CLEAN_VERIFIED,PRACTICE_ELIGIBLE
q-c12-math-0007,src-human-curation-bank,comp-cbse-board-cls12-sci-math,2026,Mathematics Theory Paper,Higher Mathematics,1,HUMAN_CURATED,single_mcq,"hi,en",FULLY_MAPPED,CURATED_REFERENCE_KEY,UNIQUE_VERIFIED,CLEAN_VERIFIED,PRACTICE_ELIGIBLE
q-c12-math-0008,src-human-curation-bank,comp-cbse-board-cls12-sci-math,2026,Mathematics Theory Paper,Higher Mathematics,1,HUMAN_CURATED,single_mcq,"hi,en",FULLY_MAPPED,CURATED_REFERENCE_KEY,UNIQUE_VERIFIED,CLEAN_VERIFIED,PRACTICE_ELIGIBLE
q-c12-math-0009,src-human-curation-bank,comp-cbse-board-cls12-sci-math,2026,Mathematics Theory Paper,Higher Mathematics,1,HUMAN_CURATED,single_mcq,"hi,en",FULLY_MAPPED,CURATED_REFERENCE_KEY,UNIQUE_VERIFIED,CLEAN_VERIFIED,PRACTICE_ELIGIBLE
q-c12-math-0010,src-human-curation-bank,comp-cbse-board-cls12-sci-math,2026,Mathematics Theory Paper,Higher Mathematics,1,HUMAN_CURATED,single_mcq,"hi,en",FULLY_MAPPED,CURATED_REFERENCE_KEY,UNIQUE_VERIFIED,CLEAN_VERIFIED,PRACTICE_ELIGIBLE
q-c12-math-0011,src-human-curation-bank,comp-cbse-board-cls12-sci-math,2026,Mathematics Theory Paper,Higher Mathematics,1,HUMAN_CURATED,single_mcq,"hi,en",FULLY_MAPPED,CURATED_REFERENCE_KEY,UNIQUE_VERIFIED,CLEAN_VERIFIED,PRACTICE_ELIGIBLE
q-c12-math-0012,src-human-curation-bank,comp-cbse-board-cls12-sci-math,2026,Mathematics Theory Paper,Higher Mathematics,1,HUMAN_CURATED,single_mcq,"hi,en",FULLY_MAPPED,CURATED_REFERENCE_KEY,UNIQUE_VERIFIED,CLEAN_VERIFIED,PRACTICE_ELIGIBLE
q-c12-math-0013,src-human-curation-bank,comp-cbse-board-cls12-sci-math,2026,Mathematics Theory Paper,Higher Mathematics,1,HUMAN_CURATED,single_mcq,"hi,en",FULLY_MAPPED,CURATED_REFERENCE_KEY,UNIQUE_VERIFIED,CLEAN_VERIFIED,PRACTICE_ELIGIBLE
q-c12-math-0014,src-human-curation-bank,comp-cbse-board-cls12-sci-math,2026,Mathematics Theory Paper,Higher Mathematics,1,HUMAN_CURATED,single_mcq,"hi,en",FULLY_MAPPED,CURATED_REFERENCE_KEY,UNIQUE_VERIFIED,CLEAN_VERIFIED,PRACTICE_ELIGIBLE
q-c12-math-0015,src-human-curation-bank,comp-cbse-board-cls12-sci-math,2026,Mathematics Theory Paper,Higher Mathematics,1,HUMAN_CURATED,single_mcq,"hi,en",FULLY_MAPPED,CURATED_REFERENCE_KEY,UNIQUE_VERIFIED,CLEAN_VERIFIED,PRACTICE_ELIGIBLE
q-c12-math-0016,src-human-curation-bank,comp-cbse-board-cls12-sci-math,2026,Mathematics Theory Paper,Higher Mathematics,1,HUMAN_CURATED,single_mcq,"hi,en",FULLY_MAPPED,CURATED_REFERENCE_KEY,UNIQUE_VERIFIED,CLEAN_VERIFIED,PRACTICE_ELIGIBLE
q-c12-math-0017,src-human-curation-bank,comp-cbse-board-cls12-sci-math,2026,Mathematics Theory Paper,Higher Mathematics,1,HUMAN_CURATED,single_mcq,"hi,en",FULLY_MAPPED,CURATED_REFERENCE_KEY,UNIQUE_VERIFIED,CLEAN_VERIFIED,PRACTICE_ELIGIBLE
q-c12-math-0018,src-human-curation-bank,comp-cbse-board-cls12-sci-math,2026,Mathematics Theory Paper,Higher Mathematics,1,HUMAN_CURATED,single_mcq,"hi,en",FULLY_MAPPED,CURATED_REFERENCE_KEY,UNIQUE_VERIFIED,CLEAN_VERIFIED,PRACTICE_ELIGIBLE
q-c12-math-0019,src-human-curation-bank,comp-cbse-board-cls12-sci-math,2026,Mathematics Theory Paper,Higher Mathematics,1,HUMAN_CURATED,single_mcq,"hi,en",FULLY_MAPPED,CURATED_REFERENCE_KEY,UNIQUE_VERIFIED,CLEAN_VERIFIED,PRACTICE_ELIGIBLE
q-c12-math-0020,src-human-curation-bank,comp-cbse-board-cls12-sci-math,2026,Mathematics Theory Paper,Higher Mathematics,1,HUMAN_CURATED,single_mcq,"hi,en",FULLY_MAPPED,CURATED_REFERENCE_KEY,UNIQUE_VERIFIED,CLEAN_VERIFIED,PRACTICE_ELIGIBLE
q-c12-math-0021,src-human-curation-bank,comp-cbse-board-cls12-sci-math,2026,Mathematics Theory Paper,Higher Mathematics,1,HUMAN_CURATED,single_mcq,"hi,en",FULLY_MAPPED,CURATED_REFERENCE_KEY,UNIQUE_VERIFIED,CLEAN_VERIFIED,PRACTICE_ELIGIBLE
q-c12-math-0022,src-human-curation-bank,comp-cbse-board-cls12-sci-math,2026,Mathematics Theory Paper,Higher Mathematics,1,HUMAN_CURATED,single_mcq,"hi,en",FULLY_MAPPED,CURATED_REFERENCE_KEY,UNIQUE_VERIFIED,CLEAN_VERIFIED,PRACTICE_ELIGIBLE
q-c12-math-0023,src-human-curation-bank,comp-cbse-board-cls12-sci-math,2026,Mathematics Theory Paper,Higher Mathematics,1,HUMAN_CURATED,single_mcq,"hi,en",FULLY_MAPPED,CURATED_REFERENCE_KEY,UNIQUE_VERIFIED,CLEAN_VERIFIED,PRACTICE_ELIGIBLE
q-c12-math-0024,src-human-curation-bank,comp-cbse-board-cls12-sci-math,2026,Mathematics Theory Paper,Higher Mathematics,1,HUMAN_CURATED,single_mcq,"hi,en",FULLY_MAPPED,CURATED_REFERENCE_KEY,UNIQUE_VERIFIED,CLEAN_VERIFIED,PRACTICE_ELIGIBLE
q-c12-math-0025,src-human-curation-bank,comp-cbse-board-cls12-sci-math,2026,Mathematics Theory Paper,Higher Mathematics,1,HUMAN_CURATED,single_mcq,"hi,en",FULLY_MAPPED,CURATED_REFERENCE_KEY,UNIQUE_VERIFIED,CLEAN_VERIFIED,PRACTICE_ELIGIBLE
q-c12-math-0026,src-human-curation-bank,comp-cbse-board-cls12-sci-math,2026,Mathematics Theory Paper,Higher Mathematics,1,HUMAN_CURATED,single_mcq,"hi,en",FULLY_MAPPED,CURATED_REFERENCE_KEY,UNIQUE_VERIFIED,CLEAN_VERIFIED,PRACTICE_ELIGIBLE
q-c12-math-0027,src-human-curation-bank,comp-cbse-board-cls12-sci-math,2026,Mathematics Theory Paper,Higher Mathematics,1,HUMAN_CURATED,single_mcq,"hi,en",FULLY_MAPPED,CURATED_REFERENCE_KEY,UNIQUE_VERIFIED,CLEAN_VERIFIED,PRACTICE_ELIGIBLE
q-c12-math-0028,src-human-curation-bank,comp-cbse-board-cls12-sci-math,2026,Mathematics Theory Paper,Higher Mathematics,1,HUMAN_CURATED,single_mcq,"hi,en",FULLY_MAPPED,CURATED_REFERENCE_KEY,UNIQUE_VERIFIED,CLEAN_VERIFIED,PRACTICE_ELIGIBLE
q-c12-math-0029,src-human-curation-bank,comp-cbse-board-cls12-sci-math,2026,Mathematics Theory Paper,Higher Mathematics,1,HUMAN_CURATED,single_mcq,"hi,en",FULLY_MAPPED,CURATED_REFERENCE_KEY,UNIQUE_VERIFIED,CLEAN_VERIFIED,PRACTICE_ELIGIBLE
q-c12-math-0030,src-human-curation-bank,comp-cbse-board-cls12-sci-math,2026,Mathematics Theory Paper,Higher Mathematics,1,HUMAN_CURATED,single_mcq,"hi,en",FULLY_MAPPED,CURATED_REFERENCE_KEY,UNIQUE_VERIFIED,CLEAN_VERIFIED,PRACTICE_ELIGIBLE
q-c12-math-0031,src-human-curation-bank,comp-cbse-board-cls12-sci-math,2026,Mathematics Theory Paper,Higher Mathematics,1,HUMAN_CURATED,single_mcq,"hi,en",FULLY_MAPPED,CURATED_REFERENCE_KEY,UNIQUE_VERIFIED,CLEAN_VERIFIED,PRACTICE_ELIGIBLE
q-c12-math-0032,src-human-curation-bank,comp-cbse-board-cls12-sci-math,2026,Mathematics Theory Paper,Higher Mathematics,1,HUMAN_CURATED,single_mcq,"hi,en",FULLY_MAPPED,CURATED_REFERENCE_KEY,UNIQUE_VERIFIED,CLEAN_VERIFIED,PRACTICE_ELIGIBLE
q-c12-math-0033,src-human-curation-bank,comp-cbse-board-cls12-sci-math,2026,Mathematics Theory Paper,Higher Mathematics,1,HUMAN_CURATED,single_mcq,"hi,en",FULLY_MAPPED,CURATED_REFERENCE_KEY,UNIQUE_VERIFIED,CLEAN_VERIFIED,PRACTICE_ELIGIBLE
q-c12-math-0034,src-human-curation-bank,comp-cbse-board-cls12-sci-math,2026,Mathematics Theory Paper,Higher Mathematics,1,HUMAN_CURATED,single_mcq,"hi,en",FULLY_MAPPED,CURATED_REFERENCE_KEY,UNIQUE_VERIFIED,CLEAN_VERIFIED,PRACTICE_ELIGIBLE
q-c12-math-0035,src-human-curation-bank,comp-cbse-board-cls12-sci-math,2026,Mathematics Theory Paper,Higher Mathematics,1,HUMAN_CURATED,single_mcq,"hi,en",FULLY_MAPPED,CURATED_REFERENCE_KEY,UNIQUE_VERIFIED,CLEAN_VERIFIED,PRACTICE_ELIGIBLE
q-c12-math-0036,src-human-curation-bank,comp-cbse-board-cls12-sci-math,2026,Mathematics Theory Paper,Higher Mathematics,1,HUMAN_CURATED,single_mcq,"hi,en",FULLY_MAPPED,CURATED_REFERENCE_KEY,UNIQUE_VERIFIED,CLEAN_VERIFIED,PRACTICE_ELIGIBLE
q-c12-math-0037,src-human-curation-bank,comp-cbse-board-cls12-sci-math,2026,Mathematics Theory Paper,Higher Mathematics,1,HUMAN_CURATED,single_mcq,"hi,en",FULLY_MAPPED,CURATED_REFERENCE_KEY,UNIQUE_VERIFIED,CLEAN_VERIFIED,PRACTICE_ELIGIBLE
q-c12-math-0038,src-human-curation-bank,comp-cbse-board-cls12-sci-math,2026,Mathematics Theory Paper,Higher Mathematics,1,HUMAN_CURATED,single_mcq,"hi,en",FULLY_MAPPED,CURATED_REFERENCE_KEY,UNIQUE_VERIFIED,CLEAN_VERIFIED,PRACTICE_ELIGIBLE
q-c12-math-0039,src-human-curation-bank,comp-cbse-board-cls12-sci-math,2026,Mathematics Theory Paper,Higher Mathematics,1,HUMAN_CURATED,single_mcq,"hi,en",FULLY_MAPPED,CURATED_REFERENCE_KEY,UNIQUE_VERIFIED,CLEAN_VERIFIED,PRACTICE_ELIGIBLE
q-c12-math-0040,src-human-curation-bank,comp-cbse-board-cls12-sci-math,2026,Mathematics Theory Paper,Higher Mathematics,1,HUMAN_CURATED,single_mcq,"hi,en",FULLY_MAPPED,CURATED_REFERENCE_KEY,UNIQUE_VERIFIED,CLEAN_VERIFIED,PRACTICE_ELIGIBLE
q-c12-math-0041,src-human-curation-bank,comp-cbse-board-cls12-sci-math,2026,Mathematics Theory Paper,Higher Mathematics,1,HUMAN_CURATED,single_mcq,"hi,en",FULLY_MAPPED,CURATED_REFERENCE_KEY,UNIQUE_VERIFIED,CLEAN_VERIFIED,PRACTICE_ELIGIBLE
q-c12-math-0042,src-human-curation-bank,comp-cbse-board-cls12-sci-math,2026,Mathematics Theory Paper,Higher Mathematics,1,HUMAN_CURATED,single_mcq,"hi,en",FULLY_MAPPED,CURATED_REFERENCE_KEY,UNIQUE_VERIFIED,CLEAN_VERIFIED,PRACTICE_ELIGIBLE
q-c12-math-0043,src-human-curation-bank,comp-cbse-board-cls12-sci-math,2026,Mathematics Theory Paper,Higher Mathematics,1,HUMAN_CURATED,single_mcq,"hi,en",FULLY_MAPPED,CURATED_REFERENCE_KEY,UNIQUE_VERIFIED,CLEAN_VERIFIED,PRACTICE_ELIGIBLE
q-c12-math-0044,src-human-curation-bank,comp-cbse-board-cls12-sci-math,2026,Mathematics Theory Paper,Higher Mathematics,1,HUMAN_CURATED,single_mcq,"hi,en",FULLY_MAPPED,CURATED_REFERENCE_KEY,UNIQUE_VERIFIED,CLEAN_VERIFIED,PRACTICE_ELIGIBLE
q-c12-math-0045,src-human-curation-bank,comp-cbse-board-cls12-sci-math,2026,Mathematics Theory Paper,Higher Mathematics,1,HUMAN_CURATED,single_mcq,"hi,en",FULLY_MAPPED,CURATED_REFERENCE_KEY,UNIQUE_VERIFIED,CLEAN_VERIFIED,PRACTICE_ELIGIBLE
q-c12-phy-0001,src-human-curation-bank,comp-cbse-board-cls12-sci-physics,2026,Physics Theory Paper,Physics,1,HUMAN_CURATED,single_mcq,"hi,en",FULLY_MAPPED,CURATED_REFERENCE_KEY,UNIQUE_VERIFIED,CLEAN_VERIFIED,PRACTICE_ELIGIBLE
q-c12-phy-0002,src-human-curation-bank,comp-cbse-board-cls12-sci-physics,2026,Physics Theory Paper,Physics,1,HUMAN_CURATED,single_mcq,"hi,en",FULLY_MAPPED,CURATED_REFERENCE_KEY,UNIQUE_VERIFIED,CLEAN_VERIFIED,PRACTICE_ELIGIBLE
q-c12-phy-0003,src-human-curation-bank,comp-cbse-board-cls12-sci-physics,2026,Physics Theory Paper,Physics,1,HUMAN_CURATED,single_mcq,"hi,en",FULLY_MAPPED,CURATED_REFERENCE_KEY,UNIQUE_VERIFIED,CLEAN_VERIFIED,PRACTICE_ELIGIBLE
q-c12-phy-0004,src-human-curation-bank,comp-cbse-board-cls12-sci-physics,2026,Physics Theory Paper,Physics,1,HUMAN_CURATED,single_mcq,"hi,en",FULLY_MAPPED,CURATED_REFERENCE_KEY,UNIQUE_VERIFIED,CLEAN_VERIFIED,PRACTICE_ELIGIBLE
q-c12-phy-0005,src-human-curation-bank,comp-cbse-board-cls12-sci-physics,2026,Physics Theory Paper,Physics,1,HUMAN_CURATED,single_mcq,"hi,en",FULLY_MAPPED,CURATED_REFERENCE_KEY,UNIQUE_VERIFIED,CLEAN_VERIFIED,PRACTICE_ELIGIBLE
q-c12-phy-0006,src-human-curation-bank,comp-cbse-board-cls12-sci-physics,2026,Physics Theory Paper,Physics,1,HUMAN_CURATED,single_mcq,"hi,en",FULLY_MAPPED,CURATED_REFERENCE_KEY,UNIQUE_VERIFIED,CLEAN_VERIFIED,PRACTICE_ELIGIBLE
q-c12-phy-0007,src-human-curation-bank,comp-cbse-board-cls12-sci-physics,2026,Physics Theory Paper,Physics,1,HUMAN_CURATED,single_mcq,"hi,en",FULLY_MAPPED,CURATED_REFERENCE_KEY,UNIQUE_VERIFIED,CLEAN_VERIFIED,PRACTICE_ELIGIBLE
q-c12-phy-0008,src-human-curation-bank,comp-cbse-board-cls12-sci-physics,2026,Physics Theory Paper,Physics,1,HUMAN_CURATED,single_mcq,"hi,en",FULLY_MAPPED,CURATED_REFERENCE_KEY,UNIQUE_VERIFIED,CLEAN_VERIFIED,PRACTICE_ELIGIBLE
q-c12-phy-0009,src-human-curation-bank,comp-cbse-board-cls12-sci-physics,2026,Physics Theory Paper,Physics,1,HUMAN_CURATED,single_mcq,"hi,en",FULLY_MAPPED,CURATED_REFERENCE_KEY,UNIQUE_VERIFIED,CLEAN_VERIFIED,PRACTICE_ELIGIBLE
q-c12-phy-0010,src-human-curation-bank,comp-cbse-board-cls12-sci-physics,2026,Physics Theory Paper,Physics,1,HUMAN_CURATED,single_mcq,"hi,en",FULLY_MAPPED,CURATED_REFERENCE_KEY,UNIQUE_VERIFIED,CLEAN_VERIFIED,PRACTICE_ELIGIBLE
q-c12-phy-0011,src-human-curation-bank,comp-cbse-board-cls12-sci-physics,2026,Physics Theory Paper,Physics,1,HUMAN_CURATED,single_mcq,"hi,en",FULLY_MAPPED,CURATED_REFERENCE_KEY,UNIQUE_VERIFIED,CLEAN_VERIFIED,PRACTICE_ELIGIBLE
q-c12-phy-0012,src-human-curation-bank,comp-cbse-board-cls12-sci-physics,2026,Physics Theory Paper,Physics,1,HUMAN_CURATED,single_mcq,"hi,en",FULLY_MAPPED,CURATED_REFERENCE_KEY,UNIQUE_VERIFIED,CLEAN_VERIFIED,PRACTICE_ELIGIBLE
q-c12-phy-0013,src-human-curation-bank,comp-cbse-board-cls12-sci-physics,2026,Physics Theory Paper,Physics,1,HUMAN_CURATED,single_mcq,"hi,en",FULLY_MAPPED,CURATED_REFERENCE_KEY,UNIQUE_VERIFIED,CLEAN_VERIFIED,PRACTICE_ELIGIBLE
q-c12-phy-0014,src-human-curation-bank,comp-cbse-board-cls12-sci-physics,2026,Physics Theory Paper,Physics,1,HUMAN_CURATED,single_mcq,"hi,en",FULLY_MAPPED,CURATED_REFERENCE_KEY,UNIQUE_VERIFIED,CLEAN_VERIFIED,PRACTICE_ELIGIBLE
q-c12-phy-0015,src-human-curation-bank,comp-cbse-board-cls12-sci-physics,2026,Physics Theory Paper,Physics,1,HUMAN_CURATED,single_mcq,"hi,en",FULLY_MAPPED,CURATED_REFERENCE_KEY,UNIQUE_VERIFIED,CLEAN_VERIFIED,PRACTICE_ELIGIBLE
q-c12-phy-0016,src-human-curation-bank,comp-cbse-board-cls12-sci-physics,2026,Physics Theory Paper,Physics,1,HUMAN_CURATED,single_mcq,"hi,en",FULLY_MAPPED,CURATED_REFERENCE_KEY,UNIQUE_VERIFIED,CLEAN_VERIFIED,PRACTICE_ELIGIBLE
q-c12-phy-0017,src-human-curation-bank,comp-cbse-board-cls12-sci-physics,2026,Physics Theory Paper,Physics,1,HUMAN_CURATED,single_mcq,"hi,en",FULLY_MAPPED,CURATED_REFERENCE_KEY,UNIQUE_VERIFIED,CLEAN_VERIFIED,PRACTICE_ELIGIBLE
q-c12-phy-0018,src-human-curation-bank,comp-cbse-board-cls12-sci-physics,2026,Physics Theory Paper,Physics,1,HUMAN_CURATED,single_mcq,"hi,en",FULLY_MAPPED,CURATED_REFERENCE_KEY,UNIQUE_VERIFIED,CLEAN_VERIFIED,PRACTICE_ELIGIBLE
q-c12-phy-0019,src-human-curation-bank,comp-cbse-board-cls12-sci-physics,2026,Physics Theory Paper,Physics,1,HUMAN_CURATED,single_mcq,"hi,en",FULLY_MAPPED,CURATED_REFERENCE_KEY,UNIQUE_VERIFIED,CLEAN_VERIFIED,PRACTICE_ELIGIBLE
q-c12-phy-0020,src-human-curation-bank,comp-cbse-board-cls12-sci-physics,2026,Physics Theory Paper,Physics,1,HUMAN_CURATED,single_mcq,"hi,en",FULLY_MAPPED,CURATED_REFERENCE_KEY,UNIQUE_VERIFIED,CLEAN_VERIFIED,PRACTICE_ELIGIBLE
q-c12-phy-0021,src-human-curation-bank,comp-cbse-board-cls12-sci-physics,2026,Physics Theory Paper,Physics,1,HUMAN_CURATED,single_mcq,"hi,en",FULLY_MAPPED,CURATED_REFERENCE_KEY,UNIQUE_VERIFIED,CLEAN_VERIFIED,PRACTICE_ELIGIBLE
q-c12-phy-0022,src-human-curation-bank,comp-cbse-board-cls12-sci-physics,2026,Physics Theory Paper,Physics,1,HUMAN_CURATED,single_mcq,"hi,en",FULLY_MAPPED,CURATED_REFERENCE_KEY,UNIQUE_VERIFIED,CLEAN_VERIFIED,PRACTICE_ELIGIBLE
q-c12-phy-0023,src-human-curation-bank,comp-cbse-board-cls12-sci-physics,2026,Physics Theory Paper,Physics,1,HUMAN_CURATED,single_mcq,"hi,en",FULLY_MAPPED,CURATED_REFERENCE_KEY,UNIQUE_VERIFIED,CLEAN_VERIFIED,PRACTICE_ELIGIBLE
q-c12-phy-0024,src-human-curation-bank,comp-cbse-board-cls12-sci-physics,2026,Physics Theory Paper,Physics,1,HUMAN_CURATED,single_mcq,"hi,en",FULLY_MAPPED,CURATED_REFERENCE_KEY,UNIQUE_VERIFIED,CLEAN_VERIFIED,PRACTICE_ELIGIBLE
q-c12-phy-0025,src-human-curation-bank,comp-cbse-board-cls12-sci-physics,2026,Physics Theory Paper,Physics,1,HUMAN_CURATED,single_mcq,"hi,en",FULLY_MAPPED,CURATED_REFERENCE_KEY,UNIQUE_VERIFIED,CLEAN_VERIFIED,PRACTICE_ELIGIBLE
q-c12-phy-0026,src-human-curation-bank,comp-cbse-board-cls12-sci-physics,2026,Physics Theory Paper,Physics,1,HUMAN_CURATED,single_mcq,"hi,en",FULLY_MAPPED,CURATED_REFERENCE_KEY,UNIQUE_VERIFIED,CLEAN_VERIFIED,PRACTICE_ELIGIBLE
q-c12-phy-0027,src-human-curation-bank,comp-cbse-board-cls12-sci-physics,2026,Physics Theory Paper,Physics,1,HUMAN_CURATED,single_mcq,"hi,en",FULLY_MAPPED,CURATED_REFERENCE_KEY,UNIQUE_VERIFIED,CLEAN_VERIFIED,PRACTICE_ELIGIBLE
q-c12-phy-0028,src-human-curation-bank,comp-cbse-board-cls12-sci-physics,2026,Physics Theory Paper,Physics,1,HUMAN_CURATED,single_mcq,"hi,en",FULLY_MAPPED,CURATED_REFERENCE_KEY,UNIQUE_VERIFIED,CLEAN_VERIFIED,PRACTICE_ELIGIBLE
q-c12-phy-0029,src-human-curation-bank,comp-cbse-board-cls12-sci-physics,2026,Physics Theory Paper,Physics,1,HUMAN_CURATED,single_mcq,"hi,en",FULLY_MAPPED,CURATED_REFERENCE_KEY,UNIQUE_VERIFIED,CLEAN_VERIFIED,PRACTICE_ELIGIBLE
q-c12-phy-0030,src-human-curation-bank,comp-cbse-board-cls12-sci-physics,2026,Physics Theory Paper,Physics,1,HUMAN_CURATED,single_mcq,"hi,en",FULLY_MAPPED,CURATED_REFERENCE_KEY,UNIQUE_VERIFIED,CLEAN_VERIFIED,PRACTICE_ELIGIBLE
q-c12-pol-0001,src-human-curation-bank,comp-general,2026,Political Science Theory Paper,Political Science,1,HUMAN_CURATED,single_mcq,"hi,en",PARTIALLY_MAPPED,CURATED_REFERENCE_KEY,UNIQUE_VERIFIED,CLEAN_VERIFIED,PRACTICE_ELIGIBLE
q-c12-pol-0002,src-human-curation-bank,comp-general,2026,Political Science Theory Paper,Political Science,1,HUMAN_CURATED,single_mcq,"hi,en",PARTIALLY_MAPPED,CURATED_REFERENCE_KEY,UNIQUE_VERIFIED,CLEAN_VERIFIED,PRACTICE_ELIGIBLE
q-c12-pol-0003,src-human-curation-bank,comp-general,2026,Political Science Theory Paper,Political Science,1,HUMAN_CURATED,single_mcq,"hi,en",PARTIALLY_MAPPED,CURATED_REFERENCE_KEY,UNIQUE_VERIFIED,CLEAN_VERIFIED,PRACTICE_ELIGIBLE
q-c12-pol-0004,src-human-curation-bank,comp-general,2026,Political Science Theory Paper,Political Science,1,HUMAN_CURATED,single_mcq,"hi,en",PARTIALLY_MAPPED,CURATED_REFERENCE_KEY,UNIQUE_VERIFIED,CLEAN_VERIFIED,PRACTICE_ELIGIBLE
q-c12-pol-0005,src-human-curation-bank,comp-general,2026,Political Science Theory Paper,Political Science,1,HUMAN_CURATED,single_mcq,"hi,en",PARTIALLY_MAPPED,CURATED_REFERENCE_KEY,UNIQUE_VERIFIED,CLEAN_VERIFIED,PRACTICE_ELIGIBLE
q-c12-pol-0006,src-human-curation-bank,comp-general,2026,Political Science Theory Paper,Political Science,1,HUMAN_CURATED,single_mcq,"hi,en",PARTIALLY_MAPPED,CURATED_REFERENCE_KEY,UNIQUE_VERIFIED,CLEAN_VERIFIED,PRACTICE_ELIGIBLE
q-c12-pol-0007,src-human-curation-bank,comp-general,2026,Political Science Theory Paper,Political Science,1,HUMAN_CURATED,single_mcq,"hi,en",PARTIALLY_MAPPED,CURATED_REFERENCE_KEY,UNIQUE_VERIFIED,CLEAN_VERIFIED,PRACTICE_ELIGIBLE
q-c12-pol-0008,src-human-curation-bank,comp-general,2026,Political Science Theory Paper,Political Science,1,HUMAN_CURATED,single_mcq,"hi,en",PARTIALLY_MAPPED,CURATED_REFERENCE_KEY,UNIQUE_VERIFIED,CLEAN_VERIFIED,PRACTICE_ELIGIBLE
q-c12-pol-0009,src-human-curation-bank,comp-general,2026,Political Science Theory Paper,Political Science,1,HUMAN_CURATED,single_mcq,"hi,en",PARTIALLY_MAPPED,CURATED_REFERENCE_KEY,UNIQUE_VERIFIED,CLEAN_VERIFIED,PRACTICE_ELIGIBLE
q-c12-pol-0010,src-human-curation-bank,comp-general,2026,Political Science Theory Paper,Political Science,1,HUMAN_CURATED,single_mcq,"hi,en",PARTIALLY_MAPPED,CURATED_REFERENCE_KEY,UNIQUE_VERIFIED,CLEAN_VERIFIED,PRACTICE_ELIGIBLE
q-c12-pol-0011,src-human-curation-bank,comp-general,2026,Political Science Theory Paper,Political Science,1,HUMAN_CURATED,single_mcq,"hi,en",PARTIALLY_MAPPED,CURATED_REFERENCE_KEY,UNIQUE_VERIFIED,CLEAN_VERIFIED,PRACTICE_ELIGIBLE
q-c12-pol-0012,src-human-curation-bank,comp-general,2026,Political Science Theory Paper,Political Science,1,HUMAN_CURATED,single_mcq,"hi,en",PARTIALLY_MAPPED,CURATED_REFERENCE_KEY,UNIQUE_VERIFIED,CLEAN_VERIFIED,PRACTICE_ELIGIBLE
q-cbse-10-sci-2023-q1,src-verified-pyq-archive,comp-cbse-board-cls10-science,2023,Science Theory Paper,Science & Technology,1,OFFICIAL_PYQ,single_mcq,"hi,en",FULLY_MAPPED,VERIFIED_OFFICIAL_KEY,UNIQUE_VERIFIED,CLEAN_VERIFIED,SAMPLE_ELIGIBLE
q-cbse-10-sci-2025-sp-q001,src-cbse-board-portal,comp-cbse-board-cls10-science,2024,Science Theory Paper,Science & Technology,1,OFFICIAL_SAMPLE,single_mcq,"hi,en",FULLY_MAPPED,CURATED_REFERENCE_KEY,UNIQUE_VERIFIED,CLEAN_VERIFIED,SAMPLE_ELIGIBLE
q-cbse-10-sci-2025-sp-q002,src-cbse-board-portal,comp-cbse-board-cls10-science,2024,Science Theory Paper,Science & Technology,2,OFFICIAL_SAMPLE,single_mcq,"hi,en",FULLY_MAPPED,CURATED_REFERENCE_KEY,UNIQUE_VERIFIED,CLEAN_VERIFIED,SAMPLE_ELIGIBLE
q-cbse-10-sci-2025-sp-q003,src-cbse-board-portal,comp-cbse-board-cls10-science,2024,Science Theory Paper,Science & Technology,3,OFFICIAL_SAMPLE,single_mcq,"hi,en",FULLY_MAPPED,CURATED_REFERENCE_KEY,UNIQUE_VERIFIED,CLEAN_VERIFIED,SAMPLE_ELIGIBLE
q-cbse-10-sci-2025-sp-q004,src-cbse-board-portal,comp-cbse-board-cls10-science,2024,Science Theory Paper,Science & Technology,4,OFFICIAL_SAMPLE,single_mcq,"hi,en",FULLY_MAPPED,CURATED_REFERENCE_KEY,UNIQUE_VERIFIED,CLEAN_VERIFIED,SAMPLE_ELIGIBLE
q-cbse-10-sci-2025-sp-q005,src-cbse-board-portal,comp-cbse-board-cls10-science,2024,Science Theory Paper,Science & Technology,5,OFFICIAL_SAMPLE,single_mcq,"hi,en",FULLY_MAPPED,CURATED_REFERENCE_KEY,UNIQUE_VERIFIED,CLEAN_VERIFIED,SAMPLE_ELIGIBLE
q-cbse-10-sci-2025-sp-q006,src-cbse-board-portal,comp-cbse-board-cls10-science,2024,Science Theory Paper,Science & Technology,6,OFFICIAL_SAMPLE,single_mcq,"hi,en",FULLY_MAPPED,CURATED_REFERENCE_KEY,UNIQUE_VERIFIED,CLEAN_VERIFIED,SAMPLE_ELIGIBLE
q-cbse-10-sci-2025-sp-q007,src-cbse-board-portal,comp-cbse-board-cls10-science,2024,Science Theory Paper,Science & Technology,7,OFFICIAL_SAMPLE,single_mcq,"hi,en",FULLY_MAPPED,CURATED_REFERENCE_KEY,UNIQUE_VERIFIED,CLEAN_VERIFIED,SAMPLE_ELIGIBLE
q-cbse-10-sci-2025-sp-q008,src-cbse-board-portal,comp-cbse-board-cls10-science,2024,Science Theory Paper,Science & Technology,8,OFFICIAL_SAMPLE,single_mcq,"hi,en",FULLY_MAPPED,CURATED_REFERENCE_KEY,UNIQUE_VERIFIED,CLEAN_VERIFIED,SAMPLE_ELIGIBLE
q-cbse-10-sci-2025-sp-q009,src-cbse-board-portal,comp-cbse-board-cls10-science,2024,Science Theory Paper,Science & Technology,9,OFFICIAL_SAMPLE,single_mcq,"hi,en",FULLY_MAPPED,CURATED_REFERENCE_KEY,UNIQUE_VERIFIED,CLEAN_VERIFIED,SAMPLE_ELIGIBLE
q-cbse-10-sci-2025-sp-q010,src-cbse-board-portal,comp-cbse-board-cls10-science,2024,Science Theory Paper,Science & Technology,10,OFFICIAL_SAMPLE,single_mcq,"hi,en",FULLY_MAPPED,CURATED_REFERENCE_KEY,UNIQUE_VERIFIED,CLEAN_VERIFIED,SAMPLE_ELIGIBLE
q-cbse-10-sci-2025-sp-q011,src-cbse-board-portal,comp-cbse-board-cls10-science,2024,Science Theory Paper,Science & Technology,11,OFFICIAL_SAMPLE,single_mcq,"hi,en",FULLY_MAPPED,CURATED_REFERENCE_KEY,UNIQUE_VERIFIED,CLEAN_VERIFIED,SAMPLE_ELIGIBLE
q-cbse-10-sci-2025-sp-q012,src-cbse-board-portal,comp-cbse-board-cls10-science,2024,Science Theory Paper,Science & Technology,12,OFFICIAL_SAMPLE,single_mcq,"hi,en",FULLY_MAPPED,CURATED_REFERENCE_KEY,UNIQUE_VERIFIED,CLEAN_VERIFIED,SAMPLE_ELIGIBLE
q-cbse-10-sci-2025-sp-q013,src-cbse-board-portal,comp-cbse-board-cls10-science,2024,Science Theory Paper,Science & Technology,13,OFFICIAL_SAMPLE,single_mcq,"hi,en",FULLY_MAPPED,CURATED_REFERENCE_KEY,UNIQUE_VERIFIED,CLEAN_VERIFIED,SAMPLE_ELIGIBLE
q-cbse-10-sci-2025-sp-q014,src-cbse-board-portal,comp-cbse-board-cls10-science,2024,Science Theory Paper,Science & Technology,14,OFFICIAL_SAMPLE,single_mcq,"hi,en",FULLY_MAPPED,CURATED_REFERENCE_KEY,UNIQUE_VERIFIED,CLEAN_VERIFIED,SAMPLE_ELIGIBLE
q-cbse-10-sci-2025-sp-q015,src-cbse-board-portal,comp-cbse-board-cls10-science,2024,Science Theory Paper,Science & Technology,15,OFFICIAL_SAMPLE,single_mcq,"hi,en",FULLY_MAPPED,CURATED_REFERENCE_KEY,UNIQUE_VERIFIED,CLEAN_VERIFIED,SAMPLE_ELIGIBLE
q-cbse-10-sci-2025-sp-q016,src-cbse-board-portal,comp-cbse-board-cls10-science,2024,Science Theory Paper,Science & Technology,16,OFFICIAL_SAMPLE,single_mcq,"hi,en",FULLY_MAPPED,CURATED_REFERENCE_KEY,UNIQUE_VERIFIED,CLEAN_VERIFIED,SAMPLE_ELIGIBLE
q-cbse-10-sci-2025-sp-q017,src-cbse-board-portal,comp-cbse-board-cls10-science,2024,Science Theory Paper,Science & Technology,17,OFFICIAL_SAMPLE,single_mcq,"hi,en",FULLY_MAPPED,CURATED_REFERENCE_KEY,UNIQUE_VERIFIED,CLEAN_VERIFIED,SAMPLE_ELIGIBLE
q-cbse-10-sci-2025-sp-q018,src-cbse-board-portal,comp-cbse-board-cls10-science,2024,Science Theory Paper,Science & Technology,18,OFFICIAL_SAMPLE,single_mcq,"hi,en",FULLY_MAPPED,CURATED_REFERENCE_KEY,UNIQUE_VERIFIED,CLEAN_VERIFIED,SAMPLE_ELIGIBLE
q-cbse-10-sci-2025-sp-q019,src-cbse-board-portal,comp-cbse-board-cls10-science,2024,Science Theory Paper,Science & Technology,19,OFFICIAL_SAMPLE,single_mcq,"hi,en",FULLY_MAPPED,CURATED_REFERENCE_KEY,UNIQUE_VERIFIED,CLEAN_VERIFIED,SAMPLE_ELIGIBLE
q-cbse-10-sci-2025-sp-q020,src-cbse-board-portal,comp-cbse-board-cls10-science,2024,Science Theory Paper,Science & Technology,20,OFFICIAL_SAMPLE,single_mcq,"hi,en",FULLY_MAPPED,CURATED_REFERENCE_KEY,UNIQUE_VERIFIED,CLEAN_VERIFIED,SAMPLE_ELIGIBLE
q-cbse-board-undefined-Annual Board Exam-Morning-q1,src-cbse-board-portal,comp-cbse-board-cls10-science,2024,Science Theory Paper,Science & Technology,1,OFFICIAL_SAMPLE,single_mcq,"hi,en",FULLY_MAPPED,CURATED_REFERENCE_KEY,UNIQUE_VERIFIED,CLEAN_VERIFIED,SAMPLE_ELIGIBLE
q-cbse-board-undefined-Annual Board Exam-Morning-q10,src-cbse-board-portal,comp-cbse-board-cls10-science,2024,Science Theory Paper,Science & Technology,10,OFFICIAL_SAMPLE,single_mcq,"hi,en",FULLY_MAPPED,CURATED_REFERENCE_KEY,UNIQUE_VERIFIED,CLEAN_VERIFIED,SAMPLE_ELIGIBLE
q-cbse-board-undefined-Annual Board Exam-Morning-q11,src-cbse-board-portal,comp-cbse-board-cls10-science,2024,Science Theory Paper,Science & Technology,11,OFFICIAL_SAMPLE,single_mcq,"hi,en",FULLY_MAPPED,CURATED_REFERENCE_KEY,UNIQUE_VERIFIED,CLEAN_VERIFIED,SAMPLE_ELIGIBLE
q-cbse-board-undefined-Annual Board Exam-Morning-q12,src-cbse-board-portal,comp-cbse-board-cls10-science,2024,Science Theory Paper,Science & Technology,12,OFFICIAL_SAMPLE,single_mcq,"hi,en",FULLY_MAPPED,CURATED_REFERENCE_KEY,UNIQUE_VERIFIED,CLEAN_VERIFIED,SAMPLE_ELIGIBLE
q-cbse-board-undefined-Annual Board Exam-Morning-q13,src-cbse-board-portal,comp-cbse-board-cls10-science,2024,Science Theory Paper,Science & Technology,13,OFFICIAL_SAMPLE,single_mcq,"hi,en",FULLY_MAPPED,CURATED_REFERENCE_KEY,UNIQUE_VERIFIED,CLEAN_VERIFIED,SAMPLE_ELIGIBLE
q-cbse-board-undefined-Annual Board Exam-Morning-q14,src-cbse-board-portal,comp-cbse-board-cls10-science,2024,Science Theory Paper,Science & Technology,14,OFFICIAL_SAMPLE,single_mcq,"hi,en",FULLY_MAPPED,CURATED_REFERENCE_KEY,UNIQUE_VERIFIED,CLEAN_VERIFIED,SAMPLE_ELIGIBLE
q-cbse-board-undefined-Annual Board Exam-Morning-q15,src-cbse-board-portal,comp-cbse-board-cls10-science,2024,Science Theory Paper,Science & Technology,15,OFFICIAL_SAMPLE,single_mcq,"hi,en",FULLY_MAPPED,CURATED_REFERENCE_KEY,UNIQUE_VERIFIED,CLEAN_VERIFIED,SAMPLE_ELIGIBLE
q-cbse-board-undefined-Annual Board Exam-Morning-q16,src-cbse-board-portal,comp-cbse-board-cls10-science,2024,Science Theory Paper,Science & Technology,16,OFFICIAL_SAMPLE,single_mcq,"hi,en",FULLY_MAPPED,CURATED_REFERENCE_KEY,UNIQUE_VERIFIED,CLEAN_VERIFIED,SAMPLE_ELIGIBLE
q-cbse-board-undefined-Annual Board Exam-Morning-q17,src-cbse-board-portal,comp-cbse-board-cls10-science,2024,Science Theory Paper,Science & Technology,17,OFFICIAL_SAMPLE,single_mcq,"hi,en",FULLY_MAPPED,CURATED_REFERENCE_KEY,UNIQUE_VERIFIED,CLEAN_VERIFIED,SAMPLE_ELIGIBLE
q-cbse-board-undefined-Annual Board Exam-Morning-q18,src-cbse-board-portal,comp-cbse-board-cls10-science,2024,Science Theory Paper,Science & Technology,18,OFFICIAL_SAMPLE,single_mcq,"hi,en",FULLY_MAPPED,CURATED_REFERENCE_KEY,UNIQUE_VERIFIED,CLEAN_VERIFIED,SAMPLE_ELIGIBLE
q-cbse-board-undefined-Annual Board Exam-Morning-q19,src-cbse-board-portal,comp-cbse-board-cls10-science,2024,Science Theory Paper,Science & Technology,19,OFFICIAL_SAMPLE,single_mcq,"hi,en",FULLY_MAPPED,CURATED_REFERENCE_KEY,UNIQUE_VERIFIED,CLEAN_VERIFIED,SAMPLE_ELIGIBLE
q-cbse-board-undefined-Annual Board Exam-Morning-q2,src-cbse-board-portal,comp-cbse-board-cls10-science,2024,Science Theory Paper,Science & Technology,2,OFFICIAL_SAMPLE,single_mcq,"hi,en",FULLY_MAPPED,CURATED_REFERENCE_KEY,UNIQUE_VERIFIED,CLEAN_VERIFIED,SAMPLE_ELIGIBLE
q-cbse-board-undefined-Annual Board Exam-Morning-q20,src-cbse-board-portal,comp-cbse-board-cls10-science,2024,Science Theory Paper,Science & Technology,20,OFFICIAL_SAMPLE,single_mcq,"hi,en",FULLY_MAPPED,CURATED_REFERENCE_KEY,UNIQUE_VERIFIED,CLEAN_VERIFIED,SAMPLE_ELIGIBLE
q-cbse-board-undefined-Annual Board Exam-Morning-q21,src-cbse-board-portal,comp-cbse-board-cls10-science,2024,Science Theory Paper,Science & Technology,21,OFFICIAL_SAMPLE,short_answer,"hi,en",FULLY_MAPPED,CURATED_REFERENCE_KEY,UNIQUE_VERIFIED,CLEAN_VERIFIED,SAMPLE_ELIGIBLE
q-cbse-board-undefined-Annual Board Exam-Morning-q22,src-cbse-board-portal,comp-cbse-board-cls10-science,2024,Science Theory Paper,Science & Technology,22,OFFICIAL_SAMPLE,short_answer,"hi,en",FULLY_MAPPED,CURATED_REFERENCE_KEY,UNIQUE_VERIFIED,CLEAN_VERIFIED,SAMPLE_ELIGIBLE
q-cbse-board-undefined-Annual Board Exam-Morning-q23,src-cbse-board-portal,comp-cbse-board-cls10-science,2024,Science Theory Paper,Science & Technology,23,OFFICIAL_SAMPLE,short_answer,"hi,en",FULLY_MAPPED,CURATED_REFERENCE_KEY,UNIQUE_VERIFIED,CLEAN_VERIFIED,SAMPLE_ELIGIBLE
q-cbse-board-undefined-Annual Board Exam-Morning-q24,src-cbse-board-portal,comp-cbse-board-cls10-science,2024,Science Theory Paper,Science & Technology,24,OFFICIAL_SAMPLE,short_answer,"hi,en",FULLY_MAPPED,CURATED_REFERENCE_KEY,UNIQUE_VERIFIED,CLEAN_VERIFIED,SAMPLE_ELIGIBLE
q-cbse-board-undefined-Annual Board Exam-Morning-q25,src-cbse-board-portal,comp-cbse-board-cls10-science,2024,Science Theory Paper,Science & Technology,25,OFFICIAL_SAMPLE,short_answer,"hi,en",FULLY_MAPPED,CURATED_REFERENCE_KEY,UNIQUE_VERIFIED,CLEAN_VERIFIED,SAMPLE_ELIGIBLE
q-cbse-board-undefined-Annual Board Exam-Morning-q26,src-cbse-board-portal,comp-cbse-board-cls10-science,2024,Science Theory Paper,Science & Technology,26,OFFICIAL_SAMPLE,short_answer,"hi,en",FULLY_MAPPED,CURATED_REFERENCE_KEY,UNIQUE_VERIFIED,CLEAN_VERIFIED,SAMPLE_ELIGIBLE
q-cbse-board-undefined-Annual Board Exam-Morning-q27,src-cbse-board-portal,comp-cbse-board-cls10-science,2024,Science Theory Paper,Science & Technology,27,OFFICIAL_SAMPLE,short_answer,"hi,en",FULLY_MAPPED,CURATED_REFERENCE_KEY,UNIQUE_VERIFIED,CLEAN_VERIFIED,SAMPLE_ELIGIBLE
q-cbse-board-undefined-Annual Board Exam-Morning-q28,src-cbse-board-portal,comp-cbse-board-cls10-science,2024,Science Theory Paper,Science & Technology,28,OFFICIAL_SAMPLE,short_answer,"hi,en",FULLY_MAPPED,CURATED_REFERENCE_KEY,UNIQUE_VERIFIED,CLEAN_VERIFIED,SAMPLE_ELIGIBLE
q-cbse-board-undefined-Annual Board Exam-Morning-q29,src-cbse-board-portal,comp-cbse-board-cls10-science,2024,Science Theory Paper,Science & Technology,29,OFFICIAL_SAMPLE,short_answer,"hi,en",FULLY_MAPPED,CURATED_REFERENCE_KEY,UNIQUE_VERIFIED,CLEAN_VERIFIED,SAMPLE_ELIGIBLE
q-cbse-board-undefined-Annual Board Exam-Morning-q3,src-cbse-board-portal,comp-cbse-board-cls10-science,2024,Science Theory Paper,Science & Technology,3,OFFICIAL_SAMPLE,single_mcq,"hi,en",FULLY_MAPPED,CURATED_REFERENCE_KEY,UNIQUE_VERIFIED,CLEAN_VERIFIED,SAMPLE_ELIGIBLE
q-cbse-board-undefined-Annual Board Exam-Morning-q30,src-cbse-board-portal,comp-cbse-board-cls10-science,2024,Science Theory Paper,Science & Technology,30,OFFICIAL_SAMPLE,short_answer,"hi,en",FULLY_MAPPED,CURATED_REFERENCE_KEY,UNIQUE_VERIFIED,CLEAN_VERIFIED,SAMPLE_ELIGIBLE
q-cbse-board-undefined-Annual Board Exam-Morning-q31,src-cbse-board-portal,comp-cbse-board-cls10-science,2024,Science Theory Paper,Science & Technology,31,OFFICIAL_SAMPLE,short_answer,"hi,en",FULLY_MAPPED,CURATED_REFERENCE_KEY,UNIQUE_VERIFIED,CLEAN_VERIFIED,SAMPLE_ELIGIBLE
q-cbse-board-undefined-Annual Board Exam-Morning-q32,src-cbse-board-portal,comp-cbse-board-cls10-science,2024,Science Theory Paper,Science & Technology,32,OFFICIAL_SAMPLE,short_answer,"hi,en",FULLY_MAPPED,CURATED_REFERENCE_KEY,UNIQUE_VERIFIED,CLEAN_VERIFIED,SAMPLE_ELIGIBLE
q-cbse-board-undefined-Annual Board Exam-Morning-q33,src-cbse-board-portal,comp-cbse-board-cls10-science,2024,Science Theory Paper,Science & Technology,33,OFFICIAL_SAMPLE,short_answer,"hi,en",FULLY_MAPPED,CURATED_REFERENCE_KEY,UNIQUE_VERIFIED,CLEAN_VERIFIED,SAMPLE_ELIGIBLE
q-cbse-board-undefined-Annual Board Exam-Morning-q34,src-cbse-board-portal,comp-cbse-board-cls10-science,2024,Science Theory Paper,Science & Technology,34,OFFICIAL_SAMPLE,long_answer,"hi,en",FULLY_MAPPED,CURATED_REFERENCE_KEY,UNIQUE_VERIFIED,CLEAN_VERIFIED,SAMPLE_ELIGIBLE
q-cbse-board-undefined-Annual Board Exam-Morning-q35,src-cbse-board-portal,comp-cbse-board-cls10-science,2024,Science Theory Paper,Science & Technology,35,OFFICIAL_SAMPLE,long_answer,"hi,en",FULLY_MAPPED,CURATED_REFERENCE_KEY,UNIQUE_VERIFIED,CLEAN_VERIFIED,SAMPLE_ELIGIBLE
q-cbse-board-undefined-Annual Board Exam-Morning-q36,src-cbse-board-portal,comp-cbse-board-cls10-science,2024,Science Theory Paper,Science & Technology,36,OFFICIAL_SAMPLE,long_answer,"hi,en",FULLY_MAPPED,CURATED_REFERENCE_KEY,UNIQUE_VERIFIED,CLEAN_VERIFIED,SAMPLE_ELIGIBLE
q-cbse-board-undefined-Annual Board Exam-Morning-q37,src-cbse-board-portal,comp-cbse-board-cls10-science,2024,Science Theory Paper,Science & Technology,37,OFFICIAL_SAMPLE,case_study,"hi,en",FULLY_MAPPED,CURATED_REFERENCE_KEY,UNIQUE_VERIFIED,CLEAN_VERIFIED,SAMPLE_ELIGIBLE
q-cbse-board-undefined-Annual Board Exam-Morning-q38,src-cbse-board-portal,comp-cbse-board-cls10-science,2024,Science Theory Paper,Science & Technology,38,OFFICIAL_SAMPLE,case_study,"hi,en",FULLY_MAPPED,CURATED_REFERENCE_KEY,UNIQUE_VERIFIED,CLEAN_VERIFIED,SAMPLE_ELIGIBLE
q-cbse-board-undefined-Annual Board Exam-Morning-q39,src-cbse-board-portal,comp-cbse-board-cls10-science,2024,Science Theory Paper,Science & Technology,39,OFFICIAL_SAMPLE,case_study,"hi,en",FULLY_MAPPED,CURATED_REFERENCE_KEY,UNIQUE_VERIFIED,CLEAN_VERIFIED,SAMPLE_ELIGIBLE
q-cbse-board-undefined-Annual Board Exam-Morning-q4,src-cbse-board-portal,comp-cbse-board-cls10-science,2024,Science Theory Paper,Science & Technology,4,OFFICIAL_SAMPLE,single_mcq,"hi,en",FULLY_MAPPED,CURATED_REFERENCE_KEY,UNIQUE_VERIFIED,CLEAN_VERIFIED,SAMPLE_ELIGIBLE
q-cbse-board-undefined-Annual Board Exam-Morning-q5,src-cbse-board-portal,comp-cbse-board-cls10-science,2024,Science Theory Paper,Science & Technology,5,OFFICIAL_SAMPLE,single_mcq,"hi,en",FULLY_MAPPED,CURATED_REFERENCE_KEY,UNIQUE_VERIFIED,CLEAN_VERIFIED,SAMPLE_ELIGIBLE
q-cbse-board-undefined-Annual Board Exam-Morning-q6,src-cbse-board-portal,comp-cbse-board-cls10-science,2024,Science Theory Paper,Science & Technology,6,OFFICIAL_SAMPLE,single_mcq,"hi,en",FULLY_MAPPED,CURATED_REFERENCE_KEY,UNIQUE_VERIFIED,CLEAN_VERIFIED,SAMPLE_ELIGIBLE
q-cbse-board-undefined-Annual Board Exam-Morning-q7,src-cbse-board-portal,comp-cbse-board-cls10-science,2024,Science Theory Paper,Science & Technology,7,OFFICIAL_SAMPLE,single_mcq,"hi,en",FULLY_MAPPED,CURATED_REFERENCE_KEY,UNIQUE_VERIFIED,CLEAN_VERIFIED,SAMPLE_ELIGIBLE
q-cbse-board-undefined-Annual Board Exam-Morning-q8,src-cbse-board-portal,comp-cbse-board-cls10-science,2024,Science Theory Paper,Science & Technology,8,OFFICIAL_SAMPLE,single_mcq,"hi,en",FULLY_MAPPED,CURATED_REFERENCE_KEY,UNIQUE_VERIFIED,CLEAN_VERIFIED,SAMPLE_ELIGIBLE
q-cbse-board-undefined-Annual Board Exam-Morning-q9,src-cbse-board-portal,comp-cbse-board-cls10-science,2024,Science Theory Paper,Science & Technology,9,OFFICIAL_SAMPLE,single_mcq,"hi,en",FULLY_MAPPED,CURATED_REFERENCE_KEY,UNIQUE_VERIFIED,CLEAN_VERIFIED,SAMPLE_ELIGIBLE
q-cmp-gk-0001,src-human-curation-bank,comp-ssc-cgl-tier1,2026,Tier-1 General Awareness,General Awareness,1,HUMAN_CURATED,single_mcq,"hi,en",FULLY_MAPPED,CURATED_REFERENCE_KEY,UNIQUE_VERIFIED,CLEAN_VERIFIED,PRACTICE_ELIGIBLE
q-cmp-gk-0002,src-human-curation-bank,comp-ssc-cgl-tier1,2026,Tier-1 General Awareness,General Awareness,1,HUMAN_CURATED,single_mcq,"hi,en",FULLY_MAPPED,CURATED_REFERENCE_KEY,UNIQUE_VERIFIED,CLEAN_VERIFIED,PRACTICE_ELIGIBLE
q-cmp-gk-0003,src-human-curation-bank,comp-ssc-cgl-tier1,2026,Tier-1 General Awareness,General Awareness,1,HUMAN_CURATED,single_mcq,"hi,en",FULLY_MAPPED,CURATED_REFERENCE_KEY,UNIQUE_VERIFIED,CLEAN_VERIFIED,PRACTICE_ELIGIBLE
q-cmp-gk-0004,src-human-curation-bank,comp-ssc-cgl-tier1,2026,Tier-1 General Awareness,General Awareness,1,HUMAN_CURATED,single_mcq,"hi,en",FULLY_MAPPED,CURATED_REFERENCE_KEY,UNIQUE_VERIFIED,CLEAN_VERIFIED,PRACTICE_ELIGIBLE
q-cmp-gk-0005,src-human-curation-bank,comp-ssc-cgl-tier1,2026,Tier-1 General Awareness,General Awareness,1,HUMAN_CURATED,single_mcq,"hi,en",FULLY_MAPPED,CURATED_REFERENCE_KEY,UNIQUE_VERIFIED,CLEAN_VERIFIED,PRACTICE_ELIGIBLE
q-cmp-gk-0006,src-human-curation-bank,comp-ssc-cgl-tier1,2026,Tier-1 General Awareness,General Awareness,1,HUMAN_CURATED,single_mcq,"hi,en",FULLY_MAPPED,CURATED_REFERENCE_KEY,UNIQUE_VERIFIED,CLEAN_VERIFIED,PRACTICE_ELIGIBLE
q-cmp-gk-0007,src-human-curation-bank,comp-ssc-cgl-tier1,2026,Tier-1 General Awareness,General Awareness,1,HUMAN_CURATED,single_mcq,"hi,en",FULLY_MAPPED,CURATED_REFERENCE_KEY,UNIQUE_VERIFIED,CLEAN_VERIFIED,PRACTICE_ELIGIBLE
q-cmp-gk-0008,src-human-curation-bank,comp-ssc-cgl-tier1,2026,Tier-1 General Awareness,General Awareness,1,HUMAN_CURATED,single_mcq,"hi,en",FULLY_MAPPED,CURATED_REFERENCE_KEY,UNIQUE_VERIFIED,CLEAN_VERIFIED,PRACTICE_ELIGIBLE
q-cmp-gk-0009,src-human-curation-bank,comp-ssc-cgl-tier1,2026,Tier-1 General Awareness,General Awareness,1,HUMAN_CURATED,single_mcq,"hi,en",FULLY_MAPPED,CURATED_REFERENCE_KEY,UNIQUE_VERIFIED,CLEAN_VERIFIED,PRACTICE_ELIGIBLE
q-cmp-gk-0010,src-human-curation-bank,comp-ssc-cgl-tier1,2026,Tier-1 General Awareness,General Awareness,1,HUMAN_CURATED,single_mcq,"hi,en",FULLY_MAPPED,CURATED_REFERENCE_KEY,UNIQUE_VERIFIED,CLEAN_VERIFIED,PRACTICE_ELIGIBLE
q-cmp-gk-0011,src-human-curation-bank,comp-ssc-cgl-tier1,2026,Tier-1 General Awareness,General Awareness,1,HUMAN_CURATED,single_mcq,"hi,en",FULLY_MAPPED,CURATED_REFERENCE_KEY,UNIQUE_VERIFIED,CLEAN_VERIFIED,PRACTICE_ELIGIBLE
q-cmp-gk-0012,src-human-curation-bank,comp-ssc-cgl-tier1,2026,Tier-1 General Awareness,General Awareness,1,HUMAN_CURATED,single_mcq,"hi,en",FULLY_MAPPED,CURATED_REFERENCE_KEY,UNIQUE_VERIFIED,CLEAN_VERIFIED,PRACTICE_ELIGIBLE
q-cmp-gk-0013,src-human-curation-bank,comp-ssc-cgl-tier1,2026,Tier-1 General Awareness,General Awareness,1,HUMAN_CURATED,single_mcq,"hi,en",FULLY_MAPPED,CURATED_REFERENCE_KEY,UNIQUE_VERIFIED,CLEAN_VERIFIED,PRACTICE_ELIGIBLE
q-cmp-gk-0014,src-human-curation-bank,comp-ssc-cgl-tier1,2026,Tier-1 General Awareness,General Awareness,1,HUMAN_CURATED,single_mcq,"hi,en",FULLY_MAPPED,CURATED_REFERENCE_KEY,UNIQUE_VERIFIED,CLEAN_VERIFIED,PRACTICE_ELIGIBLE
q-cmp-gk-0015,src-human-curation-bank,comp-ssc-cgl-tier1,2026,Tier-1 General Awareness,General Awareness,1,HUMAN_CURATED,single_mcq,"hi,en",FULLY_MAPPED,CURATED_REFERENCE_KEY,UNIQUE_VERIFIED,CLEAN_VERIFIED,PRACTICE_ELIGIBLE
q-cmp-gk-0016,src-human-curation-bank,comp-ssc-cgl-tier1,2026,Tier-1 General Awareness,General Awareness,1,HUMAN_CURATED,single_mcq,"hi,en",FULLY_MAPPED,CURATED_REFERENCE_KEY,UNIQUE_VERIFIED,CLEAN_VERIFIED,PRACTICE_ELIGIBLE
q-cmp-gk-0017,src-human-curation-bank,comp-ssc-cgl-tier1,2026,Tier-1 General Awareness,General Awareness,1,HUMAN_CURATED,single_mcq,"hi,en",FULLY_MAPPED,CURATED_REFERENCE_KEY,UNIQUE_VERIFIED,CLEAN_VERIFIED,PRACTICE_ELIGIBLE
q-cmp-gk-0018,src-human-curation-bank,comp-ssc-cgl-tier1,2026,Tier-1 General Awareness,General Awareness,1,HUMAN_CURATED,single_mcq,"hi,en",FULLY_MAPPED,CURATED_REFERENCE_KEY,UNIQUE_VERIFIED,CLEAN_VERIFIED,PRACTICE_ELIGIBLE
q-cmp-gk-0019,src-human-curation-bank,comp-ssc-cgl-tier1,2026,Tier-1 General Awareness,General Awareness,1,HUMAN_CURATED,single_mcq,"hi,en",FULLY_MAPPED,CURATED_REFERENCE_KEY,UNIQUE_VERIFIED,CLEAN_VERIFIED,PRACTICE_ELIGIBLE
q-cmp-gk-0020,src-human-curation-bank,comp-ssc-cgl-tier1,2026,Tier-1 General Awareness,General Awareness,1,HUMAN_CURATED,single_mcq,"hi,en",FULLY_MAPPED,CURATED_REFERENCE_KEY,UNIQUE_VERIFIED,CLEAN_VERIFIED,PRACTICE_ELIGIBLE
q-cmp-gk-0021,src-human-curation-bank,comp-ssc-cgl-tier1,2026,Tier-1 General Awareness,General Awareness,1,HUMAN_CURATED,single_mcq,"hi,en",FULLY_MAPPED,CURATED_REFERENCE_KEY,UNIQUE_VERIFIED,CLEAN_VERIFIED,PRACTICE_ELIGIBLE
q-cmp-gk-0022,src-human-curation-bank,comp-ssc-cgl-tier1,2026,Tier-1 General Awareness,General Awareness,1,HUMAN_CURATED,single_mcq,"hi,en",FULLY_MAPPED,CURATED_REFERENCE_KEY,UNIQUE_VERIFIED,CLEAN_VERIFIED,PRACTICE_ELIGIBLE
q-cmp-gk-0023,src-human-curation-bank,comp-ssc-cgl-tier1,2026,Tier-1 General Awareness,General Awareness,1,HUMAN_CURATED,single_mcq,"hi,en",FULLY_MAPPED,CURATED_REFERENCE_KEY,UNIQUE_VERIFIED,CLEAN_VERIFIED,PRACTICE_ELIGIBLE
q-cmp-gk-0024,src-human-curation-bank,comp-ssc-cgl-tier1,2026,Tier-1 General Awareness,General Awareness,1,HUMAN_CURATED,single_mcq,"hi,en",FULLY_MAPPED,CURATED_REFERENCE_KEY,UNIQUE_VERIFIED,CLEAN_VERIFIED,PRACTICE_ELIGIBLE
q-cmp-gk-0025,src-human-curation-bank,comp-ssc-cgl-tier1,2026,Tier-1 General Awareness,General Awareness,1,HUMAN_CURATED,single_mcq,"hi,en",FULLY_MAPPED,CURATED_REFERENCE_KEY,UNIQUE_VERIFIED,CLEAN_VERIFIED,PRACTICE_ELIGIBLE
q-cmp-gk-0026,src-human-curation-bank,comp-ssc-cgl-tier1,2026,Tier-1 General Awareness,General Awareness,1,HUMAN_CURATED,single_mcq,"hi,en",FULLY_MAPPED,CURATED_REFERENCE_KEY,UNIQUE_VERIFIED,CLEAN_VERIFIED,PRACTICE_ELIGIBLE
q-cmp-gk-0027,src-human-curation-bank,comp-ssc-cgl-tier1,2026,Tier-1 General Awareness,General Awareness,1,HUMAN_CURATED,single_mcq,"hi,en",FULLY_MAPPED,CURATED_REFERENCE_KEY,UNIQUE_VERIFIED,CLEAN_VERIFIED,PRACTICE_ELIGIBLE
q-cmp-gk-0028,src-human-curation-bank,comp-ssc-cgl-tier1,2026,Tier-1 General Awareness,General Awareness,1,HUMAN_CURATED,single_mcq,"hi,en",FULLY_MAPPED,CURATED_REFERENCE_KEY,UNIQUE_VERIFIED,CLEAN_VERIFIED,PRACTICE_ELIGIBLE
q-cmp-gk-0029,src-human-curation-bank,comp-ssc-cgl-tier1,2026,Tier-1 General Awareness,General Awareness,1,HUMAN_CURATED,single_mcq,"hi,en",FULLY_MAPPED,CURATED_REFERENCE_KEY,UNIQUE_VERIFIED,CLEAN_VERIFIED,PRACTICE_ELIGIBLE
q-cmp-gk-0030,src-human-curation-bank,comp-ssc-cgl-tier1,2026,Tier-1 General Awareness,General Awareness,1,HUMAN_CURATED,single_mcq,"hi,en",FULLY_MAPPED,CURATED_REFERENCE_KEY,UNIQUE_VERIFIED,CLEAN_VERIFIED,PRACTICE_ELIGIBLE
q-cmp-law-0001,src-human-curation-bank,comp-up-police-si-written,2026,Sub Inspector Law & Constitution,Police Law & Constitution,1,HUMAN_CURATED,single_mcq,"hi,en",FULLY_MAPPED,CURATED_REFERENCE_KEY,UNIQUE_VERIFIED,CLEAN_VERIFIED,PRACTICE_ELIGIBLE
q-cmp-law-0002,src-human-curation-bank,comp-up-police-si-written,2026,Sub Inspector Law & Constitution,Police Law & Constitution,1,HUMAN_CURATED,single_mcq,"hi,en",FULLY_MAPPED,CURATED_REFERENCE_KEY,UNIQUE_VERIFIED,CLEAN_VERIFIED,PRACTICE_ELIGIBLE
q-cmp-law-0003,src-human-curation-bank,comp-up-police-si-written,2026,Sub Inspector Law & Constitution,Police Law & Constitution,1,HUMAN_CURATED,single_mcq,"hi,en",FULLY_MAPPED,CURATED_REFERENCE_KEY,UNIQUE_VERIFIED,CLEAN_VERIFIED,PRACTICE_ELIGIBLE
q-cmp-law-0004,src-human-curation-bank,comp-up-police-si-written,2026,Sub Inspector Law & Constitution,Police Law & Constitution,1,HUMAN_CURATED,single_mcq,"hi,en",FULLY_MAPPED,CURATED_REFERENCE_KEY,UNIQUE_VERIFIED,CLEAN_VERIFIED,PRACTICE_ELIGIBLE
q-cmp-law-0005,src-human-curation-bank,comp-up-police-si-written,2026,Sub Inspector Law & Constitution,Police Law & Constitution,1,HUMAN_CURATED,single_mcq,"hi,en",FULLY_MAPPED,CURATED_REFERENCE_KEY,UNIQUE_VERIFIED,CLEAN_VERIFIED,PRACTICE_ELIGIBLE
q-cmp-law-0006,src-human-curation-bank,comp-up-police-si-written,2026,Sub Inspector Law & Constitution,Police Law & Constitution,1,HUMAN_CURATED,single_mcq,"hi,en",FULLY_MAPPED,CURATED_REFERENCE_KEY,UNIQUE_VERIFIED,CLEAN_VERIFIED,PRACTICE_ELIGIBLE
q-cmp-law-0007,src-human-curation-bank,comp-up-police-si-written,2026,Sub Inspector Law & Constitution,Police Law & Constitution,1,HUMAN_CURATED,single_mcq,"hi,en",FULLY_MAPPED,CURATED_REFERENCE_KEY,UNIQUE_VERIFIED,CLEAN_VERIFIED,PRACTICE_ELIGIBLE
q-cmp-law-0008,src-human-curation-bank,comp-up-police-si-written,2026,Sub Inspector Law & Constitution,Police Law & Constitution,1,HUMAN_CURATED,single_mcq,"hi,en",FULLY_MAPPED,CURATED_REFERENCE_KEY,UNIQUE_VERIFIED,CLEAN_VERIFIED,PRACTICE_ELIGIBLE
q-cmp-law-0009,src-human-curation-bank,comp-up-police-si-written,2026,Sub Inspector Law & Constitution,Police Law & Constitution,1,HUMAN_CURATED,single_mcq,"hi,en",FULLY_MAPPED,CURATED_REFERENCE_KEY,UNIQUE_VERIFIED,CLEAN_VERIFIED,PRACTICE_ELIGIBLE
q-cmp-law-0010,src-human-curation-bank,comp-up-police-si-written,2026,Sub Inspector Law & Constitution,Police Law & Constitution,1,HUMAN_CURATED,single_mcq,"hi,en",FULLY_MAPPED,CURATED_REFERENCE_KEY,UNIQUE_VERIFIED,CLEAN_VERIFIED,PRACTICE_ELIGIBLE
q-cmp-law-0011,src-human-curation-bank,comp-up-police-si-written,2026,Sub Inspector Law & Constitution,Police Law & Constitution,1,HUMAN_CURATED,single_mcq,"hi,en",FULLY_MAPPED,CURATED_REFERENCE_KEY,UNIQUE_VERIFIED,CLEAN_VERIFIED,PRACTICE_ELIGIBLE
q-cmp-law-0012,src-human-curation-bank,comp-up-police-si-written,2026,Sub Inspector Law & Constitution,Police Law & Constitution,1,HUMAN_CURATED,single_mcq,"hi,en",FULLY_MAPPED,CURATED_REFERENCE_KEY,UNIQUE_VERIFIED,CLEAN_VERIFIED,PRACTICE_ELIGIBLE
q-cmp-law-0013,src-human-curation-bank,comp-up-police-si-written,2026,Sub Inspector Law & Constitution,Police Law & Constitution,1,HUMAN_CURATED,single_mcq,"hi,en",FULLY_MAPPED,CURATED_REFERENCE_KEY,UNIQUE_VERIFIED,CLEAN_VERIFIED,PRACTICE_ELIGIBLE
q-cmp-law-0014,src-human-curation-bank,comp-up-police-si-written,2026,Sub Inspector Law & Constitution,Police Law & Constitution,1,HUMAN_CURATED,single_mcq,"hi,en",FULLY_MAPPED,CURATED_REFERENCE_KEY,UNIQUE_VERIFIED,CLEAN_VERIFIED,PRACTICE_ELIGIBLE
q-cmp-law-0015,src-human-curation-bank,comp-up-police-si-written,2026,Sub Inspector Law & Constitution,Police Law & Constitution,1,HUMAN_CURATED,single_mcq,"hi,en",FULLY_MAPPED,CURATED_REFERENCE_KEY,UNIQUE_VERIFIED,CLEAN_VERIFIED,PRACTICE_ELIGIBLE
q-cmp-law-0016,src-human-curation-bank,comp-up-police-si-written,2026,Sub Inspector Law & Constitution,Police Law & Constitution,1,HUMAN_CURATED,single_mcq,"hi,en",FULLY_MAPPED,CURATED_REFERENCE_KEY,UNIQUE_VERIFIED,CLEAN_VERIFIED,PRACTICE_ELIGIBLE
q-cmp-law-0017,src-human-curation-bank,comp-up-police-si-written,2026,Sub Inspector Law & Constitution,Police Law & Constitution,1,HUMAN_CURATED,single_mcq,"hi,en",FULLY_MAPPED,CURATED_REFERENCE_KEY,UNIQUE_VERIFIED,CLEAN_VERIFIED,PRACTICE_ELIGIBLE
q-cmp-law-0018,src-human-curation-bank,comp-up-police-si-written,2026,Sub Inspector Law & Constitution,Police Law & Constitution,1,HUMAN_CURATED,single_mcq,"hi,en",FULLY_MAPPED,CURATED_REFERENCE_KEY,UNIQUE_VERIFIED,CLEAN_VERIFIED,PRACTICE_ELIGIBLE
q-cmp-law-0019,src-human-curation-bank,comp-up-police-si-written,2026,Sub Inspector Law & Constitution,Police Law & Constitution,1,HUMAN_CURATED,single_mcq,"hi,en",FULLY_MAPPED,CURATED_REFERENCE_KEY,UNIQUE_VERIFIED,CLEAN_VERIFIED,PRACTICE_ELIGIBLE
q-cmp-law-0020,src-human-curation-bank,comp-up-police-si-written,2026,Sub Inspector Law & Constitution,Police Law & Constitution,1,HUMAN_CURATED,single_mcq,"hi,en",FULLY_MAPPED,CURATED_REFERENCE_KEY,UNIQUE_VERIFIED,CLEAN_VERIFIED,PRACTICE_ELIGIBLE
q-cmp-law-0021,src-human-curation-bank,comp-up-police-si-written,2026,Sub Inspector Law & Constitution,Police Law & Constitution,1,HUMAN_CURATED,single_mcq,"hi,en",FULLY_MAPPED,CURATED_REFERENCE_KEY,UNIQUE_VERIFIED,CLEAN_VERIFIED,PRACTICE_ELIGIBLE
q-cmp-law-0022,src-human-curation-bank,comp-up-police-si-written,2026,Sub Inspector Law & Constitution,Police Law & Constitution,1,HUMAN_CURATED,single_mcq,"hi,en",FULLY_MAPPED,CURATED_REFERENCE_KEY,UNIQUE_VERIFIED,CLEAN_VERIFIED,PRACTICE_ELIGIBLE
q-cmp-law-0023,src-human-curation-bank,comp-up-police-si-written,2026,Sub Inspector Law & Constitution,Police Law & Constitution,1,HUMAN_CURATED,single_mcq,"hi,en",FULLY_MAPPED,CURATED_REFERENCE_KEY,UNIQUE_VERIFIED,CLEAN_VERIFIED,PRACTICE_ELIGIBLE
q-cmp-law-0024,src-human-curation-bank,comp-up-police-si-written,2026,Sub Inspector Law & Constitution,Police Law & Constitution,1,HUMAN_CURATED,single_mcq,"hi,en",FULLY_MAPPED,CURATED_REFERENCE_KEY,UNIQUE_VERIFIED,CLEAN_VERIFIED,PRACTICE_ELIGIBLE
q-cmp-law-0025,src-human-curation-bank,comp-up-police-si-written,2026,Sub Inspector Law & Constitution,Police Law & Constitution,1,HUMAN_CURATED,single_mcq,"hi,en",FULLY_MAPPED,CURATED_REFERENCE_KEY,UNIQUE_VERIFIED,CLEAN_VERIFIED,PRACTICE_ELIGIBLE
q-cmp-mth-0001,src-human-curation-bank,comp-ssc-cgl-tier1,2026,Tier-1 Quantitative Aptitude,Quantitative Aptitude,1,HUMAN_CURATED,single_mcq,"hi,en",FULLY_MAPPED,CURATED_REFERENCE_KEY,UNIQUE_VERIFIED,CLEAN_VERIFIED,PRACTICE_ELIGIBLE
q-cmp-mth-0002,src-human-curation-bank,comp-ssc-cgl-tier1,2026,Tier-1 Quantitative Aptitude,Quantitative Aptitude,1,HUMAN_CURATED,single_mcq,"hi,en",FULLY_MAPPED,CURATED_REFERENCE_KEY,UNIQUE_VERIFIED,CLEAN_VERIFIED,PRACTICE_ELIGIBLE
q-cmp-mth-0003,src-human-curation-bank,comp-ssc-cgl-tier1,2026,Tier-1 Quantitative Aptitude,Quantitative Aptitude,1,HUMAN_CURATED,single_mcq,"hi,en",FULLY_MAPPED,CURATED_REFERENCE_KEY,UNIQUE_VERIFIED,CLEAN_VERIFIED,PRACTICE_ELIGIBLE
q-cmp-mth-0004,src-human-curation-bank,comp-ssc-cgl-tier1,2026,Tier-1 Quantitative Aptitude,Quantitative Aptitude,1,HUMAN_CURATED,single_mcq,"hi,en",FULLY_MAPPED,CURATED_REFERENCE_KEY,UNIQUE_VERIFIED,CLEAN_VERIFIED,PRACTICE_ELIGIBLE
q-cmp-mth-0005,src-human-curation-bank,comp-ssc-cgl-tier1,2026,Tier-1 Quantitative Aptitude,Quantitative Aptitude,1,HUMAN_CURATED,single_mcq,"hi,en",FULLY_MAPPED,CURATED_REFERENCE_KEY,UNIQUE_VERIFIED,CLEAN_VERIFIED,PRACTICE_ELIGIBLE
q-cmp-mth-0006,src-human-curation-bank,comp-ssc-cgl-tier1,2026,Tier-1 Quantitative Aptitude,Quantitative Aptitude,1,HUMAN_CURATED,single_mcq,"hi,en",FULLY_MAPPED,CURATED_REFERENCE_KEY,UNIQUE_VERIFIED,CLEAN_VERIFIED,PRACTICE_ELIGIBLE
q-cmp-mth-0007,src-human-curation-bank,comp-ssc-cgl-tier1,2026,Tier-1 Quantitative Aptitude,Quantitative Aptitude,1,HUMAN_CURATED,single_mcq,"hi,en",FULLY_MAPPED,CURATED_REFERENCE_KEY,UNIQUE_VERIFIED,CLEAN_VERIFIED,PRACTICE_ELIGIBLE
q-cmp-mth-0008,src-human-curation-bank,comp-ssc-cgl-tier1,2026,Tier-1 Quantitative Aptitude,Quantitative Aptitude,1,HUMAN_CURATED,single_mcq,"hi,en",FULLY_MAPPED,CURATED_REFERENCE_KEY,UNIQUE_VERIFIED,CLEAN_VERIFIED,PRACTICE_ELIGIBLE
q-cmp-mth-0009,src-human-curation-bank,comp-ssc-cgl-tier1,2026,Tier-1 Quantitative Aptitude,Quantitative Aptitude,1,HUMAN_CURATED,single_mcq,"hi,en",FULLY_MAPPED,CURATED_REFERENCE_KEY,UNIQUE_VERIFIED,CLEAN_VERIFIED,PRACTICE_ELIGIBLE
q-cmp-mth-0010,src-human-curation-bank,comp-ssc-cgl-tier1,2026,Tier-1 Quantitative Aptitude,Quantitative Aptitude,1,HUMAN_CURATED,single_mcq,"hi,en",FULLY_MAPPED,CURATED_REFERENCE_KEY,UNIQUE_VERIFIED,CLEAN_VERIFIED,PRACTICE_ELIGIBLE
q-cmp-mth-0011,src-human-curation-bank,comp-ssc-cgl-tier1,2026,Tier-1 Quantitative Aptitude,Quantitative Aptitude,1,HUMAN_CURATED,single_mcq,"hi,en",FULLY_MAPPED,CURATED_REFERENCE_KEY,UNIQUE_VERIFIED,CLEAN_VERIFIED,PRACTICE_ELIGIBLE
q-cmp-mth-0012,src-human-curation-bank,comp-ssc-cgl-tier1,2026,Tier-1 Quantitative Aptitude,Quantitative Aptitude,1,HUMAN_CURATED,single_mcq,"hi,en",FULLY_MAPPED,CURATED_REFERENCE_KEY,UNIQUE_VERIFIED,CLEAN_VERIFIED,PRACTICE_ELIGIBLE
q-cmp-mth-0013,src-human-curation-bank,comp-ssc-cgl-tier1,2026,Tier-1 Quantitative Aptitude,Quantitative Aptitude,1,HUMAN_CURATED,single_mcq,"hi,en",FULLY_MAPPED,CURATED_REFERENCE_KEY,UNIQUE_VERIFIED,CLEAN_VERIFIED,PRACTICE_ELIGIBLE
q-cmp-mth-0014,src-human-curation-bank,comp-ssc-cgl-tier1,2026,Tier-1 Quantitative Aptitude,Quantitative Aptitude,1,HUMAN_CURATED,single_mcq,"hi,en",FULLY_MAPPED,CURATED_REFERENCE_KEY,UNIQUE_VERIFIED,CLEAN_VERIFIED,PRACTICE_ELIGIBLE
q-cmp-mth-0015,src-human-curation-bank,comp-ssc-cgl-tier1,2026,Tier-1 Quantitative Aptitude,Quantitative Aptitude,1,HUMAN_CURATED,single_mcq,"hi,en",FULLY_MAPPED,CURATED_REFERENCE_KEY,UNIQUE_VERIFIED,CLEAN_VERIFIED,PRACTICE_ELIGIBLE
q-cmp-mth-0016,src-human-curation-bank,comp-ssc-cgl-tier1,2026,Tier-1 Quantitative Aptitude,Quantitative Aptitude,1,HUMAN_CURATED,single_mcq,"hi,en",FULLY_MAPPED,CURATED_REFERENCE_KEY,UNIQUE_VERIFIED,CLEAN_VERIFIED,PRACTICE_ELIGIBLE
q-cmp-mth-0017,src-human-curation-bank,comp-ssc-cgl-tier1,2026,Tier-1 Quantitative Aptitude,Quantitative Aptitude,1,HUMAN_CURATED,single_mcq,"hi,en",FULLY_MAPPED,CURATED_REFERENCE_KEY,UNIQUE_VERIFIED,CLEAN_VERIFIED,PRACTICE_ELIGIBLE
q-cmp-mth-0018,src-human-curation-bank,comp-ssc-cgl-tier1,2026,Tier-1 Quantitative Aptitude,Quantitative Aptitude,1,HUMAN_CURATED,single_mcq,"hi,en",FULLY_MAPPED,CURATED_REFERENCE_KEY,UNIQUE_VERIFIED,CLEAN_VERIFIED,PRACTICE_ELIGIBLE
q-cmp-mth-0019,src-human-curation-bank,comp-ssc-cgl-tier1,2026,Tier-1 Quantitative Aptitude,Quantitative Aptitude,1,HUMAN_CURATED,single_mcq,"hi,en",FULLY_MAPPED,CURATED_REFERENCE_KEY,UNIQUE_VERIFIED,CLEAN_VERIFIED,PRACTICE_ELIGIBLE
q-cmp-mth-0020,src-human-curation-bank,comp-ssc-cgl-tier1,2026,Tier-1 Quantitative Aptitude,Quantitative Aptitude,1,HUMAN_CURATED,single_mcq,"hi,en",FULLY_MAPPED,CURATED_REFERENCE_KEY,UNIQUE_VERIFIED,CLEAN_VERIFIED,PRACTICE_ELIGIBLE
q-cmp-mth-0021,src-human-curation-bank,comp-ssc-cgl-tier1,2026,Tier-1 Quantitative Aptitude,Quantitative Aptitude,1,HUMAN_CURATED,single_mcq,"hi,en",FULLY_MAPPED,CURATED_REFERENCE_KEY,UNIQUE_VERIFIED,CLEAN_VERIFIED,PRACTICE_ELIGIBLE
q-cmp-mth-0022,src-human-curation-bank,comp-ssc-cgl-tier1,2026,Tier-1 Quantitative Aptitude,Quantitative Aptitude,1,HUMAN_CURATED,single_mcq,"hi,en",FULLY_MAPPED,CURATED_REFERENCE_KEY,UNIQUE_VERIFIED,CLEAN_VERIFIED,PRACTICE_ELIGIBLE
q-cmp-mth-0023,src-human-curation-bank,comp-ssc-cgl-tier1,2026,Tier-1 Quantitative Aptitude,Quantitative Aptitude,1,HUMAN_CURATED,single_mcq,"hi,en",FULLY_MAPPED,CURATED_REFERENCE_KEY,UNIQUE_VERIFIED,CLEAN_VERIFIED,PRACTICE_ELIGIBLE
q-cmp-mth-0024,src-human-curation-bank,comp-ssc-cgl-tier1,2026,Tier-1 Quantitative Aptitude,Quantitative Aptitude,1,HUMAN_CURATED,single_mcq,"hi,en",FULLY_MAPPED,CURATED_REFERENCE_KEY,UNIQUE_VERIFIED,CLEAN_VERIFIED,PRACTICE_ELIGIBLE
q-cmp-mth-0025,src-human-curation-bank,comp-ssc-cgl-tier1,2026,Tier-1 Quantitative Aptitude,Quantitative Aptitude,1,HUMAN_CURATED,single_mcq,"hi,en",FULLY_MAPPED,CURATED_REFERENCE_KEY,UNIQUE_VERIFIED,CLEAN_VERIFIED,PRACTICE_ELIGIBLE
q-cmp-mth-0026,src-human-curation-bank,comp-ssc-cgl-tier1,2026,Tier-1 Quantitative Aptitude,Quantitative Aptitude,1,HUMAN_CURATED,single_mcq,"hi,en",FULLY_MAPPED,CURATED_REFERENCE_KEY,UNIQUE_VERIFIED,CLEAN_VERIFIED,PRACTICE_ELIGIBLE
q-cmp-mth-0027,src-human-curation-bank,comp-ssc-cgl-tier1,2026,Tier-1 Quantitative Aptitude,Quantitative Aptitude,1,HUMAN_CURATED,single_mcq,"hi,en",FULLY_MAPPED,CURATED_REFERENCE_KEY,UNIQUE_VERIFIED,CLEAN_VERIFIED,PRACTICE_ELIGIBLE
q-cmp-mth-0028,src-human-curation-bank,comp-ssc-cgl-tier1,2026,Tier-1 Quantitative Aptitude,Quantitative Aptitude,1,HUMAN_CURATED,single_mcq,"hi,en",FULLY_MAPPED,CURATED_REFERENCE_KEY,UNIQUE_VERIFIED,CLEAN_VERIFIED,PRACTICE_ELIGIBLE
q-cmp-mth-0029,src-human-curation-bank,comp-ssc-cgl-tier1,2026,Tier-1 Quantitative Aptitude,Quantitative Aptitude,1,HUMAN_CURATED,single_mcq,"hi,en",FULLY_MAPPED,CURATED_REFERENCE_KEY,UNIQUE_VERIFIED,CLEAN_VERIFIED,PRACTICE_ELIGIBLE
q-cmp-mth-0030,src-human-curation-bank,comp-ssc-cgl-tier1,2026,Tier-1 Quantitative Aptitude,Quantitative Aptitude,1,HUMAN_CURATED,single_mcq,"hi,en",FULLY_MAPPED,CURATED_REFERENCE_KEY,UNIQUE_VERIFIED,CLEAN_VERIFIED,PRACTICE_ELIGIBLE
q-cmp-rea-0001,src-human-curation-bank,comp-ssc-cgl-tier1,2026,Tier-1 Reasoning,General Intelligence & Reasoning,1,HUMAN_CURATED,single_mcq,"hi,en",FULLY_MAPPED,CURATED_REFERENCE_KEY,UNIQUE_VERIFIED,CLEAN_VERIFIED,PRACTICE_ELIGIBLE
q-cmp-rea-0002,src-human-curation-bank,comp-ssc-cgl-tier1,2026,Tier-1 Reasoning,General Intelligence & Reasoning,1,HUMAN_CURATED,single_mcq,"hi,en",FULLY_MAPPED,CURATED_REFERENCE_KEY,UNIQUE_VERIFIED,CLEAN_VERIFIED,PRACTICE_ELIGIBLE
q-cmp-rea-0003,src-human-curation-bank,comp-ssc-cgl-tier1,2026,Tier-1 Reasoning,General Intelligence & Reasoning,1,HUMAN_CURATED,single_mcq,"hi,en",FULLY_MAPPED,CURATED_REFERENCE_KEY,UNIQUE_VERIFIED,CLEAN_VERIFIED,PRACTICE_ELIGIBLE
q-cmp-rea-0004,src-human-curation-bank,comp-ssc-cgl-tier1,2026,Tier-1 Reasoning,General Intelligence & Reasoning,1,HUMAN_CURATED,single_mcq,"hi,en",FULLY_MAPPED,CURATED_REFERENCE_KEY,UNIQUE_VERIFIED,CLEAN_VERIFIED,PRACTICE_ELIGIBLE
q-cmp-rea-0005,src-human-curation-bank,comp-ssc-cgl-tier1,2026,Tier-1 Reasoning,General Intelligence & Reasoning,1,HUMAN_CURATED,single_mcq,"hi,en",FULLY_MAPPED,CURATED_REFERENCE_KEY,UNIQUE_VERIFIED,CLEAN_VERIFIED,PRACTICE_ELIGIBLE
q-cmp-rea-0006,src-human-curation-bank,comp-ssc-cgl-tier1,2026,Tier-1 Reasoning,General Intelligence & Reasoning,1,HUMAN_CURATED,single_mcq,"hi,en",FULLY_MAPPED,CURATED_REFERENCE_KEY,UNIQUE_VERIFIED,CLEAN_VERIFIED,PRACTICE_ELIGIBLE
q-cmp-rea-0007,src-human-curation-bank,comp-ssc-cgl-tier1,2026,Tier-1 Reasoning,General Intelligence & Reasoning,1,HUMAN_CURATED,single_mcq,"hi,en",FULLY_MAPPED,CURATED_REFERENCE_KEY,UNIQUE_VERIFIED,CLEAN_VERIFIED,PRACTICE_ELIGIBLE
q-cmp-rea-0008,src-human-curation-bank,comp-ssc-cgl-tier1,2026,Tier-1 Reasoning,General Intelligence & Reasoning,1,HUMAN_CURATED,single_mcq,"hi,en",FULLY_MAPPED,CURATED_REFERENCE_KEY,UNIQUE_VERIFIED,CLEAN_VERIFIED,PRACTICE_ELIGIBLE
q-cmp-rea-0009,src-human-curation-bank,comp-ssc-cgl-tier1,2026,Tier-1 Reasoning,General Intelligence & Reasoning,1,HUMAN_CURATED,single_mcq,"hi,en",FULLY_MAPPED,CURATED_REFERENCE_KEY,UNIQUE_VERIFIED,CLEAN_VERIFIED,PRACTICE_ELIGIBLE
q-cmp-rea-0010,src-human-curation-bank,comp-ssc-cgl-tier1,2026,Tier-1 Reasoning,General Intelligence & Reasoning,1,HUMAN_CURATED,single_mcq,"hi,en",FULLY_MAPPED,CURATED_REFERENCE_KEY,UNIQUE_VERIFIED,CLEAN_VERIFIED,PRACTICE_ELIGIBLE
q-cmp-rea-0011,src-human-curation-bank,comp-ssc-cgl-tier1,2026,Tier-1 Reasoning,General Intelligence & Reasoning,1,HUMAN_CURATED,single_mcq,"hi,en",FULLY_MAPPED,CURATED_REFERENCE_KEY,UNIQUE_VERIFIED,CLEAN_VERIFIED,PRACTICE_ELIGIBLE
q-cmp-rea-0012,src-human-curation-bank,comp-ssc-cgl-tier1,2026,Tier-1 Reasoning,General Intelligence & Reasoning,1,HUMAN_CURATED,single_mcq,"hi,en",FULLY_MAPPED,CURATED_REFERENCE_KEY,UNIQUE_VERIFIED,CLEAN_VERIFIED,PRACTICE_ELIGIBLE
q-cmp-rea-0013,src-human-curation-bank,comp-ssc-cgl-tier1,2026,Tier-1 Reasoning,General Intelligence & Reasoning,1,HUMAN_CURATED,single_mcq,"hi,en",FULLY_MAPPED,CURATED_REFERENCE_KEY,UNIQUE_VERIFIED,CLEAN_VERIFIED,PRACTICE_ELIGIBLE
q-cmp-rea-0014,src-human-curation-bank,comp-ssc-cgl-tier1,2026,Tier-1 Reasoning,General Intelligence & Reasoning,1,HUMAN_CURATED,single_mcq,"hi,en",FULLY_MAPPED,CURATED_REFERENCE_KEY,UNIQUE_VERIFIED,CLEAN_VERIFIED,PRACTICE_ELIGIBLE
q-cmp-rea-0015,src-human-curation-bank,comp-ssc-cgl-tier1,2026,Tier-1 Reasoning,General Intelligence & Reasoning,1,HUMAN_CURATED,single_mcq,"hi,en",FULLY_MAPPED,CURATED_REFERENCE_KEY,UNIQUE_VERIFIED,CLEAN_VERIFIED,PRACTICE_ELIGIBLE
q-cmp-rea-0016,src-human-curation-bank,comp-ssc-cgl-tier1,2026,Tier-1 Reasoning,General Intelligence & Reasoning,1,HUMAN_CURATED,single_mcq,"hi,en",FULLY_MAPPED,CURATED_REFERENCE_KEY,UNIQUE_VERIFIED,CLEAN_VERIFIED,PRACTICE_ELIGIBLE
q-cmp-rea-0017,src-human-curation-bank,comp-ssc-cgl-tier1,2026,Tier-1 Reasoning,General Intelligence & Reasoning,1,HUMAN_CURATED,single_mcq,"hi,en",FULLY_MAPPED,CURATED_REFERENCE_KEY,UNIQUE_VERIFIED,CLEAN_VERIFIED,PRACTICE_ELIGIBLE
q-cmp-rea-0018,src-human-curation-bank,comp-ssc-cgl-tier1,2026,Tier-1 Reasoning,General Intelligence & Reasoning,1,HUMAN_CURATED,single_mcq,"hi,en",FULLY_MAPPED,CURATED_REFERENCE_KEY,UNIQUE_VERIFIED,CLEAN_VERIFIED,PRACTICE_ELIGIBLE
q-cmp-rea-0019,src-human-curation-bank,comp-ssc-cgl-tier1,2026,Tier-1 Reasoning,General Intelligence & Reasoning,1,HUMAN_CURATED,single_mcq,"hi,en",FULLY_MAPPED,CURATED_REFERENCE_KEY,UNIQUE_VERIFIED,CLEAN_VERIFIED,PRACTICE_ELIGIBLE
q-cmp-rea-0020,src-human-curation-bank,comp-ssc-cgl-tier1,2026,Tier-1 Reasoning,General Intelligence & Reasoning,1,HUMAN_CURATED,single_mcq,"hi,en",FULLY_MAPPED,CURATED_REFERENCE_KEY,UNIQUE_VERIFIED,CLEAN_VERIFIED,PRACTICE_ELIGIBLE
q-cmp-rea-0021,src-human-curation-bank,comp-ssc-cgl-tier1,2026,Tier-1 Reasoning,General Intelligence & Reasoning,1,HUMAN_CURATED,single_mcq,"hi,en",FULLY_MAPPED,CURATED_REFERENCE_KEY,UNIQUE_VERIFIED,CLEAN_VERIFIED,PRACTICE_ELIGIBLE
q-cmp-rea-0022,src-human-curation-bank,comp-ssc-cgl-tier1,2026,Tier-1 Reasoning,General Intelligence & Reasoning,1,HUMAN_CURATED,single_mcq,"hi,en",FULLY_MAPPED,CURATED_REFERENCE_KEY,UNIQUE_VERIFIED,CLEAN_VERIFIED,PRACTICE_ELIGIBLE
q-cmp-rea-0023,src-human-curation-bank,comp-ssc-cgl-tier1,2026,Tier-1 Reasoning,General Intelligence & Reasoning,1,HUMAN_CURATED,single_mcq,"hi,en",FULLY_MAPPED,CURATED_REFERENCE_KEY,UNIQUE_VERIFIED,CLEAN_VERIFIED,PRACTICE_ELIGIBLE
q-cmp-rea-0024,src-human-curation-bank,comp-ssc-cgl-tier1,2026,Tier-1 Reasoning,General Intelligence & Reasoning,1,HUMAN_CURATED,single_mcq,"hi,en",FULLY_MAPPED,CURATED_REFERENCE_KEY,UNIQUE_VERIFIED,CLEAN_VERIFIED,PRACTICE_ELIGIBLE
q-cmp-rea-0025,src-human-curation-bank,comp-ssc-cgl-tier1,2026,Tier-1 Reasoning,General Intelligence & Reasoning,1,HUMAN_CURATED,single_mcq,"hi,en",FULLY_MAPPED,CURATED_REFERENCE_KEY,UNIQUE_VERIFIED,CLEAN_VERIFIED,PRACTICE_ELIGIBLE
q-cmp-rea-0026,src-human-curation-bank,comp-ssc-cgl-tier1,2026,Tier-1 Reasoning,General Intelligence & Reasoning,1,HUMAN_CURATED,single_mcq,"hi,en",FULLY_MAPPED,CURATED_REFERENCE_KEY,UNIQUE_VERIFIED,CLEAN_VERIFIED,PRACTICE_ELIGIBLE
q-cmp-rea-0027,src-human-curation-bank,comp-ssc-cgl-tier1,2026,Tier-1 Reasoning,General Intelligence & Reasoning,1,HUMAN_CURATED,single_mcq,"hi,en",FULLY_MAPPED,CURATED_REFERENCE_KEY,UNIQUE_VERIFIED,CLEAN_VERIFIED,PRACTICE_ELIGIBLE
q-cmp-rea-0028,src-human-curation-bank,comp-ssc-cgl-tier1,2026,Tier-1 Reasoning,General Intelligence & Reasoning,1,HUMAN_CURATED,single_mcq,"hi,en",FULLY_MAPPED,CURATED_REFERENCE_KEY,UNIQUE_VERIFIED,CLEAN_VERIFIED,PRACTICE_ELIGIBLE
q-cmp-rea-0029,src-human-curation-bank,comp-ssc-cgl-tier1,2026,Tier-1 Reasoning,General Intelligence & Reasoning,1,HUMAN_CURATED,single_mcq,"hi,en",FULLY_MAPPED,CURATED_REFERENCE_KEY,UNIQUE_VERIFIED,CLEAN_VERIFIED,PRACTICE_ELIGIBLE
q-cmp-rea-0030,src-human-curation-bank,comp-ssc-cgl-tier1,2026,Tier-1 Reasoning,General Intelligence & Reasoning,1,HUMAN_CURATED,single_mcq,"hi,en",FULLY_MAPPED,CURATED_REFERENCE_KEY,UNIQUE_VERIFIED,CLEAN_VERIFIED,PRACTICE_ELIGIBLE
q-cmp-rsc-0001,src-human-curation-bank,comp-rrb-alp-cbt1,2026,First Stage Science & Math,Railway Science & Basic Physics,1,HUMAN_CURATED,single_mcq,"hi,en",FULLY_MAPPED,CURATED_REFERENCE_KEY,UNIQUE_VERIFIED,CLEAN_VERIFIED,PRACTICE_ELIGIBLE
q-cmp-rsc-0002,src-human-curation-bank,comp-rrb-alp-cbt1,2026,First Stage Science & Math,Railway Science & Basic Physics,1,HUMAN_CURATED,single_mcq,"hi,en",FULLY_MAPPED,CURATED_REFERENCE_KEY,UNIQUE_VERIFIED,CLEAN_VERIFIED,PRACTICE_ELIGIBLE
q-cmp-rsc-0003,src-human-curation-bank,comp-rrb-alp-cbt1,2026,First Stage Science & Math,Railway Science & Basic Physics,1,HUMAN_CURATED,single_mcq,"hi,en",FULLY_MAPPED,CURATED_REFERENCE_KEY,UNIQUE_VERIFIED,CLEAN_VERIFIED,PRACTICE_ELIGIBLE
q-cmp-rsc-0004,src-human-curation-bank,comp-rrb-alp-cbt1,2026,First Stage Science & Math,Railway Science & Basic Physics,1,HUMAN_CURATED,single_mcq,"hi,en",FULLY_MAPPED,CURATED_REFERENCE_KEY,UNIQUE_VERIFIED,CLEAN_VERIFIED,PRACTICE_ELIGIBLE
q-cmp-rsc-0005,src-human-curation-bank,comp-rrb-alp-cbt1,2026,First Stage Science & Math,Railway Science & Basic Physics,1,HUMAN_CURATED,single_mcq,"hi,en",FULLY_MAPPED,CURATED_REFERENCE_KEY,UNIQUE_VERIFIED,CLEAN_VERIFIED,PRACTICE_ELIGIBLE
q-cmp-rsc-0006,src-human-curation-bank,comp-rrb-alp-cbt1,2026,First Stage Science & Math,Railway Science & Basic Physics,1,HUMAN_CURATED,single_mcq,"hi,en",FULLY_MAPPED,CURATED_REFERENCE_KEY,UNIQUE_VERIFIED,CLEAN_VERIFIED,PRACTICE_ELIGIBLE
q-cmp-rsc-0007,src-human-curation-bank,comp-rrb-alp-cbt1,2026,First Stage Science & Math,Railway Science & Basic Physics,1,HUMAN_CURATED,single_mcq,"hi,en",FULLY_MAPPED,CURATED_REFERENCE_KEY,UNIQUE_VERIFIED,CLEAN_VERIFIED,PRACTICE_ELIGIBLE
q-cmp-rsc-0008,src-human-curation-bank,comp-rrb-alp-cbt1,2026,First Stage Science & Math,Railway Science & Basic Physics,1,HUMAN_CURATED,single_mcq,"hi,en",FULLY_MAPPED,CURATED_REFERENCE_KEY,UNIQUE_VERIFIED,CLEAN_VERIFIED,PRACTICE_ELIGIBLE
q-cmp-rsc-0009,src-human-curation-bank,comp-rrb-alp-cbt1,2026,First Stage Science & Math,Railway Science & Basic Physics,1,HUMAN_CURATED,single_mcq,"hi,en",FULLY_MAPPED,CURATED_REFERENCE_KEY,UNIQUE_VERIFIED,CLEAN_VERIFIED,PRACTICE_ELIGIBLE
q-cmp-rsc-0010,src-human-curation-bank,comp-rrb-alp-cbt1,2026,First Stage Science & Math,Railway Science & Basic Physics,1,HUMAN_CURATED,single_mcq,"hi,en",FULLY_MAPPED,CURATED_REFERENCE_KEY,UNIQUE_VERIFIED,CLEAN_VERIFIED,PRACTICE_ELIGIBLE
q-cmp-rsc-0011,src-human-curation-bank,comp-rrb-alp-cbt1,2026,First Stage Science & Math,Railway Science & Basic Physics,1,HUMAN_CURATED,single_mcq,"hi,en",FULLY_MAPPED,CURATED_REFERENCE_KEY,UNIQUE_VERIFIED,CLEAN_VERIFIED,PRACTICE_ELIGIBLE
q-cmp-rsc-0012,src-human-curation-bank,comp-rrb-alp-cbt1,2026,First Stage Science & Math,Railway Science & Basic Physics,1,HUMAN_CURATED,single_mcq,"hi,en",FULLY_MAPPED,CURATED_REFERENCE_KEY,UNIQUE_VERIFIED,CLEAN_VERIFIED,PRACTICE_ELIGIBLE
q-cmp-rsc-0013,src-human-curation-bank,comp-rrb-alp-cbt1,2026,First Stage Science & Math,Railway Science & Basic Physics,1,HUMAN_CURATED,single_mcq,"hi,en",FULLY_MAPPED,CURATED_REFERENCE_KEY,UNIQUE_VERIFIED,CLEAN_VERIFIED,PRACTICE_ELIGIBLE
q-cmp-rsc-0014,src-human-curation-bank,comp-rrb-alp-cbt1,2026,First Stage Science & Math,Railway Science & Basic Physics,1,HUMAN_CURATED,single_mcq,"hi,en",FULLY_MAPPED,CURATED_REFERENCE_KEY,UNIQUE_VERIFIED,CLEAN_VERIFIED,PRACTICE_ELIGIBLE
q-cmp-rsc-0015,src-human-curation-bank,comp-rrb-alp-cbt1,2026,First Stage Science & Math,Railway Science & Basic Physics,1,HUMAN_CURATED,single_mcq,"hi,en",FULLY_MAPPED,CURATED_REFERENCE_KEY,UNIQUE_VERIFIED,CLEAN_VERIFIED,PRACTICE_ELIGIBLE
q-cmp-rsc-0016,src-human-curation-bank,comp-rrb-alp-cbt1,2026,First Stage Science & Math,Railway Science & Basic Physics,1,HUMAN_CURATED,single_mcq,"hi,en",FULLY_MAPPED,CURATED_REFERENCE_KEY,UNIQUE_VERIFIED,CLEAN_VERIFIED,PRACTICE_ELIGIBLE
q-cmp-rsc-0017,src-human-curation-bank,comp-rrb-alp-cbt1,2026,First Stage Science & Math,Railway Science & Basic Physics,1,HUMAN_CURATED,single_mcq,"hi,en",FULLY_MAPPED,CURATED_REFERENCE_KEY,UNIQUE_VERIFIED,CLEAN_VERIFIED,PRACTICE_ELIGIBLE
q-cmp-rsc-0018,src-human-curation-bank,comp-rrb-alp-cbt1,2026,First Stage Science & Math,Railway Science & Basic Physics,1,HUMAN_CURATED,single_mcq,"hi,en",FULLY_MAPPED,CURATED_REFERENCE_KEY,UNIQUE_VERIFIED,CLEAN_VERIFIED,PRACTICE_ELIGIBLE
q-cmp-rsc-0019,src-human-curation-bank,comp-rrb-alp-cbt1,2026,First Stage Science & Math,Railway Science & Basic Physics,1,HUMAN_CURATED,single_mcq,"hi,en",FULLY_MAPPED,CURATED_REFERENCE_KEY,UNIQUE_VERIFIED,CLEAN_VERIFIED,PRACTICE_ELIGIBLE
q-cmp-rsc-0020,src-human-curation-bank,comp-rrb-alp-cbt1,2026,First Stage Science & Math,Railway Science & Basic Physics,1,HUMAN_CURATED,single_mcq,"hi,en",FULLY_MAPPED,CURATED_REFERENCE_KEY,UNIQUE_VERIFIED,CLEAN_VERIFIED,PRACTICE_ELIGIBLE
q-cmp-rsc-0021,src-human-curation-bank,comp-rrb-alp-cbt1,2026,First Stage Science & Math,Railway Science & Basic Physics,1,HUMAN_CURATED,single_mcq,"hi,en",FULLY_MAPPED,CURATED_REFERENCE_KEY,UNIQUE_VERIFIED,CLEAN_VERIFIED,PRACTICE_ELIGIBLE
q-cmp-rsc-0022,src-human-curation-bank,comp-rrb-alp-cbt1,2026,First Stage Science & Math,Railway Science & Basic Physics,1,HUMAN_CURATED,single_mcq,"hi,en",FULLY_MAPPED,CURATED_REFERENCE_KEY,UNIQUE_VERIFIED,CLEAN_VERIFIED,PRACTICE_ELIGIBLE
q-cmp-rsc-0023,src-human-curation-bank,comp-rrb-alp-cbt1,2026,First Stage Science & Math,Railway Science & Basic Physics,1,HUMAN_CURATED,single_mcq,"hi,en",FULLY_MAPPED,CURATED_REFERENCE_KEY,UNIQUE_VERIFIED,CLEAN_VERIFIED,PRACTICE_ELIGIBLE
q-cmp-rsc-0024,src-human-curation-bank,comp-rrb-alp-cbt1,2026,First Stage Science & Math,Railway Science & Basic Physics,1,HUMAN_CURATED,single_mcq,"hi,en",FULLY_MAPPED,CURATED_REFERENCE_KEY,UNIQUE_VERIFIED,CLEAN_VERIFIED,PRACTICE_ELIGIBLE
q-cmp-rsc-0025,src-human-curation-bank,comp-rrb-alp-cbt1,2026,First Stage Science & Math,Railway Science & Basic Physics,1,HUMAN_CURATED,single_mcq,"hi,en",FULLY_MAPPED,CURATED_REFERENCE_KEY,UNIQUE_VERIFIED,CLEAN_VERIFIED,PRACTICE_ELIGIBLE
q-cmp-rsc-0026,src-human-curation-bank,comp-rrb-alp-cbt1,2026,First Stage Science & Math,Railway Science & Basic Physics,1,HUMAN_CURATED,single_mcq,"hi,en",FULLY_MAPPED,CURATED_REFERENCE_KEY,UNIQUE_VERIFIED,CLEAN_VERIFIED,PRACTICE_ELIGIBLE
q-cmp-rsc-0027,src-human-curation-bank,comp-rrb-alp-cbt1,2026,First Stage Science & Math,Railway Science & Basic Physics,1,HUMAN_CURATED,single_mcq,"hi,en",FULLY_MAPPED,CURATED_REFERENCE_KEY,UNIQUE_VERIFIED,CLEAN_VERIFIED,PRACTICE_ELIGIBLE
q-cmp-rsc-0028,src-human-curation-bank,comp-rrb-alp-cbt1,2026,First Stage Science & Math,Railway Science & Basic Physics,1,HUMAN_CURATED,single_mcq,"hi,en",FULLY_MAPPED,CURATED_REFERENCE_KEY,UNIQUE_VERIFIED,CLEAN_VERIFIED,PRACTICE_ELIGIBLE
q-cmp-rsc-0029,src-human-curation-bank,comp-rrb-alp-cbt1,2026,First Stage Science & Math,Railway Science & Basic Physics,1,HUMAN_CURATED,single_mcq,"hi,en",FULLY_MAPPED,CURATED_REFERENCE_KEY,UNIQUE_VERIFIED,CLEAN_VERIFIED,PRACTICE_ELIGIBLE
q-cmp-rsc-0030,src-human-curation-bank,comp-rrb-alp-cbt1,2026,First Stage Science & Math,Railway Science & Basic Physics,1,HUMAN_CURATED,single_mcq,"hi,en",FULLY_MAPPED,CURATED_REFERENCE_KEY,UNIQUE_VERIFIED,CLEAN_VERIFIED,PRACTICE_ELIGIBLE
q-ctet-2024-p1-cdp-q001,src-ctet-exam-portal,comp-ctet-paper1-primary,2024,Paper-I (Classes I-V),Child Development & Pedagogy,1,OFFICIAL_PYQ,single_mcq,"hi,en",FULLY_MAPPED,VERIFIED_OFFICIAL_KEY,UNIQUE_VERIFIED,CLEAN_VERIFIED,PYQ_ELIGIBLE
q-ctet-2024-p1-cdp-q002,src-ctet-exam-portal,comp-ctet-paper1-primary,2024,Paper-I (Classes I-V),Child Development & Pedagogy,2,OFFICIAL_PYQ,single_mcq,"hi,en",FULLY_MAPPED,VERIFIED_OFFICIAL_KEY,UNIQUE_VERIFIED,CLEAN_VERIFIED,PYQ_ELIGIBLE
q-ctet-2024-p1-cdp-q003,src-ctet-exam-portal,comp-ctet-paper1-primary,2024,Paper-I (Classes I-V),Child Development & Pedagogy,3,OFFICIAL_PYQ,single_mcq,"hi,en",FULLY_MAPPED,VERIFIED_OFFICIAL_KEY,UNIQUE_VERIFIED,CLEAN_VERIFIED,PYQ_ELIGIBLE
q-ctet-2024-p1-cdp-q004,src-ctet-exam-portal,comp-ctet-paper1-primary,2024,Paper-I (Classes I-V),Child Development & Pedagogy,4,OFFICIAL_PYQ,single_mcq,"hi,en",FULLY_MAPPED,VERIFIED_OFFICIAL_KEY,UNIQUE_VERIFIED,CLEAN_VERIFIED,PYQ_ELIGIBLE
q-ctet-2024-p1-cdp-q005,src-ctet-exam-portal,comp-ctet-paper1-primary,2024,Paper-I (Classes I-V),Child Development & Pedagogy,5,OFFICIAL_PYQ,single_mcq,"hi,en",FULLY_MAPPED,VERIFIED_OFFICIAL_KEY,UNIQUE_VERIFIED,CLEAN_VERIFIED,PYQ_ELIGIBLE
q-ctet-2024-p1-cdp-q006,src-ctet-exam-portal,comp-ctet-paper1-primary,2024,Paper-I (Classes I-V),Child Development & Pedagogy,6,OFFICIAL_PYQ,single_mcq,"hi,en",FULLY_MAPPED,VERIFIED_OFFICIAL_KEY,UNIQUE_VERIFIED,CLEAN_VERIFIED,PYQ_ELIGIBLE
q-ctet-2024-p1-cdp-q007,src-ctet-exam-portal,comp-ctet-paper1-primary,2024,Paper-I (Classes I-V),Child Development & Pedagogy,7,OFFICIAL_PYQ,single_mcq,"hi,en",FULLY_MAPPED,VERIFIED_OFFICIAL_KEY,UNIQUE_VERIFIED,CLEAN_VERIFIED,PYQ_ELIGIBLE
q-ctet-2024-p1-cdp-q008,src-ctet-exam-portal,comp-ctet-paper1-primary,2024,Paper-I (Classes I-V),Child Development & Pedagogy,8,OFFICIAL_PYQ,single_mcq,"hi,en",FULLY_MAPPED,VERIFIED_OFFICIAL_KEY,UNIQUE_VERIFIED,CLEAN_VERIFIED,PYQ_ELIGIBLE
q-ctet-2024-p1-cdp-q009,src-ctet-exam-portal,comp-ctet-paper1-primary,2024,Paper-I (Classes I-V),Child Development & Pedagogy,9,OFFICIAL_PYQ,single_mcq,"hi,en",FULLY_MAPPED,VERIFIED_OFFICIAL_KEY,UNIQUE_VERIFIED,CLEAN_VERIFIED,PYQ_ELIGIBLE
q-ctet-2024-p1-cdp-q010,src-ctet-exam-portal,comp-ctet-paper1-primary,2024,Paper-I (Classes I-V),Child Development & Pedagogy,10,OFFICIAL_PYQ,single_mcq,"hi,en",FULLY_MAPPED,VERIFIED_OFFICIAL_KEY,UNIQUE_VERIFIED,CLEAN_VERIFIED,PYQ_ELIGIBLE
q-ctet-2024-p1-cdp-q011,src-ctet-exam-portal,comp-ctet-paper1-primary,2024,Paper-I (Classes I-V),Child Development & Pedagogy,11,OFFICIAL_PYQ,single_mcq,"hi,en",FULLY_MAPPED,VERIFIED_OFFICIAL_KEY,UNIQUE_VERIFIED,CLEAN_VERIFIED,PYQ_ELIGIBLE
q-ctet-2024-p1-cdp-q012,src-ctet-exam-portal,comp-ctet-paper1-primary,2024,Paper-I (Classes I-V),Child Development & Pedagogy,12,OFFICIAL_PYQ,single_mcq,"hi,en",FULLY_MAPPED,VERIFIED_OFFICIAL_KEY,UNIQUE_VERIFIED,CLEAN_VERIFIED,PYQ_ELIGIBLE
q-ctet-2024-p1-cdp-q013,src-ctet-exam-portal,comp-ctet-paper1-primary,2024,Paper-I (Classes I-V),Child Development & Pedagogy,13,OFFICIAL_PYQ,single_mcq,"hi,en",FULLY_MAPPED,VERIFIED_OFFICIAL_KEY,UNIQUE_VERIFIED,CLEAN_VERIFIED,PYQ_ELIGIBLE
q-ctet-2024-p1-cdp-q014,src-ctet-exam-portal,comp-ctet-paper1-primary,2024,Paper-I (Classes I-V),Child Development & Pedagogy,14,OFFICIAL_PYQ,single_mcq,"hi,en",FULLY_MAPPED,VERIFIED_OFFICIAL_KEY,UNIQUE_VERIFIED,CLEAN_VERIFIED,PYQ_ELIGIBLE
q-ctet-2024-p1-cdp-q015,src-ctet-exam-portal,comp-ctet-paper1-primary,2024,Paper-I (Classes I-V),Child Development & Pedagogy,15,OFFICIAL_PYQ,single_mcq,"hi,en",FULLY_MAPPED,VERIFIED_OFFICIAL_KEY,UNIQUE_VERIFIED,CLEAN_VERIFIED,PYQ_ELIGIBLE
q-ctet-2024-p1-cdp-q016,src-ctet-exam-portal,comp-ctet-paper1-primary,2024,Paper-I (Classes I-V),Child Development & Pedagogy,16,OFFICIAL_PYQ,single_mcq,"hi,en",FULLY_MAPPED,VERIFIED_OFFICIAL_KEY,UNIQUE_VERIFIED,CLEAN_VERIFIED,PYQ_ELIGIBLE
q-ctet-2024-p1-cdp-q017,src-ctet-exam-portal,comp-ctet-paper1-primary,2024,Paper-I (Classes I-V),Child Development & Pedagogy,17,OFFICIAL_PYQ,single_mcq,"hi,en",FULLY_MAPPED,VERIFIED_OFFICIAL_KEY,UNIQUE_VERIFIED,CLEAN_VERIFIED,PYQ_ELIGIBLE
q-ctet-2024-p1-cdp-q018,src-ctet-exam-portal,comp-ctet-paper1-primary,2024,Paper-I (Classes I-V),Child Development & Pedagogy,18,OFFICIAL_PYQ,single_mcq,"hi,en",FULLY_MAPPED,VERIFIED_OFFICIAL_KEY,UNIQUE_VERIFIED,CLEAN_VERIFIED,PYQ_ELIGIBLE
q-ctet-2024-p1-cdp-q019,src-ctet-exam-portal,comp-ctet-paper1-primary,2024,Paper-I (Classes I-V),Child Development & Pedagogy,19,OFFICIAL_PYQ,single_mcq,"hi,en",FULLY_MAPPED,VERIFIED_OFFICIAL_KEY,UNIQUE_VERIFIED,CLEAN_VERIFIED,PYQ_ELIGIBLE
q-ctet-2024-p1-cdp-q020,src-ctet-exam-portal,comp-ctet-paper1-primary,2024,Paper-I (Classes I-V),Child Development & Pedagogy,20,OFFICIAL_PYQ,single_mcq,"hi,en",FULLY_MAPPED,VERIFIED_OFFICIAL_KEY,UNIQUE_VERIFIED,CLEAN_VERIFIED,PYQ_ELIGIBLE
q-ctet-2024-p1-cdp-q021,src-ctet-exam-portal,comp-ctet-paper1-primary,2024,Paper-I (Classes I-V),Child Development & Pedagogy,21,OFFICIAL_PYQ,single_mcq,"hi,en",FULLY_MAPPED,VERIFIED_OFFICIAL_KEY,UNIQUE_VERIFIED,CLEAN_VERIFIED,PYQ_ELIGIBLE
q-ctet-2024-p1-cdp-q022,src-ctet-exam-portal,comp-ctet-paper1-primary,2024,Paper-I (Classes I-V),Child Development & Pedagogy,22,OFFICIAL_PYQ,single_mcq,"hi,en",FULLY_MAPPED,VERIFIED_OFFICIAL_KEY,UNIQUE_VERIFIED,CLEAN_VERIFIED,PYQ_ELIGIBLE
q-ctet-2024-p1-cdp-q023,src-ctet-exam-portal,comp-ctet-paper1-primary,2024,Paper-I (Classes I-V),Child Development & Pedagogy,23,OFFICIAL_PYQ,single_mcq,"hi,en",FULLY_MAPPED,VERIFIED_OFFICIAL_KEY,UNIQUE_VERIFIED,CLEAN_VERIFIED,PYQ_ELIGIBLE
q-ctet-2024-p1-cdp-q024,src-ctet-exam-portal,comp-ctet-paper1-primary,2024,Paper-I (Classes I-V),Child Development & Pedagogy,24,OFFICIAL_PYQ,single_mcq,"hi,en",FULLY_MAPPED,VERIFIED_OFFICIAL_KEY,UNIQUE_VERIFIED,CLEAN_VERIFIED,PYQ_ELIGIBLE
q-ctet-2024-p1-cdp-q025,src-ctet-exam-portal,comp-ctet-paper1-primary,2024,Paper-I (Classes I-V),Child Development & Pedagogy,25,OFFICIAL_PYQ,single_mcq,"hi,en",FULLY_MAPPED,VERIFIED_OFFICIAL_KEY,UNIQUE_VERIFIED,CLEAN_VERIFIED,PYQ_ELIGIBLE
q-ctet-2024-p1-cdp-q026,src-ctet-exam-portal,comp-ctet-paper1-primary,2024,Paper-I (Classes I-V),Child Development & Pedagogy,26,OFFICIAL_PYQ,single_mcq,"hi,en",FULLY_MAPPED,VERIFIED_OFFICIAL_KEY,UNIQUE_VERIFIED,CLEAN_VERIFIED,PYQ_ELIGIBLE
q-ctet-2024-p1-cdp-q027,src-ctet-exam-portal,comp-ctet-paper1-primary,2024,Paper-I (Classes I-V),Child Development & Pedagogy,27,OFFICIAL_PYQ,single_mcq,"hi,en",FULLY_MAPPED,VERIFIED_OFFICIAL_KEY,UNIQUE_VERIFIED,CLEAN_VERIFIED,PYQ_ELIGIBLE
q-ctet-2024-p1-cdp-q028,src-ctet-exam-portal,comp-ctet-paper1-primary,2024,Paper-I (Classes I-V),Child Development & Pedagogy,28,OFFICIAL_PYQ,single_mcq,"hi,en",FULLY_MAPPED,VERIFIED_OFFICIAL_KEY,UNIQUE_VERIFIED,CLEAN_VERIFIED,PYQ_ELIGIBLE
q-ctet-2024-p1-cdp-q029,src-ctet-exam-portal,comp-ctet-paper1-primary,2024,Paper-I (Classes I-V),Child Development & Pedagogy,29,OFFICIAL_PYQ,single_mcq,"hi,en",FULLY_MAPPED,VERIFIED_OFFICIAL_KEY,UNIQUE_VERIFIED,CLEAN_VERIFIED,PYQ_ELIGIBLE
q-ctet-2024-p1-cdp-q030,src-ctet-exam-portal,comp-ctet-paper1-primary,2024,Paper-I (Classes I-V),Child Development & Pedagogy,30,OFFICIAL_PYQ,single_mcq,"hi,en",FULLY_MAPPED,VERIFIED_OFFICIAL_KEY,UNIQUE_VERIFIED,CLEAN_VERIFIED,PYQ_ELIGIBLE
q-hy-en-0001,src-human-curation-bank,comp-cbse-board-cls10-english,2026,English Theory Paper,English Language & Literature,1,HUMAN_CURATED,single_mcq,"hi,en",FULLY_MAPPED,CURATED_REFERENCE_KEY,UNIQUE_VERIFIED,CLEAN_VERIFIED,PRACTICE_ELIGIBLE
q-hy-en-0002,src-human-curation-bank,comp-cbse-board-cls10-english,2026,English Theory Paper,English Language & Literature,1,HUMAN_CURATED,single_mcq,"hi,en",FULLY_MAPPED,CURATED_REFERENCE_KEY,UNIQUE_VERIFIED,CLEAN_VERIFIED,PRACTICE_ELIGIBLE
q-hy-en-0003,src-human-curation-bank,comp-cbse-board-cls10-english,2026,English Theory Paper,English Language & Literature,1,HUMAN_CURATED,single_mcq,hi,FULLY_MAPPED,CURATED_REFERENCE_KEY,UNIQUE_VERIFIED,CLEAN_VERIFIED,PRACTICE_ELIGIBLE
q-hy-en-0004,src-human-curation-bank,comp-cbse-board-cls10-english,2026,English Theory Paper,English Language & Literature,1,HUMAN_CURATED,single_mcq,hi,FULLY_MAPPED,CURATED_REFERENCE_KEY,UNIQUE_VERIFIED,CLEAN_VERIFIED,PRACTICE_ELIGIBLE
q-hy-en-0005,src-human-curation-bank,comp-cbse-board-cls10-english,2026,English Theory Paper,English Language & Literature,1,HUMAN_CURATED,single_mcq,hi,FULLY_MAPPED,CURATED_REFERENCE_KEY,UNIQUE_VERIFIED,CLEAN_VERIFIED,PRACTICE_ELIGIBLE
q-hy-en-0006,src-human-curation-bank,comp-cbse-board-cls10-english,2026,English Theory Paper,English Language & Literature,1,HUMAN_CURATED,single_mcq,hi,FULLY_MAPPED,CURATED_REFERENCE_KEY,UNIQUE_VERIFIED,CLEAN_VERIFIED,PRACTICE_ELIGIBLE
q-hy-en-0007,src-human-curation-bank,comp-cbse-board-cls10-english,2026,English Theory Paper,English Language & Literature,1,HUMAN_CURATED,single_mcq,"hi,en",FULLY_MAPPED,CURATED_REFERENCE_KEY,UNIQUE_VERIFIED,CLEAN_VERIFIED,PRACTICE_ELIGIBLE
q-hy-en-0008,src-human-curation-bank,comp-cbse-board-cls10-english,2026,English Theory Paper,English Language & Literature,1,HUMAN_CURATED,single_mcq,"hi,en",FULLY_MAPPED,CURATED_REFERENCE_KEY,UNIQUE_VERIFIED,CLEAN_VERIFIED,PRACTICE_ELIGIBLE
q-hy-en-0009,src-human-curation-bank,comp-cbse-board-cls10-english,2026,English Theory Paper,English Language & Literature,1,HUMAN_CURATED,single_mcq,"hi,en",FULLY_MAPPED,CURATED_REFERENCE_KEY,UNIQUE_VERIFIED,CLEAN_VERIFIED,PRACTICE_ELIGIBLE
q-hy-en-0010,src-human-curation-bank,comp-cbse-board-cls10-english,2026,English Theory Paper,English Language & Literature,1,HUMAN_CURATED,single_mcq,"hi,en",FULLY_MAPPED,CURATED_REFERENCE_KEY,UNIQUE_VERIFIED,CLEAN_VERIFIED,PRACTICE_ELIGIBLE
q-hy-en-0011,src-human-curation-bank,comp-cbse-board-cls10-english,2026,English Theory Paper,English Language & Literature,1,HUMAN_CURATED,single_mcq,hi,FULLY_MAPPED,CURATED_REFERENCE_KEY,UNIQUE_VERIFIED,CLEAN_VERIFIED,PRACTICE_ELIGIBLE
q-hy-en-0012,src-human-curation-bank,comp-cbse-board-cls10-english,2026,English Theory Paper,English Language & Literature,1,HUMAN_CURATED,single_mcq,hi,FULLY_MAPPED,CURATED_REFERENCE_KEY,UNIQUE_VERIFIED,CLEAN_VERIFIED,PRACTICE_ELIGIBLE
q-hy-en-0013,src-human-curation-bank,comp-cbse-board-cls10-english,2026,English Theory Paper,English Language & Literature,1,HUMAN_CURATED,single_mcq,hi,FULLY_MAPPED,CURATED_REFERENCE_KEY,UNIQUE_VERIFIED,CLEAN_VERIFIED,PRACTICE_ELIGIBLE
q-hy-en-0014,src-human-curation-bank,comp-cbse-board-cls10-english,2026,English Theory Paper,English Language & Literature,1,HUMAN_CURATED,single_mcq,hi,FULLY_MAPPED,CURATED_REFERENCE_KEY,UNIQUE_VERIFIED,CLEAN_VERIFIED,PRACTICE_ELIGIBLE
q-hy-en-0015,src-human-curation-bank,comp-cbse-board-cls10-english,2026,English Theory Paper,English Language & Literature,1,HUMAN_CURATED,single_mcq,hi,FULLY_MAPPED,CURATED_REFERENCE_KEY,UNIQUE_VERIFIED,CLEAN_VERIFIED,PRACTICE_ELIGIBLE
q-hy-en-0016,src-human-curation-bank,comp-cbse-board-cls10-english,2026,English Theory Paper,English Language & Literature,1,HUMAN_CURATED,single_mcq,hi,FULLY_MAPPED,CURATED_REFERENCE_KEY,UNIQUE_VERIFIED,CLEAN_VERIFIED,PRACTICE_ELIGIBLE
q-hy-en-0017,src-human-curation-bank,comp-cbse-board-cls10-english,2026,English Theory Paper,English Language & Literature,1,HUMAN_CURATED,single_mcq,hi,FULLY_MAPPED,CURATED_REFERENCE_KEY,UNIQUE_VERIFIED,CLEAN_VERIFIED,PRACTICE_ELIGIBLE
q-hy-en-0018,src-human-curation-bank,comp-cbse-board-cls10-english,2026,English Theory Paper,English Language & Literature,1,HUMAN_CURATED,single_mcq,hi,FULLY_MAPPED,CURATED_REFERENCE_KEY,UNIQUE_VERIFIED,CLEAN_VERIFIED,PRACTICE_ELIGIBLE
q-hy-en-0019,src-human-curation-bank,comp-cbse-board-cls10-english,2026,English Theory Paper,English Language & Literature,1,HUMAN_CURATED,single_mcq,hi,FULLY_MAPPED,CURATED_REFERENCE_KEY,UNIQUE_VERIFIED,CLEAN_VERIFIED,PRACTICE_ELIGIBLE
q-hy-en-0020,src-human-curation-bank,comp-cbse-board-cls10-english,2026,English Theory Paper,English Language & Literature,1,HUMAN_CURATED,single_mcq,hi,FULLY_MAPPED,CURATED_REFERENCE_KEY,UNIQUE_VERIFIED,CLEAN_VERIFIED,PRACTICE_ELIGIBLE
q-hy-en-0021,src-human-curation-bank,comp-cbse-board-cls10-english,2026,English Theory Paper,English Language & Literature,1,HUMAN_CURATED,single_mcq,"hi,en",FULLY_MAPPED,CURATED_REFERENCE_KEY,UNIQUE_VERIFIED,CLEAN_VERIFIED,PRACTICE_ELIGIBLE
q-hy-en-0022,src-human-curation-bank,comp-cbse-board-cls10-english,2026,English Theory Paper,English Language & Literature,1,HUMAN_CURATED,single_mcq,"hi,en",FULLY_MAPPED,CURATED_REFERENCE_KEY,UNIQUE_VERIFIED,CLEAN_VERIFIED,PRACTICE_ELIGIBLE
q-hy-en-0023,src-human-curation-bank,comp-cbse-board-cls10-english,2026,English Theory Paper,English Language & Literature,1,HUMAN_CURATED,single_mcq,"hi,en",FULLY_MAPPED,CURATED_REFERENCE_KEY,UNIQUE_VERIFIED,CLEAN_VERIFIED,PRACTICE_ELIGIBLE
q-hy-en-0024,src-human-curation-bank,comp-cbse-board-cls10-english,2026,English Theory Paper,English Language & Literature,1,HUMAN_CURATED,single_mcq,hi,FULLY_MAPPED,CURATED_REFERENCE_KEY,UNIQUE_VERIFIED,CLEAN_VERIFIED,PRACTICE_ELIGIBLE
q-hy-en-0025,src-human-curation-bank,comp-cbse-board-cls10-english,2026,English Theory Paper,English Language & Literature,1,HUMAN_CURATED,single_mcq,hi,FULLY_MAPPED,CURATED_REFERENCE_KEY,UNIQUE_VERIFIED,CLEAN_VERIFIED,PRACTICE_ELIGIBLE
q-hy-en-0026,src-human-curation-bank,comp-cbse-board-cls10-english,2026,English Theory Paper,English Language & Literature,1,HUMAN_CURATED,single_mcq,"hi,en",FULLY_MAPPED,CURATED_REFERENCE_KEY,UNIQUE_VERIFIED,CLEAN_VERIFIED,PRACTICE_ELIGIBLE
q-hy-en-0027,src-human-curation-bank,comp-cbse-board-cls10-english,2026,English Theory Paper,English Language & Literature,1,HUMAN_CURATED,single_mcq,"hi,en",FULLY_MAPPED,CURATED_REFERENCE_KEY,UNIQUE_VERIFIED,CLEAN_VERIFIED,PRACTICE_ELIGIBLE
q-hy-en-0028,src-human-curation-bank,comp-cbse-board-cls10-english,2026,English Theory Paper,English Language & Literature,1,HUMAN_CURATED,single_mcq,"hi,en",FULLY_MAPPED,CURATED_REFERENCE_KEY,UNIQUE_VERIFIED,CLEAN_VERIFIED,PRACTICE_ELIGIBLE
q-hy-en-0029,src-human-curation-bank,comp-cbse-board-cls10-english,2026,English Theory Paper,English Language & Literature,1,HUMAN_CURATED,single_mcq,hi,FULLY_MAPPED,CURATED_REFERENCE_KEY,UNIQUE_VERIFIED,CLEAN_VERIFIED,PRACTICE_ELIGIBLE
q-hy-en-0030,src-human-curation-bank,comp-cbse-board-cls10-english,2026,English Theory Paper,English Language & Literature,1,HUMAN_CURATED,single_mcq,hi,FULLY_MAPPED,CURATED_REFERENCE_KEY,UNIQUE_VERIFIED,CLEAN_VERIFIED,PRACTICE_ELIGIBLE
q-hy-en-0031,src-human-curation-bank,comp-cbse-board-cls10-english,2026,English Theory Paper,English Language & Literature,1,HUMAN_CURATED,single_mcq,"hi,en",FULLY_MAPPED,CURATED_REFERENCE_KEY,UNIQUE_VERIFIED,CLEAN_VERIFIED,PRACTICE_ELIGIBLE
q-hy-en-0032,src-human-curation-bank,comp-cbse-board-cls10-english,2026,English Theory Paper,English Language & Literature,1,HUMAN_CURATED,single_mcq,"hi,en",FULLY_MAPPED,CURATED_REFERENCE_KEY,UNIQUE_VERIFIED,CLEAN_VERIFIED,PRACTICE_ELIGIBLE
q-hy-en-0033,src-human-curation-bank,comp-cbse-board-cls10-english,2026,English Theory Paper,English Language & Literature,1,HUMAN_CURATED,single_mcq,"hi,en",FULLY_MAPPED,CURATED_REFERENCE_KEY,UNIQUE_VERIFIED,CLEAN_VERIFIED,PRACTICE_ELIGIBLE
q-hy-en-0034,src-human-curation-bank,comp-cbse-board-cls10-english,2026,English Theory Paper,English Language & Literature,1,HUMAN_CURATED,single_mcq,hi,FULLY_MAPPED,CURATED_REFERENCE_KEY,UNIQUE_VERIFIED,CLEAN_VERIFIED,PRACTICE_ELIGIBLE
q-hy-en-0035,src-human-curation-bank,comp-cbse-board-cls10-english,2026,English Theory Paper,English Language & Literature,1,HUMAN_CURATED,single_mcq,hi,FULLY_MAPPED,CURATED_REFERENCE_KEY,UNIQUE_VERIFIED,CLEAN_VERIFIED,PRACTICE_ELIGIBLE
q-hy-en-0036,src-human-curation-bank,comp-cbse-board-cls10-english,2026,English Theory Paper,English Language & Literature,1,HUMAN_CURATED,single_mcq,"hi,en",FULLY_MAPPED,CURATED_REFERENCE_KEY,UNIQUE_VERIFIED,CLEAN_VERIFIED,PRACTICE_ELIGIBLE
q-hy-en-0037,src-human-curation-bank,comp-cbse-board-cls10-english,2026,English Theory Paper,English Language & Literature,1,HUMAN_CURATED,single_mcq,"hi,en",FULLY_MAPPED,CURATED_REFERENCE_KEY,UNIQUE_VERIFIED,CLEAN_VERIFIED,PRACTICE_ELIGIBLE
q-hy-en-0038,src-human-curation-bank,comp-cbse-board-cls10-english,2026,English Theory Paper,English Language & Literature,1,HUMAN_CURATED,single_mcq,"hi,en",FULLY_MAPPED,CURATED_REFERENCE_KEY,UNIQUE_VERIFIED,CLEAN_VERIFIED,PRACTICE_ELIGIBLE
q-hy-en-0039,src-human-curation-bank,comp-cbse-board-cls10-english,2026,English Theory Paper,English Language & Literature,1,HUMAN_CURATED,single_mcq,hi,FULLY_MAPPED,CURATED_REFERENCE_KEY,UNIQUE_VERIFIED,CLEAN_VERIFIED,PRACTICE_ELIGIBLE
q-hy-en-0040,src-human-curation-bank,comp-cbse-board-cls10-english,2026,English Theory Paper,English Language & Literature,1,HUMAN_CURATED,single_mcq,hi,FULLY_MAPPED,CURATED_REFERENCE_KEY,UNIQUE_VERIFIED,CLEAN_VERIFIED,PRACTICE_ELIGIBLE
q-hy-en-0041,src-human-curation-bank,comp-cbse-board-cls10-english,2026,English Theory Paper,English Language & Literature,1,HUMAN_CURATED,single_mcq,"hi,en",FULLY_MAPPED,CURATED_REFERENCE_KEY,UNIQUE_VERIFIED,CLEAN_VERIFIED,PRACTICE_ELIGIBLE
q-hy-en-0042,src-human-curation-bank,comp-cbse-board-cls10-english,2026,English Theory Paper,English Language & Literature,1,HUMAN_CURATED,single_mcq,"hi,en",FULLY_MAPPED,CURATED_REFERENCE_KEY,UNIQUE_VERIFIED,CLEAN_VERIFIED,PRACTICE_ELIGIBLE
q-hy-en-0043,src-human-curation-bank,comp-cbse-board-cls10-english,2026,English Theory Paper,English Language & Literature,1,HUMAN_CURATED,single_mcq,"hi,en",FULLY_MAPPED,CURATED_REFERENCE_KEY,UNIQUE_VERIFIED,CLEAN_VERIFIED,PRACTICE_ELIGIBLE
q-hy-en-0044,src-human-curation-bank,comp-cbse-board-cls10-english,2026,English Theory Paper,English Language & Literature,1,HUMAN_CURATED,single_mcq,hi,FULLY_MAPPED,CURATED_REFERENCE_KEY,UNIQUE_VERIFIED,CLEAN_VERIFIED,PRACTICE_ELIGIBLE
q-hy-en-0045,src-human-curation-bank,comp-cbse-board-cls10-english,2026,English Theory Paper,English Language & Literature,1,HUMAN_CURATED,single_mcq,hi,FULLY_MAPPED,CURATED_REFERENCE_KEY,UNIQUE_VERIFIED,CLEAN_VERIFIED,PRACTICE_ELIGIBLE
q-hy-en-0046,src-human-curation-bank,comp-cbse-board-cls10-english,2026,English Theory Paper,English Language & Literature,1,HUMAN_CURATED,single_mcq,"hi,en",FULLY_MAPPED,CURATED_REFERENCE_KEY,UNIQUE_VERIFIED,CLEAN_VERIFIED,PRACTICE_ELIGIBLE
q-hy-en-0047,src-human-curation-bank,comp-cbse-board-cls10-english,2026,English Theory Paper,English Language & Literature,1,HUMAN_CURATED,single_mcq,"hi,en",FULLY_MAPPED,CURATED_REFERENCE_KEY,UNIQUE_VERIFIED,CLEAN_VERIFIED,PRACTICE_ELIGIBLE
q-hy-en-0048,src-human-curation-bank,comp-cbse-board-cls10-english,2026,English Theory Paper,English Language & Literature,1,HUMAN_CURATED,single_mcq,"hi,en",FULLY_MAPPED,CURATED_REFERENCE_KEY,UNIQUE_VERIFIED,CLEAN_VERIFIED,PRACTICE_ELIGIBLE
q-hy-en-0049,src-human-curation-bank,comp-cbse-board-cls10-english,2026,English Theory Paper,English Language & Literature,1,HUMAN_CURATED,single_mcq,hi,FULLY_MAPPED,CURATED_REFERENCE_KEY,UNIQUE_VERIFIED,CLEAN_VERIFIED,PRACTICE_ELIGIBLE
q-hy-en-0050,src-human-curation-bank,comp-cbse-board-cls10-english,2026,English Theory Paper,English Language & Literature,1,HUMAN_CURATED,single_mcq,hi,FULLY_MAPPED,CURATED_REFERENCE_KEY,UNIQUE_VERIFIED,CLEAN_VERIFIED,PRACTICE_ELIGIBLE
q-hy-en-0051,src-human-curation-bank,comp-cbse-board-cls10-english,2026,English Theory Paper,English Language & Literature,1,HUMAN_CURATED,single_mcq,"hi,en",FULLY_MAPPED,CURATED_REFERENCE_KEY,UNIQUE_VERIFIED,CLEAN_VERIFIED,PRACTICE_ELIGIBLE
q-hy-en-0052,src-human-curation-bank,comp-cbse-board-cls10-english,2026,English Theory Paper,English Language & Literature,1,HUMAN_CURATED,single_mcq,"hi,en",FULLY_MAPPED,CURATED_REFERENCE_KEY,UNIQUE_VERIFIED,CLEAN_VERIFIED,PRACTICE_ELIGIBLE
q-hy-en-0053,src-human-curation-bank,comp-cbse-board-cls10-english,2026,English Theory Paper,English Language & Literature,1,HUMAN_CURATED,single_mcq,"hi,en",FULLY_MAPPED,CURATED_REFERENCE_KEY,UNIQUE_VERIFIED,CLEAN_VERIFIED,PRACTICE_ELIGIBLE
q-hy-en-0054,src-human-curation-bank,comp-cbse-board-cls10-english,2026,English Theory Paper,English Language & Literature,1,HUMAN_CURATED,single_mcq,hi,FULLY_MAPPED,CURATED_REFERENCE_KEY,UNIQUE_VERIFIED,CLEAN_VERIFIED,PRACTICE_ELIGIBLE
q-hy-en-0055,src-human-curation-bank,comp-cbse-board-cls10-english,2026,English Theory Paper,English Language & Literature,1,HUMAN_CURATED,single_mcq,hi,FULLY_MAPPED,CURATED_REFERENCE_KEY,UNIQUE_VERIFIED,CLEAN_VERIFIED,PRACTICE_ELIGIBLE
q-hy-en-0056,src-human-curation-bank,comp-cbse-board-cls10-english,2026,English Theory Paper,English Language & Literature,1,HUMAN_CURATED,single_mcq,"hi,en",FULLY_MAPPED,CURATED_REFERENCE_KEY,UNIQUE_VERIFIED,CLEAN_VERIFIED,PRACTICE_ELIGIBLE
q-hy-en-0057,src-human-curation-bank,comp-cbse-board-cls10-english,2026,English Theory Paper,English Language & Literature,1,HUMAN_CURATED,single_mcq,"hi,en",FULLY_MAPPED,CURATED_REFERENCE_KEY,UNIQUE_VERIFIED,CLEAN_VERIFIED,PRACTICE_ELIGIBLE
q-hy-en-0058,src-human-curation-bank,comp-cbse-board-cls10-english,2026,English Theory Paper,English Language & Literature,1,HUMAN_CURATED,single_mcq,"hi,en",FULLY_MAPPED,CURATED_REFERENCE_KEY,UNIQUE_VERIFIED,CLEAN_VERIFIED,PRACTICE_ELIGIBLE
q-hy-en-0059,src-human-curation-bank,comp-cbse-board-cls10-english,2026,English Theory Paper,English Language & Literature,1,HUMAN_CURATED,single_mcq,hi,FULLY_MAPPED,CURATED_REFERENCE_KEY,UNIQUE_VERIFIED,CLEAN_VERIFIED,PRACTICE_ELIGIBLE
q-hy-en-0060,src-human-curation-bank,comp-cbse-board-cls10-english,2026,English Theory Paper,English Language & Literature,1,HUMAN_CURATED,single_mcq,hi,FULLY_MAPPED,CURATED_REFERENCE_KEY,UNIQUE_VERIFIED,CLEAN_VERIFIED,PRACTICE_ELIGIBLE
q-hy-en-0061,src-human-curation-bank,comp-cbse-board-cls10-english,2026,English Theory Paper,English Language & Literature,1,HUMAN_CURATED,single_mcq,"hi,en",FULLY_MAPPED,CURATED_REFERENCE_KEY,UNIQUE_VERIFIED,CLEAN_VERIFIED,PRACTICE_ELIGIBLE
q-hy-en-0062,src-human-curation-bank,comp-cbse-board-cls10-english,2026,English Theory Paper,English Language & Literature,1,HUMAN_CURATED,single_mcq,"hi,en",FULLY_MAPPED,CURATED_REFERENCE_KEY,UNIQUE_VERIFIED,CLEAN_VERIFIED,PRACTICE_ELIGIBLE
q-hy-en-0063,src-human-curation-bank,comp-cbse-board-cls10-english,2026,English Theory Paper,English Language & Literature,1,HUMAN_CURATED,single_mcq,"hi,en",FULLY_MAPPED,CURATED_REFERENCE_KEY,UNIQUE_VERIFIED,CLEAN_VERIFIED,PRACTICE_ELIGIBLE
q-hy-en-0064,src-human-curation-bank,comp-cbse-board-cls10-english,2026,English Theory Paper,English Language & Literature,1,HUMAN_CURATED,single_mcq,hi,FULLY_MAPPED,CURATED_REFERENCE_KEY,UNIQUE_VERIFIED,CLEAN_VERIFIED,PRACTICE_ELIGIBLE
q-hy-en-0065,src-human-curation-bank,comp-cbse-board-cls10-english,2026,English Theory Paper,English Language & Literature,1,HUMAN_CURATED,single_mcq,hi,FULLY_MAPPED,CURATED_REFERENCE_KEY,UNIQUE_VERIFIED,CLEAN_VERIFIED,PRACTICE_ELIGIBLE
q-hy-en-0066,src-human-curation-bank,comp-cbse-board-cls10-english,2026,English Theory Paper,English Language & Literature,1,HUMAN_CURATED,single_mcq,"hi,en",FULLY_MAPPED,CURATED_REFERENCE_KEY,UNIQUE_VERIFIED,CLEAN_VERIFIED,PRACTICE_ELIGIBLE
q-hy-en-0067,src-human-curation-bank,comp-cbse-board-cls10-english,2026,English Theory Paper,English Language & Literature,1,HUMAN_CURATED,single_mcq,"hi,en",FULLY_MAPPED,CURATED_REFERENCE_KEY,UNIQUE_VERIFIED,CLEAN_VERIFIED,PRACTICE_ELIGIBLE
q-hy-en-0068,src-human-curation-bank,comp-cbse-board-cls10-english,2026,English Theory Paper,English Language & Literature,1,HUMAN_CURATED,single_mcq,"hi,en",FULLY_MAPPED,CURATED_REFERENCE_KEY,UNIQUE_VERIFIED,CLEAN_VERIFIED,PRACTICE_ELIGIBLE
q-hy-en-0069,src-human-curation-bank,comp-cbse-board-cls10-english,2026,English Theory Paper,English Language & Literature,1,HUMAN_CURATED,single_mcq,hi,FULLY_MAPPED,CURATED_REFERENCE_KEY,UNIQUE_VERIFIED,CLEAN_VERIFIED,PRACTICE_ELIGIBLE
q-hy-en-0070,src-human-curation-bank,comp-cbse-board-cls10-english,2026,English Theory Paper,English Language & Literature,1,HUMAN_CURATED,single_mcq,hi,FULLY_MAPPED,CURATED_REFERENCE_KEY,UNIQUE_VERIFIED,CLEAN_VERIFIED,PRACTICE_ELIGIBLE
q-hy-en-0071,src-human-curation-bank,comp-cbse-board-cls10-english,2026,English Theory Paper,English Language & Literature,1,HUMAN_CURATED,single_mcq,"hi,en",FULLY_MAPPED,CURATED_REFERENCE_KEY,UNIQUE_VERIFIED,CLEAN_VERIFIED,PRACTICE_ELIGIBLE
q-hy-en-0072,src-human-curation-bank,comp-cbse-board-cls10-english,2026,English Theory Paper,English Language & Literature,1,HUMAN_CURATED,single_mcq,"hi,en",FULLY_MAPPED,CURATED_REFERENCE_KEY,UNIQUE_VERIFIED,CLEAN_VERIFIED,PRACTICE_ELIGIBLE
q-hy-en-0073,src-human-curation-bank,comp-cbse-board-cls10-english,2026,English Theory Paper,English Language & Literature,1,HUMAN_CURATED,single_mcq,"hi,en",FULLY_MAPPED,CURATED_REFERENCE_KEY,UNIQUE_VERIFIED,CLEAN_VERIFIED,PRACTICE_ELIGIBLE
q-hy-en-0074,src-human-curation-bank,comp-cbse-board-cls10-english,2026,English Theory Paper,English Language & Literature,1,HUMAN_CURATED,single_mcq,hi,FULLY_MAPPED,CURATED_REFERENCE_KEY,UNIQUE_VERIFIED,CLEAN_VERIFIED,PRACTICE_ELIGIBLE
q-hy-en-0075,src-human-curation-bank,comp-cbse-board-cls10-english,2026,English Theory Paper,English Language & Literature,1,HUMAN_CURATED,single_mcq,hi,FULLY_MAPPED,CURATED_REFERENCE_KEY,UNIQUE_VERIFIED,CLEAN_VERIFIED,PRACTICE_ELIGIBLE
q-hy-en-0076,src-human-curation-bank,comp-cbse-board-cls10-english,2026,English Theory Paper,English Language & Literature,1,HUMAN_CURATED,single_mcq,"hi,en",FULLY_MAPPED,CURATED_REFERENCE_KEY,UNIQUE_VERIFIED,CLEAN_VERIFIED,PRACTICE_ELIGIBLE
q-hy-en-0077,src-human-curation-bank,comp-cbse-board-cls10-english,2026,English Theory Paper,English Language & Literature,1,HUMAN_CURATED,single_mcq,"hi,en",FULLY_MAPPED,CURATED_REFERENCE_KEY,UNIQUE_VERIFIED,CLEAN_VERIFIED,PRACTICE_ELIGIBLE
q-hy-en-0078,src-human-curation-bank,comp-cbse-board-cls10-english,2026,English Theory Paper,English Language & Literature,1,HUMAN_CURATED,single_mcq,"hi,en",FULLY_MAPPED,CURATED_REFERENCE_KEY,UNIQUE_VERIFIED,CLEAN_VERIFIED,PRACTICE_ELIGIBLE
q-hy-en-0079,src-human-curation-bank,comp-cbse-board-cls10-english,2026,English Theory Paper,English Language & Literature,1,HUMAN_CURATED,single_mcq,hi,FULLY_MAPPED,CURATED_REFERENCE_KEY,UNIQUE_VERIFIED,CLEAN_VERIFIED,PRACTICE_ELIGIBLE
q-hy-en-0080,src-human-curation-bank,comp-cbse-board-cls10-english,2026,English Theory Paper,English Language & Literature,1,HUMAN_CURATED,single_mcq,hi,FULLY_MAPPED,CURATED_REFERENCE_KEY,UNIQUE_VERIFIED,CLEAN_VERIFIED,PRACTICE_ELIGIBLE
q-hy-en-0081,src-human-curation-bank,comp-cbse-board-cls10-english,2026,English Theory Paper,English Language & Literature,1,HUMAN_CURATED,single_mcq,"hi,en",FULLY_MAPPED,CURATED_REFERENCE_KEY,UNIQUE_VERIFIED,CLEAN_VERIFIED,PRACTICE_ELIGIBLE
q-hy-en-0082,src-human-curation-bank,comp-cbse-board-cls10-english,2026,English Theory Paper,English Language & Literature,1,HUMAN_CURATED,single_mcq,"hi,en",FULLY_MAPPED,CURATED_REFERENCE_KEY,UNIQUE_VERIFIED,CLEAN_VERIFIED,PRACTICE_ELIGIBLE
q-hy-en-0083,src-human-curation-bank,comp-cbse-board-cls10-english,2026,English Theory Paper,English Language & Literature,1,HUMAN_CURATED,single_mcq,"hi,en",FULLY_MAPPED,CURATED_REFERENCE_KEY,UNIQUE_VERIFIED,CLEAN_VERIFIED,PRACTICE_ELIGIBLE
q-hy-en-0084,src-human-curation-bank,comp-cbse-board-cls10-english,2026,English Theory Paper,English Language & Literature,1,HUMAN_CURATED,single_mcq,hi,FULLY_MAPPED,CURATED_REFERENCE_KEY,UNIQUE_VERIFIED,CLEAN_VERIFIED,PRACTICE_ELIGIBLE
q-hy-en-0085,src-human-curation-bank,comp-cbse-board-cls10-english,2026,English Theory Paper,English Language & Literature,1,HUMAN_CURATED,single_mcq,hi,FULLY_MAPPED,CURATED_REFERENCE_KEY,UNIQUE_VERIFIED,CLEAN_VERIFIED,PRACTICE_ELIGIBLE
q-hy-hi-0001,src-human-curation-bank,comp-cbse-board-cls10-regionallang,2026,Hindi Theory Paper,Hindi Course A,1,HUMAN_CURATED,single_mcq,"hi,en",FULLY_MAPPED,CURATED_REFERENCE_KEY,UNIQUE_VERIFIED,CLEAN_VERIFIED,PRACTICE_ELIGIBLE
q-hy-hi-0002,src-human-curation-bank,comp-cbse-board-cls10-regionallang,2026,Hindi Theory Paper,Hindi Course A,1,HUMAN_CURATED,single_mcq,"hi,en",FULLY_MAPPED,CURATED_REFERENCE_KEY,UNIQUE_VERIFIED,CLEAN_VERIFIED,PRACTICE_ELIGIBLE
q-hy-hi-0003,src-human-curation-bank,comp-cbse-board-cls10-regionallang,2026,Hindi Theory Paper,Hindi Course A,1,HUMAN_CURATED,single_mcq,"hi,en",FULLY_MAPPED,CURATED_REFERENCE_KEY,UNIQUE_VERIFIED,CLEAN_VERIFIED,PRACTICE_ELIGIBLE
q-hy-hi-0004,src-human-curation-bank,comp-cbse-board-cls10-regionallang,2026,Hindi Theory Paper,Hindi Course A,1,HUMAN_CURATED,single_mcq,"hi,en",FULLY_MAPPED,CURATED_REFERENCE_KEY,UNIQUE_VERIFIED,CLEAN_VERIFIED,PRACTICE_ELIGIBLE
q-hy-hi-0005,src-human-curation-bank,comp-cbse-board-cls10-regionallang,2026,Hindi Theory Paper,Hindi Course A,1,HUMAN_CURATED,single_mcq,"hi,en",FULLY_MAPPED,CURATED_REFERENCE_KEY,UNIQUE_VERIFIED,CLEAN_VERIFIED,PRACTICE_ELIGIBLE
q-hy-hi-0006,src-human-curation-bank,comp-cbse-board-cls10-regionallang,2026,Hindi Theory Paper,Hindi Course A,1,HUMAN_CURATED,single_mcq,"hi,en",FULLY_MAPPED,CURATED_REFERENCE_KEY,UNIQUE_VERIFIED,CLEAN_VERIFIED,PRACTICE_ELIGIBLE
q-hy-hi-0007,src-human-curation-bank,comp-cbse-board-cls10-regionallang,2026,Hindi Theory Paper,Hindi Course A,1,HUMAN_CURATED,single_mcq,"hi,en",FULLY_MAPPED,CURATED_REFERENCE_KEY,UNIQUE_VERIFIED,CLEAN_VERIFIED,PRACTICE_ELIGIBLE
q-hy-hi-0008,src-human-curation-bank,comp-cbse-board-cls10-regionallang,2026,Hindi Theory Paper,Hindi Course A,1,HUMAN_CURATED,single_mcq,"hi,en",FULLY_MAPPED,CURATED_REFERENCE_KEY,UNIQUE_VERIFIED,CLEAN_VERIFIED,PRACTICE_ELIGIBLE
q-hy-hi-0009,src-human-curation-bank,comp-cbse-board-cls10-regionallang,2026,Hindi Theory Paper,Hindi Course A,1,HUMAN_CURATED,single_mcq,"hi,en",FULLY_MAPPED,CURATED_REFERENCE_KEY,UNIQUE_VERIFIED,CLEAN_VERIFIED,PRACTICE_ELIGIBLE
q-hy-hi-0010,src-human-curation-bank,comp-cbse-board-cls10-regionallang,2026,Hindi Theory Paper,Hindi Course A,1,HUMAN_CURATED,single_mcq,"hi,en",FULLY_MAPPED,CURATED_REFERENCE_KEY,UNIQUE_VERIFIED,CLEAN_VERIFIED,PRACTICE_ELIGIBLE
q-hy-hi-0011,src-human-curation-bank,comp-cbse-board-cls10-regionallang,2026,Hindi Theory Paper,Hindi Course A,1,HUMAN_CURATED,single_mcq,"hi,en",FULLY_MAPPED,CURATED_REFERENCE_KEY,UNIQUE_VERIFIED,CLEAN_VERIFIED,PRACTICE_ELIGIBLE
q-hy-hi-0012,src-human-curation-bank,comp-cbse-board-cls10-regionallang,2026,Hindi Theory Paper,Hindi Course A,1,HUMAN_CURATED,single_mcq,"hi,en",FULLY_MAPPED,CURATED_REFERENCE_KEY,UNIQUE_VERIFIED,CLEAN_VERIFIED,PRACTICE_ELIGIBLE
q-hy-hi-0013,src-human-curation-bank,comp-cbse-board-cls10-regionallang,2026,Hindi Theory Paper,Hindi Course A,1,HUMAN_CURATED,single_mcq,"hi,en",FULLY_MAPPED,CURATED_REFERENCE_KEY,UNIQUE_VERIFIED,CLEAN_VERIFIED,PRACTICE_ELIGIBLE
q-hy-hi-0014,src-human-curation-bank,comp-cbse-board-cls10-regionallang,2026,Hindi Theory Paper,Hindi Course A,1,HUMAN_CURATED,single_mcq,"hi,en",FULLY_MAPPED,CURATED_REFERENCE_KEY,UNIQUE_VERIFIED,CLEAN_VERIFIED,PRACTICE_ELIGIBLE
q-hy-hi-0015,src-human-curation-bank,comp-cbse-board-cls10-regionallang,2026,Hindi Theory Paper,Hindi Course A,1,HUMAN_CURATED,single_mcq,"hi,en",FULLY_MAPPED,CURATED_REFERENCE_KEY,UNIQUE_VERIFIED,CLEAN_VERIFIED,PRACTICE_ELIGIBLE
q-hy-hi-0016,src-human-curation-bank,comp-cbse-board-cls10-regionallang,2026,Hindi Theory Paper,Hindi Course A,1,HUMAN_CURATED,single_mcq,"hi,en",FULLY_MAPPED,CURATED_REFERENCE_KEY,UNIQUE_VERIFIED,CLEAN_VERIFIED,PRACTICE_ELIGIBLE
q-hy-hi-0017,src-human-curation-bank,comp-cbse-board-cls10-regionallang,2026,Hindi Theory Paper,Hindi Course A,1,HUMAN_CURATED,single_mcq,"hi,en",FULLY_MAPPED,CURATED_REFERENCE_KEY,UNIQUE_VERIFIED,CLEAN_VERIFIED,PRACTICE_ELIGIBLE
q-hy-hi-0018,src-human-curation-bank,comp-cbse-board-cls10-regionallang,2026,Hindi Theory Paper,Hindi Course A,1,HUMAN_CURATED,single_mcq,"hi,en",FULLY_MAPPED,CURATED_REFERENCE_KEY,UNIQUE_VERIFIED,CLEAN_VERIFIED,PRACTICE_ELIGIBLE
q-hy-hi-0019,src-human-curation-bank,comp-cbse-board-cls10-regionallang,2026,Hindi Theory Paper,Hindi Course A,1,HUMAN_CURATED,single_mcq,"hi,en",FULLY_MAPPED,CURATED_REFERENCE_KEY,UNIQUE_VERIFIED,CLEAN_VERIFIED,PRACTICE_ELIGIBLE
q-hy-hi-0020,src-human-curation-bank,comp-cbse-board-cls10-regionallang,2026,Hindi Theory Paper,Hindi Course A,1,HUMAN_CURATED,single_mcq,"hi,en",FULLY_MAPPED,CURATED_REFERENCE_KEY,UNIQUE_VERIFIED,CLEAN_VERIFIED,PRACTICE_ELIGIBLE
q-hy-hi-0021,src-human-curation-bank,comp-cbse-board-cls10-regionallang,2026,Hindi Theory Paper,Hindi Course A,1,HUMAN_CURATED,single_mcq,"hi,en",FULLY_MAPPED,CURATED_REFERENCE_KEY,UNIQUE_VERIFIED,CLEAN_VERIFIED,PRACTICE_ELIGIBLE
q-hy-hi-0022,src-human-curation-bank,comp-cbse-board-cls10-regionallang,2026,Hindi Theory Paper,Hindi Course A,1,HUMAN_CURATED,single_mcq,"hi,en",FULLY_MAPPED,CURATED_REFERENCE_KEY,UNIQUE_VERIFIED,CLEAN_VERIFIED,PRACTICE_ELIGIBLE
q-hy-hi-0023,src-human-curation-bank,comp-cbse-board-cls10-regionallang,2026,Hindi Theory Paper,Hindi Course A,1,HUMAN_CURATED,single_mcq,"hi,en",FULLY_MAPPED,CURATED_REFERENCE_KEY,UNIQUE_VERIFIED,CLEAN_VERIFIED,PRACTICE_ELIGIBLE
q-hy-hi-0024,src-human-curation-bank,comp-cbse-board-cls10-regionallang,2026,Hindi Theory Paper,Hindi Course A,1,HUMAN_CURATED,single_mcq,"hi,en",FULLY_MAPPED,CURATED_REFERENCE_KEY,UNIQUE_VERIFIED,CLEAN_VERIFIED,PRACTICE_ELIGIBLE
q-hy-hi-0025,src-human-curation-bank,comp-cbse-board-cls10-regionallang,2026,Hindi Theory Paper,Hindi Course A,1,HUMAN_CURATED,single_mcq,"hi,en",FULLY_MAPPED,CURATED_REFERENCE_KEY,UNIQUE_VERIFIED,CLEAN_VERIFIED,PRACTICE_ELIGIBLE
q-hy-hi-0026,src-human-curation-bank,comp-cbse-board-cls10-regionallang,2026,Hindi Theory Paper,Hindi Course A,1,HUMAN_CURATED,single_mcq,"hi,en",FULLY_MAPPED,CURATED_REFERENCE_KEY,UNIQUE_VERIFIED,CLEAN_VERIFIED,PRACTICE_ELIGIBLE
q-hy-hi-0027,src-human-curation-bank,comp-cbse-board-cls10-regionallang,2026,Hindi Theory Paper,Hindi Course A,1,HUMAN_CURATED,single_mcq,"hi,en",FULLY_MAPPED,CURATED_REFERENCE_KEY,UNIQUE_VERIFIED,CLEAN_VERIFIED,PRACTICE_ELIGIBLE
q-hy-hi-0028,src-human-curation-bank,comp-cbse-board-cls10-regionallang,2026,Hindi Theory Paper,Hindi Course A,1,HUMAN_CURATED,single_mcq,"hi,en",FULLY_MAPPED,CURATED_REFERENCE_KEY,UNIQUE_VERIFIED,CLEAN_VERIFIED,PRACTICE_ELIGIBLE
q-hy-hi-0029,src-human-curation-bank,comp-cbse-board-cls10-regionallang,2026,Hindi Theory Paper,Hindi Course A,1,HUMAN_CURATED,single_mcq,"hi,en",FULLY_MAPPED,CURATED_REFERENCE_KEY,UNIQUE_VERIFIED,CLEAN_VERIFIED,PRACTICE_ELIGIBLE
q-hy-hi-0030,src-human-curation-bank,comp-cbse-board-cls10-regionallang,2026,Hindi Theory Paper,Hindi Course A,1,HUMAN_CURATED,single_mcq,"hi,en",FULLY_MAPPED,CURATED_REFERENCE_KEY,UNIQUE_VERIFIED,CLEAN_VERIFIED,PRACTICE_ELIGIBLE
q-hy-hi-0031,src-human-curation-bank,comp-cbse-board-cls10-regionallang,2026,Hindi Theory Paper,Hindi Course A,1,HUMAN_CURATED,single_mcq,"hi,en",FULLY_MAPPED,CURATED_REFERENCE_KEY,UNIQUE_VERIFIED,CLEAN_VERIFIED,PRACTICE_ELIGIBLE
q-hy-hi-0032,src-human-curation-bank,comp-cbse-board-cls10-regionallang,2026,Hindi Theory Paper,Hindi Course A,1,HUMAN_CURATED,single_mcq,"hi,en",FULLY_MAPPED,CURATED_REFERENCE_KEY,UNIQUE_VERIFIED,CLEAN_VERIFIED,PRACTICE_ELIGIBLE
q-hy-hi-0033,src-human-curation-bank,comp-cbse-board-cls10-regionallang,2026,Hindi Theory Paper,Hindi Course A,1,HUMAN_CURATED,single_mcq,"hi,en",FULLY_MAPPED,CURATED_REFERENCE_KEY,UNIQUE_VERIFIED,CLEAN_VERIFIED,PRACTICE_ELIGIBLE
q-hy-hi-0034,src-human-curation-bank,comp-cbse-board-cls10-regionallang,2026,Hindi Theory Paper,Hindi Course A,1,HUMAN_CURATED,single_mcq,"hi,en",FULLY_MAPPED,CURATED_REFERENCE_KEY,UNIQUE_VERIFIED,CLEAN_VERIFIED,PRACTICE_ELIGIBLE
q-hy-hi-0035,src-human-curation-bank,comp-cbse-board-cls10-regionallang,2026,Hindi Theory Paper,Hindi Course A,1,HUMAN_CURATED,single_mcq,"hi,en",FULLY_MAPPED,CURATED_REFERENCE_KEY,UNIQUE_VERIFIED,CLEAN_VERIFIED,PRACTICE_ELIGIBLE
q-hy-hi-0036,src-human-curation-bank,comp-cbse-board-cls10-regionallang,2026,Hindi Theory Paper,Hindi Course A,1,HUMAN_CURATED,single_mcq,"hi,en",FULLY_MAPPED,CURATED_REFERENCE_KEY,UNIQUE_VERIFIED,CLEAN_VERIFIED,PRACTICE_ELIGIBLE
q-hy-hi-0037,src-human-curation-bank,comp-cbse-board-cls10-regionallang,2026,Hindi Theory Paper,Hindi Course A,1,HUMAN_CURATED,single_mcq,"hi,en",FULLY_MAPPED,CURATED_REFERENCE_KEY,UNIQUE_VERIFIED,CLEAN_VERIFIED,PRACTICE_ELIGIBLE
q-hy-hi-0038,src-human-curation-bank,comp-cbse-board-cls10-regionallang,2026,Hindi Theory Paper,Hindi Course A,1,HUMAN_CURATED,single_mcq,"hi,en",FULLY_MAPPED,CURATED_REFERENCE_KEY,UNIQUE_VERIFIED,CLEAN_VERIFIED,PRACTICE_ELIGIBLE
q-hy-hi-0039,src-human-curation-bank,comp-cbse-board-cls10-regionallang,2026,Hindi Theory Paper,Hindi Course A,1,HUMAN_CURATED,single_mcq,"hi,en",FULLY_MAPPED,CURATED_REFERENCE_KEY,UNIQUE_VERIFIED,CLEAN_VERIFIED,PRACTICE_ELIGIBLE
q-hy-hi-0040,src-human-curation-bank,comp-cbse-board-cls10-regionallang,2026,Hindi Theory Paper,Hindi Course A,1,HUMAN_CURATED,single_mcq,"hi,en",FULLY_MAPPED,CURATED_REFERENCE_KEY,UNIQUE_VERIFIED,CLEAN_VERIFIED,PRACTICE_ELIGIBLE
q-hy-hi-0041,src-human-curation-bank,comp-cbse-board-cls10-regionallang,2026,Hindi Theory Paper,Hindi Course A,1,HUMAN_CURATED,single_mcq,"hi,en",FULLY_MAPPED,CURATED_REFERENCE_KEY,UNIQUE_VERIFIED,CLEAN_VERIFIED,PRACTICE_ELIGIBLE
q-hy-hi-0042,src-human-curation-bank,comp-cbse-board-cls10-regionallang,2026,Hindi Theory Paper,Hindi Course A,1,HUMAN_CURATED,single_mcq,"hi,en",FULLY_MAPPED,CURATED_REFERENCE_KEY,UNIQUE_VERIFIED,CLEAN_VERIFIED,PRACTICE_ELIGIBLE
q-hy-hi-0043,src-human-curation-bank,comp-cbse-board-cls10-regionallang,2026,Hindi Theory Paper,Hindi Course A,1,HUMAN_CURATED,single_mcq,"hi,en",FULLY_MAPPED,CURATED_REFERENCE_KEY,UNIQUE_VERIFIED,CLEAN_VERIFIED,PRACTICE_ELIGIBLE
q-hy-hi-0044,src-human-curation-bank,comp-cbse-board-cls10-regionallang,2026,Hindi Theory Paper,Hindi Course A,1,HUMAN_CURATED,single_mcq,"hi,en",FULLY_MAPPED,CURATED_REFERENCE_KEY,UNIQUE_VERIFIED,CLEAN_VERIFIED,PRACTICE_ELIGIBLE
q-hy-hi-0045,src-human-curation-bank,comp-cbse-board-cls10-regionallang,2026,Hindi Theory Paper,Hindi Course A,1,HUMAN_CURATED,single_mcq,"hi,en",FULLY_MAPPED,CURATED_REFERENCE_KEY,UNIQUE_VERIFIED,CLEAN_VERIFIED,PRACTICE_ELIGIBLE
q-hy-hi-0046,src-human-curation-bank,comp-cbse-board-cls10-regionallang,2026,Hindi Theory Paper,Hindi Course A,1,HUMAN_CURATED,single_mcq,"hi,en",FULLY_MAPPED,CURATED_REFERENCE_KEY,UNIQUE_VERIFIED,CLEAN_VERIFIED,PRACTICE_ELIGIBLE
q-hy-hi-0047,src-human-curation-bank,comp-cbse-board-cls10-regionallang,2026,Hindi Theory Paper,Hindi Course A,1,HUMAN_CURATED,single_mcq,"hi,en",FULLY_MAPPED,CURATED_REFERENCE_KEY,UNIQUE_VERIFIED,CLEAN_VERIFIED,PRACTICE_ELIGIBLE
q-hy-hi-0048,src-human-curation-bank,comp-cbse-board-cls10-regionallang,2026,Hindi Theory Paper,Hindi Course A,1,HUMAN_CURATED,single_mcq,"hi,en",FULLY_MAPPED,CURATED_REFERENCE_KEY,UNIQUE_VERIFIED,CLEAN_VERIFIED,PRACTICE_ELIGIBLE
q-hy-hi-0049,src-human-curation-bank,comp-cbse-board-cls10-regionallang,2026,Hindi Theory Paper,Hindi Course A,1,HUMAN_CURATED,single_mcq,"hi,en",FULLY_MAPPED,CURATED_REFERENCE_KEY,UNIQUE_VERIFIED,CLEAN_VERIFIED,PRACTICE_ELIGIBLE
q-hy-hi-0050,src-human-curation-bank,comp-cbse-board-cls10-regionallang,2026,Hindi Theory Paper,Hindi Course A,1,HUMAN_CURATED,single_mcq,"hi,en",FULLY_MAPPED,CURATED_REFERENCE_KEY,UNIQUE_VERIFIED,CLEAN_VERIFIED,PRACTICE_ELIGIBLE
q-hy-hi-0051,src-human-curation-bank,comp-cbse-board-cls10-regionallang,2026,Hindi Theory Paper,Hindi Course A,1,HUMAN_CURATED,single_mcq,"hi,en",FULLY_MAPPED,CURATED_REFERENCE_KEY,UNIQUE_VERIFIED,CLEAN_VERIFIED,PRACTICE_ELIGIBLE
q-hy-hi-0052,src-human-curation-bank,comp-cbse-board-cls10-regionallang,2026,Hindi Theory Paper,Hindi Course A,1,HUMAN_CURATED,single_mcq,"hi,en",FULLY_MAPPED,CURATED_REFERENCE_KEY,UNIQUE_VERIFIED,CLEAN_VERIFIED,PRACTICE_ELIGIBLE
q-hy-hi-0053,src-human-curation-bank,comp-cbse-board-cls10-regionallang,2026,Hindi Theory Paper,Hindi Course A,1,HUMAN_CURATED,single_mcq,"hi,en",FULLY_MAPPED,CURATED_REFERENCE_KEY,UNIQUE_VERIFIED,CLEAN_VERIFIED,PRACTICE_ELIGIBLE
q-hy-hi-0054,src-human-curation-bank,comp-cbse-board-cls10-regionallang,2026,Hindi Theory Paper,Hindi Course A,1,HUMAN_CURATED,single_mcq,"hi,en",FULLY_MAPPED,CURATED_REFERENCE_KEY,UNIQUE_VERIFIED,CLEAN_VERIFIED,PRACTICE_ELIGIBLE
q-hy-hi-0055,src-human-curation-bank,comp-cbse-board-cls10-regionallang,2026,Hindi Theory Paper,Hindi Course A,1,HUMAN_CURATED,single_mcq,"hi,en",FULLY_MAPPED,CURATED_REFERENCE_KEY,UNIQUE_VERIFIED,CLEAN_VERIFIED,PRACTICE_ELIGIBLE
q-hy-hi-0056,src-human-curation-bank,comp-cbse-board-cls10-regionallang,2026,Hindi Theory Paper,Hindi Course A,1,HUMAN_CURATED,single_mcq,"hi,en",FULLY_MAPPED,CURATED_REFERENCE_KEY,UNIQUE_VERIFIED,CLEAN_VERIFIED,PRACTICE_ELIGIBLE
q-hy-hi-0057,src-human-curation-bank,comp-cbse-board-cls10-regionallang,2026,Hindi Theory Paper,Hindi Course A,1,HUMAN_CURATED,single_mcq,"hi,en",FULLY_MAPPED,CURATED_REFERENCE_KEY,UNIQUE_VERIFIED,CLEAN_VERIFIED,PRACTICE_ELIGIBLE
q-hy-hi-0058,src-human-curation-bank,comp-cbse-board-cls10-regionallang,2026,Hindi Theory Paper,Hindi Course A,1,HUMAN_CURATED,single_mcq,"hi,en",FULLY_MAPPED,CURATED_REFERENCE_KEY,UNIQUE_VERIFIED,CLEAN_VERIFIED,PRACTICE_ELIGIBLE
q-hy-hi-0059,src-human-curation-bank,comp-cbse-board-cls10-regionallang,2026,Hindi Theory Paper,Hindi Course A,1,HUMAN_CURATED,single_mcq,"hi,en",FULLY_MAPPED,CURATED_REFERENCE_KEY,UNIQUE_VERIFIED,CLEAN_VERIFIED,PRACTICE_ELIGIBLE
q-hy-hi-0060,src-human-curation-bank,comp-cbse-board-cls10-regionallang,2026,Hindi Theory Paper,Hindi Course A,1,HUMAN_CURATED,single_mcq,"hi,en",FULLY_MAPPED,CURATED_REFERENCE_KEY,UNIQUE_VERIFIED,CLEAN_VERIFIED,PRACTICE_ELIGIBLE
q-hy-hi-0061,src-human-curation-bank,comp-cbse-board-cls10-regionallang,2026,Hindi Theory Paper,Hindi Course A,1,HUMAN_CURATED,single_mcq,"hi,en",FULLY_MAPPED,CURATED_REFERENCE_KEY,UNIQUE_VERIFIED,CLEAN_VERIFIED,PRACTICE_ELIGIBLE
q-hy-hi-0062,src-human-curation-bank,comp-cbse-board-cls10-regionallang,2026,Hindi Theory Paper,Hindi Course A,1,HUMAN_CURATED,single_mcq,"hi,en",FULLY_MAPPED,CURATED_REFERENCE_KEY,UNIQUE_VERIFIED,CLEAN_VERIFIED,PRACTICE_ELIGIBLE
q-hy-hi-0063,src-human-curation-bank,comp-cbse-board-cls10-regionallang,2026,Hindi Theory Paper,Hindi Course A,1,HUMAN_CURATED,single_mcq,"hi,en",FULLY_MAPPED,CURATED_REFERENCE_KEY,UNIQUE_VERIFIED,CLEAN_VERIFIED,PRACTICE_ELIGIBLE
q-hy-hi-0064,src-human-curation-bank,comp-cbse-board-cls10-regionallang,2026,Hindi Theory Paper,Hindi Course A,1,HUMAN_CURATED,single_mcq,"hi,en",FULLY_MAPPED,CURATED_REFERENCE_KEY,UNIQUE_VERIFIED,CLEAN_VERIFIED,PRACTICE_ELIGIBLE
q-hy-hi-0065,src-human-curation-bank,comp-cbse-board-cls10-regionallang,2026,Hindi Theory Paper,Hindi Course A,1,HUMAN_CURATED,single_mcq,"hi,en",FULLY_MAPPED,CURATED_REFERENCE_KEY,UNIQUE_VERIFIED,CLEAN_VERIFIED,PRACTICE_ELIGIBLE
q-hy-hi-0066,src-human-curation-bank,comp-cbse-board-cls10-regionallang,2026,Hindi Theory Paper,Hindi Course A,1,HUMAN_CURATED,single_mcq,"hi,en",FULLY_MAPPED,CURATED_REFERENCE_KEY,UNIQUE_VERIFIED,CLEAN_VERIFIED,PRACTICE_ELIGIBLE
q-hy-hi-0067,src-human-curation-bank,comp-cbse-board-cls10-regionallang,2026,Hindi Theory Paper,Hindi Course A,1,HUMAN_CURATED,single_mcq,"hi,en",FULLY_MAPPED,CURATED_REFERENCE_KEY,UNIQUE_VERIFIED,CLEAN_VERIFIED,PRACTICE_ELIGIBLE
q-hy-hi-0068,src-human-curation-bank,comp-cbse-board-cls10-regionallang,2026,Hindi Theory Paper,Hindi Course A,1,HUMAN_CURATED,single_mcq,"hi,en",FULLY_MAPPED,CURATED_REFERENCE_KEY,UNIQUE_VERIFIED,CLEAN_VERIFIED,PRACTICE_ELIGIBLE
q-hy-hi-0069,src-human-curation-bank,comp-cbse-board-cls10-regionallang,2026,Hindi Theory Paper,Hindi Course A,1,HUMAN_CURATED,single_mcq,"hi,en",FULLY_MAPPED,CURATED_REFERENCE_KEY,UNIQUE_VERIFIED,CLEAN_VERIFIED,PRACTICE_ELIGIBLE
q-hy-hi-0070,src-human-curation-bank,comp-cbse-board-cls10-regionallang,2026,Hindi Theory Paper,Hindi Course A,1,HUMAN_CURATED,single_mcq,"hi,en",FULLY_MAPPED,CURATED_REFERENCE_KEY,UNIQUE_VERIFIED,CLEAN_VERIFIED,PRACTICE_ELIGIBLE
q-hy-hi-0071,src-human-curation-bank,comp-cbse-board-cls10-regionallang,2026,Hindi Theory Paper,Hindi Course A,1,HUMAN_CURATED,single_mcq,"hi,en",FULLY_MAPPED,CURATED_REFERENCE_KEY,UNIQUE_VERIFIED,CLEAN_VERIFIED,PRACTICE_ELIGIBLE
q-hy-hi-0072,src-human-curation-bank,comp-cbse-board-cls10-regionallang,2026,Hindi Theory Paper,Hindi Course A,1,HUMAN_CURATED,single_mcq,"hi,en",FULLY_MAPPED,CURATED_REFERENCE_KEY,UNIQUE_VERIFIED,CLEAN_VERIFIED,PRACTICE_ELIGIBLE
q-hy-hi-0073,src-human-curation-bank,comp-cbse-board-cls10-regionallang,2026,Hindi Theory Paper,Hindi Course A,1,HUMAN_CURATED,single_mcq,"hi,en",FULLY_MAPPED,CURATED_REFERENCE_KEY,UNIQUE_VERIFIED,CLEAN_VERIFIED,PRACTICE_ELIGIBLE
q-hy-hi-0074,src-human-curation-bank,comp-cbse-board-cls10-regionallang,2026,Hindi Theory Paper,Hindi Course A,1,HUMAN_CURATED,single_mcq,"hi,en",FULLY_MAPPED,CURATED_REFERENCE_KEY,UNIQUE_VERIFIED,CLEAN_VERIFIED,PRACTICE_ELIGIBLE
q-hy-hi-0075,src-human-curation-bank,comp-cbse-board-cls10-regionallang,2026,Hindi Theory Paper,Hindi Course A,1,HUMAN_CURATED,single_mcq,"hi,en",FULLY_MAPPED,CURATED_REFERENCE_KEY,UNIQUE_VERIFIED,CLEAN_VERIFIED,PRACTICE_ELIGIBLE
q-hy-hi-0076,src-human-curation-bank,comp-cbse-board-cls10-regionallang,2026,Hindi Theory Paper,Hindi Course A,1,HUMAN_CURATED,single_mcq,"hi,en",FULLY_MAPPED,CURATED_REFERENCE_KEY,UNIQUE_VERIFIED,CLEAN_VERIFIED,PRACTICE_ELIGIBLE
q-hy-hi-0077,src-human-curation-bank,comp-cbse-board-cls10-regionallang,2026,Hindi Theory Paper,Hindi Course A,1,HUMAN_CURATED,single_mcq,"hi,en",FULLY_MAPPED,CURATED_REFERENCE_KEY,UNIQUE_VERIFIED,CLEAN_VERIFIED,PRACTICE_ELIGIBLE
q-hy-hi-0078,src-human-curation-bank,comp-cbse-board-cls10-regionallang,2026,Hindi Theory Paper,Hindi Course A,1,HUMAN_CURATED,single_mcq,"hi,en",FULLY_MAPPED,CURATED_REFERENCE_KEY,UNIQUE_VERIFIED,CLEAN_VERIFIED,PRACTICE_ELIGIBLE
q-hy-hi-0079,src-human-curation-bank,comp-cbse-board-cls10-regionallang,2026,Hindi Theory Paper,Hindi Course A,1,HUMAN_CURATED,single_mcq,"hi,en",FULLY_MAPPED,CURATED_REFERENCE_KEY,UNIQUE_VERIFIED,CLEAN_VERIFIED,PRACTICE_ELIGIBLE
q-hy-hi-0080,src-human-curation-bank,comp-cbse-board-cls10-regionallang,2026,Hindi Theory Paper,Hindi Course A,1,HUMAN_CURATED,single_mcq,"hi,en",FULLY_MAPPED,CURATED_REFERENCE_KEY,UNIQUE_VERIFIED,CLEAN_VERIFIED,PRACTICE_ELIGIBLE
q-hy-hi-0081,src-human-curation-bank,comp-cbse-board-cls10-regionallang,2026,Hindi Theory Paper,Hindi Course A,1,HUMAN_CURATED,single_mcq,"hi,en",FULLY_MAPPED,CURATED_REFERENCE_KEY,UNIQUE_VERIFIED,CLEAN_VERIFIED,PRACTICE_ELIGIBLE
q-hy-hi-0082,src-human-curation-bank,comp-cbse-board-cls10-regionallang,2026,Hindi Theory Paper,Hindi Course A,1,HUMAN_CURATED,single_mcq,"hi,en",FULLY_MAPPED,CURATED_REFERENCE_KEY,UNIQUE_VERIFIED,CLEAN_VERIFIED,PRACTICE_ELIGIBLE
q-hy-hi-0083,src-human-curation-bank,comp-cbse-board-cls10-regionallang,2026,Hindi Theory Paper,Hindi Course A,1,HUMAN_CURATED,single_mcq,"hi,en",FULLY_MAPPED,CURATED_REFERENCE_KEY,UNIQUE_VERIFIED,CLEAN_VERIFIED,PRACTICE_ELIGIBLE
q-hy-hi-0084,src-human-curation-bank,comp-cbse-board-cls10-regionallang,2026,Hindi Theory Paper,Hindi Course A,1,HUMAN_CURATED,single_mcq,"hi,en",FULLY_MAPPED,CURATED_REFERENCE_KEY,UNIQUE_VERIFIED,CLEAN_VERIFIED,PRACTICE_ELIGIBLE
q-hy-hi-0085,src-human-curation-bank,comp-cbse-board-cls10-regionallang,2026,Hindi Theory Paper,Hindi Course A,1,HUMAN_CURATED,single_mcq,"hi,en",FULLY_MAPPED,CURATED_REFERENCE_KEY,UNIQUE_VERIFIED,CLEAN_VERIFIED,PRACTICE_ELIGIBLE
q-hy-math-0001,src-human-curation-bank,comp-cbse-board-cls10-math,2026,Mathematics Theory Paper,Mathematics,1,HUMAN_CURATED,single_mcq,"hi,en",FULLY_MAPPED,CURATED_REFERENCE_KEY,UNIQUE_VERIFIED,CLEAN_VERIFIED,PRACTICE_ELIGIBLE
q-hy-math-0002,src-human-curation-bank,comp-cbse-board-cls10-math,2026,Mathematics Theory Paper,Mathematics,1,HUMAN_CURATED,single_mcq,"hi,en",FULLY_MAPPED,CURATED_REFERENCE_KEY,UNIQUE_VERIFIED,CLEAN_VERIFIED,PRACTICE_ELIGIBLE
q-hy-math-0003,src-human-curation-bank,comp-cbse-board-cls10-math,2026,Mathematics Theory Paper,Mathematics,1,HUMAN_CURATED,single_mcq,"hi,en",FULLY_MAPPED,CURATED_REFERENCE_KEY,UNIQUE_VERIFIED,CLEAN_VERIFIED,PRACTICE_ELIGIBLE
q-hy-math-0004,src-human-curation-bank,comp-cbse-board-cls10-math,2026,Mathematics Theory Paper,Mathematics,1,HUMAN_CURATED,single_mcq,"hi,en",FULLY_MAPPED,CURATED_REFERENCE_KEY,UNIQUE_VERIFIED,CLEAN_VERIFIED,PRACTICE_ELIGIBLE
q-hy-math-0005,src-human-curation-bank,comp-cbse-board-cls10-math,2026,Mathematics Theory Paper,Mathematics,1,HUMAN_CURATED,single_mcq,"hi,en",FULLY_MAPPED,CURATED_REFERENCE_KEY,UNIQUE_VERIFIED,CLEAN_VERIFIED,PRACTICE_ELIGIBLE
q-hy-math-0006,src-human-curation-bank,comp-cbse-board-cls10-math,2026,Mathematics Theory Paper,Mathematics,1,HUMAN_CURATED,single_mcq,"hi,en",FULLY_MAPPED,CURATED_REFERENCE_KEY,UNIQUE_VERIFIED,CLEAN_VERIFIED,PRACTICE_ELIGIBLE
q-hy-math-0007,src-human-curation-bank,comp-cbse-board-cls10-math,2026,Mathematics Theory Paper,Mathematics,1,HUMAN_CURATED,single_mcq,"hi,en",FULLY_MAPPED,CURATED_REFERENCE_KEY,UNIQUE_VERIFIED,CLEAN_VERIFIED,PRACTICE_ELIGIBLE
q-hy-math-0008,src-human-curation-bank,comp-cbse-board-cls10-math,2026,Mathematics Theory Paper,Mathematics,1,HUMAN_CURATED,single_mcq,"hi,en",FULLY_MAPPED,CURATED_REFERENCE_KEY,UNIQUE_VERIFIED,CLEAN_VERIFIED,PRACTICE_ELIGIBLE
q-hy-math-0009,src-human-curation-bank,comp-cbse-board-cls10-math,2026,Mathematics Theory Paper,Mathematics,1,HUMAN_CURATED,single_mcq,"hi,en",FULLY_MAPPED,CURATED_REFERENCE_KEY,UNIQUE_VERIFIED,CLEAN_VERIFIED,PRACTICE_ELIGIBLE
q-hy-math-0010,src-human-curation-bank,comp-cbse-board-cls10-math,2026,Mathematics Theory Paper,Mathematics,1,HUMAN_CURATED,single_mcq,"hi,en",FULLY_MAPPED,CURATED_REFERENCE_KEY,UNIQUE_VERIFIED,CLEAN_VERIFIED,PRACTICE_ELIGIBLE
q-hy-math-0011,src-human-curation-bank,comp-cbse-board-cls10-math,2026,Mathematics Theory Paper,Mathematics,1,HUMAN_CURATED,single_mcq,"hi,en",FULLY_MAPPED,CURATED_REFERENCE_KEY,UNIQUE_VERIFIED,CLEAN_VERIFIED,PRACTICE_ELIGIBLE
q-hy-math-0012,src-human-curation-bank,comp-cbse-board-cls10-math,2026,Mathematics Theory Paper,Mathematics,1,HUMAN_CURATED,single_mcq,"hi,en",FULLY_MAPPED,CURATED_REFERENCE_KEY,UNIQUE_VERIFIED,CLEAN_VERIFIED,PRACTICE_ELIGIBLE
q-hy-math-0013,src-human-curation-bank,comp-cbse-board-cls10-math,2026,Mathematics Theory Paper,Mathematics,1,HUMAN_CURATED,single_mcq,"hi,en",FULLY_MAPPED,CURATED_REFERENCE_KEY,UNIQUE_VERIFIED,CLEAN_VERIFIED,PRACTICE_ELIGIBLE
q-hy-math-0014,src-human-curation-bank,comp-cbse-board-cls10-math,2026,Mathematics Theory Paper,Mathematics,1,HUMAN_CURATED,single_mcq,"hi,en",FULLY_MAPPED,CURATED_REFERENCE_KEY,UNIQUE_VERIFIED,CLEAN_VERIFIED,PRACTICE_ELIGIBLE
q-hy-math-0015,src-human-curation-bank,comp-cbse-board-cls10-math,2026,Mathematics Theory Paper,Mathematics,1,HUMAN_CURATED,single_mcq,"hi,en",FULLY_MAPPED,CURATED_REFERENCE_KEY,UNIQUE_VERIFIED,CLEAN_VERIFIED,PRACTICE_ELIGIBLE
q-hy-math-0016,src-human-curation-bank,comp-cbse-board-cls10-math,2026,Mathematics Theory Paper,Mathematics,1,HUMAN_CURATED,single_mcq,"hi,en",FULLY_MAPPED,CURATED_REFERENCE_KEY,UNIQUE_VERIFIED,CLEAN_VERIFIED,PRACTICE_ELIGIBLE
q-hy-math-0017,src-human-curation-bank,comp-cbse-board-cls10-math,2026,Mathematics Theory Paper,Mathematics,1,HUMAN_CURATED,single_mcq,"hi,en",FULLY_MAPPED,CURATED_REFERENCE_KEY,UNIQUE_VERIFIED,CLEAN_VERIFIED,PRACTICE_ELIGIBLE
q-hy-math-0018,src-human-curation-bank,comp-cbse-board-cls10-math,2026,Mathematics Theory Paper,Mathematics,1,HUMAN_CURATED,single_mcq,"hi,en",FULLY_MAPPED,CURATED_REFERENCE_KEY,UNIQUE_VERIFIED,CLEAN_VERIFIED,PRACTICE_ELIGIBLE
q-hy-math-0019,src-human-curation-bank,comp-cbse-board-cls10-math,2026,Mathematics Theory Paper,Mathematics,1,HUMAN_CURATED,single_mcq,"hi,en",FULLY_MAPPED,CURATED_REFERENCE_KEY,UNIQUE_VERIFIED,CLEAN_VERIFIED,PRACTICE_ELIGIBLE
q-hy-math-0020,src-human-curation-bank,comp-cbse-board-cls10-math,2026,Mathematics Theory Paper,Mathematics,1,HUMAN_CURATED,single_mcq,"hi,en",FULLY_MAPPED,CURATED_REFERENCE_KEY,UNIQUE_VERIFIED,CLEAN_VERIFIED,PRACTICE_ELIGIBLE
q-hy-math-0021,src-human-curation-bank,comp-cbse-board-cls10-math,2026,Mathematics Theory Paper,Mathematics,1,HUMAN_CURATED,single_mcq,"hi,en",FULLY_MAPPED,CURATED_REFERENCE_KEY,UNIQUE_VERIFIED,CLEAN_VERIFIED,PRACTICE_ELIGIBLE
q-hy-math-0022,src-human-curation-bank,comp-cbse-board-cls10-math,2026,Mathematics Theory Paper,Mathematics,1,HUMAN_CURATED,single_mcq,"hi,en",FULLY_MAPPED,CURATED_REFERENCE_KEY,UNIQUE_VERIFIED,CLEAN_VERIFIED,PRACTICE_ELIGIBLE
q-hy-math-0023,src-human-curation-bank,comp-cbse-board-cls10-math,2026,Mathematics Theory Paper,Mathematics,1,HUMAN_CURATED,single_mcq,"hi,en",FULLY_MAPPED,CURATED_REFERENCE_KEY,UNIQUE_VERIFIED,CLEAN_VERIFIED,PRACTICE_ELIGIBLE
q-hy-math-0024,src-human-curation-bank,comp-cbse-board-cls10-math,2026,Mathematics Theory Paper,Mathematics,1,HUMAN_CURATED,single_mcq,"hi,en",FULLY_MAPPED,CURATED_REFERENCE_KEY,UNIQUE_VERIFIED,CLEAN_VERIFIED,PRACTICE_ELIGIBLE
q-hy-math-0025,src-human-curation-bank,comp-cbse-board-cls10-math,2026,Mathematics Theory Paper,Mathematics,1,HUMAN_CURATED,single_mcq,"hi,en",FULLY_MAPPED,CURATED_REFERENCE_KEY,UNIQUE_VERIFIED,CLEAN_VERIFIED,PRACTICE_ELIGIBLE
q-hy-math-0026,src-human-curation-bank,comp-cbse-board-cls10-math,2026,Mathematics Theory Paper,Mathematics,1,HUMAN_CURATED,single_mcq,"hi,en",FULLY_MAPPED,CURATED_REFERENCE_KEY,UNIQUE_VERIFIED,CLEAN_VERIFIED,PRACTICE_ELIGIBLE
q-hy-math-0027,src-human-curation-bank,comp-cbse-board-cls10-math,2026,Mathematics Theory Paper,Mathematics,1,HUMAN_CURATED,single_mcq,"hi,en",FULLY_MAPPED,CURATED_REFERENCE_KEY,UNIQUE_VERIFIED,CLEAN_VERIFIED,PRACTICE_ELIGIBLE
q-hy-math-0028,src-human-curation-bank,comp-cbse-board-cls10-math,2026,Mathematics Theory Paper,Mathematics,1,HUMAN_CURATED,single_mcq,"hi,en",FULLY_MAPPED,CURATED_REFERENCE_KEY,UNIQUE_VERIFIED,CLEAN_VERIFIED,PRACTICE_ELIGIBLE
q-hy-math-0029,src-human-curation-bank,comp-cbse-board-cls10-math,2026,Mathematics Theory Paper,Mathematics,1,HUMAN_CURATED,single_mcq,"hi,en",FULLY_MAPPED,CURATED_REFERENCE_KEY,UNIQUE_VERIFIED,CLEAN_VERIFIED,PRACTICE_ELIGIBLE
q-hy-math-0030,src-human-curation-bank,comp-cbse-board-cls10-math,2026,Mathematics Theory Paper,Mathematics,1,HUMAN_CURATED,single_mcq,"hi,en",FULLY_MAPPED,CURATED_REFERENCE_KEY,UNIQUE_VERIFIED,CLEAN_VERIFIED,PRACTICE_ELIGIBLE
q-hy-math-0031,src-human-curation-bank,comp-cbse-board-cls10-math,2026,Mathematics Theory Paper,Mathematics,1,HUMAN_CURATED,single_mcq,"hi,en",FULLY_MAPPED,CURATED_REFERENCE_KEY,UNIQUE_VERIFIED,CLEAN_VERIFIED,PRACTICE_ELIGIBLE
q-hy-math-0032,src-human-curation-bank,comp-cbse-board-cls10-math,2026,Mathematics Theory Paper,Mathematics,1,HUMAN_CURATED,single_mcq,"hi,en",FULLY_MAPPED,CURATED_REFERENCE_KEY,UNIQUE_VERIFIED,CLEAN_VERIFIED,PRACTICE_ELIGIBLE
q-hy-math-0033,src-human-curation-bank,comp-cbse-board-cls10-math,2026,Mathematics Theory Paper,Mathematics,1,HUMAN_CURATED,single_mcq,"hi,en",FULLY_MAPPED,CURATED_REFERENCE_KEY,UNIQUE_VERIFIED,CLEAN_VERIFIED,PRACTICE_ELIGIBLE
q-hy-math-0034,src-human-curation-bank,comp-cbse-board-cls10-math,2026,Mathematics Theory Paper,Mathematics,1,HUMAN_CURATED,single_mcq,"hi,en",FULLY_MAPPED,CURATED_REFERENCE_KEY,UNIQUE_VERIFIED,CLEAN_VERIFIED,PRACTICE_ELIGIBLE
q-hy-math-0035,src-human-curation-bank,comp-cbse-board-cls10-math,2026,Mathematics Theory Paper,Mathematics,1,HUMAN_CURATED,single_mcq,"hi,en",FULLY_MAPPED,CURATED_REFERENCE_KEY,UNIQUE_VERIFIED,CLEAN_VERIFIED,PRACTICE_ELIGIBLE
q-hy-math-0036,src-human-curation-bank,comp-cbse-board-cls10-math,2026,Mathematics Theory Paper,Mathematics,1,HUMAN_CURATED,single_mcq,"hi,en",FULLY_MAPPED,CURATED_REFERENCE_KEY,UNIQUE_VERIFIED,CLEAN_VERIFIED,PRACTICE_ELIGIBLE
q-hy-math-0037,src-human-curation-bank,comp-cbse-board-cls10-math,2026,Mathematics Theory Paper,Mathematics,1,HUMAN_CURATED,single_mcq,"hi,en",FULLY_MAPPED,CURATED_REFERENCE_KEY,UNIQUE_VERIFIED,CLEAN_VERIFIED,PRACTICE_ELIGIBLE
q-hy-math-0038,src-human-curation-bank,comp-cbse-board-cls10-math,2026,Mathematics Theory Paper,Mathematics,1,HUMAN_CURATED,single_mcq,"hi,en",FULLY_MAPPED,CURATED_REFERENCE_KEY,UNIQUE_VERIFIED,CLEAN_VERIFIED,PRACTICE_ELIGIBLE
q-hy-math-0039,src-human-curation-bank,comp-cbse-board-cls10-math,2026,Mathematics Theory Paper,Mathematics,1,HUMAN_CURATED,single_mcq,"hi,en",FULLY_MAPPED,CURATED_REFERENCE_KEY,UNIQUE_VERIFIED,CLEAN_VERIFIED,PRACTICE_ELIGIBLE
q-hy-math-0040,src-human-curation-bank,comp-cbse-board-cls10-math,2026,Mathematics Theory Paper,Mathematics,1,HUMAN_CURATED,single_mcq,"hi,en",FULLY_MAPPED,CURATED_REFERENCE_KEY,UNIQUE_VERIFIED,CLEAN_VERIFIED,PRACTICE_ELIGIBLE
q-hy-math-0041,src-human-curation-bank,comp-cbse-board-cls10-math,2026,Mathematics Theory Paper,Mathematics,1,HUMAN_CURATED,single_mcq,"hi,en",FULLY_MAPPED,CURATED_REFERENCE_KEY,UNIQUE_VERIFIED,CLEAN_VERIFIED,PRACTICE_ELIGIBLE
q-hy-math-0042,src-human-curation-bank,comp-cbse-board-cls10-math,2026,Mathematics Theory Paper,Mathematics,1,HUMAN_CURATED,single_mcq,"hi,en",FULLY_MAPPED,CURATED_REFERENCE_KEY,UNIQUE_VERIFIED,CLEAN_VERIFIED,PRACTICE_ELIGIBLE
q-hy-math-0043,src-human-curation-bank,comp-cbse-board-cls10-math,2026,Mathematics Theory Paper,Mathematics,1,HUMAN_CURATED,single_mcq,"hi,en",FULLY_MAPPED,CURATED_REFERENCE_KEY,UNIQUE_VERIFIED,CLEAN_VERIFIED,PRACTICE_ELIGIBLE
q-hy-math-0044,src-human-curation-bank,comp-cbse-board-cls10-math,2026,Mathematics Theory Paper,Mathematics,1,HUMAN_CURATED,single_mcq,"hi,en",FULLY_MAPPED,CURATED_REFERENCE_KEY,UNIQUE_VERIFIED,CLEAN_VERIFIED,PRACTICE_ELIGIBLE
q-hy-math-0045,src-human-curation-bank,comp-cbse-board-cls10-math,2026,Mathematics Theory Paper,Mathematics,1,HUMAN_CURATED,single_mcq,"hi,en",FULLY_MAPPED,CURATED_REFERENCE_KEY,UNIQUE_VERIFIED,CLEAN_VERIFIED,PRACTICE_ELIGIBLE
q-hy-math-0046,src-human-curation-bank,comp-cbse-board-cls10-math,2026,Mathematics Theory Paper,Mathematics,1,HUMAN_CURATED,single_mcq,"hi,en",FULLY_MAPPED,CURATED_REFERENCE_KEY,UNIQUE_VERIFIED,CLEAN_VERIFIED,PRACTICE_ELIGIBLE
q-hy-math-0047,src-human-curation-bank,comp-cbse-board-cls10-math,2026,Mathematics Theory Paper,Mathematics,1,HUMAN_CURATED,single_mcq,"hi,en",FULLY_MAPPED,CURATED_REFERENCE_KEY,UNIQUE_VERIFIED,CLEAN_VERIFIED,PRACTICE_ELIGIBLE
q-hy-math-0048,src-human-curation-bank,comp-cbse-board-cls10-math,2026,Mathematics Theory Paper,Mathematics,1,HUMAN_CURATED,single_mcq,"hi,en",FULLY_MAPPED,CURATED_REFERENCE_KEY,UNIQUE_VERIFIED,CLEAN_VERIFIED,PRACTICE_ELIGIBLE
q-hy-math-0049,src-human-curation-bank,comp-cbse-board-cls10-math,2026,Mathematics Theory Paper,Mathematics,1,HUMAN_CURATED,single_mcq,"hi,en",FULLY_MAPPED,CURATED_REFERENCE_KEY,UNIQUE_VERIFIED,CLEAN_VERIFIED,PRACTICE_ELIGIBLE
q-hy-math-0050,src-human-curation-bank,comp-cbse-board-cls10-math,2026,Mathematics Theory Paper,Mathematics,1,HUMAN_CURATED,single_mcq,"hi,en",FULLY_MAPPED,CURATED_REFERENCE_KEY,UNIQUE_VERIFIED,CLEAN_VERIFIED,PRACTICE_ELIGIBLE
q-hy-math-0051,src-human-curation-bank,comp-cbse-board-cls10-math,2026,Mathematics Theory Paper,Mathematics,1,HUMAN_CURATED,single_mcq,"hi,en",FULLY_MAPPED,CURATED_REFERENCE_KEY,UNIQUE_VERIFIED,CLEAN_VERIFIED,PRACTICE_ELIGIBLE
q-hy-math-0052,src-human-curation-bank,comp-cbse-board-cls10-math,2026,Mathematics Theory Paper,Mathematics,1,HUMAN_CURATED,single_mcq,"hi,en",FULLY_MAPPED,CURATED_REFERENCE_KEY,UNIQUE_VERIFIED,CLEAN_VERIFIED,PRACTICE_ELIGIBLE
q-hy-math-0053,src-human-curation-bank,comp-cbse-board-cls10-math,2026,Mathematics Theory Paper,Mathematics,1,HUMAN_CURATED,single_mcq,"hi,en",FULLY_MAPPED,CURATED_REFERENCE_KEY,UNIQUE_VERIFIED,CLEAN_VERIFIED,PRACTICE_ELIGIBLE
q-hy-math-0054,src-human-curation-bank,comp-cbse-board-cls10-math,2026,Mathematics Theory Paper,Mathematics,1,HUMAN_CURATED,single_mcq,"hi,en",FULLY_MAPPED,CURATED_REFERENCE_KEY,UNIQUE_VERIFIED,CLEAN_VERIFIED,PRACTICE_ELIGIBLE
q-hy-math-0055,src-human-curation-bank,comp-cbse-board-cls10-math,2026,Mathematics Theory Paper,Mathematics,1,HUMAN_CURATED,single_mcq,"hi,en",FULLY_MAPPED,CURATED_REFERENCE_KEY,UNIQUE_VERIFIED,CLEAN_VERIFIED,PRACTICE_ELIGIBLE
q-hy-math-0056,src-human-curation-bank,comp-cbse-board-cls10-math,2026,Mathematics Theory Paper,Mathematics,1,HUMAN_CURATED,single_mcq,"hi,en",FULLY_MAPPED,CURATED_REFERENCE_KEY,UNIQUE_VERIFIED,CLEAN_VERIFIED,PRACTICE_ELIGIBLE
q-hy-math-0057,src-human-curation-bank,comp-cbse-board-cls10-math,2026,Mathematics Theory Paper,Mathematics,1,HUMAN_CURATED,single_mcq,"hi,en",FULLY_MAPPED,CURATED_REFERENCE_KEY,UNIQUE_VERIFIED,CLEAN_VERIFIED,PRACTICE_ELIGIBLE
q-hy-math-0058,src-human-curation-bank,comp-cbse-board-cls10-math,2026,Mathematics Theory Paper,Mathematics,1,HUMAN_CURATED,single_mcq,"hi,en",FULLY_MAPPED,CURATED_REFERENCE_KEY,UNIQUE_VERIFIED,CLEAN_VERIFIED,PRACTICE_ELIGIBLE
q-hy-math-0059,src-human-curation-bank,comp-cbse-board-cls10-math,2026,Mathematics Theory Paper,Mathematics,1,HUMAN_CURATED,single_mcq,"hi,en",FULLY_MAPPED,CURATED_REFERENCE_KEY,UNIQUE_VERIFIED,CLEAN_VERIFIED,PRACTICE_ELIGIBLE
q-hy-math-0060,src-human-curation-bank,comp-cbse-board-cls10-math,2026,Mathematics Theory Paper,Mathematics,1,HUMAN_CURATED,single_mcq,"hi,en",FULLY_MAPPED,CURATED_REFERENCE_KEY,UNIQUE_VERIFIED,CLEAN_VERIFIED,PRACTICE_ELIGIBLE
q-hy-math-0061,src-human-curation-bank,comp-cbse-board-cls10-math,2026,Mathematics Theory Paper,Mathematics,1,HUMAN_CURATED,single_mcq,"hi,en",FULLY_MAPPED,CURATED_REFERENCE_KEY,UNIQUE_VERIFIED,CLEAN_VERIFIED,PRACTICE_ELIGIBLE
q-hy-math-0062,src-human-curation-bank,comp-cbse-board-cls10-math,2026,Mathematics Theory Paper,Mathematics,1,HUMAN_CURATED,single_mcq,"hi,en",FULLY_MAPPED,CURATED_REFERENCE_KEY,UNIQUE_VERIFIED,CLEAN_VERIFIED,PRACTICE_ELIGIBLE
q-hy-math-0063,src-human-curation-bank,comp-cbse-board-cls10-math,2026,Mathematics Theory Paper,Mathematics,1,HUMAN_CURATED,single_mcq,"hi,en",FULLY_MAPPED,CURATED_REFERENCE_KEY,UNIQUE_VERIFIED,CLEAN_VERIFIED,PRACTICE_ELIGIBLE
q-hy-math-0064,src-human-curation-bank,comp-cbse-board-cls10-math,2026,Mathematics Theory Paper,Mathematics,1,HUMAN_CURATED,single_mcq,"hi,en",FULLY_MAPPED,CURATED_REFERENCE_KEY,UNIQUE_VERIFIED,CLEAN_VERIFIED,PRACTICE_ELIGIBLE
q-hy-math-0065,src-human-curation-bank,comp-cbse-board-cls10-math,2026,Mathematics Theory Paper,Mathematics,1,HUMAN_CURATED,single_mcq,"hi,en",FULLY_MAPPED,CURATED_REFERENCE_KEY,UNIQUE_VERIFIED,CLEAN_VERIFIED,PRACTICE_ELIGIBLE
q-hy-math-0066,src-human-curation-bank,comp-cbse-board-cls10-math,2026,Mathematics Theory Paper,Mathematics,1,HUMAN_CURATED,single_mcq,"hi,en",FULLY_MAPPED,CURATED_REFERENCE_KEY,UNIQUE_VERIFIED,CLEAN_VERIFIED,PRACTICE_ELIGIBLE
q-hy-math-0067,src-human-curation-bank,comp-cbse-board-cls10-math,2026,Mathematics Theory Paper,Mathematics,1,HUMAN_CURATED,single_mcq,"hi,en",FULLY_MAPPED,CURATED_REFERENCE_KEY,UNIQUE_VERIFIED,CLEAN_VERIFIED,PRACTICE_ELIGIBLE
q-hy-math-0068,src-human-curation-bank,comp-cbse-board-cls10-math,2026,Mathematics Theory Paper,Mathematics,1,HUMAN_CURATED,single_mcq,"hi,en",FULLY_MAPPED,CURATED_REFERENCE_KEY,UNIQUE_VERIFIED,CLEAN_VERIFIED,PRACTICE_ELIGIBLE
q-hy-math-0069,src-human-curation-bank,comp-cbse-board-cls10-math,2026,Mathematics Theory Paper,Mathematics,1,HUMAN_CURATED,single_mcq,"hi,en",FULLY_MAPPED,CURATED_REFERENCE_KEY,UNIQUE_VERIFIED,CLEAN_VERIFIED,PRACTICE_ELIGIBLE
q-hy-math-0070,src-human-curation-bank,comp-cbse-board-cls10-math,2026,Mathematics Theory Paper,Mathematics,1,HUMAN_CURATED,single_mcq,"hi,en",FULLY_MAPPED,CURATED_REFERENCE_KEY,UNIQUE_VERIFIED,CLEAN_VERIFIED,PRACTICE_ELIGIBLE
q-hy-math-0071,src-human-curation-bank,comp-cbse-board-cls10-math,2026,Mathematics Theory Paper,Mathematics,1,HUMAN_CURATED,single_mcq,"hi,en",FULLY_MAPPED,CURATED_REFERENCE_KEY,UNIQUE_VERIFIED,CLEAN_VERIFIED,PRACTICE_ELIGIBLE
q-hy-math-0072,src-human-curation-bank,comp-cbse-board-cls10-math,2026,Mathematics Theory Paper,Mathematics,1,HUMAN_CURATED,single_mcq,"hi,en",FULLY_MAPPED,CURATED_REFERENCE_KEY,UNIQUE_VERIFIED,CLEAN_VERIFIED,PRACTICE_ELIGIBLE
q-hy-math-0073,src-human-curation-bank,comp-cbse-board-cls10-math,2026,Mathematics Theory Paper,Mathematics,1,HUMAN_CURATED,single_mcq,"hi,en",FULLY_MAPPED,CURATED_REFERENCE_KEY,UNIQUE_VERIFIED,CLEAN_VERIFIED,PRACTICE_ELIGIBLE
q-hy-math-0074,src-human-curation-bank,comp-cbse-board-cls10-math,2026,Mathematics Theory Paper,Mathematics,1,HUMAN_CURATED,single_mcq,"hi,en",FULLY_MAPPED,CURATED_REFERENCE_KEY,UNIQUE_VERIFIED,CLEAN_VERIFIED,PRACTICE_ELIGIBLE
q-hy-math-0075,src-human-curation-bank,comp-cbse-board-cls10-math,2026,Mathematics Theory Paper,Mathematics,1,HUMAN_CURATED,single_mcq,"hi,en",FULLY_MAPPED,CURATED_REFERENCE_KEY,UNIQUE_VERIFIED,CLEAN_VERIFIED,PRACTICE_ELIGIBLE
q-hy-math-0076,src-human-curation-bank,comp-cbse-board-cls10-math,2026,Mathematics Theory Paper,Mathematics,1,HUMAN_CURATED,single_mcq,"hi,en",FULLY_MAPPED,CURATED_REFERENCE_KEY,UNIQUE_VERIFIED,CLEAN_VERIFIED,PRACTICE_ELIGIBLE
q-hy-math-0077,src-human-curation-bank,comp-cbse-board-cls10-math,2026,Mathematics Theory Paper,Mathematics,1,HUMAN_CURATED,single_mcq,"hi,en",FULLY_MAPPED,CURATED_REFERENCE_KEY,UNIQUE_VERIFIED,CLEAN_VERIFIED,PRACTICE_ELIGIBLE
q-hy-math-0078,src-human-curation-bank,comp-cbse-board-cls10-math,2026,Mathematics Theory Paper,Mathematics,1,HUMAN_CURATED,single_mcq,"hi,en",FULLY_MAPPED,CURATED_REFERENCE_KEY,UNIQUE_VERIFIED,CLEAN_VERIFIED,PRACTICE_ELIGIBLE
q-hy-math-0079,src-human-curation-bank,comp-cbse-board-cls10-math,2026,Mathematics Theory Paper,Mathematics,1,HUMAN_CURATED,single_mcq,"hi,en",FULLY_MAPPED,CURATED_REFERENCE_KEY,UNIQUE_VERIFIED,CLEAN_VERIFIED,PRACTICE_ELIGIBLE
q-hy-math-0080,src-human-curation-bank,comp-cbse-board-cls10-math,2026,Mathematics Theory Paper,Mathematics,1,HUMAN_CURATED,single_mcq,"hi,en",FULLY_MAPPED,CURATED_REFERENCE_KEY,UNIQUE_VERIFIED,CLEAN_VERIFIED,PRACTICE_ELIGIBLE
q-hy-math-0081,src-human-curation-bank,comp-cbse-board-cls10-math,2026,Mathematics Theory Paper,Mathematics,1,HUMAN_CURATED,single_mcq,"hi,en",FULLY_MAPPED,CURATED_REFERENCE_KEY,UNIQUE_VERIFIED,CLEAN_VERIFIED,PRACTICE_ELIGIBLE
q-hy-math-0082,src-human-curation-bank,comp-cbse-board-cls10-math,2026,Mathematics Theory Paper,Mathematics,1,HUMAN_CURATED,single_mcq,"hi,en",FULLY_MAPPED,CURATED_REFERENCE_KEY,UNIQUE_VERIFIED,CLEAN_VERIFIED,PRACTICE_ELIGIBLE
q-hy-math-0083,src-human-curation-bank,comp-cbse-board-cls10-math,2026,Mathematics Theory Paper,Mathematics,1,HUMAN_CURATED,single_mcq,"hi,en",FULLY_MAPPED,CURATED_REFERENCE_KEY,UNIQUE_VERIFIED,CLEAN_VERIFIED,PRACTICE_ELIGIBLE
q-hy-math-0084,src-human-curation-bank,comp-cbse-board-cls10-math,2026,Mathematics Theory Paper,Mathematics,1,HUMAN_CURATED,single_mcq,"hi,en",FULLY_MAPPED,CURATED_REFERENCE_KEY,UNIQUE_VERIFIED,CLEAN_VERIFIED,PRACTICE_ELIGIBLE
q-hy-math-0085,src-human-curation-bank,comp-cbse-board-cls10-math,2026,Mathematics Theory Paper,Mathematics,1,HUMAN_CURATED,single_mcq,"hi,en",FULLY_MAPPED,CURATED_REFERENCE_KEY,UNIQUE_VERIFIED,CLEAN_VERIFIED,PRACTICE_ELIGIBLE
q-hy-sa-0001,src-human-curation-bank,comp-cbse-board-cls10-regionallang,2026,Sanskrit Theory Paper,Sanskrit,1,HUMAN_CURATED,single_mcq,"hi,en",FULLY_MAPPED,CURATED_REFERENCE_KEY,UNIQUE_VERIFIED,CLEAN_VERIFIED,PRACTICE_ELIGIBLE
q-hy-sa-0002,src-human-curation-bank,comp-cbse-board-cls10-regionallang,2026,Sanskrit Theory Paper,Sanskrit,1,HUMAN_CURATED,single_mcq,"hi,en",FULLY_MAPPED,CURATED_REFERENCE_KEY,UNIQUE_VERIFIED,CLEAN_VERIFIED,PRACTICE_ELIGIBLE
q-hy-sa-0003,src-human-curation-bank,comp-cbse-board-cls10-regionallang,2026,Sanskrit Theory Paper,Sanskrit,1,HUMAN_CURATED,single_mcq,"hi,en",FULLY_MAPPED,CURATED_REFERENCE_KEY,UNIQUE_VERIFIED,CLEAN_VERIFIED,PRACTICE_ELIGIBLE
q-hy-sa-0004,src-human-curation-bank,comp-cbse-board-cls10-regionallang,2026,Sanskrit Theory Paper,Sanskrit,1,HUMAN_CURATED,single_mcq,"hi,en",FULLY_MAPPED,CURATED_REFERENCE_KEY,UNIQUE_VERIFIED,CLEAN_VERIFIED,PRACTICE_ELIGIBLE
q-hy-sa-0005,src-human-curation-bank,comp-cbse-board-cls10-regionallang,2026,Sanskrit Theory Paper,Sanskrit,1,HUMAN_CURATED,single_mcq,"hi,en",FULLY_MAPPED,CURATED_REFERENCE_KEY,UNIQUE_VERIFIED,CLEAN_VERIFIED,PRACTICE_ELIGIBLE
q-hy-sa-0006,src-human-curation-bank,comp-cbse-board-cls10-regionallang,2026,Sanskrit Theory Paper,Sanskrit,1,HUMAN_CURATED,single_mcq,"hi,en",FULLY_MAPPED,CURATED_REFERENCE_KEY,UNIQUE_VERIFIED,CLEAN_VERIFIED,PRACTICE_ELIGIBLE
q-hy-sa-0007,src-human-curation-bank,comp-cbse-board-cls10-regionallang,2026,Sanskrit Theory Paper,Sanskrit,1,HUMAN_CURATED,single_mcq,"hi,en",FULLY_MAPPED,CURATED_REFERENCE_KEY,UNIQUE_VERIFIED,CLEAN_VERIFIED,PRACTICE_ELIGIBLE
q-hy-sa-0008,src-human-curation-bank,comp-cbse-board-cls10-regionallang,2026,Sanskrit Theory Paper,Sanskrit,1,HUMAN_CURATED,single_mcq,"hi,en",FULLY_MAPPED,CURATED_REFERENCE_KEY,UNIQUE_VERIFIED,CLEAN_VERIFIED,PRACTICE_ELIGIBLE
q-hy-sa-0009,src-human-curation-bank,comp-cbse-board-cls10-regionallang,2026,Sanskrit Theory Paper,Sanskrit,1,HUMAN_CURATED,single_mcq,"hi,en",FULLY_MAPPED,CURATED_REFERENCE_KEY,UNIQUE_VERIFIED,CLEAN_VERIFIED,PRACTICE_ELIGIBLE
q-hy-sa-0010,src-human-curation-bank,comp-cbse-board-cls10-regionallang,2026,Sanskrit Theory Paper,Sanskrit,1,HUMAN_CURATED,single_mcq,"hi,en",FULLY_MAPPED,CURATED_REFERENCE_KEY,UNIQUE_VERIFIED,CLEAN_VERIFIED,PRACTICE_ELIGIBLE
q-hy-sa-0011,src-human-curation-bank,comp-cbse-board-cls10-regionallang,2026,Sanskrit Theory Paper,Sanskrit,1,HUMAN_CURATED,single_mcq,"hi,en",FULLY_MAPPED,CURATED_REFERENCE_KEY,UNIQUE_VERIFIED,CLEAN_VERIFIED,PRACTICE_ELIGIBLE
q-hy-sa-0012,src-human-curation-bank,comp-cbse-board-cls10-regionallang,2026,Sanskrit Theory Paper,Sanskrit,1,HUMAN_CURATED,single_mcq,"hi,en",FULLY_MAPPED,CURATED_REFERENCE_KEY,UNIQUE_VERIFIED,CLEAN_VERIFIED,PRACTICE_ELIGIBLE
q-hy-sa-0013,src-human-curation-bank,comp-cbse-board-cls10-regionallang,2026,Sanskrit Theory Paper,Sanskrit,1,HUMAN_CURATED,single_mcq,"hi,en",FULLY_MAPPED,CURATED_REFERENCE_KEY,UNIQUE_VERIFIED,CLEAN_VERIFIED,PRACTICE_ELIGIBLE
q-hy-sa-0014,src-human-curation-bank,comp-cbse-board-cls10-regionallang,2026,Sanskrit Theory Paper,Sanskrit,1,HUMAN_CURATED,single_mcq,"hi,en",FULLY_MAPPED,CURATED_REFERENCE_KEY,UNIQUE_VERIFIED,CLEAN_VERIFIED,PRACTICE_ELIGIBLE
q-hy-sa-0015,src-human-curation-bank,comp-cbse-board-cls10-regionallang,2026,Sanskrit Theory Paper,Sanskrit,1,HUMAN_CURATED,single_mcq,"hi,en",FULLY_MAPPED,CURATED_REFERENCE_KEY,UNIQUE_VERIFIED,CLEAN_VERIFIED,PRACTICE_ELIGIBLE
q-hy-sa-0016,src-human-curation-bank,comp-cbse-board-cls10-regionallang,2026,Sanskrit Theory Paper,Sanskrit,1,HUMAN_CURATED,single_mcq,"hi,en",FULLY_MAPPED,CURATED_REFERENCE_KEY,UNIQUE_VERIFIED,CLEAN_VERIFIED,PRACTICE_ELIGIBLE
q-hy-sa-0017,src-human-curation-bank,comp-cbse-board-cls10-regionallang,2026,Sanskrit Theory Paper,Sanskrit,1,HUMAN_CURATED,single_mcq,"hi,en",FULLY_MAPPED,CURATED_REFERENCE_KEY,UNIQUE_VERIFIED,CLEAN_VERIFIED,PRACTICE_ELIGIBLE
q-hy-sa-0018,src-human-curation-bank,comp-cbse-board-cls10-regionallang,2026,Sanskrit Theory Paper,Sanskrit,1,HUMAN_CURATED,single_mcq,"hi,en",FULLY_MAPPED,CURATED_REFERENCE_KEY,UNIQUE_VERIFIED,CLEAN_VERIFIED,PRACTICE_ELIGIBLE
q-hy-sa-0019,src-human-curation-bank,comp-cbse-board-cls10-regionallang,2026,Sanskrit Theory Paper,Sanskrit,1,HUMAN_CURATED,single_mcq,"hi,en",FULLY_MAPPED,CURATED_REFERENCE_KEY,UNIQUE_VERIFIED,CLEAN_VERIFIED,PRACTICE_ELIGIBLE
q-hy-sa-0020,src-human-curation-bank,comp-cbse-board-cls10-regionallang,2026,Sanskrit Theory Paper,Sanskrit,1,HUMAN_CURATED,single_mcq,"hi,en",FULLY_MAPPED,CURATED_REFERENCE_KEY,UNIQUE_VERIFIED,CLEAN_VERIFIED,PRACTICE_ELIGIBLE
q-hy-sa-0021,src-human-curation-bank,comp-cbse-board-cls10-regionallang,2026,Sanskrit Theory Paper,Sanskrit,1,HUMAN_CURATED,single_mcq,"hi,en",FULLY_MAPPED,CURATED_REFERENCE_KEY,UNIQUE_VERIFIED,CLEAN_VERIFIED,PRACTICE_ELIGIBLE
q-hy-sa-0022,src-human-curation-bank,comp-cbse-board-cls10-regionallang,2026,Sanskrit Theory Paper,Sanskrit,1,HUMAN_CURATED,single_mcq,"hi,en",FULLY_MAPPED,CURATED_REFERENCE_KEY,UNIQUE_VERIFIED,CLEAN_VERIFIED,PRACTICE_ELIGIBLE
q-hy-sa-0023,src-human-curation-bank,comp-cbse-board-cls10-regionallang,2026,Sanskrit Theory Paper,Sanskrit,1,HUMAN_CURATED,single_mcq,"hi,en",FULLY_MAPPED,CURATED_REFERENCE_KEY,UNIQUE_VERIFIED,CLEAN_VERIFIED,PRACTICE_ELIGIBLE
q-hy-sa-0024,src-human-curation-bank,comp-cbse-board-cls10-regionallang,2026,Sanskrit Theory Paper,Sanskrit,1,HUMAN_CURATED,single_mcq,"hi,en",FULLY_MAPPED,CURATED_REFERENCE_KEY,UNIQUE_VERIFIED,CLEAN_VERIFIED,PRACTICE_ELIGIBLE
q-hy-sa-0025,src-human-curation-bank,comp-cbse-board-cls10-regionallang,2026,Sanskrit Theory Paper,Sanskrit,1,HUMAN_CURATED,single_mcq,"hi,en",FULLY_MAPPED,CURATED_REFERENCE_KEY,UNIQUE_VERIFIED,CLEAN_VERIFIED,PRACTICE_ELIGIBLE
q-hy-sa-0026,src-human-curation-bank,comp-cbse-board-cls10-regionallang,2026,Sanskrit Theory Paper,Sanskrit,1,HUMAN_CURATED,single_mcq,"hi,en",FULLY_MAPPED,CURATED_REFERENCE_KEY,UNIQUE_VERIFIED,CLEAN_VERIFIED,PRACTICE_ELIGIBLE
q-hy-sa-0027,src-human-curation-bank,comp-cbse-board-cls10-regionallang,2026,Sanskrit Theory Paper,Sanskrit,1,HUMAN_CURATED,single_mcq,"hi,en",FULLY_MAPPED,CURATED_REFERENCE_KEY,UNIQUE_VERIFIED,CLEAN_VERIFIED,PRACTICE_ELIGIBLE
q-hy-sa-0028,src-human-curation-bank,comp-cbse-board-cls10-regionallang,2026,Sanskrit Theory Paper,Sanskrit,1,HUMAN_CURATED,single_mcq,"hi,en",FULLY_MAPPED,CURATED_REFERENCE_KEY,UNIQUE_VERIFIED,CLEAN_VERIFIED,PRACTICE_ELIGIBLE
q-hy-sa-0029,src-human-curation-bank,comp-cbse-board-cls10-regionallang,2026,Sanskrit Theory Paper,Sanskrit,1,HUMAN_CURATED,single_mcq,"hi,en",FULLY_MAPPED,CURATED_REFERENCE_KEY,UNIQUE_VERIFIED,CLEAN_VERIFIED,PRACTICE_ELIGIBLE
q-hy-sa-0030,src-human-curation-bank,comp-cbse-board-cls10-regionallang,2026,Sanskrit Theory Paper,Sanskrit,1,HUMAN_CURATED,single_mcq,"hi,en",FULLY_MAPPED,CURATED_REFERENCE_KEY,UNIQUE_VERIFIED,CLEAN_VERIFIED,PRACTICE_ELIGIBLE
q-hy-sa-0031,src-human-curation-bank,comp-cbse-board-cls10-regionallang,2026,Sanskrit Theory Paper,Sanskrit,1,HUMAN_CURATED,single_mcq,"hi,en",FULLY_MAPPED,CURATED_REFERENCE_KEY,UNIQUE_VERIFIED,CLEAN_VERIFIED,PRACTICE_ELIGIBLE
q-hy-sa-0032,src-human-curation-bank,comp-cbse-board-cls10-regionallang,2026,Sanskrit Theory Paper,Sanskrit,1,HUMAN_CURATED,single_mcq,"hi,en",FULLY_MAPPED,CURATED_REFERENCE_KEY,UNIQUE_VERIFIED,CLEAN_VERIFIED,PRACTICE_ELIGIBLE
q-hy-sa-0033,src-human-curation-bank,comp-cbse-board-cls10-regionallang,2026,Sanskrit Theory Paper,Sanskrit,1,HUMAN_CURATED,single_mcq,"hi,en",FULLY_MAPPED,CURATED_REFERENCE_KEY,UNIQUE_VERIFIED,CLEAN_VERIFIED,PRACTICE_ELIGIBLE
q-hy-sa-0034,src-human-curation-bank,comp-cbse-board-cls10-regionallang,2026,Sanskrit Theory Paper,Sanskrit,1,HUMAN_CURATED,single_mcq,"hi,en",FULLY_MAPPED,CURATED_REFERENCE_KEY,UNIQUE_VERIFIED,CLEAN_VERIFIED,PRACTICE_ELIGIBLE
q-hy-sa-0035,src-human-curation-bank,comp-cbse-board-cls10-regionallang,2026,Sanskrit Theory Paper,Sanskrit,1,HUMAN_CURATED,single_mcq,"hi,en",FULLY_MAPPED,CURATED_REFERENCE_KEY,UNIQUE_VERIFIED,CLEAN_VERIFIED,PRACTICE_ELIGIBLE
q-hy-sa-0036,src-human-curation-bank,comp-cbse-board-cls10-regionallang,2026,Sanskrit Theory Paper,Sanskrit,1,HUMAN_CURATED,single_mcq,"hi,en",FULLY_MAPPED,CURATED_REFERENCE_KEY,UNIQUE_VERIFIED,CLEAN_VERIFIED,PRACTICE_ELIGIBLE
q-hy-sa-0037,src-human-curation-bank,comp-cbse-board-cls10-regionallang,2026,Sanskrit Theory Paper,Sanskrit,1,HUMAN_CURATED,single_mcq,"hi,en",FULLY_MAPPED,CURATED_REFERENCE_KEY,UNIQUE_VERIFIED,CLEAN_VERIFIED,PRACTICE_ELIGIBLE
q-hy-sa-0038,src-human-curation-bank,comp-cbse-board-cls10-regionallang,2026,Sanskrit Theory Paper,Sanskrit,1,HUMAN_CURATED,single_mcq,"hi,en",FULLY_MAPPED,CURATED_REFERENCE_KEY,UNIQUE_VERIFIED,CLEAN_VERIFIED,PRACTICE_ELIGIBLE
q-hy-sa-0039,src-human-curation-bank,comp-cbse-board-cls10-regionallang,2026,Sanskrit Theory Paper,Sanskrit,1,HUMAN_CURATED,single_mcq,"hi,en",FULLY_MAPPED,CURATED_REFERENCE_KEY,UNIQUE_VERIFIED,CLEAN_VERIFIED,PRACTICE_ELIGIBLE
q-hy-sa-0040,src-human-curation-bank,comp-cbse-board-cls10-regionallang,2026,Sanskrit Theory Paper,Sanskrit,1,HUMAN_CURATED,single_mcq,"hi,en",FULLY_MAPPED,CURATED_REFERENCE_KEY,UNIQUE_VERIFIED,CLEAN_VERIFIED,PRACTICE_ELIGIBLE
q-hy-sa-0041,src-human-curation-bank,comp-cbse-board-cls10-regionallang,2026,Sanskrit Theory Paper,Sanskrit,1,HUMAN_CURATED,single_mcq,"hi,en",FULLY_MAPPED,CURATED_REFERENCE_KEY,UNIQUE_VERIFIED,CLEAN_VERIFIED,PRACTICE_ELIGIBLE
q-hy-sa-0042,src-human-curation-bank,comp-cbse-board-cls10-regionallang,2026,Sanskrit Theory Paper,Sanskrit,1,HUMAN_CURATED,single_mcq,"hi,en",FULLY_MAPPED,CURATED_REFERENCE_KEY,UNIQUE_VERIFIED,CLEAN_VERIFIED,PRACTICE_ELIGIBLE
q-hy-sa-0043,src-human-curation-bank,comp-cbse-board-cls10-regionallang,2026,Sanskrit Theory Paper,Sanskrit,1,HUMAN_CURATED,single_mcq,"hi,en",FULLY_MAPPED,CURATED_REFERENCE_KEY,UNIQUE_VERIFIED,CLEAN_VERIFIED,PRACTICE_ELIGIBLE
q-hy-sa-0044,src-human-curation-bank,comp-cbse-board-cls10-regionallang,2026,Sanskrit Theory Paper,Sanskrit,1,HUMAN_CURATED,single_mcq,"hi,en",FULLY_MAPPED,CURATED_REFERENCE_KEY,UNIQUE_VERIFIED,CLEAN_VERIFIED,PRACTICE_ELIGIBLE
q-hy-sa-0045,src-human-curation-bank,comp-cbse-board-cls10-regionallang,2026,Sanskrit Theory Paper,Sanskrit,1,HUMAN_CURATED,single_mcq,"hi,en",FULLY_MAPPED,CURATED_REFERENCE_KEY,UNIQUE_VERIFIED,CLEAN_VERIFIED,PRACTICE_ELIGIBLE
q-hy-sa-0046,src-human-curation-bank,comp-cbse-board-cls10-regionallang,2026,Sanskrit Theory Paper,Sanskrit,1,HUMAN_CURATED,single_mcq,"hi,en",FULLY_MAPPED,CURATED_REFERENCE_KEY,UNIQUE_VERIFIED,CLEAN_VERIFIED,PRACTICE_ELIGIBLE
q-hy-sa-0047,src-human-curation-bank,comp-cbse-board-cls10-regionallang,2026,Sanskrit Theory Paper,Sanskrit,1,HUMAN_CURATED,single_mcq,"hi,en",FULLY_MAPPED,CURATED_REFERENCE_KEY,UNIQUE_VERIFIED,CLEAN_VERIFIED,PRACTICE_ELIGIBLE
q-hy-sa-0048,src-human-curation-bank,comp-cbse-board-cls10-regionallang,2026,Sanskrit Theory Paper,Sanskrit,1,HUMAN_CURATED,single_mcq,"hi,en",FULLY_MAPPED,CURATED_REFERENCE_KEY,UNIQUE_VERIFIED,CLEAN_VERIFIED,PRACTICE_ELIGIBLE
q-hy-sa-0049,src-human-curation-bank,comp-cbse-board-cls10-regionallang,2026,Sanskrit Theory Paper,Sanskrit,1,HUMAN_CURATED,single_mcq,"hi,en",FULLY_MAPPED,CURATED_REFERENCE_KEY,UNIQUE_VERIFIED,CLEAN_VERIFIED,PRACTICE_ELIGIBLE
q-hy-sa-0050,src-human-curation-bank,comp-cbse-board-cls10-regionallang,2026,Sanskrit Theory Paper,Sanskrit,1,HUMAN_CURATED,single_mcq,"hi,en",FULLY_MAPPED,CURATED_REFERENCE_KEY,UNIQUE_VERIFIED,CLEAN_VERIFIED,PRACTICE_ELIGIBLE
q-hy-sa-0051,src-human-curation-bank,comp-cbse-board-cls10-regionallang,2026,Sanskrit Theory Paper,Sanskrit,1,HUMAN_CURATED,single_mcq,"hi,en",FULLY_MAPPED,CURATED_REFERENCE_KEY,UNIQUE_VERIFIED,CLEAN_VERIFIED,PRACTICE_ELIGIBLE
q-hy-sa-0052,src-human-curation-bank,comp-cbse-board-cls10-regionallang,2026,Sanskrit Theory Paper,Sanskrit,1,HUMAN_CURATED,single_mcq,"hi,en",FULLY_MAPPED,CURATED_REFERENCE_KEY,UNIQUE_VERIFIED,CLEAN_VERIFIED,PRACTICE_ELIGIBLE
q-hy-sa-0053,src-human-curation-bank,comp-cbse-board-cls10-regionallang,2026,Sanskrit Theory Paper,Sanskrit,1,HUMAN_CURATED,single_mcq,"hi,en",FULLY_MAPPED,CURATED_REFERENCE_KEY,UNIQUE_VERIFIED,CLEAN_VERIFIED,PRACTICE_ELIGIBLE
q-hy-sa-0054,src-human-curation-bank,comp-cbse-board-cls10-regionallang,2026,Sanskrit Theory Paper,Sanskrit,1,HUMAN_CURATED,single_mcq,"hi,en",FULLY_MAPPED,CURATED_REFERENCE_KEY,UNIQUE_VERIFIED,CLEAN_VERIFIED,PRACTICE_ELIGIBLE
q-hy-sa-0055,src-human-curation-bank,comp-cbse-board-cls10-regionallang,2026,Sanskrit Theory Paper,Sanskrit,1,HUMAN_CURATED,single_mcq,"hi,en",FULLY_MAPPED,CURATED_REFERENCE_KEY,UNIQUE_VERIFIED,CLEAN_VERIFIED,PRACTICE_ELIGIBLE
q-hy-sa-0056,src-human-curation-bank,comp-cbse-board-cls10-regionallang,2026,Sanskrit Theory Paper,Sanskrit,1,HUMAN_CURATED,single_mcq,"hi,en",FULLY_MAPPED,CURATED_REFERENCE_KEY,UNIQUE_VERIFIED,CLEAN_VERIFIED,PRACTICE_ELIGIBLE
q-hy-sa-0057,src-human-curation-bank,comp-cbse-board-cls10-regionallang,2026,Sanskrit Theory Paper,Sanskrit,1,HUMAN_CURATED,single_mcq,"hi,en",FULLY_MAPPED,CURATED_REFERENCE_KEY,UNIQUE_VERIFIED,CLEAN_VERIFIED,PRACTICE_ELIGIBLE
q-hy-sa-0058,src-human-curation-bank,comp-cbse-board-cls10-regionallang,2026,Sanskrit Theory Paper,Sanskrit,1,HUMAN_CURATED,single_mcq,"hi,en",FULLY_MAPPED,CURATED_REFERENCE_KEY,UNIQUE_VERIFIED,CLEAN_VERIFIED,PRACTICE_ELIGIBLE
q-hy-sa-0059,src-human-curation-bank,comp-cbse-board-cls10-regionallang,2026,Sanskrit Theory Paper,Sanskrit,1,HUMAN_CURATED,single_mcq,"hi,en",FULLY_MAPPED,CURATED_REFERENCE_KEY,UNIQUE_VERIFIED,CLEAN_VERIFIED,PRACTICE_ELIGIBLE
q-hy-sa-0060,src-human-curation-bank,comp-cbse-board-cls10-regionallang,2026,Sanskrit Theory Paper,Sanskrit,1,HUMAN_CURATED,single_mcq,"hi,en",FULLY_MAPPED,CURATED_REFERENCE_KEY,UNIQUE_VERIFIED,CLEAN_VERIFIED,PRACTICE_ELIGIBLE
q-hy-sa-0061,src-human-curation-bank,comp-cbse-board-cls10-regionallang,2026,Sanskrit Theory Paper,Sanskrit,1,HUMAN_CURATED,single_mcq,"hi,en",FULLY_MAPPED,CURATED_REFERENCE_KEY,UNIQUE_VERIFIED,CLEAN_VERIFIED,PRACTICE_ELIGIBLE
q-hy-sa-0062,src-human-curation-bank,comp-cbse-board-cls10-regionallang,2026,Sanskrit Theory Paper,Sanskrit,1,HUMAN_CURATED,single_mcq,"hi,en",FULLY_MAPPED,CURATED_REFERENCE_KEY,UNIQUE_VERIFIED,CLEAN_VERIFIED,PRACTICE_ELIGIBLE
q-hy-sa-0063,src-human-curation-bank,comp-cbse-board-cls10-regionallang,2026,Sanskrit Theory Paper,Sanskrit,1,HUMAN_CURATED,single_mcq,"hi,en",FULLY_MAPPED,CURATED_REFERENCE_KEY,UNIQUE_VERIFIED,CLEAN_VERIFIED,PRACTICE_ELIGIBLE
q-hy-sa-0064,src-human-curation-bank,comp-cbse-board-cls10-regionallang,2026,Sanskrit Theory Paper,Sanskrit,1,HUMAN_CURATED,single_mcq,"hi,en",FULLY_MAPPED,CURATED_REFERENCE_KEY,UNIQUE_VERIFIED,CLEAN_VERIFIED,PRACTICE_ELIGIBLE
q-hy-sa-0065,src-human-curation-bank,comp-cbse-board-cls10-regionallang,2026,Sanskrit Theory Paper,Sanskrit,1,HUMAN_CURATED,single_mcq,"hi,en",FULLY_MAPPED,CURATED_REFERENCE_KEY,UNIQUE_VERIFIED,CLEAN_VERIFIED,PRACTICE_ELIGIBLE
q-hy-sa-0066,src-human-curation-bank,comp-cbse-board-cls10-regionallang,2026,Sanskrit Theory Paper,Sanskrit,1,HUMAN_CURATED,single_mcq,"hi,en",FULLY_MAPPED,CURATED_REFERENCE_KEY,UNIQUE_VERIFIED,CLEAN_VERIFIED,PRACTICE_ELIGIBLE
q-hy-sa-0067,src-human-curation-bank,comp-cbse-board-cls10-regionallang,2026,Sanskrit Theory Paper,Sanskrit,1,HUMAN_CURATED,single_mcq,"hi,en",FULLY_MAPPED,CURATED_REFERENCE_KEY,UNIQUE_VERIFIED,CLEAN_VERIFIED,PRACTICE_ELIGIBLE
q-hy-sa-0068,src-human-curation-bank,comp-cbse-board-cls10-regionallang,2026,Sanskrit Theory Paper,Sanskrit,1,HUMAN_CURATED,single_mcq,"hi,en",FULLY_MAPPED,CURATED_REFERENCE_KEY,UNIQUE_VERIFIED,CLEAN_VERIFIED,PRACTICE_ELIGIBLE
q-hy-sa-0069,src-human-curation-bank,comp-cbse-board-cls10-regionallang,2026,Sanskrit Theory Paper,Sanskrit,1,HUMAN_CURATED,single_mcq,"hi,en",FULLY_MAPPED,CURATED_REFERENCE_KEY,UNIQUE_VERIFIED,CLEAN_VERIFIED,PRACTICE_ELIGIBLE
q-hy-sa-0070,src-human-curation-bank,comp-cbse-board-cls10-regionallang,2026,Sanskrit Theory Paper,Sanskrit,1,HUMAN_CURATED,single_mcq,"hi,en",FULLY_MAPPED,CURATED_REFERENCE_KEY,UNIQUE_VERIFIED,CLEAN_VERIFIED,PRACTICE_ELIGIBLE
q-hy-sa-0071,src-human-curation-bank,comp-cbse-board-cls10-regionallang,2026,Sanskrit Theory Paper,Sanskrit,1,HUMAN_CURATED,single_mcq,"hi,en",FULLY_MAPPED,CURATED_REFERENCE_KEY,UNIQUE_VERIFIED,CLEAN_VERIFIED,PRACTICE_ELIGIBLE
q-hy-sa-0072,src-human-curation-bank,comp-cbse-board-cls10-regionallang,2026,Sanskrit Theory Paper,Sanskrit,1,HUMAN_CURATED,single_mcq,"hi,en",FULLY_MAPPED,CURATED_REFERENCE_KEY,UNIQUE_VERIFIED,CLEAN_VERIFIED,PRACTICE_ELIGIBLE
q-hy-sa-0073,src-human-curation-bank,comp-cbse-board-cls10-regionallang,2026,Sanskrit Theory Paper,Sanskrit,1,HUMAN_CURATED,single_mcq,"hi,en",FULLY_MAPPED,CURATED_REFERENCE_KEY,UNIQUE_VERIFIED,CLEAN_VERIFIED,PRACTICE_ELIGIBLE
q-hy-sa-0074,src-human-curation-bank,comp-cbse-board-cls10-regionallang,2026,Sanskrit Theory Paper,Sanskrit,1,HUMAN_CURATED,single_mcq,"hi,en",FULLY_MAPPED,CURATED_REFERENCE_KEY,UNIQUE_VERIFIED,CLEAN_VERIFIED,PRACTICE_ELIGIBLE
q-hy-sa-0075,src-human-curation-bank,comp-cbse-board-cls10-regionallang,2026,Sanskrit Theory Paper,Sanskrit,1,HUMAN_CURATED,single_mcq,"hi,en",FULLY_MAPPED,CURATED_REFERENCE_KEY,UNIQUE_VERIFIED,CLEAN_VERIFIED,PRACTICE_ELIGIBLE
q-hy-sa-0076,src-human-curation-bank,comp-cbse-board-cls10-regionallang,2026,Sanskrit Theory Paper,Sanskrit,1,HUMAN_CURATED,single_mcq,"hi,en",FULLY_MAPPED,CURATED_REFERENCE_KEY,UNIQUE_VERIFIED,CLEAN_VERIFIED,PRACTICE_ELIGIBLE
q-hy-sa-0077,src-human-curation-bank,comp-cbse-board-cls10-regionallang,2026,Sanskrit Theory Paper,Sanskrit,1,HUMAN_CURATED,single_mcq,"hi,en",FULLY_MAPPED,CURATED_REFERENCE_KEY,UNIQUE_VERIFIED,CLEAN_VERIFIED,PRACTICE_ELIGIBLE
q-hy-sa-0078,src-human-curation-bank,comp-cbse-board-cls10-regionallang,2026,Sanskrit Theory Paper,Sanskrit,1,HUMAN_CURATED,single_mcq,"hi,en",FULLY_MAPPED,CURATED_REFERENCE_KEY,UNIQUE_VERIFIED,CLEAN_VERIFIED,PRACTICE_ELIGIBLE
q-hy-sa-0079,src-human-curation-bank,comp-cbse-board-cls10-regionallang,2026,Sanskrit Theory Paper,Sanskrit,1,HUMAN_CURATED,single_mcq,"hi,en",FULLY_MAPPED,CURATED_REFERENCE_KEY,UNIQUE_VERIFIED,CLEAN_VERIFIED,PRACTICE_ELIGIBLE
q-hy-sa-0080,src-human-curation-bank,comp-cbse-board-cls10-regionallang,2026,Sanskrit Theory Paper,Sanskrit,1,HUMAN_CURATED,single_mcq,"hi,en",FULLY_MAPPED,CURATED_REFERENCE_KEY,UNIQUE_VERIFIED,CLEAN_VERIFIED,PRACTICE_ELIGIBLE
q-hy-sa-0081,src-human-curation-bank,comp-cbse-board-cls10-regionallang,2026,Sanskrit Theory Paper,Sanskrit,1,HUMAN_CURATED,single_mcq,"hi,en",FULLY_MAPPED,CURATED_REFERENCE_KEY,UNIQUE_VERIFIED,CLEAN_VERIFIED,PRACTICE_ELIGIBLE
q-hy-sa-0082,src-human-curation-bank,comp-cbse-board-cls10-regionallang,2026,Sanskrit Theory Paper,Sanskrit,1,HUMAN_CURATED,single_mcq,"hi,en",FULLY_MAPPED,CURATED_REFERENCE_KEY,UNIQUE_VERIFIED,CLEAN_VERIFIED,PRACTICE_ELIGIBLE
q-hy-sa-0083,src-human-curation-bank,comp-cbse-board-cls10-regionallang,2026,Sanskrit Theory Paper,Sanskrit,1,HUMAN_CURATED,single_mcq,"hi,en",FULLY_MAPPED,CURATED_REFERENCE_KEY,UNIQUE_VERIFIED,CLEAN_VERIFIED,PRACTICE_ELIGIBLE
q-hy-sa-0084,src-human-curation-bank,comp-cbse-board-cls10-regionallang,2026,Sanskrit Theory Paper,Sanskrit,1,HUMAN_CURATED,single_mcq,"hi,en",FULLY_MAPPED,CURATED_REFERENCE_KEY,UNIQUE_VERIFIED,CLEAN_VERIFIED,PRACTICE_ELIGIBLE
q-hy-sa-0085,src-human-curation-bank,comp-cbse-board-cls10-regionallang,2026,Sanskrit Theory Paper,Sanskrit,1,HUMAN_CURATED,single_mcq,"hi,en",FULLY_MAPPED,CURATED_REFERENCE_KEY,UNIQUE_VERIFIED,CLEAN_VERIFIED,PRACTICE_ELIGIBLE
q-hy-sci-0001,src-human-curation-bank,comp-cbse-board-cls10-science,2026,Science Theory Paper,Science & Technology,1,HUMAN_CURATED,single_mcq,"hi,en",FULLY_MAPPED,CURATED_REFERENCE_KEY,UNIQUE_VERIFIED,CLEAN_VERIFIED,PRACTICE_ELIGIBLE
q-hy-sci-0002,src-human-curation-bank,comp-cbse-board-cls10-science,2026,Science Theory Paper,Science & Technology,1,HUMAN_CURATED,single_mcq,"hi,en",FULLY_MAPPED,CURATED_REFERENCE_KEY,UNIQUE_VERIFIED,CLEAN_VERIFIED,PRACTICE_ELIGIBLE
q-hy-sci-0003,src-human-curation-bank,comp-cbse-board-cls10-science,2026,Science Theory Paper,Science & Technology,1,HUMAN_CURATED,single_mcq,"hi,en",FULLY_MAPPED,CURATED_REFERENCE_KEY,UNIQUE_VERIFIED,CLEAN_VERIFIED,PRACTICE_ELIGIBLE
q-hy-sci-0004,src-human-curation-bank,comp-cbse-board-cls10-science,2026,Science Theory Paper,Science & Technology,1,HUMAN_CURATED,single_mcq,"hi,en",FULLY_MAPPED,CURATED_REFERENCE_KEY,UNIQUE_VERIFIED,CLEAN_VERIFIED,PRACTICE_ELIGIBLE
q-hy-sci-0005,src-human-curation-bank,comp-cbse-board-cls10-science,2026,Science Theory Paper,Science & Technology,1,HUMAN_CURATED,single_mcq,"hi,en",FULLY_MAPPED,CURATED_REFERENCE_KEY,UNIQUE_VERIFIED,CLEAN_VERIFIED,PRACTICE_ELIGIBLE
q-hy-sci-0006,src-human-curation-bank,comp-cbse-board-cls10-science,2026,Science Theory Paper,Science & Technology,1,HUMAN_CURATED,single_mcq,"hi,en",FULLY_MAPPED,CURATED_REFERENCE_KEY,UNIQUE_VERIFIED,CLEAN_VERIFIED,PRACTICE_ELIGIBLE
q-hy-sci-0007,src-human-curation-bank,comp-cbse-board-cls10-science,2026,Science Theory Paper,Science & Technology,1,HUMAN_CURATED,single_mcq,"hi,en",FULLY_MAPPED,CURATED_REFERENCE_KEY,UNIQUE_VERIFIED,CLEAN_VERIFIED,PRACTICE_ELIGIBLE
q-hy-sci-0008,src-human-curation-bank,comp-cbse-board-cls10-science,2026,Science Theory Paper,Science & Technology,1,HUMAN_CURATED,single_mcq,"hi,en",FULLY_MAPPED,CURATED_REFERENCE_KEY,UNIQUE_VERIFIED,CLEAN_VERIFIED,PRACTICE_ELIGIBLE
q-hy-sci-0009,src-human-curation-bank,comp-cbse-board-cls10-science,2026,Science Theory Paper,Science & Technology,1,HUMAN_CURATED,single_mcq,"hi,en",FULLY_MAPPED,CURATED_REFERENCE_KEY,UNIQUE_VERIFIED,CLEAN_VERIFIED,PRACTICE_ELIGIBLE
q-hy-sci-0010,src-human-curation-bank,comp-cbse-board-cls10-science,2026,Science Theory Paper,Science & Technology,1,HUMAN_CURATED,single_mcq,"hi,en",FULLY_MAPPED,CURATED_REFERENCE_KEY,UNIQUE_VERIFIED,CLEAN_VERIFIED,PRACTICE_ELIGIBLE
q-hy-sci-0011,src-human-curation-bank,comp-cbse-board-cls10-science,2026,Science Theory Paper,Science & Technology,1,HUMAN_CURATED,single_mcq,"hi,en",FULLY_MAPPED,CURATED_REFERENCE_KEY,UNIQUE_VERIFIED,CLEAN_VERIFIED,PRACTICE_ELIGIBLE
q-hy-sci-0012,src-human-curation-bank,comp-cbse-board-cls10-science,2026,Science Theory Paper,Science & Technology,1,HUMAN_CURATED,single_mcq,"hi,en",FULLY_MAPPED,CURATED_REFERENCE_KEY,UNIQUE_VERIFIED,CLEAN_VERIFIED,PRACTICE_ELIGIBLE
q-hy-sci-0013,src-human-curation-bank,comp-cbse-board-cls10-science,2026,Science Theory Paper,Science & Technology,1,HUMAN_CURATED,single_mcq,"hi,en",FULLY_MAPPED,CURATED_REFERENCE_KEY,UNIQUE_VERIFIED,CLEAN_VERIFIED,PRACTICE_ELIGIBLE
q-hy-sci-0014,src-human-curation-bank,comp-cbse-board-cls10-science,2026,Science Theory Paper,Science & Technology,1,HUMAN_CURATED,single_mcq,"hi,en",FULLY_MAPPED,CURATED_REFERENCE_KEY,UNIQUE_VERIFIED,CLEAN_VERIFIED,PRACTICE_ELIGIBLE
q-hy-sci-0015,src-human-curation-bank,comp-cbse-board-cls10-science,2026,Science Theory Paper,Science & Technology,1,HUMAN_CURATED,single_mcq,"hi,en",FULLY_MAPPED,CURATED_REFERENCE_KEY,UNIQUE_VERIFIED,CLEAN_VERIFIED,PRACTICE_ELIGIBLE
q-hy-sci-0016,src-human-curation-bank,comp-cbse-board-cls10-science,2026,Science Theory Paper,Science & Technology,1,HUMAN_CURATED,single_mcq,"hi,en",FULLY_MAPPED,CURATED_REFERENCE_KEY,UNIQUE_VERIFIED,CLEAN_VERIFIED,PRACTICE_ELIGIBLE
q-hy-sci-0017,src-human-curation-bank,comp-cbse-board-cls10-science,2026,Science Theory Paper,Science & Technology,1,HUMAN_CURATED,single_mcq,"hi,en",FULLY_MAPPED,CURATED_REFERENCE_KEY,UNIQUE_VERIFIED,CLEAN_VERIFIED,PRACTICE_ELIGIBLE
q-hy-sci-0018,src-human-curation-bank,comp-cbse-board-cls10-science,2026,Science Theory Paper,Science & Technology,1,HUMAN_CURATED,single_mcq,"hi,en",FULLY_MAPPED,CURATED_REFERENCE_KEY,UNIQUE_VERIFIED,CLEAN_VERIFIED,PRACTICE_ELIGIBLE
q-hy-sci-0019,src-human-curation-bank,comp-cbse-board-cls10-science,2026,Science Theory Paper,Science & Technology,1,HUMAN_CURATED,single_mcq,"hi,en",FULLY_MAPPED,CURATED_REFERENCE_KEY,UNIQUE_VERIFIED,CLEAN_VERIFIED,PRACTICE_ELIGIBLE
q-hy-sci-0020,src-human-curation-bank,comp-cbse-board-cls10-science,2026,Science Theory Paper,Science & Technology,1,HUMAN_CURATED,single_mcq,"hi,en",FULLY_MAPPED,CURATED_REFERENCE_KEY,UNIQUE_VERIFIED,CLEAN_VERIFIED,PRACTICE_ELIGIBLE
q-hy-sci-0021,src-human-curation-bank,comp-cbse-board-cls10-science,2026,Science Theory Paper,Science & Technology,1,HUMAN_CURATED,single_mcq,"hi,en",FULLY_MAPPED,CURATED_REFERENCE_KEY,UNIQUE_VERIFIED,CLEAN_VERIFIED,PRACTICE_ELIGIBLE
q-hy-sci-0022,src-human-curation-bank,comp-cbse-board-cls10-science,2026,Science Theory Paper,Science & Technology,1,HUMAN_CURATED,single_mcq,"hi,en",FULLY_MAPPED,CURATED_REFERENCE_KEY,UNIQUE_VERIFIED,CLEAN_VERIFIED,PRACTICE_ELIGIBLE
q-hy-sci-0023,src-human-curation-bank,comp-cbse-board-cls10-science,2026,Science Theory Paper,Science & Technology,1,HUMAN_CURATED,single_mcq,"hi,en",FULLY_MAPPED,CURATED_REFERENCE_KEY,UNIQUE_VERIFIED,CLEAN_VERIFIED,PRACTICE_ELIGIBLE
q-hy-sci-0024,src-human-curation-bank,comp-cbse-board-cls10-science,2026,Science Theory Paper,Science & Technology,1,HUMAN_CURATED,single_mcq,"hi,en",FULLY_MAPPED,CURATED_REFERENCE_KEY,UNIQUE_VERIFIED,CLEAN_VERIFIED,PRACTICE_ELIGIBLE
q-hy-sci-0025,src-human-curation-bank,comp-cbse-board-cls10-science,2026,Science Theory Paper,Science & Technology,1,HUMAN_CURATED,single_mcq,"hi,en",FULLY_MAPPED,CURATED_REFERENCE_KEY,UNIQUE_VERIFIED,CLEAN_VERIFIED,PRACTICE_ELIGIBLE
q-hy-sci-0026,src-human-curation-bank,comp-cbse-board-cls10-science,2026,Science Theory Paper,Science & Technology,1,HUMAN_CURATED,single_mcq,"hi,en",FULLY_MAPPED,CURATED_REFERENCE_KEY,UNIQUE_VERIFIED,CLEAN_VERIFIED,PRACTICE_ELIGIBLE
q-hy-sci-0027,src-human-curation-bank,comp-cbse-board-cls10-science,2026,Science Theory Paper,Science & Technology,1,HUMAN_CURATED,single_mcq,"hi,en",FULLY_MAPPED,CURATED_REFERENCE_KEY,UNIQUE_VERIFIED,CLEAN_VERIFIED,PRACTICE_ELIGIBLE
q-hy-sci-0028,src-human-curation-bank,comp-cbse-board-cls10-science,2026,Science Theory Paper,Science & Technology,1,HUMAN_CURATED,single_mcq,"hi,en",FULLY_MAPPED,CURATED_REFERENCE_KEY,UNIQUE_VERIFIED,CLEAN_VERIFIED,PRACTICE_ELIGIBLE
q-hy-sci-0029,src-human-curation-bank,comp-cbse-board-cls10-science,2026,Science Theory Paper,Science & Technology,1,HUMAN_CURATED,single_mcq,"hi,en",FULLY_MAPPED,CURATED_REFERENCE_KEY,UNIQUE_VERIFIED,CLEAN_VERIFIED,PRACTICE_ELIGIBLE
q-hy-sci-0030,src-human-curation-bank,comp-cbse-board-cls10-science,2026,Science Theory Paper,Science & Technology,1,HUMAN_CURATED,single_mcq,"hi,en",FULLY_MAPPED,CURATED_REFERENCE_KEY,UNIQUE_VERIFIED,CLEAN_VERIFIED,PRACTICE_ELIGIBLE
q-hy-sci-0031,src-human-curation-bank,comp-cbse-board-cls10-science,2026,Science Theory Paper,Science & Technology,1,HUMAN_CURATED,single_mcq,"hi,en",FULLY_MAPPED,CURATED_REFERENCE_KEY,UNIQUE_VERIFIED,CLEAN_VERIFIED,PRACTICE_ELIGIBLE
q-hy-sci-0032,src-human-curation-bank,comp-cbse-board-cls10-science,2026,Science Theory Paper,Science & Technology,1,HUMAN_CURATED,single_mcq,"hi,en",FULLY_MAPPED,CURATED_REFERENCE_KEY,UNIQUE_VERIFIED,CLEAN_VERIFIED,PRACTICE_ELIGIBLE
q-hy-sci-0033,src-human-curation-bank,comp-cbse-board-cls10-science,2026,Science Theory Paper,Science & Technology,1,HUMAN_CURATED,single_mcq,"hi,en",FULLY_MAPPED,CURATED_REFERENCE_KEY,UNIQUE_VERIFIED,CLEAN_VERIFIED,PRACTICE_ELIGIBLE
q-hy-sci-0034,src-human-curation-bank,comp-cbse-board-cls10-science,2026,Science Theory Paper,Science & Technology,1,HUMAN_CURATED,single_mcq,"hi,en",FULLY_MAPPED,CURATED_REFERENCE_KEY,UNIQUE_VERIFIED,CLEAN_VERIFIED,PRACTICE_ELIGIBLE
q-hy-sci-0035,src-human-curation-bank,comp-cbse-board-cls10-science,2026,Science Theory Paper,Science & Technology,1,HUMAN_CURATED,single_mcq,"hi,en",FULLY_MAPPED,CURATED_REFERENCE_KEY,UNIQUE_VERIFIED,CLEAN_VERIFIED,PRACTICE_ELIGIBLE
q-hy-sci-0036,src-human-curation-bank,comp-cbse-board-cls10-science,2026,Science Theory Paper,Science & Technology,1,HUMAN_CURATED,single_mcq,"hi,en",FULLY_MAPPED,CURATED_REFERENCE_KEY,UNIQUE_VERIFIED,CLEAN_VERIFIED,PRACTICE_ELIGIBLE
q-hy-sci-0037,src-human-curation-bank,comp-cbse-board-cls10-science,2026,Science Theory Paper,Science & Technology,1,HUMAN_CURATED,single_mcq,"hi,en",FULLY_MAPPED,CURATED_REFERENCE_KEY,UNIQUE_VERIFIED,CLEAN_VERIFIED,PRACTICE_ELIGIBLE
q-hy-sci-0038,src-human-curation-bank,comp-cbse-board-cls10-science,2026,Science Theory Paper,Science & Technology,1,HUMAN_CURATED,single_mcq,"hi,en",FULLY_MAPPED,CURATED_REFERENCE_KEY,UNIQUE_VERIFIED,CLEAN_VERIFIED,PRACTICE_ELIGIBLE
q-hy-sci-0039,src-human-curation-bank,comp-cbse-board-cls10-science,2026,Science Theory Paper,Science & Technology,1,HUMAN_CURATED,single_mcq,"hi,en",FULLY_MAPPED,CURATED_REFERENCE_KEY,UNIQUE_VERIFIED,CLEAN_VERIFIED,PRACTICE_ELIGIBLE
q-hy-sci-0040,src-human-curation-bank,comp-cbse-board-cls10-science,2026,Science Theory Paper,Science & Technology,1,HUMAN_CURATED,single_mcq,"hi,en",FULLY_MAPPED,CURATED_REFERENCE_KEY,UNIQUE_VERIFIED,CLEAN_VERIFIED,PRACTICE_ELIGIBLE
q-hy-sci-0041,src-human-curation-bank,comp-cbse-board-cls10-science,2026,Science Theory Paper,Science & Technology,1,HUMAN_CURATED,single_mcq,"hi,en",FULLY_MAPPED,CURATED_REFERENCE_KEY,UNIQUE_VERIFIED,CLEAN_VERIFIED,PRACTICE_ELIGIBLE
q-hy-sci-0042,src-human-curation-bank,comp-cbse-board-cls10-science,2026,Science Theory Paper,Science & Technology,1,HUMAN_CURATED,single_mcq,"hi,en",FULLY_MAPPED,CURATED_REFERENCE_KEY,UNIQUE_VERIFIED,CLEAN_VERIFIED,PRACTICE_ELIGIBLE
q-hy-sci-0043,src-human-curation-bank,comp-cbse-board-cls10-science,2026,Science Theory Paper,Science & Technology,1,HUMAN_CURATED,single_mcq,"hi,en",FULLY_MAPPED,CURATED_REFERENCE_KEY,UNIQUE_VERIFIED,CLEAN_VERIFIED,PRACTICE_ELIGIBLE
q-hy-sci-0044,src-human-curation-bank,comp-cbse-board-cls10-science,2026,Science Theory Paper,Science & Technology,1,HUMAN_CURATED,single_mcq,"hi,en",FULLY_MAPPED,CURATED_REFERENCE_KEY,UNIQUE_VERIFIED,CLEAN_VERIFIED,PRACTICE_ELIGIBLE
q-hy-sci-0045,src-human-curation-bank,comp-cbse-board-cls10-science,2026,Science Theory Paper,Science & Technology,1,HUMAN_CURATED,single_mcq,"hi,en",FULLY_MAPPED,CURATED_REFERENCE_KEY,UNIQUE_VERIFIED,CLEAN_VERIFIED,PRACTICE_ELIGIBLE
q-hy-sci-0046,src-human-curation-bank,comp-cbse-board-cls10-science,2026,Science Theory Paper,Science & Technology,1,HUMAN_CURATED,single_mcq,"hi,en",FULLY_MAPPED,CURATED_REFERENCE_KEY,UNIQUE_VERIFIED,CLEAN_VERIFIED,PRACTICE_ELIGIBLE
q-hy-sci-0047,src-human-curation-bank,comp-cbse-board-cls10-science,2026,Science Theory Paper,Science & Technology,1,HUMAN_CURATED,single_mcq,"hi,en",FULLY_MAPPED,CURATED_REFERENCE_KEY,UNIQUE_VERIFIED,CLEAN_VERIFIED,PRACTICE_ELIGIBLE
q-hy-sci-0048,src-human-curation-bank,comp-cbse-board-cls10-science,2026,Science Theory Paper,Science & Technology,1,HUMAN_CURATED,single_mcq,"hi,en",FULLY_MAPPED,CURATED_REFERENCE_KEY,UNIQUE_VERIFIED,CLEAN_VERIFIED,PRACTICE_ELIGIBLE
q-hy-sci-0049,src-human-curation-bank,comp-cbse-board-cls10-science,2026,Science Theory Paper,Science & Technology,1,HUMAN_CURATED,single_mcq,"hi,en",FULLY_MAPPED,CURATED_REFERENCE_KEY,UNIQUE_VERIFIED,CLEAN_VERIFIED,PRACTICE_ELIGIBLE
q-hy-sci-0050,src-human-curation-bank,comp-cbse-board-cls10-science,2026,Science Theory Paper,Science & Technology,1,HUMAN_CURATED,single_mcq,"hi,en",FULLY_MAPPED,CURATED_REFERENCE_KEY,UNIQUE_VERIFIED,CLEAN_VERIFIED,PRACTICE_ELIGIBLE
q-hy-sci-0051,src-human-curation-bank,comp-cbse-board-cls10-science,2026,Science Theory Paper,Science & Technology,1,HUMAN_CURATED,single_mcq,"hi,en",FULLY_MAPPED,CURATED_REFERENCE_KEY,UNIQUE_VERIFIED,CLEAN_VERIFIED,PRACTICE_ELIGIBLE
q-hy-sci-0052,src-human-curation-bank,comp-cbse-board-cls10-science,2026,Science Theory Paper,Science & Technology,1,HUMAN_CURATED,single_mcq,"hi,en",FULLY_MAPPED,CURATED_REFERENCE_KEY,UNIQUE_VERIFIED,CLEAN_VERIFIED,PRACTICE_ELIGIBLE
q-hy-sci-0053,src-human-curation-bank,comp-cbse-board-cls10-science,2026,Science Theory Paper,Science & Technology,1,HUMAN_CURATED,single_mcq,"hi,en",FULLY_MAPPED,CURATED_REFERENCE_KEY,UNIQUE_VERIFIED,CLEAN_VERIFIED,PRACTICE_ELIGIBLE
q-hy-sci-0054,src-human-curation-bank,comp-cbse-board-cls10-science,2026,Science Theory Paper,Science & Technology,1,HUMAN_CURATED,single_mcq,"hi,en",FULLY_MAPPED,CURATED_REFERENCE_KEY,UNIQUE_VERIFIED,CLEAN_VERIFIED,PRACTICE_ELIGIBLE
q-hy-sci-0055,src-human-curation-bank,comp-cbse-board-cls10-science,2026,Science Theory Paper,Science & Technology,1,HUMAN_CURATED,single_mcq,"hi,en",FULLY_MAPPED,CURATED_REFERENCE_KEY,UNIQUE_VERIFIED,CLEAN_VERIFIED,PRACTICE_ELIGIBLE
q-hy-sci-0056,src-human-curation-bank,comp-cbse-board-cls10-science,2026,Science Theory Paper,Science & Technology,1,HUMAN_CURATED,single_mcq,"hi,en",FULLY_MAPPED,CURATED_REFERENCE_KEY,UNIQUE_VERIFIED,CLEAN_VERIFIED,PRACTICE_ELIGIBLE
q-hy-sci-0057,src-human-curation-bank,comp-cbse-board-cls10-science,2026,Science Theory Paper,Science & Technology,1,HUMAN_CURATED,single_mcq,"hi,en",FULLY_MAPPED,CURATED_REFERENCE_KEY,UNIQUE_VERIFIED,CLEAN_VERIFIED,PRACTICE_ELIGIBLE
q-hy-sci-0058,src-human-curation-bank,comp-cbse-board-cls10-science,2026,Science Theory Paper,Science & Technology,1,HUMAN_CURATED,single_mcq,"hi,en",FULLY_MAPPED,CURATED_REFERENCE_KEY,UNIQUE_VERIFIED,CLEAN_VERIFIED,PRACTICE_ELIGIBLE
q-hy-sci-0059,src-human-curation-bank,comp-cbse-board-cls10-science,2026,Science Theory Paper,Science & Technology,1,HUMAN_CURATED,single_mcq,"hi,en",FULLY_MAPPED,CURATED_REFERENCE_KEY,UNIQUE_VERIFIED,CLEAN_VERIFIED,PRACTICE_ELIGIBLE
q-hy-sci-0060,src-human-curation-bank,comp-cbse-board-cls10-science,2026,Science Theory Paper,Science & Technology,1,HUMAN_CURATED,single_mcq,"hi,en",FULLY_MAPPED,CURATED_REFERENCE_KEY,UNIQUE_VERIFIED,CLEAN_VERIFIED,PRACTICE_ELIGIBLE
q-hy-sci-0061,src-human-curation-bank,comp-cbse-board-cls10-science,2026,Science Theory Paper,Science & Technology,1,HUMAN_CURATED,single_mcq,"hi,en",FULLY_MAPPED,CURATED_REFERENCE_KEY,UNIQUE_VERIFIED,CLEAN_VERIFIED,PRACTICE_ELIGIBLE
q-hy-sci-0062,src-human-curation-bank,comp-cbse-board-cls10-science,2026,Science Theory Paper,Science & Technology,1,HUMAN_CURATED,single_mcq,"hi,en",FULLY_MAPPED,CURATED_REFERENCE_KEY,UNIQUE_VERIFIED,CLEAN_VERIFIED,PRACTICE_ELIGIBLE
q-hy-sci-0063,src-human-curation-bank,comp-cbse-board-cls10-science,2026,Science Theory Paper,Science & Technology,1,HUMAN_CURATED,single_mcq,"hi,en",FULLY_MAPPED,CURATED_REFERENCE_KEY,UNIQUE_VERIFIED,CLEAN_VERIFIED,PRACTICE_ELIGIBLE
q-hy-sci-0064,src-human-curation-bank,comp-cbse-board-cls10-science,2026,Science Theory Paper,Science & Technology,1,HUMAN_CURATED,single_mcq,"hi,en",FULLY_MAPPED,CURATED_REFERENCE_KEY,UNIQUE_VERIFIED,CLEAN_VERIFIED,PRACTICE_ELIGIBLE
q-hy-sci-0065,src-human-curation-bank,comp-cbse-board-cls10-science,2026,Science Theory Paper,Science & Technology,1,HUMAN_CURATED,single_mcq,"hi,en",FULLY_MAPPED,CURATED_REFERENCE_KEY,UNIQUE_VERIFIED,CLEAN_VERIFIED,PRACTICE_ELIGIBLE
q-hy-sci-0066,src-human-curation-bank,comp-cbse-board-cls10-science,2026,Science Theory Paper,Science & Technology,1,HUMAN_CURATED,single_mcq,"hi,en",FULLY_MAPPED,CURATED_REFERENCE_KEY,UNIQUE_VERIFIED,CLEAN_VERIFIED,PRACTICE_ELIGIBLE
q-hy-sci-0067,src-human-curation-bank,comp-cbse-board-cls10-science,2026,Science Theory Paper,Science & Technology,1,HUMAN_CURATED,single_mcq,"hi,en",FULLY_MAPPED,CURATED_REFERENCE_KEY,UNIQUE_VERIFIED,CLEAN_VERIFIED,PRACTICE_ELIGIBLE
q-hy-sci-0068,src-human-curation-bank,comp-cbse-board-cls10-science,2026,Science Theory Paper,Science & Technology,1,HUMAN_CURATED,single_mcq,"hi,en",FULLY_MAPPED,CURATED_REFERENCE_KEY,UNIQUE_VERIFIED,CLEAN_VERIFIED,PRACTICE_ELIGIBLE
q-hy-sci-0069,src-human-curation-bank,comp-cbse-board-cls10-science,2026,Science Theory Paper,Science & Technology,1,HUMAN_CURATED,single_mcq,"hi,en",FULLY_MAPPED,CURATED_REFERENCE_KEY,UNIQUE_VERIFIED,CLEAN_VERIFIED,PRACTICE_ELIGIBLE
q-hy-sci-0070,src-human-curation-bank,comp-cbse-board-cls10-science,2026,Science Theory Paper,Science & Technology,1,HUMAN_CURATED,single_mcq,"hi,en",FULLY_MAPPED,CURATED_REFERENCE_KEY,UNIQUE_VERIFIED,CLEAN_VERIFIED,PRACTICE_ELIGIBLE
q-hy-sci-0071,src-human-curation-bank,comp-cbse-board-cls10-science,2026,Science Theory Paper,Science & Technology,1,HUMAN_CURATED,single_mcq,"hi,en",FULLY_MAPPED,CURATED_REFERENCE_KEY,UNIQUE_VERIFIED,CLEAN_VERIFIED,PRACTICE_ELIGIBLE
q-hy-sci-0072,src-human-curation-bank,comp-cbse-board-cls10-science,2026,Science Theory Paper,Science & Technology,1,HUMAN_CURATED,single_mcq,"hi,en",FULLY_MAPPED,CURATED_REFERENCE_KEY,UNIQUE_VERIFIED,CLEAN_VERIFIED,PRACTICE_ELIGIBLE
q-hy-sci-0073,src-human-curation-bank,comp-cbse-board-cls10-science,2026,Science Theory Paper,Science & Technology,1,HUMAN_CURATED,single_mcq,"hi,en",FULLY_MAPPED,CURATED_REFERENCE_KEY,UNIQUE_VERIFIED,CLEAN_VERIFIED,PRACTICE_ELIGIBLE
q-hy-sci-0074,src-human-curation-bank,comp-cbse-board-cls10-science,2026,Science Theory Paper,Science & Technology,1,HUMAN_CURATED,single_mcq,"hi,en",FULLY_MAPPED,CURATED_REFERENCE_KEY,UNIQUE_VERIFIED,CLEAN_VERIFIED,PRACTICE_ELIGIBLE
q-hy-sci-0075,src-human-curation-bank,comp-cbse-board-cls10-science,2026,Science Theory Paper,Science & Technology,1,HUMAN_CURATED,single_mcq,"hi,en",FULLY_MAPPED,CURATED_REFERENCE_KEY,UNIQUE_VERIFIED,CLEAN_VERIFIED,PRACTICE_ELIGIBLE
q-hy-sci-0076,src-human-curation-bank,comp-cbse-board-cls10-science,2026,Science Theory Paper,Science & Technology,1,HUMAN_CURATED,single_mcq,"hi,en",FULLY_MAPPED,CURATED_REFERENCE_KEY,UNIQUE_VERIFIED,CLEAN_VERIFIED,PRACTICE_ELIGIBLE
q-hy-sci-0077,src-human-curation-bank,comp-cbse-board-cls10-science,2026,Science Theory Paper,Science & Technology,1,HUMAN_CURATED,single_mcq,"hi,en",FULLY_MAPPED,CURATED_REFERENCE_KEY,UNIQUE_VERIFIED,CLEAN_VERIFIED,PRACTICE_ELIGIBLE
q-hy-sci-0078,src-human-curation-bank,comp-cbse-board-cls10-science,2026,Science Theory Paper,Science & Technology,1,HUMAN_CURATED,single_mcq,"hi,en",FULLY_MAPPED,CURATED_REFERENCE_KEY,UNIQUE_VERIFIED,CLEAN_VERIFIED,PRACTICE_ELIGIBLE
q-hy-sci-0079,src-human-curation-bank,comp-cbse-board-cls10-science,2026,Science Theory Paper,Science & Technology,1,HUMAN_CURATED,single_mcq,"hi,en",FULLY_MAPPED,CURATED_REFERENCE_KEY,UNIQUE_VERIFIED,CLEAN_VERIFIED,PRACTICE_ELIGIBLE
q-hy-sci-0080,src-human-curation-bank,comp-cbse-board-cls10-science,2026,Science Theory Paper,Science & Technology,1,HUMAN_CURATED,single_mcq,"hi,en",FULLY_MAPPED,CURATED_REFERENCE_KEY,UNIQUE_VERIFIED,CLEAN_VERIFIED,PRACTICE_ELIGIBLE
q-hy-sci-0081,src-human-curation-bank,comp-cbse-board-cls10-science,2026,Science Theory Paper,Science & Technology,1,HUMAN_CURATED,single_mcq,"hi,en",FULLY_MAPPED,CURATED_REFERENCE_KEY,UNIQUE_VERIFIED,CLEAN_VERIFIED,PRACTICE_ELIGIBLE
q-hy-sci-0082,src-human-curation-bank,comp-cbse-board-cls10-science,2026,Science Theory Paper,Science & Technology,1,HUMAN_CURATED,single_mcq,"hi,en",FULLY_MAPPED,CURATED_REFERENCE_KEY,UNIQUE_VERIFIED,CLEAN_VERIFIED,PRACTICE_ELIGIBLE
q-hy-sci-0083,src-human-curation-bank,comp-cbse-board-cls10-science,2026,Science Theory Paper,Science & Technology,1,HUMAN_CURATED,single_mcq,"hi,en",FULLY_MAPPED,CURATED_REFERENCE_KEY,UNIQUE_VERIFIED,CLEAN_VERIFIED,PRACTICE_ELIGIBLE
q-hy-sci-0084,src-human-curation-bank,comp-cbse-board-cls10-science,2026,Science Theory Paper,Science & Technology,1,HUMAN_CURATED,single_mcq,"hi,en",FULLY_MAPPED,CURATED_REFERENCE_KEY,UNIQUE_VERIFIED,CLEAN_VERIFIED,PRACTICE_ELIGIBLE
q-hy-sci-0085,src-human-curation-bank,comp-cbse-board-cls10-science,2026,Science Theory Paper,Science & Technology,1,HUMAN_CURATED,single_mcq,"hi,en",FULLY_MAPPED,CURATED_REFERENCE_KEY,UNIQUE_VERIFIED,CLEAN_VERIFIED,PRACTICE_ELIGIBLE
q-hy-soc-0001,src-human-curation-bank,comp-cbse-board-cls10-social,2026,Social Science Theory Paper,Social Science,1,HUMAN_CURATED,single_mcq,"hi,en",FULLY_MAPPED,CURATED_REFERENCE_KEY,UNIQUE_VERIFIED,CLEAN_VERIFIED,PRACTICE_ELIGIBLE
q-hy-soc-0002,src-human-curation-bank,comp-cbse-board-cls10-social,2026,Social Science Theory Paper,Social Science,1,HUMAN_CURATED,single_mcq,"hi,en",FULLY_MAPPED,CURATED_REFERENCE_KEY,UNIQUE_VERIFIED,CLEAN_VERIFIED,PRACTICE_ELIGIBLE
q-hy-soc-0003,src-human-curation-bank,comp-cbse-board-cls10-social,2026,Social Science Theory Paper,Social Science,1,HUMAN_CURATED,single_mcq,"hi,en",FULLY_MAPPED,CURATED_REFERENCE_KEY,UNIQUE_VERIFIED,CLEAN_VERIFIED,PRACTICE_ELIGIBLE
q-hy-soc-0004,src-human-curation-bank,comp-cbse-board-cls10-social,2026,Social Science Theory Paper,Social Science,1,HUMAN_CURATED,single_mcq,"hi,en",FULLY_MAPPED,CURATED_REFERENCE_KEY,UNIQUE_VERIFIED,CLEAN_VERIFIED,PRACTICE_ELIGIBLE
q-hy-soc-0005,src-human-curation-bank,comp-cbse-board-cls10-social,2026,Social Science Theory Paper,Social Science,1,HUMAN_CURATED,single_mcq,"hi,en",FULLY_MAPPED,CURATED_REFERENCE_KEY,UNIQUE_VERIFIED,CLEAN_VERIFIED,PRACTICE_ELIGIBLE
q-hy-soc-0006,src-human-curation-bank,comp-cbse-board-cls10-social,2026,Social Science Theory Paper,Social Science,1,HUMAN_CURATED,single_mcq,"hi,en",FULLY_MAPPED,CURATED_REFERENCE_KEY,UNIQUE_VERIFIED,CLEAN_VERIFIED,PRACTICE_ELIGIBLE
q-hy-soc-0007,src-human-curation-bank,comp-cbse-board-cls10-social,2026,Social Science Theory Paper,Social Science,1,HUMAN_CURATED,single_mcq,"hi,en",FULLY_MAPPED,CURATED_REFERENCE_KEY,UNIQUE_VERIFIED,CLEAN_VERIFIED,PRACTICE_ELIGIBLE
q-hy-soc-0008,src-human-curation-bank,comp-cbse-board-cls10-social,2026,Social Science Theory Paper,Social Science,1,HUMAN_CURATED,single_mcq,"hi,en",FULLY_MAPPED,CURATED_REFERENCE_KEY,UNIQUE_VERIFIED,CLEAN_VERIFIED,PRACTICE_ELIGIBLE
q-hy-soc-0009,src-human-curation-bank,comp-cbse-board-cls10-social,2026,Social Science Theory Paper,Social Science,1,HUMAN_CURATED,single_mcq,"hi,en",FULLY_MAPPED,CURATED_REFERENCE_KEY,UNIQUE_VERIFIED,CLEAN_VERIFIED,PRACTICE_ELIGIBLE
q-hy-soc-0010,src-human-curation-bank,comp-cbse-board-cls10-social,2026,Social Science Theory Paper,Social Science,1,HUMAN_CURATED,single_mcq,"hi,en",FULLY_MAPPED,CURATED_REFERENCE_KEY,UNIQUE_VERIFIED,CLEAN_VERIFIED,PRACTICE_ELIGIBLE
q-hy-soc-0011,src-human-curation-bank,comp-cbse-board-cls10-social,2026,Social Science Theory Paper,Social Science,1,HUMAN_CURATED,single_mcq,"hi,en",FULLY_MAPPED,CURATED_REFERENCE_KEY,UNIQUE_VERIFIED,CLEAN_VERIFIED,PRACTICE_ELIGIBLE
q-hy-soc-0012,src-human-curation-bank,comp-cbse-board-cls10-social,2026,Social Science Theory Paper,Social Science,1,HUMAN_CURATED,single_mcq,"hi,en",FULLY_MAPPED,CURATED_REFERENCE_KEY,UNIQUE_VERIFIED,CLEAN_VERIFIED,PRACTICE_ELIGIBLE
q-hy-soc-0013,src-human-curation-bank,comp-cbse-board-cls10-social,2026,Social Science Theory Paper,Social Science,1,HUMAN_CURATED,single_mcq,"hi,en",FULLY_MAPPED,CURATED_REFERENCE_KEY,UNIQUE_VERIFIED,CLEAN_VERIFIED,PRACTICE_ELIGIBLE
q-hy-soc-0014,src-human-curation-bank,comp-cbse-board-cls10-social,2026,Social Science Theory Paper,Social Science,1,HUMAN_CURATED,single_mcq,"hi,en",FULLY_MAPPED,CURATED_REFERENCE_KEY,UNIQUE_VERIFIED,CLEAN_VERIFIED,PRACTICE_ELIGIBLE
q-hy-soc-0015,src-human-curation-bank,comp-cbse-board-cls10-social,2026,Social Science Theory Paper,Social Science,1,HUMAN_CURATED,single_mcq,"hi,en",FULLY_MAPPED,CURATED_REFERENCE_KEY,UNIQUE_VERIFIED,CLEAN_VERIFIED,PRACTICE_ELIGIBLE
q-hy-soc-0016,src-human-curation-bank,comp-cbse-board-cls10-social,2026,Social Science Theory Paper,Social Science,1,HUMAN_CURATED,single_mcq,"hi,en",FULLY_MAPPED,CURATED_REFERENCE_KEY,UNIQUE_VERIFIED,CLEAN_VERIFIED,PRACTICE_ELIGIBLE
q-hy-soc-0017,src-human-curation-bank,comp-cbse-board-cls10-social,2026,Social Science Theory Paper,Social Science,1,HUMAN_CURATED,single_mcq,"hi,en",FULLY_MAPPED,CURATED_REFERENCE_KEY,UNIQUE_VERIFIED,CLEAN_VERIFIED,PRACTICE_ELIGIBLE
q-hy-soc-0018,src-human-curation-bank,comp-cbse-board-cls10-social,2026,Social Science Theory Paper,Social Science,1,HUMAN_CURATED,single_mcq,"hi,en",FULLY_MAPPED,CURATED_REFERENCE_KEY,UNIQUE_VERIFIED,CLEAN_VERIFIED,PRACTICE_ELIGIBLE
q-hy-soc-0019,src-human-curation-bank,comp-cbse-board-cls10-social,2026,Social Science Theory Paper,Social Science,1,HUMAN_CURATED,single_mcq,"hi,en",FULLY_MAPPED,CURATED_REFERENCE_KEY,UNIQUE_VERIFIED,CLEAN_VERIFIED,PRACTICE_ELIGIBLE
q-hy-soc-0020,src-human-curation-bank,comp-cbse-board-cls10-social,2026,Social Science Theory Paper,Social Science,1,HUMAN_CURATED,single_mcq,"hi,en",FULLY_MAPPED,CURATED_REFERENCE_KEY,UNIQUE_VERIFIED,CLEAN_VERIFIED,PRACTICE_ELIGIBLE
q-hy-soc-0021,src-human-curation-bank,comp-cbse-board-cls10-social,2026,Social Science Theory Paper,Social Science,1,HUMAN_CURATED,single_mcq,"hi,en",FULLY_MAPPED,CURATED_REFERENCE_KEY,UNIQUE_VERIFIED,CLEAN_VERIFIED,PRACTICE_ELIGIBLE
q-hy-soc-0022,src-human-curation-bank,comp-cbse-board-cls10-social,2026,Social Science Theory Paper,Social Science,1,HUMAN_CURATED,single_mcq,"hi,en",FULLY_MAPPED,CURATED_REFERENCE_KEY,UNIQUE_VERIFIED,CLEAN_VERIFIED,PRACTICE_ELIGIBLE
q-hy-soc-0023,src-human-curation-bank,comp-cbse-board-cls10-social,2026,Social Science Theory Paper,Social Science,1,HUMAN_CURATED,single_mcq,"hi,en",FULLY_MAPPED,CURATED_REFERENCE_KEY,UNIQUE_VERIFIED,CLEAN_VERIFIED,PRACTICE_ELIGIBLE
q-hy-soc-0024,src-human-curation-bank,comp-cbse-board-cls10-social,2026,Social Science Theory Paper,Social Science,1,HUMAN_CURATED,single_mcq,"hi,en",FULLY_MAPPED,CURATED_REFERENCE_KEY,UNIQUE_VERIFIED,CLEAN_VERIFIED,PRACTICE_ELIGIBLE
q-hy-soc-0025,src-human-curation-bank,comp-cbse-board-cls10-social,2026,Social Science Theory Paper,Social Science,1,HUMAN_CURATED,single_mcq,"hi,en",FULLY_MAPPED,CURATED_REFERENCE_KEY,UNIQUE_VERIFIED,CLEAN_VERIFIED,PRACTICE_ELIGIBLE
q-hy-soc-0026,src-human-curation-bank,comp-cbse-board-cls10-social,2026,Social Science Theory Paper,Social Science,1,HUMAN_CURATED,single_mcq,"hi,en",FULLY_MAPPED,CURATED_REFERENCE_KEY,UNIQUE_VERIFIED,CLEAN_VERIFIED,PRACTICE_ELIGIBLE
q-hy-soc-0027,src-human-curation-bank,comp-cbse-board-cls10-social,2026,Social Science Theory Paper,Social Science,1,HUMAN_CURATED,single_mcq,"hi,en",FULLY_MAPPED,CURATED_REFERENCE_KEY,UNIQUE_VERIFIED,CLEAN_VERIFIED,PRACTICE_ELIGIBLE
q-hy-soc-0028,src-human-curation-bank,comp-cbse-board-cls10-social,2026,Social Science Theory Paper,Social Science,1,HUMAN_CURATED,single_mcq,"hi,en",FULLY_MAPPED,CURATED_REFERENCE_KEY,UNIQUE_VERIFIED,CLEAN_VERIFIED,PRACTICE_ELIGIBLE
q-hy-soc-0029,src-human-curation-bank,comp-cbse-board-cls10-social,2026,Social Science Theory Paper,Social Science,1,HUMAN_CURATED,single_mcq,"hi,en",FULLY_MAPPED,CURATED_REFERENCE_KEY,UNIQUE_VERIFIED,CLEAN_VERIFIED,PRACTICE_ELIGIBLE
q-hy-soc-0030,src-human-curation-bank,comp-cbse-board-cls10-social,2026,Social Science Theory Paper,Social Science,1,HUMAN_CURATED,single_mcq,"hi,en",FULLY_MAPPED,CURATED_REFERENCE_KEY,UNIQUE_VERIFIED,CLEAN_VERIFIED,PRACTICE_ELIGIBLE
q-hy-soc-0031,src-human-curation-bank,comp-cbse-board-cls10-social,2026,Social Science Theory Paper,Social Science,1,HUMAN_CURATED,single_mcq,"hi,en",FULLY_MAPPED,CURATED_REFERENCE_KEY,UNIQUE_VERIFIED,CLEAN_VERIFIED,PRACTICE_ELIGIBLE
q-hy-soc-0032,src-human-curation-bank,comp-cbse-board-cls10-social,2026,Social Science Theory Paper,Social Science,1,HUMAN_CURATED,single_mcq,"hi,en",FULLY_MAPPED,CURATED_REFERENCE_KEY,UNIQUE_VERIFIED,CLEAN_VERIFIED,PRACTICE_ELIGIBLE
q-hy-soc-0033,src-human-curation-bank,comp-cbse-board-cls10-social,2026,Social Science Theory Paper,Social Science,1,HUMAN_CURATED,single_mcq,"hi,en",FULLY_MAPPED,CURATED_REFERENCE_KEY,UNIQUE_VERIFIED,CLEAN_VERIFIED,PRACTICE_ELIGIBLE
q-hy-soc-0034,src-human-curation-bank,comp-cbse-board-cls10-social,2026,Social Science Theory Paper,Social Science,1,HUMAN_CURATED,single_mcq,"hi,en",FULLY_MAPPED,CURATED_REFERENCE_KEY,UNIQUE_VERIFIED,CLEAN_VERIFIED,PRACTICE_ELIGIBLE
q-hy-soc-0035,src-human-curation-bank,comp-cbse-board-cls10-social,2026,Social Science Theory Paper,Social Science,1,HUMAN_CURATED,single_mcq,"hi,en",FULLY_MAPPED,CURATED_REFERENCE_KEY,UNIQUE_VERIFIED,CLEAN_VERIFIED,PRACTICE_ELIGIBLE
q-hy-soc-0036,src-human-curation-bank,comp-cbse-board-cls10-social,2026,Social Science Theory Paper,Social Science,1,HUMAN_CURATED,single_mcq,"hi,en",FULLY_MAPPED,CURATED_REFERENCE_KEY,UNIQUE_VERIFIED,CLEAN_VERIFIED,PRACTICE_ELIGIBLE
q-hy-soc-0037,src-human-curation-bank,comp-cbse-board-cls10-social,2026,Social Science Theory Paper,Social Science,1,HUMAN_CURATED,single_mcq,"hi,en",FULLY_MAPPED,CURATED_REFERENCE_KEY,UNIQUE_VERIFIED,CLEAN_VERIFIED,PRACTICE_ELIGIBLE
q-hy-soc-0038,src-human-curation-bank,comp-cbse-board-cls10-social,2026,Social Science Theory Paper,Social Science,1,HUMAN_CURATED,single_mcq,"hi,en",FULLY_MAPPED,CURATED_REFERENCE_KEY,UNIQUE_VERIFIED,CLEAN_VERIFIED,PRACTICE_ELIGIBLE
q-hy-soc-0039,src-human-curation-bank,comp-cbse-board-cls10-social,2026,Social Science Theory Paper,Social Science,1,HUMAN_CURATED,single_mcq,"hi,en",FULLY_MAPPED,CURATED_REFERENCE_KEY,UNIQUE_VERIFIED,CLEAN_VERIFIED,PRACTICE_ELIGIBLE
q-hy-soc-0040,src-human-curation-bank,comp-cbse-board-cls10-social,2026,Social Science Theory Paper,Social Science,1,HUMAN_CURATED,single_mcq,"hi,en",FULLY_MAPPED,CURATED_REFERENCE_KEY,UNIQUE_VERIFIED,CLEAN_VERIFIED,PRACTICE_ELIGIBLE
q-hy-soc-0041,src-human-curation-bank,comp-cbse-board-cls10-social,2026,Social Science Theory Paper,Social Science,1,HUMAN_CURATED,single_mcq,"hi,en",FULLY_MAPPED,CURATED_REFERENCE_KEY,UNIQUE_VERIFIED,CLEAN_VERIFIED,PRACTICE_ELIGIBLE
q-hy-soc-0042,src-human-curation-bank,comp-cbse-board-cls10-social,2026,Social Science Theory Paper,Social Science,1,HUMAN_CURATED,single_mcq,"hi,en",FULLY_MAPPED,CURATED_REFERENCE_KEY,UNIQUE_VERIFIED,CLEAN_VERIFIED,PRACTICE_ELIGIBLE
q-hy-soc-0043,src-human-curation-bank,comp-cbse-board-cls10-social,2026,Social Science Theory Paper,Social Science,1,HUMAN_CURATED,single_mcq,"hi,en",FULLY_MAPPED,CURATED_REFERENCE_KEY,UNIQUE_VERIFIED,CLEAN_VERIFIED,PRACTICE_ELIGIBLE
q-hy-soc-0044,src-human-curation-bank,comp-cbse-board-cls10-social,2026,Social Science Theory Paper,Social Science,1,HUMAN_CURATED,single_mcq,"hi,en",FULLY_MAPPED,CURATED_REFERENCE_KEY,UNIQUE_VERIFIED,CLEAN_VERIFIED,PRACTICE_ELIGIBLE
q-hy-soc-0045,src-human-curation-bank,comp-cbse-board-cls10-social,2026,Social Science Theory Paper,Social Science,1,HUMAN_CURATED,single_mcq,"hi,en",FULLY_MAPPED,CURATED_REFERENCE_KEY,UNIQUE_VERIFIED,CLEAN_VERIFIED,PRACTICE_ELIGIBLE
q-hy-soc-0046,src-human-curation-bank,comp-cbse-board-cls10-social,2026,Social Science Theory Paper,Social Science,1,HUMAN_CURATED,single_mcq,"hi,en",FULLY_MAPPED,CURATED_REFERENCE_KEY,UNIQUE_VERIFIED,CLEAN_VERIFIED,PRACTICE_ELIGIBLE
q-hy-soc-0047,src-human-curation-bank,comp-cbse-board-cls10-social,2026,Social Science Theory Paper,Social Science,1,HUMAN_CURATED,single_mcq,"hi,en",FULLY_MAPPED,CURATED_REFERENCE_KEY,UNIQUE_VERIFIED,CLEAN_VERIFIED,PRACTICE_ELIGIBLE
q-hy-soc-0048,src-human-curation-bank,comp-cbse-board-cls10-social,2026,Social Science Theory Paper,Social Science,1,HUMAN_CURATED,single_mcq,"hi,en",FULLY_MAPPED,CURATED_REFERENCE_KEY,UNIQUE_VERIFIED,CLEAN_VERIFIED,PRACTICE_ELIGIBLE
q-hy-soc-0049,src-human-curation-bank,comp-cbse-board-cls10-social,2026,Social Science Theory Paper,Social Science,1,HUMAN_CURATED,single_mcq,"hi,en",FULLY_MAPPED,CURATED_REFERENCE_KEY,UNIQUE_VERIFIED,CLEAN_VERIFIED,PRACTICE_ELIGIBLE
q-hy-soc-0050,src-human-curation-bank,comp-cbse-board-cls10-social,2026,Social Science Theory Paper,Social Science,1,HUMAN_CURATED,single_mcq,"hi,en",FULLY_MAPPED,CURATED_REFERENCE_KEY,UNIQUE_VERIFIED,CLEAN_VERIFIED,PRACTICE_ELIGIBLE
q-hy-soc-0051,src-human-curation-bank,comp-cbse-board-cls10-social,2026,Social Science Theory Paper,Social Science,1,HUMAN_CURATED,single_mcq,"hi,en",FULLY_MAPPED,CURATED_REFERENCE_KEY,UNIQUE_VERIFIED,CLEAN_VERIFIED,PRACTICE_ELIGIBLE
q-hy-soc-0052,src-human-curation-bank,comp-cbse-board-cls10-social,2026,Social Science Theory Paper,Social Science,1,HUMAN_CURATED,single_mcq,"hi,en",FULLY_MAPPED,CURATED_REFERENCE_KEY,UNIQUE_VERIFIED,CLEAN_VERIFIED,PRACTICE_ELIGIBLE
q-hy-soc-0053,src-human-curation-bank,comp-cbse-board-cls10-social,2026,Social Science Theory Paper,Social Science,1,HUMAN_CURATED,single_mcq,"hi,en",FULLY_MAPPED,CURATED_REFERENCE_KEY,UNIQUE_VERIFIED,CLEAN_VERIFIED,PRACTICE_ELIGIBLE
q-hy-soc-0054,src-human-curation-bank,comp-cbse-board-cls10-social,2026,Social Science Theory Paper,Social Science,1,HUMAN_CURATED,single_mcq,"hi,en",FULLY_MAPPED,CURATED_REFERENCE_KEY,UNIQUE_VERIFIED,CLEAN_VERIFIED,PRACTICE_ELIGIBLE
q-hy-soc-0055,src-human-curation-bank,comp-cbse-board-cls10-social,2026,Social Science Theory Paper,Social Science,1,HUMAN_CURATED,single_mcq,"hi,en",FULLY_MAPPED,CURATED_REFERENCE_KEY,UNIQUE_VERIFIED,CLEAN_VERIFIED,PRACTICE_ELIGIBLE
q-hy-soc-0056,src-human-curation-bank,comp-cbse-board-cls10-social,2026,Social Science Theory Paper,Social Science,1,HUMAN_CURATED,single_mcq,"hi,en",FULLY_MAPPED,CURATED_REFERENCE_KEY,UNIQUE_VERIFIED,CLEAN_VERIFIED,PRACTICE_ELIGIBLE
q-hy-soc-0057,src-human-curation-bank,comp-cbse-board-cls10-social,2026,Social Science Theory Paper,Social Science,1,HUMAN_CURATED,single_mcq,"hi,en",FULLY_MAPPED,CURATED_REFERENCE_KEY,UNIQUE_VERIFIED,CLEAN_VERIFIED,PRACTICE_ELIGIBLE
q-hy-soc-0058,src-human-curation-bank,comp-cbse-board-cls10-social,2026,Social Science Theory Paper,Social Science,1,HUMAN_CURATED,single_mcq,"hi,en",FULLY_MAPPED,CURATED_REFERENCE_KEY,UNIQUE_VERIFIED,CLEAN_VERIFIED,PRACTICE_ELIGIBLE
q-hy-soc-0059,src-human-curation-bank,comp-cbse-board-cls10-social,2026,Social Science Theory Paper,Social Science,1,HUMAN_CURATED,single_mcq,"hi,en",FULLY_MAPPED,CURATED_REFERENCE_KEY,UNIQUE_VERIFIED,CLEAN_VERIFIED,PRACTICE_ELIGIBLE
q-hy-soc-0060,src-human-curation-bank,comp-cbse-board-cls10-social,2026,Social Science Theory Paper,Social Science,1,HUMAN_CURATED,single_mcq,"hi,en",FULLY_MAPPED,CURATED_REFERENCE_KEY,UNIQUE_VERIFIED,CLEAN_VERIFIED,PRACTICE_ELIGIBLE
q-hy-soc-0061,src-human-curation-bank,comp-cbse-board-cls10-social,2026,Social Science Theory Paper,Social Science,1,HUMAN_CURATED,single_mcq,"hi,en",FULLY_MAPPED,CURATED_REFERENCE_KEY,UNIQUE_VERIFIED,CLEAN_VERIFIED,PRACTICE_ELIGIBLE
q-hy-soc-0062,src-human-curation-bank,comp-cbse-board-cls10-social,2026,Social Science Theory Paper,Social Science,1,HUMAN_CURATED,single_mcq,"hi,en",FULLY_MAPPED,CURATED_REFERENCE_KEY,UNIQUE_VERIFIED,CLEAN_VERIFIED,PRACTICE_ELIGIBLE
q-hy-soc-0063,src-human-curation-bank,comp-cbse-board-cls10-social,2026,Social Science Theory Paper,Social Science,1,HUMAN_CURATED,single_mcq,"hi,en",FULLY_MAPPED,CURATED_REFERENCE_KEY,UNIQUE_VERIFIED,CLEAN_VERIFIED,PRACTICE_ELIGIBLE
q-hy-soc-0064,src-human-curation-bank,comp-cbse-board-cls10-social,2026,Social Science Theory Paper,Social Science,1,HUMAN_CURATED,single_mcq,"hi,en",FULLY_MAPPED,CURATED_REFERENCE_KEY,UNIQUE_VERIFIED,CLEAN_VERIFIED,PRACTICE_ELIGIBLE
q-hy-soc-0065,src-human-curation-bank,comp-cbse-board-cls10-social,2026,Social Science Theory Paper,Social Science,1,HUMAN_CURATED,single_mcq,"hi,en",FULLY_MAPPED,CURATED_REFERENCE_KEY,UNIQUE_VERIFIED,CLEAN_VERIFIED,PRACTICE_ELIGIBLE
q-hy-soc-0066,src-human-curation-bank,comp-cbse-board-cls10-social,2026,Social Science Theory Paper,Social Science,1,HUMAN_CURATED,single_mcq,"hi,en",FULLY_MAPPED,CURATED_REFERENCE_KEY,UNIQUE_VERIFIED,CLEAN_VERIFIED,PRACTICE_ELIGIBLE
q-hy-soc-0067,src-human-curation-bank,comp-cbse-board-cls10-social,2026,Social Science Theory Paper,Social Science,1,HUMAN_CURATED,single_mcq,"hi,en",FULLY_MAPPED,CURATED_REFERENCE_KEY,UNIQUE_VERIFIED,CLEAN_VERIFIED,PRACTICE_ELIGIBLE
q-hy-soc-0068,src-human-curation-bank,comp-cbse-board-cls10-social,2026,Social Science Theory Paper,Social Science,1,HUMAN_CURATED,single_mcq,"hi,en",FULLY_MAPPED,CURATED_REFERENCE_KEY,UNIQUE_VERIFIED,CLEAN_VERIFIED,PRACTICE_ELIGIBLE
q-hy-soc-0069,src-human-curation-bank,comp-cbse-board-cls10-social,2026,Social Science Theory Paper,Social Science,1,HUMAN_CURATED,single_mcq,"hi,en",FULLY_MAPPED,CURATED_REFERENCE_KEY,UNIQUE_VERIFIED,CLEAN_VERIFIED,PRACTICE_ELIGIBLE
q-hy-soc-0070,src-human-curation-bank,comp-cbse-board-cls10-social,2026,Social Science Theory Paper,Social Science,1,HUMAN_CURATED,single_mcq,"hi,en",FULLY_MAPPED,CURATED_REFERENCE_KEY,UNIQUE_VERIFIED,CLEAN_VERIFIED,PRACTICE_ELIGIBLE
q-hy-soc-0071,src-human-curation-bank,comp-cbse-board-cls10-social,2026,Social Science Theory Paper,Social Science,1,HUMAN_CURATED,single_mcq,"hi,en",FULLY_MAPPED,CURATED_REFERENCE_KEY,UNIQUE_VERIFIED,CLEAN_VERIFIED,PRACTICE_ELIGIBLE
q-hy-soc-0072,src-human-curation-bank,comp-cbse-board-cls10-social,2026,Social Science Theory Paper,Social Science,1,HUMAN_CURATED,single_mcq,"hi,en",FULLY_MAPPED,CURATED_REFERENCE_KEY,UNIQUE_VERIFIED,CLEAN_VERIFIED,PRACTICE_ELIGIBLE
q-hy-soc-0073,src-human-curation-bank,comp-cbse-board-cls10-social,2026,Social Science Theory Paper,Social Science,1,HUMAN_CURATED,single_mcq,"hi,en",FULLY_MAPPED,CURATED_REFERENCE_KEY,UNIQUE_VERIFIED,CLEAN_VERIFIED,PRACTICE_ELIGIBLE
q-hy-soc-0074,src-human-curation-bank,comp-cbse-board-cls10-social,2026,Social Science Theory Paper,Social Science,1,HUMAN_CURATED,single_mcq,"hi,en",FULLY_MAPPED,CURATED_REFERENCE_KEY,UNIQUE_VERIFIED,CLEAN_VERIFIED,PRACTICE_ELIGIBLE
q-hy-soc-0075,src-human-curation-bank,comp-cbse-board-cls10-social,2026,Social Science Theory Paper,Social Science,1,HUMAN_CURATED,single_mcq,"hi,en",FULLY_MAPPED,CURATED_REFERENCE_KEY,UNIQUE_VERIFIED,CLEAN_VERIFIED,PRACTICE_ELIGIBLE
q-hy-soc-0076,src-human-curation-bank,comp-cbse-board-cls10-social,2026,Social Science Theory Paper,Social Science,1,HUMAN_CURATED,single_mcq,"hi,en",FULLY_MAPPED,CURATED_REFERENCE_KEY,UNIQUE_VERIFIED,CLEAN_VERIFIED,PRACTICE_ELIGIBLE
q-hy-soc-0077,src-human-curation-bank,comp-cbse-board-cls10-social,2026,Social Science Theory Paper,Social Science,1,HUMAN_CURATED,single_mcq,"hi,en",FULLY_MAPPED,CURATED_REFERENCE_KEY,UNIQUE_VERIFIED,CLEAN_VERIFIED,PRACTICE_ELIGIBLE
q-hy-soc-0078,src-human-curation-bank,comp-cbse-board-cls10-social,2026,Social Science Theory Paper,Social Science,1,HUMAN_CURATED,single_mcq,"hi,en",FULLY_MAPPED,CURATED_REFERENCE_KEY,UNIQUE_VERIFIED,CLEAN_VERIFIED,PRACTICE_ELIGIBLE
q-hy-soc-0079,src-human-curation-bank,comp-cbse-board-cls10-social,2026,Social Science Theory Paper,Social Science,1,HUMAN_CURATED,single_mcq,"hi,en",FULLY_MAPPED,CURATED_REFERENCE_KEY,UNIQUE_VERIFIED,CLEAN_VERIFIED,PRACTICE_ELIGIBLE
q-hy-soc-0080,src-human-curation-bank,comp-cbse-board-cls10-social,2026,Social Science Theory Paper,Social Science,1,HUMAN_CURATED,single_mcq,"hi,en",FULLY_MAPPED,CURATED_REFERENCE_KEY,UNIQUE_VERIFIED,CLEAN_VERIFIED,PRACTICE_ELIGIBLE
q-hy-soc-0081,src-human-curation-bank,comp-cbse-board-cls10-social,2026,Social Science Theory Paper,Social Science,1,HUMAN_CURATED,single_mcq,"hi,en",FULLY_MAPPED,CURATED_REFERENCE_KEY,UNIQUE_VERIFIED,CLEAN_VERIFIED,PRACTICE_ELIGIBLE
q-hy-soc-0082,src-human-curation-bank,comp-cbse-board-cls10-social,2026,Social Science Theory Paper,Social Science,1,HUMAN_CURATED,single_mcq,"hi,en",FULLY_MAPPED,CURATED_REFERENCE_KEY,UNIQUE_VERIFIED,CLEAN_VERIFIED,PRACTICE_ELIGIBLE
q-hy-soc-0083,src-human-curation-bank,comp-cbse-board-cls10-social,2026,Social Science Theory Paper,Social Science,1,HUMAN_CURATED,single_mcq,"hi,en",FULLY_MAPPED,CURATED_REFERENCE_KEY,UNIQUE_VERIFIED,CLEAN_VERIFIED,PRACTICE_ELIGIBLE
q-hy-soc-0084,src-human-curation-bank,comp-cbse-board-cls10-social,2026,Social Science Theory Paper,Social Science,1,HUMAN_CURATED,single_mcq,"hi,en",FULLY_MAPPED,CURATED_REFERENCE_KEY,UNIQUE_VERIFIED,CLEAN_VERIFIED,PRACTICE_ELIGIBLE
q-hy-soc-0085,src-human-curation-bank,comp-cbse-board-cls10-social,2026,Social Science Theory Paper,Social Science,1,HUMAN_CURATED,single_mcq,"hi,en",FULLY_MAPPED,CURATED_REFERENCE_KEY,UNIQUE_VERIFIED,CLEAN_VERIFIED,PRACTICE_ELIGIBLE
q-ibps-po-2023-pre-q1,src-verified-pyq-archive,comp-ibps-po-prelims,2023,IBPS PO Prelims CBT,Quantitative Aptitude,1,OFFICIAL_PYQ,single_mcq,"hi,en",FULLY_MAPPED,VERIFIED_OFFICIAL_KEY,UNIQUE_VERIFIED,CLEAN_VERIFIED,PYQ_ELIGIBLE
q-ibps-po-2023-pre-q2,src-verified-pyq-archive,comp-ibps-po-prelims,2023,IBPS PO Prelims CBT,Quantitative Aptitude,2,OFFICIAL_PYQ,single_mcq,"hi,en",FULLY_MAPPED,VERIFIED_OFFICIAL_KEY,UNIQUE_VERIFIED,CLEAN_VERIFIED,PYQ_ELIGIBLE
q-nta-neet-2023-q1,src-verified-pyq-archive,comp-neet-ug-unified,2023,NEET UG Question Paper,General Science & Biology,1,OFFICIAL_PYQ,single_mcq,"hi,en",FULLY_MAPPED,VERIFIED_OFFICIAL_KEY,UNIQUE_VERIFIED,CLEAN_VERIFIED,PYQ_ELIGIBLE
q-nta-neet-2023-q2,src-verified-pyq-archive,comp-neet-ug-unified,2023,NEET UG Question Paper,General Science & Biology,2,OFFICIAL_PYQ,single_mcq,"hi,en",FULLY_MAPPED,VERIFIED_OFFICIAL_KEY,UNIQUE_VERIFIED,CLEAN_VERIFIED,PYQ_ELIGIBLE
q-rrb-ntpc-2022-cbt1-q1,src-verified-pyq-archive,comp-rrb-ntpc-cbt1,2022,First Stage Common Screening CBT,General Awareness,1,OFFICIAL_PYQ,single_mcq,"hi,en",FULLY_MAPPED,VERIFIED_OFFICIAL_KEY,UNIQUE_VERIFIED,CLEAN_VERIFIED,PYQ_ELIGIBLE
q-rrb-ntpc-2022-cbt1-q2,src-verified-pyq-archive,comp-rrb-ntpc-cbt1,2022,First Stage Common Screening CBT,General Awareness,2,OFFICIAL_PYQ,single_mcq,"hi,en",FULLY_MAPPED,VERIFIED_OFFICIAL_KEY,UNIQUE_VERIFIED,CLEAN_VERIFIED,PYQ_ELIGIBLE
q-rrb-ntpc-2024-cbt1-ga-q001,src-rrb-ntpc-portal,comp-rrb-ntpc-cbt1,2024,First Stage Common Screening CBT,General Awareness,1,OFFICIAL_PYQ,single_mcq,"hi,en",FULLY_MAPPED,VERIFIED_OFFICIAL_KEY,UNIQUE_VERIFIED,CLEAN_VERIFIED,PYQ_ELIGIBLE
q-rrb-ntpc-2024-cbt1-ga-q002,src-rrb-ntpc-portal,comp-rrb-ntpc-cbt1,2024,First Stage Common Screening CBT,General Awareness,2,OFFICIAL_PYQ,single_mcq,"hi,en",FULLY_MAPPED,VERIFIED_OFFICIAL_KEY,UNIQUE_VERIFIED,CLEAN_VERIFIED,PYQ_ELIGIBLE
q-rrb-ntpc-2024-cbt1-ga-q003,src-rrb-ntpc-portal,comp-rrb-ntpc-cbt1,2024,First Stage Common Screening CBT,General Awareness,3,OFFICIAL_PYQ,single_mcq,"hi,en",FULLY_MAPPED,VERIFIED_OFFICIAL_KEY,UNIQUE_VERIFIED,CLEAN_VERIFIED,PYQ_ELIGIBLE
q-rrb-ntpc-2024-cbt1-ga-q004,src-rrb-ntpc-portal,comp-rrb-ntpc-cbt1,2024,First Stage Common Screening CBT,General Awareness,4,OFFICIAL_PYQ,single_mcq,"hi,en",FULLY_MAPPED,VERIFIED_OFFICIAL_KEY,UNIQUE_VERIFIED,CLEAN_VERIFIED,PYQ_ELIGIBLE
q-rrb-ntpc-2024-cbt1-ga-q005,src-rrb-ntpc-portal,comp-rrb-ntpc-cbt1,2024,First Stage Common Screening CBT,General Awareness,5,OFFICIAL_PYQ,single_mcq,"hi,en",FULLY_MAPPED,VERIFIED_OFFICIAL_KEY,UNIQUE_VERIFIED,CLEAN_VERIFIED,PYQ_ELIGIBLE
q-rrb-ntpc-2024-cbt1-ga-q006,src-rrb-ntpc-portal,comp-rrb-ntpc-cbt1,2024,First Stage Common Screening CBT,General Awareness,6,OFFICIAL_PYQ,single_mcq,"hi,en",FULLY_MAPPED,VERIFIED_OFFICIAL_KEY,UNIQUE_VERIFIED,CLEAN_VERIFIED,PYQ_ELIGIBLE
q-rrb-ntpc-2024-cbt1-ga-q007,src-rrb-ntpc-portal,comp-rrb-ntpc-cbt1,2024,First Stage Common Screening CBT,General Awareness,7,OFFICIAL_PYQ,single_mcq,"hi,en",FULLY_MAPPED,VERIFIED_OFFICIAL_KEY,UNIQUE_VERIFIED,CLEAN_VERIFIED,PYQ_ELIGIBLE
q-rrb-ntpc-2024-cbt1-ga-q008,src-rrb-ntpc-portal,comp-rrb-ntpc-cbt1,2024,First Stage Common Screening CBT,General Awareness,8,OFFICIAL_PYQ,single_mcq,"hi,en",FULLY_MAPPED,VERIFIED_OFFICIAL_KEY,UNIQUE_VERIFIED,CLEAN_VERIFIED,PYQ_ELIGIBLE
q-rrb-ntpc-2024-cbt1-ga-q009,src-rrb-ntpc-portal,comp-rrb-ntpc-cbt1,2024,First Stage Common Screening CBT,General Awareness,9,OFFICIAL_PYQ,single_mcq,"hi,en",FULLY_MAPPED,VERIFIED_OFFICIAL_KEY,UNIQUE_VERIFIED,CLEAN_VERIFIED,PYQ_ELIGIBLE
q-rrb-ntpc-2024-cbt1-ga-q010,src-rrb-ntpc-portal,comp-rrb-ntpc-cbt1,2024,First Stage Common Screening CBT,General Awareness,10,OFFICIAL_PYQ,single_mcq,"hi,en",FULLY_MAPPED,VERIFIED_OFFICIAL_KEY,UNIQUE_VERIFIED,CLEAN_VERIFIED,PYQ_ELIGIBLE
q-rrb-ntpc-2024-cbt1-ga-q011,src-rrb-ntpc-portal,comp-rrb-ntpc-cbt1,2024,First Stage Common Screening CBT,General Awareness,11,OFFICIAL_PYQ,single_mcq,"hi,en",FULLY_MAPPED,VERIFIED_OFFICIAL_KEY,UNIQUE_VERIFIED,CLEAN_VERIFIED,PYQ_ELIGIBLE
q-rrb-ntpc-2024-cbt1-ga-q012,src-rrb-ntpc-portal,comp-rrb-ntpc-cbt1,2024,First Stage Common Screening CBT,General Awareness,12,OFFICIAL_PYQ,single_mcq,"hi,en",FULLY_MAPPED,VERIFIED_OFFICIAL_KEY,UNIQUE_VERIFIED,CLEAN_VERIFIED,PYQ_ELIGIBLE
q-rrb-ntpc-2024-cbt1-ga-q013,src-rrb-ntpc-portal,comp-rrb-ntpc-cbt1,2024,First Stage Common Screening CBT,General Awareness,13,OFFICIAL_PYQ,single_mcq,"hi,en",FULLY_MAPPED,VERIFIED_OFFICIAL_KEY,UNIQUE_VERIFIED,CLEAN_VERIFIED,PYQ_ELIGIBLE
q-rrb-ntpc-2024-cbt1-ga-q014,src-rrb-ntpc-portal,comp-rrb-ntpc-cbt1,2024,First Stage Common Screening CBT,General Awareness,14,OFFICIAL_PYQ,single_mcq,"hi,en",FULLY_MAPPED,VERIFIED_OFFICIAL_KEY,UNIQUE_VERIFIED,CLEAN_VERIFIED,PYQ_ELIGIBLE
q-rrb-ntpc-2024-cbt1-ga-q015,src-rrb-ntpc-portal,comp-rrb-ntpc-cbt1,2024,First Stage Common Screening CBT,General Awareness,15,OFFICIAL_PYQ,single_mcq,"hi,en",FULLY_MAPPED,VERIFIED_OFFICIAL_KEY,UNIQUE_VERIFIED,CLEAN_VERIFIED,PYQ_ELIGIBLE
q-rrb-ntpc-2024-cbt1-ga-q016,src-rrb-ntpc-portal,comp-rrb-ntpc-cbt1,2024,First Stage Common Screening CBT,General Awareness,16,OFFICIAL_PYQ,single_mcq,"hi,en",FULLY_MAPPED,VERIFIED_OFFICIAL_KEY,UNIQUE_VERIFIED,CLEAN_VERIFIED,PYQ_ELIGIBLE
q-rrb-ntpc-2024-cbt1-ga-q017,src-rrb-ntpc-portal,comp-rrb-ntpc-cbt1,2024,First Stage Common Screening CBT,General Awareness,17,OFFICIAL_PYQ,single_mcq,"hi,en",FULLY_MAPPED,VERIFIED_OFFICIAL_KEY,UNIQUE_VERIFIED,CLEAN_VERIFIED,PYQ_ELIGIBLE
q-rrb-ntpc-2024-cbt1-ga-q018,src-rrb-ntpc-portal,comp-rrb-ntpc-cbt1,2024,First Stage Common Screening CBT,General Awareness,18,OFFICIAL_PYQ,single_mcq,"hi,en",FULLY_MAPPED,VERIFIED_OFFICIAL_KEY,UNIQUE_VERIFIED,CLEAN_VERIFIED,PYQ_ELIGIBLE
q-rrb-ntpc-2024-cbt1-ga-q019,src-rrb-ntpc-portal,comp-rrb-ntpc-cbt1,2024,First Stage Common Screening CBT,General Awareness,19,OFFICIAL_PYQ,single_mcq,"hi,en",FULLY_MAPPED,VERIFIED_OFFICIAL_KEY,UNIQUE_VERIFIED,CLEAN_VERIFIED,PYQ_ELIGIBLE
q-rrb-ntpc-2024-cbt1-ga-q020,src-rrb-ntpc-portal,comp-rrb-ntpc-cbt1,2024,First Stage Common Screening CBT,General Awareness,20,OFFICIAL_PYQ,single_mcq,"hi,en",FULLY_MAPPED,VERIFIED_OFFICIAL_KEY,UNIQUE_VERIFIED,CLEAN_VERIFIED,PYQ_ELIGIBLE
q-rrb-ntpc-2024-cbt1-ga-q021,src-rrb-ntpc-portal,comp-rrb-ntpc-cbt1,2024,First Stage Common Screening CBT,General Awareness,21,OFFICIAL_PYQ,single_mcq,"hi,en",FULLY_MAPPED,VERIFIED_OFFICIAL_KEY,UNIQUE_VERIFIED,CLEAN_VERIFIED,PYQ_ELIGIBLE
q-rrb-ntpc-2024-cbt1-ga-q022,src-rrb-ntpc-portal,comp-rrb-ntpc-cbt1,2024,First Stage Common Screening CBT,General Awareness,22,OFFICIAL_PYQ,single_mcq,"hi,en",FULLY_MAPPED,VERIFIED_OFFICIAL_KEY,UNIQUE_VERIFIED,CLEAN_VERIFIED,PYQ_ELIGIBLE
q-rrb-ntpc-2024-cbt1-ga-q023,src-rrb-ntpc-portal,comp-rrb-ntpc-cbt1,2024,First Stage Common Screening CBT,General Awareness,23,OFFICIAL_PYQ,single_mcq,"hi,en",FULLY_MAPPED,VERIFIED_OFFICIAL_KEY,UNIQUE_VERIFIED,CLEAN_VERIFIED,PYQ_ELIGIBLE
q-rrb-ntpc-2024-cbt1-ga-q024,src-rrb-ntpc-portal,comp-rrb-ntpc-cbt1,2024,First Stage Common Screening CBT,General Awareness,24,OFFICIAL_PYQ,single_mcq,"hi,en",FULLY_MAPPED,VERIFIED_OFFICIAL_KEY,UNIQUE_VERIFIED,CLEAN_VERIFIED,PYQ_ELIGIBLE
q-rrb-ntpc-2024-cbt1-ga-q025,src-rrb-ntpc-portal,comp-rrb-ntpc-cbt1,2024,First Stage Common Screening CBT,General Awareness,25,OFFICIAL_PYQ,single_mcq,"hi,en",FULLY_MAPPED,VERIFIED_OFFICIAL_KEY,UNIQUE_VERIFIED,CLEAN_VERIFIED,PYQ_ELIGIBLE
q-rrb-ntpc-2024-cbt1-ga-q026,src-rrb-ntpc-portal,comp-rrb-ntpc-cbt1,2024,First Stage Common Screening CBT,General Awareness,26,OFFICIAL_PYQ,single_mcq,"hi,en",FULLY_MAPPED,VERIFIED_OFFICIAL_KEY,UNIQUE_VERIFIED,CLEAN_VERIFIED,PYQ_ELIGIBLE
q-rrb-ntpc-2024-cbt1-ga-q027,src-rrb-ntpc-portal,comp-rrb-ntpc-cbt1,2024,First Stage Common Screening CBT,General Awareness,27,OFFICIAL_PYQ,single_mcq,"hi,en",FULLY_MAPPED,VERIFIED_OFFICIAL_KEY,UNIQUE_VERIFIED,CLEAN_VERIFIED,PYQ_ELIGIBLE
q-rrb-ntpc-2024-cbt1-ga-q028,src-rrb-ntpc-portal,comp-rrb-ntpc-cbt1,2024,First Stage Common Screening CBT,General Awareness,28,OFFICIAL_PYQ,single_mcq,"hi,en",FULLY_MAPPED,VERIFIED_OFFICIAL_KEY,UNIQUE_VERIFIED,CLEAN_VERIFIED,PYQ_ELIGIBLE
q-rrb-ntpc-2024-cbt1-ga-q029,src-rrb-ntpc-portal,comp-rrb-ntpc-cbt1,2024,First Stage Common Screening CBT,General Awareness,29,OFFICIAL_PYQ,single_mcq,"hi,en",FULLY_MAPPED,VERIFIED_OFFICIAL_KEY,UNIQUE_VERIFIED,CLEAN_VERIFIED,PYQ_ELIGIBLE
q-rrb-ntpc-2024-cbt1-ga-q030,src-rrb-ntpc-portal,comp-rrb-ntpc-cbt1,2024,First Stage Common Screening CBT,General Awareness,30,OFFICIAL_PYQ,single_mcq,"hi,en",FULLY_MAPPED,VERIFIED_OFFICIAL_KEY,UNIQUE_VERIFIED,CLEAN_VERIFIED,PYQ_ELIGIBLE
q-ssc-cgl-2022-t1-s1-q1,src-verified-pyq-archive,comp-ssc-cgl-tier1,2022,Tier-1 CBE Screening,General Awareness,1,OFFICIAL_PYQ,single_mcq,"hi,en",FULLY_MAPPED,VERIFIED_OFFICIAL_KEY,UNIQUE_VERIFIED,CLEAN_VERIFIED,PYQ_ELIGIBLE
q-ssc-cgl-2022-t1-s1-q2,src-verified-pyq-archive,comp-ssc-cgl-tier1,2022,Tier-1 CBE Screening,Quantitative Aptitude,2,OFFICIAL_PYQ,single_mcq,"hi,en",FULLY_MAPPED,VERIFIED_OFFICIAL_KEY,UNIQUE_VERIFIED,CLEAN_VERIFIED,PYQ_ELIGIBLE
q-ssc-cgl-2022-t1-s1-q3,src-verified-pyq-archive,comp-ssc-cgl-tier1,2022,Tier-1 CBE Screening,General Intelligence & Reasoning,3,OFFICIAL_PYQ,single_mcq,"hi,en",FULLY_MAPPED,VERIFIED_OFFICIAL_KEY,UNIQUE_VERIFIED,CLEAN_VERIFIED,PYQ_ELIGIBLE
q-ssc-cgl-2022-t1-s1-q4,src-verified-pyq-archive,comp-ssc-cgl-tier1,2022,Tier-1 CBE Screening,General Awareness,4,OFFICIAL_PYQ,single_mcq,"hi,en",FULLY_MAPPED,VERIFIED_OFFICIAL_KEY,UNIQUE_VERIFIED,CLEAN_VERIFIED,PYQ_ELIGIBLE
q-ssc-cgl-2023-t1-s1-q1,src-verified-pyq-archive,comp-ssc-cgl-tier1,2023,Tier-1 CBE Screening,General Awareness,1,OFFICIAL_PYQ,single_mcq,"hi,en",FULLY_MAPPED,VERIFIED_OFFICIAL_KEY,UNIQUE_VERIFIED,CLEAN_VERIFIED,PYQ_ELIGIBLE
q-ssc-cgl-2023-t1-s1-q2,src-verified-pyq-archive,comp-ssc-cgl-tier1,2023,Tier-1 CBE Screening,Quantitative Aptitude,2,OFFICIAL_PYQ,single_mcq,"hi,en",FULLY_MAPPED,VERIFIED_OFFICIAL_KEY,UNIQUE_VERIFIED,CLEAN_VERIFIED,PYQ_ELIGIBLE
q-ssc-cgl-2023-t1-s1-q3,src-verified-pyq-archive,comp-ssc-cgl-tier1,2023,Tier-1 CBE Screening,General Intelligence & Reasoning,3,OFFICIAL_PYQ,single_mcq,"hi,en",FULLY_MAPPED,VERIFIED_OFFICIAL_KEY,UNIQUE_VERIFIED,CLEAN_VERIFIED,PYQ_ELIGIBLE
q-ssc-cgl-2023-t1-s1-q4,src-verified-pyq-archive,comp-ssc-cgl-tier1,2023,Tier-1 CBE Screening,General Awareness,4,OFFICIAL_PYQ,single_mcq,"hi,en",FULLY_MAPPED,VERIFIED_OFFICIAL_KEY,UNIQUE_VERIFIED,CLEAN_VERIFIED,PYQ_ELIGIBLE
q-ssc-cgl-undefined-Tier 1-Shift 1-q1,src-ssc-cgl-portal,comp-ssc-cgl-tier1,2024,Tier-1 CBE Screening,General Intelligence & Reasoning,1,OFFICIAL_PYQ,single_mcq,"hi,en",FULLY_MAPPED,VERIFIED_OFFICIAL_KEY,UNIQUE_VERIFIED,CLEAN_VERIFIED,FULL_EXAM_ELIGIBLE
q-ssc-cgl-undefined-Tier 1-Shift 1-q10,src-ssc-cgl-portal,comp-ssc-cgl-tier1,2024,Tier-1 CBE Screening,General Intelligence & Reasoning,10,OFFICIAL_PYQ,single_mcq,"hi,en",FULLY_MAPPED,VERIFIED_OFFICIAL_KEY,UNIQUE_VERIFIED,CLEAN_VERIFIED,FULL_EXAM_ELIGIBLE
q-ssc-cgl-undefined-Tier 1-Shift 1-q100,src-ssc-cgl-portal,comp-ssc-cgl-tier1,2024,Tier-1 CBE Screening,English Comprehension,100,OFFICIAL_PYQ,single_mcq,"hi,en",FULLY_MAPPED,VERIFIED_OFFICIAL_KEY,UNIQUE_VERIFIED,CLEAN_VERIFIED,FULL_EXAM_ELIGIBLE
q-ssc-cgl-undefined-Tier 1-Shift 1-q101,src-ssc-cgl-portal,comp-ssc-cgl-tier1,2024,Tier-1 CBE Screening,General Intelligence & Reasoning,101,OFFICIAL_PYQ,single_mcq,"hi,en",FULLY_MAPPED,VERIFIED_OFFICIAL_KEY,UNIQUE_VERIFIED,CLEAN_VERIFIED,FULL_EXAM_ELIGIBLE
q-ssc-cgl-undefined-Tier 1-Shift 1-q11,src-ssc-cgl-portal,comp-ssc-cgl-tier1,2024,Tier-1 CBE Screening,General Intelligence & Reasoning,11,OFFICIAL_PYQ,single_mcq,"hi,en",FULLY_MAPPED,VERIFIED_OFFICIAL_KEY,UNIQUE_VERIFIED,CLEAN_VERIFIED,FULL_EXAM_ELIGIBLE
q-ssc-cgl-undefined-Tier 1-Shift 1-q12,src-ssc-cgl-portal,comp-ssc-cgl-tier1,2024,Tier-1 CBE Screening,General Intelligence & Reasoning,12,OFFICIAL_PYQ,single_mcq,"hi,en",FULLY_MAPPED,VERIFIED_OFFICIAL_KEY,UNIQUE_VERIFIED,CLEAN_VERIFIED,FULL_EXAM_ELIGIBLE
q-ssc-cgl-undefined-Tier 1-Shift 1-q13,src-ssc-cgl-portal,comp-ssc-cgl-tier1,2024,Tier-1 CBE Screening,General Intelligence & Reasoning,13,OFFICIAL_PYQ,single_mcq,"hi,en",FULLY_MAPPED,VERIFIED_OFFICIAL_KEY,UNIQUE_VERIFIED,CLEAN_VERIFIED,FULL_EXAM_ELIGIBLE
q-ssc-cgl-undefined-Tier 1-Shift 1-q14,src-ssc-cgl-portal,comp-ssc-cgl-tier1,2024,Tier-1 CBE Screening,General Intelligence & Reasoning,14,OFFICIAL_PYQ,single_mcq,"hi,en",FULLY_MAPPED,VERIFIED_OFFICIAL_KEY,UNIQUE_VERIFIED,CLEAN_VERIFIED,FULL_EXAM_ELIGIBLE
q-ssc-cgl-undefined-Tier 1-Shift 1-q15,src-ssc-cgl-portal,comp-ssc-cgl-tier1,2024,Tier-1 CBE Screening,General Intelligence & Reasoning,15,OFFICIAL_PYQ,single_mcq,"hi,en",FULLY_MAPPED,VERIFIED_OFFICIAL_KEY,UNIQUE_VERIFIED,CLEAN_VERIFIED,FULL_EXAM_ELIGIBLE
q-ssc-cgl-undefined-Tier 1-Shift 1-q16,src-ssc-cgl-portal,comp-ssc-cgl-tier1,2024,Tier-1 CBE Screening,General Intelligence & Reasoning,16,OFFICIAL_PYQ,single_mcq,"hi,en",FULLY_MAPPED,VERIFIED_OFFICIAL_KEY,UNIQUE_VERIFIED,CLEAN_VERIFIED,FULL_EXAM_ELIGIBLE
q-ssc-cgl-undefined-Tier 1-Shift 1-q17,src-ssc-cgl-portal,comp-ssc-cgl-tier1,2024,Tier-1 CBE Screening,General Intelligence & Reasoning,17,OFFICIAL_PYQ,single_mcq,"hi,en",FULLY_MAPPED,VERIFIED_OFFICIAL_KEY,UNIQUE_VERIFIED,CLEAN_VERIFIED,FULL_EXAM_ELIGIBLE
q-ssc-cgl-undefined-Tier 1-Shift 1-q18,src-ssc-cgl-portal,comp-ssc-cgl-tier1,2024,Tier-1 CBE Screening,General Intelligence & Reasoning,18,OFFICIAL_PYQ,single_mcq,"hi,en",FULLY_MAPPED,VERIFIED_OFFICIAL_KEY,UNIQUE_VERIFIED,CLEAN_VERIFIED,FULL_EXAM_ELIGIBLE
q-ssc-cgl-undefined-Tier 1-Shift 1-q19,src-ssc-cgl-portal,comp-ssc-cgl-tier1,2024,Tier-1 CBE Screening,General Intelligence & Reasoning,19,OFFICIAL_PYQ,single_mcq,"hi,en",FULLY_MAPPED,VERIFIED_OFFICIAL_KEY,UNIQUE_VERIFIED,CLEAN_VERIFIED,FULL_EXAM_ELIGIBLE
q-ssc-cgl-undefined-Tier 1-Shift 1-q2,src-ssc-cgl-portal,comp-ssc-cgl-tier1,2024,Tier-1 CBE Screening,General Intelligence & Reasoning,2,OFFICIAL_PYQ,single_mcq,"hi,en",FULLY_MAPPED,VERIFIED_OFFICIAL_KEY,UNIQUE_VERIFIED,CLEAN_VERIFIED,FULL_EXAM_ELIGIBLE
q-ssc-cgl-undefined-Tier 1-Shift 1-q20,src-ssc-cgl-portal,comp-ssc-cgl-tier1,2024,Tier-1 CBE Screening,General Intelligence & Reasoning,20,OFFICIAL_PYQ,single_mcq,"hi,en",FULLY_MAPPED,VERIFIED_OFFICIAL_KEY,UNIQUE_VERIFIED,CLEAN_VERIFIED,FULL_EXAM_ELIGIBLE
q-ssc-cgl-undefined-Tier 1-Shift 1-q21,src-ssc-cgl-portal,comp-ssc-cgl-tier1,2024,Tier-1 CBE Screening,General Intelligence & Reasoning,21,OFFICIAL_PYQ,single_mcq,"hi,en",FULLY_MAPPED,VERIFIED_OFFICIAL_KEY,UNIQUE_VERIFIED,CLEAN_VERIFIED,FULL_EXAM_ELIGIBLE
q-ssc-cgl-undefined-Tier 1-Shift 1-q22,src-ssc-cgl-portal,comp-ssc-cgl-tier1,2024,Tier-1 CBE Screening,General Intelligence & Reasoning,22,OFFICIAL_PYQ,single_mcq,"hi,en",FULLY_MAPPED,VERIFIED_OFFICIAL_KEY,UNIQUE_VERIFIED,CLEAN_VERIFIED,FULL_EXAM_ELIGIBLE
q-ssc-cgl-undefined-Tier 1-Shift 1-q23,src-ssc-cgl-portal,comp-ssc-cgl-tier1,2024,Tier-1 CBE Screening,General Intelligence & Reasoning,23,OFFICIAL_PYQ,single_mcq,"hi,en",FULLY_MAPPED,VERIFIED_OFFICIAL_KEY,UNIQUE_VERIFIED,CLEAN_VERIFIED,PYQ_ELIGIBLE
q-ssc-cgl-undefined-Tier 1-Shift 1-q24,src-ssc-cgl-portal,comp-ssc-cgl-tier1,2024,Tier-1 CBE Screening,General Intelligence & Reasoning,24,OFFICIAL_PYQ,single_mcq,"hi,en",FULLY_MAPPED,VERIFIED_OFFICIAL_KEY,UNIQUE_VERIFIED,CLEAN_VERIFIED,FULL_EXAM_ELIGIBLE
q-ssc-cgl-undefined-Tier 1-Shift 1-q25,src-ssc-cgl-portal,comp-ssc-cgl-tier1,2024,Tier-1 CBE Screening,General Intelligence & Reasoning,25,OFFICIAL_PYQ,single_mcq,"hi,en",FULLY_MAPPED,VERIFIED_OFFICIAL_KEY,UNIQUE_VERIFIED,CLEAN_VERIFIED,FULL_EXAM_ELIGIBLE
q-ssc-cgl-undefined-Tier 1-Shift 1-q26,src-ssc-cgl-portal,comp-ssc-cgl-tier1,2024,Tier-1 CBE Screening,General Awareness,26,OFFICIAL_PYQ,single_mcq,"hi,en",FULLY_MAPPED,VERIFIED_OFFICIAL_KEY,UNIQUE_VERIFIED,CLEAN_VERIFIED,FULL_EXAM_ELIGIBLE
q-ssc-cgl-undefined-Tier 1-Shift 1-q27,src-ssc-cgl-portal,comp-ssc-cgl-tier1,2024,Tier-1 CBE Screening,General Awareness,27,OFFICIAL_PYQ,single_mcq,"hi,en",FULLY_MAPPED,VERIFIED_OFFICIAL_KEY,UNIQUE_VERIFIED,CLEAN_VERIFIED,FULL_EXAM_ELIGIBLE
q-ssc-cgl-undefined-Tier 1-Shift 1-q28,src-ssc-cgl-portal,comp-ssc-cgl-tier1,2024,Tier-1 CBE Screening,General Awareness,28,OFFICIAL_PYQ,single_mcq,"hi,en",FULLY_MAPPED,VERIFIED_OFFICIAL_KEY,UNIQUE_VERIFIED,CLEAN_VERIFIED,FULL_EXAM_ELIGIBLE
q-ssc-cgl-undefined-Tier 1-Shift 1-q29,src-ssc-cgl-portal,comp-ssc-cgl-tier1,2024,Tier-1 CBE Screening,General Awareness,29,OFFICIAL_PYQ,single_mcq,"hi,en",FULLY_MAPPED,VERIFIED_OFFICIAL_KEY,UNIQUE_VERIFIED,CLEAN_VERIFIED,FULL_EXAM_ELIGIBLE
q-ssc-cgl-undefined-Tier 1-Shift 1-q3,src-ssc-cgl-portal,comp-ssc-cgl-tier1,2024,Tier-1 CBE Screening,General Intelligence & Reasoning,3,OFFICIAL_PYQ,single_mcq,"hi,en",FULLY_MAPPED,VERIFIED_OFFICIAL_KEY,UNIQUE_VERIFIED,CLEAN_VERIFIED,FULL_EXAM_ELIGIBLE
q-ssc-cgl-undefined-Tier 1-Shift 1-q30,src-ssc-cgl-portal,comp-ssc-cgl-tier1,2024,Tier-1 CBE Screening,General Awareness,30,OFFICIAL_PYQ,single_mcq,"hi,en",FULLY_MAPPED,VERIFIED_OFFICIAL_KEY,UNIQUE_VERIFIED,CLEAN_VERIFIED,FULL_EXAM_ELIGIBLE
q-ssc-cgl-undefined-Tier 1-Shift 1-q31,src-ssc-cgl-portal,comp-ssc-cgl-tier1,2024,Tier-1 CBE Screening,General Awareness,31,OFFICIAL_PYQ,single_mcq,"hi,en",FULLY_MAPPED,VERIFIED_OFFICIAL_KEY,UNIQUE_VERIFIED,CLEAN_VERIFIED,FULL_EXAM_ELIGIBLE
q-ssc-cgl-undefined-Tier 1-Shift 1-q32,src-ssc-cgl-portal,comp-ssc-cgl-tier1,2024,Tier-1 CBE Screening,General Awareness,32,OFFICIAL_PYQ,single_mcq,"hi,en",FULLY_MAPPED,VERIFIED_OFFICIAL_KEY,UNIQUE_VERIFIED,CLEAN_VERIFIED,FULL_EXAM_ELIGIBLE
q-ssc-cgl-undefined-Tier 1-Shift 1-q33,src-ssc-cgl-portal,comp-ssc-cgl-tier1,2024,Tier-1 CBE Screening,General Awareness,33,OFFICIAL_PYQ,single_mcq,"hi,en",FULLY_MAPPED,VERIFIED_OFFICIAL_KEY,UNIQUE_VERIFIED,CLEAN_VERIFIED,FULL_EXAM_ELIGIBLE
q-ssc-cgl-undefined-Tier 1-Shift 1-q34,src-ssc-cgl-portal,comp-ssc-cgl-tier1,2024,Tier-1 CBE Screening,General Awareness,34,OFFICIAL_PYQ,single_mcq,"hi,en",FULLY_MAPPED,VERIFIED_OFFICIAL_KEY,UNIQUE_VERIFIED,CLEAN_VERIFIED,FULL_EXAM_ELIGIBLE
q-ssc-cgl-undefined-Tier 1-Shift 1-q35,src-ssc-cgl-portal,comp-ssc-cgl-tier1,2024,Tier-1 CBE Screening,General Awareness,35,OFFICIAL_PYQ,single_mcq,"hi,en",FULLY_MAPPED,VERIFIED_OFFICIAL_KEY,UNIQUE_VERIFIED,CLEAN_VERIFIED,FULL_EXAM_ELIGIBLE
q-ssc-cgl-undefined-Tier 1-Shift 1-q36,src-ssc-cgl-portal,comp-ssc-cgl-tier1,2024,Tier-1 CBE Screening,General Awareness,36,OFFICIAL_PYQ,single_mcq,"hi,en",FULLY_MAPPED,VERIFIED_OFFICIAL_KEY,UNIQUE_VERIFIED,CLEAN_VERIFIED,FULL_EXAM_ELIGIBLE
q-ssc-cgl-undefined-Tier 1-Shift 1-q37,src-ssc-cgl-portal,comp-ssc-cgl-tier1,2024,Tier-1 CBE Screening,General Awareness,37,OFFICIAL_PYQ,single_mcq,"hi,en",FULLY_MAPPED,VERIFIED_OFFICIAL_KEY,UNIQUE_VERIFIED,CLEAN_VERIFIED,FULL_EXAM_ELIGIBLE
q-ssc-cgl-undefined-Tier 1-Shift 1-q38,src-ssc-cgl-portal,comp-ssc-cgl-tier1,2024,Tier-1 CBE Screening,General Awareness,38,OFFICIAL_PYQ,single_mcq,"hi,en",FULLY_MAPPED,VERIFIED_OFFICIAL_KEY,UNIQUE_VERIFIED,CLEAN_VERIFIED,FULL_EXAM_ELIGIBLE
q-ssc-cgl-undefined-Tier 1-Shift 1-q39,src-ssc-cgl-portal,comp-ssc-cgl-tier1,2024,Tier-1 CBE Screening,General Awareness,39,OFFICIAL_PYQ,single_mcq,"hi,en",FULLY_MAPPED,VERIFIED_OFFICIAL_KEY,UNIQUE_VERIFIED,CLEAN_VERIFIED,FULL_EXAM_ELIGIBLE
q-ssc-cgl-undefined-Tier 1-Shift 1-q4,src-ssc-cgl-portal,comp-ssc-cgl-tier1,2024,Tier-1 CBE Screening,General Intelligence & Reasoning,4,OFFICIAL_PYQ,single_mcq,"hi,en",FULLY_MAPPED,VERIFIED_OFFICIAL_KEY,UNIQUE_VERIFIED,CLEAN_VERIFIED,FULL_EXAM_ELIGIBLE
q-ssc-cgl-undefined-Tier 1-Shift 1-q40,src-ssc-cgl-portal,comp-ssc-cgl-tier1,2024,Tier-1 CBE Screening,General Awareness,40,OFFICIAL_PYQ,single_mcq,"hi,en",FULLY_MAPPED,VERIFIED_OFFICIAL_KEY,UNIQUE_VERIFIED,CLEAN_VERIFIED,FULL_EXAM_ELIGIBLE
q-ssc-cgl-undefined-Tier 1-Shift 1-q41,src-ssc-cgl-portal,comp-ssc-cgl-tier1,2024,Tier-1 CBE Screening,General Awareness,41,OFFICIAL_PYQ,single_mcq,"hi,en",FULLY_MAPPED,VERIFIED_OFFICIAL_KEY,UNIQUE_VERIFIED,CLEAN_VERIFIED,FULL_EXAM_ELIGIBLE
q-ssc-cgl-undefined-Tier 1-Shift 1-q42,src-ssc-cgl-portal,comp-ssc-cgl-tier1,2024,Tier-1 CBE Screening,General Awareness,42,OFFICIAL_PYQ,single_mcq,"hi,en",FULLY_MAPPED,VERIFIED_OFFICIAL_KEY,UNIQUE_VERIFIED,CLEAN_VERIFIED,FULL_EXAM_ELIGIBLE
q-ssc-cgl-undefined-Tier 1-Shift 1-q43,src-ssc-cgl-portal,comp-ssc-cgl-tier1,2024,Tier-1 CBE Screening,General Awareness,43,OFFICIAL_PYQ,single_mcq,"hi,en",FULLY_MAPPED,VERIFIED_OFFICIAL_KEY,UNIQUE_VERIFIED,CLEAN_VERIFIED,FULL_EXAM_ELIGIBLE
q-ssc-cgl-undefined-Tier 1-Shift 1-q44,src-ssc-cgl-portal,comp-ssc-cgl-tier1,2024,Tier-1 CBE Screening,General Awareness,44,OFFICIAL_PYQ,single_mcq,"hi,en",FULLY_MAPPED,VERIFIED_OFFICIAL_KEY,UNIQUE_VERIFIED,CLEAN_VERIFIED,FULL_EXAM_ELIGIBLE
q-ssc-cgl-undefined-Tier 1-Shift 1-q45,src-ssc-cgl-portal,comp-ssc-cgl-tier1,2024,Tier-1 CBE Screening,General Awareness,45,OFFICIAL_PYQ,single_mcq,"hi,en",FULLY_MAPPED,VERIFIED_OFFICIAL_KEY,UNIQUE_VERIFIED,CLEAN_VERIFIED,FULL_EXAM_ELIGIBLE
q-ssc-cgl-undefined-Tier 1-Shift 1-q46,src-ssc-cgl-portal,comp-ssc-cgl-tier1,2024,Tier-1 CBE Screening,General Awareness,46,OFFICIAL_PYQ,single_mcq,"hi,en",FULLY_MAPPED,VERIFIED_OFFICIAL_KEY,UNIQUE_VERIFIED,CLEAN_VERIFIED,FULL_EXAM_ELIGIBLE
q-ssc-cgl-undefined-Tier 1-Shift 1-q47,src-ssc-cgl-portal,comp-ssc-cgl-tier1,2024,Tier-1 CBE Screening,General Awareness,47,OFFICIAL_PYQ,single_mcq,"hi,en",FULLY_MAPPED,VERIFIED_OFFICIAL_KEY,UNIQUE_VERIFIED,CLEAN_VERIFIED,FULL_EXAM_ELIGIBLE
q-ssc-cgl-undefined-Tier 1-Shift 1-q48,src-ssc-cgl-portal,comp-ssc-cgl-tier1,2024,Tier-1 CBE Screening,General Awareness,48,OFFICIAL_PYQ,single_mcq,"hi,en",FULLY_MAPPED,VERIFIED_OFFICIAL_KEY,UNIQUE_VERIFIED,CLEAN_VERIFIED,FULL_EXAM_ELIGIBLE
q-ssc-cgl-undefined-Tier 1-Shift 1-q49,src-ssc-cgl-portal,comp-ssc-cgl-tier1,2024,Tier-1 CBE Screening,General Awareness,49,OFFICIAL_PYQ,single_mcq,"hi,en",FULLY_MAPPED,VERIFIED_OFFICIAL_KEY,UNIQUE_VERIFIED,CLEAN_VERIFIED,FULL_EXAM_ELIGIBLE
q-ssc-cgl-undefined-Tier 1-Shift 1-q5,src-ssc-cgl-portal,comp-ssc-cgl-tier1,2024,Tier-1 CBE Screening,General Intelligence & Reasoning,5,OFFICIAL_PYQ,single_mcq,"hi,en",FULLY_MAPPED,VERIFIED_OFFICIAL_KEY,UNIQUE_VERIFIED,CLEAN_VERIFIED,FULL_EXAM_ELIGIBLE
q-ssc-cgl-undefined-Tier 1-Shift 1-q50,src-ssc-cgl-portal,comp-ssc-cgl-tier1,2024,Tier-1 CBE Screening,General Awareness,50,OFFICIAL_PYQ,single_mcq,"hi,en",FULLY_MAPPED,VERIFIED_OFFICIAL_KEY,UNIQUE_VERIFIED,CLEAN_VERIFIED,FULL_EXAM_ELIGIBLE
q-ssc-cgl-undefined-Tier 1-Shift 1-q51,src-ssc-cgl-portal,comp-ssc-cgl-tier1,2024,Tier-1 CBE Screening,Quantitative Aptitude,51,OFFICIAL_PYQ,single_mcq,"hi,en",FULLY_MAPPED,VERIFIED_OFFICIAL_KEY,UNIQUE_VERIFIED,CLEAN_VERIFIED,FULL_EXAM_ELIGIBLE
q-ssc-cgl-undefined-Tier 1-Shift 1-q52,src-ssc-cgl-portal,comp-ssc-cgl-tier1,2024,Tier-1 CBE Screening,Quantitative Aptitude,52,OFFICIAL_PYQ,single_mcq,"hi,en",FULLY_MAPPED,VERIFIED_OFFICIAL_KEY,UNIQUE_VERIFIED,CLEAN_VERIFIED,FULL_EXAM_ELIGIBLE
q-ssc-cgl-undefined-Tier 1-Shift 1-q53,src-ssc-cgl-portal,comp-ssc-cgl-tier1,2024,Tier-1 CBE Screening,Quantitative Aptitude,53,OFFICIAL_PYQ,single_mcq,"hi,en",FULLY_MAPPED,VERIFIED_OFFICIAL_KEY,UNIQUE_VERIFIED,CLEAN_VERIFIED,FULL_EXAM_ELIGIBLE
q-ssc-cgl-undefined-Tier 1-Shift 1-q54,src-ssc-cgl-portal,comp-ssc-cgl-tier1,2024,Tier-1 CBE Screening,Quantitative Aptitude,54,OFFICIAL_PYQ,single_mcq,"hi,en",FULLY_MAPPED,VERIFIED_OFFICIAL_KEY,UNIQUE_VERIFIED,CLEAN_VERIFIED,FULL_EXAM_ELIGIBLE
q-ssc-cgl-undefined-Tier 1-Shift 1-q55,src-ssc-cgl-portal,comp-ssc-cgl-tier1,2024,Tier-1 CBE Screening,Quantitative Aptitude,55,OFFICIAL_PYQ,single_mcq,"hi,en",FULLY_MAPPED,VERIFIED_OFFICIAL_KEY,UNIQUE_VERIFIED,CLEAN_VERIFIED,FULL_EXAM_ELIGIBLE
q-ssc-cgl-undefined-Tier 1-Shift 1-q56,src-ssc-cgl-portal,comp-ssc-cgl-tier1,2024,Tier-1 CBE Screening,Quantitative Aptitude,56,OFFICIAL_PYQ,single_mcq,"hi,en",FULLY_MAPPED,VERIFIED_OFFICIAL_KEY,UNIQUE_VERIFIED,CLEAN_VERIFIED,FULL_EXAM_ELIGIBLE
q-ssc-cgl-undefined-Tier 1-Shift 1-q57,src-ssc-cgl-portal,comp-ssc-cgl-tier1,2024,Tier-1 CBE Screening,Quantitative Aptitude,57,OFFICIAL_PYQ,single_mcq,"hi,en",FULLY_MAPPED,VERIFIED_OFFICIAL_KEY,UNIQUE_VERIFIED,CLEAN_VERIFIED,FULL_EXAM_ELIGIBLE
q-ssc-cgl-undefined-Tier 1-Shift 1-q58,src-ssc-cgl-portal,comp-ssc-cgl-tier1,2024,Tier-1 CBE Screening,Quantitative Aptitude,58,OFFICIAL_PYQ,single_mcq,"hi,en",FULLY_MAPPED,VERIFIED_OFFICIAL_KEY,UNIQUE_VERIFIED,CLEAN_VERIFIED,FULL_EXAM_ELIGIBLE
q-ssc-cgl-undefined-Tier 1-Shift 1-q59,src-ssc-cgl-portal,comp-ssc-cgl-tier1,2024,Tier-1 CBE Screening,Quantitative Aptitude,59,OFFICIAL_PYQ,single_mcq,"hi,en",FULLY_MAPPED,VERIFIED_OFFICIAL_KEY,UNIQUE_VERIFIED,CLEAN_VERIFIED,FULL_EXAM_ELIGIBLE
q-ssc-cgl-undefined-Tier 1-Shift 1-q6,src-ssc-cgl-portal,comp-ssc-cgl-tier1,2024,Tier-1 CBE Screening,General Intelligence & Reasoning,6,OFFICIAL_PYQ,single_mcq,"hi,en",FULLY_MAPPED,VERIFIED_OFFICIAL_KEY,UNIQUE_VERIFIED,CLEAN_VERIFIED,FULL_EXAM_ELIGIBLE
q-ssc-cgl-undefined-Tier 1-Shift 1-q60,src-ssc-cgl-portal,comp-ssc-cgl-tier1,2024,Tier-1 CBE Screening,Quantitative Aptitude,60,OFFICIAL_PYQ,single_mcq,"hi,en",FULLY_MAPPED,VERIFIED_OFFICIAL_KEY,UNIQUE_VERIFIED,CLEAN_VERIFIED,FULL_EXAM_ELIGIBLE
q-ssc-cgl-undefined-Tier 1-Shift 1-q61,src-ssc-cgl-portal,comp-ssc-cgl-tier1,2024,Tier-1 CBE Screening,Quantitative Aptitude,61,OFFICIAL_PYQ,single_mcq,"hi,en",FULLY_MAPPED,VERIFIED_OFFICIAL_KEY,UNIQUE_VERIFIED,CLEAN_VERIFIED,FULL_EXAM_ELIGIBLE
q-ssc-cgl-undefined-Tier 1-Shift 1-q62,src-ssc-cgl-portal,comp-ssc-cgl-tier1,2024,Tier-1 CBE Screening,Quantitative Aptitude,62,OFFICIAL_PYQ,single_mcq,"hi,en",FULLY_MAPPED,VERIFIED_OFFICIAL_KEY,UNIQUE_VERIFIED,CLEAN_VERIFIED,FULL_EXAM_ELIGIBLE
q-ssc-cgl-undefined-Tier 1-Shift 1-q63,src-ssc-cgl-portal,comp-ssc-cgl-tier1,2024,Tier-1 CBE Screening,Quantitative Aptitude,63,OFFICIAL_PYQ,single_mcq,"hi,en",FULLY_MAPPED,VERIFIED_OFFICIAL_KEY,UNIQUE_VERIFIED,CLEAN_VERIFIED,FULL_EXAM_ELIGIBLE
q-ssc-cgl-undefined-Tier 1-Shift 1-q64,src-ssc-cgl-portal,comp-ssc-cgl-tier1,2024,Tier-1 CBE Screening,Quantitative Aptitude,64,OFFICIAL_PYQ,single_mcq,"hi,en",FULLY_MAPPED,VERIFIED_OFFICIAL_KEY,UNIQUE_VERIFIED,CLEAN_VERIFIED,FULL_EXAM_ELIGIBLE
q-ssc-cgl-undefined-Tier 1-Shift 1-q65,src-ssc-cgl-portal,comp-ssc-cgl-tier1,2024,Tier-1 CBE Screening,Quantitative Aptitude,65,OFFICIAL_PYQ,single_mcq,"hi,en",FULLY_MAPPED,VERIFIED_OFFICIAL_KEY,UNIQUE_VERIFIED,CLEAN_VERIFIED,FULL_EXAM_ELIGIBLE
q-ssc-cgl-undefined-Tier 1-Shift 1-q66,src-ssc-cgl-portal,comp-ssc-cgl-tier1,2024,Tier-1 CBE Screening,Quantitative Aptitude,66,OFFICIAL_PYQ,single_mcq,"hi,en",FULLY_MAPPED,VERIFIED_OFFICIAL_KEY,UNIQUE_VERIFIED,CLEAN_VERIFIED,FULL_EXAM_ELIGIBLE
q-ssc-cgl-undefined-Tier 1-Shift 1-q67,src-ssc-cgl-portal,comp-ssc-cgl-tier1,2024,Tier-1 CBE Screening,Quantitative Aptitude,67,OFFICIAL_PYQ,single_mcq,"hi,en",FULLY_MAPPED,VERIFIED_OFFICIAL_KEY,UNIQUE_VERIFIED,CLEAN_VERIFIED,FULL_EXAM_ELIGIBLE
q-ssc-cgl-undefined-Tier 1-Shift 1-q68,src-ssc-cgl-portal,comp-ssc-cgl-tier1,2024,Tier-1 CBE Screening,Quantitative Aptitude,68,OFFICIAL_PYQ,single_mcq,"hi,en",FULLY_MAPPED,VERIFIED_OFFICIAL_KEY,UNIQUE_VERIFIED,CLEAN_VERIFIED,FULL_EXAM_ELIGIBLE
q-ssc-cgl-undefined-Tier 1-Shift 1-q69,src-ssc-cgl-portal,comp-ssc-cgl-tier1,2024,Tier-1 CBE Screening,Quantitative Aptitude,69,OFFICIAL_PYQ,single_mcq,"hi,en",FULLY_MAPPED,VERIFIED_OFFICIAL_KEY,UNIQUE_VERIFIED,CLEAN_VERIFIED,FULL_EXAM_ELIGIBLE
q-ssc-cgl-undefined-Tier 1-Shift 1-q7,src-ssc-cgl-portal,comp-ssc-cgl-tier1,2024,Tier-1 CBE Screening,General Intelligence & Reasoning,7,OFFICIAL_PYQ,single_mcq,"hi,en",FULLY_MAPPED,VERIFIED_OFFICIAL_KEY,UNIQUE_VERIFIED,CLEAN_VERIFIED,FULL_EXAM_ELIGIBLE
q-ssc-cgl-undefined-Tier 1-Shift 1-q70,src-ssc-cgl-portal,comp-ssc-cgl-tier1,2024,Tier-1 CBE Screening,Quantitative Aptitude,70,OFFICIAL_PYQ,single_mcq,"hi,en",FULLY_MAPPED,VERIFIED_OFFICIAL_KEY,UNIQUE_VERIFIED,CLEAN_VERIFIED,FULL_EXAM_ELIGIBLE
q-ssc-cgl-undefined-Tier 1-Shift 1-q71,src-ssc-cgl-portal,comp-ssc-cgl-tier1,2024,Tier-1 CBE Screening,Quantitative Aptitude,71,OFFICIAL_PYQ,single_mcq,"hi,en",FULLY_MAPPED,VERIFIED_OFFICIAL_KEY,UNIQUE_VERIFIED,CLEAN_VERIFIED,FULL_EXAM_ELIGIBLE
q-ssc-cgl-undefined-Tier 1-Shift 1-q72,src-ssc-cgl-portal,comp-ssc-cgl-tier1,2024,Tier-1 CBE Screening,Quantitative Aptitude,72,OFFICIAL_PYQ,single_mcq,"hi,en",FULLY_MAPPED,VERIFIED_OFFICIAL_KEY,UNIQUE_VERIFIED,CLEAN_VERIFIED,FULL_EXAM_ELIGIBLE
q-ssc-cgl-undefined-Tier 1-Shift 1-q73,src-ssc-cgl-portal,comp-ssc-cgl-tier1,2024,Tier-1 CBE Screening,Quantitative Aptitude,73,OFFICIAL_PYQ,single_mcq,"hi,en",FULLY_MAPPED,VERIFIED_OFFICIAL_KEY,UNIQUE_VERIFIED,CLEAN_VERIFIED,FULL_EXAM_ELIGIBLE
q-ssc-cgl-undefined-Tier 1-Shift 1-q74,src-ssc-cgl-portal,comp-ssc-cgl-tier1,2024,Tier-1 CBE Screening,Quantitative Aptitude,74,OFFICIAL_PYQ,single_mcq,"hi,en",FULLY_MAPPED,VERIFIED_OFFICIAL_KEY,UNIQUE_VERIFIED,CLEAN_VERIFIED,FULL_EXAM_ELIGIBLE
q-ssc-cgl-undefined-Tier 1-Shift 1-q75,src-ssc-cgl-portal,comp-ssc-cgl-tier1,2024,Tier-1 CBE Screening,Quantitative Aptitude,75,OFFICIAL_PYQ,single_mcq,"hi,en",FULLY_MAPPED,VERIFIED_OFFICIAL_KEY,UNIQUE_VERIFIED,CLEAN_VERIFIED,FULL_EXAM_ELIGIBLE
q-ssc-cgl-undefined-Tier 1-Shift 1-q76,src-ssc-cgl-portal,comp-ssc-cgl-tier1,2024,Tier-1 CBE Screening,English Comprehension,76,OFFICIAL_PYQ,single_mcq,"hi,en",FULLY_MAPPED,VERIFIED_OFFICIAL_KEY,UNIQUE_VERIFIED,CLEAN_VERIFIED,FULL_EXAM_ELIGIBLE
q-ssc-cgl-undefined-Tier 1-Shift 1-q77,src-ssc-cgl-portal,comp-ssc-cgl-tier1,2024,Tier-1 CBE Screening,English Comprehension,77,OFFICIAL_PYQ,single_mcq,"hi,en",FULLY_MAPPED,VERIFIED_OFFICIAL_KEY,UNIQUE_VERIFIED,CLEAN_VERIFIED,FULL_EXAM_ELIGIBLE
q-ssc-cgl-undefined-Tier 1-Shift 1-q78,src-ssc-cgl-portal,comp-ssc-cgl-tier1,2024,Tier-1 CBE Screening,English Comprehension,78,OFFICIAL_PYQ,single_mcq,"hi,en",FULLY_MAPPED,VERIFIED_OFFICIAL_KEY,UNIQUE_VERIFIED,CLEAN_VERIFIED,FULL_EXAM_ELIGIBLE
q-ssc-cgl-undefined-Tier 1-Shift 1-q79,src-ssc-cgl-portal,comp-ssc-cgl-tier1,2024,Tier-1 CBE Screening,English Comprehension,79,OFFICIAL_PYQ,single_mcq,"hi,en",FULLY_MAPPED,VERIFIED_OFFICIAL_KEY,UNIQUE_VERIFIED,CLEAN_VERIFIED,FULL_EXAM_ELIGIBLE
q-ssc-cgl-undefined-Tier 1-Shift 1-q8,src-ssc-cgl-portal,comp-ssc-cgl-tier1,2024,Tier-1 CBE Screening,General Intelligence & Reasoning,8,OFFICIAL_PYQ,single_mcq,"hi,en",FULLY_MAPPED,VERIFIED_OFFICIAL_KEY,UNIQUE_VERIFIED,CLEAN_VERIFIED,FULL_EXAM_ELIGIBLE
q-ssc-cgl-undefined-Tier 1-Shift 1-q80,src-ssc-cgl-portal,comp-ssc-cgl-tier1,2024,Tier-1 CBE Screening,English Comprehension,80,OFFICIAL_PYQ,single_mcq,"hi,en",FULLY_MAPPED,VERIFIED_OFFICIAL_KEY,UNIQUE_VERIFIED,CLEAN_VERIFIED,FULL_EXAM_ELIGIBLE
q-ssc-cgl-undefined-Tier 1-Shift 1-q81,src-ssc-cgl-portal,comp-ssc-cgl-tier1,2024,Tier-1 CBE Screening,English Comprehension,81,OFFICIAL_PYQ,single_mcq,"hi,en",FULLY_MAPPED,VERIFIED_OFFICIAL_KEY,UNIQUE_VERIFIED,CLEAN_VERIFIED,FULL_EXAM_ELIGIBLE
q-ssc-cgl-undefined-Tier 1-Shift 1-q82,src-ssc-cgl-portal,comp-ssc-cgl-tier1,2024,Tier-1 CBE Screening,English Comprehension,82,OFFICIAL_PYQ,single_mcq,"hi,en",FULLY_MAPPED,VERIFIED_OFFICIAL_KEY,UNIQUE_VERIFIED,CLEAN_VERIFIED,FULL_EXAM_ELIGIBLE
q-ssc-cgl-undefined-Tier 1-Shift 1-q83,src-ssc-cgl-portal,comp-ssc-cgl-tier1,2024,Tier-1 CBE Screening,English Comprehension,83,OFFICIAL_PYQ,single_mcq,"hi,en",FULLY_MAPPED,VERIFIED_OFFICIAL_KEY,UNIQUE_VERIFIED,CLEAN_VERIFIED,FULL_EXAM_ELIGIBLE
q-ssc-cgl-undefined-Tier 1-Shift 1-q84,src-ssc-cgl-portal,comp-ssc-cgl-tier1,2024,Tier-1 CBE Screening,English Comprehension,84,OFFICIAL_PYQ,single_mcq,"hi,en",FULLY_MAPPED,VERIFIED_OFFICIAL_KEY,UNIQUE_VERIFIED,CLEAN_VERIFIED,FULL_EXAM_ELIGIBLE
q-ssc-cgl-undefined-Tier 1-Shift 1-q85,src-ssc-cgl-portal,comp-ssc-cgl-tier1,2024,Tier-1 CBE Screening,English Comprehension,85,OFFICIAL_PYQ,single_mcq,"hi,en",FULLY_MAPPED,VERIFIED_OFFICIAL_KEY,UNIQUE_VERIFIED,CLEAN_VERIFIED,FULL_EXAM_ELIGIBLE
q-ssc-cgl-undefined-Tier 1-Shift 1-q86,src-ssc-cgl-portal,comp-ssc-cgl-tier1,2024,Tier-1 CBE Screening,English Comprehension,86,OFFICIAL_PYQ,single_mcq,"hi,en",FULLY_MAPPED,VERIFIED_OFFICIAL_KEY,UNIQUE_VERIFIED,CLEAN_VERIFIED,FULL_EXAM_ELIGIBLE
q-ssc-cgl-undefined-Tier 1-Shift 1-q87,src-ssc-cgl-portal,comp-ssc-cgl-tier1,2024,Tier-1 CBE Screening,English Comprehension,87,OFFICIAL_PYQ,single_mcq,"hi,en",FULLY_MAPPED,VERIFIED_OFFICIAL_KEY,UNIQUE_VERIFIED,CLEAN_VERIFIED,FULL_EXAM_ELIGIBLE
q-ssc-cgl-undefined-Tier 1-Shift 1-q88,src-ssc-cgl-portal,comp-ssc-cgl-tier1,2024,Tier-1 CBE Screening,English Comprehension,88,OFFICIAL_PYQ,single_mcq,"hi,en",FULLY_MAPPED,VERIFIED_OFFICIAL_KEY,UNIQUE_VERIFIED,CLEAN_VERIFIED,FULL_EXAM_ELIGIBLE
q-ssc-cgl-undefined-Tier 1-Shift 1-q89,src-ssc-cgl-portal,comp-ssc-cgl-tier1,2024,Tier-1 CBE Screening,English Comprehension,89,OFFICIAL_PYQ,single_mcq,"hi,en",FULLY_MAPPED,VERIFIED_OFFICIAL_KEY,UNIQUE_VERIFIED,CLEAN_VERIFIED,FULL_EXAM_ELIGIBLE
q-ssc-cgl-undefined-Tier 1-Shift 1-q9,src-ssc-cgl-portal,comp-ssc-cgl-tier1,2024,Tier-1 CBE Screening,General Intelligence & Reasoning,9,OFFICIAL_PYQ,single_mcq,"hi,en",FULLY_MAPPED,VERIFIED_OFFICIAL_KEY,UNIQUE_VERIFIED,CLEAN_VERIFIED,FULL_EXAM_ELIGIBLE
q-ssc-cgl-undefined-Tier 1-Shift 1-q90,src-ssc-cgl-portal,comp-ssc-cgl-tier1,2024,Tier-1 CBE Screening,English Comprehension,90,OFFICIAL_PYQ,single_mcq,"hi,en",FULLY_MAPPED,VERIFIED_OFFICIAL_KEY,UNIQUE_VERIFIED,CLEAN_VERIFIED,FULL_EXAM_ELIGIBLE
q-ssc-cgl-undefined-Tier 1-Shift 1-q91,src-ssc-cgl-portal,comp-ssc-cgl-tier1,2024,Tier-1 CBE Screening,English Comprehension,91,OFFICIAL_PYQ,single_mcq,"hi,en",FULLY_MAPPED,VERIFIED_OFFICIAL_KEY,UNIQUE_VERIFIED,CLEAN_VERIFIED,FULL_EXAM_ELIGIBLE
q-ssc-cgl-undefined-Tier 1-Shift 1-q92,src-ssc-cgl-portal,comp-ssc-cgl-tier1,2024,Tier-1 CBE Screening,English Comprehension,92,OFFICIAL_PYQ,single_mcq,"hi,en",FULLY_MAPPED,VERIFIED_OFFICIAL_KEY,UNIQUE_VERIFIED,CLEAN_VERIFIED,FULL_EXAM_ELIGIBLE
q-ssc-cgl-undefined-Tier 1-Shift 1-q93,src-ssc-cgl-portal,comp-ssc-cgl-tier1,2024,Tier-1 CBE Screening,English Comprehension,93,OFFICIAL_PYQ,single_mcq,"hi,en",FULLY_MAPPED,VERIFIED_OFFICIAL_KEY,UNIQUE_VERIFIED,CLEAN_VERIFIED,FULL_EXAM_ELIGIBLE
q-ssc-cgl-undefined-Tier 1-Shift 1-q94,src-ssc-cgl-portal,comp-ssc-cgl-tier1,2024,Tier-1 CBE Screening,English Comprehension,94,OFFICIAL_PYQ,single_mcq,"hi,en",FULLY_MAPPED,VERIFIED_OFFICIAL_KEY,UNIQUE_VERIFIED,CLEAN_VERIFIED,FULL_EXAM_ELIGIBLE
q-ssc-cgl-undefined-Tier 1-Shift 1-q95,src-ssc-cgl-portal,comp-ssc-cgl-tier1,2024,Tier-1 CBE Screening,English Comprehension,95,OFFICIAL_PYQ,single_mcq,"hi,en",FULLY_MAPPED,VERIFIED_OFFICIAL_KEY,UNIQUE_VERIFIED,CLEAN_VERIFIED,FULL_EXAM_ELIGIBLE
q-ssc-cgl-undefined-Tier 1-Shift 1-q96,src-ssc-cgl-portal,comp-ssc-cgl-tier1,2024,Tier-1 CBE Screening,English Comprehension,96,OFFICIAL_PYQ,single_mcq,"hi,en",FULLY_MAPPED,VERIFIED_OFFICIAL_KEY,UNIQUE_VERIFIED,CLEAN_VERIFIED,FULL_EXAM_ELIGIBLE
q-ssc-cgl-undefined-Tier 1-Shift 1-q97,src-ssc-cgl-portal,comp-ssc-cgl-tier1,2024,Tier-1 CBE Screening,English Comprehension,97,OFFICIAL_PYQ,single_mcq,"hi,en",FULLY_MAPPED,VERIFIED_OFFICIAL_KEY,UNIQUE_VERIFIED,CLEAN_VERIFIED,FULL_EXAM_ELIGIBLE
q-ssc-cgl-undefined-Tier 1-Shift 1-q98,src-ssc-cgl-portal,comp-ssc-cgl-tier1,2024,Tier-1 CBE Screening,English Comprehension,98,OFFICIAL_PYQ,single_mcq,"hi,en",FULLY_MAPPED,VERIFIED_OFFICIAL_KEY,UNIQUE_VERIFIED,CLEAN_VERIFIED,FULL_EXAM_ELIGIBLE
q-ssc-cgl-undefined-Tier 1-Shift 1-q99,src-ssc-cgl-portal,comp-ssc-cgl-tier1,2024,Tier-1 CBE Screening,English Comprehension,99,OFFICIAL_PYQ,single_mcq,"hi,en",FULLY_MAPPED,VERIFIED_OFFICIAL_KEY,UNIQUE_VERIFIED,CLEAN_VERIFIED,FULL_EXAM_ELIGIBLE
q-tndge-tamilnadu-undefined-Annual-Morning-q1,src-tndge-tamilnadu-portal,comp-tndge-tamilnadu-cls10-regionallang,2024,General Tamil Theory Paper,General Tamil,1,OFFICIAL_PYQ,single_mcq,ta,FULLY_MAPPED,VERIFIED_OFFICIAL_KEY,UNIQUE_VERIFIED,CLEAN_VERIFIED,PYQ_ELIGIBLE
q-tndge-tamilnadu-undefined-Annual-Morning-q10,src-tndge-tamilnadu-portal,comp-tndge-tamilnadu-cls10-regionallang,2024,General Tamil Theory Paper,General Tamil,10,OFFICIAL_PYQ,single_mcq,ta,FULLY_MAPPED,VERIFIED_OFFICIAL_KEY,UNIQUE_VERIFIED,CLEAN_VERIFIED,PYQ_ELIGIBLE
q-tndge-tamilnadu-undefined-Annual-Morning-q11,src-tndge-tamilnadu-portal,comp-tndge-tamilnadu-cls10-regionallang,2024,General Tamil Theory Paper,General Tamil,11,OFFICIAL_PYQ,single_mcq,ta,FULLY_MAPPED,VERIFIED_OFFICIAL_KEY,UNIQUE_VERIFIED,CLEAN_VERIFIED,PYQ_ELIGIBLE
q-tndge-tamilnadu-undefined-Annual-Morning-q12,src-tndge-tamilnadu-portal,comp-tndge-tamilnadu-cls10-regionallang,2024,General Tamil Theory Paper,General Tamil,12,OFFICIAL_PYQ,single_mcq,ta,FULLY_MAPPED,VERIFIED_OFFICIAL_KEY,UNIQUE_VERIFIED,CLEAN_VERIFIED,PYQ_ELIGIBLE
q-tndge-tamilnadu-undefined-Annual-Morning-q13,src-tndge-tamilnadu-portal,comp-tndge-tamilnadu-cls10-regionallang,2024,General Tamil Theory Paper,General Tamil,13,OFFICIAL_PYQ,single_mcq,ta,FULLY_MAPPED,VERIFIED_OFFICIAL_KEY,UNIQUE_VERIFIED,CLEAN_VERIFIED,PYQ_ELIGIBLE
q-tndge-tamilnadu-undefined-Annual-Morning-q14,src-tndge-tamilnadu-portal,comp-tndge-tamilnadu-cls10-regionallang,2024,General Tamil Theory Paper,General Tamil,14,OFFICIAL_PYQ,single_mcq,ta,FULLY_MAPPED,VERIFIED_OFFICIAL_KEY,UNIQUE_VERIFIED,CLEAN_VERIFIED,PYQ_ELIGIBLE
q-tndge-tamilnadu-undefined-Annual-Morning-q15,src-tndge-tamilnadu-portal,comp-tndge-tamilnadu-cls10-regionallang,2024,General Tamil Theory Paper,General Tamil,15,OFFICIAL_PYQ,single_mcq,ta,FULLY_MAPPED,VERIFIED_OFFICIAL_KEY,UNIQUE_VERIFIED,CLEAN_VERIFIED,PYQ_ELIGIBLE
q-tndge-tamilnadu-undefined-Annual-Morning-q16,src-tndge-tamilnadu-portal,comp-tndge-tamilnadu-cls10-regionallang,2024,General Tamil Theory Paper,General Tamil,16,OFFICIAL_PYQ,single_mcq,ta,FULLY_MAPPED,VERIFIED_OFFICIAL_KEY,UNIQUE_VERIFIED,CLEAN_VERIFIED,PYQ_ELIGIBLE
q-tndge-tamilnadu-undefined-Annual-Morning-q17,src-tndge-tamilnadu-portal,comp-tndge-tamilnadu-cls10-regionallang,2024,General Tamil Theory Paper,General Tamil,17,OFFICIAL_PYQ,single_mcq,ta,FULLY_MAPPED,VERIFIED_OFFICIAL_KEY,UNIQUE_VERIFIED,CLEAN_VERIFIED,PYQ_ELIGIBLE
q-tndge-tamilnadu-undefined-Annual-Morning-q18,src-tndge-tamilnadu-portal,comp-tndge-tamilnadu-cls10-regionallang,2024,General Tamil Theory Paper,General Tamil,18,OFFICIAL_PYQ,single_mcq,ta,FULLY_MAPPED,VERIFIED_OFFICIAL_KEY,UNIQUE_VERIFIED,CLEAN_VERIFIED,PYQ_ELIGIBLE
q-tndge-tamilnadu-undefined-Annual-Morning-q19,src-tndge-tamilnadu-portal,comp-tndge-tamilnadu-cls10-regionallang,2024,General Tamil Theory Paper,General Tamil,19,OFFICIAL_PYQ,single_mcq,ta,FULLY_MAPPED,VERIFIED_OFFICIAL_KEY,UNIQUE_VERIFIED,CLEAN_VERIFIED,PYQ_ELIGIBLE
q-tndge-tamilnadu-undefined-Annual-Morning-q2,src-tndge-tamilnadu-portal,comp-tndge-tamilnadu-cls10-regionallang,2024,General Tamil Theory Paper,General Tamil,2,OFFICIAL_PYQ,single_mcq,ta,FULLY_MAPPED,VERIFIED_OFFICIAL_KEY,UNIQUE_VERIFIED,CLEAN_VERIFIED,PYQ_ELIGIBLE
q-tndge-tamilnadu-undefined-Annual-Morning-q20,src-tndge-tamilnadu-portal,comp-tndge-tamilnadu-cls10-regionallang,2024,General Tamil Theory Paper,General Tamil,20,OFFICIAL_PYQ,single_mcq,ta,FULLY_MAPPED,VERIFIED_OFFICIAL_KEY,UNIQUE_VERIFIED,CLEAN_VERIFIED,PYQ_ELIGIBLE
q-tndge-tamilnadu-undefined-Annual-Morning-q21,src-tndge-tamilnadu-portal,comp-tndge-tamilnadu-cls10-regionallang,2024,General Tamil Theory Paper,General Tamil,21,OFFICIAL_PYQ,single_mcq,ta,FULLY_MAPPED,VERIFIED_OFFICIAL_KEY,UNIQUE_VERIFIED,CLEAN_VERIFIED,PYQ_ELIGIBLE
q-tndge-tamilnadu-undefined-Annual-Morning-q22,src-tndge-tamilnadu-portal,comp-tndge-tamilnadu-cls10-regionallang,2024,General Tamil Theory Paper,General Tamil,22,OFFICIAL_PYQ,single_mcq,ta,FULLY_MAPPED,VERIFIED_OFFICIAL_KEY,UNIQUE_VERIFIED,CLEAN_VERIFIED,PYQ_ELIGIBLE
q-tndge-tamilnadu-undefined-Annual-Morning-q23,src-tndge-tamilnadu-portal,comp-tndge-tamilnadu-cls10-regionallang,2024,General Tamil Theory Paper,General Tamil,23,OFFICIAL_PYQ,single_mcq,ta,FULLY_MAPPED,VERIFIED_OFFICIAL_KEY,UNIQUE_VERIFIED,CLEAN_VERIFIED,PYQ_ELIGIBLE
q-tndge-tamilnadu-undefined-Annual-Morning-q24,src-tndge-tamilnadu-portal,comp-tndge-tamilnadu-cls10-regionallang,2024,General Tamil Theory Paper,General Tamil,24,OFFICIAL_PYQ,single_mcq,ta,FULLY_MAPPED,VERIFIED_OFFICIAL_KEY,UNIQUE_VERIFIED,CLEAN_VERIFIED,PYQ_ELIGIBLE
q-tndge-tamilnadu-undefined-Annual-Morning-q25,src-tndge-tamilnadu-portal,comp-tndge-tamilnadu-cls10-regionallang,2024,General Tamil Theory Paper,General Tamil,25,OFFICIAL_PYQ,single_mcq,ta,FULLY_MAPPED,VERIFIED_OFFICIAL_KEY,UNIQUE_VERIFIED,CLEAN_VERIFIED,PYQ_ELIGIBLE
q-tndge-tamilnadu-undefined-Annual-Morning-q3,src-tndge-tamilnadu-portal,comp-tndge-tamilnadu-cls10-regionallang,2024,General Tamil Theory Paper,General Tamil,3,OFFICIAL_PYQ,single_mcq,ta,FULLY_MAPPED,VERIFIED_OFFICIAL_KEY,UNIQUE_VERIFIED,CLEAN_VERIFIED,PYQ_ELIGIBLE
q-tndge-tamilnadu-undefined-Annual-Morning-q4,src-tndge-tamilnadu-portal,comp-tndge-tamilnadu-cls10-regionallang,2024,General Tamil Theory Paper,General Tamil,4,OFFICIAL_PYQ,single_mcq,ta,FULLY_MAPPED,VERIFIED_OFFICIAL_KEY,UNIQUE_VERIFIED,CLEAN_VERIFIED,PYQ_ELIGIBLE
q-tndge-tamilnadu-undefined-Annual-Morning-q5,src-tndge-tamilnadu-portal,comp-tndge-tamilnadu-cls10-regionallang,2024,General Tamil Theory Paper,General Tamil,5,OFFICIAL_PYQ,single_mcq,ta,FULLY_MAPPED,VERIFIED_OFFICIAL_KEY,UNIQUE_VERIFIED,CLEAN_VERIFIED,PYQ_ELIGIBLE
q-tndge-tamilnadu-undefined-Annual-Morning-q6,src-tndge-tamilnadu-portal,comp-tndge-tamilnadu-cls10-regionallang,2024,General Tamil Theory Paper,General Tamil,6,OFFICIAL_PYQ,single_mcq,ta,FULLY_MAPPED,VERIFIED_OFFICIAL_KEY,UNIQUE_VERIFIED,CLEAN_VERIFIED,PYQ_ELIGIBLE
q-tndge-tamilnadu-undefined-Annual-Morning-q7,src-tndge-tamilnadu-portal,comp-tndge-tamilnadu-cls10-regionallang,2024,General Tamil Theory Paper,General Tamil,7,OFFICIAL_PYQ,single_mcq,ta,FULLY_MAPPED,VERIFIED_OFFICIAL_KEY,UNIQUE_VERIFIED,CLEAN_VERIFIED,PYQ_ELIGIBLE
q-tndge-tamilnadu-undefined-Annual-Morning-q8,src-tndge-tamilnadu-portal,comp-tndge-tamilnadu-cls10-regionallang,2024,General Tamil Theory Paper,General Tamil,8,OFFICIAL_PYQ,single_mcq,ta,FULLY_MAPPED,VERIFIED_OFFICIAL_KEY,UNIQUE_VERIFIED,CLEAN_VERIFIED,PYQ_ELIGIBLE
q-tndge-tamilnadu-undefined-Annual-Morning-q9,src-tndge-tamilnadu-portal,comp-tndge-tamilnadu-cls10-regionallang,2024,General Tamil Theory Paper,General Tamil,9,OFFICIAL_PYQ,single_mcq,ta,FULLY_MAPPED,VERIFIED_OFFICIAL_KEY,UNIQUE_VERIFIED,CLEAN_VERIFIED,PYQ_ELIGIBLE
q-upp-2024-s1-q1,src-verified-pyq-archive,comp-up-police-constable-written,2024,Constable OMR Written Paper,General Knowledge,1,OFFICIAL_PYQ,single_mcq,"hi,en",FULLY_MAPPED,VERIFIED_OFFICIAL_KEY,UNIQUE_VERIFIED,CLEAN_VERIFIED,PYQ_ELIGIBLE
q-upp-2024-s1-q2,src-verified-pyq-archive,comp-up-police-constable-written,2024,Constable OMR Written Paper,General Knowledge,2,OFFICIAL_PYQ,single_mcq,"hi,en",FULLY_MAPPED,VERIFIED_OFFICIAL_KEY,UNIQUE_VERIFIED,CLEAN_VERIFIED,PYQ_ELIGIBLE
q-upp-constable-2024-s2-gk-q001,src-up-police-constable-portal,comp-up-police-constable-written,2024,Constable OMR Written Paper,General Knowledge,1,OFFICIAL_PYQ,single_mcq,"hi,en",FULLY_MAPPED,VERIFIED_OFFICIAL_KEY,UNIQUE_VERIFIED,CLEAN_VERIFIED,PYQ_ELIGIBLE
q-upp-constable-2024-s2-gk-q002,src-up-police-constable-portal,comp-up-police-constable-written,2024,Constable OMR Written Paper,General Knowledge,2,OFFICIAL_PYQ,single_mcq,"hi,en",FULLY_MAPPED,VERIFIED_OFFICIAL_KEY,UNIQUE_VERIFIED,CLEAN_VERIFIED,PYQ_ELIGIBLE
q-upp-constable-2024-s2-gk-q003,src-up-police-constable-portal,comp-up-police-constable-written,2024,Constable OMR Written Paper,General Knowledge,3,OFFICIAL_PYQ,single_mcq,"hi,en",FULLY_MAPPED,VERIFIED_OFFICIAL_KEY,UNIQUE_VERIFIED,CLEAN_VERIFIED,PYQ_ELIGIBLE
q-upp-constable-2024-s2-gk-q004,src-up-police-constable-portal,comp-up-police-constable-written,2024,Constable OMR Written Paper,General Knowledge,4,OFFICIAL_PYQ,single_mcq,"hi,en",FULLY_MAPPED,VERIFIED_OFFICIAL_KEY,UNIQUE_VERIFIED,CLEAN_VERIFIED,PYQ_ELIGIBLE
q-upp-constable-2024-s2-gk-q005,src-up-police-constable-portal,comp-up-police-constable-written,2024,Constable OMR Written Paper,General Knowledge,5,OFFICIAL_PYQ,single_mcq,"hi,en",FULLY_MAPPED,VERIFIED_OFFICIAL_KEY,UNIQUE_VERIFIED,CLEAN_VERIFIED,PYQ_ELIGIBLE
q-upp-constable-2024-s2-gk-q006,src-up-police-constable-portal,comp-up-police-constable-written,2024,Constable OMR Written Paper,General Knowledge,6,OFFICIAL_PYQ,single_mcq,"hi,en",FULLY_MAPPED,VERIFIED_OFFICIAL_KEY,UNIQUE_VERIFIED,CLEAN_VERIFIED,PYQ_ELIGIBLE
q-upp-constable-2024-s2-gk-q007,src-up-police-constable-portal,comp-up-police-constable-written,2024,Constable OMR Written Paper,General Knowledge,7,OFFICIAL_PYQ,single_mcq,"hi,en",FULLY_MAPPED,VERIFIED_OFFICIAL_KEY,UNIQUE_VERIFIED,CLEAN_VERIFIED,PYQ_ELIGIBLE
q-upp-constable-2024-s2-gk-q008,src-up-police-constable-portal,comp-up-police-constable-written,2024,Constable OMR Written Paper,General Knowledge,8,OFFICIAL_PYQ,single_mcq,"hi,en",FULLY_MAPPED,VERIFIED_OFFICIAL_KEY,UNIQUE_VERIFIED,CLEAN_VERIFIED,PYQ_ELIGIBLE
q-upp-constable-2024-s2-gk-q009,src-up-police-constable-portal,comp-up-police-constable-written,2024,Constable OMR Written Paper,General Knowledge,9,OFFICIAL_PYQ,single_mcq,"hi,en",FULLY_MAPPED,VERIFIED_OFFICIAL_KEY,UNIQUE_VERIFIED,CLEAN_VERIFIED,PYQ_ELIGIBLE
q-upp-constable-2024-s2-gk-q010,src-up-police-constable-portal,comp-up-police-constable-written,2024,Constable OMR Written Paper,General Knowledge,10,OFFICIAL_PYQ,single_mcq,"hi,en",FULLY_MAPPED,VERIFIED_OFFICIAL_KEY,UNIQUE_VERIFIED,CLEAN_VERIFIED,PYQ_ELIGIBLE
q-upp-constable-2024-s2-gk-q011,src-up-police-constable-portal,comp-up-police-constable-written,2024,Constable OMR Written Paper,General Knowledge,11,OFFICIAL_PYQ,single_mcq,"hi,en",FULLY_MAPPED,VERIFIED_OFFICIAL_KEY,UNIQUE_VERIFIED,CLEAN_VERIFIED,PYQ_ELIGIBLE
q-upp-constable-2024-s2-gk-q012,src-up-police-constable-portal,comp-up-police-constable-written,2024,Constable OMR Written Paper,General Knowledge,12,OFFICIAL_PYQ,single_mcq,"hi,en",FULLY_MAPPED,VERIFIED_OFFICIAL_KEY,UNIQUE_VERIFIED,CLEAN_VERIFIED,PYQ_ELIGIBLE
q-upp-constable-2024-s2-gk-q013,src-up-police-constable-portal,comp-up-police-constable-written,2024,Constable OMR Written Paper,General Knowledge,13,OFFICIAL_PYQ,single_mcq,"hi,en",FULLY_MAPPED,VERIFIED_OFFICIAL_KEY,UNIQUE_VERIFIED,CLEAN_VERIFIED,PYQ_ELIGIBLE
q-upp-constable-2024-s2-gk-q014,src-up-police-constable-portal,comp-up-police-constable-written,2024,Constable OMR Written Paper,General Knowledge,14,OFFICIAL_PYQ,single_mcq,"hi,en",FULLY_MAPPED,VERIFIED_OFFICIAL_KEY,UNIQUE_VERIFIED,CLEAN_VERIFIED,PYQ_ELIGIBLE
q-upp-constable-2024-s2-gk-q015,src-up-police-constable-portal,comp-up-police-constable-written,2024,Constable OMR Written Paper,General Knowledge,15,OFFICIAL_PYQ,single_mcq,"hi,en",FULLY_MAPPED,VERIFIED_OFFICIAL_KEY,UNIQUE_VERIFIED,CLEAN_VERIFIED,PYQ_ELIGIBLE
q-upp-constable-2024-s2-gk-q016,src-up-police-constable-portal,comp-up-police-constable-written,2024,Constable OMR Written Paper,General Knowledge,16,OFFICIAL_PYQ,single_mcq,"hi,en",FULLY_MAPPED,VERIFIED_OFFICIAL_KEY,UNIQUE_VERIFIED,CLEAN_VERIFIED,PYQ_ELIGIBLE
q-upp-constable-2024-s2-gk-q017,src-up-police-constable-portal,comp-up-police-constable-written,2024,Constable OMR Written Paper,General Knowledge,17,OFFICIAL_PYQ,single_mcq,"hi,en",FULLY_MAPPED,VERIFIED_OFFICIAL_KEY,UNIQUE_VERIFIED,CLEAN_VERIFIED,PYQ_ELIGIBLE
q-upp-constable-2024-s2-gk-q018,src-up-police-constable-portal,comp-up-police-constable-written,2024,Constable OMR Written Paper,General Knowledge,18,OFFICIAL_PYQ,single_mcq,"hi,en",FULLY_MAPPED,VERIFIED_OFFICIAL_KEY,UNIQUE_VERIFIED,CLEAN_VERIFIED,PYQ_ELIGIBLE
q-upp-constable-2024-s2-gk-q019,src-up-police-constable-portal,comp-up-police-constable-written,2024,Constable OMR Written Paper,General Knowledge,19,OFFICIAL_PYQ,single_mcq,"hi,en",FULLY_MAPPED,VERIFIED_OFFICIAL_KEY,UNIQUE_VERIFIED,CLEAN_VERIFIED,PYQ_ELIGIBLE
q-upp-constable-2024-s2-gk-q020,src-up-police-constable-portal,comp-up-police-constable-written,2024,Constable OMR Written Paper,General Knowledge,20,OFFICIAL_PYQ,single_mcq,"hi,en",FULLY_MAPPED,VERIFIED_OFFICIAL_KEY,UNIQUE_VERIFIED,CLEAN_VERIFIED,PYQ_ELIGIBLE
q-upp-constable-2024-s2-gk-q021,src-up-police-constable-portal,comp-up-police-constable-written,2024,Constable OMR Written Paper,General Knowledge,21,OFFICIAL_PYQ,single_mcq,"hi,en",FULLY_MAPPED,VERIFIED_OFFICIAL_KEY,UNIQUE_VERIFIED,CLEAN_VERIFIED,PYQ_ELIGIBLE
q-upp-constable-2024-s2-gk-q022,src-up-police-constable-portal,comp-up-police-constable-written,2024,Constable OMR Written Paper,General Knowledge,22,OFFICIAL_PYQ,single_mcq,"hi,en",FULLY_MAPPED,VERIFIED_OFFICIAL_KEY,UNIQUE_VERIFIED,CLEAN_VERIFIED,PYQ_ELIGIBLE
q-upp-constable-2024-s2-gk-q023,src-up-police-constable-portal,comp-up-police-constable-written,2024,Constable OMR Written Paper,General Knowledge,23,OFFICIAL_PYQ,single_mcq,"hi,en",FULLY_MAPPED,VERIFIED_OFFICIAL_KEY,UNIQUE_VERIFIED,CLEAN_VERIFIED,PYQ_ELIGIBLE
q-upp-constable-2024-s2-gk-q024,src-up-police-constable-portal,comp-up-police-constable-written,2024,Constable OMR Written Paper,General Knowledge,24,OFFICIAL_PYQ,single_mcq,"hi,en",FULLY_MAPPED,VERIFIED_OFFICIAL_KEY,UNIQUE_VERIFIED,CLEAN_VERIFIED,PYQ_ELIGIBLE
q-upp-constable-2024-s2-gk-q025,src-up-police-constable-portal,comp-up-police-constable-written,2024,Constable OMR Written Paper,General Knowledge,25,OFFICIAL_PYQ,single_mcq,"hi,en",FULLY_MAPPED,VERIFIED_OFFICIAL_KEY,UNIQUE_VERIFIED,CLEAN_VERIFIED,PYQ_ELIGIBLE
q-upp-constable-2024-s2-gk-q026,src-up-police-constable-portal,comp-up-police-constable-written,2024,Constable OMR Written Paper,General Knowledge,26,OFFICIAL_PYQ,single_mcq,"hi,en",FULLY_MAPPED,VERIFIED_OFFICIAL_KEY,UNIQUE_VERIFIED,CLEAN_VERIFIED,PYQ_ELIGIBLE
q-upp-constable-2024-s2-gk-q027,src-up-police-constable-portal,comp-up-police-constable-written,2024,Constable OMR Written Paper,General Knowledge,27,OFFICIAL_PYQ,single_mcq,"hi,en",FULLY_MAPPED,VERIFIED_OFFICIAL_KEY,UNIQUE_VERIFIED,CLEAN_VERIFIED,PYQ_ELIGIBLE
q-upp-constable-2024-s2-gk-q028,src-up-police-constable-portal,comp-up-police-constable-written,2024,Constable OMR Written Paper,General Knowledge,28,OFFICIAL_PYQ,single_mcq,"hi,en",FULLY_MAPPED,VERIFIED_OFFICIAL_KEY,UNIQUE_VERIFIED,CLEAN_VERIFIED,PYQ_ELIGIBLE
q-upp-constable-2024-s2-gk-q029,src-up-police-constable-portal,comp-up-police-constable-written,2024,Constable OMR Written Paper,General Knowledge,29,OFFICIAL_PYQ,single_mcq,"hi,en",FULLY_MAPPED,VERIFIED_OFFICIAL_KEY,UNIQUE_VERIFIED,CLEAN_VERIFIED,PYQ_ELIGIBLE
q-upp-constable-2024-s2-gk-q030,src-up-police-constable-portal,comp-up-police-constable-written,2024,Constable OMR Written Paper,General Knowledge,30,OFFICIAL_PYQ,single_mcq,"hi,en",FULLY_MAPPED,VERIFIED_OFFICIAL_KEY,UNIQUE_VERIFIED,CLEAN_VERIFIED,PYQ_ELIGIBLE
q-upp-constable-2024-s2-gk-q031,src-up-police-constable-portal,comp-up-police-constable-written,2024,Constable OMR Written Paper,General Knowledge,31,OFFICIAL_PYQ,single_mcq,"hi,en",FULLY_MAPPED,VERIFIED_OFFICIAL_KEY,UNIQUE_VERIFIED,CLEAN_VERIFIED,PYQ_ELIGIBLE
q-upp-constable-2024-s2-gk-q032,src-up-police-constable-portal,comp-up-police-constable-written,2024,Constable OMR Written Paper,General Knowledge,32,OFFICIAL_PYQ,single_mcq,"hi,en",FULLY_MAPPED,VERIFIED_OFFICIAL_KEY,UNIQUE_VERIFIED,CLEAN_VERIFIED,PYQ_ELIGIBLE
q-upp-constable-2024-s2-gk-q033,src-up-police-constable-portal,comp-up-police-constable-written,2024,Constable OMR Written Paper,General Knowledge,33,OFFICIAL_PYQ,single_mcq,"hi,en",FULLY_MAPPED,VERIFIED_OFFICIAL_KEY,UNIQUE_VERIFIED,CLEAN_VERIFIED,PYQ_ELIGIBLE
q-upp-constable-2024-s2-gk-q034,src-up-police-constable-portal,comp-up-police-constable-written,2024,Constable OMR Written Paper,General Knowledge,34,OFFICIAL_PYQ,single_mcq,"hi,en",FULLY_MAPPED,VERIFIED_OFFICIAL_KEY,UNIQUE_VERIFIED,CLEAN_VERIFIED,PYQ_ELIGIBLE
q-upp-constable-2024-s2-gk-q035,src-up-police-constable-portal,comp-up-police-constable-written,2024,Constable OMR Written Paper,General Knowledge,35,OFFICIAL_PYQ,single_mcq,"hi,en",FULLY_MAPPED,VERIFIED_OFFICIAL_KEY,UNIQUE_VERIFIED,CLEAN_VERIFIED,PYQ_ELIGIBLE
q-upp-constable-2024-s2-gk-q036,src-up-police-constable-portal,comp-up-police-constable-written,2024,Constable OMR Written Paper,General Knowledge,36,OFFICIAL_PYQ,single_mcq,"hi,en",FULLY_MAPPED,VERIFIED_OFFICIAL_KEY,UNIQUE_VERIFIED,CLEAN_VERIFIED,PYQ_ELIGIBLE
q-upp-constable-2024-s2-gk-q037,src-up-police-constable-portal,comp-up-police-constable-written,2024,Constable OMR Written Paper,General Knowledge,37,OFFICIAL_PYQ,single_mcq,"hi,en",FULLY_MAPPED,VERIFIED_OFFICIAL_KEY,UNIQUE_VERIFIED,CLEAN_VERIFIED,PYQ_ELIGIBLE
q-upp-constable-2024-s2-gk-q038,src-up-police-constable-portal,comp-up-police-constable-written,2024,Constable OMR Written Paper,General Knowledge,38,OFFICIAL_PYQ,single_mcq,"hi,en",FULLY_MAPPED,VERIFIED_OFFICIAL_KEY,UNIQUE_VERIFIED,CLEAN_VERIFIED,PYQ_ELIGIBLE
q-upsc-cse-2021-gs1-q1,src-verified-pyq-archive,comp-upsc-cse-prelims-gs1,2021,Paper-I General Studies,General Studies,1,OFFICIAL_PYQ,single_mcq,"hi,en",FULLY_MAPPED,VERIFIED_OFFICIAL_KEY,UNIQUE_VERIFIED,CLEAN_VERIFIED,PYQ_ELIGIBLE
q-upsc-cse-2021-gs1-q2,src-verified-pyq-archive,comp-upsc-cse-prelims-gs1,2021,Paper-I General Studies,General Studies,2,OFFICIAL_PYQ,single_mcq,"hi,en",FULLY_MAPPED,VERIFIED_OFFICIAL_KEY,UNIQUE_VERIFIED,CLEAN_VERIFIED,PYQ_ELIGIBLE
q-upsc-cse-2021-gs1-q3,src-verified-pyq-archive,comp-upsc-cse-prelims-gs1,2021,Paper-I General Studies,General Studies,3,OFFICIAL_PYQ,single_mcq,"hi,en",FULLY_MAPPED,VERIFIED_OFFICIAL_KEY,UNIQUE_VERIFIED,CLEAN_VERIFIED,PYQ_ELIGIBLE
q-upsc-cse-2022-gs1-q1,src-verified-pyq-archive,comp-upsc-cse-prelims-gs1,2022,Paper-I General Studies,General Studies,1,OFFICIAL_PYQ,single_mcq,"hi,en",FULLY_MAPPED,VERIFIED_OFFICIAL_KEY,UNIQUE_VERIFIED,CLEAN_VERIFIED,PYQ_ELIGIBLE
q-upsc-cse-2022-gs1-q2,src-verified-pyq-archive,comp-upsc-cse-prelims-gs1,2022,Paper-I General Studies,General Studies,2,OFFICIAL_PYQ,single_mcq,"hi,en",FULLY_MAPPED,VERIFIED_OFFICIAL_KEY,UNIQUE_VERIFIED,CLEAN_VERIFIED,PYQ_ELIGIBLE
q-upsc-cse-2022-gs1-q3,src-verified-pyq-archive,comp-upsc-cse-prelims-gs1,2022,Paper-I General Studies,General Studies,3,OFFICIAL_PYQ,single_mcq,"hi,en",FULLY_MAPPED,VERIFIED_OFFICIAL_KEY,UNIQUE_VERIFIED,CLEAN_VERIFIED,PYQ_ELIGIBLE
q-upsc-cse-2023-gs1-q1,src-verified-pyq-archive,comp-upsc-cse-prelims-gs1,2023,Paper-I General Studies,General Studies,1,OFFICIAL_PYQ,single_mcq,"hi,en",FULLY_MAPPED,VERIFIED_OFFICIAL_KEY,UNIQUE_VERIFIED,CLEAN_VERIFIED,PYQ_ELIGIBLE
q-upsc-cse-2023-gs1-q2,src-verified-pyq-archive,comp-upsc-cse-prelims-gs1,2023,Paper-I General Studies,General Studies,2,OFFICIAL_PYQ,single_mcq,"hi,en",FULLY_MAPPED,VERIFIED_OFFICIAL_KEY,UNIQUE_VERIFIED,CLEAN_VERIFIED,PYQ_ELIGIBLE
q-upsc-cse-2023-gs1-q3,src-verified-pyq-archive,comp-upsc-cse-prelims-gs1,2023,Paper-I General Studies,General Studies,3,OFFICIAL_PYQ,single_mcq,"hi,en",FULLY_MAPPED,VERIFIED_OFFICIAL_KEY,UNIQUE_VERIFIED,CLEAN_VERIFIED,PYQ_ELIGIBLE
q-upsc-cse-2024-gs1-q001,src-upsc-cse-portal,comp-upsc-cse-prelims-gs1,2024,Paper-I General Studies,General Studies,1,OFFICIAL_PYQ,single_mcq,"hi,en",FULLY_MAPPED,VERIFIED_OFFICIAL_KEY,UNIQUE_VERIFIED,CLEAN_VERIFIED,FULL_EXAM_ELIGIBLE
q-upsc-cse-2024-gs1-q002,src-upsc-cse-portal,comp-upsc-cse-prelims-gs1,2024,Paper-I General Studies,General Studies,2,OFFICIAL_PYQ,single_mcq,"hi,en",FULLY_MAPPED,VERIFIED_OFFICIAL_KEY,UNIQUE_VERIFIED,CLEAN_VERIFIED,FULL_EXAM_ELIGIBLE
q-upsc-cse-2024-gs1-q003,src-upsc-cse-portal,comp-upsc-cse-prelims-gs1,2024,Paper-I General Studies,General Studies,3,OFFICIAL_PYQ,single_mcq,"hi,en",FULLY_MAPPED,VERIFIED_OFFICIAL_KEY,UNIQUE_VERIFIED,CLEAN_VERIFIED,FULL_EXAM_ELIGIBLE
q-upsc-cse-2024-gs1-q004,src-upsc-cse-portal,comp-upsc-cse-prelims-gs1,2024,Paper-I General Studies,General Studies,4,OFFICIAL_PYQ,single_mcq,"hi,en",FULLY_MAPPED,VERIFIED_OFFICIAL_KEY,UNIQUE_VERIFIED,CLEAN_VERIFIED,FULL_EXAM_ELIGIBLE
q-upsc-cse-2024-gs1-q005,src-upsc-cse-portal,comp-upsc-cse-prelims-gs1,2024,Paper-I General Studies,General Studies,5,OFFICIAL_PYQ,single_mcq,"hi,en",FULLY_MAPPED,VERIFIED_OFFICIAL_KEY,UNIQUE_VERIFIED,CLEAN_VERIFIED,FULL_EXAM_ELIGIBLE
q-upsc-cse-2024-gs1-q006,src-upsc-cse-portal,comp-upsc-cse-prelims-gs1,2024,Paper-I General Studies,General Studies,6,OFFICIAL_PYQ,single_mcq,"hi,en",FULLY_MAPPED,VERIFIED_OFFICIAL_KEY,UNIQUE_VERIFIED,CLEAN_VERIFIED,FULL_EXAM_ELIGIBLE
q-upsc-cse-2024-gs1-q007,src-upsc-cse-portal,comp-upsc-cse-prelims-gs1,2024,Paper-I General Studies,General Studies,7,OFFICIAL_PYQ,single_mcq,"hi,en",FULLY_MAPPED,VERIFIED_OFFICIAL_KEY,UNIQUE_VERIFIED,CLEAN_VERIFIED,FULL_EXAM_ELIGIBLE
q-upsc-cse-2024-gs1-q008,src-upsc-cse-portal,comp-upsc-cse-prelims-gs1,2024,Paper-I General Studies,General Studies,8,OFFICIAL_PYQ,single_mcq,"hi,en",FULLY_MAPPED,VERIFIED_OFFICIAL_KEY,UNIQUE_VERIFIED,CLEAN_VERIFIED,FULL_EXAM_ELIGIBLE
q-upsc-cse-2024-gs1-q009,src-upsc-cse-portal,comp-upsc-cse-prelims-gs1,2024,Paper-I General Studies,General Studies,9,OFFICIAL_PYQ,single_mcq,"hi,en",FULLY_MAPPED,VERIFIED_OFFICIAL_KEY,UNIQUE_VERIFIED,CLEAN_VERIFIED,FULL_EXAM_ELIGIBLE
q-upsc-cse-2024-gs1-q010,src-upsc-cse-portal,comp-upsc-cse-prelims-gs1,2024,Paper-I General Studies,General Studies,10,OFFICIAL_PYQ,single_mcq,"hi,en",FULLY_MAPPED,VERIFIED_OFFICIAL_KEY,UNIQUE_VERIFIED,CLEAN_VERIFIED,FULL_EXAM_ELIGIBLE
q-upsc-cse-2024-gs1-q011,src-upsc-cse-portal,comp-upsc-cse-prelims-gs1,2024,Paper-I General Studies,General Studies,11,OFFICIAL_PYQ,single_mcq,"hi,en",FULLY_MAPPED,VERIFIED_OFFICIAL_KEY,UNIQUE_VERIFIED,CLEAN_VERIFIED,FULL_EXAM_ELIGIBLE
q-upsc-cse-2024-gs1-q012,src-upsc-cse-portal,comp-upsc-cse-prelims-gs1,2024,Paper-I General Studies,General Studies,12,OFFICIAL_PYQ,single_mcq,"hi,en",FULLY_MAPPED,VERIFIED_OFFICIAL_KEY,UNIQUE_VERIFIED,CLEAN_VERIFIED,FULL_EXAM_ELIGIBLE
q-upsc-cse-2024-gs1-q013,src-upsc-cse-portal,comp-upsc-cse-prelims-gs1,2024,Paper-I General Studies,General Studies,13,OFFICIAL_PYQ,single_mcq,"hi,en",FULLY_MAPPED,VERIFIED_OFFICIAL_KEY,UNIQUE_VERIFIED,CLEAN_VERIFIED,FULL_EXAM_ELIGIBLE
q-upsc-cse-2024-gs1-q014,src-upsc-cse-portal,comp-upsc-cse-prelims-gs1,2024,Paper-I General Studies,General Studies,14,OFFICIAL_PYQ,single_mcq,"hi,en",FULLY_MAPPED,VERIFIED_OFFICIAL_KEY,UNIQUE_VERIFIED,CLEAN_VERIFIED,FULL_EXAM_ELIGIBLE
q-upsc-cse-2024-gs1-q015,src-upsc-cse-portal,comp-upsc-cse-prelims-gs1,2024,Paper-I General Studies,General Studies,15,OFFICIAL_PYQ,single_mcq,"hi,en",FULLY_MAPPED,VERIFIED_OFFICIAL_KEY,UNIQUE_VERIFIED,CLEAN_VERIFIED,FULL_EXAM_ELIGIBLE
q-upsc-cse-2024-gs1-q016,src-upsc-cse-portal,comp-upsc-cse-prelims-gs1,2024,Paper-I General Studies,General Studies,16,OFFICIAL_PYQ,single_mcq,"hi,en",FULLY_MAPPED,VERIFIED_OFFICIAL_KEY,UNIQUE_VERIFIED,CLEAN_VERIFIED,FULL_EXAM_ELIGIBLE
q-upsc-cse-2024-gs1-q017,src-upsc-cse-portal,comp-upsc-cse-prelims-gs1,2024,Paper-I General Studies,General Studies,17,OFFICIAL_PYQ,single_mcq,"hi,en",FULLY_MAPPED,VERIFIED_OFFICIAL_KEY,UNIQUE_VERIFIED,CLEAN_VERIFIED,FULL_EXAM_ELIGIBLE
q-upsc-cse-2024-gs1-q018,src-upsc-cse-portal,comp-upsc-cse-prelims-gs1,2024,Paper-I General Studies,General Studies,18,OFFICIAL_PYQ,single_mcq,"hi,en",FULLY_MAPPED,VERIFIED_OFFICIAL_KEY,UNIQUE_VERIFIED,CLEAN_VERIFIED,FULL_EXAM_ELIGIBLE
q-upsc-cse-2024-gs1-q019,src-upsc-cse-portal,comp-upsc-cse-prelims-gs1,2024,Paper-I General Studies,General Studies,19,OFFICIAL_PYQ,single_mcq,"hi,en",FULLY_MAPPED,VERIFIED_OFFICIAL_KEY,UNIQUE_VERIFIED,CLEAN_VERIFIED,FULL_EXAM_ELIGIBLE
q-upsc-cse-2024-gs1-q020,src-upsc-cse-portal,comp-upsc-cse-prelims-gs1,2024,Paper-I General Studies,General Studies,20,OFFICIAL_PYQ,single_mcq,"hi,en",FULLY_MAPPED,VERIFIED_OFFICIAL_KEY,UNIQUE_VERIFIED,CLEAN_VERIFIED,FULL_EXAM_ELIGIBLE
q-upsc-cse-2024-gs1-q021,src-upsc-cse-portal,comp-upsc-cse-prelims-gs1,2024,Paper-I General Studies,General Studies,21,OFFICIAL_PYQ,single_mcq,"hi,en",FULLY_MAPPED,VERIFIED_OFFICIAL_KEY,UNIQUE_VERIFIED,CLEAN_VERIFIED,FULL_EXAM_ELIGIBLE
q-upsc-cse-2024-gs1-q022,src-upsc-cse-portal,comp-upsc-cse-prelims-gs1,2024,Paper-I General Studies,General Studies,22,OFFICIAL_PYQ,single_mcq,"hi,en",FULLY_MAPPED,VERIFIED_OFFICIAL_KEY,UNIQUE_VERIFIED,CLEAN_VERIFIED,FULL_EXAM_ELIGIBLE
q-upsc-cse-2024-gs1-q023,src-upsc-cse-portal,comp-upsc-cse-prelims-gs1,2024,Paper-I General Studies,General Studies,23,OFFICIAL_PYQ,single_mcq,"hi,en",FULLY_MAPPED,VERIFIED_OFFICIAL_KEY,UNIQUE_VERIFIED,CLEAN_VERIFIED,FULL_EXAM_ELIGIBLE
q-upsc-cse-2024-gs1-q024,src-upsc-cse-portal,comp-upsc-cse-prelims-gs1,2024,Paper-I General Studies,General Studies,24,OFFICIAL_PYQ,single_mcq,"hi,en",FULLY_MAPPED,VERIFIED_OFFICIAL_KEY,UNIQUE_VERIFIED,CLEAN_VERIFIED,FULL_EXAM_ELIGIBLE
q-upsc-cse-2024-gs1-q025,src-upsc-cse-portal,comp-upsc-cse-prelims-gs1,2024,Paper-I General Studies,General Studies,25,OFFICIAL_PYQ,single_mcq,"hi,en",FULLY_MAPPED,VERIFIED_OFFICIAL_KEY,UNIQUE_VERIFIED,CLEAN_VERIFIED,FULL_EXAM_ELIGIBLE
q-upsc-cse-2024-gs1-q026,src-upsc-cse-portal,comp-upsc-cse-prelims-gs1,2024,Paper-I General Studies,General Studies,26,OFFICIAL_PYQ,single_mcq,"hi,en",FULLY_MAPPED,VERIFIED_OFFICIAL_KEY,UNIQUE_VERIFIED,CLEAN_VERIFIED,FULL_EXAM_ELIGIBLE
q-upsc-cse-2024-gs1-q027,src-upsc-cse-portal,comp-upsc-cse-prelims-gs1,2024,Paper-I General Studies,General Studies,27,OFFICIAL_PYQ,single_mcq,"hi,en",FULLY_MAPPED,VERIFIED_OFFICIAL_KEY,UNIQUE_VERIFIED,CLEAN_VERIFIED,FULL_EXAM_ELIGIBLE
q-upsc-cse-2024-gs1-q028,src-upsc-cse-portal,comp-upsc-cse-prelims-gs1,2024,Paper-I General Studies,General Studies,28,OFFICIAL_PYQ,single_mcq,"hi,en",FULLY_MAPPED,VERIFIED_OFFICIAL_KEY,UNIQUE_VERIFIED,CLEAN_VERIFIED,FULL_EXAM_ELIGIBLE
q-upsc-cse-2024-gs1-q029,src-upsc-cse-portal,comp-upsc-cse-prelims-gs1,2024,Paper-I General Studies,General Studies,29,OFFICIAL_PYQ,single_mcq,"hi,en",FULLY_MAPPED,VERIFIED_OFFICIAL_KEY,UNIQUE_VERIFIED,CLEAN_VERIFIED,FULL_EXAM_ELIGIBLE
q-upsc-cse-2024-gs1-q030,src-upsc-cse-portal,comp-upsc-cse-prelims-gs1,2024,Paper-I General Studies,General Studies,30,OFFICIAL_PYQ,single_mcq,"hi,en",FULLY_MAPPED,VERIFIED_OFFICIAL_KEY,UNIQUE_VERIFIED,CLEAN_VERIFIED,FULL_EXAM_ELIGIBLE
q-upsc-cse-2024-gs1-q031,src-upsc-cse-portal,comp-upsc-cse-prelims-gs1,2024,Paper-I General Studies,General Studies,31,OFFICIAL_PYQ,single_mcq,"hi,en",FULLY_MAPPED,VERIFIED_OFFICIAL_KEY,UNIQUE_VERIFIED,CLEAN_VERIFIED,FULL_EXAM_ELIGIBLE
q-upsc-cse-2024-gs1-q032,src-upsc-cse-portal,comp-upsc-cse-prelims-gs1,2024,Paper-I General Studies,General Studies,32,OFFICIAL_PYQ,single_mcq,"hi,en",FULLY_MAPPED,VERIFIED_OFFICIAL_KEY,UNIQUE_VERIFIED,CLEAN_VERIFIED,FULL_EXAM_ELIGIBLE
q-upsc-cse-2024-gs1-q033,src-upsc-cse-portal,comp-upsc-cse-prelims-gs1,2024,Paper-I General Studies,General Studies,33,OFFICIAL_PYQ,single_mcq,"hi,en",FULLY_MAPPED,VERIFIED_OFFICIAL_KEY,UNIQUE_VERIFIED,CLEAN_VERIFIED,FULL_EXAM_ELIGIBLE
q-upsc-cse-2024-gs1-q034,src-upsc-cse-portal,comp-upsc-cse-prelims-gs1,2024,Paper-I General Studies,General Studies,34,OFFICIAL_PYQ,single_mcq,"hi,en",FULLY_MAPPED,VERIFIED_OFFICIAL_KEY,UNIQUE_VERIFIED,CLEAN_VERIFIED,FULL_EXAM_ELIGIBLE
q-upsc-cse-2024-gs1-q035,src-upsc-cse-portal,comp-upsc-cse-prelims-gs1,2024,Paper-I General Studies,General Studies,35,OFFICIAL_PYQ,single_mcq,"hi,en",FULLY_MAPPED,VERIFIED_OFFICIAL_KEY,UNIQUE_VERIFIED,CLEAN_VERIFIED,FULL_EXAM_ELIGIBLE
q-upsc-cse-2024-gs1-q036,src-upsc-cse-portal,comp-upsc-cse-prelims-gs1,2024,Paper-I General Studies,General Studies,36,OFFICIAL_PYQ,single_mcq,"hi,en",FULLY_MAPPED,VERIFIED_OFFICIAL_KEY,UNIQUE_VERIFIED,CLEAN_VERIFIED,FULL_EXAM_ELIGIBLE
q-upsc-cse-2024-gs1-q037,src-upsc-cse-portal,comp-upsc-cse-prelims-gs1,2024,Paper-I General Studies,General Studies,37,OFFICIAL_PYQ,single_mcq,"hi,en",FULLY_MAPPED,VERIFIED_OFFICIAL_KEY,UNIQUE_VERIFIED,CLEAN_VERIFIED,FULL_EXAM_ELIGIBLE
q-upsc-cse-2024-gs1-q038,src-upsc-cse-portal,comp-upsc-cse-prelims-gs1,2024,Paper-I General Studies,General Studies,38,OFFICIAL_PYQ,single_mcq,"hi,en",FULLY_MAPPED,VERIFIED_OFFICIAL_KEY,UNIQUE_VERIFIED,CLEAN_VERIFIED,FULL_EXAM_ELIGIBLE
q-upsc-cse-2024-gs1-q039,src-upsc-cse-portal,comp-upsc-cse-prelims-gs1,2024,Paper-I General Studies,General Studies,39,OFFICIAL_PYQ,single_mcq,"hi,en",FULLY_MAPPED,VERIFIED_OFFICIAL_KEY,UNIQUE_VERIFIED,CLEAN_VERIFIED,FULL_EXAM_ELIGIBLE
q-upsc-cse-2024-gs1-q040,src-upsc-cse-portal,comp-upsc-cse-prelims-gs1,2024,Paper-I General Studies,General Studies,40,OFFICIAL_PYQ,single_mcq,"hi,en",FULLY_MAPPED,VERIFIED_OFFICIAL_KEY,UNIQUE_VERIFIED,CLEAN_VERIFIED,FULL_EXAM_ELIGIBLE
q-upsc-cse-2024-gs1-q041,src-upsc-cse-portal,comp-upsc-cse-prelims-gs1,2024,Paper-I General Studies,General Studies,41,OFFICIAL_PYQ,single_mcq,"hi,en",FULLY_MAPPED,VERIFIED_OFFICIAL_KEY,UNIQUE_VERIFIED,CLEAN_VERIFIED,FULL_EXAM_ELIGIBLE
q-upsc-cse-2024-gs1-q042,src-upsc-cse-portal,comp-upsc-cse-prelims-gs1,2024,Paper-I General Studies,General Studies,42,OFFICIAL_PYQ,single_mcq,"hi,en",FULLY_MAPPED,VERIFIED_OFFICIAL_KEY,UNIQUE_VERIFIED,CLEAN_VERIFIED,FULL_EXAM_ELIGIBLE
q-upsc-cse-2024-gs1-q043,src-upsc-cse-portal,comp-upsc-cse-prelims-gs1,2024,Paper-I General Studies,General Studies,43,OFFICIAL_PYQ,single_mcq,"hi,en",FULLY_MAPPED,VERIFIED_OFFICIAL_KEY,UNIQUE_VERIFIED,CLEAN_VERIFIED,FULL_EXAM_ELIGIBLE
q-upsc-cse-2024-gs1-q044,src-upsc-cse-portal,comp-upsc-cse-prelims-gs1,2024,Paper-I General Studies,General Studies,44,OFFICIAL_PYQ,single_mcq,"hi,en",FULLY_MAPPED,VERIFIED_OFFICIAL_KEY,UNIQUE_VERIFIED,CLEAN_VERIFIED,FULL_EXAM_ELIGIBLE
q-upsc-cse-2024-gs1-q045,src-upsc-cse-portal,comp-upsc-cse-prelims-gs1,2024,Paper-I General Studies,General Studies,45,OFFICIAL_PYQ,single_mcq,"hi,en",FULLY_MAPPED,VERIFIED_OFFICIAL_KEY,UNIQUE_VERIFIED,CLEAN_VERIFIED,FULL_EXAM_ELIGIBLE
q-upsc-cse-2024-gs1-q046,src-upsc-cse-portal,comp-upsc-cse-prelims-gs1,2024,Paper-I General Studies,General Studies,46,OFFICIAL_PYQ,single_mcq,"hi,en",FULLY_MAPPED,VERIFIED_OFFICIAL_KEY,UNIQUE_VERIFIED,CLEAN_VERIFIED,FULL_EXAM_ELIGIBLE
q-upsc-cse-2024-gs1-q047,src-upsc-cse-portal,comp-upsc-cse-prelims-gs1,2024,Paper-I General Studies,General Studies,47,OFFICIAL_PYQ,single_mcq,"hi,en",FULLY_MAPPED,VERIFIED_OFFICIAL_KEY,UNIQUE_VERIFIED,CLEAN_VERIFIED,FULL_EXAM_ELIGIBLE
q-upsc-cse-2024-gs1-q048,src-upsc-cse-portal,comp-upsc-cse-prelims-gs1,2024,Paper-I General Studies,General Studies,48,OFFICIAL_PYQ,single_mcq,"hi,en",FULLY_MAPPED,VERIFIED_OFFICIAL_KEY,UNIQUE_VERIFIED,CLEAN_VERIFIED,FULL_EXAM_ELIGIBLE
q-upsc-cse-2024-gs1-q049,src-upsc-cse-portal,comp-upsc-cse-prelims-gs1,2024,Paper-I General Studies,General Studies,49,OFFICIAL_PYQ,single_mcq,"hi,en",FULLY_MAPPED,VERIFIED_OFFICIAL_KEY,UNIQUE_VERIFIED,CLEAN_VERIFIED,FULL_EXAM_ELIGIBLE
q-upsc-cse-2024-gs1-q050,src-upsc-cse-portal,comp-upsc-cse-prelims-gs1,2024,Paper-I General Studies,General Studies,50,OFFICIAL_PYQ,single_mcq,"hi,en",FULLY_MAPPED,VERIFIED_OFFICIAL_KEY,UNIQUE_VERIFIED,CLEAN_VERIFIED,FULL_EXAM_ELIGIBLE
q-upsc-cse-2024-gs1-q051,src-upsc-cse-portal,comp-upsc-cse-prelims-gs1,2024,Paper-I General Studies,General Studies,51,OFFICIAL_PYQ,single_mcq,"hi,en",FULLY_MAPPED,VERIFIED_OFFICIAL_KEY,UNIQUE_VERIFIED,CLEAN_VERIFIED,FULL_EXAM_ELIGIBLE
q-upsc-cse-2024-gs1-q052,src-upsc-cse-portal,comp-upsc-cse-prelims-gs1,2024,Paper-I General Studies,General Studies,52,OFFICIAL_PYQ,single_mcq,"hi,en",FULLY_MAPPED,VERIFIED_OFFICIAL_KEY,UNIQUE_VERIFIED,CLEAN_VERIFIED,FULL_EXAM_ELIGIBLE
q-upsc-cse-2024-gs1-q053,src-upsc-cse-portal,comp-upsc-cse-prelims-gs1,2024,Paper-I General Studies,General Studies,53,OFFICIAL_PYQ,single_mcq,"hi,en",FULLY_MAPPED,VERIFIED_OFFICIAL_KEY,UNIQUE_VERIFIED,CLEAN_VERIFIED,FULL_EXAM_ELIGIBLE
q-upsc-cse-2024-gs1-q054,src-upsc-cse-portal,comp-upsc-cse-prelims-gs1,2024,Paper-I General Studies,General Studies,54,OFFICIAL_PYQ,single_mcq,"hi,en",FULLY_MAPPED,VERIFIED_OFFICIAL_KEY,UNIQUE_VERIFIED,CLEAN_VERIFIED,FULL_EXAM_ELIGIBLE
q-upsc-cse-2024-gs1-q055,src-upsc-cse-portal,comp-upsc-cse-prelims-gs1,2024,Paper-I General Studies,General Studies,55,OFFICIAL_PYQ,single_mcq,"hi,en",FULLY_MAPPED,VERIFIED_OFFICIAL_KEY,UNIQUE_VERIFIED,CLEAN_VERIFIED,FULL_EXAM_ELIGIBLE
q-upsc-cse-2024-gs1-q056,src-upsc-cse-portal,comp-upsc-cse-prelims-gs1,2024,Paper-I General Studies,General Studies,56,OFFICIAL_PYQ,single_mcq,"hi,en",FULLY_MAPPED,VERIFIED_OFFICIAL_KEY,UNIQUE_VERIFIED,CLEAN_VERIFIED,FULL_EXAM_ELIGIBLE
q-upsc-cse-2024-gs1-q057,src-upsc-cse-portal,comp-upsc-cse-prelims-gs1,2024,Paper-I General Studies,General Studies,57,OFFICIAL_PYQ,single_mcq,"hi,en",FULLY_MAPPED,VERIFIED_OFFICIAL_KEY,UNIQUE_VERIFIED,CLEAN_VERIFIED,FULL_EXAM_ELIGIBLE
q-upsc-cse-2024-gs1-q058,src-upsc-cse-portal,comp-upsc-cse-prelims-gs1,2024,Paper-I General Studies,General Studies,58,OFFICIAL_PYQ,single_mcq,"hi,en",FULLY_MAPPED,VERIFIED_OFFICIAL_KEY,UNIQUE_VERIFIED,CLEAN_VERIFIED,FULL_EXAM_ELIGIBLE
q-upsc-cse-2024-gs1-q059,src-upsc-cse-portal,comp-upsc-cse-prelims-gs1,2024,Paper-I General Studies,General Studies,59,OFFICIAL_PYQ,single_mcq,"hi,en",FULLY_MAPPED,VERIFIED_OFFICIAL_KEY,UNIQUE_VERIFIED,CLEAN_VERIFIED,FULL_EXAM_ELIGIBLE
q-upsc-cse-2024-gs1-q060,src-upsc-cse-portal,comp-upsc-cse-prelims-gs1,2024,Paper-I General Studies,General Studies,60,OFFICIAL_PYQ,single_mcq,"hi,en",FULLY_MAPPED,VERIFIED_OFFICIAL_KEY,UNIQUE_VERIFIED,CLEAN_VERIFIED,FULL_EXAM_ELIGIBLE
q-upsc-cse-2024-gs1-q061,src-upsc-cse-portal,comp-upsc-cse-prelims-gs1,2024,Paper-I General Studies,General Studies,61,OFFICIAL_PYQ,single_mcq,"hi,en",FULLY_MAPPED,VERIFIED_OFFICIAL_KEY,UNIQUE_VERIFIED,CLEAN_VERIFIED,FULL_EXAM_ELIGIBLE
q-upsc-cse-2024-gs1-q062,src-upsc-cse-portal,comp-upsc-cse-prelims-gs1,2024,Paper-I General Studies,General Studies,62,OFFICIAL_PYQ,single_mcq,"hi,en",FULLY_MAPPED,VERIFIED_OFFICIAL_KEY,UNIQUE_VERIFIED,CLEAN_VERIFIED,FULL_EXAM_ELIGIBLE
q-upsc-cse-2024-gs1-q063,src-upsc-cse-portal,comp-upsc-cse-prelims-gs1,2024,Paper-I General Studies,General Studies,63,OFFICIAL_PYQ,single_mcq,"hi,en",FULLY_MAPPED,VERIFIED_OFFICIAL_KEY,UNIQUE_VERIFIED,CLEAN_VERIFIED,FULL_EXAM_ELIGIBLE
q-upsc-cse-2024-gs1-q064,src-upsc-cse-portal,comp-upsc-cse-prelims-gs1,2024,Paper-I General Studies,General Studies,64,OFFICIAL_PYQ,single_mcq,"hi,en",FULLY_MAPPED,VERIFIED_OFFICIAL_KEY,UNIQUE_VERIFIED,CLEAN_VERIFIED,FULL_EXAM_ELIGIBLE
q-upsc-cse-2024-gs1-q065,src-upsc-cse-portal,comp-upsc-cse-prelims-gs1,2024,Paper-I General Studies,General Studies,65,OFFICIAL_PYQ,single_mcq,"hi,en",FULLY_MAPPED,VERIFIED_OFFICIAL_KEY,UNIQUE_VERIFIED,CLEAN_VERIFIED,FULL_EXAM_ELIGIBLE
q-upsc-cse-2024-gs1-q066,src-upsc-cse-portal,comp-upsc-cse-prelims-gs1,2024,Paper-I General Studies,General Studies,66,OFFICIAL_PYQ,single_mcq,"hi,en",FULLY_MAPPED,VERIFIED_OFFICIAL_KEY,UNIQUE_VERIFIED,CLEAN_VERIFIED,FULL_EXAM_ELIGIBLE
q-upsc-cse-2024-gs1-q067,src-upsc-cse-portal,comp-upsc-cse-prelims-gs1,2024,Paper-I General Studies,General Studies,67,OFFICIAL_PYQ,single_mcq,"hi,en",FULLY_MAPPED,VERIFIED_OFFICIAL_KEY,UNIQUE_VERIFIED,CLEAN_VERIFIED,FULL_EXAM_ELIGIBLE
q-upsc-cse-2024-gs1-q068,src-upsc-cse-portal,comp-upsc-cse-prelims-gs1,2024,Paper-I General Studies,General Studies,68,OFFICIAL_PYQ,single_mcq,"hi,en",FULLY_MAPPED,VERIFIED_OFFICIAL_KEY,UNIQUE_VERIFIED,CLEAN_VERIFIED,FULL_EXAM_ELIGIBLE
q-upsc-cse-2024-gs1-q069,src-upsc-cse-portal,comp-upsc-cse-prelims-gs1,2024,Paper-I General Studies,General Studies,69,OFFICIAL_PYQ,single_mcq,"hi,en",FULLY_MAPPED,VERIFIED_OFFICIAL_KEY,UNIQUE_VERIFIED,CLEAN_VERIFIED,FULL_EXAM_ELIGIBLE
q-upsc-cse-2024-gs1-q070,src-upsc-cse-portal,comp-upsc-cse-prelims-gs1,2024,Paper-I General Studies,General Studies,70,OFFICIAL_PYQ,single_mcq,"hi,en",FULLY_MAPPED,VERIFIED_OFFICIAL_KEY,UNIQUE_VERIFIED,CLEAN_VERIFIED,FULL_EXAM_ELIGIBLE
q-upsc-cse-2024-gs1-q071,src-upsc-cse-portal,comp-upsc-cse-prelims-gs1,2024,Paper-I General Studies,General Studies,71,OFFICIAL_PYQ,single_mcq,"hi,en",FULLY_MAPPED,VERIFIED_OFFICIAL_KEY,UNIQUE_VERIFIED,CLEAN_VERIFIED,FULL_EXAM_ELIGIBLE
q-upsc-cse-2024-gs1-q072,src-upsc-cse-portal,comp-upsc-cse-prelims-gs1,2024,Paper-I General Studies,General Studies,72,OFFICIAL_PYQ,single_mcq,"hi,en",FULLY_MAPPED,VERIFIED_OFFICIAL_KEY,UNIQUE_VERIFIED,CLEAN_VERIFIED,FULL_EXAM_ELIGIBLE
q-upsc-cse-2024-gs1-q073,src-upsc-cse-portal,comp-upsc-cse-prelims-gs1,2024,Paper-I General Studies,General Studies,73,OFFICIAL_PYQ,single_mcq,"hi,en",FULLY_MAPPED,VERIFIED_OFFICIAL_KEY,UNIQUE_VERIFIED,CLEAN_VERIFIED,FULL_EXAM_ELIGIBLE
q-upsc-cse-2024-gs1-q074,src-upsc-cse-portal,comp-upsc-cse-prelims-gs1,2024,Paper-I General Studies,General Studies,74,OFFICIAL_PYQ,single_mcq,"hi,en",FULLY_MAPPED,VERIFIED_OFFICIAL_KEY,UNIQUE_VERIFIED,CLEAN_VERIFIED,FULL_EXAM_ELIGIBLE
q-upsc-cse-2024-gs1-q075,src-upsc-cse-portal,comp-upsc-cse-prelims-gs1,2024,Paper-I General Studies,General Studies,75,OFFICIAL_PYQ,single_mcq,"hi,en",FULLY_MAPPED,VERIFIED_OFFICIAL_KEY,UNIQUE_VERIFIED,CLEAN_VERIFIED,FULL_EXAM_ELIGIBLE
q-upsc-cse-2024-gs1-q076,src-upsc-cse-portal,comp-upsc-cse-prelims-gs1,2024,Paper-I General Studies,General Studies,76,OFFICIAL_PYQ,single_mcq,"hi,en",FULLY_MAPPED,VERIFIED_OFFICIAL_KEY,UNIQUE_VERIFIED,CLEAN_VERIFIED,FULL_EXAM_ELIGIBLE
q-upsc-cse-2024-gs1-q077,src-upsc-cse-portal,comp-upsc-cse-prelims-gs1,2024,Paper-I General Studies,General Studies,77,OFFICIAL_PYQ,single_mcq,"hi,en",FULLY_MAPPED,VERIFIED_OFFICIAL_KEY,UNIQUE_VERIFIED,CLEAN_VERIFIED,FULL_EXAM_ELIGIBLE
q-upsc-cse-2024-gs1-q078,src-upsc-cse-portal,comp-upsc-cse-prelims-gs1,2024,Paper-I General Studies,General Studies,78,OFFICIAL_PYQ,single_mcq,"hi,en",FULLY_MAPPED,VERIFIED_OFFICIAL_KEY,UNIQUE_VERIFIED,CLEAN_VERIFIED,FULL_EXAM_ELIGIBLE
q-upsc-cse-2024-gs1-q079,src-upsc-cse-portal,comp-upsc-cse-prelims-gs1,2024,Paper-I General Studies,General Studies,79,OFFICIAL_PYQ,single_mcq,"hi,en",FULLY_MAPPED,VERIFIED_OFFICIAL_KEY,UNIQUE_VERIFIED,CLEAN_VERIFIED,FULL_EXAM_ELIGIBLE
q-upsc-cse-2024-gs1-q080,src-upsc-cse-portal,comp-upsc-cse-prelims-gs1,2024,Paper-I General Studies,General Studies,80,OFFICIAL_PYQ,single_mcq,"hi,en",FULLY_MAPPED,VERIFIED_OFFICIAL_KEY,UNIQUE_VERIFIED,CLEAN_VERIFIED,FULL_EXAM_ELIGIBLE
q-upsc-cse-2024-gs1-q081,src-upsc-cse-portal,comp-upsc-cse-prelims-gs1,2024,Paper-I General Studies,General Studies,81,OFFICIAL_PYQ,single_mcq,"hi,en",FULLY_MAPPED,VERIFIED_OFFICIAL_KEY,UNIQUE_VERIFIED,CLEAN_VERIFIED,FULL_EXAM_ELIGIBLE
q-upsc-cse-2024-gs1-q082,src-upsc-cse-portal,comp-upsc-cse-prelims-gs1,2024,Paper-I General Studies,General Studies,82,OFFICIAL_PYQ,single_mcq,"hi,en",FULLY_MAPPED,VERIFIED_OFFICIAL_KEY,UNIQUE_VERIFIED,CLEAN_VERIFIED,FULL_EXAM_ELIGIBLE
q-upsc-cse-2024-gs1-q083,src-upsc-cse-portal,comp-upsc-cse-prelims-gs1,2024,Paper-I General Studies,General Studies,83,OFFICIAL_PYQ,single_mcq,"hi,en",FULLY_MAPPED,VERIFIED_OFFICIAL_KEY,UNIQUE_VERIFIED,CLEAN_VERIFIED,FULL_EXAM_ELIGIBLE
q-upsc-cse-2024-gs1-q084,src-upsc-cse-portal,comp-upsc-cse-prelims-gs1,2024,Paper-I General Studies,General Studies,84,OFFICIAL_PYQ,single_mcq,"hi,en",FULLY_MAPPED,VERIFIED_OFFICIAL_KEY,UNIQUE_VERIFIED,CLEAN_VERIFIED,FULL_EXAM_ELIGIBLE
q-upsc-cse-2024-gs1-q085,src-upsc-cse-portal,comp-upsc-cse-prelims-gs1,2024,Paper-I General Studies,General Studies,85,OFFICIAL_PYQ,single_mcq,"hi,en",FULLY_MAPPED,VERIFIED_OFFICIAL_KEY,UNIQUE_VERIFIED,CLEAN_VERIFIED,FULL_EXAM_ELIGIBLE
q-upsc-cse-2024-gs1-q086,src-upsc-cse-portal,comp-upsc-cse-prelims-gs1,2024,Paper-I General Studies,General Studies,86,OFFICIAL_PYQ,single_mcq,"hi,en",FULLY_MAPPED,VERIFIED_OFFICIAL_KEY,UNIQUE_VERIFIED,CLEAN_VERIFIED,FULL_EXAM_ELIGIBLE
q-upsc-cse-2024-gs1-q087,src-upsc-cse-portal,comp-upsc-cse-prelims-gs1,2024,Paper-I General Studies,General Studies,87,OFFICIAL_PYQ,single_mcq,"hi,en",FULLY_MAPPED,VERIFIED_OFFICIAL_KEY,UNIQUE_VERIFIED,CLEAN_VERIFIED,FULL_EXAM_ELIGIBLE
q-upsc-cse-2024-gs1-q088,src-upsc-cse-portal,comp-upsc-cse-prelims-gs1,2024,Paper-I General Studies,General Studies,88,OFFICIAL_PYQ,single_mcq,"hi,en",FULLY_MAPPED,VERIFIED_OFFICIAL_KEY,UNIQUE_VERIFIED,CLEAN_VERIFIED,FULL_EXAM_ELIGIBLE
q-upsc-cse-2024-gs1-q089,src-upsc-cse-portal,comp-upsc-cse-prelims-gs1,2024,Paper-I General Studies,General Studies,89,OFFICIAL_PYQ,single_mcq,"hi,en",FULLY_MAPPED,VERIFIED_OFFICIAL_KEY,UNIQUE_VERIFIED,CLEAN_VERIFIED,FULL_EXAM_ELIGIBLE
q-upsc-cse-2024-gs1-q090,src-upsc-cse-portal,comp-upsc-cse-prelims-gs1,2024,Paper-I General Studies,General Studies,90,OFFICIAL_PYQ,single_mcq,"hi,en",FULLY_MAPPED,VERIFIED_OFFICIAL_KEY,UNIQUE_VERIFIED,CLEAN_VERIFIED,FULL_EXAM_ELIGIBLE
q-upsc-cse-2024-gs1-q091,src-upsc-cse-portal,comp-upsc-cse-prelims-gs1,2024,Paper-I General Studies,General Studies,91,OFFICIAL_PYQ,single_mcq,"hi,en",FULLY_MAPPED,VERIFIED_OFFICIAL_KEY,UNIQUE_VERIFIED,CLEAN_VERIFIED,FULL_EXAM_ELIGIBLE
q-upsc-cse-2024-gs1-q092,src-upsc-cse-portal,comp-upsc-cse-prelims-gs1,2024,Paper-I General Studies,General Studies,92,OFFICIAL_PYQ,single_mcq,"hi,en",FULLY_MAPPED,VERIFIED_OFFICIAL_KEY,UNIQUE_VERIFIED,CLEAN_VERIFIED,FULL_EXAM_ELIGIBLE
q-upsc-cse-2024-gs1-q093,src-upsc-cse-portal,comp-upsc-cse-prelims-gs1,2024,Paper-I General Studies,General Studies,93,OFFICIAL_PYQ,single_mcq,"hi,en",FULLY_MAPPED,VERIFIED_OFFICIAL_KEY,UNIQUE_VERIFIED,CLEAN_VERIFIED,FULL_EXAM_ELIGIBLE
q-upsc-cse-2024-gs1-q094,src-upsc-cse-portal,comp-upsc-cse-prelims-gs1,2024,Paper-I General Studies,General Studies,94,OFFICIAL_PYQ,single_mcq,"hi,en",FULLY_MAPPED,VERIFIED_OFFICIAL_KEY,UNIQUE_VERIFIED,CLEAN_VERIFIED,FULL_EXAM_ELIGIBLE
q-upsc-cse-2024-gs1-q095,src-upsc-cse-portal,comp-upsc-cse-prelims-gs1,2024,Paper-I General Studies,General Studies,95,OFFICIAL_PYQ,single_mcq,"hi,en",FULLY_MAPPED,VERIFIED_OFFICIAL_KEY,UNIQUE_VERIFIED,CLEAN_VERIFIED,FULL_EXAM_ELIGIBLE
q-upsc-cse-2024-gs1-q096,src-upsc-cse-portal,comp-upsc-cse-prelims-gs1,2024,Paper-I General Studies,General Studies,96,OFFICIAL_PYQ,single_mcq,"hi,en",FULLY_MAPPED,VERIFIED_OFFICIAL_KEY,UNIQUE_VERIFIED,CLEAN_VERIFIED,FULL_EXAM_ELIGIBLE
q-upsc-cse-2024-gs1-q097,src-upsc-cse-portal,comp-upsc-cse-prelims-gs1,2024,Paper-I General Studies,General Studies,97,OFFICIAL_PYQ,single_mcq,"hi,en",FULLY_MAPPED,VERIFIED_OFFICIAL_KEY,UNIQUE_VERIFIED,CLEAN_VERIFIED,FULL_EXAM_ELIGIBLE
q-upsc-cse-2024-gs1-q098,src-upsc-cse-portal,comp-upsc-cse-prelims-gs1,2024,Paper-I General Studies,General Studies,98,OFFICIAL_PYQ,single_mcq,"hi,en",FULLY_MAPPED,VERIFIED_OFFICIAL_KEY,UNIQUE_VERIFIED,CLEAN_VERIFIED,FULL_EXAM_ELIGIBLE
q-upsc-cse-2024-gs1-q099,src-upsc-cse-portal,comp-upsc-cse-prelims-gs1,2024,Paper-I General Studies,General Studies,99,OFFICIAL_PYQ,single_mcq,"hi,en",FULLY_MAPPED,VERIFIED_OFFICIAL_KEY,UNIQUE_VERIFIED,CLEAN_VERIFIED,FULL_EXAM_ELIGIBLE
q-upsc-cse-2024-gs1-q100,src-upsc-cse-portal,comp-upsc-cse-prelims-gs1,2024,Paper-I General Studies,General Studies,100,OFFICIAL_PYQ,single_mcq,"hi,en",FULLY_MAPPED,VERIFIED_OFFICIAL_KEY,UNIQUE_VERIFIED,CLEAN_VERIFIED,FULL_EXAM_ELIGIBLE
q-upsc-nda-2023-gat-q1,src-verified-pyq-archive,comp-upsc-nda-gat,2023,Paper-II General Ability Test,General Ability Test,1,OFFICIAL_PYQ,single_mcq,"hi,en",FULLY_MAPPED,VERIFIED_OFFICIAL_KEY,UNIQUE_VERIFIED,CLEAN_VERIFIED,PYQ_ELIGIBLE