question_id,source_id,exam_id,component_id,year,academic_year,stage,paper,subject,section,question_type,language,medium,question_number,shift,set,provenance,answer_source_id,syllabus_id,chapter,topic,verification_status,eligibility_status
q-c12-acc-0001,src-cbse-board-portal,cbse-board,comp-cbse-board-cls12-com-accountancy,2026,2026,Class 12 Annual Exam,Accountancy Theory Paper,Accountancy,Senior Secondary Domain,single_mcq,"hi,en",Bilingual (Hindi & English),1,Shift 1,Set A,HUMAN_CURATED,key-standard,syl-cbse-board-2026,NOT_VERIFIED,NOT_VERIFIED,HISTORICAL_VERIFIED,PRACTICE_ELIGIBLE
q-c12-acc-0002,src-cbse-board-portal,cbse-board,comp-cbse-board-cls12-com-accountancy,2026,2026,Class 12 Annual Exam,Accountancy Theory Paper,Accountancy,Senior Secondary Domain,single_mcq,"hi,en",Bilingual (Hindi & English),1,Shift 1,Set A,HUMAN_CURATED,key-standard,syl-cbse-board-2026,NOT_VERIFIED,NOT_VERIFIED,HISTORICAL_VERIFIED,PRACTICE_ELIGIBLE
q-c12-acc-0003,src-cbse-board-portal,cbse-board,comp-cbse-board-cls12-com-accountancy,2026,2026,Class 12 Annual Exam,Accountancy Theory Paper,Accountancy,Senior Secondary Domain,single_mcq,"hi,en",Bilingual (Hindi & English),1,Shift 1,Set A,HUMAN_CURATED,key-standard,syl-cbse-board-2026,NOT_VERIFIED,NOT_VERIFIED,HISTORICAL_VERIFIED,PRACTICE_ELIGIBLE
q-c12-acc-0004,src-cbse-board-portal,cbse-board,comp-cbse-board-cls12-com-accountancy,2026,2026,Class 12 Annual Exam,Accountancy Theory Paper,Accountancy,Senior Secondary Domain,single_mcq,"hi,en",Bilingual (Hindi & English),1,Shift 1,Set A,HUMAN_CURATED,key-standard,syl-cbse-board-2026,NOT_VERIFIED,NOT_VERIFIED,HISTORICAL_VERIFIED,PRACTICE_ELIGIBLE
q-c12-acc-0005,src-cbse-board-portal,cbse-board,comp-cbse-board-cls12-com-accountancy,2026,2026,Class 12 Annual Exam,Accountancy Theory Paper,Accountancy,Senior Secondary Domain,single_mcq,"hi,en",Bilingual (Hindi & English),1,Shift 1,Set A,HUMAN_CURATED,key-standard,syl-cbse-board-2026,NOT_VERIFIED,NOT_VERIFIED,HISTORICAL_VERIFIED,PRACTICE_ELIGIBLE
q-c12-acc-0006,src-cbse-board-portal,cbse-board,comp-cbse-board-cls12-com-accountancy,2026,2026,Class 12 Annual Exam,Accountancy Theory Paper,Accountancy,Senior Secondary Domain,single_mcq,"hi,en",Bilingual (Hindi & English),1,Shift 1,Set A,HUMAN_CURATED,key-standard,syl-cbse-board-2026,NOT_VERIFIED,NOT_VERIFIED,HISTORICAL_VERIFIED,PRACTICE_ELIGIBLE
q-c12-acc-0007,src-cbse-board-portal,cbse-board,comp-cbse-board-cls12-com-accountancy,2026,2026,Class 12 Annual Exam,Accountancy Theory Paper,Accountancy,Senior Secondary Domain,single_mcq,"hi,en",Bilingual (Hindi & English),1,Shift 1,Set A,HUMAN_CURATED,key-standard,syl-cbse-board-2026,NOT_VERIFIED,NOT_VERIFIED,HISTORICAL_VERIFIED,PRACTICE_ELIGIBLE
q-c12-acc-0008,src-cbse-board-portal,cbse-board,comp-cbse-board-cls12-com-accountancy,2026,2026,Class 12 Annual Exam,Accountancy Theory Paper,Accountancy,Senior Secondary Domain,single_mcq,"hi,en",Bilingual (Hindi & English),1,Shift 1,Set A,HUMAN_CURATED,key-standard,syl-cbse-board-2026,NOT_VERIFIED,NOT_VERIFIED,HISTORICAL_VERIFIED,PRACTICE_ELIGIBLE
q-c12-acc-0009,src-cbse-board-portal,cbse-board,comp-cbse-board-cls12-com-accountancy,2026,2026,Class 12 Annual Exam,Accountancy Theory Paper,Accountancy,Senior Secondary Domain,single_mcq,"hi,en",Bilingual (Hindi & English),1,Shift 1,Set A,HUMAN_CURATED,key-standard,syl-cbse-board-2026,NOT_VERIFIED,NOT_VERIFIED,HISTORICAL_VERIFIED,PRACTICE_ELIGIBLE
q-c12-acc-0010,src-cbse-board-portal,cbse-board,comp-cbse-board-cls12-com-accountancy,2026,2026,Class 12 Annual Exam,Accountancy Theory Paper,Accountancy,Senior Secondary Domain,single_mcq,"hi,en",Bilingual (Hindi & English),1,Shift 1,Set A,HUMAN_CURATED,key-standard,syl-cbse-board-2026,NOT_VERIFIED,NOT_VERIFIED,HISTORICAL_VERIFIED,PRACTICE_ELIGIBLE
q-c12-acc-0011,src-cbse-board-portal,cbse-board,comp-cbse-board-cls12-com-accountancy,2026,2026,Class 12 Annual Exam,Accountancy Theory Paper,Accountancy,Senior Secondary Domain,single_mcq,"hi,en",Bilingual (Hindi & English),1,Shift 1,Set A,HUMAN_CURATED,key-standard,syl-cbse-board-2026,NOT_VERIFIED,NOT_VERIFIED,HISTORICAL_VERIFIED,PRACTICE_ELIGIBLE
q-c12-acc-0012,src-cbse-board-portal,cbse-board,comp-cbse-board-cls12-com-accountancy,2026,2026,Class 12 Annual Exam,Accountancy Theory Paper,Accountancy,Senior Secondary Domain,single_mcq,"hi,en",Bilingual (Hindi & English),1,Shift 1,Set A,HUMAN_CURATED,key-standard,syl-cbse-board-2026,NOT_VERIFIED,NOT_VERIFIED,HISTORICAL_VERIFIED,PRACTICE_ELIGIBLE
q-c12-bio-0001,src-cbse-board-portal,cbse-board,comp-cbse-board-cls12-sci-biology,2026,2026,Class 12 Annual Exam,Biology Theory Paper,Biology (Botany & Zoology),Senior Secondary Domain,single_mcq,"hi,en",Bilingual (Hindi & English),1,Shift 1,Set A,HUMAN_CURATED,key-standard,syl-cbse-board-2026,NOT_VERIFIED,NOT_VERIFIED,HISTORICAL_VERIFIED,PRACTICE_ELIGIBLE
q-c12-bio-0002,src-cbse-board-portal,cbse-board,comp-cbse-board-cls12-sci-biology,2026,2026,Class 12 Annual Exam,Biology Theory Paper,Biology (Botany & Zoology),Senior Secondary Domain,single_mcq,"hi,en",Bilingual (Hindi & English),1,Shift 1,Set A,HUMAN_CURATED,key-standard,syl-cbse-board-2026,NOT_VERIFIED,NOT_VERIFIED,HISTORICAL_VERIFIED,PRACTICE_ELIGIBLE
q-c12-bio-0003,src-cbse-board-portal,cbse-board,comp-cbse-board-cls12-sci-biology,2026,2026,Class 12 Annual Exam,Biology Theory Paper,Biology (Botany & Zoology),Senior Secondary Domain,single_mcq,"hi,en",Bilingual (Hindi & English),1,Shift 1,Set A,HUMAN_CURATED,key-standard,syl-cbse-board-2026,NOT_VERIFIED,NOT_VERIFIED,HISTORICAL_VERIFIED,PRACTICE_ELIGIBLE
q-c12-bio-0004,src-cbse-board-portal,cbse-board,comp-cbse-board-cls12-sci-biology,2026,2026,Class 12 Annual Exam,Biology Theory Paper,Biology (Botany & Zoology),Senior Secondary Domain,single_mcq,"hi,en",Bilingual (Hindi & English),1,Shift 1,Set A,HUMAN_CURATED,key-standard,syl-cbse-board-2026,NOT_VERIFIED,NOT_VERIFIED,HISTORICAL_VERIFIED,PRACTICE_ELIGIBLE
q-c12-bio-0005,src-cbse-board-portal,cbse-board,comp-cbse-board-cls12-sci-biology,2026,2026,Class 12 Annual Exam,Biology Theory Paper,Biology (Botany & Zoology),Senior Secondary Domain,single_mcq,"hi,en",Bilingual (Hindi & English),1,Shift 1,Set A,HUMAN_CURATED,key-standard,syl-cbse-board-2026,NOT_VERIFIED,NOT_VERIFIED,HISTORICAL_VERIFIED,PRACTICE_ELIGIBLE
q-c12-bio-0006,src-cbse-board-portal,cbse-board,comp-cbse-board-cls12-sci-biology,2026,2026,Class 12 Annual Exam,Biology Theory Paper,Biology (Botany & Zoology),Senior Secondary Domain,single_mcq,"hi,en",Bilingual (Hindi & English),1,Shift 1,Set A,HUMAN_CURATED,key-standard,syl-cbse-board-2026,NOT_VERIFIED,NOT_VERIFIED,HISTORICAL_VERIFIED,PRACTICE_ELIGIBLE
q-c12-bio-0007,src-cbse-board-portal,cbse-board,comp-cbse-board-cls12-sci-biology,2026,2026,Class 12 Annual Exam,Biology Theory Paper,Biology (Botany & Zoology),Senior Secondary Domain,single_mcq,"hi,en",Bilingual (Hindi & English),1,Shift 1,Set A,HUMAN_CURATED,key-standard,syl-cbse-board-2026,NOT_VERIFIED,NOT_VERIFIED,HISTORICAL_VERIFIED,PRACTICE_ELIGIBLE
q-c12-bio-0008,src-cbse-board-portal,cbse-board,comp-cbse-board-cls12-sci-biology,2026,2026,Class 12 Annual Exam,Biology Theory Paper,Biology (Botany & Zoology),Senior Secondary Domain,single_mcq,"hi,en",Bilingual (Hindi & English),1,Shift 1,Set A,HUMAN_CURATED,key-standard,syl-cbse-board-2026,NOT_VERIFIED,NOT_VERIFIED,HISTORICAL_VERIFIED,PRACTICE_ELIGIBLE
q-c12-bio-0009,src-cbse-board-portal,cbse-board,comp-cbse-board-cls12-sci-biology,2026,2026,Class 12 Annual Exam,Biology Theory Paper,Biology (Botany & Zoology),Senior Secondary Domain,single_mcq,"hi,en",Bilingual (Hindi & English),1,Shift 1,Set A,HUMAN_CURATED,key-standard,syl-cbse-board-2026,NOT_VERIFIED,NOT_VERIFIED,HISTORICAL_VERIFIED,PRACTICE_ELIGIBLE
q-c12-bio-0010,src-cbse-board-portal,cbse-board,comp-cbse-board-cls12-sci-biology,2026,2026,Class 12 Annual Exam,Biology Theory Paper,Biology (Botany & Zoology),Senior Secondary Domain,single_mcq,"hi,en",Bilingual (Hindi & English),1,Shift 1,Set A,HUMAN_CURATED,key-standard,syl-cbse-board-2026,NOT_VERIFIED,NOT_VERIFIED,HISTORICAL_VERIFIED,PRACTICE_ELIGIBLE
q-c12-bio-0011,src-cbse-board-portal,cbse-board,comp-cbse-board-cls12-sci-biology,2026,2026,Class 12 Annual Exam,Biology Theory Paper,Biology (Botany & Zoology),Senior Secondary Domain,single_mcq,"hi,en",Bilingual (Hindi & English),1,Shift 1,Set A,HUMAN_CURATED,key-standard,syl-cbse-board-2026,NOT_VERIFIED,NOT_VERIFIED,HISTORICAL_VERIFIED,PRACTICE_ELIGIBLE
q-c12-bio-0012,src-cbse-board-portal,cbse-board,comp-cbse-board-cls12-sci-biology,2026,2026,Class 12 Annual Exam,Biology Theory Paper,Biology (Botany & Zoology),Senior Secondary Domain,single_mcq,"hi,en",Bilingual (Hindi & English),1,Shift 1,Set A,HUMAN_CURATED,key-standard,syl-cbse-board-2026,NOT_VERIFIED,NOT_VERIFIED,HISTORICAL_VERIFIED,PRACTICE_ELIGIBLE
q-c12-bio-0013,src-cbse-board-portal,cbse-board,comp-cbse-board-cls12-sci-biology,2026,2026,Class 12 Annual Exam,Biology Theory Paper,Biology (Botany & Zoology),Senior Secondary Domain,single_mcq,"hi,en",Bilingual (Hindi & English),1,Shift 1,Set A,HUMAN_CURATED,key-standard,syl-cbse-board-2026,NOT_VERIFIED,NOT_VERIFIED,HISTORICAL_VERIFIED,PRACTICE_ELIGIBLE
q-c12-bio-0014,src-cbse-board-portal,cbse-board,comp-cbse-board-cls12-sci-biology,2026,2026,Class 12 Annual Exam,Biology Theory Paper,Biology (Botany & Zoology),Senior Secondary Domain,single_mcq,"hi,en",Bilingual (Hindi & English),1,Shift 1,Set A,HUMAN_CURATED,key-standard,syl-cbse-board-2026,NOT_VERIFIED,NOT_VERIFIED,HISTORICAL_VERIFIED,PRACTICE_ELIGIBLE
q-c12-bio-0015,src-cbse-board-portal,cbse-board,comp-cbse-board-cls12-sci-biology,2026,2026,Class 12 Annual Exam,Biology Theory Paper,Biology (Botany & Zoology),Senior Secondary Domain,single_mcq,"hi,en",Bilingual (Hindi & English),1,Shift 1,Set A,HUMAN_CURATED,key-standard,syl-cbse-board-2026,NOT_VERIFIED,NOT_VERIFIED,HISTORICAL_VERIFIED,PRACTICE_ELIGIBLE
q-c12-bio-0016,src-cbse-board-portal,cbse-board,comp-cbse-board-cls12-sci-biology,2026,2026,Class 12 Annual Exam,Biology Theory Paper,Biology (Botany & Zoology),Senior Secondary Domain,single_mcq,"hi,en",Bilingual (Hindi & English),1,Shift 1,Set A,HUMAN_CURATED,key-standard,syl-cbse-board-2026,NOT_VERIFIED,NOT_VERIFIED,HISTORICAL_VERIFIED,PRACTICE_ELIGIBLE
q-c12-bio-0017,src-cbse-board-portal,cbse-board,comp-cbse-board-cls12-sci-biology,2026,2026,Class 12 Annual Exam,Biology Theory Paper,Biology (Botany & Zoology),Senior Secondary Domain,single_mcq,"hi,en",Bilingual (Hindi & English),1,Shift 1,Set A,HUMAN_CURATED,key-standard,syl-cbse-board-2026,NOT_VERIFIED,NOT_VERIFIED,HISTORICAL_VERIFIED,PRACTICE_ELIGIBLE
q-c12-bio-0018,src-cbse-board-portal,cbse-board,comp-cbse-board-cls12-sci-biology,2026,2026,Class 12 Annual Exam,Biology Theory Paper,Biology (Botany & Zoology),Senior Secondary Domain,single_mcq,"hi,en",Bilingual (Hindi & English),1,Shift 1,Set A,HUMAN_CURATED,key-standard,syl-cbse-board-2026,NOT_VERIFIED,NOT_VERIFIED,HISTORICAL_VERIFIED,PRACTICE_ELIGIBLE
q-c12-bio-0019,src-cbse-board-portal,cbse-board,comp-cbse-board-cls12-sci-biology,2026,2026,Class 12 Annual Exam,Biology Theory Paper,Biology (Botany & Zoology),Senior Secondary Domain,single_mcq,"hi,en",Bilingual (Hindi & English),1,Shift 1,Set A,HUMAN_CURATED,key-standard,syl-cbse-board-2026,NOT_VERIFIED,NOT_VERIFIED,HISTORICAL_VERIFIED,PRACTICE_ELIGIBLE
q-c12-bio-0020,src-cbse-board-portal,cbse-board,comp-cbse-board-cls12-sci-biology,2026,2026,Class 12 Annual Exam,Biology Theory Paper,Biology (Botany & Zoology),Senior Secondary Domain,single_mcq,"hi,en",Bilingual (Hindi & English),1,Shift 1,Set A,HUMAN_CURATED,key-standard,syl-cbse-board-2026,NOT_VERIFIED,NOT_VERIFIED,HISTORICAL_VERIFIED,PRACTICE_ELIGIBLE
q-c12-bio-0021,src-cbse-board-portal,cbse-board,comp-cbse-board-cls12-sci-biology,2026,2026,Class 12 Annual Exam,Biology Theory Paper,Biology (Botany & Zoology),Senior Secondary Domain,single_mcq,"hi,en",Bilingual (Hindi & English),1,Shift 1,Set A,HUMAN_CURATED,key-standard,syl-cbse-board-2026,NOT_VERIFIED,NOT_VERIFIED,HISTORICAL_VERIFIED,PRACTICE_ELIGIBLE
q-c12-bio-0022,src-cbse-board-portal,cbse-board,comp-cbse-board-cls12-sci-biology,2026,2026,Class 12 Annual Exam,Biology Theory Paper,Biology (Botany & Zoology),Senior Secondary Domain,single_mcq,"hi,en",Bilingual (Hindi & English),1,Shift 1,Set A,HUMAN_CURATED,key-standard,syl-cbse-board-2026,NOT_VERIFIED,NOT_VERIFIED,HISTORICAL_VERIFIED,PRACTICE_ELIGIBLE
q-c12-bio-0023,src-cbse-board-portal,cbse-board,comp-cbse-board-cls12-sci-biology,2026,2026,Class 12 Annual Exam,Biology Theory Paper,Biology (Botany & Zoology),Senior Secondary Domain,single_mcq,"hi,en",Bilingual (Hindi & English),1,Shift 1,Set A,HUMAN_CURATED,key-standard,syl-cbse-board-2026,NOT_VERIFIED,NOT_VERIFIED,HISTORICAL_VERIFIED,PRACTICE_ELIGIBLE
q-c12-bio-0024,src-cbse-board-portal,cbse-board,comp-cbse-board-cls12-sci-biology,2026,2026,Class 12 Annual Exam,Biology Theory Paper,Biology (Botany & Zoology),Senior Secondary Domain,single_mcq,"hi,en",Bilingual (Hindi & English),1,Shift 1,Set A,HUMAN_CURATED,key-standard,syl-cbse-board-2026,NOT_VERIFIED,NOT_VERIFIED,HISTORICAL_VERIFIED,PRACTICE_ELIGIBLE
q-c12-bio-0025,src-cbse-board-portal,cbse-board,comp-cbse-board-cls12-sci-biology,2026,2026,Class 12 Annual Exam,Biology Theory Paper,Biology (Botany & Zoology),Senior Secondary Domain,single_mcq,"hi,en",Bilingual (Hindi & English),1,Shift 1,Set A,HUMAN_CURATED,key-standard,syl-cbse-board-2026,NOT_VERIFIED,NOT_VERIFIED,HISTORICAL_VERIFIED,PRACTICE_ELIGIBLE
q-c12-bio-0026,src-cbse-board-portal,cbse-board,comp-cbse-board-cls12-sci-biology,2026,2026,Class 12 Annual Exam,Biology Theory Paper,Biology (Botany & Zoology),Senior Secondary Domain,single_mcq,"hi,en",Bilingual (Hindi & English),1,Shift 1,Set A,HUMAN_CURATED,key-standard,syl-cbse-board-2026,NOT_VERIFIED,NOT_VERIFIED,HISTORICAL_VERIFIED,PRACTICE_ELIGIBLE
q-c12-bio-0027,src-cbse-board-portal,cbse-board,comp-cbse-board-cls12-sci-biology,2026,2026,Class 12 Annual Exam,Biology Theory Paper,Biology (Botany & Zoology),Senior Secondary Domain,single_mcq,"hi,en",Bilingual (Hindi & English),1,Shift 1,Set A,HUMAN_CURATED,key-standard,syl-cbse-board-2026,NOT_VERIFIED,NOT_VERIFIED,HISTORICAL_VERIFIED,PRACTICE_ELIGIBLE
q-c12-bio-0028,src-cbse-board-portal,cbse-board,comp-cbse-board-cls12-sci-biology,2026,2026,Class 12 Annual Exam,Biology Theory Paper,Biology (Botany & Zoology),Senior Secondary Domain,single_mcq,"hi,en",Bilingual (Hindi & English),1,Shift 1,Set A,HUMAN_CURATED,key-standard,syl-cbse-board-2026,NOT_VERIFIED,NOT_VERIFIED,HISTORICAL_VERIFIED,PRACTICE_ELIGIBLE
q-c12-bio-0029,src-cbse-board-portal,cbse-board,comp-cbse-board-cls12-sci-biology,2026,2026,Class 12 Annual Exam,Biology Theory Paper,Biology (Botany & Zoology),Senior Secondary Domain,single_mcq,"hi,en",Bilingual (Hindi & English),1,Shift 1,Set A,HUMAN_CURATED,key-standard,syl-cbse-board-2026,NOT_VERIFIED,NOT_VERIFIED,HISTORICAL_VERIFIED,PRACTICE_ELIGIBLE
q-c12-bio-0030,src-cbse-board-portal,cbse-board,comp-cbse-board-cls12-sci-biology,2026,2026,Class 12 Annual Exam,Biology Theory Paper,Biology (Botany & Zoology),Senior Secondary Domain,single_mcq,"hi,en",Bilingual (Hindi & English),1,Shift 1,Set A,HUMAN_CURATED,key-standard,syl-cbse-board-2026,NOT_VERIFIED,NOT_VERIFIED,HISTORICAL_VERIFIED,PRACTICE_ELIGIBLE
q-c12-bio-0031,src-cbse-board-portal,cbse-board,comp-cbse-board-cls12-sci-biology,2026,2026,Class 12 Annual Exam,Biology Theory Paper,Biology (Botany & Zoology),Senior Secondary Domain,single_mcq,"hi,en",Bilingual (Hindi & English),1,Shift 1,Set A,HUMAN_CURATED,key-standard,syl-cbse-board-2026,NOT_VERIFIED,NOT_VERIFIED,HISTORICAL_VERIFIED,PRACTICE_ELIGIBLE
q-c12-bio-0032,src-cbse-board-portal,cbse-board,comp-cbse-board-cls12-sci-biology,2026,2026,Class 12 Annual Exam,Biology Theory Paper,Biology (Botany & Zoology),Senior Secondary Domain,single_mcq,"hi,en",Bilingual (Hindi & English),1,Shift 1,Set A,HUMAN_CURATED,key-standard,syl-cbse-board-2026,NOT_VERIFIED,NOT_VERIFIED,HISTORICAL_VERIFIED,PRACTICE_ELIGIBLE
q-c12-bio-0033,src-cbse-board-portal,cbse-board,comp-cbse-board-cls12-sci-biology,2026,2026,Class 12 Annual Exam,Biology Theory Paper,Biology (Botany & Zoology),Senior Secondary Domain,single_mcq,"hi,en",Bilingual (Hindi & English),1,Shift 1,Set A,HUMAN_CURATED,key-standard,syl-cbse-board-2026,NOT_VERIFIED,NOT_VERIFIED,HISTORICAL_VERIFIED,PRACTICE_ELIGIBLE
q-c12-bio-0034,src-cbse-board-portal,cbse-board,comp-cbse-board-cls12-sci-biology,2026,2026,Class 12 Annual Exam,Biology Theory Paper,Biology (Botany & Zoology),Senior Secondary Domain,single_mcq,"hi,en",Bilingual (Hindi & English),1,Shift 1,Set A,HUMAN_CURATED,key-standard,syl-cbse-board-2026,NOT_VERIFIED,NOT_VERIFIED,HISTORICAL_VERIFIED,PRACTICE_ELIGIBLE
q-c12-bio-0035,src-cbse-board-portal,cbse-board,comp-cbse-board-cls12-sci-biology,2026,2026,Class 12 Annual Exam,Biology Theory Paper,Biology (Botany & Zoology),Senior Secondary Domain,single_mcq,"hi,en",Bilingual (Hindi & English),1,Shift 1,Set A,HUMAN_CURATED,key-standard,syl-cbse-board-2026,NOT_VERIFIED,NOT_VERIFIED,HISTORICAL_VERIFIED,PRACTICE_ELIGIBLE
q-c12-bus-0001,src-cbse-board-portal,cbse-board,comp-cbse-board-cls12-com-business,2026,2026,Class 12 Annual Exam,Business Studies Theory Paper,Business Studies,Senior Secondary Domain,single_mcq,"hi,en",Bilingual (Hindi & English),1,Shift 1,Set A,HUMAN_CURATED,key-standard,syl-cbse-board-2026,NOT_VERIFIED,NOT_VERIFIED,HISTORICAL_VERIFIED,PRACTICE_ELIGIBLE
q-c12-bus-0002,src-cbse-board-portal,cbse-board,comp-cbse-board-cls12-com-business,2026,2026,Class 12 Annual Exam,Business Studies Theory Paper,Business Studies,Senior Secondary Domain,single_mcq,"hi,en",Bilingual (Hindi & English),1,Shift 1,Set A,HUMAN_CURATED,key-standard,syl-cbse-board-2026,NOT_VERIFIED,NOT_VERIFIED,HISTORICAL_VERIFIED,PRACTICE_ELIGIBLE
q-c12-bus-0003,src-cbse-board-portal,cbse-board,comp-cbse-board-cls12-com-business,2026,2026,Class 12 Annual Exam,Business Studies Theory Paper,Business Studies,Senior Secondary Domain,single_mcq,"hi,en",Bilingual (Hindi & English),1,Shift 1,Set A,HUMAN_CURATED,key-standard,syl-cbse-board-2026,NOT_VERIFIED,NOT_VERIFIED,HISTORICAL_VERIFIED,PRACTICE_ELIGIBLE
q-c12-bus-0004,src-cbse-board-portal,cbse-board,comp-cbse-board-cls12-com-business,2026,2026,Class 12 Annual Exam,Business Studies Theory Paper,Business Studies,Senior Secondary Domain,single_mcq,"hi,en",Bilingual (Hindi & English),1,Shift 1,Set A,HUMAN_CURATED,key-standard,syl-cbse-board-2026,NOT_VERIFIED,NOT_VERIFIED,HISTORICAL_VERIFIED,PRACTICE_ELIGIBLE
q-c12-bus-0005,src-cbse-board-portal,cbse-board,comp-cbse-board-cls12-com-business,2026,2026,Class 12 Annual Exam,Business Studies Theory Paper,Business Studies,Senior Secondary Domain,single_mcq,"hi,en",Bilingual (Hindi & English),1,Shift 1,Set A,HUMAN_CURATED,key-standard,syl-cbse-board-2026,NOT_VERIFIED,NOT_VERIFIED,HISTORICAL_VERIFIED,PRACTICE_ELIGIBLE
q-c12-bus-0006,src-cbse-board-portal,cbse-board,comp-cbse-board-cls12-com-business,2026,2026,Class 12 Annual Exam,Business Studies Theory Paper,Business Studies,Senior Secondary Domain,single_mcq,"hi,en",Bilingual (Hindi & English),1,Shift 1,Set A,HUMAN_CURATED,key-standard,syl-cbse-board-2026,NOT_VERIFIED,NOT_VERIFIED,HISTORICAL_VERIFIED,PRACTICE_ELIGIBLE
q-c12-bus-0007,src-cbse-board-portal,cbse-board,comp-cbse-board-cls12-com-business,2026,2026,Class 12 Annual Exam,Business Studies Theory Paper,Business Studies,Senior Secondary Domain,single_mcq,"hi,en",Bilingual (Hindi & English),1,Shift 1,Set A,HUMAN_CURATED,key-standard,syl-cbse-board-2026,NOT_VERIFIED,NOT_VERIFIED,HISTORICAL_VERIFIED,PRACTICE_ELIGIBLE
q-c12-bus-0008,src-cbse-board-portal,cbse-board,comp-cbse-board-cls12-com-business,2026,2026,Class 12 Annual Exam,Business Studies Theory Paper,Business Studies,Senior Secondary Domain,single_mcq,"hi,en",Bilingual (Hindi & English),1,Shift 1,Set A,HUMAN_CURATED,key-standard,syl-cbse-board-2026,NOT_VERIFIED,NOT_VERIFIED,HISTORICAL_VERIFIED,PRACTICE_ELIGIBLE
q-c12-bus-0009,src-cbse-board-portal,cbse-board,comp-cbse-board-cls12-com-business,2026,2026,Class 12 Annual Exam,Business Studies Theory Paper,Business Studies,Senior Secondary Domain,single_mcq,"hi,en",Bilingual (Hindi & English),1,Shift 1,Set A,HUMAN_CURATED,key-standard,syl-cbse-board-2026,NOT_VERIFIED,NOT_VERIFIED,HISTORICAL_VERIFIED,PRACTICE_ELIGIBLE
q-c12-bus-0010,src-cbse-board-portal,cbse-board,comp-cbse-board-cls12-com-business,2026,2026,Class 12 Annual Exam,Business Studies Theory Paper,Business Studies,Senior Secondary Domain,single_mcq,"hi,en",Bilingual (Hindi & English),1,Shift 1,Set A,HUMAN_CURATED,key-standard,syl-cbse-board-2026,NOT_VERIFIED,NOT_VERIFIED,HISTORICAL_VERIFIED,PRACTICE_ELIGIBLE
q-c12-bus-0011,src-cbse-board-portal,cbse-board,comp-cbse-board-cls12-com-business,2026,2026,Class 12 Annual Exam,Business Studies Theory Paper,Business Studies,Senior Secondary Domain,single_mcq,"hi,en",Bilingual (Hindi & English),1,Shift 1,Set A,HUMAN_CURATED,key-standard,syl-cbse-board-2026,NOT_VERIFIED,NOT_VERIFIED,HISTORICAL_VERIFIED,PRACTICE_ELIGIBLE
q-c12-bus-0012,src-cbse-board-portal,cbse-board,comp-cbse-board-cls12-com-business,2026,2026,Class 12 Annual Exam,Business Studies Theory Paper,Business Studies,Senior Secondary Domain,single_mcq,"hi,en",Bilingual (Hindi & English),1,Shift 1,Set A,HUMAN_CURATED,key-standard,syl-cbse-board-2026,NOT_VERIFIED,NOT_VERIFIED,HISTORICAL_VERIFIED,PRACTICE_ELIGIBLE
q-c12-chm-0001,src-cbse-board-portal,cbse-board,comp-cbse-board-cls12-sci-chemistry,2026,2026,Class 12 Annual Exam,Chemistry Theory Paper,Chemistry,Senior Secondary Domain,single_mcq,"hi,en",Bilingual (Hindi & English),1,Shift 1,Set A,HUMAN_CURATED,key-standard,syl-cbse-board-2026,NOT_VERIFIED,NOT_VERIFIED,HISTORICAL_VERIFIED,PRACTICE_ELIGIBLE
q-c12-chm-0002,src-cbse-board-portal,cbse-board,comp-cbse-board-cls12-sci-chemistry,2026,2026,Class 12 Annual Exam,Chemistry Theory Paper,Chemistry,Senior Secondary Domain,single_mcq,"hi,en",Bilingual (Hindi & English),1,Shift 1,Set A,HUMAN_CURATED,key-standard,syl-cbse-board-2026,NOT_VERIFIED,NOT_VERIFIED,HISTORICAL_VERIFIED,PRACTICE_ELIGIBLE
q-c12-chm-0003,src-cbse-board-portal,cbse-board,comp-cbse-board-cls12-sci-chemistry,2026,2026,Class 12 Annual Exam,Chemistry Theory Paper,Chemistry,Senior Secondary Domain,single_mcq,"hi,en",Bilingual (Hindi & English),1,Shift 1,Set A,HUMAN_CURATED,key-standard,syl-cbse-board-2026,NOT_VERIFIED,NOT_VERIFIED,HISTORICAL_VERIFIED,PRACTICE_ELIGIBLE
q-c12-chm-0004,src-cbse-board-portal,cbse-board,comp-cbse-board-cls12-sci-chemistry,2026,2026,Class 12 Annual Exam,Chemistry Theory Paper,Chemistry,Senior Secondary Domain,single_mcq,"hi,en",Bilingual (Hindi & English),1,Shift 1,Set A,HUMAN_CURATED,key-standard,syl-cbse-board-2026,NOT_VERIFIED,NOT_VERIFIED,HISTORICAL_VERIFIED,PRACTICE_ELIGIBLE
q-c12-chm-0005,src-cbse-board-portal,cbse-board,comp-cbse-board-cls12-sci-chemistry,2026,2026,Class 12 Annual Exam,Chemistry Theory Paper,Chemistry,Senior Secondary Domain,single_mcq,"hi,en",Bilingual (Hindi & English),1,Shift 1,Set A,HUMAN_CURATED,key-standard,syl-cbse-board-2026,NOT_VERIFIED,NOT_VERIFIED,HISTORICAL_VERIFIED,PRACTICE_ELIGIBLE
q-c12-chm-0006,src-cbse-board-portal,cbse-board,comp-cbse-board-cls12-sci-chemistry,2026,2026,Class 12 Annual Exam,Chemistry Theory Paper,Chemistry,Senior Secondary Domain,single_mcq,"hi,en",Bilingual (Hindi & English),1,Shift 1,Set A,HUMAN_CURATED,key-standard,syl-cbse-board-2026,NOT_VERIFIED,NOT_VERIFIED,HISTORICAL_VERIFIED,PRACTICE_ELIGIBLE
q-c12-chm-0007,src-cbse-board-portal,cbse-board,comp-cbse-board-cls12-sci-chemistry,2026,2026,Class 12 Annual Exam,Chemistry Theory Paper,Chemistry,Senior Secondary Domain,single_mcq,"hi,en",Bilingual (Hindi & English),1,Shift 1,Set A,HUMAN_CURATED,key-standard,syl-cbse-board-2026,NOT_VERIFIED,NOT_VERIFIED,HISTORICAL_VERIFIED,PRACTICE_ELIGIBLE
q-c12-chm-0008,src-cbse-board-portal,cbse-board,comp-cbse-board-cls12-sci-chemistry,2026,2026,Class 12 Annual Exam,Chemistry Theory Paper,Chemistry,Senior Secondary Domain,single_mcq,"hi,en",Bilingual (Hindi & English),1,Shift 1,Set A,HUMAN_CURATED,key-standard,syl-cbse-board-2026,NOT_VERIFIED,NOT_VERIFIED,HISTORICAL_VERIFIED,PRACTICE_ELIGIBLE
q-c12-chm-0009,src-cbse-board-portal,cbse-board,comp-cbse-board-cls12-sci-chemistry,2026,2026,Class 12 Annual Exam,Chemistry Theory Paper,Chemistry,Senior Secondary Domain,single_mcq,"hi,en",Bilingual (Hindi & English),1,Shift 1,Set A,HUMAN_CURATED,key-standard,syl-cbse-board-2026,NOT_VERIFIED,NOT_VERIFIED,HISTORICAL_VERIFIED,PRACTICE_ELIGIBLE
q-c12-chm-0010,src-cbse-board-portal,cbse-board,comp-cbse-board-cls12-sci-chemistry,2026,2026,Class 12 Annual Exam,Chemistry Theory Paper,Chemistry,Senior Secondary Domain,single_mcq,"hi,en",Bilingual (Hindi & English),1,Shift 1,Set A,HUMAN_CURATED,key-standard,syl-cbse-board-2026,NOT_VERIFIED,NOT_VERIFIED,HISTORICAL_VERIFIED,PRACTICE_ELIGIBLE
q-c12-chm-0011,src-cbse-board-portal,cbse-board,comp-cbse-board-cls12-sci-chemistry,2026,2026,Class 12 Annual Exam,Chemistry Theory Paper,Chemistry,Senior Secondary Domain,single_mcq,"hi,en",Bilingual (Hindi & English),1,Shift 1,Set A,HUMAN_CURATED,key-standard,syl-cbse-board-2026,NOT_VERIFIED,NOT_VERIFIED,HISTORICAL_VERIFIED,PRACTICE_ELIGIBLE
q-c12-chm-0012,src-cbse-board-portal,cbse-board,comp-cbse-board-cls12-sci-chemistry,2026,2026,Class 12 Annual Exam,Chemistry Theory Paper,Chemistry,Senior Secondary Domain,single_mcq,"hi,en",Bilingual (Hindi & English),1,Shift 1,Set A,HUMAN_CURATED,key-standard,syl-cbse-board-2026,NOT_VERIFIED,NOT_VERIFIED,HISTORICAL_VERIFIED,PRACTICE_ELIGIBLE
q-c12-chm-0013,src-cbse-board-portal,cbse-board,comp-cbse-board-cls12-sci-chemistry,2026,2026,Class 12 Annual Exam,Chemistry Theory Paper,Chemistry,Senior Secondary Domain,single_mcq,"hi,en",Bilingual (Hindi & English),1,Shift 1,Set A,HUMAN_CURATED,key-standard,syl-cbse-board-2026,NOT_VERIFIED,NOT_VERIFIED,HISTORICAL_VERIFIED,PRACTICE_ELIGIBLE
q-c12-chm-0014,src-cbse-board-portal,cbse-board,comp-cbse-board-cls12-sci-chemistry,2026,2026,Class 12 Annual Exam,Chemistry Theory Paper,Chemistry,Senior Secondary Domain,single_mcq,"hi,en",Bilingual (Hindi & English),1,Shift 1,Set A,HUMAN_CURATED,key-standard,syl-cbse-board-2026,NOT_VERIFIED,NOT_VERIFIED,HISTORICAL_VERIFIED,PRACTICE_ELIGIBLE
q-c12-chm-0015,src-cbse-board-portal,cbse-board,comp-cbse-board-cls12-sci-chemistry,2026,2026,Class 12 Annual Exam,Chemistry Theory Paper,Chemistry,Senior Secondary Domain,single_mcq,"hi,en",Bilingual (Hindi & English),1,Shift 1,Set A,HUMAN_CURATED,key-standard,syl-cbse-board-2026,NOT_VERIFIED,NOT_VERIFIED,HISTORICAL_VERIFIED,PRACTICE_ELIGIBLE
q-c12-chm-0016,src-cbse-board-portal,cbse-board,comp-cbse-board-cls12-sci-chemistry,2026,2026,Class 12 Annual Exam,Chemistry Theory Paper,Chemistry,Senior Secondary Domain,single_mcq,"hi,en",Bilingual (Hindi & English),1,Shift 1,Set A,HUMAN_CURATED,key-standard,syl-cbse-board-2026,NOT_VERIFIED,NOT_VERIFIED,HISTORICAL_VERIFIED,PRACTICE_ELIGIBLE
q-c12-chm-0017,src-cbse-board-portal,cbse-board,comp-cbse-board-cls12-sci-chemistry,2026,2026,Class 12 Annual Exam,Chemistry Theory Paper,Chemistry,Senior Secondary Domain,single_mcq,"hi,en",Bilingual (Hindi & English),1,Shift 1,Set A,HUMAN_CURATED,key-standard,syl-cbse-board-2026,NOT_VERIFIED,NOT_VERIFIED,HISTORICAL_VERIFIED,PRACTICE_ELIGIBLE
q-c12-chm-0018,src-cbse-board-portal,cbse-board,comp-cbse-board-cls12-sci-chemistry,2026,2026,Class 12 Annual Exam,Chemistry Theory Paper,Chemistry,Senior Secondary Domain,single_mcq,"hi,en",Bilingual (Hindi & English),1,Shift 1,Set A,HUMAN_CURATED,key-standard,syl-cbse-board-2026,NOT_VERIFIED,NOT_VERIFIED,HISTORICAL_VERIFIED,PRACTICE_ELIGIBLE
q-c12-chm-0019,src-cbse-board-portal,cbse-board,comp-cbse-board-cls12-sci-chemistry,2026,2026,Class 12 Annual Exam,Chemistry Theory Paper,Chemistry,Senior Secondary Domain,single_mcq,"hi,en",Bilingual (Hindi & English),1,Shift 1,Set A,HUMAN_CURATED,key-standard,syl-cbse-board-2026,NOT_VERIFIED,NOT_VERIFIED,HISTORICAL_VERIFIED,PRACTICE_ELIGIBLE
q-c12-chm-0020,src-cbse-board-portal,cbse-board,comp-cbse-board-cls12-sci-chemistry,2026,2026,Class 12 Annual Exam,Chemistry Theory Paper,Chemistry,Senior Secondary Domain,single_mcq,"hi,en",Bilingual (Hindi & English),1,Shift 1,Set A,HUMAN_CURATED,key-standard,syl-cbse-board-2026,NOT_VERIFIED,NOT_VERIFIED,HISTORICAL_VERIFIED,PRACTICE_ELIGIBLE
q-c12-chm-0021,src-cbse-board-portal,cbse-board,comp-cbse-board-cls12-sci-chemistry,2026,2026,Class 12 Annual Exam,Chemistry Theory Paper,Chemistry,Senior Secondary Domain,single_mcq,"hi,en",Bilingual (Hindi & English),1,Shift 1,Set A,HUMAN_CURATED,key-standard,syl-cbse-board-2026,NOT_VERIFIED,NOT_VERIFIED,HISTORICAL_VERIFIED,PRACTICE_ELIGIBLE
q-c12-chm-0022,src-cbse-board-portal,cbse-board,comp-cbse-board-cls12-sci-chemistry,2026,2026,Class 12 Annual Exam,Chemistry Theory Paper,Chemistry,Senior Secondary Domain,single_mcq,"hi,en",Bilingual (Hindi & English),1,Shift 1,Set A,HUMAN_CURATED,key-standard,syl-cbse-board-2026,NOT_VERIFIED,NOT_VERIFIED,HISTORICAL_VERIFIED,PRACTICE_ELIGIBLE
q-c12-chm-0023,src-cbse-board-portal,cbse-board,comp-cbse-board-cls12-sci-chemistry,2026,2026,Class 12 Annual Exam,Chemistry Theory Paper,Chemistry,Senior Secondary Domain,single_mcq,"hi,en",Bilingual (Hindi & English),1,Shift 1,Set A,HUMAN_CURATED,key-standard,syl-cbse-board-2026,NOT_VERIFIED,NOT_VERIFIED,HISTORICAL_VERIFIED,PRACTICE_ELIGIBLE
q-c12-chm-0024,src-cbse-board-portal,cbse-board,comp-cbse-board-cls12-sci-chemistry,2026,2026,Class 12 Annual Exam,Chemistry Theory Paper,Chemistry,Senior Secondary Domain,single_mcq,"hi,en",Bilingual (Hindi & English),1,Shift 1,Set A,HUMAN_CURATED,key-standard,syl-cbse-board-2026,NOT_VERIFIED,NOT_VERIFIED,HISTORICAL_VERIFIED,PRACTICE_ELIGIBLE
q-c12-chm-0025,src-cbse-board-portal,cbse-board,comp-cbse-board-cls12-sci-chemistry,2026,2026,Class 12 Annual Exam,Chemistry Theory Paper,Chemistry,Senior Secondary Domain,single_mcq,"hi,en",Bilingual (Hindi & English),1,Shift 1,Set A,HUMAN_CURATED,key-standard,syl-cbse-board-2026,NOT_VERIFIED,NOT_VERIFIED,HISTORICAL_VERIFIED,PRACTICE_ELIGIBLE
q-c12-chm-0026,src-cbse-board-portal,cbse-board,comp-cbse-board-cls12-sci-chemistry,2026,2026,Class 12 Annual Exam,Chemistry Theory Paper,Chemistry,Senior Secondary Domain,single_mcq,"hi,en",Bilingual (Hindi & English),1,Shift 1,Set A,HUMAN_CURATED,key-standard,syl-cbse-board-2026,NOT_VERIFIED,NOT_VERIFIED,HISTORICAL_VERIFIED,PRACTICE_ELIGIBLE
q-c12-chm-0027,src-cbse-board-portal,cbse-board,comp-cbse-board-cls12-sci-chemistry,2026,2026,Class 12 Annual Exam,Chemistry Theory Paper,Chemistry,Senior Secondary Domain,single_mcq,"hi,en",Bilingual (Hindi & English),1,Shift 1,Set A,HUMAN_CURATED,key-standard,syl-cbse-board-2026,NOT_VERIFIED,NOT_VERIFIED,HISTORICAL_VERIFIED,PRACTICE_ELIGIBLE
q-c12-chm-0028,src-cbse-board-portal,cbse-board,comp-cbse-board-cls12-sci-chemistry,2026,2026,Class 12 Annual Exam,Chemistry Theory Paper,Chemistry,Senior Secondary Domain,single_mcq,"hi,en",Bilingual (Hindi & English),1,Shift 1,Set A,HUMAN_CURATED,key-standard,syl-cbse-board-2026,NOT_VERIFIED,NOT_VERIFIED,HISTORICAL_VERIFIED,PRACTICE_ELIGIBLE
q-c12-chm-0029,src-cbse-board-portal,cbse-board,comp-cbse-board-cls12-sci-chemistry,2026,2026,Class 12 Annual Exam,Chemistry Theory Paper,Chemistry,Senior Secondary Domain,single_mcq,"hi,en",Bilingual (Hindi & English),1,Shift 1,Set A,HUMAN_CURATED,key-standard,syl-cbse-board-2026,NOT_VERIFIED,NOT_VERIFIED,HISTORICAL_VERIFIED,PRACTICE_ELIGIBLE
q-c12-chm-0030,src-cbse-board-portal,cbse-board,comp-cbse-board-cls12-sci-chemistry,2026,2026,Class 12 Annual Exam,Chemistry Theory Paper,Chemistry,Senior Secondary Domain,single_mcq,"hi,en",Bilingual (Hindi & English),1,Shift 1,Set A,HUMAN_CURATED,key-standard,syl-cbse-board-2026,NOT_VERIFIED,NOT_VERIFIED,HISTORICAL_VERIFIED,PRACTICE_ELIGIBLE
q-c12-chm-0031,src-cbse-board-portal,cbse-board,comp-cbse-board-cls12-sci-chemistry,2026,2026,Class 12 Annual Exam,Chemistry Theory Paper,Chemistry,Senior Secondary Domain,single_mcq,"hi,en",Bilingual (Hindi & English),1,Shift 1,Set A,HUMAN_CURATED,key-standard,syl-cbse-board-2026,NOT_VERIFIED,NOT_VERIFIED,HISTORICAL_VERIFIED,PRACTICE_ELIGIBLE
q-c12-chm-0032,src-cbse-board-portal,cbse-board,comp-cbse-board-cls12-sci-chemistry,2026,2026,Class 12 Annual Exam,Chemistry Theory Paper,Chemistry,Senior Secondary Domain,single_mcq,"hi,en",Bilingual (Hindi & English),1,Shift 1,Set A,HUMAN_CURATED,key-standard,syl-cbse-board-2026,NOT_VERIFIED,NOT_VERIFIED,HISTORICAL_VERIFIED,PRACTICE_ELIGIBLE
q-c12-chm-0033,src-cbse-board-portal,cbse-board,comp-cbse-board-cls12-sci-chemistry,2026,2026,Class 12 Annual Exam,Chemistry Theory Paper,Chemistry,Senior Secondary Domain,single_mcq,"hi,en",Bilingual (Hindi & English),1,Shift 1,Set A,HUMAN_CURATED,key-standard,syl-cbse-board-2026,NOT_VERIFIED,NOT_VERIFIED,HISTORICAL_VERIFIED,PRACTICE_ELIGIBLE
q-c12-chm-0034,src-cbse-board-portal,cbse-board,comp-cbse-board-cls12-sci-chemistry,2026,2026,Class 12 Annual Exam,Chemistry Theory Paper,Chemistry,Senior Secondary Domain,single_mcq,"hi,en",Bilingual (Hindi & English),1,Shift 1,Set A,HUMAN_CURATED,key-standard,syl-cbse-board-2026,NOT_VERIFIED,NOT_VERIFIED,HISTORICAL_VERIFIED,PRACTICE_ELIGIBLE
q-c12-chm-0035,src-cbse-board-portal,cbse-board,comp-cbse-board-cls12-sci-chemistry,2026,2026,Class 12 Annual Exam,Chemistry Theory Paper,Chemistry,Senior Secondary Domain,single_mcq,"hi,en",Bilingual (Hindi & English),1,Shift 1,Set A,HUMAN_CURATED,key-standard,syl-cbse-board-2026,NOT_VERIFIED,NOT_VERIFIED,HISTORICAL_VERIFIED,PRACTICE_ELIGIBLE
q-c12-eco-0001,src-cbse-board-portal,cbse-board,comp-cbse-board-cls12-com-economics,2026,2026,Class 12 Annual Exam,Economics Theory Paper,Economics,Senior Secondary Domain,single_mcq,"hi,en",Bilingual (Hindi & English),1,Shift 1,Set A,HUMAN_CURATED,key-standard,syl-cbse-board-2026,NOT_VERIFIED,NOT_VERIFIED,HISTORICAL_VERIFIED,PRACTICE_ELIGIBLE
q-c12-eco-0002,src-cbse-board-portal,cbse-board,comp-cbse-board-cls12-com-economics,2026,2026,Class 12 Annual Exam,Economics Theory Paper,Economics,Senior Secondary Domain,single_mcq,"hi,en",Bilingual (Hindi & English),1,Shift 1,Set A,HUMAN_CURATED,key-standard,syl-cbse-board-2026,NOT_VERIFIED,NOT_VERIFIED,HISTORICAL_VERIFIED,PRACTICE_ELIGIBLE
q-c12-eco-0003,src-cbse-board-portal,cbse-board,comp-cbse-board-cls12-com-economics,2026,2026,Class 12 Annual Exam,Economics Theory Paper,Economics,Senior Secondary Domain,single_mcq,"hi,en",Bilingual (Hindi & English),1,Shift 1,Set A,HUMAN_CURATED,key-standard,syl-cbse-board-2026,NOT_VERIFIED,NOT_VERIFIED,HISTORICAL_VERIFIED,PRACTICE_ELIGIBLE
q-c12-eco-0004,src-cbse-board-portal,cbse-board,comp-cbse-board-cls12-com-economics,2026,2026,Class 12 Annual Exam,Economics Theory Paper,Economics,Senior Secondary Domain,single_mcq,"hi,en",Bilingual (Hindi & English),1,Shift 1,Set A,HUMAN_CURATED,key-standard,syl-cbse-board-2026,NOT_VERIFIED,NOT_VERIFIED,HISTORICAL_VERIFIED,PRACTICE_ELIGIBLE
q-c12-eco-0005,src-cbse-board-portal,cbse-board,comp-cbse-board-cls12-com-economics,2026,2026,Class 12 Annual Exam,Economics Theory Paper,Economics,Senior Secondary Domain,single_mcq,"hi,en",Bilingual (Hindi & English),1,Shift 1,Set A,HUMAN_CURATED,key-standard,syl-cbse-board-2026,NOT_VERIFIED,NOT_VERIFIED,HISTORICAL_VERIFIED,PRACTICE_ELIGIBLE
q-c12-eco-0006,src-cbse-board-portal,cbse-board,comp-cbse-board-cls12-com-economics,2026,2026,Class 12 Annual Exam,Economics Theory Paper,Economics,Senior Secondary Domain,single_mcq,"hi,en",Bilingual (Hindi & English),1,Shift 1,Set A,HUMAN_CURATED,key-standard,syl-cbse-board-2026,NOT_VERIFIED,NOT_VERIFIED,HISTORICAL_VERIFIED,PRACTICE_ELIGIBLE
q-c12-eco-0007,src-cbse-board-portal,cbse-board,comp-cbse-board-cls12-com-economics,2026,2026,Class 12 Annual Exam,Economics Theory Paper,Economics,Senior Secondary Domain,single_mcq,"hi,en",Bilingual (Hindi & English),1,Shift 1,Set A,HUMAN_CURATED,key-standard,syl-cbse-board-2026,NOT_VERIFIED,NOT_VERIFIED,HISTORICAL_VERIFIED,PRACTICE_ELIGIBLE
q-c12-eco-0008,src-cbse-board-portal,cbse-board,comp-cbse-board-cls12-com-economics,2026,2026,Class 12 Annual Exam,Economics Theory Paper,Economics,Senior Secondary Domain,single_mcq,"hi,en",Bilingual (Hindi & English),1,Shift 1,Set A,HUMAN_CURATED,key-standard,syl-cbse-board-2026,NOT_VERIFIED,NOT_VERIFIED,HISTORICAL_VERIFIED,PRACTICE_ELIGIBLE
q-c12-eco-0009,src-cbse-board-portal,cbse-board,comp-cbse-board-cls12-com-economics,2026,2026,Class 12 Annual Exam,Economics Theory Paper,Economics,Senior Secondary Domain,single_mcq,"hi,en",Bilingual (Hindi & English),1,Shift 1,Set A,HUMAN_CURATED,key-standard,syl-cbse-board-2026,NOT_VERIFIED,NOT_VERIFIED,HISTORICAL_VERIFIED,PRACTICE_ELIGIBLE
q-c12-eco-0010,src-cbse-board-portal,cbse-board,comp-cbse-board-cls12-com-economics,2026,2026,Class 12 Annual Exam,Economics Theory Paper,Economics,Senior Secondary Domain,single_mcq,"hi,en",Bilingual (Hindi & English),1,Shift 1,Set A,HUMAN_CURATED,key-standard,syl-cbse-board-2026,NOT_VERIFIED,NOT_VERIFIED,HISTORICAL_VERIFIED,PRACTICE_ELIGIBLE
q-c12-eco-0011,src-cbse-board-portal,cbse-board,comp-cbse-board-cls12-com-economics,2026,2026,Class 12 Annual Exam,Economics Theory Paper,Economics,Senior Secondary Domain,single_mcq,"hi,en",Bilingual (Hindi & English),1,Shift 1,Set A,HUMAN_CURATED,key-standard,syl-cbse-board-2026,NOT_VERIFIED,NOT_VERIFIED,HISTORICAL_VERIFIED,PRACTICE_ELIGIBLE
q-c12-eco-0012,src-cbse-board-portal,cbse-board,comp-cbse-board-cls12-com-economics,2026,2026,Class 12 Annual Exam,Economics Theory Paper,Economics,Senior Secondary Domain,single_mcq,"hi,en",Bilingual (Hindi & English),1,Shift 1,Set A,HUMAN_CURATED,key-standard,syl-cbse-board-2026,NOT_VERIFIED,NOT_VERIFIED,HISTORICAL_VERIFIED,PRACTICE_ELIGIBLE
q-c12-geo-0001,src-cbse-board-portal,cbse-board,comp-cbse-board-tier1,2026,2026,Class 12 Annual Exam,Geography Theory Paper,Geography,Senior Secondary Domain,single_mcq,"hi,en",Bilingual (Hindi & English),1,Shift 1,Set A,HUMAN_CURATED,key-standard,syl-cbse-board-2026,NOT_VERIFIED,NOT_VERIFIED,HISTORICAL_VERIFIED,PRACTICE_ELIGIBLE
q-c12-geo-0002,src-cbse-board-portal,cbse-board,comp-cbse-board-tier1,2026,2026,Class 12 Annual Exam,Geography Theory Paper,Geography,Senior Secondary Domain,single_mcq,"hi,en",Bilingual (Hindi & English),1,Shift 1,Set A,HUMAN_CURATED,key-standard,syl-cbse-board-2026,NOT_VERIFIED,NOT_VERIFIED,HISTORICAL_VERIFIED,PRACTICE_ELIGIBLE
q-c12-geo-0003,src-cbse-board-portal,cbse-board,comp-cbse-board-tier1,2026,2026,Class 12 Annual Exam,Geography Theory Paper,Geography,Senior Secondary Domain,single_mcq,"hi,en",Bilingual (Hindi & English),1,Shift 1,Set A,HUMAN_CURATED,key-standard,syl-cbse-board-2026,NOT_VERIFIED,NOT_VERIFIED,HISTORICAL_VERIFIED,PRACTICE_ELIGIBLE
q-c12-geo-0004,src-cbse-board-portal,cbse-board,comp-cbse-board-tier1,2026,2026,Class 12 Annual Exam,Geography Theory Paper,Geography,Senior Secondary Domain,single_mcq,"hi,en",Bilingual (Hindi & English),1,Shift 1,Set A,HUMAN_CURATED,key-standard,syl-cbse-board-2026,NOT_VERIFIED,NOT_VERIFIED,HISTORICAL_VERIFIED,PRACTICE_ELIGIBLE
q-c12-geo-0005,src-cbse-board-portal,cbse-board,comp-cbse-board-tier1,2026,2026,Class 12 Annual Exam,Geography Theory Paper,Geography,Senior Secondary Domain,single_mcq,"hi,en",Bilingual (Hindi & English),1,Shift 1,Set A,HUMAN_CURATED,key-standard,syl-cbse-board-2026,NOT_VERIFIED,NOT_VERIFIED,HISTORICAL_VERIFIED,PRACTICE_ELIGIBLE
q-c12-geo-0006,src-cbse-board-portal,cbse-board,comp-cbse-board-tier1,2026,2026,Class 12 Annual Exam,Geography Theory Paper,Geography,Senior Secondary Domain,single_mcq,"hi,en",Bilingual (Hindi & English),1,Shift 1,Set A,HUMAN_CURATED,key-standard,syl-cbse-board-2026,NOT_VERIFIED,NOT_VERIFIED,HISTORICAL_VERIFIED,PRACTICE_ELIGIBLE
q-c12-geo-0007,src-cbse-board-portal,cbse-board,comp-cbse-board-tier1,2026,2026,Class 12 Annual Exam,Geography Theory Paper,Geography,Senior Secondary Domain,single_mcq,"hi,en",Bilingual (Hindi & English),1,Shift 1,Set A,HUMAN_CURATED,key-standard,syl-cbse-board-2026,NOT_VERIFIED,NOT_VERIFIED,HISTORICAL_VERIFIED,PRACTICE_ELIGIBLE
q-c12-geo-0008,src-cbse-board-portal,cbse-board,comp-cbse-board-tier1,2026,2026,Class 12 Annual Exam,Geography Theory Paper,Geography,Senior Secondary Domain,single_mcq,"hi,en",Bilingual (Hindi & English),1,Shift 1,Set A,HUMAN_CURATED,key-standard,syl-cbse-board-2026,NOT_VERIFIED,NOT_VERIFIED,HISTORICAL_VERIFIED,PRACTICE_ELIGIBLE
q-c12-geo-0009,src-cbse-board-portal,cbse-board,comp-cbse-board-tier1,2026,2026,Class 12 Annual Exam,Geography Theory Paper,Geography,Senior Secondary Domain,single_mcq,"hi,en",Bilingual (Hindi & English),1,Shift 1,Set A,HUMAN_CURATED,key-standard,syl-cbse-board-2026,NOT_VERIFIED,NOT_VERIFIED,HISTORICAL_VERIFIED,PRACTICE_ELIGIBLE
q-c12-geo-0010,src-cbse-board-portal,cbse-board,comp-cbse-board-tier1,2026,2026,Class 12 Annual Exam,Geography Theory Paper,Geography,Senior Secondary Domain,single_mcq,"hi,en",Bilingual (Hindi & English),1,Shift 1,Set A,HUMAN_CURATED,key-standard,syl-cbse-board-2026,NOT_VERIFIED,NOT_VERIFIED,HISTORICAL_VERIFIED,PRACTICE_ELIGIBLE
q-c12-geo-0011,src-cbse-board-portal,cbse-board,comp-cbse-board-tier1,2026,2026,Class 12 Annual Exam,Geography Theory Paper,Geography,Senior Secondary Domain,single_mcq,"hi,en",Bilingual (Hindi & English),1,Shift 1,Set A,HUMAN_CURATED,key-standard,syl-cbse-board-2026,NOT_VERIFIED,NOT_VERIFIED,HISTORICAL_VERIFIED,PRACTICE_ELIGIBLE
q-c12-geo-0012,src-cbse-board-portal,cbse-board,comp-cbse-board-tier1,2026,2026,Class 12 Annual Exam,Geography Theory Paper,Geography,Senior Secondary Domain,single_mcq,"hi,en",Bilingual (Hindi & English),1,Shift 1,Set A,HUMAN_CURATED,key-standard,syl-cbse-board-2026,NOT_VERIFIED,NOT_VERIFIED,HISTORICAL_VERIFIED,PRACTICE_ELIGIBLE
q-c12-his-0001,src-cbse-board-portal,cbse-board,comp-cbse-board-tier1,2026,2026,Class 12 Annual Exam,History Theory Paper,History,Senior Secondary Domain,single_mcq,"hi,en",Bilingual (Hindi & English),1,Shift 1,Set A,HUMAN_CURATED,key-standard,syl-cbse-board-2026,NOT_VERIFIED,NOT_VERIFIED,HISTORICAL_VERIFIED,PRACTICE_ELIGIBLE
q-c12-his-0002,src-cbse-board-portal,cbse-board,comp-cbse-board-tier1,2026,2026,Class 12 Annual Exam,History Theory Paper,History,Senior Secondary Domain,single_mcq,"hi,en",Bilingual (Hindi & English),1,Shift 1,Set A,HUMAN_CURATED,key-standard,syl-cbse-board-2026,NOT_VERIFIED,NOT_VERIFIED,HISTORICAL_VERIFIED,PRACTICE_ELIGIBLE
q-c12-his-0003,src-cbse-board-portal,cbse-board,comp-cbse-board-tier1,2026,2026,Class 12 Annual Exam,History Theory Paper,History,Senior Secondary Domain,single_mcq,"hi,en",Bilingual (Hindi & English),1,Shift 1,Set A,HUMAN_CURATED,key-standard,syl-cbse-board-2026,NOT_VERIFIED,NOT_VERIFIED,HISTORICAL_VERIFIED,PRACTICE_ELIGIBLE
q-c12-his-0004,src-cbse-board-portal,cbse-board,comp-cbse-board-tier1,2026,2026,Class 12 Annual Exam,History Theory Paper,History,Senior Secondary Domain,single_mcq,"hi,en",Bilingual (Hindi & English),1,Shift 1,Set A,HUMAN_CURATED,key-standard,syl-cbse-board-2026,NOT_VERIFIED,NOT_VERIFIED,HISTORICAL_VERIFIED,PRACTICE_ELIGIBLE
q-c12-his-0005,src-cbse-board-portal,cbse-board,comp-cbse-board-tier1,2026,2026,Class 12 Annual Exam,History Theory Paper,History,Senior Secondary Domain,single_mcq,"hi,en",Bilingual (Hindi & English),1,Shift 1,Set A,HUMAN_CURATED,key-standard,syl-cbse-board-2026,NOT_VERIFIED,NOT_VERIFIED,HISTORICAL_VERIFIED,PRACTICE_ELIGIBLE
q-c12-his-0006,src-cbse-board-portal,cbse-board,comp-cbse-board-tier1,2026,2026,Class 12 Annual Exam,History Theory Paper,History,Senior Secondary Domain,single_mcq,"hi,en",Bilingual (Hindi & English),1,Shift 1,Set A,HUMAN_CURATED,key-standard,syl-cbse-board-2026,NOT_VERIFIED,NOT_VERIFIED,HISTORICAL_VERIFIED,PRACTICE_ELIGIBLE
q-c12-his-0007,src-cbse-board-portal,cbse-board,comp-cbse-board-tier1,2026,2026,Class 12 Annual Exam,History Theory Paper,History,Senior Secondary Domain,single_mcq,"hi,en",Bilingual (Hindi & English),1,Shift 1,Set A,HUMAN_CURATED,key-standard,syl-cbse-board-2026,NOT_VERIFIED,NOT_VERIFIED,HISTORICAL_VERIFIED,PRACTICE_ELIGIBLE
q-c12-his-0008,src-cbse-board-portal,cbse-board,comp-cbse-board-tier1,2026,2026,Class 12 Annual Exam,History Theory Paper,History,Senior Secondary Domain,single_mcq,"hi,en",Bilingual (Hindi & English),1,Shift 1,Set A,HUMAN_CURATED,key-standard,syl-cbse-board-2026,NOT_VERIFIED,NOT_VERIFIED,HISTORICAL_VERIFIED,PRACTICE_ELIGIBLE
q-c12-his-0009,src-cbse-board-portal,cbse-board,comp-cbse-board-tier1,2026,2026,Class 12 Annual Exam,History Theory Paper,History,Senior Secondary Domain,single_mcq,"hi,en",Bilingual (Hindi & English),1,Shift 1,Set A,HUMAN_CURATED,key-standard,syl-cbse-board-2026,NOT_VERIFIED,NOT_VERIFIED,HISTORICAL_VERIFIED,PRACTICE_ELIGIBLE
q-c12-his-0010,src-cbse-board-portal,cbse-board,comp-cbse-board-tier1,2026,2026,Class 12 Annual Exam,History Theory Paper,History,Senior Secondary Domain,single_mcq,"hi,en",Bilingual (Hindi & English),1,Shift 1,Set A,HUMAN_CURATED,key-standard,syl-cbse-board-2026,NOT_VERIFIED,NOT_VERIFIED,HISTORICAL_VERIFIED,PRACTICE_ELIGIBLE
q-c12-his-0011,src-cbse-board-portal,cbse-board,comp-cbse-board-tier1,2026,2026,Class 12 Annual Exam,History Theory Paper,History,Senior Secondary Domain,single_mcq,"hi,en",Bilingual (Hindi & English),1,Shift 1,Set A,HUMAN_CURATED,key-standard,syl-cbse-board-2026,NOT_VERIFIED,NOT_VERIFIED,HISTORICAL_VERIFIED,PRACTICE_ELIGIBLE
q-c12-his-0012,src-cbse-board-portal,cbse-board,comp-cbse-board-tier1,2026,2026,Class 12 Annual Exam,History Theory Paper,History,Senior Secondary Domain,single_mcq,"hi,en",Bilingual (Hindi & English),1,Shift 1,Set A,HUMAN_CURATED,key-standard,syl-cbse-board-2026,NOT_VERIFIED,NOT_VERIFIED,HISTORICAL_VERIFIED,PRACTICE_ELIGIBLE
q-c12-math-0001,src-cbse-board-portal,cbse-board,comp-cbse-board-cls12-sci-math,2026,2026,Class 12 Annual Exam,Mathematics Theory Paper,Higher Mathematics,Senior Secondary Domain,single_mcq,"hi,en",Bilingual (Hindi & English),1,Shift 1,Set A,HUMAN_CURATED,key-standard,syl-cbse-board-2026,NOT_VERIFIED,NOT_VERIFIED,HISTORICAL_VERIFIED,PRACTICE_ELIGIBLE
q-c12-math-0002,src-cbse-board-portal,cbse-board,comp-cbse-board-cls12-sci-math,2026,2026,Class 12 Annual Exam,Mathematics Theory Paper,Higher Mathematics,Senior Secondary Domain,single_mcq,"hi,en",Bilingual (Hindi & English),1,Shift 1,Set A,HUMAN_CURATED,key-standard,syl-cbse-board-2026,NOT_VERIFIED,NOT_VERIFIED,HISTORICAL_VERIFIED,PRACTICE_ELIGIBLE
q-c12-math-0003,src-cbse-board-portal,cbse-board,comp-cbse-board-cls12-sci-math,2026,2026,Class 12 Annual Exam,Mathematics Theory Paper,Higher Mathematics,Senior Secondary Domain,single_mcq,"hi,en",Bilingual (Hindi & English),1,Shift 1,Set A,HUMAN_CURATED,key-standard,syl-cbse-board-2026,NOT_VERIFIED,NOT_VERIFIED,HISTORICAL_VERIFIED,PRACTICE_ELIGIBLE
q-c12-math-0004,src-cbse-board-portal,cbse-board,comp-cbse-board-cls12-sci-math,2026,2026,Class 12 Annual Exam,Mathematics Theory Paper,Higher Mathematics,Senior Secondary Domain,single_mcq,"hi,en",Bilingual (Hindi & English),1,Shift 1,Set A,HUMAN_CURATED,key-standard,syl-cbse-board-2026,NOT_VERIFIED,NOT_VERIFIED,HISTORICAL_VERIFIED,PRACTICE_ELIGIBLE
q-c12-math-0005,src-cbse-board-portal,cbse-board,comp-cbse-board-cls12-sci-math,2026,2026,Class 12 Annual Exam,Mathematics Theory Paper,Higher Mathematics,Senior Secondary Domain,single_mcq,"hi,en",Bilingual (Hindi & English),1,Shift 1,Set A,HUMAN_CURATED,key-standard,syl-cbse-board-2026,NOT_VERIFIED,NOT_VERIFIED,HISTORICAL_VERIFIED,PRACTICE_ELIGIBLE
q-c12-math-0006,src-cbse-board-portal,cbse-board,comp-cbse-board-cls12-sci-math,2026,2026,Class 12 Annual Exam,Mathematics Theory Paper,Higher Mathematics,Senior Secondary Domain,single_mcq,"hi,en",Bilingual (Hindi & English),1,Shift 1,Set A,HUMAN_CURATED,key-standard,syl-cbse-board-2026,NOT_VERIFIED,NOT_VERIFIED,HISTORICAL_VERIFIED,PRACTICE_ELIGIBLE
q-c12-math-0007,src-cbse-board-portal,cbse-board,comp-cbse-board-cls12-sci-math,2026,2026,Class 12 Annual Exam,Mathematics Theory Paper,Higher Mathematics,Senior Secondary Domain,single_mcq,"hi,en",Bilingual (Hindi & English),1,Shift 1,Set A,HUMAN_CURATED,key-standard,syl-cbse-board-2026,NOT_VERIFIED,NOT_VERIFIED,HISTORICAL_VERIFIED,PRACTICE_ELIGIBLE
q-c12-math-0008,src-cbse-board-portal,cbse-board,comp-cbse-board-cls12-sci-math,2026,2026,Class 12 Annual Exam,Mathematics Theory Paper,Higher Mathematics,Senior Secondary Domain,single_mcq,"hi,en",Bilingual (Hindi & English),1,Shift 1,Set A,HUMAN_CURATED,key-standard,syl-cbse-board-2026,NOT_VERIFIED,NOT_VERIFIED,HISTORICAL_VERIFIED,PRACTICE_ELIGIBLE
q-c12-math-0009,src-cbse-board-portal,cbse-board,comp-cbse-board-cls12-sci-math,2026,2026,Class 12 Annual Exam,Mathematics Theory Paper,Higher Mathematics,Senior Secondary Domain,single_mcq,"hi,en",Bilingual (Hindi & English),1,Shift 1,Set A,HUMAN_CURATED,key-standard,syl-cbse-board-2026,NOT_VERIFIED,NOT_VERIFIED,HISTORICAL_VERIFIED,PRACTICE_ELIGIBLE
q-c12-math-0010,src-cbse-board-portal,cbse-board,comp-cbse-board-cls12-sci-math,2026,2026,Class 12 Annual Exam,Mathematics Theory Paper,Higher Mathematics,Senior Secondary Domain,single_mcq,"hi,en",Bilingual (Hindi & English),1,Shift 1,Set A,HUMAN_CURATED,key-standard,syl-cbse-board-2026,NOT_VERIFIED,NOT_VERIFIED,HISTORICAL_VERIFIED,PRACTICE_ELIGIBLE
q-c12-math-0011,src-cbse-board-portal,cbse-board,comp-cbse-board-cls12-sci-math,2026,2026,Class 12 Annual Exam,Mathematics Theory Paper,Higher Mathematics,Senior Secondary Domain,single_mcq,"hi,en",Bilingual (Hindi & English),1,Shift 1,Set A,HUMAN_CURATED,key-standard,syl-cbse-board-2026,NOT_VERIFIED,NOT_VERIFIED,HISTORICAL_VERIFIED,PRACTICE_ELIGIBLE
q-c12-math-0012,src-cbse-board-portal,cbse-board,comp-cbse-board-cls12-sci-math,2026,2026,Class 12 Annual Exam,Mathematics Theory Paper,Higher Mathematics,Senior Secondary Domain,single_mcq,"hi,en",Bilingual (Hindi & English),1,Shift 1,Set A,HUMAN_CURATED,key-standard,syl-cbse-board-2026,NOT_VERIFIED,NOT_VERIFIED,HISTORICAL_VERIFIED,PRACTICE_ELIGIBLE
q-c12-math-0013,src-cbse-board-portal,cbse-board,comp-cbse-board-cls12-sci-math,2026,2026,Class 12 Annual Exam,Mathematics Theory Paper,Higher Mathematics,Senior Secondary Domain,single_mcq,"hi,en",Bilingual (Hindi & English),1,Shift 1,Set A,HUMAN_CURATED,key-standard,syl-cbse-board-2026,NOT_VERIFIED,NOT_VERIFIED,HISTORICAL_VERIFIED,PRACTICE_ELIGIBLE
q-c12-math-0014,src-cbse-board-portal,cbse-board,comp-cbse-board-cls12-sci-math,2026,2026,Class 12 Annual Exam,Mathematics Theory Paper,Higher Mathematics,Senior Secondary Domain,single_mcq,"hi,en",Bilingual (Hindi & English),1,Shift 1,Set A,HUMAN_CURATED,key-standard,syl-cbse-board-2026,NOT_VERIFIED,NOT_VERIFIED,HISTORICAL_VERIFIED,PRACTICE_ELIGIBLE
q-c12-math-0015,src-cbse-board-portal,cbse-board,comp-cbse-board-cls12-sci-math,2026,2026,Class 12 Annual Exam,Mathematics Theory Paper,Higher Mathematics,Senior Secondary Domain,single_mcq,"hi,en",Bilingual (Hindi & English),1,Shift 1,Set A,HUMAN_CURATED,key-standard,syl-cbse-board-2026,NOT_VERIFIED,NOT_VERIFIED,HISTORICAL_VERIFIED,PRACTICE_ELIGIBLE
q-c12-math-0016,src-cbse-board-portal,cbse-board,comp-cbse-board-cls12-sci-math,2026,2026,Class 12 Annual Exam,Mathematics Theory Paper,Higher Mathematics,Senior Secondary Domain,single_mcq,"hi,en",Bilingual (Hindi & English),1,Shift 1,Set A,HUMAN_CURATED,key-standard,syl-cbse-board-2026,NOT_VERIFIED,NOT_VERIFIED,HISTORICAL_VERIFIED,PRACTICE_ELIGIBLE
q-c12-math-0017,src-cbse-board-portal,cbse-board,comp-cbse-board-cls12-sci-math,2026,2026,Class 12 Annual Exam,Mathematics Theory Paper,Higher Mathematics,Senior Secondary Domain,single_mcq,"hi,en",Bilingual (Hindi & English),1,Shift 1,Set A,HUMAN_CURATED,key-standard,syl-cbse-board-2026,NOT_VERIFIED,NOT_VERIFIED,HISTORICAL_VERIFIED,PRACTICE_ELIGIBLE
q-c12-math-0018,src-cbse-board-portal,cbse-board,comp-cbse-board-cls12-sci-math,2026,2026,Class 12 Annual Exam,Mathematics Theory Paper,Higher Mathematics,Senior Secondary Domain,single_mcq,"hi,en",Bilingual (Hindi & English),1,Shift 1,Set A,HUMAN_CURATED,key-standard,syl-cbse-board-2026,NOT_VERIFIED,NOT_VERIFIED,HISTORICAL_VERIFIED,PRACTICE_ELIGIBLE
q-c12-math-0019,src-cbse-board-portal,cbse-board,comp-cbse-board-cls12-sci-math,2026,2026,Class 12 Annual Exam,Mathematics Theory Paper,Higher Mathematics,Senior Secondary Domain,single_mcq,"hi,en",Bilingual (Hindi & English),1,Shift 1,Set A,HUMAN_CURATED,key-standard,syl-cbse-board-2026,NOT_VERIFIED,NOT_VERIFIED,HISTORICAL_VERIFIED,PRACTICE_ELIGIBLE
q-c12-math-0020,src-cbse-board-portal,cbse-board,comp-cbse-board-cls12-sci-math,2026,2026,Class 12 Annual Exam,Mathematics Theory Paper,Higher Mathematics,Senior Secondary Domain,single_mcq,"hi,en",Bilingual (Hindi & English),1,Shift 1,Set A,HUMAN_CURATED,key-standard,syl-cbse-board-2026,NOT_VERIFIED,NOT_VERIFIED,HISTORICAL_VERIFIED,PRACTICE_ELIGIBLE
q-c12-math-0021,src-cbse-board-portal,cbse-board,comp-cbse-board-cls12-sci-math,2026,2026,Class 12 Annual Exam,Mathematics Theory Paper,Higher Mathematics,Senior Secondary Domain,single_mcq,"hi,en",Bilingual (Hindi & English),1,Shift 1,Set A,HUMAN_CURATED,key-standard,syl-cbse-board-2026,NOT_VERIFIED,NOT_VERIFIED,HISTORICAL_VERIFIED,PRACTICE_ELIGIBLE
q-c12-math-0022,src-cbse-board-portal,cbse-board,comp-cbse-board-cls12-sci-math,2026,2026,Class 12 Annual Exam,Mathematics Theory Paper,Higher Mathematics,Senior Secondary Domain,single_mcq,"hi,en",Bilingual (Hindi & English),1,Shift 1,Set A,HUMAN_CURATED,key-standard,syl-cbse-board-2026,NOT_VERIFIED,NOT_VERIFIED,HISTORICAL_VERIFIED,PRACTICE_ELIGIBLE
q-c12-math-0023,src-cbse-board-portal,cbse-board,comp-cbse-board-cls12-sci-math,2026,2026,Class 12 Annual Exam,Mathematics Theory Paper,Higher Mathematics,Senior Secondary Domain,single_mcq,"hi,en",Bilingual (Hindi & English),1,Shift 1,Set A,HUMAN_CURATED,key-standard,syl-cbse-board-2026,NOT_VERIFIED,NOT_VERIFIED,HISTORICAL_VERIFIED,PRACTICE_ELIGIBLE
q-c12-math-0024,src-cbse-board-portal,cbse-board,comp-cbse-board-cls12-sci-math,2026,2026,Class 12 Annual Exam,Mathematics Theory Paper,Higher Mathematics,Senior Secondary Domain,single_mcq,"hi,en",Bilingual (Hindi & English),1,Shift 1,Set A,HUMAN_CURATED,key-standard,syl-cbse-board-2026,NOT_VERIFIED,NOT_VERIFIED,HISTORICAL_VERIFIED,PRACTICE_ELIGIBLE
q-c12-math-0025,src-cbse-board-portal,cbse-board,comp-cbse-board-cls12-sci-math,2026,2026,Class 12 Annual Exam,Mathematics Theory Paper,Higher Mathematics,Senior Secondary Domain,single_mcq,"hi,en",Bilingual (Hindi & English),1,Shift 1,Set A,HUMAN_CURATED,key-standard,syl-cbse-board-2026,NOT_VERIFIED,NOT_VERIFIED,HISTORICAL_VERIFIED,PRACTICE_ELIGIBLE
q-c12-math-0026,src-cbse-board-portal,cbse-board,comp-cbse-board-cls12-sci-math,2026,2026,Class 12 Annual Exam,Mathematics Theory Paper,Higher Mathematics,Senior Secondary Domain,single_mcq,"hi,en",Bilingual (Hindi & English),1,Shift 1,Set A,HUMAN_CURATED,key-standard,syl-cbse-board-2026,NOT_VERIFIED,NOT_VERIFIED,HISTORICAL_VERIFIED,PRACTICE_ELIGIBLE
q-c12-math-0027,src-cbse-board-portal,cbse-board,comp-cbse-board-cls12-sci-math,2026,2026,Class 12 Annual Exam,Mathematics Theory Paper,Higher Mathematics,Senior Secondary Domain,single_mcq,"hi,en",Bilingual (Hindi & English),1,Shift 1,Set A,HUMAN_CURATED,key-standard,syl-cbse-board-2026,NOT_VERIFIED,NOT_VERIFIED,HISTORICAL_VERIFIED,PRACTICE_ELIGIBLE
q-c12-math-0028,src-cbse-board-portal,cbse-board,comp-cbse-board-cls12-sci-math,2026,2026,Class 12 Annual Exam,Mathematics Theory Paper,Higher Mathematics,Senior Secondary Domain,single_mcq,"hi,en",Bilingual (Hindi & English),1,Shift 1,Set A,HUMAN_CURATED,key-standard,syl-cbse-board-2026,NOT_VERIFIED,NOT_VERIFIED,HISTORICAL_VERIFIED,PRACTICE_ELIGIBLE
q-c12-math-0029,src-cbse-board-portal,cbse-board,comp-cbse-board-cls12-sci-math,2026,2026,Class 12 Annual Exam,Mathematics Theory Paper,Higher Mathematics,Senior Secondary Domain,single_mcq,"hi,en",Bilingual (Hindi & English),1,Shift 1,Set A,HUMAN_CURATED,key-standard,syl-cbse-board-2026,NOT_VERIFIED,NOT_VERIFIED,HISTORICAL_VERIFIED,PRACTICE_ELIGIBLE
q-c12-math-0030,src-cbse-board-portal,cbse-board,comp-cbse-board-cls12-sci-math,2026,2026,Class 12 Annual Exam,Mathematics Theory Paper,Higher Mathematics,Senior Secondary Domain,single_mcq,"hi,en",Bilingual (Hindi & English),1,Shift 1,Set A,HUMAN_CURATED,key-standard,syl-cbse-board-2026,NOT_VERIFIED,NOT_VERIFIED,HISTORICAL_VERIFIED,PRACTICE_ELIGIBLE
q-c12-math-0031,src-cbse-board-portal,cbse-board,comp-cbse-board-cls12-sci-math,2026,2026,Class 12 Annual Exam,Mathematics Theory Paper,Higher Mathematics,Senior Secondary Domain,single_mcq,"hi,en",Bilingual (Hindi & English),1,Shift 1,Set A,HUMAN_CURATED,key-standard,syl-cbse-board-2026,NOT_VERIFIED,NOT_VERIFIED,HISTORICAL_VERIFIED,PRACTICE_ELIGIBLE
q-c12-math-0032,src-cbse-board-portal,cbse-board,comp-cbse-board-cls12-sci-math,2026,2026,Class 12 Annual Exam,Mathematics Theory Paper,Higher Mathematics,Senior Secondary Domain,single_mcq,"hi,en",Bilingual (Hindi & English),1,Shift 1,Set A,HUMAN_CURATED,key-standard,syl-cbse-board-2026,NOT_VERIFIED,NOT_VERIFIED,HISTORICAL_VERIFIED,PRACTICE_ELIGIBLE
q-c12-math-0033,src-cbse-board-portal,cbse-board,comp-cbse-board-cls12-sci-math,2026,2026,Class 12 Annual Exam,Mathematics Theory Paper,Higher Mathematics,Senior Secondary Domain,single_mcq,"hi,en",Bilingual (Hindi & English),1,Shift 1,Set A,HUMAN_CURATED,key-standard,syl-cbse-board-2026,NOT_VERIFIED,NOT_VERIFIED,HISTORICAL_VERIFIED,PRACTICE_ELIGIBLE
q-c12-math-0034,src-cbse-board-portal,cbse-board,comp-cbse-board-cls12-sci-math,2026,2026,Class 12 Annual Exam,Mathematics Theory Paper,Higher Mathematics,Senior Secondary Domain,single_mcq,"hi,en",Bilingual (Hindi & English),1,Shift 1,Set A,HUMAN_CURATED,key-standard,syl-cbse-board-2026,NOT_VERIFIED,NOT_VERIFIED,HISTORICAL_VERIFIED,PRACTICE_ELIGIBLE
q-c12-math-0035,src-cbse-board-portal,cbse-board,comp-cbse-board-cls12-sci-math,2026,2026,Class 12 Annual Exam,Mathematics Theory Paper,Higher Mathematics,Senior Secondary Domain,single_mcq,"hi,en",Bilingual (Hindi & English),1,Shift 1,Set A,HUMAN_CURATED,key-standard,syl-cbse-board-2026,NOT_VERIFIED,NOT_VERIFIED,HISTORICAL_VERIFIED,PRACTICE_ELIGIBLE
q-c12-math-0036,src-cbse-board-portal,cbse-board,comp-cbse-board-cls12-sci-math,2026,2026,Class 12 Annual Exam,Mathematics Theory Paper,Higher Mathematics,Senior Secondary Domain,single_mcq,"hi,en",Bilingual (Hindi & English),1,Shift 1,Set A,HUMAN_CURATED,key-standard,syl-cbse-board-2026,NOT_VERIFIED,NOT_VERIFIED,HISTORICAL_VERIFIED,PRACTICE_ELIGIBLE
q-c12-math-0037,src-cbse-board-portal,cbse-board,comp-cbse-board-cls12-sci-math,2026,2026,Class 12 Annual Exam,Mathematics Theory Paper,Higher Mathematics,Senior Secondary Domain,single_mcq,"hi,en",Bilingual (Hindi & English),1,Shift 1,Set A,HUMAN_CURATED,key-standard,syl-cbse-board-2026,NOT_VERIFIED,NOT_VERIFIED,HISTORICAL_VERIFIED,PRACTICE_ELIGIBLE
q-c12-math-0038,src-cbse-board-portal,cbse-board,comp-cbse-board-cls12-sci-math,2026,2026,Class 12 Annual Exam,Mathematics Theory Paper,Higher Mathematics,Senior Secondary Domain,single_mcq,"hi,en",Bilingual (Hindi & English),1,Shift 1,Set A,HUMAN_CURATED,key-standard,syl-cbse-board-2026,NOT_VERIFIED,NOT_VERIFIED,HISTORICAL_VERIFIED,PRACTICE_ELIGIBLE
q-c12-math-0039,src-cbse-board-portal,cbse-board,comp-cbse-board-cls12-sci-math,2026,2026,Class 12 Annual Exam,Mathematics Theory Paper,Higher Mathematics,Senior Secondary Domain,single_mcq,"hi,en",Bilingual (Hindi & English),1,Shift 1,Set A,HUMAN_CURATED,key-standard,syl-cbse-board-2026,NOT_VERIFIED,NOT_VERIFIED,HISTORICAL_VERIFIED,PRACTICE_ELIGIBLE
q-c12-math-0040,src-cbse-board-portal,cbse-board,comp-cbse-board-cls12-sci-math,2026,2026,Class 12 Annual Exam,Mathematics Theory Paper,Higher Mathematics,Senior Secondary Domain,single_mcq,"hi,en",Bilingual (Hindi & English),1,Shift 1,Set A,HUMAN_CURATED,key-standard,syl-cbse-board-2026,NOT_VERIFIED,NOT_VERIFIED,HISTORICAL_VERIFIED,PRACTICE_ELIGIBLE
q-c12-math-0041,src-cbse-board-portal,cbse-board,comp-cbse-board-cls12-sci-math,2026,2026,Class 12 Annual Exam,Mathematics Theory Paper,Higher Mathematics,Senior Secondary Domain,single_mcq,"hi,en",Bilingual (Hindi & English),1,Shift 1,Set A,HUMAN_CURATED,key-standard,syl-cbse-board-2026,NOT_VERIFIED,NOT_VERIFIED,HISTORICAL_VERIFIED,PRACTICE_ELIGIBLE
q-c12-math-0042,src-cbse-board-portal,cbse-board,comp-cbse-board-cls12-sci-math,2026,2026,Class 12 Annual Exam,Mathematics Theory Paper,Higher Mathematics,Senior Secondary Domain,single_mcq,"hi,en",Bilingual (Hindi & English),1,Shift 1,Set A,HUMAN_CURATED,key-standard,syl-cbse-board-2026,NOT_VERIFIED,NOT_VERIFIED,HISTORICAL_VERIFIED,PRACTICE_ELIGIBLE
q-c12-math-0043,src-cbse-board-portal,cbse-board,comp-cbse-board-cls12-sci-math,2026,2026,Class 12 Annual Exam,Mathematics Theory Paper,Higher Mathematics,Senior Secondary Domain,single_mcq,"hi,en",Bilingual (Hindi & English),1,Shift 1,Set A,HUMAN_CURATED,key-standard,syl-cbse-board-2026,NOT_VERIFIED,NOT_VERIFIED,HISTORICAL_VERIFIED,PRACTICE_ELIGIBLE
q-c12-math-0044,src-cbse-board-portal,cbse-board,comp-cbse-board-cls12-sci-math,2026,2026,Class 12 Annual Exam,Mathematics Theory Paper,Higher Mathematics,Senior Secondary Domain,single_mcq,"hi,en",Bilingual (Hindi & English),1,Shift 1,Set A,HUMAN_CURATED,key-standard,syl-cbse-board-2026,NOT_VERIFIED,NOT_VERIFIED,HISTORICAL_VERIFIED,PRACTICE_ELIGIBLE
q-c12-math-0045,src-cbse-board-portal,cbse-board,comp-cbse-board-cls12-sci-math,2026,2026,Class 12 Annual Exam,Mathematics Theory Paper,Higher Mathematics,Senior Secondary Domain,single_mcq,"hi,en",Bilingual (Hindi & English),1,Shift 1,Set A,HUMAN_CURATED,key-standard,syl-cbse-board-2026,NOT_VERIFIED,NOT_VERIFIED,HISTORICAL_VERIFIED,PRACTICE_ELIGIBLE
q-c12-phy-0001,src-cbse-board-portal,cbse-board,comp-cbse-board-cls12-sci-physics,2026,2026,Class 12 Annual Exam,Physics Theory Paper,Physics,Senior Secondary Domain,single_mcq,"hi,en",Bilingual (Hindi & English),1,Shift 1,Set A,HUMAN_CURATED,key-standard,syl-cbse-board-2026,NOT_VERIFIED,NOT_VERIFIED,HISTORICAL_VERIFIED,PRACTICE_ELIGIBLE
q-c12-phy-0002,src-cbse-board-portal,cbse-board,comp-cbse-board-cls12-sci-physics,2026,2026,Class 12 Annual Exam,Physics Theory Paper,Physics,Senior Secondary Domain,single_mcq,"hi,en",Bilingual (Hindi & English),1,Shift 1,Set A,HUMAN_CURATED,key-standard,syl-cbse-board-2026,NOT_VERIFIED,NOT_VERIFIED,HISTORICAL_VERIFIED,PRACTICE_ELIGIBLE
q-c12-phy-0003,src-cbse-board-portal,cbse-board,comp-cbse-board-cls12-sci-physics,2026,2026,Class 12 Annual Exam,Physics Theory Paper,Physics,Senior Secondary Domain,single_mcq,"hi,en",Bilingual (Hindi & English),1,Shift 1,Set A,HUMAN_CURATED,key-standard,syl-cbse-board-2026,NOT_VERIFIED,NOT_VERIFIED,HISTORICAL_VERIFIED,PRACTICE_ELIGIBLE
q-c12-phy-0004,src-cbse-board-portal,cbse-board,comp-cbse-board-cls12-sci-physics,2026,2026,Class 12 Annual Exam,Physics Theory Paper,Physics,Senior Secondary Domain,single_mcq,"hi,en",Bilingual (Hindi & English),1,Shift 1,Set A,HUMAN_CURATED,key-standard,syl-cbse-board-2026,NOT_VERIFIED,NOT_VERIFIED,HISTORICAL_VERIFIED,PRACTICE_ELIGIBLE
q-c12-phy-0005,src-cbse-board-portal,cbse-board,comp-cbse-board-cls12-sci-physics,2026,2026,Class 12 Annual Exam,Physics Theory Paper,Physics,Senior Secondary Domain,single_mcq,"hi,en",Bilingual (Hindi & English),1,Shift 1,Set A,HUMAN_CURATED,key-standard,syl-cbse-board-2026,NOT_VERIFIED,NOT_VERIFIED,HISTORICAL_VERIFIED,PRACTICE_ELIGIBLE
q-c12-phy-0006,src-cbse-board-portal,cbse-board,comp-cbse-board-cls12-sci-physics,2026,2026,Class 12 Annual Exam,Physics Theory Paper,Physics,Senior Secondary Domain,single_mcq,"hi,en",Bilingual (Hindi & English),1,Shift 1,Set A,HUMAN_CURATED,key-standard,syl-cbse-board-2026,NOT_VERIFIED,NOT_VERIFIED,HISTORICAL_VERIFIED,PRACTICE_ELIGIBLE
q-c12-phy-0007,src-cbse-board-portal,cbse-board,comp-cbse-board-cls12-sci-physics,2026,2026,Class 12 Annual Exam,Physics Theory Paper,Physics,Senior Secondary Domain,single_mcq,"hi,en",Bilingual (Hindi & English),1,Shift 1,Set A,HUMAN_CURATED,key-standard,syl-cbse-board-2026,NOT_VERIFIED,NOT_VERIFIED,HISTORICAL_VERIFIED,PRACTICE_ELIGIBLE
q-c12-phy-0008,src-cbse-board-portal,cbse-board,comp-cbse-board-cls12-sci-physics,2026,2026,Class 12 Annual Exam,Physics Theory Paper,Physics,Senior Secondary Domain,single_mcq,"hi,en",Bilingual (Hindi & English),1,Shift 1,Set A,HUMAN_CURATED,key-standard,syl-cbse-board-2026,NOT_VERIFIED,NOT_VERIFIED,HISTORICAL_VERIFIED,PRACTICE_ELIGIBLE
q-c12-phy-0009,src-cbse-board-portal,cbse-board,comp-cbse-board-cls12-sci-physics,2026,2026,Class 12 Annual Exam,Physics Theory Paper,Physics,Senior Secondary Domain,single_mcq,"hi,en",Bilingual (Hindi & English),1,Shift 1,Set A,HUMAN_CURATED,key-standard,syl-cbse-board-2026,NOT_VERIFIED,NOT_VERIFIED,HISTORICAL_VERIFIED,PRACTICE_ELIGIBLE
q-c12-phy-0010,src-cbse-board-portal,cbse-board,comp-cbse-board-cls12-sci-physics,2026,2026,Class 12 Annual Exam,Physics Theory Paper,Physics,Senior Secondary Domain,single_mcq,"hi,en",Bilingual (Hindi & English),1,Shift 1,Set A,HUMAN_CURATED,key-standard,syl-cbse-board-2026,NOT_VERIFIED,NOT_VERIFIED,HISTORICAL_VERIFIED,PRACTICE_ELIGIBLE
q-c12-phy-0011,src-cbse-board-portal,cbse-board,comp-cbse-board-cls12-sci-physics,2026,2026,Class 12 Annual Exam,Physics Theory Paper,Physics,Senior Secondary Domain,single_mcq,"hi,en",Bilingual (Hindi & English),1,Shift 1,Set A,HUMAN_CURATED,key-standard,syl-cbse-board-2026,NOT_VERIFIED,NOT_VERIFIED,HISTORICAL_VERIFIED,PRACTICE_ELIGIBLE
q-c12-phy-0012,src-cbse-board-portal,cbse-board,comp-cbse-board-cls12-sci-physics,2026,2026,Class 12 Annual Exam,Physics Theory Paper,Physics,Senior Secondary Domain,single_mcq,"hi,en",Bilingual (Hindi & English),1,Shift 1,Set A,HUMAN_CURATED,key-standard,syl-cbse-board-2026,NOT_VERIFIED,NOT_VERIFIED,HISTORICAL_VERIFIED,PRACTICE_ELIGIBLE
q-c12-phy-0013,src-cbse-board-portal,cbse-board,comp-cbse-board-cls12-sci-physics,2026,2026,Class 12 Annual Exam,Physics Theory Paper,Physics,Senior Secondary Domain,single_mcq,"hi,en",Bilingual (Hindi & English),1,Shift 1,Set A,HUMAN_CURATED,key-standard,syl-cbse-board-2026,NOT_VERIFIED,NOT_VERIFIED,HISTORICAL_VERIFIED,PRACTICE_ELIGIBLE
q-c12-phy-0014,src-cbse-board-portal,cbse-board,comp-cbse-board-cls12-sci-physics,2026,2026,Class 12 Annual Exam,Physics Theory Paper,Physics,Senior Secondary Domain,single_mcq,"hi,en",Bilingual (Hindi & English),1,Shift 1,Set A,HUMAN_CURATED,key-standard,syl-cbse-board-2026,NOT_VERIFIED,NOT_VERIFIED,HISTORICAL_VERIFIED,PRACTICE_ELIGIBLE
q-c12-phy-0015,src-cbse-board-portal,cbse-board,comp-cbse-board-cls12-sci-physics,2026,2026,Class 12 Annual Exam,Physics Theory Paper,Physics,Senior Secondary Domain,single_mcq,"hi,en",Bilingual (Hindi & English),1,Shift 1,Set A,HUMAN_CURATED,key-standard,syl-cbse-board-2026,NOT_VERIFIED,NOT_VERIFIED,HISTORICAL_VERIFIED,PRACTICE_ELIGIBLE
q-c12-phy-0016,src-cbse-board-portal,cbse-board,comp-cbse-board-cls12-sci-physics,2026,2026,Class 12 Annual Exam,Physics Theory Paper,Physics,Senior Secondary Domain,single_mcq,"hi,en",Bilingual (Hindi & English),1,Shift 1,Set A,HUMAN_CURATED,key-standard,syl-cbse-board-2026,NOT_VERIFIED,NOT_VERIFIED,HISTORICAL_VERIFIED,PRACTICE_ELIGIBLE
q-c12-phy-0017,src-cbse-board-portal,cbse-board,comp-cbse-board-cls12-sci-physics,2026,2026,Class 12 Annual Exam,Physics Theory Paper,Physics,Senior Secondary Domain,single_mcq,"hi,en",Bilingual (Hindi & English),1,Shift 1,Set A,HUMAN_CURATED,key-standard,syl-cbse-board-2026,NOT_VERIFIED,NOT_VERIFIED,HISTORICAL_VERIFIED,PRACTICE_ELIGIBLE
q-c12-phy-0018,src-cbse-board-portal,cbse-board,comp-cbse-board-cls12-sci-physics,2026,2026,Class 12 Annual Exam,Physics Theory Paper,Physics,Senior Secondary Domain,single_mcq,"hi,en",Bilingual (Hindi & English),1,Shift 1,Set A,HUMAN_CURATED,key-standard,syl-cbse-board-2026,NOT_VERIFIED,NOT_VERIFIED,HISTORICAL_VERIFIED,PRACTICE_ELIGIBLE
q-c12-phy-0019,src-cbse-board-portal,cbse-board,comp-cbse-board-cls12-sci-physics,2026,2026,Class 12 Annual Exam,Physics Theory Paper,Physics,Senior Secondary Domain,single_mcq,"hi,en",Bilingual (Hindi & English),1,Shift 1,Set A,HUMAN_CURATED,key-standard,syl-cbse-board-2026,NOT_VERIFIED,NOT_VERIFIED,HISTORICAL_VERIFIED,PRACTICE_ELIGIBLE
q-c12-phy-0020,src-cbse-board-portal,cbse-board,comp-cbse-board-cls12-sci-physics,2026,2026,Class 12 Annual Exam,Physics Theory Paper,Physics,Senior Secondary Domain,single_mcq,"hi,en",Bilingual (Hindi & English),1,Shift 1,Set A,HUMAN_CURATED,key-standard,syl-cbse-board-2026,NOT_VERIFIED,NOT_VERIFIED,HISTORICAL_VERIFIED,PRACTICE_ELIGIBLE
q-c12-phy-0021,src-cbse-board-portal,cbse-board,comp-cbse-board-cls12-sci-physics,2026,2026,Class 12 Annual Exam,Physics Theory Paper,Physics,Senior Secondary Domain,single_mcq,"hi,en",Bilingual (Hindi & English),1,Shift 1,Set A,HUMAN_CURATED,key-standard,syl-cbse-board-2026,NOT_VERIFIED,NOT_VERIFIED,HISTORICAL_VERIFIED,PRACTICE_ELIGIBLE
q-c12-phy-0022,src-cbse-board-portal,cbse-board,comp-cbse-board-cls12-sci-physics,2026,2026,Class 12 Annual Exam,Physics Theory Paper,Physics,Senior Secondary Domain,single_mcq,"hi,en",Bilingual (Hindi & English),1,Shift 1,Set A,HUMAN_CURATED,key-standard,syl-cbse-board-2026,NOT_VERIFIED,NOT_VERIFIED,HISTORICAL_VERIFIED,PRACTICE_ELIGIBLE
q-c12-phy-0023,src-cbse-board-portal,cbse-board,comp-cbse-board-cls12-sci-physics,2026,2026,Class 12 Annual Exam,Physics Theory Paper,Physics,Senior Secondary Domain,single_mcq,"hi,en",Bilingual (Hindi & English),1,Shift 1,Set A,HUMAN_CURATED,key-standard,syl-cbse-board-2026,NOT_VERIFIED,NOT_VERIFIED,HISTORICAL_VERIFIED,PRACTICE_ELIGIBLE
q-c12-phy-0024,src-cbse-board-portal,cbse-board,comp-cbse-board-cls12-sci-physics,2026,2026,Class 12 Annual Exam,Physics Theory Paper,Physics,Senior Secondary Domain,single_mcq,"hi,en",Bilingual (Hindi & English),1,Shift 1,Set A,HUMAN_CURATED,key-standard,syl-cbse-board-2026,NOT_VERIFIED,NOT_VERIFIED,HISTORICAL_VERIFIED,PRACTICE_ELIGIBLE
q-c12-phy-0025,src-cbse-board-portal,cbse-board,comp-cbse-board-cls12-sci-physics,2026,2026,Class 12 Annual Exam,Physics Theory Paper,Physics,Senior Secondary Domain,single_mcq,"hi,en",Bilingual (Hindi & English),1,Shift 1,Set A,HUMAN_CURATED,key-standard,syl-cbse-board-2026,NOT_VERIFIED,NOT_VERIFIED,HISTORICAL_VERIFIED,PRACTICE_ELIGIBLE
q-c12-phy-0026,src-cbse-board-portal,cbse-board,comp-cbse-board-cls12-sci-physics,2026,2026,Class 12 Annual Exam,Physics Theory Paper,Physics,Senior Secondary Domain,single_mcq,"hi,en",Bilingual (Hindi & English),1,Shift 1,Set A,HUMAN_CURATED,key-standard,syl-cbse-board-2026,NOT_VERIFIED,NOT_VERIFIED,HISTORICAL_VERIFIED,PRACTICE_ELIGIBLE
q-c12-phy-0027,src-cbse-board-portal,cbse-board,comp-cbse-board-cls12-sci-physics,2026,2026,Class 12 Annual Exam,Physics Theory Paper,Physics,Senior Secondary Domain,single_mcq,"hi,en",Bilingual (Hindi & English),1,Shift 1,Set A,HUMAN_CURATED,key-standard,syl-cbse-board-2026,NOT_VERIFIED,NOT_VERIFIED,HISTORICAL_VERIFIED,PRACTICE_ELIGIBLE
q-c12-phy-0028,src-cbse-board-portal,cbse-board,comp-cbse-board-cls12-sci-physics,2026,2026,Class 12 Annual Exam,Physics Theory Paper,Physics,Senior Secondary Domain,single_mcq,"hi,en",Bilingual (Hindi & English),1,Shift 1,Set A,HUMAN_CURATED,key-standard,syl-cbse-board-2026,NOT_VERIFIED,NOT_VERIFIED,HISTORICAL_VERIFIED,PRACTICE_ELIGIBLE
q-c12-phy-0029,src-cbse-board-portal,cbse-board,comp-cbse-board-cls12-sci-physics,2026,2026,Class 12 Annual Exam,Physics Theory Paper,Physics,Senior Secondary Domain,single_mcq,"hi,en",Bilingual (Hindi & English),1,Shift 1,Set A,HUMAN_CURATED,key-standard,syl-cbse-board-2026,NOT_VERIFIED,NOT_VERIFIED,HISTORICAL_VERIFIED,PRACTICE_ELIGIBLE
q-c12-phy-0030,src-cbse-board-portal,cbse-board,comp-cbse-board-cls12-sci-physics,2026,2026,Class 12 Annual Exam,Physics Theory Paper,Physics,Senior Secondary Domain,single_mcq,"hi,en",Bilingual (Hindi & English),1,Shift 1,Set A,HUMAN_CURATED,key-standard,syl-cbse-board-2026,NOT_VERIFIED,NOT_VERIFIED,HISTORICAL_VERIFIED,PRACTICE_ELIGIBLE
q-c12-pol-0001,src-cbse-board-portal,cbse-board,comp-cbse-board-tier1,2026,2026,Class 12 Annual Exam,Political Science Theory Paper,Political Science,Senior Secondary Domain,single_mcq,"hi,en",Bilingual (Hindi & English),1,Shift 1,Set A,HUMAN_CURATED,key-standard,syl-cbse-board-2026,NOT_VERIFIED,NOT_VERIFIED,HISTORICAL_VERIFIED,PRACTICE_ELIGIBLE
q-c12-pol-0002,src-cbse-board-portal,cbse-board,comp-cbse-board-tier1,2026,2026,Class 12 Annual Exam,Political Science Theory Paper,Political Science,Senior Secondary Domain,single_mcq,"hi,en",Bilingual (Hindi & English),1,Shift 1,Set A,HUMAN_CURATED,key-standard,syl-cbse-board-2026,NOT_VERIFIED,NOT_VERIFIED,HISTORICAL_VERIFIED,PRACTICE_ELIGIBLE
q-c12-pol-0003,src-cbse-board-portal,cbse-board,comp-cbse-board-tier1,2026,2026,Class 12 Annual Exam,Political Science Theory Paper,Political Science,Senior Secondary Domain,single_mcq,"hi,en",Bilingual (Hindi & English),1,Shift 1,Set A,HUMAN_CURATED,key-standard,syl-cbse-board-2026,NOT_VERIFIED,NOT_VERIFIED,HISTORICAL_VERIFIED,PRACTICE_ELIGIBLE
q-c12-pol-0004,src-cbse-board-portal,cbse-board,comp-cbse-board-tier1,2026,2026,Class 12 Annual Exam,Political Science Theory Paper,Political Science,Senior Secondary Domain,single_mcq,"hi,en",Bilingual (Hindi & English),1,Shift 1,Set A,HUMAN_CURATED,key-standard,syl-cbse-board-2026,NOT_VERIFIED,NOT_VERIFIED,HISTORICAL_VERIFIED,PRACTICE_ELIGIBLE
q-c12-pol-0005,src-cbse-board-portal,cbse-board,comp-cbse-board-tier1,2026,2026,Class 12 Annual Exam,Political Science Theory Paper,Political Science,Senior Secondary Domain,single_mcq,"hi,en",Bilingual (Hindi & English),1,Shift 1,Set A,HUMAN_CURATED,key-standard,syl-cbse-board-2026,NOT_VERIFIED,NOT_VERIFIED,HISTORICAL_VERIFIED,PRACTICE_ELIGIBLE
q-c12-pol-0006,src-cbse-board-portal,cbse-board,comp-cbse-board-tier1,2026,2026,Class 12 Annual Exam,Political Science Theory Paper,Political Science,Senior Secondary Domain,single_mcq,"hi,en",Bilingual (Hindi & English),1,Shift 1,Set A,HUMAN_CURATED,key-standard,syl-cbse-board-2026,NOT_VERIFIED,NOT_VERIFIED,HISTORICAL_VERIFIED,PRACTICE_ELIGIBLE
q-c12-pol-0007,src-cbse-board-portal,cbse-board,comp-cbse-board-tier1,2026,2026,Class 12 Annual Exam,Political Science Theory Paper,Political Science,Senior Secondary Domain,single_mcq,"hi,en",Bilingual (Hindi & English),1,Shift 1,Set A,HUMAN_CURATED,key-standard,syl-cbse-board-2026,NOT_VERIFIED,NOT_VERIFIED,HISTORICAL_VERIFIED,PRACTICE_ELIGIBLE
q-c12-pol-0008,src-cbse-board-portal,cbse-board,comp-cbse-board-tier1,2026,2026,Class 12 Annual Exam,Political Science Theory Paper,Political Science,Senior Secondary Domain,single_mcq,"hi,en",Bilingual (Hindi & English),1,Shift 1,Set A,HUMAN_CURATED,key-standard,syl-cbse-board-2026,NOT_VERIFIED,NOT_VERIFIED,HISTORICAL_VERIFIED,PRACTICE_ELIGIBLE
q-c12-pol-0009,src-cbse-board-portal,cbse-board,comp-cbse-board-tier1,2026,2026,Class 12 Annual Exam,Political Science Theory Paper,Political Science,Senior Secondary Domain,single_mcq,"hi,en",Bilingual (Hindi & English),1,Shift 1,Set A,HUMAN_CURATED,key-standard,syl-cbse-board-2026,NOT_VERIFIED,NOT_VERIFIED,HISTORICAL_VERIFIED,PRACTICE_ELIGIBLE
q-c12-pol-0010,src-cbse-board-portal,cbse-board,comp-cbse-board-tier1,2026,2026,Class 12 Annual Exam,Political Science Theory Paper,Political Science,Senior Secondary Domain,single_mcq,"hi,en",Bilingual (Hindi & English),1,Shift 1,Set A,HUMAN_CURATED,key-standard,syl-cbse-board-2026,NOT_VERIFIED,NOT_VERIFIED,HISTORICAL_VERIFIED,PRACTICE_ELIGIBLE
q-c12-pol-0011,src-cbse-board-portal,cbse-board,comp-cbse-board-tier1,2026,2026,Class 12 Annual Exam,Political Science Theory Paper,Political Science,Senior Secondary Domain,single_mcq,"hi,en",Bilingual (Hindi & English),1,Shift 1,Set A,HUMAN_CURATED,key-standard,syl-cbse-board-2026,NOT_VERIFIED,NOT_VERIFIED,HISTORICAL_VERIFIED,PRACTICE_ELIGIBLE
q-c12-pol-0012,src-cbse-board-portal,cbse-board,comp-cbse-board-tier1,2026,2026,Class 12 Annual Exam,Political Science Theory Paper,Political Science,Senior Secondary Domain,single_mcq,"hi,en",Bilingual (Hindi & English),1,Shift 1,Set A,HUMAN_CURATED,key-standard,syl-cbse-board-2026,NOT_VERIFIED,NOT_VERIFIED,HISTORICAL_VERIFIED,PRACTICE_ELIGIBLE
q-cbse-10-sci-2023-q1,src-cbse-board-portal,cbse-board,comp-cbse-board-cls10-science,2023,2023,Class 10 Annual Exam,Science Theory Paper,Science & Technology,Section A (MCQ),single_mcq,"hi,en",Bilingual (Hindi & English),1,SHIFT_1,A,OFFICIAL_PYQ,key-paper-cbse-10-sci-2023-set1-final,syl-cbse-board-2023,NOT_VERIFIED,NOT_VERIFIED,OFFICIAL_PYQ_VERIFIED,SAMPLE_ELIGIBLE
q-cbse-10-sci-2025-sp-q001,src-cbse-board-portal,cbse-board,comp-cbse-board-cls10-science,2024,2024,Class 10 Annual Exam,Science Theory Paper,Science & Technology,Section A (MCQ),single_mcq,"hi,en",Bilingual (Hindi & English),1,Morning,Set 1,OFFICIAL_SAMPLE,key-paper-cbse-10-sci-2025-sp-final,syl-cbse-board-2024,NOT_VERIFIED,NOT_VERIFIED,OFFICIAL_SAMPLE_VERIFIED,SAMPLE_ELIGIBLE
q-cbse-10-sci-2025-sp-q002,src-cbse-board-portal,cbse-board,comp-cbse-board-cls10-science,2024,2024,Class 10 Annual Exam,Science Theory Paper,Science & Technology,Section A (MCQ),single_mcq,"hi,en",Bilingual (Hindi & English),2,Morning,Set 1,OFFICIAL_SAMPLE,key-paper-cbse-10-sci-2025-sp-final,syl-cbse-board-2024,NOT_VERIFIED,NOT_VERIFIED,OFFICIAL_SAMPLE_VERIFIED,SAMPLE_ELIGIBLE
q-cbse-10-sci-2025-sp-q003,src-cbse-board-portal,cbse-board,comp-cbse-board-cls10-science,2024,2024,Class 10 Annual Exam,Science Theory Paper,Science & Technology,Section A (MCQ),single_mcq,"hi,en",Bilingual (Hindi & English),3,Morning,Set 1,OFFICIAL_SAMPLE,key-paper-cbse-10-sci-2025-sp-final,syl-cbse-board-2024,NOT_VERIFIED,NOT_VERIFIED,OFFICIAL_SAMPLE_VERIFIED,SAMPLE_ELIGIBLE
q-cbse-10-sci-2025-sp-q004,src-cbse-board-portal,cbse-board,comp-cbse-board-cls10-science,2024,2024,Class 10 Annual Exam,Science Theory Paper,Science & Technology,Section A (MCQ),single_mcq,"hi,en",Bilingual (Hindi & English),4,Morning,Set 1,OFFICIAL_SAMPLE,key-paper-cbse-10-sci-2025-sp-final,syl-cbse-board-2024,NOT_VERIFIED,NOT_VERIFIED,OFFICIAL_SAMPLE_VERIFIED,SAMPLE_ELIGIBLE
q-cbse-10-sci-2025-sp-q005,src-cbse-board-portal,cbse-board,comp-cbse-board-cls10-science,2024,2024,Class 10 Annual Exam,Science Theory Paper,Science & Technology,Section A (MCQ),single_mcq,"hi,en",Bilingual (Hindi & English),5,Morning,Set 1,OFFICIAL_SAMPLE,key-paper-cbse-10-sci-2025-sp-final,syl-cbse-board-2024,NOT_VERIFIED,NOT_VERIFIED,OFFICIAL_SAMPLE_VERIFIED,SAMPLE_ELIGIBLE
q-cbse-10-sci-2025-sp-q006,src-cbse-board-portal,cbse-board,comp-cbse-board-cls10-science,2024,2024,Class 10 Annual Exam,Science Theory Paper,Science & Technology,Section A (MCQ),single_mcq,"hi,en",Bilingual (Hindi & English),6,Morning,Set 1,OFFICIAL_SAMPLE,key-paper-cbse-10-sci-2025-sp-final,syl-cbse-board-2024,NOT_VERIFIED,NOT_VERIFIED,OFFICIAL_SAMPLE_VERIFIED,SAMPLE_ELIGIBLE
q-cbse-10-sci-2025-sp-q007,src-cbse-board-portal,cbse-board,comp-cbse-board-cls10-science,2024,2024,Class 10 Annual Exam,Science Theory Paper,Science & Technology,Section A (MCQ),single_mcq,"hi,en",Bilingual (Hindi & English),7,Morning,Set 1,OFFICIAL_SAMPLE,key-paper-cbse-10-sci-2025-sp-final,syl-cbse-board-2024,NOT_VERIFIED,NOT_VERIFIED,OFFICIAL_SAMPLE_VERIFIED,SAMPLE_ELIGIBLE
q-cbse-10-sci-2025-sp-q008,src-cbse-board-portal,cbse-board,comp-cbse-board-cls10-science,2024,2024,Class 10 Annual Exam,Science Theory Paper,Science & Technology,Section A (MCQ),single_mcq,"hi,en",Bilingual (Hindi & English),8,Morning,Set 1,OFFICIAL_SAMPLE,key-paper-cbse-10-sci-2025-sp-final,syl-cbse-board-2024,NOT_VERIFIED,NOT_VERIFIED,OFFICIAL_SAMPLE_VERIFIED,SAMPLE_ELIGIBLE
q-cbse-10-sci-2025-sp-q009,src-cbse-board-portal,cbse-board,comp-cbse-board-cls10-science,2024,2024,Class 10 Annual Exam,Science Theory Paper,Science & Technology,Section A (MCQ),single_mcq,"hi,en",Bilingual (Hindi & English),9,Morning,Set 1,OFFICIAL_SAMPLE,key-paper-cbse-10-sci-2025-sp-final,syl-cbse-board-2024,NOT_VERIFIED,NOT_VERIFIED,OFFICIAL_SAMPLE_VERIFIED,SAMPLE_ELIGIBLE
q-cbse-10-sci-2025-sp-q010,src-cbse-board-portal,cbse-board,comp-cbse-board-cls10-science,2024,2024,Class 10 Annual Exam,Science Theory Paper,Science & Technology,Section A (MCQ),single_mcq,"hi,en",Bilingual (Hindi & English),10,Morning,Set 1,OFFICIAL_SAMPLE,key-paper-cbse-10-sci-2025-sp-final,syl-cbse-board-2024,NOT_VERIFIED,NOT_VERIFIED,OFFICIAL_SAMPLE_VERIFIED,SAMPLE_ELIGIBLE
q-cbse-10-sci-2025-sp-q011,src-cbse-board-portal,cbse-board,comp-cbse-board-cls10-science,2024,2024,Class 10 Annual Exam,Science Theory Paper,Science & Technology,Section A (MCQ),single_mcq,"hi,en",Bilingual (Hindi & English),11,Morning,Set 1,OFFICIAL_SAMPLE,key-paper-cbse-10-sci-2025-sp-final,syl-cbse-board-2024,NOT_VERIFIED,NOT_VERIFIED,OFFICIAL_SAMPLE_VERIFIED,SAMPLE_ELIGIBLE
q-cbse-10-sci-2025-sp-q012,src-cbse-board-portal,cbse-board,comp-cbse-board-cls10-science,2024,2024,Class 10 Annual Exam,Science Theory Paper,Science & Technology,Section A (MCQ),single_mcq,"hi,en",Bilingual (Hindi & English),12,Morning,Set 1,OFFICIAL_SAMPLE,key-paper-cbse-10-sci-2025-sp-final,syl-cbse-board-2024,NOT_VERIFIED,NOT_VERIFIED,OFFICIAL_SAMPLE_VERIFIED,SAMPLE_ELIGIBLE
q-cbse-10-sci-2025-sp-q013,src-cbse-board-portal,cbse-board,comp-cbse-board-cls10-science,2024,2024,Class 10 Annual Exam,Science Theory Paper,Science & Technology,Section A (MCQ),single_mcq,"hi,en",Bilingual (Hindi & English),13,Morning,Set 1,OFFICIAL_SAMPLE,key-paper-cbse-10-sci-2025-sp-final,syl-cbse-board-2024,NOT_VERIFIED,NOT_VERIFIED,OFFICIAL_SAMPLE_VERIFIED,SAMPLE_ELIGIBLE
q-cbse-10-sci-2025-sp-q014,src-cbse-board-portal,cbse-board,comp-cbse-board-cls10-science,2024,2024,Class 10 Annual Exam,Science Theory Paper,Science & Technology,Section A (MCQ),single_mcq,"hi,en",Bilingual (Hindi & English),14,Morning,Set 1,OFFICIAL_SAMPLE,key-paper-cbse-10-sci-2025-sp-final,syl-cbse-board-2024,NOT_VERIFIED,NOT_VERIFIED,OFFICIAL_SAMPLE_VERIFIED,SAMPLE_ELIGIBLE
q-cbse-10-sci-2025-sp-q015,src-cbse-board-portal,cbse-board,comp-cbse-board-cls10-science,2024,2024,Class 10 Annual Exam,Science Theory Paper,Science & Technology,Section A (MCQ),single_mcq,"hi,en",Bilingual (Hindi & English),15,Morning,Set 1,OFFICIAL_SAMPLE,key-paper-cbse-10-sci-2025-sp-final,syl-cbse-board-2024,NOT_VERIFIED,NOT_VERIFIED,OFFICIAL_SAMPLE_VERIFIED,SAMPLE_ELIGIBLE
q-cbse-10-sci-2025-sp-q016,src-cbse-board-portal,cbse-board,comp-cbse-board-cls10-science,2024,2024,Class 10 Annual Exam,Science Theory Paper,Science & Technology,Section A (MCQ),single_mcq,"hi,en",Bilingual (Hindi & English),16,Morning,Set 1,OFFICIAL_SAMPLE,key-paper-cbse-10-sci-2025-sp-final,syl-cbse-board-2024,NOT_VERIFIED,NOT_VERIFIED,OFFICIAL_SAMPLE_VERIFIED,SAMPLE_ELIGIBLE
q-cbse-10-sci-2025-sp-q017,src-cbse-board-portal,cbse-board,comp-cbse-board-cls10-science,2024,2024,Class 10 Annual Exam,Science Theory Paper,Science & Technology,Section A (MCQ),single_mcq,"hi,en",Bilingual (Hindi & English),17,Morning,Set 1,OFFICIAL_SAMPLE,key-paper-cbse-10-sci-2025-sp-final,syl-cbse-board-2024,NOT_VERIFIED,NOT_VERIFIED,OFFICIAL_SAMPLE_VERIFIED,SAMPLE_ELIGIBLE
q-cbse-10-sci-2025-sp-q018,src-cbse-board-portal,cbse-board,comp-cbse-board-cls10-science,2024,2024,Class 10 Annual Exam,Science Theory Paper,Science & Technology,Section A (MCQ),single_mcq,"hi,en",Bilingual (Hindi & English),18,Morning,Set 1,OFFICIAL_SAMPLE,key-paper-cbse-10-sci-2025-sp-final,syl-cbse-board-2024,NOT_VERIFIED,NOT_VERIFIED,OFFICIAL_SAMPLE_VERIFIED,SAMPLE_ELIGIBLE
q-cbse-10-sci-2025-sp-q019,src-cbse-board-portal,cbse-board,comp-cbse-board-cls10-science,2024,2024,Class 10 Annual Exam,Science Theory Paper,Science & Technology,Section A (MCQ),single_mcq,"hi,en",Bilingual (Hindi & English),19,Morning,Set 1,OFFICIAL_SAMPLE,key-paper-cbse-10-sci-2025-sp-final,syl-cbse-board-2024,NOT_VERIFIED,NOT_VERIFIED,OFFICIAL_SAMPLE_VERIFIED,SAMPLE_ELIGIBLE
q-cbse-10-sci-2025-sp-q020,src-cbse-board-portal,cbse-board,comp-cbse-board-cls10-science,2024,2024,Class 10 Annual Exam,Science Theory Paper,Science & Technology,Section A (MCQ),single_mcq,"hi,en",Bilingual (Hindi & English),20,Morning,Set 1,OFFICIAL_SAMPLE,key-paper-cbse-10-sci-2025-sp-final,syl-cbse-board-2024,NOT_VERIFIED,NOT_VERIFIED,OFFICIAL_SAMPLE_VERIFIED,SAMPLE_ELIGIBLE
q-cbse-board-undefined-Annual Board Exam-Morning-q1,src-cbse-board-portal,cbse-board,comp-cbse-board-cls10-science,2024,2024,Class 10 Annual Exam,Science Theory Paper,Science & Technology,Section A (MCQ),single_mcq,"hi,en",Bilingual (Hindi & English),1,Morning,Set 1,OFFICIAL_SAMPLE,key-paper-cbse-10-science-2024-final,syl-cbse-board-2024,NOT_VERIFIED,NOT_VERIFIED,OFFICIAL_SAMPLE_VERIFIED,SAMPLE_ELIGIBLE
q-cbse-board-undefined-Annual Board Exam-Morning-q10,src-cbse-board-portal,cbse-board,comp-cbse-board-cls10-science,2024,2024,Class 10 Annual Exam,Science Theory Paper,Science & Technology,Section A (MCQ),single_mcq,"hi,en",Bilingual (Hindi & English),10,Morning,Set 1,OFFICIAL_SAMPLE,key-paper-cbse-10-science-2024-final,syl-cbse-board-2024,NOT_VERIFIED,NOT_VERIFIED,OFFICIAL_SAMPLE_VERIFIED,SAMPLE_ELIGIBLE
q-cbse-board-undefined-Annual Board Exam-Morning-q11,src-cbse-board-portal,cbse-board,comp-cbse-board-cls10-science,2024,2024,Class 10 Annual Exam,Science Theory Paper,Science & Technology,Section A (MCQ),single_mcq,"hi,en",Bilingual (Hindi & English),11,Morning,Set 1,OFFICIAL_SAMPLE,key-paper-cbse-10-science-2024-final,syl-cbse-board-2024,NOT_VERIFIED,NOT_VERIFIED,OFFICIAL_SAMPLE_VERIFIED,SAMPLE_ELIGIBLE
q-cbse-board-undefined-Annual Board Exam-Morning-q12,src-cbse-board-portal,cbse-board,comp-cbse-board-cls10-science,2024,2024,Class 10 Annual Exam,Science Theory Paper,Science & Technology,Section A (MCQ),single_mcq,"hi,en",Bilingual (Hindi & English),12,Morning,Set 1,OFFICIAL_SAMPLE,key-paper-cbse-10-science-2024-final,syl-cbse-board-2024,NOT_VERIFIED,NOT_VERIFIED,OFFICIAL_SAMPLE_VERIFIED,SAMPLE_ELIGIBLE
q-cbse-board-undefined-Annual Board Exam-Morning-q13,src-cbse-board-portal,cbse-board,comp-cbse-board-cls10-science,2024,2024,Class 10 Annual Exam,Science Theory Paper,Science & Technology,Section A (MCQ),single_mcq,"hi,en",Bilingual (Hindi & English),13,Morning,Set 1,OFFICIAL_SAMPLE,key-paper-cbse-10-science-2024-final,syl-cbse-board-2024,NOT_VERIFIED,NOT_VERIFIED,OFFICIAL_SAMPLE_VERIFIED,SAMPLE_ELIGIBLE
q-cbse-board-undefined-Annual Board Exam-Morning-q14,src-cbse-board-portal,cbse-board,comp-cbse-board-cls10-science,2024,2024,Class 10 Annual Exam,Science Theory Paper,Science & Technology,Section A (MCQ),single_mcq,"hi,en",Bilingual (Hindi & English),14,Morning,Set 1,OFFICIAL_SAMPLE,key-paper-cbse-10-science-2024-final,syl-cbse-board-2024,NOT_VERIFIED,NOT_VERIFIED,OFFICIAL_SAMPLE_VERIFIED,SAMPLE_ELIGIBLE
q-cbse-board-undefined-Annual Board Exam-Morning-q15,src-cbse-board-portal,cbse-board,comp-cbse-board-cls10-science,2024,2024,Class 10 Annual Exam,Science Theory Paper,Science & Technology,Section A (MCQ),single_mcq,"hi,en",Bilingual (Hindi & English),15,Morning,Set 1,OFFICIAL_SAMPLE,key-paper-cbse-10-science-2024-final,syl-cbse-board-2024,NOT_VERIFIED,NOT_VERIFIED,OFFICIAL_SAMPLE_VERIFIED,SAMPLE_ELIGIBLE
q-cbse-board-undefined-Annual Board Exam-Morning-q16,src-cbse-board-portal,cbse-board,comp-cbse-board-cls10-science,2024,2024,Class 10 Annual Exam,Science Theory Paper,Science & Technology,Section A (MCQ),single_mcq,"hi,en",Bilingual (Hindi & English),16,Morning,Set 1,OFFICIAL_SAMPLE,key-paper-cbse-10-science-2024-final,syl-cbse-board-2024,NOT_VERIFIED,NOT_VERIFIED,OFFICIAL_SAMPLE_VERIFIED,SAMPLE_ELIGIBLE
q-cbse-board-undefined-Annual Board Exam-Morning-q17,src-cbse-board-portal,cbse-board,comp-cbse-board-cls10-science,2024,2024,Class 10 Annual Exam,Science Theory Paper,Science & Technology,Section A (MCQ),single_mcq,"hi,en",Bilingual (Hindi & English),17,Morning,Set 1,OFFICIAL_SAMPLE,key-paper-cbse-10-science-2024-final,syl-cbse-board-2024,NOT_VERIFIED,NOT_VERIFIED,OFFICIAL_SAMPLE_VERIFIED,SAMPLE_ELIGIBLE
q-cbse-board-undefined-Annual Board Exam-Morning-q18,src-cbse-board-portal,cbse-board,comp-cbse-board-cls10-science,2024,2024,Class 10 Annual Exam,Science Theory Paper,Science & Technology,Section A (MCQ),single_mcq,"hi,en",Bilingual (Hindi & English),18,Morning,Set 1,OFFICIAL_SAMPLE,key-paper-cbse-10-science-2024-final,syl-cbse-board-2024,NOT_VERIFIED,NOT_VERIFIED,OFFICIAL_SAMPLE_VERIFIED,SAMPLE_ELIGIBLE
q-cbse-board-undefined-Annual Board Exam-Morning-q19,src-cbse-board-portal,cbse-board,comp-cbse-board-cls10-science,2024,2024,Class 10 Annual Exam,Science Theory Paper,Science & Technology,Section A (MCQ),single_mcq,"hi,en",Bilingual (Hindi & English),19,Morning,Set 1,OFFICIAL_SAMPLE,key-paper-cbse-10-science-2024-final,syl-cbse-board-2024,NOT_VERIFIED,NOT_VERIFIED,OFFICIAL_SAMPLE_VERIFIED,SAMPLE_ELIGIBLE
q-cbse-board-undefined-Annual Board Exam-Morning-q2,src-cbse-board-portal,cbse-board,comp-cbse-board-cls10-science,2024,2024,Class 10 Annual Exam,Science Theory Paper,Science & Technology,Section A (MCQ),single_mcq,"hi,en",Bilingual (Hindi & English),2,Morning,Set 1,OFFICIAL_SAMPLE,key-paper-cbse-10-science-2024-final,syl-cbse-board-2024,NOT_VERIFIED,NOT_VERIFIED,OFFICIAL_SAMPLE_VERIFIED,SAMPLE_ELIGIBLE
q-cbse-board-undefined-Annual Board Exam-Morning-q20,src-cbse-board-portal,cbse-board,comp-cbse-board-cls10-science,2024,2024,Class 10 Annual Exam,Science Theory Paper,Science & Technology,Section A (MCQ),single_mcq,"hi,en",Bilingual (Hindi & English),20,Morning,Set 1,OFFICIAL_SAMPLE,key-paper-cbse-10-science-2024-final,syl-cbse-board-2024,NOT_VERIFIED,NOT_VERIFIED,OFFICIAL_SAMPLE_VERIFIED,SAMPLE_ELIGIBLE
q-cbse-board-undefined-Annual Board Exam-Morning-q21,src-cbse-board-portal,cbse-board,comp-cbse-board-cls10-science,2024,2024,Class 10 Annual Exam,Science Theory Paper,Science & Technology,Section B/C (Short Answer),short_answer,"hi,en",Bilingual (Hindi & English),21,Morning,Set 1,OFFICIAL_SAMPLE,key-paper-cbse-10-science-2024-final,syl-cbse-board-2024,NOT_VERIFIED,NOT_VERIFIED,OFFICIAL_SAMPLE_VERIFIED,SAMPLE_ELIGIBLE
q-cbse-board-undefined-Annual Board Exam-Morning-q22,src-cbse-board-portal,cbse-board,comp-cbse-board-cls10-science,2024,2024,Class 10 Annual Exam,Science Theory Paper,Science & Technology,Section B/C (Short Answer),short_answer,"hi,en",Bilingual (Hindi & English),22,Morning,Set 1,OFFICIAL_SAMPLE,key-paper-cbse-10-science-2024-final,syl-cbse-board-2024,NOT_VERIFIED,NOT_VERIFIED,OFFICIAL_SAMPLE_VERIFIED,SAMPLE_ELIGIBLE
q-cbse-board-undefined-Annual Board Exam-Morning-q23,src-cbse-board-portal,cbse-board,comp-cbse-board-cls10-science,2024,2024,Class 10 Annual Exam,Science Theory Paper,Science & Technology,Section B/C (Short Answer),short_answer,"hi,en",Bilingual (Hindi & English),23,Morning,Set 1,OFFICIAL_SAMPLE,key-paper-cbse-10-science-2024-final,syl-cbse-board-2024,NOT_VERIFIED,NOT_VERIFIED,OFFICIAL_SAMPLE_VERIFIED,SAMPLE_ELIGIBLE
q-cbse-board-undefined-Annual Board Exam-Morning-q24,src-cbse-board-portal,cbse-board,comp-cbse-board-cls10-science,2024,2024,Class 10 Annual Exam,Science Theory Paper,Science & Technology,Section B/C (Short Answer),short_answer,"hi,en",Bilingual (Hindi & English),24,Morning,Set 1,OFFICIAL_SAMPLE,key-paper-cbse-10-science-2024-final,syl-cbse-board-2024,NOT_VERIFIED,NOT_VERIFIED,OFFICIAL_SAMPLE_VERIFIED,SAMPLE_ELIGIBLE
q-cbse-board-undefined-Annual Board Exam-Morning-q25,src-cbse-board-portal,cbse-board,comp-cbse-board-cls10-science,2024,2024,Class 10 Annual Exam,Science Theory Paper,Science & Technology,Section B/C (Short Answer),short_answer,"hi,en",Bilingual (Hindi & English),25,Morning,Set 1,OFFICIAL_SAMPLE,key-paper-cbse-10-science-2024-final,syl-cbse-board-2024,NOT_VERIFIED,NOT_VERIFIED,OFFICIAL_SAMPLE_VERIFIED,SAMPLE_ELIGIBLE
q-cbse-board-undefined-Annual Board Exam-Morning-q26,src-cbse-board-portal,cbse-board,comp-cbse-board-cls10-science,2024,2024,Class 10 Annual Exam,Science Theory Paper,Science & Technology,Section B/C (Short Answer),short_answer,"hi,en",Bilingual (Hindi & English),26,Morning,Set 1,OFFICIAL_SAMPLE,key-paper-cbse-10-science-2024-final,syl-cbse-board-2024,NOT_VERIFIED,NOT_VERIFIED,OFFICIAL_SAMPLE_VERIFIED,SAMPLE_ELIGIBLE
q-cbse-board-undefined-Annual Board Exam-Morning-q27,src-cbse-board-portal,cbse-board,comp-cbse-board-cls10-science,2024,2024,Class 10 Annual Exam,Science Theory Paper,Science & Technology,Section B/C (Short Answer),short_answer,"hi,en",Bilingual (Hindi & English),27,Morning,Set 1,OFFICIAL_SAMPLE,key-paper-cbse-10-science-2024-final,syl-cbse-board-2024,NOT_VERIFIED,NOT_VERIFIED,OFFICIAL_SAMPLE_VERIFIED,SAMPLE_ELIGIBLE
q-cbse-board-undefined-Annual Board Exam-Morning-q28,src-cbse-board-portal,cbse-board,comp-cbse-board-cls10-science,2024,2024,Class 10 Annual Exam,Science Theory Paper,Science & Technology,Section B/C (Short Answer),short_answer,"hi,en",Bilingual (Hindi & English),28,Morning,Set 1,OFFICIAL_SAMPLE,key-paper-cbse-10-science-2024-final,syl-cbse-board-2024,NOT_VERIFIED,NOT_VERIFIED,OFFICIAL_SAMPLE_VERIFIED,SAMPLE_ELIGIBLE
q-cbse-board-undefined-Annual Board Exam-Morning-q29,src-cbse-board-portal,cbse-board,comp-cbse-board-cls10-science,2024,2024,Class 10 Annual Exam,Science Theory Paper,Science & Technology,Section B/C (Short Answer),short_answer,"hi,en",Bilingual (Hindi & English),29,Morning,Set 1,OFFICIAL_SAMPLE,key-paper-cbse-10-science-2024-final,syl-cbse-board-2024,NOT_VERIFIED,NOT_VERIFIED,OFFICIAL_SAMPLE_VERIFIED,SAMPLE_ELIGIBLE
q-cbse-board-undefined-Annual Board Exam-Morning-q3,src-cbse-board-portal,cbse-board,comp-cbse-board-cls10-science,2024,2024,Class 10 Annual Exam,Science Theory Paper,Science & Technology,Section A (MCQ),single_mcq,"hi,en",Bilingual (Hindi & English),3,Morning,Set 1,OFFICIAL_SAMPLE,key-paper-cbse-10-science-2024-final,syl-cbse-board-2024,NOT_VERIFIED,NOT_VERIFIED,OFFICIAL_SAMPLE_VERIFIED,SAMPLE_ELIGIBLE
q-cbse-board-undefined-Annual Board Exam-Morning-q30,src-cbse-board-portal,cbse-board,comp-cbse-board-cls10-science,2024,2024,Class 10 Annual Exam,Science Theory Paper,Science & Technology,Section B/C (Short Answer),short_answer,"hi,en",Bilingual (Hindi & English),30,Morning,Set 1,OFFICIAL_SAMPLE,key-paper-cbse-10-science-2024-final,syl-cbse-board-2024,NOT_VERIFIED,NOT_VERIFIED,OFFICIAL_SAMPLE_VERIFIED,SAMPLE_ELIGIBLE
q-cbse-board-undefined-Annual Board Exam-Morning-q31,src-cbse-board-portal,cbse-board,comp-cbse-board-cls10-science,2024,2024,Class 10 Annual Exam,Science Theory Paper,Science & Technology,Section B/C (Short Answer),short_answer,"hi,en",Bilingual (Hindi & English),31,Morning,Set 1,OFFICIAL_SAMPLE,key-paper-cbse-10-science-2024-final,syl-cbse-board-2024,NOT_VERIFIED,NOT_VERIFIED,OFFICIAL_SAMPLE_VERIFIED,SAMPLE_ELIGIBLE
q-cbse-board-undefined-Annual Board Exam-Morning-q32,src-cbse-board-portal,cbse-board,comp-cbse-board-cls10-science,2024,2024,Class 10 Annual Exam,Science Theory Paper,Science & Technology,Section B/C (Short Answer),short_answer,"hi,en",Bilingual (Hindi & English),32,Morning,Set 1,OFFICIAL_SAMPLE,key-paper-cbse-10-science-2024-final,syl-cbse-board-2024,NOT_VERIFIED,NOT_VERIFIED,OFFICIAL_SAMPLE_VERIFIED,SAMPLE_ELIGIBLE
q-cbse-board-undefined-Annual Board Exam-Morning-q33,src-cbse-board-portal,cbse-board,comp-cbse-board-cls10-science,2024,2024,Class 10 Annual Exam,Science Theory Paper,Science & Technology,Section B/C (Short Answer),short_answer,"hi,en",Bilingual (Hindi & English),33,Morning,Set 1,OFFICIAL_SAMPLE,key-paper-cbse-10-science-2024-final,syl-cbse-board-2024,NOT_VERIFIED,NOT_VERIFIED,OFFICIAL_SAMPLE_VERIFIED,SAMPLE_ELIGIBLE
q-cbse-board-undefined-Annual Board Exam-Morning-q34,src-cbse-board-portal,cbse-board,comp-cbse-board-cls10-science,2024,2024,Class 10 Annual Exam,Science Theory Paper,Science & Technology,Section D (Long Answer),long_answer,"hi,en",Bilingual (Hindi & English),34,Morning,Set 1,OFFICIAL_SAMPLE,key-paper-cbse-10-science-2024-final,syl-cbse-board-2024,NOT_VERIFIED,NOT_VERIFIED,OFFICIAL_SAMPLE_VERIFIED,SAMPLE_ELIGIBLE
q-cbse-board-undefined-Annual Board Exam-Morning-q35,src-cbse-board-portal,cbse-board,comp-cbse-board-cls10-science,2024,2024,Class 10 Annual Exam,Science Theory Paper,Science & Technology,Section D (Long Answer),long_answer,"hi,en",Bilingual (Hindi & English),35,Morning,Set 1,OFFICIAL_SAMPLE,key-paper-cbse-10-science-2024-final,syl-cbse-board-2024,NOT_VERIFIED,NOT_VERIFIED,OFFICIAL_SAMPLE_VERIFIED,SAMPLE_ELIGIBLE
q-cbse-board-undefined-Annual Board Exam-Morning-q36,src-cbse-board-portal,cbse-board,comp-cbse-board-cls10-science,2024,2024,Class 10 Annual Exam,Science Theory Paper,Science & Technology,Section D (Long Answer),long_answer,"hi,en",Bilingual (Hindi & English),36,Morning,Set 1,OFFICIAL_SAMPLE,key-paper-cbse-10-science-2024-final,syl-cbse-board-2024,NOT_VERIFIED,NOT_VERIFIED,OFFICIAL_SAMPLE_VERIFIED,SAMPLE_ELIGIBLE
q-cbse-board-undefined-Annual Board Exam-Morning-q37,src-cbse-board-portal,cbse-board,comp-cbse-board-cls10-science,2024,2024,Class 10 Annual Exam,Science Theory Paper,Science & Technology,Section E (Case Study),case_study,"hi,en",Bilingual (Hindi & English),37,Morning,Set 1,OFFICIAL_SAMPLE,key-paper-cbse-10-science-2024-final,syl-cbse-board-2024,NOT_VERIFIED,NOT_VERIFIED,OFFICIAL_SAMPLE_VERIFIED,SAMPLE_ELIGIBLE
q-cbse-board-undefined-Annual Board Exam-Morning-q38,src-cbse-board-portal,cbse-board,comp-cbse-board-cls10-science,2024,2024,Class 10 Annual Exam,Science Theory Paper,Science & Technology,Section E (Case Study),case_study,"hi,en",Bilingual (Hindi & English),38,Morning,Set 1,OFFICIAL_SAMPLE,key-paper-cbse-10-science-2024-final,syl-cbse-board-2024,NOT_VERIFIED,NOT_VERIFIED,OFFICIAL_SAMPLE_VERIFIED,SAMPLE_ELIGIBLE
q-cbse-board-undefined-Annual Board Exam-Morning-q39,src-cbse-board-portal,cbse-board,comp-cbse-board-cls10-science,2024,2024,Class 10 Annual Exam,Science Theory Paper,Science & Technology,Section E (Case Study),case_study,"hi,en",Bilingual (Hindi & English),39,Morning,Set 1,OFFICIAL_SAMPLE,key-paper-cbse-10-science-2024-final,syl-cbse-board-2024,NOT_VERIFIED,NOT_VERIFIED,OFFICIAL_SAMPLE_VERIFIED,SAMPLE_ELIGIBLE
q-cbse-board-undefined-Annual Board Exam-Morning-q4,src-cbse-board-portal,cbse-board,comp-cbse-board-cls10-science,2024,2024,Class 10 Annual Exam,Science Theory Paper,Science & Technology,Section A (MCQ),single_mcq,"hi,en",Bilingual (Hindi & English),4,Morning,Set 1,OFFICIAL_SAMPLE,key-paper-cbse-10-science-2024-final,syl-cbse-board-2024,NOT_VERIFIED,NOT_VERIFIED,OFFICIAL_SAMPLE_VERIFIED,SAMPLE_ELIGIBLE
q-cbse-board-undefined-Annual Board Exam-Morning-q5,src-cbse-board-portal,cbse-board,comp-cbse-board-cls10-science,2024,2024,Class 10 Annual Exam,Science Theory Paper,Science & Technology,Section A (MCQ),single_mcq,"hi,en",Bilingual (Hindi & English),5,Morning,Set 1,OFFICIAL_SAMPLE,key-paper-cbse-10-science-2024-final,syl-cbse-board-2024,NOT_VERIFIED,NOT_VERIFIED,OFFICIAL_SAMPLE_VERIFIED,SAMPLE_ELIGIBLE
q-cbse-board-undefined-Annual Board Exam-Morning-q6,src-cbse-board-portal,cbse-board,comp-cbse-board-cls10-science,2024,2024,Class 10 Annual Exam,Science Theory Paper,Science & Technology,Section A (MCQ),single_mcq,"hi,en",Bilingual (Hindi & English),6,Morning,Set 1,OFFICIAL_SAMPLE,key-paper-cbse-10-science-2024-final,syl-cbse-board-2024,NOT_VERIFIED,NOT_VERIFIED,OFFICIAL_SAMPLE_VERIFIED,SAMPLE_ELIGIBLE
q-cbse-board-undefined-Annual Board Exam-Morning-q7,src-cbse-board-portal,cbse-board,comp-cbse-board-cls10-science,2024,2024,Class 10 Annual Exam,Science Theory Paper,Science & Technology,Section A (MCQ),single_mcq,"hi,en",Bilingual (Hindi & English),7,Morning,Set 1,OFFICIAL_SAMPLE,key-paper-cbse-10-science-2024-final,syl-cbse-board-2024,NOT_VERIFIED,NOT_VERIFIED,OFFICIAL_SAMPLE_VERIFIED,SAMPLE_ELIGIBLE
q-cbse-board-undefined-Annual Board Exam-Morning-q8,src-cbse-board-portal,cbse-board,comp-cbse-board-cls10-science,2024,2024,Class 10 Annual Exam,Science Theory Paper,Science & Technology,Section A (MCQ),single_mcq,"hi,en",Bilingual (Hindi & English),8,Morning,Set 1,OFFICIAL_SAMPLE,key-paper-cbse-10-science-2024-final,syl-cbse-board-2024,NOT_VERIFIED,NOT_VERIFIED,OFFICIAL_SAMPLE_VERIFIED,SAMPLE_ELIGIBLE
q-cbse-board-undefined-Annual Board Exam-Morning-q9,src-cbse-board-portal,cbse-board,comp-cbse-board-cls10-science,2024,2024,Class 10 Annual Exam,Science Theory Paper,Science & Technology,Section A (MCQ),single_mcq,"hi,en",Bilingual (Hindi & English),9,Morning,Set 1,OFFICIAL_SAMPLE,key-paper-cbse-10-science-2024-final,syl-cbse-board-2024,NOT_VERIFIED,NOT_VERIFIED,OFFICIAL_SAMPLE_VERIFIED,SAMPLE_ELIGIBLE
q-cmp-gk-0001,src-ssc-cgl-portal,ssc-cgl,comp-ssc-cgl-tier1,2026,2026,Tier-1,Tier-1 General Awareness,General Awareness,Competitive Foundation Pool,single_mcq,"hi,en",Bilingual (Hindi & English),1,Shift 1,Set A,HUMAN_CURATED,key-standard,syl-ssc-cgl-2026,NOT_VERIFIED,NOT_VERIFIED,HISTORICAL_VERIFIED,PRACTICE_ELIGIBLE
q-cmp-gk-0002,src-ssc-cgl-portal,ssc-cgl,comp-ssc-cgl-tier1,2026,2026,Tier-1,Tier-1 General Awareness,General Awareness,Competitive Foundation Pool,single_mcq,"hi,en",Bilingual (Hindi & English),1,Shift 1,Set A,HUMAN_CURATED,key-standard,syl-ssc-cgl-2026,NOT_VERIFIED,NOT_VERIFIED,HISTORICAL_VERIFIED,PRACTICE_ELIGIBLE
q-cmp-gk-0003,src-ssc-cgl-portal,ssc-cgl,comp-ssc-cgl-tier1,2026,2026,Tier-1,Tier-1 General Awareness,General Awareness,Competitive Foundation Pool,single_mcq,"hi,en",Bilingual (Hindi & English),1,Shift 1,Set A,HUMAN_CURATED,key-standard,syl-ssc-cgl-2026,NOT_VERIFIED,NOT_VERIFIED,HISTORICAL_VERIFIED,PRACTICE_ELIGIBLE
q-cmp-gk-0004,src-ssc-cgl-portal,ssc-cgl,comp-ssc-cgl-tier1,2026,2026,Tier-1,Tier-1 General Awareness,General Awareness,Competitive Foundation Pool,single_mcq,"hi,en",Bilingual (Hindi & English),1,Shift 1,Set A,HUMAN_CURATED,key-standard,syl-ssc-cgl-2026,NOT_VERIFIED,NOT_VERIFIED,HISTORICAL_VERIFIED,PRACTICE_ELIGIBLE
q-cmp-gk-0005,src-ssc-cgl-portal,ssc-cgl,comp-ssc-cgl-tier1,2026,2026,Tier-1,Tier-1 General Awareness,General Awareness,Competitive Foundation Pool,single_mcq,"hi,en",Bilingual (Hindi & English),1,Shift 1,Set A,HUMAN_CURATED,key-standard,syl-ssc-cgl-2026,NOT_VERIFIED,NOT_VERIFIED,HISTORICAL_VERIFIED,PRACTICE_ELIGIBLE
q-cmp-gk-0006,src-ssc-cgl-portal,ssc-cgl,comp-ssc-cgl-tier1,2026,2026,Tier-1,Tier-1 General Awareness,General Awareness,Competitive Foundation Pool,single_mcq,"hi,en",Bilingual (Hindi & English),1,Shift 1,Set A,HUMAN_CURATED,key-standard,syl-ssc-cgl-2026,NOT_VERIFIED,NOT_VERIFIED,HISTORICAL_VERIFIED,PRACTICE_ELIGIBLE
q-cmp-gk-0007,src-ssc-cgl-portal,ssc-cgl,comp-ssc-cgl-tier1,2026,2026,Tier-1,Tier-1 General Awareness,General Awareness,Competitive Foundation Pool,single_mcq,"hi,en",Bilingual (Hindi & English),1,Shift 1,Set A,HUMAN_CURATED,key-standard,syl-ssc-cgl-2026,NOT_VERIFIED,NOT_VERIFIED,HISTORICAL_VERIFIED,PRACTICE_ELIGIBLE
q-cmp-gk-0008,src-ssc-cgl-portal,ssc-cgl,comp-ssc-cgl-tier1,2026,2026,Tier-1,Tier-1 General Awareness,General Awareness,Competitive Foundation Pool,single_mcq,"hi,en",Bilingual (Hindi & English),1,Shift 1,Set A,HUMAN_CURATED,key-standard,syl-ssc-cgl-2026,NOT_VERIFIED,NOT_VERIFIED,HISTORICAL_VERIFIED,PRACTICE_ELIGIBLE
q-cmp-gk-0009,src-ssc-cgl-portal,ssc-cgl,comp-ssc-cgl-tier1,2026,2026,Tier-1,Tier-1 General Awareness,General Awareness,Competitive Foundation Pool,single_mcq,"hi,en",Bilingual (Hindi & English),1,Shift 1,Set A,HUMAN_CURATED,key-standard,syl-ssc-cgl-2026,NOT_VERIFIED,NOT_VERIFIED,HISTORICAL_VERIFIED,PRACTICE_ELIGIBLE
q-cmp-gk-0010,src-ssc-cgl-portal,ssc-cgl,comp-ssc-cgl-tier1,2026,2026,Tier-1,Tier-1 General Awareness,General Awareness,Competitive Foundation Pool,single_mcq,"hi,en",Bilingual (Hindi & English),1,Shift 1,Set A,HUMAN_CURATED,key-standard,syl-ssc-cgl-2026,NOT_VERIFIED,NOT_VERIFIED,HISTORICAL_VERIFIED,PRACTICE_ELIGIBLE
q-cmp-gk-0011,src-ssc-cgl-portal,ssc-cgl,comp-ssc-cgl-tier1,2026,2026,Tier-1,Tier-1 General Awareness,General Awareness,Competitive Foundation Pool,single_mcq,"hi,en",Bilingual (Hindi & English),1,Shift 1,Set A,HUMAN_CURATED,key-standard,syl-ssc-cgl-2026,NOT_VERIFIED,NOT_VERIFIED,HISTORICAL_VERIFIED,PRACTICE_ELIGIBLE
q-cmp-gk-0012,src-ssc-cgl-portal,ssc-cgl,comp-ssc-cgl-tier1,2026,2026,Tier-1,Tier-1 General Awareness,General Awareness,Competitive Foundation Pool,single_mcq,"hi,en",Bilingual (Hindi & English),1,Shift 1,Set A,HUMAN_CURATED,key-standard,syl-ssc-cgl-2026,NOT_VERIFIED,NOT_VERIFIED,HISTORICAL_VERIFIED,PRACTICE_ELIGIBLE
q-cmp-gk-0013,src-ssc-cgl-portal,ssc-cgl,comp-ssc-cgl-tier1,2026,2026,Tier-1,Tier-1 General Awareness,General Awareness,Competitive Foundation Pool,single_mcq,"hi,en",Bilingual (Hindi & English),1,Shift 1,Set A,HUMAN_CURATED,key-standard,syl-ssc-cgl-2026,NOT_VERIFIED,NOT_VERIFIED,HISTORICAL_VERIFIED,PRACTICE_ELIGIBLE
q-cmp-gk-0014,src-ssc-cgl-portal,ssc-cgl,comp-ssc-cgl-tier1,2026,2026,Tier-1,Tier-1 General Awareness,General Awareness,Competitive Foundation Pool,single_mcq,"hi,en",Bilingual (Hindi & English),1,Shift 1,Set A,HUMAN_CURATED,key-standard,syl-ssc-cgl-2026,NOT_VERIFIED,NOT_VERIFIED,HISTORICAL_VERIFIED,PRACTICE_ELIGIBLE
q-cmp-gk-0015,src-ssc-cgl-portal,ssc-cgl,comp-ssc-cgl-tier1,2026,2026,Tier-1,Tier-1 General Awareness,General Awareness,Competitive Foundation Pool,single_mcq,"hi,en",Bilingual (Hindi & English),1,Shift 1,Set A,HUMAN_CURATED,key-standard,syl-ssc-cgl-2026,NOT_VERIFIED,NOT_VERIFIED,HISTORICAL_VERIFIED,PRACTICE_ELIGIBLE
q-cmp-gk-0016,src-ssc-cgl-portal,ssc-cgl,comp-ssc-cgl-tier1,2026,2026,Tier-1,Tier-1 General Awareness,General Awareness,Competitive Foundation Pool,single_mcq,"hi,en",Bilingual (Hindi & English),1,Shift 1,Set A,HUMAN_CURATED,key-standard,syl-ssc-cgl-2026,NOT_VERIFIED,NOT_VERIFIED,HISTORICAL_VERIFIED,PRACTICE_ELIGIBLE
q-cmp-gk-0017,src-ssc-cgl-portal,ssc-cgl,comp-ssc-cgl-tier1,2026,2026,Tier-1,Tier-1 General Awareness,General Awareness,Competitive Foundation Pool,single_mcq,"hi,en",Bilingual (Hindi & English),1,Shift 1,Set A,HUMAN_CURATED,key-standard,syl-ssc-cgl-2026,NOT_VERIFIED,NOT_VERIFIED,HISTORICAL_VERIFIED,PRACTICE_ELIGIBLE
q-cmp-gk-0018,src-ssc-cgl-portal,ssc-cgl,comp-ssc-cgl-tier1,2026,2026,Tier-1,Tier-1 General Awareness,General Awareness,Competitive Foundation Pool,single_mcq,"hi,en",Bilingual (Hindi & English),1,Shift 1,Set A,HUMAN_CURATED,key-standard,syl-ssc-cgl-2026,NOT_VERIFIED,NOT_VERIFIED,HISTORICAL_VERIFIED,PRACTICE_ELIGIBLE
q-cmp-gk-0019,src-ssc-cgl-portal,ssc-cgl,comp-ssc-cgl-tier1,2026,2026,Tier-1,Tier-1 General Awareness,General Awareness,Competitive Foundation Pool,single_mcq,"hi,en",Bilingual (Hindi & English),1,Shift 1,Set A,HUMAN_CURATED,key-standard,syl-ssc-cgl-2026,NOT_VERIFIED,NOT_VERIFIED,HISTORICAL_VERIFIED,PRACTICE_ELIGIBLE
q-cmp-gk-0020,src-ssc-cgl-portal,ssc-cgl,comp-ssc-cgl-tier1,2026,2026,Tier-1,Tier-1 General Awareness,General Awareness,Competitive Foundation Pool,single_mcq,"hi,en",Bilingual (Hindi & English),1,Shift 1,Set A,HUMAN_CURATED,key-standard,syl-ssc-cgl-2026,NOT_VERIFIED,NOT_VERIFIED,HISTORICAL_VERIFIED,PRACTICE_ELIGIBLE
q-cmp-gk-0021,src-ssc-cgl-portal,ssc-cgl,comp-ssc-cgl-tier1,2026,2026,Tier-1,Tier-1 General Awareness,General Awareness,Competitive Foundation Pool,single_mcq,"hi,en",Bilingual (Hindi & English),1,Shift 1,Set A,HUMAN_CURATED,key-standard,syl-ssc-cgl-2026,NOT_VERIFIED,NOT_VERIFIED,HISTORICAL_VERIFIED,PRACTICE_ELIGIBLE
q-cmp-gk-0022,src-ssc-cgl-portal,ssc-cgl,comp-ssc-cgl-tier1,2026,2026,Tier-1,Tier-1 General Awareness,General Awareness,Competitive Foundation Pool,single_mcq,"hi,en",Bilingual (Hindi & English),1,Shift 1,Set A,HUMAN_CURATED,key-standard,syl-ssc-cgl-2026,NOT_VERIFIED,NOT_VERIFIED,HISTORICAL_VERIFIED,PRACTICE_ELIGIBLE
q-cmp-gk-0023,src-ssc-cgl-portal,ssc-cgl,comp-ssc-cgl-tier1,2026,2026,Tier-1,Tier-1 General Awareness,General Awareness,Competitive Foundation Pool,single_mcq,"hi,en",Bilingual (Hindi & English),1,Shift 1,Set A,HUMAN_CURATED,key-standard,syl-ssc-cgl-2026,NOT_VERIFIED,NOT_VERIFIED,HISTORICAL_VERIFIED,PRACTICE_ELIGIBLE
q-cmp-gk-0024,src-ssc-cgl-portal,ssc-cgl,comp-ssc-cgl-tier1,2026,2026,Tier-1,Tier-1 General Awareness,General Awareness,Competitive Foundation Pool,single_mcq,"hi,en",Bilingual (Hindi & English),1,Shift 1,Set A,HUMAN_CURATED,key-standard,syl-ssc-cgl-2026,NOT_VERIFIED,NOT_VERIFIED,HISTORICAL_VERIFIED,PRACTICE_ELIGIBLE
q-cmp-gk-0025,src-ssc-cgl-portal,ssc-cgl,comp-ssc-cgl-tier1,2026,2026,Tier-1,Tier-1 General Awareness,General Awareness,Competitive Foundation Pool,single_mcq,"hi,en",Bilingual (Hindi & English),1,Shift 1,Set A,HUMAN_CURATED,key-standard,syl-ssc-cgl-2026,NOT_VERIFIED,NOT_VERIFIED,HISTORICAL_VERIFIED,PRACTICE_ELIGIBLE
q-cmp-gk-0026,src-ssc-cgl-portal,ssc-cgl,comp-ssc-cgl-tier1,2026,2026,Tier-1,Tier-1 General Awareness,General Awareness,Competitive Foundation Pool,single_mcq,"hi,en",Bilingual (Hindi & English),1,Shift 1,Set A,HUMAN_CURATED,key-standard,syl-ssc-cgl-2026,NOT_VERIFIED,NOT_VERIFIED,HISTORICAL_VERIFIED,PRACTICE_ELIGIBLE
q-cmp-gk-0027,src-ssc-cgl-portal,ssc-cgl,comp-ssc-cgl-tier1,2026,2026,Tier-1,Tier-1 General Awareness,General Awareness,Competitive Foundation Pool,single_mcq,"hi,en",Bilingual (Hindi & English),1,Shift 1,Set A,HUMAN_CURATED,key-standard,syl-ssc-cgl-2026,NOT_VERIFIED,NOT_VERIFIED,HISTORICAL_VERIFIED,PRACTICE_ELIGIBLE
q-cmp-gk-0028,src-ssc-cgl-portal,ssc-cgl,comp-ssc-cgl-tier1,2026,2026,Tier-1,Tier-1 General Awareness,General Awareness,Competitive Foundation Pool,single_mcq,"hi,en",Bilingual (Hindi & English),1,Shift 1,Set A,HUMAN_CURATED,key-standard,syl-ssc-cgl-2026,NOT_VERIFIED,NOT_VERIFIED,HISTORICAL_VERIFIED,PRACTICE_ELIGIBLE
q-cmp-gk-0029,src-ssc-cgl-portal,ssc-cgl,comp-ssc-cgl-tier1,2026,2026,Tier-1,Tier-1 General Awareness,General Awareness,Competitive Foundation Pool,single_mcq,"hi,en",Bilingual (Hindi & English),1,Shift 1,Set A,HUMAN_CURATED,key-standard,syl-ssc-cgl-2026,NOT_VERIFIED,NOT_VERIFIED,HISTORICAL_VERIFIED,PRACTICE_ELIGIBLE
q-cmp-gk-0030,src-ssc-cgl-portal,ssc-cgl,comp-ssc-cgl-tier1,2026,2026,Tier-1,Tier-1 General Awareness,General Awareness,Competitive Foundation Pool,single_mcq,"hi,en",Bilingual (Hindi & English),1,Shift 1,Set A,HUMAN_CURATED,key-standard,syl-ssc-cgl-2026,NOT_VERIFIED,NOT_VERIFIED,HISTORICAL_VERIFIED,PRACTICE_ELIGIBLE
q-cmp-law-0001,src-up-police-constable-portal,up-police-constable,comp-up-police-si-written,2026,2026,Written Exam,Sub Inspector Law & Constitution,Police Law & Constitution,Competitive Foundation Pool,single_mcq,"hi,en",Bilingual (Hindi & English),1,Shift 1,Set A,HUMAN_CURATED,key-standard,syl-up-police-constable-2026,NOT_VERIFIED,NOT_VERIFIED,HISTORICAL_VERIFIED,PRACTICE_ELIGIBLE
q-cmp-law-0002,src-up-police-constable-portal,up-police-constable,comp-up-police-si-written,2026,2026,Written Exam,Sub Inspector Law & Constitution,Police Law & Constitution,Competitive Foundation Pool,single_mcq,"hi,en",Bilingual (Hindi & English),1,Shift 1,Set A,HUMAN_CURATED,key-standard,syl-up-police-constable-2026,NOT_VERIFIED,NOT_VERIFIED,HISTORICAL_VERIFIED,PRACTICE_ELIGIBLE
q-cmp-law-0003,src-up-police-constable-portal,up-police-constable,comp-up-police-si-written,2026,2026,Written Exam,Sub Inspector Law & Constitution,Police Law & Constitution,Competitive Foundation Pool,single_mcq,"hi,en",Bilingual (Hindi & English),1,Shift 1,Set A,HUMAN_CURATED,key-standard,syl-up-police-constable-2026,NOT_VERIFIED,NOT_VERIFIED,HISTORICAL_VERIFIED,PRACTICE_ELIGIBLE
q-cmp-law-0004,src-up-police-constable-portal,up-police-constable,comp-up-police-si-written,2026,2026,Written Exam,Sub Inspector Law & Constitution,Police Law & Constitution,Competitive Foundation Pool,single_mcq,"hi,en",Bilingual (Hindi & English),1,Shift 1,Set A,HUMAN_CURATED,key-standard,syl-up-police-constable-2026,NOT_VERIFIED,NOT_VERIFIED,HISTORICAL_VERIFIED,PRACTICE_ELIGIBLE
q-cmp-law-0005,src-up-police-constable-portal,up-police-constable,comp-up-police-si-written,2026,2026,Written Exam,Sub Inspector Law & Constitution,Police Law & Constitution,Competitive Foundation Pool,single_mcq,"hi,en",Bilingual (Hindi & English),1,Shift 1,Set A,HUMAN_CURATED,key-standard,syl-up-police-constable-2026,NOT_VERIFIED,NOT_VERIFIED,HISTORICAL_VERIFIED,PRACTICE_ELIGIBLE
q-cmp-law-0006,src-up-police-constable-portal,up-police-constable,comp-up-police-si-written,2026,2026,Written Exam,Sub Inspector Law & Constitution,Police Law & Constitution,Competitive Foundation Pool,single_mcq,"hi,en",Bilingual (Hindi & English),1,Shift 1,Set A,HUMAN_CURATED,key-standard,syl-up-police-constable-2026,NOT_VERIFIED,NOT_VERIFIED,HISTORICAL_VERIFIED,PRACTICE_ELIGIBLE
q-cmp-law-0007,src-up-police-constable-portal,up-police-constable,comp-up-police-si-written,2026,2026,Written Exam,Sub Inspector Law & Constitution,Police Law & Constitution,Competitive Foundation Pool,single_mcq,"hi,en",Bilingual (Hindi & English),1,Shift 1,Set A,HUMAN_CURATED,key-standard,syl-up-police-constable-2026,NOT_VERIFIED,NOT_VERIFIED,HISTORICAL_VERIFIED,PRACTICE_ELIGIBLE
q-cmp-law-0008,src-up-police-constable-portal,up-police-constable,comp-up-police-si-written,2026,2026,Written Exam,Sub Inspector Law & Constitution,Police Law & Constitution,Competitive Foundation Pool,single_mcq,"hi,en",Bilingual (Hindi & English),1,Shift 1,Set A,HUMAN_CURATED,key-standard,syl-up-police-constable-2026,NOT_VERIFIED,NOT_VERIFIED,HISTORICAL_VERIFIED,PRACTICE_ELIGIBLE
q-cmp-law-0009,src-up-police-constable-portal,up-police-constable,comp-up-police-si-written,2026,2026,Written Exam,Sub Inspector Law & Constitution,Police Law & Constitution,Competitive Foundation Pool,single_mcq,"hi,en",Bilingual (Hindi & English),1,Shift 1,Set A,HUMAN_CURATED,key-standard,syl-up-police-constable-2026,NOT_VERIFIED,NOT_VERIFIED,HISTORICAL_VERIFIED,PRACTICE_ELIGIBLE
q-cmp-law-0010,src-up-police-constable-portal,up-police-constable,comp-up-police-si-written,2026,2026,Written Exam,Sub Inspector Law & Constitution,Police Law & Constitution,Competitive Foundation Pool,single_mcq,"hi,en",Bilingual (Hindi & English),1,Shift 1,Set A,HUMAN_CURATED,key-standard,syl-up-police-constable-2026,NOT_VERIFIED,NOT_VERIFIED,HISTORICAL_VERIFIED,PRACTICE_ELIGIBLE
q-cmp-law-0011,src-up-police-constable-portal,up-police-constable,comp-up-police-si-written,2026,2026,Written Exam,Sub Inspector Law & Constitution,Police Law & Constitution,Competitive Foundation Pool,single_mcq,"hi,en",Bilingual (Hindi & English),1,Shift 1,Set A,HUMAN_CURATED,key-standard,syl-up-police-constable-2026,NOT_VERIFIED,NOT_VERIFIED,HISTORICAL_VERIFIED,PRACTICE_ELIGIBLE
q-cmp-law-0012,src-up-police-constable-portal,up-police-constable,comp-up-police-si-written,2026,2026,Written Exam,Sub Inspector Law & Constitution,Police Law & Constitution,Competitive Foundation Pool,single_mcq,"hi,en",Bilingual (Hindi & English),1,Shift 1,Set A,HUMAN_CURATED,key-standard,syl-up-police-constable-2026,NOT_VERIFIED,NOT_VERIFIED,HISTORICAL_VERIFIED,PRACTICE_ELIGIBLE
q-cmp-law-0013,src-up-police-constable-portal,up-police-constable,comp-up-police-si-written,2026,2026,Written Exam,Sub Inspector Law & Constitution,Police Law & Constitution,Competitive Foundation Pool,single_mcq,"hi,en",Bilingual (Hindi & English),1,Shift 1,Set A,HUMAN_CURATED,key-standard,syl-up-police-constable-2026,NOT_VERIFIED,NOT_VERIFIED,HISTORICAL_VERIFIED,PRACTICE_ELIGIBLE
q-cmp-law-0014,src-up-police-constable-portal,up-police-constable,comp-up-police-si-written,2026,2026,Written Exam,Sub Inspector Law & Constitution,Police Law & Constitution,Competitive Foundation Pool,single_mcq,"hi,en",Bilingual (Hindi & English),1,Shift 1,Set A,HUMAN_CURATED,key-standard,syl-up-police-constable-2026,NOT_VERIFIED,NOT_VERIFIED,HISTORICAL_VERIFIED,PRACTICE_ELIGIBLE
q-cmp-law-0015,src-up-police-constable-portal,up-police-constable,comp-up-police-si-written,2026,2026,Written Exam,Sub Inspector Law & Constitution,Police Law & Constitution,Competitive Foundation Pool,single_mcq,"hi,en",Bilingual (Hindi & English),1,Shift 1,Set A,HUMAN_CURATED,key-standard,syl-up-police-constable-2026,NOT_VERIFIED,NOT_VERIFIED,HISTORICAL_VERIFIED,PRACTICE_ELIGIBLE
q-cmp-law-0016,src-up-police-constable-portal,up-police-constable,comp-up-police-si-written,2026,2026,Written Exam,Sub Inspector Law & Constitution,Police Law & Constitution,Competitive Foundation Pool,single_mcq,"hi,en",Bilingual (Hindi & English),1,Shift 1,Set A,HUMAN_CURATED,key-standard,syl-up-police-constable-2026,NOT_VERIFIED,NOT_VERIFIED,HISTORICAL_VERIFIED,PRACTICE_ELIGIBLE
q-cmp-law-0017,src-up-police-constable-portal,up-police-constable,comp-up-police-si-written,2026,2026,Written Exam,Sub Inspector Law & Constitution,Police Law & Constitution,Competitive Foundation Pool,single_mcq,"hi,en",Bilingual (Hindi & English),1,Shift 1,Set A,HUMAN_CURATED,key-standard,syl-up-police-constable-2026,NOT_VERIFIED,NOT_VERIFIED,HISTORICAL_VERIFIED,PRACTICE_ELIGIBLE
q-cmp-law-0018,src-up-police-constable-portal,up-police-constable,comp-up-police-si-written,2026,2026,Written Exam,Sub Inspector Law & Constitution,Police Law & Constitution,Competitive Foundation Pool,single_mcq,"hi,en",Bilingual (Hindi & English),1,Shift 1,Set A,HUMAN_CURATED,key-standard,syl-up-police-constable-2026,NOT_VERIFIED,NOT_VERIFIED,HISTORICAL_VERIFIED,PRACTICE_ELIGIBLE
q-cmp-law-0019,src-up-police-constable-portal,up-police-constable,comp-up-police-si-written,2026,2026,Written Exam,Sub Inspector Law & Constitution,Police Law & Constitution,Competitive Foundation Pool,single_mcq,"hi,en",Bilingual (Hindi & English),1,Shift 1,Set A,HUMAN_CURATED,key-standard,syl-up-police-constable-2026,NOT_VERIFIED,NOT_VERIFIED,HISTORICAL_VERIFIED,PRACTICE_ELIGIBLE
q-cmp-law-0020,src-up-police-constable-portal,up-police-constable,comp-up-police-si-written,2026,2026,Written Exam,Sub Inspector Law & Constitution,Police Law & Constitution,Competitive Foundation Pool,single_mcq,"hi,en",Bilingual (Hindi & English),1,Shift 1,Set A,HUMAN_CURATED,key-standard,syl-up-police-constable-2026,NOT_VERIFIED,NOT_VERIFIED,HISTORICAL_VERIFIED,PRACTICE_ELIGIBLE
q-cmp-law-0021,src-up-police-constable-portal,up-police-constable,comp-up-police-si-written,2026,2026,Written Exam,Sub Inspector Law & Constitution,Police Law & Constitution,Competitive Foundation Pool,single_mcq,"hi,en",Bilingual (Hindi & English),1,Shift 1,Set A,HUMAN_CURATED,key-standard,syl-up-police-constable-2026,NOT_VERIFIED,NOT_VERIFIED,HISTORICAL_VERIFIED,PRACTICE_ELIGIBLE
q-cmp-law-0022,src-up-police-constable-portal,up-police-constable,comp-up-police-si-written,2026,2026,Written Exam,Sub Inspector Law & Constitution,Police Law & Constitution,Competitive Foundation Pool,single_mcq,"hi,en",Bilingual (Hindi & English),1,Shift 1,Set A,HUMAN_CURATED,key-standard,syl-up-police-constable-2026,NOT_VERIFIED,NOT_VERIFIED,HISTORICAL_VERIFIED,PRACTICE_ELIGIBLE
q-cmp-law-0023,src-up-police-constable-portal,up-police-constable,comp-up-police-si-written,2026,2026,Written Exam,Sub Inspector Law & Constitution,Police Law & Constitution,Competitive Foundation Pool,single_mcq,"hi,en",Bilingual (Hindi & English),1,Shift 1,Set A,HUMAN_CURATED,key-standard,syl-up-police-constable-2026,NOT_VERIFIED,NOT_VERIFIED,HISTORICAL_VERIFIED,PRACTICE_ELIGIBLE
q-cmp-law-0024,src-up-police-constable-portal,up-police-constable,comp-up-police-si-written,2026,2026,Written Exam,Sub Inspector Law & Constitution,Police Law & Constitution,Competitive Foundation Pool,single_mcq,"hi,en",Bilingual (Hindi & English),1,Shift 1,Set A,HUMAN_CURATED,key-standard,syl-up-police-constable-2026,NOT_VERIFIED,NOT_VERIFIED,HISTORICAL_VERIFIED,PRACTICE_ELIGIBLE
q-cmp-law-0025,src-up-police-constable-portal,up-police-constable,comp-up-police-si-written,2026,2026,Written Exam,Sub Inspector Law & Constitution,Police Law & Constitution,Competitive Foundation Pool,single_mcq,"hi,en",Bilingual (Hindi & English),1,Shift 1,Set A,HUMAN_CURATED,key-standard,syl-up-police-constable-2026,NOT_VERIFIED,NOT_VERIFIED,HISTORICAL_VERIFIED,PRACTICE_ELIGIBLE
q-cmp-mth-0001,src-ssc-cgl-portal,ssc-cgl,comp-ssc-cgl-tier1,2026,2026,Tier-1,Tier-1 Quantitative Aptitude,Quantitative Aptitude,Competitive Foundation Pool,single_mcq,"hi,en",Bilingual (Hindi & English),1,Shift 1,Set A,HUMAN_CURATED,key-standard,syl-ssc-cgl-2026,NOT_VERIFIED,NOT_VERIFIED,HISTORICAL_VERIFIED,PRACTICE_ELIGIBLE
q-cmp-mth-0002,src-ssc-cgl-portal,ssc-cgl,comp-ssc-cgl-tier1,2026,2026,Tier-1,Tier-1 Quantitative Aptitude,Quantitative Aptitude,Competitive Foundation Pool,single_mcq,"hi,en",Bilingual (Hindi & English),1,Shift 1,Set A,HUMAN_CURATED,key-standard,syl-ssc-cgl-2026,NOT_VERIFIED,NOT_VERIFIED,HISTORICAL_VERIFIED,PRACTICE_ELIGIBLE
q-cmp-mth-0003,src-ssc-cgl-portal,ssc-cgl,comp-ssc-cgl-tier1,2026,2026,Tier-1,Tier-1 Quantitative Aptitude,Quantitative Aptitude,Competitive Foundation Pool,single_mcq,"hi,en",Bilingual (Hindi & English),1,Shift 1,Set A,HUMAN_CURATED,key-standard,syl-ssc-cgl-2026,NOT_VERIFIED,NOT_VERIFIED,HISTORICAL_VERIFIED,PRACTICE_ELIGIBLE
q-cmp-mth-0004,src-ssc-cgl-portal,ssc-cgl,comp-ssc-cgl-tier1,2026,2026,Tier-1,Tier-1 Quantitative Aptitude,Quantitative Aptitude,Competitive Foundation Pool,single_mcq,"hi,en",Bilingual (Hindi & English),1,Shift 1,Set A,HUMAN_CURATED,key-standard,syl-ssc-cgl-2026,NOT_VERIFIED,NOT_VERIFIED,HISTORICAL_VERIFIED,PRACTICE_ELIGIBLE
q-cmp-mth-0005,src-ssc-cgl-portal,ssc-cgl,comp-ssc-cgl-tier1,2026,2026,Tier-1,Tier-1 Quantitative Aptitude,Quantitative Aptitude,Competitive Foundation Pool,single_mcq,"hi,en",Bilingual (Hindi & English),1,Shift 1,Set A,HUMAN_CURATED,key-standard,syl-ssc-cgl-2026,NOT_VERIFIED,NOT_VERIFIED,HISTORICAL_VERIFIED,PRACTICE_ELIGIBLE
q-cmp-mth-0006,src-ssc-cgl-portal,ssc-cgl,comp-ssc-cgl-tier1,2026,2026,Tier-1,Tier-1 Quantitative Aptitude,Quantitative Aptitude,Competitive Foundation Pool,single_mcq,"hi,en",Bilingual (Hindi & English),1,Shift 1,Set A,HUMAN_CURATED,key-standard,syl-ssc-cgl-2026,NOT_VERIFIED,NOT_VERIFIED,HISTORICAL_VERIFIED,PRACTICE_ELIGIBLE
q-cmp-mth-0007,src-ssc-cgl-portal,ssc-cgl,comp-ssc-cgl-tier1,2026,2026,Tier-1,Tier-1 Quantitative Aptitude,Quantitative Aptitude,Competitive Foundation Pool,single_mcq,"hi,en",Bilingual (Hindi & English),1,Shift 1,Set A,HUMAN_CURATED,key-standard,syl-ssc-cgl-2026,NOT_VERIFIED,NOT_VERIFIED,HISTORICAL_VERIFIED,PRACTICE_ELIGIBLE
q-cmp-mth-0008,src-ssc-cgl-portal,ssc-cgl,comp-ssc-cgl-tier1,2026,2026,Tier-1,Tier-1 Quantitative Aptitude,Quantitative Aptitude,Competitive Foundation Pool,single_mcq,"hi,en",Bilingual (Hindi & English),1,Shift 1,Set A,HUMAN_CURATED,key-standard,syl-ssc-cgl-2026,NOT_VERIFIED,NOT_VERIFIED,HISTORICAL_VERIFIED,PRACTICE_ELIGIBLE
q-cmp-mth-0009,src-ssc-cgl-portal,ssc-cgl,comp-ssc-cgl-tier1,2026,2026,Tier-1,Tier-1 Quantitative Aptitude,Quantitative Aptitude,Competitive Foundation Pool,single_mcq,"hi,en",Bilingual (Hindi & English),1,Shift 1,Set A,HUMAN_CURATED,key-standard,syl-ssc-cgl-2026,NOT_VERIFIED,NOT_VERIFIED,HISTORICAL_VERIFIED,PRACTICE_ELIGIBLE
q-cmp-mth-0010,src-ssc-cgl-portal,ssc-cgl,comp-ssc-cgl-tier1,2026,2026,Tier-1,Tier-1 Quantitative Aptitude,Quantitative Aptitude,Competitive Foundation Pool,single_mcq,"hi,en",Bilingual (Hindi & English),1,Shift 1,Set A,HUMAN_CURATED,key-standard,syl-ssc-cgl-2026,NOT_VERIFIED,NOT_VERIFIED,HISTORICAL_VERIFIED,PRACTICE_ELIGIBLE
q-cmp-mth-0011,src-ssc-cgl-portal,ssc-cgl,comp-ssc-cgl-tier1,2026,2026,Tier-1,Tier-1 Quantitative Aptitude,Quantitative Aptitude,Competitive Foundation Pool,single_mcq,"hi,en",Bilingual (Hindi & English),1,Shift 1,Set A,HUMAN_CURATED,key-standard,syl-ssc-cgl-2026,NOT_VERIFIED,NOT_VERIFIED,HISTORICAL_VERIFIED,PRACTICE_ELIGIBLE
q-cmp-mth-0012,src-ssc-cgl-portal,ssc-cgl,comp-ssc-cgl-tier1,2026,2026,Tier-1,Tier-1 Quantitative Aptitude,Quantitative Aptitude,Competitive Foundation Pool,single_mcq,"hi,en",Bilingual (Hindi & English),1,Shift 1,Set A,HUMAN_CURATED,key-standard,syl-ssc-cgl-2026,NOT_VERIFIED,NOT_VERIFIED,HISTORICAL_VERIFIED,PRACTICE_ELIGIBLE
q-cmp-mth-0013,src-ssc-cgl-portal,ssc-cgl,comp-ssc-cgl-tier1,2026,2026,Tier-1,Tier-1 Quantitative Aptitude,Quantitative Aptitude,Competitive Foundation Pool,single_mcq,"hi,en",Bilingual (Hindi & English),1,Shift 1,Set A,HUMAN_CURATED,key-standard,syl-ssc-cgl-2026,NOT_VERIFIED,NOT_VERIFIED,HISTORICAL_VERIFIED,PRACTICE_ELIGIBLE
q-cmp-mth-0014,src-ssc-cgl-portal,ssc-cgl,comp-ssc-cgl-tier1,2026,2026,Tier-1,Tier-1 Quantitative Aptitude,Quantitative Aptitude,Competitive Foundation Pool,single_mcq,"hi,en",Bilingual (Hindi & English),1,Shift 1,Set A,HUMAN_CURATED,key-standard,syl-ssc-cgl-2026,NOT_VERIFIED,NOT_VERIFIED,HISTORICAL_VERIFIED,PRACTICE_ELIGIBLE
q-cmp-mth-0015,src-ssc-cgl-portal,ssc-cgl,comp-ssc-cgl-tier1,2026,2026,Tier-1,Tier-1 Quantitative Aptitude,Quantitative Aptitude,Competitive Foundation Pool,single_mcq,"hi,en",Bilingual (Hindi & English),1,Shift 1,Set A,HUMAN_CURATED,key-standard,syl-ssc-cgl-2026,NOT_VERIFIED,NOT_VERIFIED,HISTORICAL_VERIFIED,PRACTICE_ELIGIBLE
q-cmp-mth-0016,src-ssc-cgl-portal,ssc-cgl,comp-ssc-cgl-tier1,2026,2026,Tier-1,Tier-1 Quantitative Aptitude,Quantitative Aptitude,Competitive Foundation Pool,single_mcq,"hi,en",Bilingual (Hindi & English),1,Shift 1,Set A,HUMAN_CURATED,key-standard,syl-ssc-cgl-2026,NOT_VERIFIED,NOT_VERIFIED,HISTORICAL_VERIFIED,PRACTICE_ELIGIBLE
q-cmp-mth-0017,src-ssc-cgl-portal,ssc-cgl,comp-ssc-cgl-tier1,2026,2026,Tier-1,Tier-1 Quantitative Aptitude,Quantitative Aptitude,Competitive Foundation Pool,single_mcq,"hi,en",Bilingual (Hindi & English),1,Shift 1,Set A,HUMAN_CURATED,key-standard,syl-ssc-cgl-2026,NOT_VERIFIED,NOT_VERIFIED,HISTORICAL_VERIFIED,PRACTICE_ELIGIBLE
q-cmp-mth-0018,src-ssc-cgl-portal,ssc-cgl,comp-ssc-cgl-tier1,2026,2026,Tier-1,Tier-1 Quantitative Aptitude,Quantitative Aptitude,Competitive Foundation Pool,single_mcq,"hi,en",Bilingual (Hindi & English),1,Shift 1,Set A,HUMAN_CURATED,key-standard,syl-ssc-cgl-2026,NOT_VERIFIED,NOT_VERIFIED,HISTORICAL_VERIFIED,PRACTICE_ELIGIBLE
q-cmp-mth-0019,src-ssc-cgl-portal,ssc-cgl,comp-ssc-cgl-tier1,2026,2026,Tier-1,Tier-1 Quantitative Aptitude,Quantitative Aptitude,Competitive Foundation Pool,single_mcq,"hi,en",Bilingual (Hindi & English),1,Shift 1,Set A,HUMAN_CURATED,key-standard,syl-ssc-cgl-2026,NOT_VERIFIED,NOT_VERIFIED,HISTORICAL_VERIFIED,PRACTICE_ELIGIBLE
q-cmp-mth-0020,src-ssc-cgl-portal,ssc-cgl,comp-ssc-cgl-tier1,2026,2026,Tier-1,Tier-1 Quantitative Aptitude,Quantitative Aptitude,Competitive Foundation Pool,single_mcq,"hi,en",Bilingual (Hindi & English),1,Shift 1,Set A,HUMAN_CURATED,key-standard,syl-ssc-cgl-2026,NOT_VERIFIED,NOT_VERIFIED,HISTORICAL_VERIFIED,PRACTICE_ELIGIBLE
q-cmp-mth-0021,src-ssc-cgl-portal,ssc-cgl,comp-ssc-cgl-tier1,2026,2026,Tier-1,Tier-1 Quantitative Aptitude,Quantitative Aptitude,Competitive Foundation Pool,single_mcq,"hi,en",Bilingual (Hindi & English),1,Shift 1,Set A,HUMAN_CURATED,key-standard,syl-ssc-cgl-2026,NOT_VERIFIED,NOT_VERIFIED,HISTORICAL_VERIFIED,PRACTICE_ELIGIBLE
q-cmp-mth-0022,src-ssc-cgl-portal,ssc-cgl,comp-ssc-cgl-tier1,2026,2026,Tier-1,Tier-1 Quantitative Aptitude,Quantitative Aptitude,Competitive Foundation Pool,single_mcq,"hi,en",Bilingual (Hindi & English),1,Shift 1,Set A,HUMAN_CURATED,key-standard,syl-ssc-cgl-2026,NOT_VERIFIED,NOT_VERIFIED,HISTORICAL_VERIFIED,PRACTICE_ELIGIBLE
q-cmp-mth-0023,src-ssc-cgl-portal,ssc-cgl,comp-ssc-cgl-tier1,2026,2026,Tier-1,Tier-1 Quantitative Aptitude,Quantitative Aptitude,Competitive Foundation Pool,single_mcq,"hi,en",Bilingual (Hindi & English),1,Shift 1,Set A,HUMAN_CURATED,key-standard,syl-ssc-cgl-2026,NOT_VERIFIED,NOT_VERIFIED,HISTORICAL_VERIFIED,PRACTICE_ELIGIBLE
q-cmp-mth-0024,src-ssc-cgl-portal,ssc-cgl,comp-ssc-cgl-tier1,2026,2026,Tier-1,Tier-1 Quantitative Aptitude,Quantitative Aptitude,Competitive Foundation Pool,single_mcq,"hi,en",Bilingual (Hindi & English),1,Shift 1,Set A,HUMAN_CURATED,key-standard,syl-ssc-cgl-2026,NOT_VERIFIED,NOT_VERIFIED,HISTORICAL_VERIFIED,PRACTICE_ELIGIBLE
q-cmp-mth-0025,src-ssc-cgl-portal,ssc-cgl,comp-ssc-cgl-tier1,2026,2026,Tier-1,Tier-1 Quantitative Aptitude,Quantitative Aptitude,Competitive Foundation Pool,single_mcq,"hi,en",Bilingual (Hindi & English),1,Shift 1,Set A,HUMAN_CURATED,key-standard,syl-ssc-cgl-2026,NOT_VERIFIED,NOT_VERIFIED,HISTORICAL_VERIFIED,PRACTICE_ELIGIBLE
q-cmp-mth-0026,src-ssc-cgl-portal,ssc-cgl,comp-ssc-cgl-tier1,2026,2026,Tier-1,Tier-1 Quantitative Aptitude,Quantitative Aptitude,Competitive Foundation Pool,single_mcq,"hi,en",Bilingual (Hindi & English),1,Shift 1,Set A,HUMAN_CURATED,key-standard,syl-ssc-cgl-2026,NOT_VERIFIED,NOT_VERIFIED,HISTORICAL_VERIFIED,PRACTICE_ELIGIBLE
q-cmp-mth-0027,src-ssc-cgl-portal,ssc-cgl,comp-ssc-cgl-tier1,2026,2026,Tier-1,Tier-1 Quantitative Aptitude,Quantitative Aptitude,Competitive Foundation Pool,single_mcq,"hi,en",Bilingual (Hindi & English),1,Shift 1,Set A,HUMAN_CURATED,key-standard,syl-ssc-cgl-2026,NOT_VERIFIED,NOT_VERIFIED,HISTORICAL_VERIFIED,PRACTICE_ELIGIBLE
q-cmp-mth-0028,src-ssc-cgl-portal,ssc-cgl,comp-ssc-cgl-tier1,2026,2026,Tier-1,Tier-1 Quantitative Aptitude,Quantitative Aptitude,Competitive Foundation Pool,single_mcq,"hi,en",Bilingual (Hindi & English),1,Shift 1,Set A,HUMAN_CURATED,key-standard,syl-ssc-cgl-2026,NOT_VERIFIED,NOT_VERIFIED,HISTORICAL_VERIFIED,PRACTICE_ELIGIBLE
q-cmp-mth-0029,src-ssc-cgl-portal,ssc-cgl,comp-ssc-cgl-tier1,2026,2026,Tier-1,Tier-1 Quantitative Aptitude,Quantitative Aptitude,Competitive Foundation Pool,single_mcq,"hi,en",Bilingual (Hindi & English),1,Shift 1,Set A,HUMAN_CURATED,key-standard,syl-ssc-cgl-2026,NOT_VERIFIED,NOT_VERIFIED,HISTORICAL_VERIFIED,PRACTICE_ELIGIBLE
q-cmp-mth-0030,src-ssc-cgl-portal,ssc-cgl,comp-ssc-cgl-tier1,2026,2026,Tier-1,Tier-1 Quantitative Aptitude,Quantitative Aptitude,Competitive Foundation Pool,single_mcq,"hi,en",Bilingual (Hindi & English),1,Shift 1,Set A,HUMAN_CURATED,key-standard,syl-ssc-cgl-2026,NOT_VERIFIED,NOT_VERIFIED,HISTORICAL_VERIFIED,PRACTICE_ELIGIBLE
q-cmp-rea-0001,src-ssc-cgl-portal,ssc-cgl,comp-ssc-cgl-tier1,2026,2026,Tier-1,Tier-1 Reasoning,General Intelligence & Reasoning,Competitive Foundation Pool,single_mcq,"hi,en",Bilingual (Hindi & English),1,Shift 1,Set A,HUMAN_CURATED,key-standard,syl-ssc-cgl-2026,NOT_VERIFIED,NOT_VERIFIED,HISTORICAL_VERIFIED,PRACTICE_ELIGIBLE
q-cmp-rea-0002,src-ssc-cgl-portal,ssc-cgl,comp-ssc-cgl-tier1,2026,2026,Tier-1,Tier-1 Reasoning,General Intelligence & Reasoning,Competitive Foundation Pool,single_mcq,"hi,en",Bilingual (Hindi & English),1,Shift 1,Set A,HUMAN_CURATED,key-standard,syl-ssc-cgl-2026,NOT_VERIFIED,NOT_VERIFIED,HISTORICAL_VERIFIED,PRACTICE_ELIGIBLE
q-cmp-rea-0003,src-ssc-cgl-portal,ssc-cgl,comp-ssc-cgl-tier1,2026,2026,Tier-1,Tier-1 Reasoning,General Intelligence & Reasoning,Competitive Foundation Pool,single_mcq,"hi,en",Bilingual (Hindi & English),1,Shift 1,Set A,HUMAN_CURATED,key-standard,syl-ssc-cgl-2026,NOT_VERIFIED,NOT_VERIFIED,HISTORICAL_VERIFIED,PRACTICE_ELIGIBLE
q-cmp-rea-0004,src-ssc-cgl-portal,ssc-cgl,comp-ssc-cgl-tier1,2026,2026,Tier-1,Tier-1 Reasoning,General Intelligence & Reasoning,Competitive Foundation Pool,single_mcq,"hi,en",Bilingual (Hindi & English),1,Shift 1,Set A,HUMAN_CURATED,key-standard,syl-ssc-cgl-2026,NOT_VERIFIED,NOT_VERIFIED,HISTORICAL_VERIFIED,PRACTICE_ELIGIBLE
q-cmp-rea-0005,src-ssc-cgl-portal,ssc-cgl,comp-ssc-cgl-tier1,2026,2026,Tier-1,Tier-1 Reasoning,General Intelligence & Reasoning,Competitive Foundation Pool,single_mcq,"hi,en",Bilingual (Hindi & English),1,Shift 1,Set A,HUMAN_CURATED,key-standard,syl-ssc-cgl-2026,NOT_VERIFIED,NOT_VERIFIED,HISTORICAL_VERIFIED,PRACTICE_ELIGIBLE
q-cmp-rea-0006,src-ssc-cgl-portal,ssc-cgl,comp-ssc-cgl-tier1,2026,2026,Tier-1,Tier-1 Reasoning,General Intelligence & Reasoning,Competitive Foundation Pool,single_mcq,"hi,en",Bilingual (Hindi & English),1,Shift 1,Set A,HUMAN_CURATED,key-standard,syl-ssc-cgl-2026,NOT_VERIFIED,NOT_VERIFIED,HISTORICAL_VERIFIED,PRACTICE_ELIGIBLE
q-cmp-rea-0007,src-ssc-cgl-portal,ssc-cgl,comp-ssc-cgl-tier1,2026,2026,Tier-1,Tier-1 Reasoning,General Intelligence & Reasoning,Competitive Foundation Pool,single_mcq,"hi,en",Bilingual (Hindi & English),1,Shift 1,Set A,HUMAN_CURATED,key-standard,syl-ssc-cgl-2026,NOT_VERIFIED,NOT_VERIFIED,HISTORICAL_VERIFIED,PRACTICE_ELIGIBLE
q-cmp-rea-0008,src-ssc-cgl-portal,ssc-cgl,comp-ssc-cgl-tier1,2026,2026,Tier-1,Tier-1 Reasoning,General Intelligence & Reasoning,Competitive Foundation Pool,single_mcq,"hi,en",Bilingual (Hindi & English),1,Shift 1,Set A,HUMAN_CURATED,key-standard,syl-ssc-cgl-2026,NOT_VERIFIED,NOT_VERIFIED,HISTORICAL_VERIFIED,PRACTICE_ELIGIBLE
q-cmp-rea-0009,src-ssc-cgl-portal,ssc-cgl,comp-ssc-cgl-tier1,2026,2026,Tier-1,Tier-1 Reasoning,General Intelligence & Reasoning,Competitive Foundation Pool,single_mcq,"hi,en",Bilingual (Hindi & English),1,Shift 1,Set A,HUMAN_CURATED,key-standard,syl-ssc-cgl-2026,NOT_VERIFIED,NOT_VERIFIED,HISTORICAL_VERIFIED,PRACTICE_ELIGIBLE
q-cmp-rea-0010,src-ssc-cgl-portal,ssc-cgl,comp-ssc-cgl-tier1,2026,2026,Tier-1,Tier-1 Reasoning,General Intelligence & Reasoning,Competitive Foundation Pool,single_mcq,"hi,en",Bilingual (Hindi & English),1,Shift 1,Set A,HUMAN_CURATED,key-standard,syl-ssc-cgl-2026,NOT_VERIFIED,NOT_VERIFIED,HISTORICAL_VERIFIED,PRACTICE_ELIGIBLE
q-cmp-rea-0011,src-ssc-cgl-portal,ssc-cgl,comp-ssc-cgl-tier1,2026,2026,Tier-1,Tier-1 Reasoning,General Intelligence & Reasoning,Competitive Foundation Pool,single_mcq,"hi,en",Bilingual (Hindi & English),1,Shift 1,Set A,HUMAN_CURATED,key-standard,syl-ssc-cgl-2026,NOT_VERIFIED,NOT_VERIFIED,HISTORICAL_VERIFIED,PRACTICE_ELIGIBLE
q-cmp-rea-0012,src-ssc-cgl-portal,ssc-cgl,comp-ssc-cgl-tier1,2026,2026,Tier-1,Tier-1 Reasoning,General Intelligence & Reasoning,Competitive Foundation Pool,single_mcq,"hi,en",Bilingual (Hindi & English),1,Shift 1,Set A,HUMAN_CURATED,key-standard,syl-ssc-cgl-2026,NOT_VERIFIED,NOT_VERIFIED,HISTORICAL_VERIFIED,PRACTICE_ELIGIBLE
q-cmp-rea-0013,src-ssc-cgl-portal,ssc-cgl,comp-ssc-cgl-tier1,2026,2026,Tier-1,Tier-1 Reasoning,General Intelligence & Reasoning,Competitive Foundation Pool,single_mcq,"hi,en",Bilingual (Hindi & English),1,Shift 1,Set A,HUMAN_CURATED,key-standard,syl-ssc-cgl-2026,NOT_VERIFIED,NOT_VERIFIED,HISTORICAL_VERIFIED,PRACTICE_ELIGIBLE
q-cmp-rea-0014,src-ssc-cgl-portal,ssc-cgl,comp-ssc-cgl-tier1,2026,2026,Tier-1,Tier-1 Reasoning,General Intelligence & Reasoning,Competitive Foundation Pool,single_mcq,"hi,en",Bilingual (Hindi & English),1,Shift 1,Set A,HUMAN_CURATED,key-standard,syl-ssc-cgl-2026,NOT_VERIFIED,NOT_VERIFIED,HISTORICAL_VERIFIED,PRACTICE_ELIGIBLE
q-cmp-rea-0015,src-ssc-cgl-portal,ssc-cgl,comp-ssc-cgl-tier1,2026,2026,Tier-1,Tier-1 Reasoning,General Intelligence & Reasoning,Competitive Foundation Pool,single_mcq,"hi,en",Bilingual (Hindi & English),1,Shift 1,Set A,HUMAN_CURATED,key-standard,syl-ssc-cgl-2026,NOT_VERIFIED,NOT_VERIFIED,HISTORICAL_VERIFIED,PRACTICE_ELIGIBLE
q-cmp-rea-0016,src-ssc-cgl-portal,ssc-cgl,comp-ssc-cgl-tier1,2026,2026,Tier-1,Tier-1 Reasoning,General Intelligence & Reasoning,Competitive Foundation Pool,single_mcq,"hi,en",Bilingual (Hindi & English),1,Shift 1,Set A,HUMAN_CURATED,key-standard,syl-ssc-cgl-2026,NOT_VERIFIED,NOT_VERIFIED,HISTORICAL_VERIFIED,PRACTICE_ELIGIBLE
q-cmp-rea-0017,src-ssc-cgl-portal,ssc-cgl,comp-ssc-cgl-tier1,2026,2026,Tier-1,Tier-1 Reasoning,General Intelligence & Reasoning,Competitive Foundation Pool,single_mcq,"hi,en",Bilingual (Hindi & English),1,Shift 1,Set A,HUMAN_CURATED,key-standard,syl-ssc-cgl-2026,NOT_VERIFIED,NOT_VERIFIED,HISTORICAL_VERIFIED,PRACTICE_ELIGIBLE
q-cmp-rea-0018,src-ssc-cgl-portal,ssc-cgl,comp-ssc-cgl-tier1,2026,2026,Tier-1,Tier-1 Reasoning,General Intelligence & Reasoning,Competitive Foundation Pool,single_mcq,"hi,en",Bilingual (Hindi & English),1,Shift 1,Set A,HUMAN_CURATED,key-standard,syl-ssc-cgl-2026,NOT_VERIFIED,NOT_VERIFIED,HISTORICAL_VERIFIED,PRACTICE_ELIGIBLE
q-cmp-rea-0019,src-ssc-cgl-portal,ssc-cgl,comp-ssc-cgl-tier1,2026,2026,Tier-1,Tier-1 Reasoning,General Intelligence & Reasoning,Competitive Foundation Pool,single_mcq,"hi,en",Bilingual (Hindi & English),1,Shift 1,Set A,HUMAN_CURATED,key-standard,syl-ssc-cgl-2026,NOT_VERIFIED,NOT_VERIFIED,HISTORICAL_VERIFIED,PRACTICE_ELIGIBLE
q-cmp-rea-0020,src-ssc-cgl-portal,ssc-cgl,comp-ssc-cgl-tier1,2026,2026,Tier-1,Tier-1 Reasoning,General Intelligence & Reasoning,Competitive Foundation Pool,single_mcq,"hi,en",Bilingual (Hindi & English),1,Shift 1,Set A,HUMAN_CURATED,key-standard,syl-ssc-cgl-2026,NOT_VERIFIED,NOT_VERIFIED,HISTORICAL_VERIFIED,PRACTICE_ELIGIBLE
q-cmp-rea-0021,src-ssc-cgl-portal,ssc-cgl,comp-ssc-cgl-tier1,2026,2026,Tier-1,Tier-1 Reasoning,General Intelligence & Reasoning,Competitive Foundation Pool,single_mcq,"hi,en",Bilingual (Hindi & English),1,Shift 1,Set A,HUMAN_CURATED,key-standard,syl-ssc-cgl-2026,NOT_VERIFIED,NOT_VERIFIED,HISTORICAL_VERIFIED,PRACTICE_ELIGIBLE
q-cmp-rea-0022,src-ssc-cgl-portal,ssc-cgl,comp-ssc-cgl-tier1,2026,2026,Tier-1,Tier-1 Reasoning,General Intelligence & Reasoning,Competitive Foundation Pool,single_mcq,"hi,en",Bilingual (Hindi & English),1,Shift 1,Set A,HUMAN_CURATED,key-standard,syl-ssc-cgl-2026,NOT_VERIFIED,NOT_VERIFIED,HISTORICAL_VERIFIED,PRACTICE_ELIGIBLE
q-cmp-rea-0023,src-ssc-cgl-portal,ssc-cgl,comp-ssc-cgl-tier1,2026,2026,Tier-1,Tier-1 Reasoning,General Intelligence & Reasoning,Competitive Foundation Pool,single_mcq,"hi,en",Bilingual (Hindi & English),1,Shift 1,Set A,HUMAN_CURATED,key-standard,syl-ssc-cgl-2026,NOT_VERIFIED,NOT_VERIFIED,HISTORICAL_VERIFIED,PRACTICE_ELIGIBLE
q-cmp-rea-0024,src-ssc-cgl-portal,ssc-cgl,comp-ssc-cgl-tier1,2026,2026,Tier-1,Tier-1 Reasoning,General Intelligence & Reasoning,Competitive Foundation Pool,single_mcq,"hi,en",Bilingual (Hindi & English),1,Shift 1,Set A,HUMAN_CURATED,key-standard,syl-ssc-cgl-2026,NOT_VERIFIED,NOT_VERIFIED,HISTORICAL_VERIFIED,PRACTICE_ELIGIBLE
q-cmp-rea-0025,src-ssc-cgl-portal,ssc-cgl,comp-ssc-cgl-tier1,2026,2026,Tier-1,Tier-1 Reasoning,General Intelligence & Reasoning,Competitive Foundation Pool,single_mcq,"hi,en",Bilingual (Hindi & English),1,Shift 1,Set A,HUMAN_CURATED,key-standard,syl-ssc-cgl-2026,NOT_VERIFIED,NOT_VERIFIED,HISTORICAL_VERIFIED,PRACTICE_ELIGIBLE
q-cmp-rea-0026,src-ssc-cgl-portal,ssc-cgl,comp-ssc-cgl-tier1,2026,2026,Tier-1,Tier-1 Reasoning,General Intelligence & Reasoning,Competitive Foundation Pool,single_mcq,"hi,en",Bilingual (Hindi & English),1,Shift 1,Set A,HUMAN_CURATED,key-standard,syl-ssc-cgl-2026,NOT_VERIFIED,NOT_VERIFIED,HISTORICAL_VERIFIED,PRACTICE_ELIGIBLE
q-cmp-rea-0027,src-ssc-cgl-portal,ssc-cgl,comp-ssc-cgl-tier1,2026,2026,Tier-1,Tier-1 Reasoning,General Intelligence & Reasoning,Competitive Foundation Pool,single_mcq,"hi,en",Bilingual (Hindi & English),1,Shift 1,Set A,HUMAN_CURATED,key-standard,syl-ssc-cgl-2026,NOT_VERIFIED,NOT_VERIFIED,HISTORICAL_VERIFIED,PRACTICE_ELIGIBLE
q-cmp-rea-0028,src-ssc-cgl-portal,ssc-cgl,comp-ssc-cgl-tier1,2026,2026,Tier-1,Tier-1 Reasoning,General Intelligence & Reasoning,Competitive Foundation Pool,single_mcq,"hi,en",Bilingual (Hindi & English),1,Shift 1,Set A,HUMAN_CURATED,key-standard,syl-ssc-cgl-2026,NOT_VERIFIED,NOT_VERIFIED,HISTORICAL_VERIFIED,PRACTICE_ELIGIBLE
q-cmp-rea-0029,src-ssc-cgl-portal,ssc-cgl,comp-ssc-cgl-tier1,2026,2026,Tier-1,Tier-1 Reasoning,General Intelligence & Reasoning,Competitive Foundation Pool,single_mcq,"hi,en",Bilingual (Hindi & English),1,Shift 1,Set A,HUMAN_CURATED,key-standard,syl-ssc-cgl-2026,NOT_VERIFIED,NOT_VERIFIED,HISTORICAL_VERIFIED,PRACTICE_ELIGIBLE
q-cmp-rea-0030,src-ssc-cgl-portal,ssc-cgl,comp-ssc-cgl-tier1,2026,2026,Tier-1,Tier-1 Reasoning,General Intelligence & Reasoning,Competitive Foundation Pool,single_mcq,"hi,en",Bilingual (Hindi & English),1,Shift 1,Set A,HUMAN_CURATED,key-standard,syl-ssc-cgl-2026,NOT_VERIFIED,NOT_VERIFIED,HISTORICAL_VERIFIED,PRACTICE_ELIGIBLE
q-cmp-rsc-0001,src-rrb-alp-portal,rrb-alp,comp-rrb-alp-cbt1,2026,2026,CBT-1,First Stage Science & Math,Railway Science & Basic Physics,Competitive Foundation Pool,single_mcq,"hi,en",Bilingual (Hindi & English),1,Shift 1,Set A,HUMAN_CURATED,key-standard,syl-rrb-alp-2026,NOT_VERIFIED,NOT_VERIFIED,HISTORICAL_VERIFIED,PRACTICE_ELIGIBLE
q-cmp-rsc-0002,src-rrb-alp-portal,rrb-alp,comp-rrb-alp-cbt1,2026,2026,CBT-1,First Stage Science & Math,Railway Science & Basic Physics,Competitive Foundation Pool,single_mcq,"hi,en",Bilingual (Hindi & English),1,Shift 1,Set A,HUMAN_CURATED,key-standard,syl-rrb-alp-2026,NOT_VERIFIED,NOT_VERIFIED,HISTORICAL_VERIFIED,PRACTICE_ELIGIBLE
q-cmp-rsc-0003,src-rrb-alp-portal,rrb-alp,comp-rrb-alp-cbt1,2026,2026,CBT-1,First Stage Science & Math,Railway Science & Basic Physics,Competitive Foundation Pool,single_mcq,"hi,en",Bilingual (Hindi & English),1,Shift 1,Set A,HUMAN_CURATED,key-standard,syl-rrb-alp-2026,NOT_VERIFIED,NOT_VERIFIED,HISTORICAL_VERIFIED,PRACTICE_ELIGIBLE
q-cmp-rsc-0004,src-rrb-alp-portal,rrb-alp,comp-rrb-alp-cbt1,2026,2026,CBT-1,First Stage Science & Math,Railway Science & Basic Physics,Competitive Foundation Pool,single_mcq,"hi,en",Bilingual (Hindi & English),1,Shift 1,Set A,HUMAN_CURATED,key-standard,syl-rrb-alp-2026,NOT_VERIFIED,NOT_VERIFIED,HISTORICAL_VERIFIED,PRACTICE_ELIGIBLE
q-cmp-rsc-0005,src-rrb-alp-portal,rrb-alp,comp-rrb-alp-cbt1,2026,2026,CBT-1,First Stage Science & Math,Railway Science & Basic Physics,Competitive Foundation Pool,single_mcq,"hi,en",Bilingual (Hindi & English),1,Shift 1,Set A,HUMAN_CURATED,key-standard,syl-rrb-alp-2026,NOT_VERIFIED,NOT_VERIFIED,HISTORICAL_VERIFIED,PRACTICE_ELIGIBLE
q-cmp-rsc-0006,src-rrb-alp-portal,rrb-alp,comp-rrb-alp-cbt1,2026,2026,CBT-1,First Stage Science & Math,Railway Science & Basic Physics,Competitive Foundation Pool,single_mcq,"hi,en",Bilingual (Hindi & English),1,Shift 1,Set A,HUMAN_CURATED,key-standard,syl-rrb-alp-2026,NOT_VERIFIED,NOT_VERIFIED,HISTORICAL_VERIFIED,PRACTICE_ELIGIBLE
q-cmp-rsc-0007,src-rrb-alp-portal,rrb-alp,comp-rrb-alp-cbt1,2026,2026,CBT-1,First Stage Science & Math,Railway Science & Basic Physics,Competitive Foundation Pool,single_mcq,"hi,en",Bilingual (Hindi & English),1,Shift 1,Set A,HUMAN_CURATED,key-standard,syl-rrb-alp-2026,NOT_VERIFIED,NOT_VERIFIED,HISTORICAL_VERIFIED,PRACTICE_ELIGIBLE
q-cmp-rsc-0008,src-rrb-alp-portal,rrb-alp,comp-rrb-alp-cbt1,2026,2026,CBT-1,First Stage Science & Math,Railway Science & Basic Physics,Competitive Foundation Pool,single_mcq,"hi,en",Bilingual (Hindi & English),1,Shift 1,Set A,HUMAN_CURATED,key-standard,syl-rrb-alp-2026,NOT_VERIFIED,NOT_VERIFIED,HISTORICAL_VERIFIED,PRACTICE_ELIGIBLE
q-cmp-rsc-0009,src-rrb-alp-portal,rrb-alp,comp-rrb-alp-cbt1,2026,2026,CBT-1,First Stage Science & Math,Railway Science & Basic Physics,Competitive Foundation Pool,single_mcq,"hi,en",Bilingual (Hindi & English),1,Shift 1,Set A,HUMAN_CURATED,key-standard,syl-rrb-alp-2026,NOT_VERIFIED,NOT_VERIFIED,HISTORICAL_VERIFIED,PRACTICE_ELIGIBLE
q-cmp-rsc-0010,src-rrb-alp-portal,rrb-alp,comp-rrb-alp-cbt1,2026,2026,CBT-1,First Stage Science & Math,Railway Science & Basic Physics,Competitive Foundation Pool,single_mcq,"hi,en",Bilingual (Hindi & English),1,Shift 1,Set A,HUMAN_CURATED,key-standard,syl-rrb-alp-2026,NOT_VERIFIED,NOT_VERIFIED,HISTORICAL_VERIFIED,PRACTICE_ELIGIBLE
q-cmp-rsc-0011,src-rrb-alp-portal,rrb-alp,comp-rrb-alp-cbt1,2026,2026,CBT-1,First Stage Science & Math,Railway Science & Basic Physics,Competitive Foundation Pool,single_mcq,"hi,en",Bilingual (Hindi & English),1,Shift 1,Set A,HUMAN_CURATED,key-standard,syl-rrb-alp-2026,NOT_VERIFIED,NOT_VERIFIED,HISTORICAL_VERIFIED,PRACTICE_ELIGIBLE
q-cmp-rsc-0012,src-rrb-alp-portal,rrb-alp,comp-rrb-alp-cbt1,2026,2026,CBT-1,First Stage Science & Math,Railway Science & Basic Physics,Competitive Foundation Pool,single_mcq,"hi,en",Bilingual (Hindi & English),1,Shift 1,Set A,HUMAN_CURATED,key-standard,syl-rrb-alp-2026,NOT_VERIFIED,NOT_VERIFIED,HISTORICAL_VERIFIED,PRACTICE_ELIGIBLE
q-cmp-rsc-0013,src-rrb-alp-portal,rrb-alp,comp-rrb-alp-cbt1,2026,2026,CBT-1,First Stage Science & Math,Railway Science & Basic Physics,Competitive Foundation Pool,single_mcq,"hi,en",Bilingual (Hindi & English),1,Shift 1,Set A,HUMAN_CURATED,key-standard,syl-rrb-alp-2026,NOT_VERIFIED,NOT_VERIFIED,HISTORICAL_VERIFIED,PRACTICE_ELIGIBLE
q-cmp-rsc-0014,src-rrb-alp-portal,rrb-alp,comp-rrb-alp-cbt1,2026,2026,CBT-1,First Stage Science & Math,Railway Science & Basic Physics,Competitive Foundation Pool,single_mcq,"hi,en",Bilingual (Hindi & English),1,Shift 1,Set A,HUMAN_CURATED,key-standard,syl-rrb-alp-2026,NOT_VERIFIED,NOT_VERIFIED,HISTORICAL_VERIFIED,PRACTICE_ELIGIBLE
q-cmp-rsc-0015,src-rrb-alp-portal,rrb-alp,comp-rrb-alp-cbt1,2026,2026,CBT-1,First Stage Science & Math,Railway Science & Basic Physics,Competitive Foundation Pool,single_mcq,"hi,en",Bilingual (Hindi & English),1,Shift 1,Set A,HUMAN_CURATED,key-standard,syl-rrb-alp-2026,NOT_VERIFIED,NOT_VERIFIED,HISTORICAL_VERIFIED,PRACTICE_ELIGIBLE
q-cmp-rsc-0016,src-rrb-alp-portal,rrb-alp,comp-rrb-alp-cbt1,2026,2026,CBT-1,First Stage Science & Math,Railway Science & Basic Physics,Competitive Foundation Pool,single_mcq,"hi,en",Bilingual (Hindi & English),1,Shift 1,Set A,HUMAN_CURATED,key-standard,syl-rrb-alp-2026,NOT_VERIFIED,NOT_VERIFIED,HISTORICAL_VERIFIED,PRACTICE_ELIGIBLE
q-cmp-rsc-0017,src-rrb-alp-portal,rrb-alp,comp-rrb-alp-cbt1,2026,2026,CBT-1,First Stage Science & Math,Railway Science & Basic Physics,Competitive Foundation Pool,single_mcq,"hi,en",Bilingual (Hindi & English),1,Shift 1,Set A,HUMAN_CURATED,key-standard,syl-rrb-alp-2026,NOT_VERIFIED,NOT_VERIFIED,HISTORICAL_VERIFIED,PRACTICE_ELIGIBLE
q-cmp-rsc-0018,src-rrb-alp-portal,rrb-alp,comp-rrb-alp-cbt1,2026,2026,CBT-1,First Stage Science & Math,Railway Science & Basic Physics,Competitive Foundation Pool,single_mcq,"hi,en",Bilingual (Hindi & English),1,Shift 1,Set A,HUMAN_CURATED,key-standard,syl-rrb-alp-2026,NOT_VERIFIED,NOT_VERIFIED,HISTORICAL_VERIFIED,PRACTICE_ELIGIBLE
q-cmp-rsc-0019,src-rrb-alp-portal,rrb-alp,comp-rrb-alp-cbt1,2026,2026,CBT-1,First Stage Science & Math,Railway Science & Basic Physics,Competitive Foundation Pool,single_mcq,"hi,en",Bilingual (Hindi & English),1,Shift 1,Set A,HUMAN_CURATED,key-standard,syl-rrb-alp-2026,NOT_VERIFIED,NOT_VERIFIED,HISTORICAL_VERIFIED,PRACTICE_ELIGIBLE
q-cmp-rsc-0020,src-rrb-alp-portal,rrb-alp,comp-rrb-alp-cbt1,2026,2026,CBT-1,First Stage Science & Math,Railway Science & Basic Physics,Competitive Foundation Pool,single_mcq,"hi,en",Bilingual (Hindi & English),1,Shift 1,Set A,HUMAN_CURATED,key-standard,syl-rrb-alp-2026,NOT_VERIFIED,NOT_VERIFIED,HISTORICAL_VERIFIED,PRACTICE_ELIGIBLE
q-cmp-rsc-0021,src-rrb-alp-portal,rrb-alp,comp-rrb-alp-cbt1,2026,2026,CBT-1,First Stage Science & Math,Railway Science & Basic Physics,Competitive Foundation Pool,single_mcq,"hi,en",Bilingual (Hindi & English),1,Shift 1,Set A,HUMAN_CURATED,key-standard,syl-rrb-alp-2026,NOT_VERIFIED,NOT_VERIFIED,HISTORICAL_VERIFIED,PRACTICE_ELIGIBLE
q-cmp-rsc-0022,src-rrb-alp-portal,rrb-alp,comp-rrb-alp-cbt1,2026,2026,CBT-1,First Stage Science & Math,Railway Science & Basic Physics,Competitive Foundation Pool,single_mcq,"hi,en",Bilingual (Hindi & English),1,Shift 1,Set A,HUMAN_CURATED,key-standard,syl-rrb-alp-2026,NOT_VERIFIED,NOT_VERIFIED,HISTORICAL_VERIFIED,PRACTICE_ELIGIBLE
q-cmp-rsc-0023,src-rrb-alp-portal,rrb-alp,comp-rrb-alp-cbt1,2026,2026,CBT-1,First Stage Science & Math,Railway Science & Basic Physics,Competitive Foundation Pool,single_mcq,"hi,en",Bilingual (Hindi & English),1,Shift 1,Set A,HUMAN_CURATED,key-standard,syl-rrb-alp-2026,NOT_VERIFIED,NOT_VERIFIED,HISTORICAL_VERIFIED,PRACTICE_ELIGIBLE
q-cmp-rsc-0024,src-rrb-alp-portal,rrb-alp,comp-rrb-alp-cbt1,2026,2026,CBT-1,First Stage Science & Math,Railway Science & Basic Physics,Competitive Foundation Pool,single_mcq,"hi,en",Bilingual (Hindi & English),1,Shift 1,Set A,HUMAN_CURATED,key-standard,syl-rrb-alp-2026,NOT_VERIFIED,NOT_VERIFIED,HISTORICAL_VERIFIED,PRACTICE_ELIGIBLE
q-cmp-rsc-0025,src-rrb-alp-portal,rrb-alp,comp-rrb-alp-cbt1,2026,2026,CBT-1,First Stage Science & Math,Railway Science & Basic Physics,Competitive Foundation Pool,single_mcq,"hi,en",Bilingual (Hindi & English),1,Shift 1,Set A,HUMAN_CURATED,key-standard,syl-rrb-alp-2026,NOT_VERIFIED,NOT_VERIFIED,HISTORICAL_VERIFIED,PRACTICE_ELIGIBLE
q-cmp-rsc-0026,src-rrb-alp-portal,rrb-alp,comp-rrb-alp-cbt1,2026,2026,CBT-1,First Stage Science & Math,Railway Science & Basic Physics,Competitive Foundation Pool,single_mcq,"hi,en",Bilingual (Hindi & English),1,Shift 1,Set A,HUMAN_CURATED,key-standard,syl-rrb-alp-2026,NOT_VERIFIED,NOT_VERIFIED,HISTORICAL_VERIFIED,PRACTICE_ELIGIBLE
q-cmp-rsc-0027,src-rrb-alp-portal,rrb-alp,comp-rrb-alp-cbt1,2026,2026,CBT-1,First Stage Science & Math,Railway Science & Basic Physics,Competitive Foundation Pool,single_mcq,"hi,en",Bilingual (Hindi & English),1,Shift 1,Set A,HUMAN_CURATED,key-standard,syl-rrb-alp-2026,NOT_VERIFIED,NOT_VERIFIED,HISTORICAL_VERIFIED,PRACTICE_ELIGIBLE
q-cmp-rsc-0028,src-rrb-alp-portal,rrb-alp,comp-rrb-alp-cbt1,2026,2026,CBT-1,First Stage Science & Math,Railway Science & Basic Physics,Competitive Foundation Pool,single_mcq,"hi,en",Bilingual (Hindi & English),1,Shift 1,Set A,HUMAN_CURATED,key-standard,syl-rrb-alp-2026,NOT_VERIFIED,NOT_VERIFIED,HISTORICAL_VERIFIED,PRACTICE_ELIGIBLE
q-cmp-rsc-0029,src-rrb-alp-portal,rrb-alp,comp-rrb-alp-cbt1,2026,2026,CBT-1,First Stage Science & Math,Railway Science & Basic Physics,Competitive Foundation Pool,single_mcq,"hi,en",Bilingual (Hindi & English),1,Shift 1,Set A,HUMAN_CURATED,key-standard,syl-rrb-alp-2026,NOT_VERIFIED,NOT_VERIFIED,HISTORICAL_VERIFIED,PRACTICE_ELIGIBLE
q-cmp-rsc-0030,src-rrb-alp-portal,rrb-alp,comp-rrb-alp-cbt1,2026,2026,CBT-1,First Stage Science & Math,Railway Science & Basic Physics,Competitive Foundation Pool,single_mcq,"hi,en",Bilingual (Hindi & English),1,Shift 1,Set A,HUMAN_CURATED,key-standard,syl-rrb-alp-2026,NOT_VERIFIED,NOT_VERIFIED,HISTORICAL_VERIFIED,PRACTICE_ELIGIBLE
q-ctet-2024-p1-cdp-q001,src-ctet-exam-portal,ctet-exam,comp-ctet-paper1-primary,2024,2024,Single Shift,Paper-I (Classes I-V),Child Development & Pedagogy,Part I CDP,single_mcq,"hi,en",Bilingual (Hindi & English),1,Shift 1,Set I,OFFICIAL_PYQ,key-paper-ctet-2024-p1-cdp-final,syl-ctet-exam-2024,NOT_VERIFIED,NOT_VERIFIED,OFFICIAL_PYQ_VERIFIED,PYQ_ELIGIBLE
q-ctet-2024-p1-cdp-q002,src-ctet-exam-portal,ctet-exam,comp-ctet-paper1-primary,2024,2024,Single Shift,Paper-I (Classes I-V),Child Development & Pedagogy,Part I CDP,single_mcq,"hi,en",Bilingual (Hindi & English),2,Shift 1,Set I,OFFICIAL_PYQ,key-paper-ctet-2024-p1-cdp-final,syl-ctet-exam-2024,NOT_VERIFIED,NOT_VERIFIED,OFFICIAL_PYQ_VERIFIED,PYQ_ELIGIBLE
q-ctet-2024-p1-cdp-q003,src-ctet-exam-portal,ctet-exam,comp-ctet-paper1-primary,2024,2024,Single Shift,Paper-I (Classes I-V),Child Development & Pedagogy,Part I CDP,single_mcq,"hi,en",Bilingual (Hindi & English),3,Shift 1,Set I,OFFICIAL_PYQ,key-paper-ctet-2024-p1-cdp-final,syl-ctet-exam-2024,NOT_VERIFIED,NOT_VERIFIED,OFFICIAL_PYQ_VERIFIED,PYQ_ELIGIBLE
q-ctet-2024-p1-cdp-q004,src-ctet-exam-portal,ctet-exam,comp-ctet-paper1-primary,2024,2024,Single Shift,Paper-I (Classes I-V),Child Development & Pedagogy,Part I CDP,single_mcq,"hi,en",Bilingual (Hindi & English),4,Shift 1,Set I,OFFICIAL_PYQ,key-paper-ctet-2024-p1-cdp-final,syl-ctet-exam-2024,NOT_VERIFIED,NOT_VERIFIED,OFFICIAL_PYQ_VERIFIED,PYQ_ELIGIBLE
q-ctet-2024-p1-cdp-q005,src-ctet-exam-portal,ctet-exam,comp-ctet-paper1-primary,2024,2024,Single Shift,Paper-I (Classes I-V),Child Development & Pedagogy,Part I CDP,single_mcq,"hi,en",Bilingual (Hindi & English),5,Shift 1,Set I,OFFICIAL_PYQ,key-paper-ctet-2024-p1-cdp-final,syl-ctet-exam-2024,NOT_VERIFIED,NOT_VERIFIED,OFFICIAL_PYQ_VERIFIED,PYQ_ELIGIBLE
q-ctet-2024-p1-cdp-q006,src-ctet-exam-portal,ctet-exam,comp-ctet-paper1-primary,2024,2024,Single Shift,Paper-I (Classes I-V),Child Development & Pedagogy,Part I CDP,single_mcq,"hi,en",Bilingual (Hindi & English),6,Shift 1,Set I,OFFICIAL_PYQ,key-paper-ctet-2024-p1-cdp-final,syl-ctet-exam-2024,NOT_VERIFIED,NOT_VERIFIED,OFFICIAL_PYQ_VERIFIED,PYQ_ELIGIBLE
q-ctet-2024-p1-cdp-q007,src-ctet-exam-portal,ctet-exam,comp-ctet-paper1-primary,2024,2024,Single Shift,Paper-I (Classes I-V),Child Development & Pedagogy,Part I CDP,single_mcq,"hi,en",Bilingual (Hindi & English),7,Shift 1,Set I,OFFICIAL_PYQ,key-paper-ctet-2024-p1-cdp-final,syl-ctet-exam-2024,NOT_VERIFIED,NOT_VERIFIED,OFFICIAL_PYQ_VERIFIED,PYQ_ELIGIBLE
q-ctet-2024-p1-cdp-q008,src-ctet-exam-portal,ctet-exam,comp-ctet-paper1-primary,2024,2024,Single Shift,Paper-I (Classes I-V),Child Development & Pedagogy,Part I CDP,single_mcq,"hi,en",Bilingual (Hindi & English),8,Shift 1,Set I,OFFICIAL_PYQ,key-paper-ctet-2024-p1-cdp-final,syl-ctet-exam-2024,NOT_VERIFIED,NOT_VERIFIED,OFFICIAL_PYQ_VERIFIED,PYQ_ELIGIBLE
q-ctet-2024-p1-cdp-q009,src-ctet-exam-portal,ctet-exam,comp-ctet-paper1-primary,2024,2024,Single Shift,Paper-I (Classes I-V),Child Development & Pedagogy,Part I CDP,single_mcq,"hi,en",Bilingual (Hindi & English),9,Shift 1,Set I,OFFICIAL_PYQ,key-paper-ctet-2024-p1-cdp-final,syl-ctet-exam-2024,NOT_VERIFIED,NOT_VERIFIED,OFFICIAL_PYQ_VERIFIED,PYQ_ELIGIBLE
q-ctet-2024-p1-cdp-q010,src-ctet-exam-portal,ctet-exam,comp-ctet-paper1-primary,2024,2024,Single Shift,Paper-I (Classes I-V),Child Development & Pedagogy,Part I CDP,single_mcq,"hi,en",Bilingual (Hindi & English),10,Shift 1,Set I,OFFICIAL_PYQ,key-paper-ctet-2024-p1-cdp-final,syl-ctet-exam-2024,NOT_VERIFIED,NOT_VERIFIED,OFFICIAL_PYQ_VERIFIED,PYQ_ELIGIBLE
q-ctet-2024-p1-cdp-q011,src-ctet-exam-portal,ctet-exam,comp-ctet-paper1-primary,2024,2024,Single Shift,Paper-I (Classes I-V),Child Development & Pedagogy,Part I CDP,single_mcq,"hi,en",Bilingual (Hindi & English),11,Shift 1,Set I,OFFICIAL_PYQ,key-paper-ctet-2024-p1-cdp-final,syl-ctet-exam-2024,NOT_VERIFIED,NOT_VERIFIED,OFFICIAL_PYQ_VERIFIED,PYQ_ELIGIBLE
q-ctet-2024-p1-cdp-q012,src-ctet-exam-portal,ctet-exam,comp-ctet-paper1-primary,2024,2024,Single Shift,Paper-I (Classes I-V),Child Development & Pedagogy,Part I CDP,single_mcq,"hi,en",Bilingual (Hindi & English),12,Shift 1,Set I,OFFICIAL_PYQ,key-paper-ctet-2024-p1-cdp-final,syl-ctet-exam-2024,NOT_VERIFIED,NOT_VERIFIED,OFFICIAL_PYQ_VERIFIED,PYQ_ELIGIBLE
q-ctet-2024-p1-cdp-q013,src-ctet-exam-portal,ctet-exam,comp-ctet-paper1-primary,2024,2024,Single Shift,Paper-I (Classes I-V),Child Development & Pedagogy,Part I CDP,single_mcq,"hi,en",Bilingual (Hindi & English),13,Shift 1,Set I,OFFICIAL_PYQ,key-paper-ctet-2024-p1-cdp-final,syl-ctet-exam-2024,NOT_VERIFIED,NOT_VERIFIED,OFFICIAL_PYQ_VERIFIED,PYQ_ELIGIBLE
q-ctet-2024-p1-cdp-q014,src-ctet-exam-portal,ctet-exam,comp-ctet-paper1-primary,2024,2024,Single Shift,Paper-I (Classes I-V),Child Development & Pedagogy,Part I CDP,single_mcq,"hi,en",Bilingual (Hindi & English),14,Shift 1,Set I,OFFICIAL_PYQ,key-paper-ctet-2024-p1-cdp-final,syl-ctet-exam-2024,NOT_VERIFIED,NOT_VERIFIED,OFFICIAL_PYQ_VERIFIED,PYQ_ELIGIBLE
q-ctet-2024-p1-cdp-q015,src-ctet-exam-portal,ctet-exam,comp-ctet-paper1-primary,2024,2024,Single Shift,Paper-I (Classes I-V),Child Development & Pedagogy,Part I CDP,single_mcq,"hi,en",Bilingual (Hindi & English),15,Shift 1,Set I,OFFICIAL_PYQ,key-paper-ctet-2024-p1-cdp-final,syl-ctet-exam-2024,NOT_VERIFIED,NOT_VERIFIED,OFFICIAL_PYQ_VERIFIED,PYQ_ELIGIBLE
q-ctet-2024-p1-cdp-q016,src-ctet-exam-portal,ctet-exam,comp-ctet-paper1-primary,2024,2024,Single Shift,Paper-I (Classes I-V),Child Development & Pedagogy,Part I CDP,single_mcq,"hi,en",Bilingual (Hindi & English),16,Shift 1,Set I,OFFICIAL_PYQ,key-paper-ctet-2024-p1-cdp-final,syl-ctet-exam-2024,NOT_VERIFIED,NOT_VERIFIED,OFFICIAL_PYQ_VERIFIED,PYQ_ELIGIBLE
q-ctet-2024-p1-cdp-q017,src-ctet-exam-portal,ctet-exam,comp-ctet-paper1-primary,2024,2024,Single Shift,Paper-I (Classes I-V),Child Development & Pedagogy,Part I CDP,single_mcq,"hi,en",Bilingual (Hindi & English),17,Shift 1,Set I,OFFICIAL_PYQ,key-paper-ctet-2024-p1-cdp-final,syl-ctet-exam-2024,NOT_VERIFIED,NOT_VERIFIED,OFFICIAL_PYQ_VERIFIED,PYQ_ELIGIBLE
q-ctet-2024-p1-cdp-q018,src-ctet-exam-portal,ctet-exam,comp-ctet-paper1-primary,2024,2024,Single Shift,Paper-I (Classes I-V),Child Development & Pedagogy,Part I CDP,single_mcq,"hi,en",Bilingual (Hindi & English),18,Shift 1,Set I,OFFICIAL_PYQ,key-paper-ctet-2024-p1-cdp-final,syl-ctet-exam-2024,NOT_VERIFIED,NOT_VERIFIED,OFFICIAL_PYQ_VERIFIED,PYQ_ELIGIBLE
q-ctet-2024-p1-cdp-q019,src-ctet-exam-portal,ctet-exam,comp-ctet-paper1-primary,2024,2024,Single Shift,Paper-I (Classes I-V),Child Development & Pedagogy,Part I CDP,single_mcq,"hi,en",Bilingual (Hindi & English),19,Shift 1,Set I,OFFICIAL_PYQ,key-paper-ctet-2024-p1-cdp-final,syl-ctet-exam-2024,NOT_VERIFIED,NOT_VERIFIED,OFFICIAL_PYQ_VERIFIED,PYQ_ELIGIBLE
q-ctet-2024-p1-cdp-q020,src-ctet-exam-portal,ctet-exam,comp-ctet-paper1-primary,2024,2024,Single Shift,Paper-I (Classes I-V),Child Development & Pedagogy,Part I CDP,single_mcq,"hi,en",Bilingual (Hindi & English),20,Shift 1,Set I,OFFICIAL_PYQ,key-paper-ctet-2024-p1-cdp-final,syl-ctet-exam-2024,NOT_VERIFIED,NOT_VERIFIED,OFFICIAL_PYQ_VERIFIED,PYQ_ELIGIBLE
q-ctet-2024-p1-cdp-q021,src-ctet-exam-portal,ctet-exam,comp-ctet-paper1-primary,2024,2024,Single Shift,Paper-I (Classes I-V),Child Development & Pedagogy,Part I CDP,single_mcq,"hi,en",Bilingual (Hindi & English),21,Shift 1,Set I,OFFICIAL_PYQ,key-paper-ctet-2024-p1-cdp-final,syl-ctet-exam-2024,NOT_VERIFIED,NOT_VERIFIED,OFFICIAL_PYQ_VERIFIED,PYQ_ELIGIBLE
q-ctet-2024-p1-cdp-q022,src-ctet-exam-portal,ctet-exam,comp-ctet-paper1-primary,2024,2024,Single Shift,Paper-I (Classes I-V),Child Development & Pedagogy,Part I CDP,single_mcq,"hi,en",Bilingual (Hindi & English),22,Shift 1,Set I,OFFICIAL_PYQ,key-paper-ctet-2024-p1-cdp-final,syl-ctet-exam-2024,NOT_VERIFIED,NOT_VERIFIED,OFFICIAL_PYQ_VERIFIED,PYQ_ELIGIBLE
q-ctet-2024-p1-cdp-q023,src-ctet-exam-portal,ctet-exam,comp-ctet-paper1-primary,2024,2024,Single Shift,Paper-I (Classes I-V),Child Development & Pedagogy,Part I CDP,single_mcq,"hi,en",Bilingual (Hindi & English),23,Shift 1,Set I,OFFICIAL_PYQ,key-paper-ctet-2024-p1-cdp-final,syl-ctet-exam-2024,NOT_VERIFIED,NOT_VERIFIED,OFFICIAL_PYQ_VERIFIED,PYQ_ELIGIBLE
q-ctet-2024-p1-cdp-q024,src-ctet-exam-portal,ctet-exam,comp-ctet-paper1-primary,2024,2024,Single Shift,Paper-I (Classes I-V),Child Development & Pedagogy,Part I CDP,single_mcq,"hi,en",Bilingual (Hindi & English),24,Shift 1,Set I,OFFICIAL_PYQ,key-paper-ctet-2024-p1-cdp-final,syl-ctet-exam-2024,NOT_VERIFIED,NOT_VERIFIED,OFFICIAL_PYQ_VERIFIED,PYQ_ELIGIBLE
q-ctet-2024-p1-cdp-q025,src-ctet-exam-portal,ctet-exam,comp-ctet-paper1-primary,2024,2024,Single Shift,Paper-I (Classes I-V),Child Development & Pedagogy,Part I CDP,single_mcq,"hi,en",Bilingual (Hindi & English),25,Shift 1,Set I,OFFICIAL_PYQ,key-paper-ctet-2024-p1-cdp-final,syl-ctet-exam-2024,NOT_VERIFIED,NOT_VERIFIED,OFFICIAL_PYQ_VERIFIED,PYQ_ELIGIBLE
q-ctet-2024-p1-cdp-q026,src-ctet-exam-portal,ctet-exam,comp-ctet-paper1-primary,2024,2024,Single Shift,Paper-I (Classes I-V),Child Development & Pedagogy,Part I CDP,single_mcq,"hi,en",Bilingual (Hindi & English),26,Shift 1,Set I,OFFICIAL_PYQ,key-paper-ctet-2024-p1-cdp-final,syl-ctet-exam-2024,NOT_VERIFIED,NOT_VERIFIED,OFFICIAL_PYQ_VERIFIED,PYQ_ELIGIBLE
q-ctet-2024-p1-cdp-q027,src-ctet-exam-portal,ctet-exam,comp-ctet-paper1-primary,2024,2024,Single Shift,Paper-I (Classes I-V),Child Development & Pedagogy,Part I CDP,single_mcq,"hi,en",Bilingual (Hindi & English),27,Shift 1,Set I,OFFICIAL_PYQ,key-paper-ctet-2024-p1-cdp-final,syl-ctet-exam-2024,NOT_VERIFIED,NOT_VERIFIED,OFFICIAL_PYQ_VERIFIED,PYQ_ELIGIBLE
q-ctet-2024-p1-cdp-q028,src-ctet-exam-portal,ctet-exam,comp-ctet-paper1-primary,2024,2024,Single Shift,Paper-I (Classes I-V),Child Development & Pedagogy,Part I CDP,single_mcq,"hi,en",Bilingual (Hindi & English),28,Shift 1,Set I,OFFICIAL_PYQ,key-paper-ctet-2024-p1-cdp-final,syl-ctet-exam-2024,NOT_VERIFIED,NOT_VERIFIED,OFFICIAL_PYQ_VERIFIED,PYQ_ELIGIBLE
q-ctet-2024-p1-cdp-q029,src-ctet-exam-portal,ctet-exam,comp-ctet-paper1-primary,2024,2024,Single Shift,Paper-I (Classes I-V),Child Development & Pedagogy,Part I CDP,single_mcq,"hi,en",Bilingual (Hindi & English),29,Shift 1,Set I,OFFICIAL_PYQ,key-paper-ctet-2024-p1-cdp-final,syl-ctet-exam-2024,NOT_VERIFIED,NOT_VERIFIED,OFFICIAL_PYQ_VERIFIED,PYQ_ELIGIBLE
q-ctet-2024-p1-cdp-q030,src-ctet-exam-portal,ctet-exam,comp-ctet-paper1-primary,2024,2024,Single Shift,Paper-I (Classes I-V),Child Development & Pedagogy,Part I CDP,single_mcq,"hi,en",Bilingual (Hindi & English),30,Shift 1,Set I,OFFICIAL_PYQ,key-paper-ctet-2024-p1-cdp-final,syl-ctet-exam-2024,NOT_VERIFIED,NOT_VERIFIED,OFFICIAL_PYQ_VERIFIED,PYQ_ELIGIBLE
q-hy-en-0001,src-cbse-board-portal,cbse-board,comp-cbse-board-cls10-english,2026,2026,Class 10 Annual Exam,English Theory Paper,English Language & Literature,Secondary Foundation Practice,single_mcq,"hi,en",Bilingual (Hindi & English),1,Shift 1,Set A,HUMAN_CURATED,key-standard,syl-cbse-board-2026,NOT_VERIFIED,NOT_VERIFIED,HISTORICAL_VERIFIED,PRACTICE_ELIGIBLE
q-hy-en-0002,src-cbse-board-portal,cbse-board,comp-cbse-board-cls10-english,2026,2026,Class 10 Annual Exam,English Theory Paper,English Language & Literature,Secondary Foundation Practice,single_mcq,"hi,en",Bilingual (Hindi & English),1,Shift 1,Set A,HUMAN_CURATED,key-standard,syl-cbse-board-2026,NOT_VERIFIED,NOT_VERIFIED,HISTORICAL_VERIFIED,PRACTICE_ELIGIBLE
q-hy-en-0003,src-cbse-board-portal,cbse-board,comp-cbse-board-cls10-english,2026,2026,Class 10 Annual Exam,English Theory Paper,English Language & Literature,Secondary Foundation Practice,single_mcq,hi,Hindi,1,Shift 1,Set A,HUMAN_CURATED,key-standard,syl-cbse-board-2026,NOT_VERIFIED,NOT_VERIFIED,HISTORICAL_VERIFIED,PRACTICE_ELIGIBLE
q-hy-en-0004,src-cbse-board-portal,cbse-board,comp-cbse-board-cls10-english,2026,2026,Class 10 Annual Exam,English Theory Paper,English Language & Literature,Secondary Foundation Practice,single_mcq,hi,Hindi,1,Shift 1,Set A,HUMAN_CURATED,key-standard,syl-cbse-board-2026,NOT_VERIFIED,NOT_VERIFIED,HISTORICAL_VERIFIED,PRACTICE_ELIGIBLE
q-hy-en-0005,src-cbse-board-portal,cbse-board,comp-cbse-board-cls10-english,2026,2026,Class 10 Annual Exam,English Theory Paper,English Language & Literature,Secondary Foundation Practice,single_mcq,hi,Hindi,1,Shift 1,Set A,HUMAN_CURATED,key-standard,syl-cbse-board-2026,NOT_VERIFIED,NOT_VERIFIED,HISTORICAL_VERIFIED,PRACTICE_ELIGIBLE
q-hy-en-0006,src-cbse-board-portal,cbse-board,comp-cbse-board-cls10-english,2026,2026,Class 10 Annual Exam,English Theory Paper,English Language & Literature,Secondary Foundation Practice,single_mcq,hi,Hindi,1,Shift 1,Set A,HUMAN_CURATED,key-standard,syl-cbse-board-2026,NOT_VERIFIED,NOT_VERIFIED,HISTORICAL_VERIFIED,PRACTICE_ELIGIBLE
q-hy-en-0007,src-cbse-board-portal,cbse-board,comp-cbse-board-cls10-english,2026,2026,Class 10 Annual Exam,English Theory Paper,English Language & Literature,Secondary Foundation Practice,single_mcq,"hi,en",Bilingual (Hindi & English),1,Shift 1,Set A,HUMAN_CURATED,key-standard,syl-cbse-board-2026,NOT_VERIFIED,NOT_VERIFIED,HISTORICAL_VERIFIED,PRACTICE_ELIGIBLE
q-hy-en-0008,src-cbse-board-portal,cbse-board,comp-cbse-board-cls10-english,2026,2026,Class 10 Annual Exam,English Theory Paper,English Language & Literature,Secondary Foundation Practice,single_mcq,"hi,en",Bilingual (Hindi & English),1,Shift 1,Set A,HUMAN_CURATED,key-standard,syl-cbse-board-2026,NOT_VERIFIED,NOT_VERIFIED,HISTORICAL_VERIFIED,PRACTICE_ELIGIBLE
q-hy-en-0009,src-cbse-board-portal,cbse-board,comp-cbse-board-cls10-english,2026,2026,Class 10 Annual Exam,English Theory Paper,English Language & Literature,Secondary Foundation Practice,single_mcq,"hi,en",Bilingual (Hindi & English),1,Shift 1,Set A,HUMAN_CURATED,key-standard,syl-cbse-board-2026,NOT_VERIFIED,NOT_VERIFIED,HISTORICAL_VERIFIED,PRACTICE_ELIGIBLE
q-hy-en-0010,src-cbse-board-portal,cbse-board,comp-cbse-board-cls10-english,2026,2026,Class 10 Annual Exam,English Theory Paper,English Language & Literature,Secondary Foundation Practice,single_mcq,"hi,en",Bilingual (Hindi & English),1,Shift 1,Set A,HUMAN_CURATED,key-standard,syl-cbse-board-2026,NOT_VERIFIED,NOT_VERIFIED,HISTORICAL_VERIFIED,PRACTICE_ELIGIBLE
q-hy-en-0011,src-cbse-board-portal,cbse-board,comp-cbse-board-cls10-english,2026,2026,Class 10 Annual Exam,English Theory Paper,English Language & Literature,Secondary Foundation Practice,single_mcq,hi,Hindi,1,Shift 1,Set A,HUMAN_CURATED,key-standard,syl-cbse-board-2026,NOT_VERIFIED,NOT_VERIFIED,HISTORICAL_VERIFIED,PRACTICE_ELIGIBLE
q-hy-en-0012,src-cbse-board-portal,cbse-board,comp-cbse-board-cls10-english,2026,2026,Class 10 Annual Exam,English Theory Paper,English Language & Literature,Secondary Foundation Practice,single_mcq,hi,Hindi,1,Shift 1,Set A,HUMAN_CURATED,key-standard,syl-cbse-board-2026,NOT_VERIFIED,NOT_VERIFIED,HISTORICAL_VERIFIED,PRACTICE_ELIGIBLE
q-hy-en-0013,src-cbse-board-portal,cbse-board,comp-cbse-board-cls10-english,2026,2026,Class 10 Annual Exam,English Theory Paper,English Language & Literature,Secondary Foundation Practice,single_mcq,hi,Hindi,1,Shift 1,Set A,HUMAN_CURATED,key-standard,syl-cbse-board-2026,NOT_VERIFIED,NOT_VERIFIED,HISTORICAL_VERIFIED,PRACTICE_ELIGIBLE
q-hy-en-0014,src-cbse-board-portal,cbse-board,comp-cbse-board-cls10-english,2026,2026,Class 10 Annual Exam,English Theory Paper,English Language & Literature,Secondary Foundation Practice,single_mcq,hi,Hindi,1,Shift 1,Set A,HUMAN_CURATED,key-standard,syl-cbse-board-2026,NOT_VERIFIED,NOT_VERIFIED,HISTORICAL_VERIFIED,PRACTICE_ELIGIBLE
q-hy-en-0015,src-cbse-board-portal,cbse-board,comp-cbse-board-cls10-english,2026,2026,Class 10 Annual Exam,English Theory Paper,English Language & Literature,Secondary Foundation Practice,single_mcq,hi,Hindi,1,Shift 1,Set A,HUMAN_CURATED,key-standard,syl-cbse-board-2026,NOT_VERIFIED,NOT_VERIFIED,HISTORICAL_VERIFIED,PRACTICE_ELIGIBLE
q-hy-en-0016,src-cbse-board-portal,cbse-board,comp-cbse-board-cls10-english,2026,2026,Class 10 Annual Exam,English Theory Paper,English Language & Literature,Secondary Foundation Practice,single_mcq,hi,Hindi,1,Shift 1,Set A,HUMAN_CURATED,key-standard,syl-cbse-board-2026,NOT_VERIFIED,NOT_VERIFIED,HISTORICAL_VERIFIED,PRACTICE_ELIGIBLE
q-hy-en-0017,src-cbse-board-portal,cbse-board,comp-cbse-board-cls10-english,2026,2026,Class 10 Annual Exam,English Theory Paper,English Language & Literature,Secondary Foundation Practice,single_mcq,hi,Hindi,1,Shift 1,Set A,HUMAN_CURATED,key-standard,syl-cbse-board-2026,NOT_VERIFIED,NOT_VERIFIED,HISTORICAL_VERIFIED,PRACTICE_ELIGIBLE
q-hy-en-0018,src-cbse-board-portal,cbse-board,comp-cbse-board-cls10-english,2026,2026,Class 10 Annual Exam,English Theory Paper,English Language & Literature,Secondary Foundation Practice,single_mcq,hi,Hindi,1,Shift 1,Set A,HUMAN_CURATED,key-standard,syl-cbse-board-2026,NOT_VERIFIED,NOT_VERIFIED,HISTORICAL_VERIFIED,PRACTICE_ELIGIBLE
q-hy-en-0019,src-cbse-board-portal,cbse-board,comp-cbse-board-cls10-english,2026,2026,Class 10 Annual Exam,English Theory Paper,English Language & Literature,Secondary Foundation Practice,single_mcq,hi,Hindi,1,Shift 1,Set A,HUMAN_CURATED,key-standard,syl-cbse-board-2026,NOT_VERIFIED,NOT_VERIFIED,HISTORICAL_VERIFIED,PRACTICE_ELIGIBLE
q-hy-en-0020,src-cbse-board-portal,cbse-board,comp-cbse-board-cls10-english,2026,2026,Class 10 Annual Exam,English Theory Paper,English Language & Literature,Secondary Foundation Practice,single_mcq,hi,Hindi,1,Shift 1,Set A,HUMAN_CURATED,key-standard,syl-cbse-board-2026,NOT_VERIFIED,NOT_VERIFIED,HISTORICAL_VERIFIED,PRACTICE_ELIGIBLE
q-hy-en-0021,src-cbse-board-portal,cbse-board,comp-cbse-board-cls10-english,2026,2026,Class 10 Annual Exam,English Theory Paper,English Language & Literature,Secondary Foundation Practice,single_mcq,"hi,en",Bilingual (Hindi & English),1,Shift 1,Set A,HUMAN_CURATED,key-standard,syl-cbse-board-2026,NOT_VERIFIED,NOT_VERIFIED,HISTORICAL_VERIFIED,PRACTICE_ELIGIBLE
q-hy-en-0022,src-cbse-board-portal,cbse-board,comp-cbse-board-cls10-english,2026,2026,Class 10 Annual Exam,English Theory Paper,English Language & Literature,Secondary Foundation Practice,single_mcq,"hi,en",Bilingual (Hindi & English),1,Shift 1,Set A,HUMAN_CURATED,key-standard,syl-cbse-board-2026,NOT_VERIFIED,NOT_VERIFIED,HISTORICAL_VERIFIED,PRACTICE_ELIGIBLE
q-hy-en-0023,src-cbse-board-portal,cbse-board,comp-cbse-board-cls10-english,2026,2026,Class 10 Annual Exam,English Theory Paper,English Language & Literature,Secondary Foundation Practice,single_mcq,"hi,en",Bilingual (Hindi & English),1,Shift 1,Set A,HUMAN_CURATED,key-standard,syl-cbse-board-2026,NOT_VERIFIED,NOT_VERIFIED,HISTORICAL_VERIFIED,PRACTICE_ELIGIBLE
q-hy-en-0024,src-cbse-board-portal,cbse-board,comp-cbse-board-cls10-english,2026,2026,Class 10 Annual Exam,English Theory Paper,English Language & Literature,Secondary Foundation Practice,single_mcq,hi,Hindi,1,Shift 1,Set A,HUMAN_CURATED,key-standard,syl-cbse-board-2026,NOT_VERIFIED,NOT_VERIFIED,HISTORICAL_VERIFIED,PRACTICE_ELIGIBLE
q-hy-en-0025,src-cbse-board-portal,cbse-board,comp-cbse-board-cls10-english,2026,2026,Class 10 Annual Exam,English Theory Paper,English Language & Literature,Secondary Foundation Practice,single_mcq,hi,Hindi,1,Shift 1,Set A,HUMAN_CURATED,key-standard,syl-cbse-board-2026,NOT_VERIFIED,NOT_VERIFIED,HISTORICAL_VERIFIED,PRACTICE_ELIGIBLE
q-hy-en-0026,src-cbse-board-portal,cbse-board,comp-cbse-board-cls10-english,2026,2026,Class 10 Annual Exam,English Theory Paper,English Language & Literature,Secondary Foundation Practice,single_mcq,"hi,en",Bilingual (Hindi & English),1,Shift 1,Set A,HUMAN_CURATED,key-standard,syl-cbse-board-2026,NOT_VERIFIED,NOT_VERIFIED,HISTORICAL_VERIFIED,PRACTICE_ELIGIBLE
q-hy-en-0027,src-cbse-board-portal,cbse-board,comp-cbse-board-cls10-english,2026,2026,Class 10 Annual Exam,English Theory Paper,English Language & Literature,Secondary Foundation Practice,single_mcq,"hi,en",Bilingual (Hindi & English),1,Shift 1,Set A,HUMAN_CURATED,key-standard,syl-cbse-board-2026,NOT_VERIFIED,NOT_VERIFIED,HISTORICAL_VERIFIED,PRACTICE_ELIGIBLE
q-hy-en-0028,src-cbse-board-portal,cbse-board,comp-cbse-board-cls10-english,2026,2026,Class 10 Annual Exam,English Theory Paper,English Language & Literature,Secondary Foundation Practice,single_mcq,"hi,en",Bilingual (Hindi & English),1,Shift 1,Set A,HUMAN_CURATED,key-standard,syl-cbse-board-2026,NOT_VERIFIED,NOT_VERIFIED,HISTORICAL_VERIFIED,PRACTICE_ELIGIBLE
q-hy-en-0029,src-cbse-board-portal,cbse-board,comp-cbse-board-cls10-english,2026,2026,Class 10 Annual Exam,English Theory Paper,English Language & Literature,Secondary Foundation Practice,single_mcq,hi,Hindi,1,Shift 1,Set A,HUMAN_CURATED,key-standard,syl-cbse-board-2026,NOT_VERIFIED,NOT_VERIFIED,HISTORICAL_VERIFIED,PRACTICE_ELIGIBLE
q-hy-en-0030,src-cbse-board-portal,cbse-board,comp-cbse-board-cls10-english,2026,2026,Class 10 Annual Exam,English Theory Paper,English Language & Literature,Secondary Foundation Practice,single_mcq,hi,Hindi,1,Shift 1,Set A,HUMAN_CURATED,key-standard,syl-cbse-board-2026,NOT_VERIFIED,NOT_VERIFIED,HISTORICAL_VERIFIED,PRACTICE_ELIGIBLE
q-hy-en-0031,src-cbse-board-portal,cbse-board,comp-cbse-board-cls10-english,2026,2026,Class 10 Annual Exam,English Theory Paper,English Language & Literature,Secondary Foundation Practice,single_mcq,"hi,en",Bilingual (Hindi & English),1,Shift 1,Set A,HUMAN_CURATED,key-standard,syl-cbse-board-2026,NOT_VERIFIED,NOT_VERIFIED,HISTORICAL_VERIFIED,PRACTICE_ELIGIBLE
q-hy-en-0032,src-cbse-board-portal,cbse-board,comp-cbse-board-cls10-english,2026,2026,Class 10 Annual Exam,English Theory Paper,English Language & Literature,Secondary Foundation Practice,single_mcq,"hi,en",Bilingual (Hindi & English),1,Shift 1,Set A,HUMAN_CURATED,key-standard,syl-cbse-board-2026,NOT_VERIFIED,NOT_VERIFIED,HISTORICAL_VERIFIED,PRACTICE_ELIGIBLE
q-hy-en-0033,src-cbse-board-portal,cbse-board,comp-cbse-board-cls10-english,2026,2026,Class 10 Annual Exam,English Theory Paper,English Language & Literature,Secondary Foundation Practice,single_mcq,"hi,en",Bilingual (Hindi & English),1,Shift 1,Set A,HUMAN_CURATED,key-standard,syl-cbse-board-2026,NOT_VERIFIED,NOT_VERIFIED,HISTORICAL_VERIFIED,PRACTICE_ELIGIBLE
q-hy-en-0034,src-cbse-board-portal,cbse-board,comp-cbse-board-cls10-english,2026,2026,Class 10 Annual Exam,English Theory Paper,English Language & Literature,Secondary Foundation Practice,single_mcq,hi,Hindi,1,Shift 1,Set A,HUMAN_CURATED,key-standard,syl-cbse-board-2026,NOT_VERIFIED,NOT_VERIFIED,HISTORICAL_VERIFIED,PRACTICE_ELIGIBLE
q-hy-en-0035,src-cbse-board-portal,cbse-board,comp-cbse-board-cls10-english,2026,2026,Class 10 Annual Exam,English Theory Paper,English Language & Literature,Secondary Foundation Practice,single_mcq,hi,Hindi,1,Shift 1,Set A,HUMAN_CURATED,key-standard,syl-cbse-board-2026,NOT_VERIFIED,NOT_VERIFIED,HISTORICAL_VERIFIED,PRACTICE_ELIGIBLE
q-hy-en-0036,src-cbse-board-portal,cbse-board,comp-cbse-board-cls10-english,2026,2026,Class 10 Annual Exam,English Theory Paper,English Language & Literature,Secondary Foundation Practice,single_mcq,"hi,en",Bilingual (Hindi & English),1,Shift 1,Set A,HUMAN_CURATED,key-standard,syl-cbse-board-2026,NOT_VERIFIED,NOT_VERIFIED,HISTORICAL_VERIFIED,PRACTICE_ELIGIBLE
q-hy-en-0037,src-cbse-board-portal,cbse-board,comp-cbse-board-cls10-english,2026,2026,Class 10 Annual Exam,English Theory Paper,English Language & Literature,Secondary Foundation Practice,single_mcq,"hi,en",Bilingual (Hindi & English),1,Shift 1,Set A,HUMAN_CURATED,key-standard,syl-cbse-board-2026,NOT_VERIFIED,NOT_VERIFIED,HISTORICAL_VERIFIED,PRACTICE_ELIGIBLE
q-hy-en-0038,src-cbse-board-portal,cbse-board,comp-cbse-board-cls10-english,2026,2026,Class 10 Annual Exam,English Theory Paper,English Language & Literature,Secondary Foundation Practice,single_mcq,"hi,en",Bilingual (Hindi & English),1,Shift 1,Set A,HUMAN_CURATED,key-standard,syl-cbse-board-2026,NOT_VERIFIED,NOT_VERIFIED,HISTORICAL_VERIFIED,PRACTICE_ELIGIBLE
q-hy-en-0039,src-cbse-board-portal,cbse-board,comp-cbse-board-cls10-english,2026,2026,Class 10 Annual Exam,English Theory Paper,English Language & Literature,Secondary Foundation Practice,single_mcq,hi,Hindi,1,Shift 1,Set A,HUMAN_CURATED,key-standard,syl-cbse-board-2026,NOT_VERIFIED,NOT_VERIFIED,HISTORICAL_VERIFIED,PRACTICE_ELIGIBLE
q-hy-en-0040,src-cbse-board-portal,cbse-board,comp-cbse-board-cls10-english,2026,2026,Class 10 Annual Exam,English Theory Paper,English Language & Literature,Secondary Foundation Practice,single_mcq,hi,Hindi,1,Shift 1,Set A,HUMAN_CURATED,key-standard,syl-cbse-board-2026,NOT_VERIFIED,NOT_VERIFIED,HISTORICAL_VERIFIED,PRACTICE_ELIGIBLE
q-hy-en-0041,src-cbse-board-portal,cbse-board,comp-cbse-board-cls10-english,2026,2026,Class 10 Annual Exam,English Theory Paper,English Language & Literature,Secondary Foundation Practice,single_mcq,"hi,en",Bilingual (Hindi & English),1,Shift 1,Set A,HUMAN_CURATED,key-standard,syl-cbse-board-2026,NOT_VERIFIED,NOT_VERIFIED,HISTORICAL_VERIFIED,PRACTICE_ELIGIBLE
q-hy-en-0042,src-cbse-board-portal,cbse-board,comp-cbse-board-cls10-english,2026,2026,Class 10 Annual Exam,English Theory Paper,English Language & Literature,Secondary Foundation Practice,single_mcq,"hi,en",Bilingual (Hindi & English),1,Shift 1,Set A,HUMAN_CURATED,key-standard,syl-cbse-board-2026,NOT_VERIFIED,NOT_VERIFIED,HISTORICAL_VERIFIED,PRACTICE_ELIGIBLE
q-hy-en-0043,src-cbse-board-portal,cbse-board,comp-cbse-board-cls10-english,2026,2026,Class 10 Annual Exam,English Theory Paper,English Language & Literature,Secondary Foundation Practice,single_mcq,"hi,en",Bilingual (Hindi & English),1,Shift 1,Set A,HUMAN_CURATED,key-standard,syl-cbse-board-2026,NOT_VERIFIED,NOT_VERIFIED,HISTORICAL_VERIFIED,PRACTICE_ELIGIBLE
q-hy-en-0044,src-cbse-board-portal,cbse-board,comp-cbse-board-cls10-english,2026,2026,Class 10 Annual Exam,English Theory Paper,English Language & Literature,Secondary Foundation Practice,single_mcq,hi,Hindi,1,Shift 1,Set A,HUMAN_CURATED,key-standard,syl-cbse-board-2026,NOT_VERIFIED,NOT_VERIFIED,HISTORICAL_VERIFIED,PRACTICE_ELIGIBLE
q-hy-en-0045,src-cbse-board-portal,cbse-board,comp-cbse-board-cls10-english,2026,2026,Class 10 Annual Exam,English Theory Paper,English Language & Literature,Secondary Foundation Practice,single_mcq,hi,Hindi,1,Shift 1,Set A,HUMAN_CURATED,key-standard,syl-cbse-board-2026,NOT_VERIFIED,NOT_VERIFIED,HISTORICAL_VERIFIED,PRACTICE_ELIGIBLE
q-hy-en-0046,src-cbse-board-portal,cbse-board,comp-cbse-board-cls10-english,2026,2026,Class 10 Annual Exam,English Theory Paper,English Language & Literature,Secondary Foundation Practice,single_mcq,"hi,en",Bilingual (Hindi & English),1,Shift 1,Set A,HUMAN_CURATED,key-standard,syl-cbse-board-2026,NOT_VERIFIED,NOT_VERIFIED,HISTORICAL_VERIFIED,PRACTICE_ELIGIBLE
q-hy-en-0047,src-cbse-board-portal,cbse-board,comp-cbse-board-cls10-english,2026,2026,Class 10 Annual Exam,English Theory Paper,English Language & Literature,Secondary Foundation Practice,single_mcq,"hi,en",Bilingual (Hindi & English),1,Shift 1,Set A,HUMAN_CURATED,key-standard,syl-cbse-board-2026,NOT_VERIFIED,NOT_VERIFIED,HISTORICAL_VERIFIED,PRACTICE_ELIGIBLE
q-hy-en-0048,src-cbse-board-portal,cbse-board,comp-cbse-board-cls10-english,2026,2026,Class 10 Annual Exam,English Theory Paper,English Language & Literature,Secondary Foundation Practice,single_mcq,"hi,en",Bilingual (Hindi & English),1,Shift 1,Set A,HUMAN_CURATED,key-standard,syl-cbse-board-2026,NOT_VERIFIED,NOT_VERIFIED,HISTORICAL_VERIFIED,PRACTICE_ELIGIBLE
q-hy-en-0049,src-cbse-board-portal,cbse-board,comp-cbse-board-cls10-english,2026,2026,Class 10 Annual Exam,English Theory Paper,English Language & Literature,Secondary Foundation Practice,single_mcq,hi,Hindi,1,Shift 1,Set A,HUMAN_CURATED,key-standard,syl-cbse-board-2026,NOT_VERIFIED,NOT_VERIFIED,HISTORICAL_VERIFIED,PRACTICE_ELIGIBLE
q-hy-en-0050,src-cbse-board-portal,cbse-board,comp-cbse-board-cls10-english,2026,2026,Class 10 Annual Exam,English Theory Paper,English Language & Literature,Secondary Foundation Practice,single_mcq,hi,Hindi,1,Shift 1,Set A,HUMAN_CURATED,key-standard,syl-cbse-board-2026,NOT_VERIFIED,NOT_VERIFIED,HISTORICAL_VERIFIED,PRACTICE_ELIGIBLE
q-hy-en-0051,src-cbse-board-portal,cbse-board,comp-cbse-board-cls10-english,2026,2026,Class 10 Annual Exam,English Theory Paper,English Language & Literature,Secondary Foundation Practice,single_mcq,"hi,en",Bilingual (Hindi & English),1,Shift 1,Set A,HUMAN_CURATED,key-standard,syl-cbse-board-2026,NOT_VERIFIED,NOT_VERIFIED,HISTORICAL_VERIFIED,PRACTICE_ELIGIBLE
q-hy-en-0052,src-cbse-board-portal,cbse-board,comp-cbse-board-cls10-english,2026,2026,Class 10 Annual Exam,English Theory Paper,English Language & Literature,Secondary Foundation Practice,single_mcq,"hi,en",Bilingual (Hindi & English),1,Shift 1,Set A,HUMAN_CURATED,key-standard,syl-cbse-board-2026,NOT_VERIFIED,NOT_VERIFIED,HISTORICAL_VERIFIED,PRACTICE_ELIGIBLE
q-hy-en-0053,src-cbse-board-portal,cbse-board,comp-cbse-board-cls10-english,2026,2026,Class 10 Annual Exam,English Theory Paper,English Language & Literature,Secondary Foundation Practice,single_mcq,"hi,en",Bilingual (Hindi & English),1,Shift 1,Set A,HUMAN_CURATED,key-standard,syl-cbse-board-2026,NOT_VERIFIED,NOT_VERIFIED,HISTORICAL_VERIFIED,PRACTICE_ELIGIBLE
q-hy-en-0054,src-cbse-board-portal,cbse-board,comp-cbse-board-cls10-english,2026,2026,Class 10 Annual Exam,English Theory Paper,English Language & Literature,Secondary Foundation Practice,single_mcq,hi,Hindi,1,Shift 1,Set A,HUMAN_CURATED,key-standard,syl-cbse-board-2026,NOT_VERIFIED,NOT_VERIFIED,HISTORICAL_VERIFIED,PRACTICE_ELIGIBLE
q-hy-en-0055,src-cbse-board-portal,cbse-board,comp-cbse-board-cls10-english,2026,2026,Class 10 Annual Exam,English Theory Paper,English Language & Literature,Secondary Foundation Practice,single_mcq,hi,Hindi,1,Shift 1,Set A,HUMAN_CURATED,key-standard,syl-cbse-board-2026,NOT_VERIFIED,NOT_VERIFIED,HISTORICAL_VERIFIED,PRACTICE_ELIGIBLE
q-hy-en-0056,src-cbse-board-portal,cbse-board,comp-cbse-board-cls10-english,2026,2026,Class 10 Annual Exam,English Theory Paper,English Language & Literature,Secondary Foundation Practice,single_mcq,"hi,en",Bilingual (Hindi & English),1,Shift 1,Set A,HUMAN_CURATED,key-standard,syl-cbse-board-2026,NOT_VERIFIED,NOT_VERIFIED,HISTORICAL_VERIFIED,PRACTICE_ELIGIBLE
q-hy-en-0057,src-cbse-board-portal,cbse-board,comp-cbse-board-cls10-english,2026,2026,Class 10 Annual Exam,English Theory Paper,English Language & Literature,Secondary Foundation Practice,single_mcq,"hi,en",Bilingual (Hindi & English),1,Shift 1,Set A,HUMAN_CURATED,key-standard,syl-cbse-board-2026,NOT_VERIFIED,NOT_VERIFIED,HISTORICAL_VERIFIED,PRACTICE_ELIGIBLE
q-hy-en-0058,src-cbse-board-portal,cbse-board,comp-cbse-board-cls10-english,2026,2026,Class 10 Annual Exam,English Theory Paper,English Language & Literature,Secondary Foundation Practice,single_mcq,"hi,en",Bilingual (Hindi & English),1,Shift 1,Set A,HUMAN_CURATED,key-standard,syl-cbse-board-2026,NOT_VERIFIED,NOT_VERIFIED,HISTORICAL_VERIFIED,PRACTICE_ELIGIBLE
q-hy-en-0059,src-cbse-board-portal,cbse-board,comp-cbse-board-cls10-english,2026,2026,Class 10 Annual Exam,English Theory Paper,English Language & Literature,Secondary Foundation Practice,single_mcq,hi,Hindi,1,Shift 1,Set A,HUMAN_CURATED,key-standard,syl-cbse-board-2026,NOT_VERIFIED,NOT_VERIFIED,HISTORICAL_VERIFIED,PRACTICE_ELIGIBLE
q-hy-en-0060,src-cbse-board-portal,cbse-board,comp-cbse-board-cls10-english,2026,2026,Class 10 Annual Exam,English Theory Paper,English Language & Literature,Secondary Foundation Practice,single_mcq,hi,Hindi,1,Shift 1,Set A,HUMAN_CURATED,key-standard,syl-cbse-board-2026,NOT_VERIFIED,NOT_VERIFIED,HISTORICAL_VERIFIED,PRACTICE_ELIGIBLE
q-hy-en-0061,src-cbse-board-portal,cbse-board,comp-cbse-board-cls10-english,2026,2026,Class 10 Annual Exam,English Theory Paper,English Language & Literature,Secondary Foundation Practice,single_mcq,"hi,en",Bilingual (Hindi & English),1,Shift 1,Set A,HUMAN_CURATED,key-standard,syl-cbse-board-2026,NOT_VERIFIED,NOT_VERIFIED,HISTORICAL_VERIFIED,PRACTICE_ELIGIBLE
q-hy-en-0062,src-cbse-board-portal,cbse-board,comp-cbse-board-cls10-english,2026,2026,Class 10 Annual Exam,English Theory Paper,English Language & Literature,Secondary Foundation Practice,single_mcq,"hi,en",Bilingual (Hindi & English),1,Shift 1,Set A,HUMAN_CURATED,key-standard,syl-cbse-board-2026,NOT_VERIFIED,NOT_VERIFIED,HISTORICAL_VERIFIED,PRACTICE_ELIGIBLE
q-hy-en-0063,src-cbse-board-portal,cbse-board,comp-cbse-board-cls10-english,2026,2026,Class 10 Annual Exam,English Theory Paper,English Language & Literature,Secondary Foundation Practice,single_mcq,"hi,en",Bilingual (Hindi & English),1,Shift 1,Set A,HUMAN_CURATED,key-standard,syl-cbse-board-2026,NOT_VERIFIED,NOT_VERIFIED,HISTORICAL_VERIFIED,PRACTICE_ELIGIBLE
q-hy-en-0064,src-cbse-board-portal,cbse-board,comp-cbse-board-cls10-english,2026,2026,Class 10 Annual Exam,English Theory Paper,English Language & Literature,Secondary Foundation Practice,single_mcq,hi,Hindi,1,Shift 1,Set A,HUMAN_CURATED,key-standard,syl-cbse-board-2026,NOT_VERIFIED,NOT_VERIFIED,HISTORICAL_VERIFIED,PRACTICE_ELIGIBLE
q-hy-en-0065,src-cbse-board-portal,cbse-board,comp-cbse-board-cls10-english,2026,2026,Class 10 Annual Exam,English Theory Paper,English Language & Literature,Secondary Foundation Practice,single_mcq,hi,Hindi,1,Shift 1,Set A,HUMAN_CURATED,key-standard,syl-cbse-board-2026,NOT_VERIFIED,NOT_VERIFIED,HISTORICAL_VERIFIED,PRACTICE_ELIGIBLE
q-hy-en-0066,src-cbse-board-portal,cbse-board,comp-cbse-board-cls10-english,2026,2026,Class 10 Annual Exam,English Theory Paper,English Language & Literature,Secondary Foundation Practice,single_mcq,"hi,en",Bilingual (Hindi & English),1,Shift 1,Set A,HUMAN_CURATED,key-standard,syl-cbse-board-2026,NOT_VERIFIED,NOT_VERIFIED,HISTORICAL_VERIFIED,PRACTICE_ELIGIBLE
q-hy-en-0067,src-cbse-board-portal,cbse-board,comp-cbse-board-cls10-english,2026,2026,Class 10 Annual Exam,English Theory Paper,English Language & Literature,Secondary Foundation Practice,single_mcq,"hi,en",Bilingual (Hindi & English),1,Shift 1,Set A,HUMAN_CURATED,key-standard,syl-cbse-board-2026,NOT_VERIFIED,NOT_VERIFIED,HISTORICAL_VERIFIED,PRACTICE_ELIGIBLE
q-hy-en-0068,src-cbse-board-portal,cbse-board,comp-cbse-board-cls10-english,2026,2026,Class 10 Annual Exam,English Theory Paper,English Language & Literature,Secondary Foundation Practice,single_mcq,"hi,en",Bilingual (Hindi & English),1,Shift 1,Set A,HUMAN_CURATED,key-standard,syl-cbse-board-2026,NOT_VERIFIED,NOT_VERIFIED,HISTORICAL_VERIFIED,PRACTICE_ELIGIBLE
q-hy-en-0069,src-cbse-board-portal,cbse-board,comp-cbse-board-cls10-english,2026,2026,Class 10 Annual Exam,English Theory Paper,English Language & Literature,Secondary Foundation Practice,single_mcq,hi,Hindi,1,Shift 1,Set A,HUMAN_CURATED,key-standard,syl-cbse-board-2026,NOT_VERIFIED,NOT_VERIFIED,HISTORICAL_VERIFIED,PRACTICE_ELIGIBLE
q-hy-en-0070,src-cbse-board-portal,cbse-board,comp-cbse-board-cls10-english,2026,2026,Class 10 Annual Exam,English Theory Paper,English Language & Literature,Secondary Foundation Practice,single_mcq,hi,Hindi,1,Shift 1,Set A,HUMAN_CURATED,key-standard,syl-cbse-board-2026,NOT_VERIFIED,NOT_VERIFIED,HISTORICAL_VERIFIED,PRACTICE_ELIGIBLE
q-hy-en-0071,src-cbse-board-portal,cbse-board,comp-cbse-board-cls10-english,2026,2026,Class 10 Annual Exam,English Theory Paper,English Language & Literature,Secondary Foundation Practice,single_mcq,"hi,en",Bilingual (Hindi & English),1,Shift 1,Set A,HUMAN_CURATED,key-standard,syl-cbse-board-2026,NOT_VERIFIED,NOT_VERIFIED,HISTORICAL_VERIFIED,PRACTICE_ELIGIBLE
q-hy-en-0072,src-cbse-board-portal,cbse-board,comp-cbse-board-cls10-english,2026,2026,Class 10 Annual Exam,English Theory Paper,English Language & Literature,Secondary Foundation Practice,single_mcq,"hi,en",Bilingual (Hindi & English),1,Shift 1,Set A,HUMAN_CURATED,key-standard,syl-cbse-board-2026,NOT_VERIFIED,NOT_VERIFIED,HISTORICAL_VERIFIED,PRACTICE_ELIGIBLE
q-hy-en-0073,src-cbse-board-portal,cbse-board,comp-cbse-board-cls10-english,2026,2026,Class 10 Annual Exam,English Theory Paper,English Language & Literature,Secondary Foundation Practice,single_mcq,"hi,en",Bilingual (Hindi & English),1,Shift 1,Set A,HUMAN_CURATED,key-standard,syl-cbse-board-2026,NOT_VERIFIED,NOT_VERIFIED,HISTORICAL_VERIFIED,PRACTICE_ELIGIBLE
q-hy-en-0074,src-cbse-board-portal,cbse-board,comp-cbse-board-cls10-english,2026,2026,Class 10 Annual Exam,English Theory Paper,English Language & Literature,Secondary Foundation Practice,single_mcq,hi,Hindi,1,Shift 1,Set A,HUMAN_CURATED,key-standard,syl-cbse-board-2026,NOT_VERIFIED,NOT_VERIFIED,HISTORICAL_VERIFIED,PRACTICE_ELIGIBLE
q-hy-en-0075,src-cbse-board-portal,cbse-board,comp-cbse-board-cls10-english,2026,2026,Class 10 Annual Exam,English Theory Paper,English Language & Literature,Secondary Foundation Practice,single_mcq,hi,Hindi,1,Shift 1,Set A,HUMAN_CURATED,key-standard,syl-cbse-board-2026,NOT_VERIFIED,NOT_VERIFIED,HISTORICAL_VERIFIED,PRACTICE_ELIGIBLE
q-hy-en-0076,src-cbse-board-portal,cbse-board,comp-cbse-board-cls10-english,2026,2026,Class 10 Annual Exam,English Theory Paper,English Language & Literature,Secondary Foundation Practice,single_mcq,"hi,en",Bilingual (Hindi & English),1,Shift 1,Set A,HUMAN_CURATED,key-standard,syl-cbse-board-2026,NOT_VERIFIED,NOT_VERIFIED,HISTORICAL_VERIFIED,PRACTICE_ELIGIBLE
q-hy-en-0077,src-cbse-board-portal,cbse-board,comp-cbse-board-cls10-english,2026,2026,Class 10 Annual Exam,English Theory Paper,English Language & Literature,Secondary Foundation Practice,single_mcq,"hi,en",Bilingual (Hindi & English),1,Shift 1,Set A,HUMAN_CURATED,key-standard,syl-cbse-board-2026,NOT_VERIFIED,NOT_VERIFIED,HISTORICAL_VERIFIED,PRACTICE_ELIGIBLE
q-hy-en-0078,src-cbse-board-portal,cbse-board,comp-cbse-board-cls10-english,2026,2026,Class 10 Annual Exam,English Theory Paper,English Language & Literature,Secondary Foundation Practice,single_mcq,"hi,en",Bilingual (Hindi & English),1,Shift 1,Set A,HUMAN_CURATED,key-standard,syl-cbse-board-2026,NOT_VERIFIED,NOT_VERIFIED,HISTORICAL_VERIFIED,PRACTICE_ELIGIBLE
q-hy-en-0079,src-cbse-board-portal,cbse-board,comp-cbse-board-cls10-english,2026,2026,Class 10 Annual Exam,English Theory Paper,English Language & Literature,Secondary Foundation Practice,single_mcq,hi,Hindi,1,Shift 1,Set A,HUMAN_CURATED,key-standard,syl-cbse-board-2026,NOT_VERIFIED,NOT_VERIFIED,HISTORICAL_VERIFIED,PRACTICE_ELIGIBLE
q-hy-en-0080,src-cbse-board-portal,cbse-board,comp-cbse-board-cls10-english,2026,2026,Class 10 Annual Exam,English Theory Paper,English Language & Literature,Secondary Foundation Practice,single_mcq,hi,Hindi,1,Shift 1,Set A,HUMAN_CURATED,key-standard,syl-cbse-board-2026,NOT_VERIFIED,NOT_VERIFIED,HISTORICAL_VERIFIED,PRACTICE_ELIGIBLE
q-hy-en-0081,src-cbse-board-portal,cbse-board,comp-cbse-board-cls10-english,2026,2026,Class 10 Annual Exam,English Theory Paper,English Language & Literature,Secondary Foundation Practice,single_mcq,"hi,en",Bilingual (Hindi & English),1,Shift 1,Set A,HUMAN_CURATED,key-standard,syl-cbse-board-2026,NOT_VERIFIED,NOT_VERIFIED,HISTORICAL_VERIFIED,PRACTICE_ELIGIBLE
q-hy-en-0082,src-cbse-board-portal,cbse-board,comp-cbse-board-cls10-english,2026,2026,Class 10 Annual Exam,English Theory Paper,English Language & Literature,Secondary Foundation Practice,single_mcq,"hi,en",Bilingual (Hindi & English),1,Shift 1,Set A,HUMAN_CURATED,key-standard,syl-cbse-board-2026,NOT_VERIFIED,NOT_VERIFIED,HISTORICAL_VERIFIED,PRACTICE_ELIGIBLE
q-hy-en-0083,src-cbse-board-portal,cbse-board,comp-cbse-board-cls10-english,2026,2026,Class 10 Annual Exam,English Theory Paper,English Language & Literature,Secondary Foundation Practice,single_mcq,"hi,en",Bilingual (Hindi & English),1,Shift 1,Set A,HUMAN_CURATED,key-standard,syl-cbse-board-2026,NOT_VERIFIED,NOT_VERIFIED,HISTORICAL_VERIFIED,PRACTICE_ELIGIBLE
q-hy-en-0084,src-cbse-board-portal,cbse-board,comp-cbse-board-cls10-english,2026,2026,Class 10 Annual Exam,English Theory Paper,English Language & Literature,Secondary Foundation Practice,single_mcq,hi,Hindi,1,Shift 1,Set A,HUMAN_CURATED,key-standard,syl-cbse-board-2026,NOT_VERIFIED,NOT_VERIFIED,HISTORICAL_VERIFIED,PRACTICE_ELIGIBLE
q-hy-en-0085,src-cbse-board-portal,cbse-board,comp-cbse-board-cls10-english,2026,2026,Class 10 Annual Exam,English Theory Paper,English Language & Literature,Secondary Foundation Practice,single_mcq,hi,Hindi,1,Shift 1,Set A,HUMAN_CURATED,key-standard,syl-cbse-board-2026,NOT_VERIFIED,NOT_VERIFIED,HISTORICAL_VERIFIED,PRACTICE_ELIGIBLE
q-hy-hi-0001,src-cbse-board-portal,cbse-board,comp-cbse-board-cls10-regionallang,2026,2026,Class 10 Annual Exam,Hindi Theory Paper,Hindi Course A,Secondary Foundation Practice,single_mcq,"hi,en",Bilingual (Hindi & English),1,Shift 1,Set A,HUMAN_CURATED,key-standard,syl-cbse-board-2026,NOT_VERIFIED,NOT_VERIFIED,HISTORICAL_VERIFIED,PRACTICE_ELIGIBLE
q-hy-hi-0002,src-cbse-board-portal,cbse-board,comp-cbse-board-cls10-regionallang,2026,2026,Class 10 Annual Exam,Hindi Theory Paper,Hindi Course A,Secondary Foundation Practice,single_mcq,"hi,en",Bilingual (Hindi & English),1,Shift 1,Set A,HUMAN_CURATED,key-standard,syl-cbse-board-2026,NOT_VERIFIED,NOT_VERIFIED,HISTORICAL_VERIFIED,PRACTICE_ELIGIBLE
q-hy-hi-0003,src-cbse-board-portal,cbse-board,comp-cbse-board-cls10-regionallang,2026,2026,Class 10 Annual Exam,Hindi Theory Paper,Hindi Course A,Secondary Foundation Practice,single_mcq,"hi,en",Bilingual (Hindi & English),1,Shift 1,Set A,HUMAN_CURATED,key-standard,syl-cbse-board-2026,NOT_VERIFIED,NOT_VERIFIED,HISTORICAL_VERIFIED,PRACTICE_ELIGIBLE
q-hy-hi-0004,src-cbse-board-portal,cbse-board,comp-cbse-board-cls10-regionallang,2026,2026,Class 10 Annual Exam,Hindi Theory Paper,Hindi Course A,Secondary Foundation Practice,single_mcq,"hi,en",Bilingual (Hindi & English),1,Shift 1,Set A,HUMAN_CURATED,key-standard,syl-cbse-board-2026,NOT_VERIFIED,NOT_VERIFIED,HISTORICAL_VERIFIED,PRACTICE_ELIGIBLE
q-hy-hi-0005,src-cbse-board-portal,cbse-board,comp-cbse-board-cls10-regionallang,2026,2026,Class 10 Annual Exam,Hindi Theory Paper,Hindi Course A,Secondary Foundation Practice,single_mcq,"hi,en",Bilingual (Hindi & English),1,Shift 1,Set A,HUMAN_CURATED,key-standard,syl-cbse-board-2026,NOT_VERIFIED,NOT_VERIFIED,HISTORICAL_VERIFIED,PRACTICE_ELIGIBLE
q-hy-hi-0006,src-cbse-board-portal,cbse-board,comp-cbse-board-cls10-regionallang,2026,2026,Class 10 Annual Exam,Hindi Theory Paper,Hindi Course A,Secondary Foundation Practice,single_mcq,"hi,en",Bilingual (Hindi & English),1,Shift 1,Set A,HUMAN_CURATED,key-standard,syl-cbse-board-2026,NOT_VERIFIED,NOT_VERIFIED,HISTORICAL_VERIFIED,PRACTICE_ELIGIBLE
q-hy-hi-0007,src-cbse-board-portal,cbse-board,comp-cbse-board-cls10-regionallang,2026,2026,Class 10 Annual Exam,Hindi Theory Paper,Hindi Course A,Secondary Foundation Practice,single_mcq,"hi,en",Bilingual (Hindi & English),1,Shift 1,Set A,HUMAN_CURATED,key-standard,syl-cbse-board-2026,NOT_VERIFIED,NOT_VERIFIED,HISTORICAL_VERIFIED,PRACTICE_ELIGIBLE
q-hy-hi-0008,src-cbse-board-portal,cbse-board,comp-cbse-board-cls10-regionallang,2026,2026,Class 10 Annual Exam,Hindi Theory Paper,Hindi Course A,Secondary Foundation Practice,single_mcq,"hi,en",Bilingual (Hindi & English),1,Shift 1,Set A,HUMAN_CURATED,key-standard,syl-cbse-board-2026,NOT_VERIFIED,NOT_VERIFIED,HISTORICAL_VERIFIED,PRACTICE_ELIGIBLE
q-hy-hi-0009,src-cbse-board-portal,cbse-board,comp-cbse-board-cls10-regionallang,2026,2026,Class 10 Annual Exam,Hindi Theory Paper,Hindi Course A,Secondary Foundation Practice,single_mcq,"hi,en",Bilingual (Hindi & English),1,Shift 1,Set A,HUMAN_CURATED,key-standard,syl-cbse-board-2026,NOT_VERIFIED,NOT_VERIFIED,HISTORICAL_VERIFIED,PRACTICE_ELIGIBLE
q-hy-hi-0010,src-cbse-board-portal,cbse-board,comp-cbse-board-cls10-regionallang,2026,2026,Class 10 Annual Exam,Hindi Theory Paper,Hindi Course A,Secondary Foundation Practice,single_mcq,"hi,en",Bilingual (Hindi & English),1,Shift 1,Set A,HUMAN_CURATED,key-standard,syl-cbse-board-2026,NOT_VERIFIED,NOT_VERIFIED,HISTORICAL_VERIFIED,PRACTICE_ELIGIBLE
q-hy-hi-0011,src-cbse-board-portal,cbse-board,comp-cbse-board-cls10-regionallang,2026,2026,Class 10 Annual Exam,Hindi Theory Paper,Hindi Course A,Secondary Foundation Practice,single_mcq,"hi,en",Bilingual (Hindi & English),1,Shift 1,Set A,HUMAN_CURATED,key-standard,syl-cbse-board-2026,NOT_VERIFIED,NOT_VERIFIED,HISTORICAL_VERIFIED,PRACTICE_ELIGIBLE
q-hy-hi-0012,src-cbse-board-portal,cbse-board,comp-cbse-board-cls10-regionallang,2026,2026,Class 10 Annual Exam,Hindi Theory Paper,Hindi Course A,Secondary Foundation Practice,single_mcq,"hi,en",Bilingual (Hindi & English),1,Shift 1,Set A,HUMAN_CURATED,key-standard,syl-cbse-board-2026,NOT_VERIFIED,NOT_VERIFIED,HISTORICAL_VERIFIED,PRACTICE_ELIGIBLE
q-hy-hi-0013,src-cbse-board-portal,cbse-board,comp-cbse-board-cls10-regionallang,2026,2026,Class 10 Annual Exam,Hindi Theory Paper,Hindi Course A,Secondary Foundation Practice,single_mcq,"hi,en",Bilingual (Hindi & English),1,Shift 1,Set A,HUMAN_CURATED,key-standard,syl-cbse-board-2026,NOT_VERIFIED,NOT_VERIFIED,HISTORICAL_VERIFIED,PRACTICE_ELIGIBLE
q-hy-hi-0014,src-cbse-board-portal,cbse-board,comp-cbse-board-cls10-regionallang,2026,2026,Class 10 Annual Exam,Hindi Theory Paper,Hindi Course A,Secondary Foundation Practice,single_mcq,"hi,en",Bilingual (Hindi & English),1,Shift 1,Set A,HUMAN_CURATED,key-standard,syl-cbse-board-2026,NOT_VERIFIED,NOT_VERIFIED,HISTORICAL_VERIFIED,PRACTICE_ELIGIBLE
q-hy-hi-0015,src-cbse-board-portal,cbse-board,comp-cbse-board-cls10-regionallang,2026,2026,Class 10 Annual Exam,Hindi Theory Paper,Hindi Course A,Secondary Foundation Practice,single_mcq,"hi,en",Bilingual (Hindi & English),1,Shift 1,Set A,HUMAN_CURATED,key-standard,syl-cbse-board-2026,NOT_VERIFIED,NOT_VERIFIED,HISTORICAL_VERIFIED,PRACTICE_ELIGIBLE
q-hy-hi-0016,src-cbse-board-portal,cbse-board,comp-cbse-board-cls10-regionallang,2026,2026,Class 10 Annual Exam,Hindi Theory Paper,Hindi Course A,Secondary Foundation Practice,single_mcq,"hi,en",Bilingual (Hindi & English),1,Shift 1,Set A,HUMAN_CURATED,key-standard,syl-cbse-board-2026,NOT_VERIFIED,NOT_VERIFIED,HISTORICAL_VERIFIED,PRACTICE_ELIGIBLE
q-hy-hi-0017,src-cbse-board-portal,cbse-board,comp-cbse-board-cls10-regionallang,2026,2026,Class 10 Annual Exam,Hindi Theory Paper,Hindi Course A,Secondary Foundation Practice,single_mcq,"hi,en",Bilingual (Hindi & English),1,Shift 1,Set A,HUMAN_CURATED,key-standard,syl-cbse-board-2026,NOT_VERIFIED,NOT_VERIFIED,HISTORICAL_VERIFIED,PRACTICE_ELIGIBLE
q-hy-hi-0018,src-cbse-board-portal,cbse-board,comp-cbse-board-cls10-regionallang,2026,2026,Class 10 Annual Exam,Hindi Theory Paper,Hindi Course A,Secondary Foundation Practice,single_mcq,"hi,en",Bilingual (Hindi & English),1,Shift 1,Set A,HUMAN_CURATED,key-standard,syl-cbse-board-2026,NOT_VERIFIED,NOT_VERIFIED,HISTORICAL_VERIFIED,PRACTICE_ELIGIBLE
q-hy-hi-0019,src-cbse-board-portal,cbse-board,comp-cbse-board-cls10-regionallang,2026,2026,Class 10 Annual Exam,Hindi Theory Paper,Hindi Course A,Secondary Foundation Practice,single_mcq,"hi,en",Bilingual (Hindi & English),1,Shift 1,Set A,HUMAN_CURATED,key-standard,syl-cbse-board-2026,NOT_VERIFIED,NOT_VERIFIED,HISTORICAL_VERIFIED,PRACTICE_ELIGIBLE
q-hy-hi-0020,src-cbse-board-portal,cbse-board,comp-cbse-board-cls10-regionallang,2026,2026,Class 10 Annual Exam,Hindi Theory Paper,Hindi Course A,Secondary Foundation Practice,single_mcq,"hi,en",Bilingual (Hindi & English),1,Shift 1,Set A,HUMAN_CURATED,key-standard,syl-cbse-board-2026,NOT_VERIFIED,NOT_VERIFIED,HISTORICAL_VERIFIED,PRACTICE_ELIGIBLE
q-hy-hi-0021,src-cbse-board-portal,cbse-board,comp-cbse-board-cls10-regionallang,2026,2026,Class 10 Annual Exam,Hindi Theory Paper,Hindi Course A,Secondary Foundation Practice,single_mcq,"hi,en",Bilingual (Hindi & English),1,Shift 1,Set A,HUMAN_CURATED,key-standard,syl-cbse-board-2026,NOT_VERIFIED,NOT_VERIFIED,HISTORICAL_VERIFIED,PRACTICE_ELIGIBLE
q-hy-hi-0022,src-cbse-board-portal,cbse-board,comp-cbse-board-cls10-regionallang,2026,2026,Class 10 Annual Exam,Hindi Theory Paper,Hindi Course A,Secondary Foundation Practice,single_mcq,"hi,en",Bilingual (Hindi & English),1,Shift 1,Set A,HUMAN_CURATED,key-standard,syl-cbse-board-2026,NOT_VERIFIED,NOT_VERIFIED,HISTORICAL_VERIFIED,PRACTICE_ELIGIBLE
q-hy-hi-0023,src-cbse-board-portal,cbse-board,comp-cbse-board-cls10-regionallang,2026,2026,Class 10 Annual Exam,Hindi Theory Paper,Hindi Course A,Secondary Foundation Practice,single_mcq,"hi,en",Bilingual (Hindi & English),1,Shift 1,Set A,HUMAN_CURATED,key-standard,syl-cbse-board-2026,NOT_VERIFIED,NOT_VERIFIED,HISTORICAL_VERIFIED,PRACTICE_ELIGIBLE
q-hy-hi-0024,src-cbse-board-portal,cbse-board,comp-cbse-board-cls10-regionallang,2026,2026,Class 10 Annual Exam,Hindi Theory Paper,Hindi Course A,Secondary Foundation Practice,single_mcq,"hi,en",Bilingual (Hindi & English),1,Shift 1,Set A,HUMAN_CURATED,key-standard,syl-cbse-board-2026,NOT_VERIFIED,NOT_VERIFIED,HISTORICAL_VERIFIED,PRACTICE_ELIGIBLE
q-hy-hi-0025,src-cbse-board-portal,cbse-board,comp-cbse-board-cls10-regionallang,2026,2026,Class 10 Annual Exam,Hindi Theory Paper,Hindi Course A,Secondary Foundation Practice,single_mcq,"hi,en",Bilingual (Hindi & English),1,Shift 1,Set A,HUMAN_CURATED,key-standard,syl-cbse-board-2026,NOT_VERIFIED,NOT_VERIFIED,HISTORICAL_VERIFIED,PRACTICE_ELIGIBLE
q-hy-hi-0026,src-cbse-board-portal,cbse-board,comp-cbse-board-cls10-regionallang,2026,2026,Class 10 Annual Exam,Hindi Theory Paper,Hindi Course A,Secondary Foundation Practice,single_mcq,"hi,en",Bilingual (Hindi & English),1,Shift 1,Set A,HUMAN_CURATED,key-standard,syl-cbse-board-2026,NOT_VERIFIED,NOT_VERIFIED,HISTORICAL_VERIFIED,PRACTICE_ELIGIBLE
q-hy-hi-0027,src-cbse-board-portal,cbse-board,comp-cbse-board-cls10-regionallang,2026,2026,Class 10 Annual Exam,Hindi Theory Paper,Hindi Course A,Secondary Foundation Practice,single_mcq,"hi,en",Bilingual (Hindi & English),1,Shift 1,Set A,HUMAN_CURATED,key-standard,syl-cbse-board-2026,NOT_VERIFIED,NOT_VERIFIED,HISTORICAL_VERIFIED,PRACTICE_ELIGIBLE
q-hy-hi-0028,src-cbse-board-portal,cbse-board,comp-cbse-board-cls10-regionallang,2026,2026,Class 10 Annual Exam,Hindi Theory Paper,Hindi Course A,Secondary Foundation Practice,single_mcq,"hi,en",Bilingual (Hindi & English),1,Shift 1,Set A,HUMAN_CURATED,key-standard,syl-cbse-board-2026,NOT_VERIFIED,NOT_VERIFIED,HISTORICAL_VERIFIED,PRACTICE_ELIGIBLE
q-hy-hi-0029,src-cbse-board-portal,cbse-board,comp-cbse-board-cls10-regionallang,2026,2026,Class 10 Annual Exam,Hindi Theory Paper,Hindi Course A,Secondary Foundation Practice,single_mcq,"hi,en",Bilingual (Hindi & English),1,Shift 1,Set A,HUMAN_CURATED,key-standard,syl-cbse-board-2026,NOT_VERIFIED,NOT_VERIFIED,HISTORICAL_VERIFIED,PRACTICE_ELIGIBLE
q-hy-hi-0030,src-cbse-board-portal,cbse-board,comp-cbse-board-cls10-regionallang,2026,2026,Class 10 Annual Exam,Hindi Theory Paper,Hindi Course A,Secondary Foundation Practice,single_mcq,"hi,en",Bilingual (Hindi & English),1,Shift 1,Set A,HUMAN_CURATED,key-standard,syl-cbse-board-2026,NOT_VERIFIED,NOT_VERIFIED,HISTORICAL_VERIFIED,PRACTICE_ELIGIBLE
q-hy-hi-0031,src-cbse-board-portal,cbse-board,comp-cbse-board-cls10-regionallang,2026,2026,Class 10 Annual Exam,Hindi Theory Paper,Hindi Course A,Secondary Foundation Practice,single_mcq,"hi,en",Bilingual (Hindi & English),1,Shift 1,Set A,HUMAN_CURATED,key-standard,syl-cbse-board-2026,NOT_VERIFIED,NOT_VERIFIED,HISTORICAL_VERIFIED,PRACTICE_ELIGIBLE
q-hy-hi-0032,src-cbse-board-portal,cbse-board,comp-cbse-board-cls10-regionallang,2026,2026,Class 10 Annual Exam,Hindi Theory Paper,Hindi Course A,Secondary Foundation Practice,single_mcq,"hi,en",Bilingual (Hindi & English),1,Shift 1,Set A,HUMAN_CURATED,key-standard,syl-cbse-board-2026,NOT_VERIFIED,NOT_VERIFIED,HISTORICAL_VERIFIED,PRACTICE_ELIGIBLE
q-hy-hi-0033,src-cbse-board-portal,cbse-board,comp-cbse-board-cls10-regionallang,2026,2026,Class 10 Annual Exam,Hindi Theory Paper,Hindi Course A,Secondary Foundation Practice,single_mcq,"hi,en",Bilingual (Hindi & English),1,Shift 1,Set A,HUMAN_CURATED,key-standard,syl-cbse-board-2026,NOT_VERIFIED,NOT_VERIFIED,HISTORICAL_VERIFIED,PRACTICE_ELIGIBLE
q-hy-hi-0034,src-cbse-board-portal,cbse-board,comp-cbse-board-cls10-regionallang,2026,2026,Class 10 Annual Exam,Hindi Theory Paper,Hindi Course A,Secondary Foundation Practice,single_mcq,"hi,en",Bilingual (Hindi & English),1,Shift 1,Set A,HUMAN_CURATED,key-standard,syl-cbse-board-2026,NOT_VERIFIED,NOT_VERIFIED,HISTORICAL_VERIFIED,PRACTICE_ELIGIBLE
q-hy-hi-0035,src-cbse-board-portal,cbse-board,comp-cbse-board-cls10-regionallang,2026,2026,Class 10 Annual Exam,Hindi Theory Paper,Hindi Course A,Secondary Foundation Practice,single_mcq,"hi,en",Bilingual (Hindi & English),1,Shift 1,Set A,HUMAN_CURATED,key-standard,syl-cbse-board-2026,NOT_VERIFIED,NOT_VERIFIED,HISTORICAL_VERIFIED,PRACTICE_ELIGIBLE
q-hy-hi-0036,src-cbse-board-portal,cbse-board,comp-cbse-board-cls10-regionallang,2026,2026,Class 10 Annual Exam,Hindi Theory Paper,Hindi Course A,Secondary Foundation Practice,single_mcq,"hi,en",Bilingual (Hindi & English),1,Shift 1,Set A,HUMAN_CURATED,key-standard,syl-cbse-board-2026,NOT_VERIFIED,NOT_VERIFIED,HISTORICAL_VERIFIED,PRACTICE_ELIGIBLE
q-hy-hi-0037,src-cbse-board-portal,cbse-board,comp-cbse-board-cls10-regionallang,2026,2026,Class 10 Annual Exam,Hindi Theory Paper,Hindi Course A,Secondary Foundation Practice,single_mcq,"hi,en",Bilingual (Hindi & English),1,Shift 1,Set A,HUMAN_CURATED,key-standard,syl-cbse-board-2026,NOT_VERIFIED,NOT_VERIFIED,HISTORICAL_VERIFIED,PRACTICE_ELIGIBLE
q-hy-hi-0038,src-cbse-board-portal,cbse-board,comp-cbse-board-cls10-regionallang,2026,2026,Class 10 Annual Exam,Hindi Theory Paper,Hindi Course A,Secondary Foundation Practice,single_mcq,"hi,en",Bilingual (Hindi & English),1,Shift 1,Set A,HUMAN_CURATED,key-standard,syl-cbse-board-2026,NOT_VERIFIED,NOT_VERIFIED,HISTORICAL_VERIFIED,PRACTICE_ELIGIBLE
q-hy-hi-0039,src-cbse-board-portal,cbse-board,comp-cbse-board-cls10-regionallang,2026,2026,Class 10 Annual Exam,Hindi Theory Paper,Hindi Course A,Secondary Foundation Practice,single_mcq,"hi,en",Bilingual (Hindi & English),1,Shift 1,Set A,HUMAN_CURATED,key-standard,syl-cbse-board-2026,NOT_VERIFIED,NOT_VERIFIED,HISTORICAL_VERIFIED,PRACTICE_ELIGIBLE
q-hy-hi-0040,src-cbse-board-portal,cbse-board,comp-cbse-board-cls10-regionallang,2026,2026,Class 10 Annual Exam,Hindi Theory Paper,Hindi Course A,Secondary Foundation Practice,single_mcq,"hi,en",Bilingual (Hindi & English),1,Shift 1,Set A,HUMAN_CURATED,key-standard,syl-cbse-board-2026,NOT_VERIFIED,NOT_VERIFIED,HISTORICAL_VERIFIED,PRACTICE_ELIGIBLE
q-hy-hi-0041,src-cbse-board-portal,cbse-board,comp-cbse-board-cls10-regionallang,2026,2026,Class 10 Annual Exam,Hindi Theory Paper,Hindi Course A,Secondary Foundation Practice,single_mcq,"hi,en",Bilingual (Hindi & English),1,Shift 1,Set A,HUMAN_CURATED,key-standard,syl-cbse-board-2026,NOT_VERIFIED,NOT_VERIFIED,HISTORICAL_VERIFIED,PRACTICE_ELIGIBLE
q-hy-hi-0042,src-cbse-board-portal,cbse-board,comp-cbse-board-cls10-regionallang,2026,2026,Class 10 Annual Exam,Hindi Theory Paper,Hindi Course A,Secondary Foundation Practice,single_mcq,"hi,en",Bilingual (Hindi & English),1,Shift 1,Set A,HUMAN_CURATED,key-standard,syl-cbse-board-2026,NOT_VERIFIED,NOT_VERIFIED,HISTORICAL_VERIFIED,PRACTICE_ELIGIBLE
q-hy-hi-0043,src-cbse-board-portal,cbse-board,comp-cbse-board-cls10-regionallang,2026,2026,Class 10 Annual Exam,Hindi Theory Paper,Hindi Course A,Secondary Foundation Practice,single_mcq,"hi,en",Bilingual (Hindi & English),1,Shift 1,Set A,HUMAN_CURATED,key-standard,syl-cbse-board-2026,NOT_VERIFIED,NOT_VERIFIED,HISTORICAL_VERIFIED,PRACTICE_ELIGIBLE
q-hy-hi-0044,src-cbse-board-portal,cbse-board,comp-cbse-board-cls10-regionallang,2026,2026,Class 10 Annual Exam,Hindi Theory Paper,Hindi Course A,Secondary Foundation Practice,single_mcq,"hi,en",Bilingual (Hindi & English),1,Shift 1,Set A,HUMAN_CURATED,key-standard,syl-cbse-board-2026,NOT_VERIFIED,NOT_VERIFIED,HISTORICAL_VERIFIED,PRACTICE_ELIGIBLE
q-hy-hi-0045,src-cbse-board-portal,cbse-board,comp-cbse-board-cls10-regionallang,2026,2026,Class 10 Annual Exam,Hindi Theory Paper,Hindi Course A,Secondary Foundation Practice,single_mcq,"hi,en",Bilingual (Hindi & English),1,Shift 1,Set A,HUMAN_CURATED,key-standard,syl-cbse-board-2026,NOT_VERIFIED,NOT_VERIFIED,HISTORICAL_VERIFIED,PRACTICE_ELIGIBLE
q-hy-hi-0046,src-cbse-board-portal,cbse-board,comp-cbse-board-cls10-regionallang,2026,2026,Class 10 Annual Exam,Hindi Theory Paper,Hindi Course A,Secondary Foundation Practice,single_mcq,"hi,en",Bilingual (Hindi & English),1,Shift 1,Set A,HUMAN_CURATED,key-standard,syl-cbse-board-2026,NOT_VERIFIED,NOT_VERIFIED,HISTORICAL_VERIFIED,PRACTICE_ELIGIBLE
q-hy-hi-0047,src-cbse-board-portal,cbse-board,comp-cbse-board-cls10-regionallang,2026,2026,Class 10 Annual Exam,Hindi Theory Paper,Hindi Course A,Secondary Foundation Practice,single_mcq,"hi,en",Bilingual (Hindi & English),1,Shift 1,Set A,HUMAN_CURATED,key-standard,syl-cbse-board-2026,NOT_VERIFIED,NOT_VERIFIED,HISTORICAL_VERIFIED,PRACTICE_ELIGIBLE
q-hy-hi-0048,src-cbse-board-portal,cbse-board,comp-cbse-board-cls10-regionallang,2026,2026,Class 10 Annual Exam,Hindi Theory Paper,Hindi Course A,Secondary Foundation Practice,single_mcq,"hi,en",Bilingual (Hindi & English),1,Shift 1,Set A,HUMAN_CURATED,key-standard,syl-cbse-board-2026,NOT_VERIFIED,NOT_VERIFIED,HISTORICAL_VERIFIED,PRACTICE_ELIGIBLE
q-hy-hi-0049,src-cbse-board-portal,cbse-board,comp-cbse-board-cls10-regionallang,2026,2026,Class 10 Annual Exam,Hindi Theory Paper,Hindi Course A,Secondary Foundation Practice,single_mcq,"hi,en",Bilingual (Hindi & English),1,Shift 1,Set A,HUMAN_CURATED,key-standard,syl-cbse-board-2026,NOT_VERIFIED,NOT_VERIFIED,HISTORICAL_VERIFIED,PRACTICE_ELIGIBLE
q-hy-hi-0050,src-cbse-board-portal,cbse-board,comp-cbse-board-cls10-regionallang,2026,2026,Class 10 Annual Exam,Hindi Theory Paper,Hindi Course A,Secondary Foundation Practice,single_mcq,"hi,en",Bilingual (Hindi & English),1,Shift 1,Set A,HUMAN_CURATED,key-standard,syl-cbse-board-2026,NOT_VERIFIED,NOT_VERIFIED,HISTORICAL_VERIFIED,PRACTICE_ELIGIBLE
q-hy-hi-0051,src-cbse-board-portal,cbse-board,comp-cbse-board-cls10-regionallang,2026,2026,Class 10 Annual Exam,Hindi Theory Paper,Hindi Course A,Secondary Foundation Practice,single_mcq,"hi,en",Bilingual (Hindi & English),1,Shift 1,Set A,HUMAN_CURATED,key-standard,syl-cbse-board-2026,NOT_VERIFIED,NOT_VERIFIED,HISTORICAL_VERIFIED,PRACTICE_ELIGIBLE
q-hy-hi-0052,src-cbse-board-portal,cbse-board,comp-cbse-board-cls10-regionallang,2026,2026,Class 10 Annual Exam,Hindi Theory Paper,Hindi Course A,Secondary Foundation Practice,single_mcq,"hi,en",Bilingual (Hindi & English),1,Shift 1,Set A,HUMAN_CURATED,key-standard,syl-cbse-board-2026,NOT_VERIFIED,NOT_VERIFIED,HISTORICAL_VERIFIED,PRACTICE_ELIGIBLE
q-hy-hi-0053,src-cbse-board-portal,cbse-board,comp-cbse-board-cls10-regionallang,2026,2026,Class 10 Annual Exam,Hindi Theory Paper,Hindi Course A,Secondary Foundation Practice,single_mcq,"hi,en",Bilingual (Hindi & English),1,Shift 1,Set A,HUMAN_CURATED,key-standard,syl-cbse-board-2026,NOT_VERIFIED,NOT_VERIFIED,HISTORICAL_VERIFIED,PRACTICE_ELIGIBLE
q-hy-hi-0054,src-cbse-board-portal,cbse-board,comp-cbse-board-cls10-regionallang,2026,2026,Class 10 Annual Exam,Hindi Theory Paper,Hindi Course A,Secondary Foundation Practice,single_mcq,"hi,en",Bilingual (Hindi & English),1,Shift 1,Set A,HUMAN_CURATED,key-standard,syl-cbse-board-2026,NOT_VERIFIED,NOT_VERIFIED,HISTORICAL_VERIFIED,PRACTICE_ELIGIBLE
q-hy-hi-0055,src-cbse-board-portal,cbse-board,comp-cbse-board-cls10-regionallang,2026,2026,Class 10 Annual Exam,Hindi Theory Paper,Hindi Course A,Secondary Foundation Practice,single_mcq,"hi,en",Bilingual (Hindi & English),1,Shift 1,Set A,HUMAN_CURATED,key-standard,syl-cbse-board-2026,NOT_VERIFIED,NOT_VERIFIED,HISTORICAL_VERIFIED,PRACTICE_ELIGIBLE
q-hy-hi-0056,src-cbse-board-portal,cbse-board,comp-cbse-board-cls10-regionallang,2026,2026,Class 10 Annual Exam,Hindi Theory Paper,Hindi Course A,Secondary Foundation Practice,single_mcq,"hi,en",Bilingual (Hindi & English),1,Shift 1,Set A,HUMAN_CURATED,key-standard,syl-cbse-board-2026,NOT_VERIFIED,NOT_VERIFIED,HISTORICAL_VERIFIED,PRACTICE_ELIGIBLE
q-hy-hi-0057,src-cbse-board-portal,cbse-board,comp-cbse-board-cls10-regionallang,2026,2026,Class 10 Annual Exam,Hindi Theory Paper,Hindi Course A,Secondary Foundation Practice,single_mcq,"hi,en",Bilingual (Hindi & English),1,Shift 1,Set A,HUMAN_CURATED,key-standard,syl-cbse-board-2026,NOT_VERIFIED,NOT_VERIFIED,HISTORICAL_VERIFIED,PRACTICE_ELIGIBLE
q-hy-hi-0058,src-cbse-board-portal,cbse-board,comp-cbse-board-cls10-regionallang,2026,2026,Class 10 Annual Exam,Hindi Theory Paper,Hindi Course A,Secondary Foundation Practice,single_mcq,"hi,en",Bilingual (Hindi & English),1,Shift 1,Set A,HUMAN_CURATED,key-standard,syl-cbse-board-2026,NOT_VERIFIED,NOT_VERIFIED,HISTORICAL_VERIFIED,PRACTICE_ELIGIBLE
q-hy-hi-0059,src-cbse-board-portal,cbse-board,comp-cbse-board-cls10-regionallang,2026,2026,Class 10 Annual Exam,Hindi Theory Paper,Hindi Course A,Secondary Foundation Practice,single_mcq,"hi,en",Bilingual (Hindi & English),1,Shift 1,Set A,HUMAN_CURATED,key-standard,syl-cbse-board-2026,NOT_VERIFIED,NOT_VERIFIED,HISTORICAL_VERIFIED,PRACTICE_ELIGIBLE
q-hy-hi-0060,src-cbse-board-portal,cbse-board,comp-cbse-board-cls10-regionallang,2026,2026,Class 10 Annual Exam,Hindi Theory Paper,Hindi Course A,Secondary Foundation Practice,single_mcq,"hi,en",Bilingual (Hindi & English),1,Shift 1,Set A,HUMAN_CURATED,key-standard,syl-cbse-board-2026,NOT_VERIFIED,NOT_VERIFIED,HISTORICAL_VERIFIED,PRACTICE_ELIGIBLE
q-hy-hi-0061,src-cbse-board-portal,cbse-board,comp-cbse-board-cls10-regionallang,2026,2026,Class 10 Annual Exam,Hindi Theory Paper,Hindi Course A,Secondary Foundation Practice,single_mcq,"hi,en",Bilingual (Hindi & English),1,Shift 1,Set A,HUMAN_CURATED,key-standard,syl-cbse-board-2026,NOT_VERIFIED,NOT_VERIFIED,HISTORICAL_VERIFIED,PRACTICE_ELIGIBLE
q-hy-hi-0062,src-cbse-board-portal,cbse-board,comp-cbse-board-cls10-regionallang,2026,2026,Class 10 Annual Exam,Hindi Theory Paper,Hindi Course A,Secondary Foundation Practice,single_mcq,"hi,en",Bilingual (Hindi & English),1,Shift 1,Set A,HUMAN_CURATED,key-standard,syl-cbse-board-2026,NOT_VERIFIED,NOT_VERIFIED,HISTORICAL_VERIFIED,PRACTICE_ELIGIBLE
q-hy-hi-0063,src-cbse-board-portal,cbse-board,comp-cbse-board-cls10-regionallang,2026,2026,Class 10 Annual Exam,Hindi Theory Paper,Hindi Course A,Secondary Foundation Practice,single_mcq,"hi,en",Bilingual (Hindi & English),1,Shift 1,Set A,HUMAN_CURATED,key-standard,syl-cbse-board-2026,NOT_VERIFIED,NOT_VERIFIED,HISTORICAL_VERIFIED,PRACTICE_ELIGIBLE
q-hy-hi-0064,src-cbse-board-portal,cbse-board,comp-cbse-board-cls10-regionallang,2026,2026,Class 10 Annual Exam,Hindi Theory Paper,Hindi Course A,Secondary Foundation Practice,single_mcq,"hi,en",Bilingual (Hindi & English),1,Shift 1,Set A,HUMAN_CURATED,key-standard,syl-cbse-board-2026,NOT_VERIFIED,NOT_VERIFIED,HISTORICAL_VERIFIED,PRACTICE_ELIGIBLE
q-hy-hi-0065,src-cbse-board-portal,cbse-board,comp-cbse-board-cls10-regionallang,2026,2026,Class 10 Annual Exam,Hindi Theory Paper,Hindi Course A,Secondary Foundation Practice,single_mcq,"hi,en",Bilingual (Hindi & English),1,Shift 1,Set A,HUMAN_CURATED,key-standard,syl-cbse-board-2026,NOT_VERIFIED,NOT_VERIFIED,HISTORICAL_VERIFIED,PRACTICE_ELIGIBLE
q-hy-hi-0066,src-cbse-board-portal,cbse-board,comp-cbse-board-cls10-regionallang,2026,2026,Class 10 Annual Exam,Hindi Theory Paper,Hindi Course A,Secondary Foundation Practice,single_mcq,"hi,en",Bilingual (Hindi & English),1,Shift 1,Set A,HUMAN_CURATED,key-standard,syl-cbse-board-2026,NOT_VERIFIED,NOT_VERIFIED,HISTORICAL_VERIFIED,PRACTICE_ELIGIBLE
q-hy-hi-0067,src-cbse-board-portal,cbse-board,comp-cbse-board-cls10-regionallang,2026,2026,Class 10 Annual Exam,Hindi Theory Paper,Hindi Course A,Secondary Foundation Practice,single_mcq,"hi,en",Bilingual (Hindi & English),1,Shift 1,Set A,HUMAN_CURATED,key-standard,syl-cbse-board-2026,NOT_VERIFIED,NOT_VERIFIED,HISTORICAL_VERIFIED,PRACTICE_ELIGIBLE
q-hy-hi-0068,src-cbse-board-portal,cbse-board,comp-cbse-board-cls10-regionallang,2026,2026,Class 10 Annual Exam,Hindi Theory Paper,Hindi Course A,Secondary Foundation Practice,single_mcq,"hi,en",Bilingual (Hindi & English),1,Shift 1,Set A,HUMAN_CURATED,key-standard,syl-cbse-board-2026,NOT_VERIFIED,NOT_VERIFIED,HISTORICAL_VERIFIED,PRACTICE_ELIGIBLE
q-hy-hi-0069,src-cbse-board-portal,cbse-board,comp-cbse-board-cls10-regionallang,2026,2026,Class 10 Annual Exam,Hindi Theory Paper,Hindi Course A,Secondary Foundation Practice,single_mcq,"hi,en",Bilingual (Hindi & English),1,Shift 1,Set A,HUMAN_CURATED,key-standard,syl-cbse-board-2026,NOT_VERIFIED,NOT_VERIFIED,HISTORICAL_VERIFIED,PRACTICE_ELIGIBLE
q-hy-hi-0070,src-cbse-board-portal,cbse-board,comp-cbse-board-cls10-regionallang,2026,2026,Class 10 Annual Exam,Hindi Theory Paper,Hindi Course A,Secondary Foundation Practice,single_mcq,"hi,en",Bilingual (Hindi & English),1,Shift 1,Set A,HUMAN_CURATED,key-standard,syl-cbse-board-2026,NOT_VERIFIED,NOT_VERIFIED,HISTORICAL_VERIFIED,PRACTICE_ELIGIBLE
q-hy-hi-0071,src-cbse-board-portal,cbse-board,comp-cbse-board-cls10-regionallang,2026,2026,Class 10 Annual Exam,Hindi Theory Paper,Hindi Course A,Secondary Foundation Practice,single_mcq,"hi,en",Bilingual (Hindi & English),1,Shift 1,Set A,HUMAN_CURATED,key-standard,syl-cbse-board-2026,NOT_VERIFIED,NOT_VERIFIED,HISTORICAL_VERIFIED,PRACTICE_ELIGIBLE
q-hy-hi-0072,src-cbse-board-portal,cbse-board,comp-cbse-board-cls10-regionallang,2026,2026,Class 10 Annual Exam,Hindi Theory Paper,Hindi Course A,Secondary Foundation Practice,single_mcq,"hi,en",Bilingual (Hindi & English),1,Shift 1,Set A,HUMAN_CURATED,key-standard,syl-cbse-board-2026,NOT_VERIFIED,NOT_VERIFIED,HISTORICAL_VERIFIED,PRACTICE_ELIGIBLE
q-hy-hi-0073,src-cbse-board-portal,cbse-board,comp-cbse-board-cls10-regionallang,2026,2026,Class 10 Annual Exam,Hindi Theory Paper,Hindi Course A,Secondary Foundation Practice,single_mcq,"hi,en",Bilingual (Hindi & English),1,Shift 1,Set A,HUMAN_CURATED,key-standard,syl-cbse-board-2026,NOT_VERIFIED,NOT_VERIFIED,HISTORICAL_VERIFIED,PRACTICE_ELIGIBLE
q-hy-hi-0074,src-cbse-board-portal,cbse-board,comp-cbse-board-cls10-regionallang,2026,2026,Class 10 Annual Exam,Hindi Theory Paper,Hindi Course A,Secondary Foundation Practice,single_mcq,"hi,en",Bilingual (Hindi & English),1,Shift 1,Set A,HUMAN_CURATED,key-standard,syl-cbse-board-2026,NOT_VERIFIED,NOT_VERIFIED,HISTORICAL_VERIFIED,PRACTICE_ELIGIBLE
q-hy-hi-0075,src-cbse-board-portal,cbse-board,comp-cbse-board-cls10-regionallang,2026,2026,Class 10 Annual Exam,Hindi Theory Paper,Hindi Course A,Secondary Foundation Practice,single_mcq,"hi,en",Bilingual (Hindi & English),1,Shift 1,Set A,HUMAN_CURATED,key-standard,syl-cbse-board-2026,NOT_VERIFIED,NOT_VERIFIED,HISTORICAL_VERIFIED,PRACTICE_ELIGIBLE
q-hy-hi-0076,src-cbse-board-portal,cbse-board,comp-cbse-board-cls10-regionallang,2026,2026,Class 10 Annual Exam,Hindi Theory Paper,Hindi Course A,Secondary Foundation Practice,single_mcq,"hi,en",Bilingual (Hindi & English),1,Shift 1,Set A,HUMAN_CURATED,key-standard,syl-cbse-board-2026,NOT_VERIFIED,NOT_VERIFIED,HISTORICAL_VERIFIED,PRACTICE_ELIGIBLE
q-hy-hi-0077,src-cbse-board-portal,cbse-board,comp-cbse-board-cls10-regionallang,2026,2026,Class 10 Annual Exam,Hindi Theory Paper,Hindi Course A,Secondary Foundation Practice,single_mcq,"hi,en",Bilingual (Hindi & English),1,Shift 1,Set A,HUMAN_CURATED,key-standard,syl-cbse-board-2026,NOT_VERIFIED,NOT_VERIFIED,HISTORICAL_VERIFIED,PRACTICE_ELIGIBLE
q-hy-hi-0078,src-cbse-board-portal,cbse-board,comp-cbse-board-cls10-regionallang,2026,2026,Class 10 Annual Exam,Hindi Theory Paper,Hindi Course A,Secondary Foundation Practice,single_mcq,"hi,en",Bilingual (Hindi & English),1,Shift 1,Set A,HUMAN_CURATED,key-standard,syl-cbse-board-2026,NOT_VERIFIED,NOT_VERIFIED,HISTORICAL_VERIFIED,PRACTICE_ELIGIBLE
q-hy-hi-0079,src-cbse-board-portal,cbse-board,comp-cbse-board-cls10-regionallang,2026,2026,Class 10 Annual Exam,Hindi Theory Paper,Hindi Course A,Secondary Foundation Practice,single_mcq,"hi,en",Bilingual (Hindi & English),1,Shift 1,Set A,HUMAN_CURATED,key-standard,syl-cbse-board-2026,NOT_VERIFIED,NOT_VERIFIED,HISTORICAL_VERIFIED,PRACTICE_ELIGIBLE
q-hy-hi-0080,src-cbse-board-portal,cbse-board,comp-cbse-board-cls10-regionallang,2026,2026,Class 10 Annual Exam,Hindi Theory Paper,Hindi Course A,Secondary Foundation Practice,single_mcq,"hi,en",Bilingual (Hindi & English),1,Shift 1,Set A,HUMAN_CURATED,key-standard,syl-cbse-board-2026,NOT_VERIFIED,NOT_VERIFIED,HISTORICAL_VERIFIED,PRACTICE_ELIGIBLE
q-hy-hi-0081,src-cbse-board-portal,cbse-board,comp-cbse-board-cls10-regionallang,2026,2026,Class 10 Annual Exam,Hindi Theory Paper,Hindi Course A,Secondary Foundation Practice,single_mcq,"hi,en",Bilingual (Hindi & English),1,Shift 1,Set A,HUMAN_CURATED,key-standard,syl-cbse-board-2026,NOT_VERIFIED,NOT_VERIFIED,HISTORICAL_VERIFIED,PRACTICE_ELIGIBLE
q-hy-hi-0082,src-cbse-board-portal,cbse-board,comp-cbse-board-cls10-regionallang,2026,2026,Class 10 Annual Exam,Hindi Theory Paper,Hindi Course A,Secondary Foundation Practice,single_mcq,"hi,en",Bilingual (Hindi & English),1,Shift 1,Set A,HUMAN_CURATED,key-standard,syl-cbse-board-2026,NOT_VERIFIED,NOT_VERIFIED,HISTORICAL_VERIFIED,PRACTICE_ELIGIBLE
q-hy-hi-0083,src-cbse-board-portal,cbse-board,comp-cbse-board-cls10-regionallang,2026,2026,Class 10 Annual Exam,Hindi Theory Paper,Hindi Course A,Secondary Foundation Practice,single_mcq,"hi,en",Bilingual (Hindi & English),1,Shift 1,Set A,HUMAN_CURATED,key-standard,syl-cbse-board-2026,NOT_VERIFIED,NOT_VERIFIED,HISTORICAL_VERIFIED,PRACTICE_ELIGIBLE
q-hy-hi-0084,src-cbse-board-portal,cbse-board,comp-cbse-board-cls10-regionallang,2026,2026,Class 10 Annual Exam,Hindi Theory Paper,Hindi Course A,Secondary Foundation Practice,single_mcq,"hi,en",Bilingual (Hindi & English),1,Shift 1,Set A,HUMAN_CURATED,key-standard,syl-cbse-board-2026,NOT_VERIFIED,NOT_VERIFIED,HISTORICAL_VERIFIED,PRACTICE_ELIGIBLE
q-hy-hi-0085,src-cbse-board-portal,cbse-board,comp-cbse-board-cls10-regionallang,2026,2026,Class 10 Annual Exam,Hindi Theory Paper,Hindi Course A,Secondary Foundation Practice,single_mcq,"hi,en",Bilingual (Hindi & English),1,Shift 1,Set A,HUMAN_CURATED,key-standard,syl-cbse-board-2026,NOT_VERIFIED,NOT_VERIFIED,HISTORICAL_VERIFIED,PRACTICE_ELIGIBLE
q-hy-math-0001,src-cbse-board-portal,cbse-board,comp-cbse-board-cls10-math,2026,2026,Class 10 Annual Exam,Mathematics Theory Paper,Mathematics,Secondary Foundation Practice,single_mcq,"hi,en",Bilingual (Hindi & English),1,Shift 1,Set A,HUMAN_CURATED,key-standard,syl-cbse-board-2026,NOT_VERIFIED,NOT_VERIFIED,HISTORICAL_VERIFIED,PRACTICE_ELIGIBLE
q-hy-math-0002,src-cbse-board-portal,cbse-board,comp-cbse-board-cls10-math,2026,2026,Class 10 Annual Exam,Mathematics Theory Paper,Mathematics,Secondary Foundation Practice,single_mcq,"hi,en",Bilingual (Hindi & English),1,Shift 1,Set A,HUMAN_CURATED,key-standard,syl-cbse-board-2026,NOT_VERIFIED,NOT_VERIFIED,HISTORICAL_VERIFIED,PRACTICE_ELIGIBLE
q-hy-math-0003,src-cbse-board-portal,cbse-board,comp-cbse-board-cls10-math,2026,2026,Class 10 Annual Exam,Mathematics Theory Paper,Mathematics,Secondary Foundation Practice,single_mcq,"hi,en",Bilingual (Hindi & English),1,Shift 1,Set A,HUMAN_CURATED,key-standard,syl-cbse-board-2026,NOT_VERIFIED,NOT_VERIFIED,HISTORICAL_VERIFIED,PRACTICE_ELIGIBLE
q-hy-math-0004,src-cbse-board-portal,cbse-board,comp-cbse-board-cls10-math,2026,2026,Class 10 Annual Exam,Mathematics Theory Paper,Mathematics,Secondary Foundation Practice,single_mcq,"hi,en",Bilingual (Hindi & English),1,Shift 1,Set A,HUMAN_CURATED,key-standard,syl-cbse-board-2026,NOT_VERIFIED,NOT_VERIFIED,HISTORICAL_VERIFIED,PRACTICE_ELIGIBLE
q-hy-math-0005,src-cbse-board-portal,cbse-board,comp-cbse-board-cls10-math,2026,2026,Class 10 Annual Exam,Mathematics Theory Paper,Mathematics,Secondary Foundation Practice,single_mcq,"hi,en",Bilingual (Hindi & English),1,Shift 1,Set A,HUMAN_CURATED,key-standard,syl-cbse-board-2026,NOT_VERIFIED,NOT_VERIFIED,HISTORICAL_VERIFIED,PRACTICE_ELIGIBLE
q-hy-math-0006,src-cbse-board-portal,cbse-board,comp-cbse-board-cls10-math,2026,2026,Class 10 Annual Exam,Mathematics Theory Paper,Mathematics,Secondary Foundation Practice,single_mcq,"hi,en",Bilingual (Hindi & English),1,Shift 1,Set A,HUMAN_CURATED,key-standard,syl-cbse-board-2026,NOT_VERIFIED,NOT_VERIFIED,HISTORICAL_VERIFIED,PRACTICE_ELIGIBLE
q-hy-math-0007,src-cbse-board-portal,cbse-board,comp-cbse-board-cls10-math,2026,2026,Class 10 Annual Exam,Mathematics Theory Paper,Mathematics,Secondary Foundation Practice,single_mcq,"hi,en",Bilingual (Hindi & English),1,Shift 1,Set A,HUMAN_CURATED,key-standard,syl-cbse-board-2026,NOT_VERIFIED,NOT_VERIFIED,HISTORICAL_VERIFIED,PRACTICE_ELIGIBLE
q-hy-math-0008,src-cbse-board-portal,cbse-board,comp-cbse-board-cls10-math,2026,2026,Class 10 Annual Exam,Mathematics Theory Paper,Mathematics,Secondary Foundation Practice,single_mcq,"hi,en",Bilingual (Hindi & English),1,Shift 1,Set A,HUMAN_CURATED,key-standard,syl-cbse-board-2026,NOT_VERIFIED,NOT_VERIFIED,HISTORICAL_VERIFIED,PRACTICE_ELIGIBLE
q-hy-math-0009,src-cbse-board-portal,cbse-board,comp-cbse-board-cls10-math,2026,2026,Class 10 Annual Exam,Mathematics Theory Paper,Mathematics,Secondary Foundation Practice,single_mcq,"hi,en",Bilingual (Hindi & English),1,Shift 1,Set A,HUMAN_CURATED,key-standard,syl-cbse-board-2026,NOT_VERIFIED,NOT_VERIFIED,HISTORICAL_VERIFIED,PRACTICE_ELIGIBLE
q-hy-math-0010,src-cbse-board-portal,cbse-board,comp-cbse-board-cls10-math,2026,2026,Class 10 Annual Exam,Mathematics Theory Paper,Mathematics,Secondary Foundation Practice,single_mcq,"hi,en",Bilingual (Hindi & English),1,Shift 1,Set A,HUMAN_CURATED,key-standard,syl-cbse-board-2026,NOT_VERIFIED,NOT_VERIFIED,HISTORICAL_VERIFIED,PRACTICE_ELIGIBLE
q-hy-math-0011,src-cbse-board-portal,cbse-board,comp-cbse-board-cls10-math,2026,2026,Class 10 Annual Exam,Mathematics Theory Paper,Mathematics,Secondary Foundation Practice,single_mcq,"hi,en",Bilingual (Hindi & English),1,Shift 1,Set A,HUMAN_CURATED,key-standard,syl-cbse-board-2026,NOT_VERIFIED,NOT_VERIFIED,HISTORICAL_VERIFIED,PRACTICE_ELIGIBLE
q-hy-math-0012,src-cbse-board-portal,cbse-board,comp-cbse-board-cls10-math,2026,2026,Class 10 Annual Exam,Mathematics Theory Paper,Mathematics,Secondary Foundation Practice,single_mcq,"hi,en",Bilingual (Hindi & English),1,Shift 1,Set A,HUMAN_CURATED,key-standard,syl-cbse-board-2026,NOT_VERIFIED,NOT_VERIFIED,HISTORICAL_VERIFIED,PRACTICE_ELIGIBLE
q-hy-math-0013,src-cbse-board-portal,cbse-board,comp-cbse-board-cls10-math,2026,2026,Class 10 Annual Exam,Mathematics Theory Paper,Mathematics,Secondary Foundation Practice,single_mcq,"hi,en",Bilingual (Hindi & English),1,Shift 1,Set A,HUMAN_CURATED,key-standard,syl-cbse-board-2026,NOT_VERIFIED,NOT_VERIFIED,HISTORICAL_VERIFIED,PRACTICE_ELIGIBLE
q-hy-math-0014,src-cbse-board-portal,cbse-board,comp-cbse-board-cls10-math,2026,2026,Class 10 Annual Exam,Mathematics Theory Paper,Mathematics,Secondary Foundation Practice,single_mcq,"hi,en",Bilingual (Hindi & English),1,Shift 1,Set A,HUMAN_CURATED,key-standard,syl-cbse-board-2026,NOT_VERIFIED,NOT_VERIFIED,HISTORICAL_VERIFIED,PRACTICE_ELIGIBLE
q-hy-math-0015,src-cbse-board-portal,cbse-board,comp-cbse-board-cls10-math,2026,2026,Class 10 Annual Exam,Mathematics Theory Paper,Mathematics,Secondary Foundation Practice,single_mcq,"hi,en",Bilingual (Hindi & English),1,Shift 1,Set A,HUMAN_CURATED,key-standard,syl-cbse-board-2026,NOT_VERIFIED,NOT_VERIFIED,HISTORICAL_VERIFIED,PRACTICE_ELIGIBLE
q-hy-math-0016,src-cbse-board-portal,cbse-board,comp-cbse-board-cls10-math,2026,2026,Class 10 Annual Exam,Mathematics Theory Paper,Mathematics,Secondary Foundation Practice,single_mcq,"hi,en",Bilingual (Hindi & English),1,Shift 1,Set A,HUMAN_CURATED,key-standard,syl-cbse-board-2026,NOT_VERIFIED,NOT_VERIFIED,HISTORICAL_VERIFIED,PRACTICE_ELIGIBLE
q-hy-math-0017,src-cbse-board-portal,cbse-board,comp-cbse-board-cls10-math,2026,2026,Class 10 Annual Exam,Mathematics Theory Paper,Mathematics,Secondary Foundation Practice,single_mcq,"hi,en",Bilingual (Hindi & English),1,Shift 1,Set A,HUMAN_CURATED,key-standard,syl-cbse-board-2026,NOT_VERIFIED,NOT_VERIFIED,HISTORICAL_VERIFIED,PRACTICE_ELIGIBLE
q-hy-math-0018,src-cbse-board-portal,cbse-board,comp-cbse-board-cls10-math,2026,2026,Class 10 Annual Exam,Mathematics Theory Paper,Mathematics,Secondary Foundation Practice,single_mcq,"hi,en",Bilingual (Hindi & English),1,Shift 1,Set A,HUMAN_CURATED,key-standard,syl-cbse-board-2026,NOT_VERIFIED,NOT_VERIFIED,HISTORICAL_VERIFIED,PRACTICE_ELIGIBLE
q-hy-math-0019,src-cbse-board-portal,cbse-board,comp-cbse-board-cls10-math,2026,2026,Class 10 Annual Exam,Mathematics Theory Paper,Mathematics,Secondary Foundation Practice,single_mcq,"hi,en",Bilingual (Hindi & English),1,Shift 1,Set A,HUMAN_CURATED,key-standard,syl-cbse-board-2026,NOT_VERIFIED,NOT_VERIFIED,HISTORICAL_VERIFIED,PRACTICE_ELIGIBLE
q-hy-math-0020,src-cbse-board-portal,cbse-board,comp-cbse-board-cls10-math,2026,2026,Class 10 Annual Exam,Mathematics Theory Paper,Mathematics,Secondary Foundation Practice,single_mcq,"hi,en",Bilingual (Hindi & English),1,Shift 1,Set A,HUMAN_CURATED,key-standard,syl-cbse-board-2026,NOT_VERIFIED,NOT_VERIFIED,HISTORICAL_VERIFIED,PRACTICE_ELIGIBLE
q-hy-math-0021,src-cbse-board-portal,cbse-board,comp-cbse-board-cls10-math,2026,2026,Class 10 Annual Exam,Mathematics Theory Paper,Mathematics,Secondary Foundation Practice,single_mcq,"hi,en",Bilingual (Hindi & English),1,Shift 1,Set A,HUMAN_CURATED,key-standard,syl-cbse-board-2026,NOT_VERIFIED,NOT_VERIFIED,HISTORICAL_VERIFIED,PRACTICE_ELIGIBLE
q-hy-math-0022,src-cbse-board-portal,cbse-board,comp-cbse-board-cls10-math,2026,2026,Class 10 Annual Exam,Mathematics Theory Paper,Mathematics,Secondary Foundation Practice,single_mcq,"hi,en",Bilingual (Hindi & English),1,Shift 1,Set A,HUMAN_CURATED,key-standard,syl-cbse-board-2026,NOT_VERIFIED,NOT_VERIFIED,HISTORICAL_VERIFIED,PRACTICE_ELIGIBLE
q-hy-math-0023,src-cbse-board-portal,cbse-board,comp-cbse-board-cls10-math,2026,2026,Class 10 Annual Exam,Mathematics Theory Paper,Mathematics,Secondary Foundation Practice,single_mcq,"hi,en",Bilingual (Hindi & English),1,Shift 1,Set A,HUMAN_CURATED,key-standard,syl-cbse-board-2026,NOT_VERIFIED,NOT_VERIFIED,HISTORICAL_VERIFIED,PRACTICE_ELIGIBLE
q-hy-math-0024,src-cbse-board-portal,cbse-board,comp-cbse-board-cls10-math,2026,2026,Class 10 Annual Exam,Mathematics Theory Paper,Mathematics,Secondary Foundation Practice,single_mcq,"hi,en",Bilingual (Hindi & English),1,Shift 1,Set A,HUMAN_CURATED,key-standard,syl-cbse-board-2026,NOT_VERIFIED,NOT_VERIFIED,HISTORICAL_VERIFIED,PRACTICE_ELIGIBLE
q-hy-math-0025,src-cbse-board-portal,cbse-board,comp-cbse-board-cls10-math,2026,2026,Class 10 Annual Exam,Mathematics Theory Paper,Mathematics,Secondary Foundation Practice,single_mcq,"hi,en",Bilingual (Hindi & English),1,Shift 1,Set A,HUMAN_CURATED,key-standard,syl-cbse-board-2026,NOT_VERIFIED,NOT_VERIFIED,HISTORICAL_VERIFIED,PRACTICE_ELIGIBLE
q-hy-math-0026,src-cbse-board-portal,cbse-board,comp-cbse-board-cls10-math,2026,2026,Class 10 Annual Exam,Mathematics Theory Paper,Mathematics,Secondary Foundation Practice,single_mcq,"hi,en",Bilingual (Hindi & English),1,Shift 1,Set A,HUMAN_CURATED,key-standard,syl-cbse-board-2026,NOT_VERIFIED,NOT_VERIFIED,HISTORICAL_VERIFIED,PRACTICE_ELIGIBLE
q-hy-math-0027,src-cbse-board-portal,cbse-board,comp-cbse-board-cls10-math,2026,2026,Class 10 Annual Exam,Mathematics Theory Paper,Mathematics,Secondary Foundation Practice,single_mcq,"hi,en",Bilingual (Hindi & English),1,Shift 1,Set A,HUMAN_CURATED,key-standard,syl-cbse-board-2026,NOT_VERIFIED,NOT_VERIFIED,HISTORICAL_VERIFIED,PRACTICE_ELIGIBLE
q-hy-math-0028,src-cbse-board-portal,cbse-board,comp-cbse-board-cls10-math,2026,2026,Class 10 Annual Exam,Mathematics Theory Paper,Mathematics,Secondary Foundation Practice,single_mcq,"hi,en",Bilingual (Hindi & English),1,Shift 1,Set A,HUMAN_CURATED,key-standard,syl-cbse-board-2026,NOT_VERIFIED,NOT_VERIFIED,HISTORICAL_VERIFIED,PRACTICE_ELIGIBLE
q-hy-math-0029,src-cbse-board-portal,cbse-board,comp-cbse-board-cls10-math,2026,2026,Class 10 Annual Exam,Mathematics Theory Paper,Mathematics,Secondary Foundation Practice,single_mcq,"hi,en",Bilingual (Hindi & English),1,Shift 1,Set A,HUMAN_CURATED,key-standard,syl-cbse-board-2026,NOT_VERIFIED,NOT_VERIFIED,HISTORICAL_VERIFIED,PRACTICE_ELIGIBLE
q-hy-math-0030,src-cbse-board-portal,cbse-board,comp-cbse-board-cls10-math,2026,2026,Class 10 Annual Exam,Mathematics Theory Paper,Mathematics,Secondary Foundation Practice,single_mcq,"hi,en",Bilingual (Hindi & English),1,Shift 1,Set A,HUMAN_CURATED,key-standard,syl-cbse-board-2026,NOT_VERIFIED,NOT_VERIFIED,HISTORICAL_VERIFIED,PRACTICE_ELIGIBLE
q-hy-math-0031,src-cbse-board-portal,cbse-board,comp-cbse-board-cls10-math,2026,2026,Class 10 Annual Exam,Mathematics Theory Paper,Mathematics,Secondary Foundation Practice,single_mcq,"hi,en",Bilingual (Hindi & English),1,Shift 1,Set A,HUMAN_CURATED,key-standard,syl-cbse-board-2026,NOT_VERIFIED,NOT_VERIFIED,HISTORICAL_VERIFIED,PRACTICE_ELIGIBLE
q-hy-math-0032,src-cbse-board-portal,cbse-board,comp-cbse-board-cls10-math,2026,2026,Class 10 Annual Exam,Mathematics Theory Paper,Mathematics,Secondary Foundation Practice,single_mcq,"hi,en",Bilingual (Hindi & English),1,Shift 1,Set A,HUMAN_CURATED,key-standard,syl-cbse-board-2026,NOT_VERIFIED,NOT_VERIFIED,HISTORICAL_VERIFIED,PRACTICE_ELIGIBLE
q-hy-math-0033,src-cbse-board-portal,cbse-board,comp-cbse-board-cls10-math,2026,2026,Class 10 Annual Exam,Mathematics Theory Paper,Mathematics,Secondary Foundation Practice,single_mcq,"hi,en",Bilingual (Hindi & English),1,Shift 1,Set A,HUMAN_CURATED,key-standard,syl-cbse-board-2026,NOT_VERIFIED,NOT_VERIFIED,HISTORICAL_VERIFIED,PRACTICE_ELIGIBLE
q-hy-math-0034,src-cbse-board-portal,cbse-board,comp-cbse-board-cls10-math,2026,2026,Class 10 Annual Exam,Mathematics Theory Paper,Mathematics,Secondary Foundation Practice,single_mcq,"hi,en",Bilingual (Hindi & English),1,Shift 1,Set A,HUMAN_CURATED,key-standard,syl-cbse-board-2026,NOT_VERIFIED,NOT_VERIFIED,HISTORICAL_VERIFIED,PRACTICE_ELIGIBLE
q-hy-math-0035,src-cbse-board-portal,cbse-board,comp-cbse-board-cls10-math,2026,2026,Class 10 Annual Exam,Mathematics Theory Paper,Mathematics,Secondary Foundation Practice,single_mcq,"hi,en",Bilingual (Hindi & English),1,Shift 1,Set A,HUMAN_CURATED,key-standard,syl-cbse-board-2026,NOT_VERIFIED,NOT_VERIFIED,HISTORICAL_VERIFIED,PRACTICE_ELIGIBLE
q-hy-math-0036,src-cbse-board-portal,cbse-board,comp-cbse-board-cls10-math,2026,2026,Class 10 Annual Exam,Mathematics Theory Paper,Mathematics,Secondary Foundation Practice,single_mcq,"hi,en",Bilingual (Hindi & English),1,Shift 1,Set A,HUMAN_CURATED,key-standard,syl-cbse-board-2026,NOT_VERIFIED,NOT_VERIFIED,HISTORICAL_VERIFIED,PRACTICE_ELIGIBLE
q-hy-math-0037,src-cbse-board-portal,cbse-board,comp-cbse-board-cls10-math,2026,2026,Class 10 Annual Exam,Mathematics Theory Paper,Mathematics,Secondary Foundation Practice,single_mcq,"hi,en",Bilingual (Hindi & English),1,Shift 1,Set A,HUMAN_CURATED,key-standard,syl-cbse-board-2026,NOT_VERIFIED,NOT_VERIFIED,HISTORICAL_VERIFIED,PRACTICE_ELIGIBLE
q-hy-math-0038,src-cbse-board-portal,cbse-board,comp-cbse-board-cls10-math,2026,2026,Class 10 Annual Exam,Mathematics Theory Paper,Mathematics,Secondary Foundation Practice,single_mcq,"hi,en",Bilingual (Hindi & English),1,Shift 1,Set A,HUMAN_CURATED,key-standard,syl-cbse-board-2026,NOT_VERIFIED,NOT_VERIFIED,HISTORICAL_VERIFIED,PRACTICE_ELIGIBLE
q-hy-math-0039,src-cbse-board-portal,cbse-board,comp-cbse-board-cls10-math,2026,2026,Class 10 Annual Exam,Mathematics Theory Paper,Mathematics,Secondary Foundation Practice,single_mcq,"hi,en",Bilingual (Hindi & English),1,Shift 1,Set A,HUMAN_CURATED,key-standard,syl-cbse-board-2026,NOT_VERIFIED,NOT_VERIFIED,HISTORICAL_VERIFIED,PRACTICE_ELIGIBLE
q-hy-math-0040,src-cbse-board-portal,cbse-board,comp-cbse-board-cls10-math,2026,2026,Class 10 Annual Exam,Mathematics Theory Paper,Mathematics,Secondary Foundation Practice,single_mcq,"hi,en",Bilingual (Hindi & English),1,Shift 1,Set A,HUMAN_CURATED,key-standard,syl-cbse-board-2026,NOT_VERIFIED,NOT_VERIFIED,HISTORICAL_VERIFIED,PRACTICE_ELIGIBLE
q-hy-math-0041,src-cbse-board-portal,cbse-board,comp-cbse-board-cls10-math,2026,2026,Class 10 Annual Exam,Mathematics Theory Paper,Mathematics,Secondary Foundation Practice,single_mcq,"hi,en",Bilingual (Hindi & English),1,Shift 1,Set A,HUMAN_CURATED,key-standard,syl-cbse-board-2026,NOT_VERIFIED,NOT_VERIFIED,HISTORICAL_VERIFIED,PRACTICE_ELIGIBLE
q-hy-math-0042,src-cbse-board-portal,cbse-board,comp-cbse-board-cls10-math,2026,2026,Class 10 Annual Exam,Mathematics Theory Paper,Mathematics,Secondary Foundation Practice,single_mcq,"hi,en",Bilingual (Hindi & English),1,Shift 1,Set A,HUMAN_CURATED,key-standard,syl-cbse-board-2026,NOT_VERIFIED,NOT_VERIFIED,HISTORICAL_VERIFIED,PRACTICE_ELIGIBLE
q-hy-math-0043,src-cbse-board-portal,cbse-board,comp-cbse-board-cls10-math,2026,2026,Class 10 Annual Exam,Mathematics Theory Paper,Mathematics,Secondary Foundation Practice,single_mcq,"hi,en",Bilingual (Hindi & English),1,Shift 1,Set A,HUMAN_CURATED,key-standard,syl-cbse-board-2026,NOT_VERIFIED,NOT_VERIFIED,HISTORICAL_VERIFIED,PRACTICE_ELIGIBLE
q-hy-math-0044,src-cbse-board-portal,cbse-board,comp-cbse-board-cls10-math,2026,2026,Class 10 Annual Exam,Mathematics Theory Paper,Mathematics,Secondary Foundation Practice,single_mcq,"hi,en",Bilingual (Hindi & English),1,Shift 1,Set A,HUMAN_CURATED,key-standard,syl-cbse-board-2026,NOT_VERIFIED,NOT_VERIFIED,HISTORICAL_VERIFIED,PRACTICE_ELIGIBLE
q-hy-math-0045,src-cbse-board-portal,cbse-board,comp-cbse-board-cls10-math,2026,2026,Class 10 Annual Exam,Mathematics Theory Paper,Mathematics,Secondary Foundation Practice,single_mcq,"hi,en",Bilingual (Hindi & English),1,Shift 1,Set A,HUMAN_CURATED,key-standard,syl-cbse-board-2026,NOT_VERIFIED,NOT_VERIFIED,HISTORICAL_VERIFIED,PRACTICE_ELIGIBLE
q-hy-math-0046,src-cbse-board-portal,cbse-board,comp-cbse-board-cls10-math,2026,2026,Class 10 Annual Exam,Mathematics Theory Paper,Mathematics,Secondary Foundation Practice,single_mcq,"hi,en",Bilingual (Hindi & English),1,Shift 1,Set A,HUMAN_CURATED,key-standard,syl-cbse-board-2026,NOT_VERIFIED,NOT_VERIFIED,HISTORICAL_VERIFIED,PRACTICE_ELIGIBLE
q-hy-math-0047,src-cbse-board-portal,cbse-board,comp-cbse-board-cls10-math,2026,2026,Class 10 Annual Exam,Mathematics Theory Paper,Mathematics,Secondary Foundation Practice,single_mcq,"hi,en",Bilingual (Hindi & English),1,Shift 1,Set A,HUMAN_CURATED,key-standard,syl-cbse-board-2026,NOT_VERIFIED,NOT_VERIFIED,HISTORICAL_VERIFIED,PRACTICE_ELIGIBLE
q-hy-math-0048,src-cbse-board-portal,cbse-board,comp-cbse-board-cls10-math,2026,2026,Class 10 Annual Exam,Mathematics Theory Paper,Mathematics,Secondary Foundation Practice,single_mcq,"hi,en",Bilingual (Hindi & English),1,Shift 1,Set A,HUMAN_CURATED,key-standard,syl-cbse-board-2026,NOT_VERIFIED,NOT_VERIFIED,HISTORICAL_VERIFIED,PRACTICE_ELIGIBLE
q-hy-math-0049,src-cbse-board-portal,cbse-board,comp-cbse-board-cls10-math,2026,2026,Class 10 Annual Exam,Mathematics Theory Paper,Mathematics,Secondary Foundation Practice,single_mcq,"hi,en",Bilingual (Hindi & English),1,Shift 1,Set A,HUMAN_CURATED,key-standard,syl-cbse-board-2026,NOT_VERIFIED,NOT_VERIFIED,HISTORICAL_VERIFIED,PRACTICE_ELIGIBLE
q-hy-math-0050,src-cbse-board-portal,cbse-board,comp-cbse-board-cls10-math,2026,2026,Class 10 Annual Exam,Mathematics Theory Paper,Mathematics,Secondary Foundation Practice,single_mcq,"hi,en",Bilingual (Hindi & English),1,Shift 1,Set A,HUMAN_CURATED,key-standard,syl-cbse-board-2026,NOT_VERIFIED,NOT_VERIFIED,HISTORICAL_VERIFIED,PRACTICE_ELIGIBLE
q-hy-math-0051,src-cbse-board-portal,cbse-board,comp-cbse-board-cls10-math,2026,2026,Class 10 Annual Exam,Mathematics Theory Paper,Mathematics,Secondary Foundation Practice,single_mcq,"hi,en",Bilingual (Hindi & English),1,Shift 1,Set A,HUMAN_CURATED,key-standard,syl-cbse-board-2026,NOT_VERIFIED,NOT_VERIFIED,HISTORICAL_VERIFIED,PRACTICE_ELIGIBLE
q-hy-math-0052,src-cbse-board-portal,cbse-board,comp-cbse-board-cls10-math,2026,2026,Class 10 Annual Exam,Mathematics Theory Paper,Mathematics,Secondary Foundation Practice,single_mcq,"hi,en",Bilingual (Hindi & English),1,Shift 1,Set A,HUMAN_CURATED,key-standard,syl-cbse-board-2026,NOT_VERIFIED,NOT_VERIFIED,HISTORICAL_VERIFIED,PRACTICE_ELIGIBLE
q-hy-math-0053,src-cbse-board-portal,cbse-board,comp-cbse-board-cls10-math,2026,2026,Class 10 Annual Exam,Mathematics Theory Paper,Mathematics,Secondary Foundation Practice,single_mcq,"hi,en",Bilingual (Hindi & English),1,Shift 1,Set A,HUMAN_CURATED,key-standard,syl-cbse-board-2026,NOT_VERIFIED,NOT_VERIFIED,HISTORICAL_VERIFIED,PRACTICE_ELIGIBLE
q-hy-math-0054,src-cbse-board-portal,cbse-board,comp-cbse-board-cls10-math,2026,2026,Class 10 Annual Exam,Mathematics Theory Paper,Mathematics,Secondary Foundation Practice,single_mcq,"hi,en",Bilingual (Hindi & English),1,Shift 1,Set A,HUMAN_CURATED,key-standard,syl-cbse-board-2026,NOT_VERIFIED,NOT_VERIFIED,HISTORICAL_VERIFIED,PRACTICE_ELIGIBLE
q-hy-math-0055,src-cbse-board-portal,cbse-board,comp-cbse-board-cls10-math,2026,2026,Class 10 Annual Exam,Mathematics Theory Paper,Mathematics,Secondary Foundation Practice,single_mcq,"hi,en",Bilingual (Hindi & English),1,Shift 1,Set A,HUMAN_CURATED,key-standard,syl-cbse-board-2026,NOT_VERIFIED,NOT_VERIFIED,HISTORICAL_VERIFIED,PRACTICE_ELIGIBLE
q-hy-math-0056,src-cbse-board-portal,cbse-board,comp-cbse-board-cls10-math,2026,2026,Class 10 Annual Exam,Mathematics Theory Paper,Mathematics,Secondary Foundation Practice,single_mcq,"hi,en",Bilingual (Hindi & English),1,Shift 1,Set A,HUMAN_CURATED,key-standard,syl-cbse-board-2026,NOT_VERIFIED,NOT_VERIFIED,HISTORICAL_VERIFIED,PRACTICE_ELIGIBLE
q-hy-math-0057,src-cbse-board-portal,cbse-board,comp-cbse-board-cls10-math,2026,2026,Class 10 Annual Exam,Mathematics Theory Paper,Mathematics,Secondary Foundation Practice,single_mcq,"hi,en",Bilingual (Hindi & English),1,Shift 1,Set A,HUMAN_CURATED,key-standard,syl-cbse-board-2026,NOT_VERIFIED,NOT_VERIFIED,HISTORICAL_VERIFIED,PRACTICE_ELIGIBLE
q-hy-math-0058,src-cbse-board-portal,cbse-board,comp-cbse-board-cls10-math,2026,2026,Class 10 Annual Exam,Mathematics Theory Paper,Mathematics,Secondary Foundation Practice,single_mcq,"hi,en",Bilingual (Hindi & English),1,Shift 1,Set A,HUMAN_CURATED,key-standard,syl-cbse-board-2026,NOT_VERIFIED,NOT_VERIFIED,HISTORICAL_VERIFIED,PRACTICE_ELIGIBLE
q-hy-math-0059,src-cbse-board-portal,cbse-board,comp-cbse-board-cls10-math,2026,2026,Class 10 Annual Exam,Mathematics Theory Paper,Mathematics,Secondary Foundation Practice,single_mcq,"hi,en",Bilingual (Hindi & English),1,Shift 1,Set A,HUMAN_CURATED,key-standard,syl-cbse-board-2026,NOT_VERIFIED,NOT_VERIFIED,HISTORICAL_VERIFIED,PRACTICE_ELIGIBLE
q-hy-math-0060,src-cbse-board-portal,cbse-board,comp-cbse-board-cls10-math,2026,2026,Class 10 Annual Exam,Mathematics Theory Paper,Mathematics,Secondary Foundation Practice,single_mcq,"hi,en",Bilingual (Hindi & English),1,Shift 1,Set A,HUMAN_CURATED,key-standard,syl-cbse-board-2026,NOT_VERIFIED,NOT_VERIFIED,HISTORICAL_VERIFIED,PRACTICE_ELIGIBLE
q-hy-math-0061,src-cbse-board-portal,cbse-board,comp-cbse-board-cls10-math,2026,2026,Class 10 Annual Exam,Mathematics Theory Paper,Mathematics,Secondary Foundation Practice,single_mcq,"hi,en",Bilingual (Hindi & English),1,Shift 1,Set A,HUMAN_CURATED,key-standard,syl-cbse-board-2026,NOT_VERIFIED,NOT_VERIFIED,HISTORICAL_VERIFIED,PRACTICE_ELIGIBLE
q-hy-math-0062,src-cbse-board-portal,cbse-board,comp-cbse-board-cls10-math,2026,2026,Class 10 Annual Exam,Mathematics Theory Paper,Mathematics,Secondary Foundation Practice,single_mcq,"hi,en",Bilingual (Hindi & English),1,Shift 1,Set A,HUMAN_CURATED,key-standard,syl-cbse-board-2026,NOT_VERIFIED,NOT_VERIFIED,HISTORICAL_VERIFIED,PRACTICE_ELIGIBLE
q-hy-math-0063,src-cbse-board-portal,cbse-board,comp-cbse-board-cls10-math,2026,2026,Class 10 Annual Exam,Mathematics Theory Paper,Mathematics,Secondary Foundation Practice,single_mcq,"hi,en",Bilingual (Hindi & English),1,Shift 1,Set A,HUMAN_CURATED,key-standard,syl-cbse-board-2026,NOT_VERIFIED,NOT_VERIFIED,HISTORICAL_VERIFIED,PRACTICE_ELIGIBLE
q-hy-math-0064,src-cbse-board-portal,cbse-board,comp-cbse-board-cls10-math,2026,2026,Class 10 Annual Exam,Mathematics Theory Paper,Mathematics,Secondary Foundation Practice,single_mcq,"hi,en",Bilingual (Hindi & English),1,Shift 1,Set A,HUMAN_CURATED,key-standard,syl-cbse-board-2026,NOT_VERIFIED,NOT_VERIFIED,HISTORICAL_VERIFIED,PRACTICE_ELIGIBLE
q-hy-math-0065,src-cbse-board-portal,cbse-board,comp-cbse-board-cls10-math,2026,2026,Class 10 Annual Exam,Mathematics Theory Paper,Mathematics,Secondary Foundation Practice,single_mcq,"hi,en",Bilingual (Hindi & English),1,Shift 1,Set A,HUMAN_CURATED,key-standard,syl-cbse-board-2026,NOT_VERIFIED,NOT_VERIFIED,HISTORICAL_VERIFIED,PRACTICE_ELIGIBLE
q-hy-math-0066,src-cbse-board-portal,cbse-board,comp-cbse-board-cls10-math,2026,2026,Class 10 Annual Exam,Mathematics Theory Paper,Mathematics,Secondary Foundation Practice,single_mcq,"hi,en",Bilingual (Hindi & English),1,Shift 1,Set A,HUMAN_CURATED,key-standard,syl-cbse-board-2026,NOT_VERIFIED,NOT_VERIFIED,HISTORICAL_VERIFIED,PRACTICE_ELIGIBLE
q-hy-math-0067,src-cbse-board-portal,cbse-board,comp-cbse-board-cls10-math,2026,2026,Class 10 Annual Exam,Mathematics Theory Paper,Mathematics,Secondary Foundation Practice,single_mcq,"hi,en",Bilingual (Hindi & English),1,Shift 1,Set A,HUMAN_CURATED,key-standard,syl-cbse-board-2026,NOT_VERIFIED,NOT_VERIFIED,HISTORICAL_VERIFIED,PRACTICE_ELIGIBLE
q-hy-math-0068,src-cbse-board-portal,cbse-board,comp-cbse-board-cls10-math,2026,2026,Class 10 Annual Exam,Mathematics Theory Paper,Mathematics,Secondary Foundation Practice,single_mcq,"hi,en",Bilingual (Hindi & English),1,Shift 1,Set A,HUMAN_CURATED,key-standard,syl-cbse-board-2026,NOT_VERIFIED,NOT_VERIFIED,HISTORICAL_VERIFIED,PRACTICE_ELIGIBLE
q-hy-math-0069,src-cbse-board-portal,cbse-board,comp-cbse-board-cls10-math,2026,2026,Class 10 Annual Exam,Mathematics Theory Paper,Mathematics,Secondary Foundation Practice,single_mcq,"hi,en",Bilingual (Hindi & English),1,Shift 1,Set A,HUMAN_CURATED,key-standard,syl-cbse-board-2026,NOT_VERIFIED,NOT_VERIFIED,HISTORICAL_VERIFIED,PRACTICE_ELIGIBLE
q-hy-math-0070,src-cbse-board-portal,cbse-board,comp-cbse-board-cls10-math,2026,2026,Class 10 Annual Exam,Mathematics Theory Paper,Mathematics,Secondary Foundation Practice,single_mcq,"hi,en",Bilingual (Hindi & English),1,Shift 1,Set A,HUMAN_CURATED,key-standard,syl-cbse-board-2026,NOT_VERIFIED,NOT_VERIFIED,HISTORICAL_VERIFIED,PRACTICE_ELIGIBLE
q-hy-math-0071,src-cbse-board-portal,cbse-board,comp-cbse-board-cls10-math,2026,2026,Class 10 Annual Exam,Mathematics Theory Paper,Mathematics,Secondary Foundation Practice,single_mcq,"hi,en",Bilingual (Hindi & English),1,Shift 1,Set A,HUMAN_CURATED,key-standard,syl-cbse-board-2026,NOT_VERIFIED,NOT_VERIFIED,HISTORICAL_VERIFIED,PRACTICE_ELIGIBLE
q-hy-math-0072,src-cbse-board-portal,cbse-board,comp-cbse-board-cls10-math,2026,2026,Class 10 Annual Exam,Mathematics Theory Paper,Mathematics,Secondary Foundation Practice,single_mcq,"hi,en",Bilingual (Hindi & English),1,Shift 1,Set A,HUMAN_CURATED,key-standard,syl-cbse-board-2026,NOT_VERIFIED,NOT_VERIFIED,HISTORICAL_VERIFIED,PRACTICE_ELIGIBLE
q-hy-math-0073,src-cbse-board-portal,cbse-board,comp-cbse-board-cls10-math,2026,2026,Class 10 Annual Exam,Mathematics Theory Paper,Mathematics,Secondary Foundation Practice,single_mcq,"hi,en",Bilingual (Hindi & English),1,Shift 1,Set A,HUMAN_CURATED,key-standard,syl-cbse-board-2026,NOT_VERIFIED,NOT_VERIFIED,HISTORICAL_VERIFIED,PRACTICE_ELIGIBLE
q-hy-math-0074,src-cbse-board-portal,cbse-board,comp-cbse-board-cls10-math,2026,2026,Class 10 Annual Exam,Mathematics Theory Paper,Mathematics,Secondary Foundation Practice,single_mcq,"hi,en",Bilingual (Hindi & English),1,Shift 1,Set A,HUMAN_CURATED,key-standard,syl-cbse-board-2026,NOT_VERIFIED,NOT_VERIFIED,HISTORICAL_VERIFIED,PRACTICE_ELIGIBLE
q-hy-math-0075,src-cbse-board-portal,cbse-board,comp-cbse-board-cls10-math,2026,2026,Class 10 Annual Exam,Mathematics Theory Paper,Mathematics,Secondary Foundation Practice,single_mcq,"hi,en",Bilingual (Hindi & English),1,Shift 1,Set A,HUMAN_CURATED,key-standard,syl-cbse-board-2026,NOT_VERIFIED,NOT_VERIFIED,HISTORICAL_VERIFIED,PRACTICE_ELIGIBLE
q-hy-math-0076,src-cbse-board-portal,cbse-board,comp-cbse-board-cls10-math,2026,2026,Class 10 Annual Exam,Mathematics Theory Paper,Mathematics,Secondary Foundation Practice,single_mcq,"hi,en",Bilingual (Hindi & English),1,Shift 1,Set A,HUMAN_CURATED,key-standard,syl-cbse-board-2026,NOT_VERIFIED,NOT_VERIFIED,HISTORICAL_VERIFIED,PRACTICE_ELIGIBLE
q-hy-math-0077,src-cbse-board-portal,cbse-board,comp-cbse-board-cls10-math,2026,2026,Class 10 Annual Exam,Mathematics Theory Paper,Mathematics,Secondary Foundation Practice,single_mcq,"hi,en",Bilingual (Hindi & English),1,Shift 1,Set A,HUMAN_CURATED,key-standard,syl-cbse-board-2026,NOT_VERIFIED,NOT_VERIFIED,HISTORICAL_VERIFIED,PRACTICE_ELIGIBLE
q-hy-math-0078,src-cbse-board-portal,cbse-board,comp-cbse-board-cls10-math,2026,2026,Class 10 Annual Exam,Mathematics Theory Paper,Mathematics,Secondary Foundation Practice,single_mcq,"hi,en",Bilingual (Hindi & English),1,Shift 1,Set A,HUMAN_CURATED,key-standard,syl-cbse-board-2026,NOT_VERIFIED,NOT_VERIFIED,HISTORICAL_VERIFIED,PRACTICE_ELIGIBLE
q-hy-math-0079,src-cbse-board-portal,cbse-board,comp-cbse-board-cls10-math,2026,2026,Class 10 Annual Exam,Mathematics Theory Paper,Mathematics,Secondary Foundation Practice,single_mcq,"hi,en",Bilingual (Hindi & English),1,Shift 1,Set A,HUMAN_CURATED,key-standard,syl-cbse-board-2026,NOT_VERIFIED,NOT_VERIFIED,HISTORICAL_VERIFIED,PRACTICE_ELIGIBLE
q-hy-math-0080,src-cbse-board-portal,cbse-board,comp-cbse-board-cls10-math,2026,2026,Class 10 Annual Exam,Mathematics Theory Paper,Mathematics,Secondary Foundation Practice,single_mcq,"hi,en",Bilingual (Hindi & English),1,Shift 1,Set A,HUMAN_CURATED,key-standard,syl-cbse-board-2026,NOT_VERIFIED,NOT_VERIFIED,HISTORICAL_VERIFIED,PRACTICE_ELIGIBLE
q-hy-math-0081,src-cbse-board-portal,cbse-board,comp-cbse-board-cls10-math,2026,2026,Class 10 Annual Exam,Mathematics Theory Paper,Mathematics,Secondary Foundation Practice,single_mcq,"hi,en",Bilingual (Hindi & English),1,Shift 1,Set A,HUMAN_CURATED,key-standard,syl-cbse-board-2026,NOT_VERIFIED,NOT_VERIFIED,HISTORICAL_VERIFIED,PRACTICE_ELIGIBLE
q-hy-math-0082,src-cbse-board-portal,cbse-board,comp-cbse-board-cls10-math,2026,2026,Class 10 Annual Exam,Mathematics Theory Paper,Mathematics,Secondary Foundation Practice,single_mcq,"hi,en",Bilingual (Hindi & English),1,Shift 1,Set A,HUMAN_CURATED,key-standard,syl-cbse-board-2026,NOT_VERIFIED,NOT_VERIFIED,HISTORICAL_VERIFIED,PRACTICE_ELIGIBLE
q-hy-math-0083,src-cbse-board-portal,cbse-board,comp-cbse-board-cls10-math,2026,2026,Class 10 Annual Exam,Mathematics Theory Paper,Mathematics,Secondary Foundation Practice,single_mcq,"hi,en",Bilingual (Hindi & English),1,Shift 1,Set A,HUMAN_CURATED,key-standard,syl-cbse-board-2026,NOT_VERIFIED,NOT_VERIFIED,HISTORICAL_VERIFIED,PRACTICE_ELIGIBLE
q-hy-math-0084,src-cbse-board-portal,cbse-board,comp-cbse-board-cls10-math,2026,2026,Class 10 Annual Exam,Mathematics Theory Paper,Mathematics,Secondary Foundation Practice,single_mcq,"hi,en",Bilingual (Hindi & English),1,Shift 1,Set A,HUMAN_CURATED,key-standard,syl-cbse-board-2026,NOT_VERIFIED,NOT_VERIFIED,HISTORICAL_VERIFIED,PRACTICE_ELIGIBLE
q-hy-math-0085,src-cbse-board-portal,cbse-board,comp-cbse-board-cls10-math,2026,2026,Class 10 Annual Exam,Mathematics Theory Paper,Mathematics,Secondary Foundation Practice,single_mcq,"hi,en",Bilingual (Hindi & English),1,Shift 1,Set A,HUMAN_CURATED,key-standard,syl-cbse-board-2026,NOT_VERIFIED,NOT_VERIFIED,HISTORICAL_VERIFIED,PRACTICE_ELIGIBLE
q-hy-sa-0001,src-cbse-board-portal,cbse-board,comp-cbse-board-cls10-regionallang,2026,2026,Class 10 Annual Exam,Sanskrit Theory Paper,Sanskrit,Secondary Foundation Practice,single_mcq,"hi,en",Bilingual (Hindi & English),1,Shift 1,Set A,HUMAN_CURATED,key-standard,syl-cbse-board-2026,NOT_VERIFIED,NOT_VERIFIED,HISTORICAL_VERIFIED,PRACTICE_ELIGIBLE
q-hy-sa-0002,src-cbse-board-portal,cbse-board,comp-cbse-board-cls10-regionallang,2026,2026,Class 10 Annual Exam,Sanskrit Theory Paper,Sanskrit,Secondary Foundation Practice,single_mcq,"hi,en",Bilingual (Hindi & English),1,Shift 1,Set A,HUMAN_CURATED,key-standard,syl-cbse-board-2026,NOT_VERIFIED,NOT_VERIFIED,HISTORICAL_VERIFIED,PRACTICE_ELIGIBLE
q-hy-sa-0003,src-cbse-board-portal,cbse-board,comp-cbse-board-cls10-regionallang,2026,2026,Class 10 Annual Exam,Sanskrit Theory Paper,Sanskrit,Secondary Foundation Practice,single_mcq,"hi,en",Bilingual (Hindi & English),1,Shift 1,Set A,HUMAN_CURATED,key-standard,syl-cbse-board-2026,NOT_VERIFIED,NOT_VERIFIED,HISTORICAL_VERIFIED,PRACTICE_ELIGIBLE
q-hy-sa-0004,src-cbse-board-portal,cbse-board,comp-cbse-board-cls10-regionallang,2026,2026,Class 10 Annual Exam,Sanskrit Theory Paper,Sanskrit,Secondary Foundation Practice,single_mcq,"hi,en",Bilingual (Hindi & English),1,Shift 1,Set A,HUMAN_CURATED,key-standard,syl-cbse-board-2026,NOT_VERIFIED,NOT_VERIFIED,HISTORICAL_VERIFIED,PRACTICE_ELIGIBLE
q-hy-sa-0005,src-cbse-board-portal,cbse-board,comp-cbse-board-cls10-regionallang,2026,2026,Class 10 Annual Exam,Sanskrit Theory Paper,Sanskrit,Secondary Foundation Practice,single_mcq,"hi,en",Bilingual (Hindi & English),1,Shift 1,Set A,HUMAN_CURATED,key-standard,syl-cbse-board-2026,NOT_VERIFIED,NOT_VERIFIED,HISTORICAL_VERIFIED,PRACTICE_ELIGIBLE
q-hy-sa-0006,src-cbse-board-portal,cbse-board,comp-cbse-board-cls10-regionallang,2026,2026,Class 10 Annual Exam,Sanskrit Theory Paper,Sanskrit,Secondary Foundation Practice,single_mcq,"hi,en",Bilingual (Hindi & English),1,Shift 1,Set A,HUMAN_CURATED,key-standard,syl-cbse-board-2026,NOT_VERIFIED,NOT_VERIFIED,HISTORICAL_VERIFIED,PRACTICE_ELIGIBLE
q-hy-sa-0007,src-cbse-board-portal,cbse-board,comp-cbse-board-cls10-regionallang,2026,2026,Class 10 Annual Exam,Sanskrit Theory Paper,Sanskrit,Secondary Foundation Practice,single_mcq,"hi,en",Bilingual (Hindi & English),1,Shift 1,Set A,HUMAN_CURATED,key-standard,syl-cbse-board-2026,NOT_VERIFIED,NOT_VERIFIED,HISTORICAL_VERIFIED,PRACTICE_ELIGIBLE
q-hy-sa-0008,src-cbse-board-portal,cbse-board,comp-cbse-board-cls10-regionallang,2026,2026,Class 10 Annual Exam,Sanskrit Theory Paper,Sanskrit,Secondary Foundation Practice,single_mcq,"hi,en",Bilingual (Hindi & English),1,Shift 1,Set A,HUMAN_CURATED,key-standard,syl-cbse-board-2026,NOT_VERIFIED,NOT_VERIFIED,HISTORICAL_VERIFIED,PRACTICE_ELIGIBLE
q-hy-sa-0009,src-cbse-board-portal,cbse-board,comp-cbse-board-cls10-regionallang,2026,2026,Class 10 Annual Exam,Sanskrit Theory Paper,Sanskrit,Secondary Foundation Practice,single_mcq,"hi,en",Bilingual (Hindi & English),1,Shift 1,Set A,HUMAN_CURATED,key-standard,syl-cbse-board-2026,NOT_VERIFIED,NOT_VERIFIED,HISTORICAL_VERIFIED,PRACTICE_ELIGIBLE
q-hy-sa-0010,src-cbse-board-portal,cbse-board,comp-cbse-board-cls10-regionallang,2026,2026,Class 10 Annual Exam,Sanskrit Theory Paper,Sanskrit,Secondary Foundation Practice,single_mcq,"hi,en",Bilingual (Hindi & English),1,Shift 1,Set A,HUMAN_CURATED,key-standard,syl-cbse-board-2026,NOT_VERIFIED,NOT_VERIFIED,HISTORICAL_VERIFIED,PRACTICE_ELIGIBLE
q-hy-sa-0011,src-cbse-board-portal,cbse-board,comp-cbse-board-cls10-regionallang,2026,2026,Class 10 Annual Exam,Sanskrit Theory Paper,Sanskrit,Secondary Foundation Practice,single_mcq,"hi,en",Bilingual (Hindi & English),1,Shift 1,Set A,HUMAN_CURATED,key-standard,syl-cbse-board-2026,NOT_VERIFIED,NOT_VERIFIED,HISTORICAL_VERIFIED,PRACTICE_ELIGIBLE
q-hy-sa-0012,src-cbse-board-portal,cbse-board,comp-cbse-board-cls10-regionallang,2026,2026,Class 10 Annual Exam,Sanskrit Theory Paper,Sanskrit,Secondary Foundation Practice,single_mcq,"hi,en",Bilingual (Hindi & English),1,Shift 1,Set A,HUMAN_CURATED,key-standard,syl-cbse-board-2026,NOT_VERIFIED,NOT_VERIFIED,HISTORICAL_VERIFIED,PRACTICE_ELIGIBLE
q-hy-sa-0013,src-cbse-board-portal,cbse-board,comp-cbse-board-cls10-regionallang,2026,2026,Class 10 Annual Exam,Sanskrit Theory Paper,Sanskrit,Secondary Foundation Practice,single_mcq,"hi,en",Bilingual (Hindi & English),1,Shift 1,Set A,HUMAN_CURATED,key-standard,syl-cbse-board-2026,NOT_VERIFIED,NOT_VERIFIED,HISTORICAL_VERIFIED,PRACTICE_ELIGIBLE
q-hy-sa-0014,src-cbse-board-portal,cbse-board,comp-cbse-board-cls10-regionallang,2026,2026,Class 10 Annual Exam,Sanskrit Theory Paper,Sanskrit,Secondary Foundation Practice,single_mcq,"hi,en",Bilingual (Hindi & English),1,Shift 1,Set A,HUMAN_CURATED,key-standard,syl-cbse-board-2026,NOT_VERIFIED,NOT_VERIFIED,HISTORICAL_VERIFIED,PRACTICE_ELIGIBLE
q-hy-sa-0015,src-cbse-board-portal,cbse-board,comp-cbse-board-cls10-regionallang,2026,2026,Class 10 Annual Exam,Sanskrit Theory Paper,Sanskrit,Secondary Foundation Practice,single_mcq,"hi,en",Bilingual (Hindi & English),1,Shift 1,Set A,HUMAN_CURATED,key-standard,syl-cbse-board-2026,NOT_VERIFIED,NOT_VERIFIED,HISTORICAL_VERIFIED,PRACTICE_ELIGIBLE
q-hy-sa-0016,src-cbse-board-portal,cbse-board,comp-cbse-board-cls10-regionallang,2026,2026,Class 10 Annual Exam,Sanskrit Theory Paper,Sanskrit,Secondary Foundation Practice,single_mcq,"hi,en",Bilingual (Hindi & English),1,Shift 1,Set A,HUMAN_CURATED,key-standard,syl-cbse-board-2026,NOT_VERIFIED,NOT_VERIFIED,HISTORICAL_VERIFIED,PRACTICE_ELIGIBLE
q-hy-sa-0017,src-cbse-board-portal,cbse-board,comp-cbse-board-cls10-regionallang,2026,2026,Class 10 Annual Exam,Sanskrit Theory Paper,Sanskrit,Secondary Foundation Practice,single_mcq,"hi,en",Bilingual (Hindi & English),1,Shift 1,Set A,HUMAN_CURATED,key-standard,syl-cbse-board-2026,NOT_VERIFIED,NOT_VERIFIED,HISTORICAL_VERIFIED,PRACTICE_ELIGIBLE
q-hy-sa-0018,src-cbse-board-portal,cbse-board,comp-cbse-board-cls10-regionallang,2026,2026,Class 10 Annual Exam,Sanskrit Theory Paper,Sanskrit,Secondary Foundation Practice,single_mcq,"hi,en",Bilingual (Hindi & English),1,Shift 1,Set A,HUMAN_CURATED,key-standard,syl-cbse-board-2026,NOT_VERIFIED,NOT_VERIFIED,HISTORICAL_VERIFIED,PRACTICE_ELIGIBLE
q-hy-sa-0019,src-cbse-board-portal,cbse-board,comp-cbse-board-cls10-regionallang,2026,2026,Class 10 Annual Exam,Sanskrit Theory Paper,Sanskrit,Secondary Foundation Practice,single_mcq,"hi,en",Bilingual (Hindi & English),1,Shift 1,Set A,HUMAN_CURATED,key-standard,syl-cbse-board-2026,NOT_VERIFIED,NOT_VERIFIED,HISTORICAL_VERIFIED,PRACTICE_ELIGIBLE
q-hy-sa-0020,src-cbse-board-portal,cbse-board,comp-cbse-board-cls10-regionallang,2026,2026,Class 10 Annual Exam,Sanskrit Theory Paper,Sanskrit,Secondary Foundation Practice,single_mcq,"hi,en",Bilingual (Hindi & English),1,Shift 1,Set A,HUMAN_CURATED,key-standard,syl-cbse-board-2026,NOT_VERIFIED,NOT_VERIFIED,HISTORICAL_VERIFIED,PRACTICE_ELIGIBLE
q-hy-sa-0021,src-cbse-board-portal,cbse-board,comp-cbse-board-cls10-regionallang,2026,2026,Class 10 Annual Exam,Sanskrit Theory Paper,Sanskrit,Secondary Foundation Practice,single_mcq,"hi,en",Bilingual (Hindi & English),1,Shift 1,Set A,HUMAN_CURATED,key-standard,syl-cbse-board-2026,NOT_VERIFIED,NOT_VERIFIED,HISTORICAL_VERIFIED,PRACTICE_ELIGIBLE
q-hy-sa-0022,src-cbse-board-portal,cbse-board,comp-cbse-board-cls10-regionallang,2026,2026,Class 10 Annual Exam,Sanskrit Theory Paper,Sanskrit,Secondary Foundation Practice,single_mcq,"hi,en",Bilingual (Hindi & English),1,Shift 1,Set A,HUMAN_CURATED,key-standard,syl-cbse-board-2026,NOT_VERIFIED,NOT_VERIFIED,HISTORICAL_VERIFIED,PRACTICE_ELIGIBLE
q-hy-sa-0023,src-cbse-board-portal,cbse-board,comp-cbse-board-cls10-regionallang,2026,2026,Class 10 Annual Exam,Sanskrit Theory Paper,Sanskrit,Secondary Foundation Practice,single_mcq,"hi,en",Bilingual (Hindi & English),1,Shift 1,Set A,HUMAN_CURATED,key-standard,syl-cbse-board-2026,NOT_VERIFIED,NOT_VERIFIED,HISTORICAL_VERIFIED,PRACTICE_ELIGIBLE
q-hy-sa-0024,src-cbse-board-portal,cbse-board,comp-cbse-board-cls10-regionallang,2026,2026,Class 10 Annual Exam,Sanskrit Theory Paper,Sanskrit,Secondary Foundation Practice,single_mcq,"hi,en",Bilingual (Hindi & English),1,Shift 1,Set A,HUMAN_CURATED,key-standard,syl-cbse-board-2026,NOT_VERIFIED,NOT_VERIFIED,HISTORICAL_VERIFIED,PRACTICE_ELIGIBLE
q-hy-sa-0025,src-cbse-board-portal,cbse-board,comp-cbse-board-cls10-regionallang,2026,2026,Class 10 Annual Exam,Sanskrit Theory Paper,Sanskrit,Secondary Foundation Practice,single_mcq,"hi,en",Bilingual (Hindi & English),1,Shift 1,Set A,HUMAN_CURATED,key-standard,syl-cbse-board-2026,NOT_VERIFIED,NOT_VERIFIED,HISTORICAL_VERIFIED,PRACTICE_ELIGIBLE
q-hy-sa-0026,src-cbse-board-portal,cbse-board,comp-cbse-board-cls10-regionallang,2026,2026,Class 10 Annual Exam,Sanskrit Theory Paper,Sanskrit,Secondary Foundation Practice,single_mcq,"hi,en",Bilingual (Hindi & English),1,Shift 1,Set A,HUMAN_CURATED,key-standard,syl-cbse-board-2026,NOT_VERIFIED,NOT_VERIFIED,HISTORICAL_VERIFIED,PRACTICE_ELIGIBLE
q-hy-sa-0027,src-cbse-board-portal,cbse-board,comp-cbse-board-cls10-regionallang,2026,2026,Class 10 Annual Exam,Sanskrit Theory Paper,Sanskrit,Secondary Foundation Practice,single_mcq,"hi,en",Bilingual (Hindi & English),1,Shift 1,Set A,HUMAN_CURATED,key-standard,syl-cbse-board-2026,NOT_VERIFIED,NOT_VERIFIED,HISTORICAL_VERIFIED,PRACTICE_ELIGIBLE
q-hy-sa-0028,src-cbse-board-portal,cbse-board,comp-cbse-board-cls10-regionallang,2026,2026,Class 10 Annual Exam,Sanskrit Theory Paper,Sanskrit,Secondary Foundation Practice,single_mcq,"hi,en",Bilingual (Hindi & English),1,Shift 1,Set A,HUMAN_CURATED,key-standard,syl-cbse-board-2026,NOT_VERIFIED,NOT_VERIFIED,HISTORICAL_VERIFIED,PRACTICE_ELIGIBLE
q-hy-sa-0029,src-cbse-board-portal,cbse-board,comp-cbse-board-cls10-regionallang,2026,2026,Class 10 Annual Exam,Sanskrit Theory Paper,Sanskrit,Secondary Foundation Practice,single_mcq,"hi,en",Bilingual (Hindi & English),1,Shift 1,Set A,HUMAN_CURATED,key-standard,syl-cbse-board-2026,NOT_VERIFIED,NOT_VERIFIED,HISTORICAL_VERIFIED,PRACTICE_ELIGIBLE
q-hy-sa-0030,src-cbse-board-portal,cbse-board,comp-cbse-board-cls10-regionallang,2026,2026,Class 10 Annual Exam,Sanskrit Theory Paper,Sanskrit,Secondary Foundation Practice,single_mcq,"hi,en",Bilingual (Hindi & English),1,Shift 1,Set A,HUMAN_CURATED,key-standard,syl-cbse-board-2026,NOT_VERIFIED,NOT_VERIFIED,HISTORICAL_VERIFIED,PRACTICE_ELIGIBLE
q-hy-sa-0031,src-cbse-board-portal,cbse-board,comp-cbse-board-cls10-regionallang,2026,2026,Class 10 Annual Exam,Sanskrit Theory Paper,Sanskrit,Secondary Foundation Practice,single_mcq,"hi,en",Bilingual (Hindi & English),1,Shift 1,Set A,HUMAN_CURATED,key-standard,syl-cbse-board-2026,NOT_VERIFIED,NOT_VERIFIED,HISTORICAL_VERIFIED,PRACTICE_ELIGIBLE
q-hy-sa-0032,src-cbse-board-portal,cbse-board,comp-cbse-board-cls10-regionallang,2026,2026,Class 10 Annual Exam,Sanskrit Theory Paper,Sanskrit,Secondary Foundation Practice,single_mcq,"hi,en",Bilingual (Hindi & English),1,Shift 1,Set A,HUMAN_CURATED,key-standard,syl-cbse-board-2026,NOT_VERIFIED,NOT_VERIFIED,HISTORICAL_VERIFIED,PRACTICE_ELIGIBLE
q-hy-sa-0033,src-cbse-board-portal,cbse-board,comp-cbse-board-cls10-regionallang,2026,2026,Class 10 Annual Exam,Sanskrit Theory Paper,Sanskrit,Secondary Foundation Practice,single_mcq,"hi,en",Bilingual (Hindi & English),1,Shift 1,Set A,HUMAN_CURATED,key-standard,syl-cbse-board-2026,NOT_VERIFIED,NOT_VERIFIED,HISTORICAL_VERIFIED,PRACTICE_ELIGIBLE
q-hy-sa-0034,src-cbse-board-portal,cbse-board,comp-cbse-board-cls10-regionallang,2026,2026,Class 10 Annual Exam,Sanskrit Theory Paper,Sanskrit,Secondary Foundation Practice,single_mcq,"hi,en",Bilingual (Hindi & English),1,Shift 1,Set A,HUMAN_CURATED,key-standard,syl-cbse-board-2026,NOT_VERIFIED,NOT_VERIFIED,HISTORICAL_VERIFIED,PRACTICE_ELIGIBLE
q-hy-sa-0035,src-cbse-board-portal,cbse-board,comp-cbse-board-cls10-regionallang,2026,2026,Class 10 Annual Exam,Sanskrit Theory Paper,Sanskrit,Secondary Foundation Practice,single_mcq,"hi,en",Bilingual (Hindi & English),1,Shift 1,Set A,HUMAN_CURATED,key-standard,syl-cbse-board-2026,NOT_VERIFIED,NOT_VERIFIED,HISTORICAL_VERIFIED,PRACTICE_ELIGIBLE
q-hy-sa-0036,src-cbse-board-portal,cbse-board,comp-cbse-board-cls10-regionallang,2026,2026,Class 10 Annual Exam,Sanskrit Theory Paper,Sanskrit,Secondary Foundation Practice,single_mcq,"hi,en",Bilingual (Hindi & English),1,Shift 1,Set A,HUMAN_CURATED,key-standard,syl-cbse-board-2026,NOT_VERIFIED,NOT_VERIFIED,HISTORICAL_VERIFIED,PRACTICE_ELIGIBLE
q-hy-sa-0037,src-cbse-board-portal,cbse-board,comp-cbse-board-cls10-regionallang,2026,2026,Class 10 Annual Exam,Sanskrit Theory Paper,Sanskrit,Secondary Foundation Practice,single_mcq,"hi,en",Bilingual (Hindi & English),1,Shift 1,Set A,HUMAN_CURATED,key-standard,syl-cbse-board-2026,NOT_VERIFIED,NOT_VERIFIED,HISTORICAL_VERIFIED,PRACTICE_ELIGIBLE
q-hy-sa-0038,src-cbse-board-portal,cbse-board,comp-cbse-board-cls10-regionallang,2026,2026,Class 10 Annual Exam,Sanskrit Theory Paper,Sanskrit,Secondary Foundation Practice,single_mcq,"hi,en",Bilingual (Hindi & English),1,Shift 1,Set A,HUMAN_CURATED,key-standard,syl-cbse-board-2026,NOT_VERIFIED,NOT_VERIFIED,HISTORICAL_VERIFIED,PRACTICE_ELIGIBLE
q-hy-sa-0039,src-cbse-board-portal,cbse-board,comp-cbse-board-cls10-regionallang,2026,2026,Class 10 Annual Exam,Sanskrit Theory Paper,Sanskrit,Secondary Foundation Practice,single_mcq,"hi,en",Bilingual (Hindi & English),1,Shift 1,Set A,HUMAN_CURATED,key-standard,syl-cbse-board-2026,NOT_VERIFIED,NOT_VERIFIED,HISTORICAL_VERIFIED,PRACTICE_ELIGIBLE
q-hy-sa-0040,src-cbse-board-portal,cbse-board,comp-cbse-board-cls10-regionallang,2026,2026,Class 10 Annual Exam,Sanskrit Theory Paper,Sanskrit,Secondary Foundation Practice,single_mcq,"hi,en",Bilingual (Hindi & English),1,Shift 1,Set A,HUMAN_CURATED,key-standard,syl-cbse-board-2026,NOT_VERIFIED,NOT_VERIFIED,HISTORICAL_VERIFIED,PRACTICE_ELIGIBLE
q-hy-sa-0041,src-cbse-board-portal,cbse-board,comp-cbse-board-cls10-regionallang,2026,2026,Class 10 Annual Exam,Sanskrit Theory Paper,Sanskrit,Secondary Foundation Practice,single_mcq,"hi,en",Bilingual (Hindi & English),1,Shift 1,Set A,HUMAN_CURATED,key-standard,syl-cbse-board-2026,NOT_VERIFIED,NOT_VERIFIED,HISTORICAL_VERIFIED,PRACTICE_ELIGIBLE
q-hy-sa-0042,src-cbse-board-portal,cbse-board,comp-cbse-board-cls10-regionallang,2026,2026,Class 10 Annual Exam,Sanskrit Theory Paper,Sanskrit,Secondary Foundation Practice,single_mcq,"hi,en",Bilingual (Hindi & English),1,Shift 1,Set A,HUMAN_CURATED,key-standard,syl-cbse-board-2026,NOT_VERIFIED,NOT_VERIFIED,HISTORICAL_VERIFIED,PRACTICE_ELIGIBLE
q-hy-sa-0043,src-cbse-board-portal,cbse-board,comp-cbse-board-cls10-regionallang,2026,2026,Class 10 Annual Exam,Sanskrit Theory Paper,Sanskrit,Secondary Foundation Practice,single_mcq,"hi,en",Bilingual (Hindi & English),1,Shift 1,Set A,HUMAN_CURATED,key-standard,syl-cbse-board-2026,NOT_VERIFIED,NOT_VERIFIED,HISTORICAL_VERIFIED,PRACTICE_ELIGIBLE
q-hy-sa-0044,src-cbse-board-portal,cbse-board,comp-cbse-board-cls10-regionallang,2026,2026,Class 10 Annual Exam,Sanskrit Theory Paper,Sanskrit,Secondary Foundation Practice,single_mcq,"hi,en",Bilingual (Hindi & English),1,Shift 1,Set A,HUMAN_CURATED,key-standard,syl-cbse-board-2026,NOT_VERIFIED,NOT_VERIFIED,HISTORICAL_VERIFIED,PRACTICE_ELIGIBLE
q-hy-sa-0045,src-cbse-board-portal,cbse-board,comp-cbse-board-cls10-regionallang,2026,2026,Class 10 Annual Exam,Sanskrit Theory Paper,Sanskrit,Secondary Foundation Practice,single_mcq,"hi,en",Bilingual (Hindi & English),1,Shift 1,Set A,HUMAN_CURATED,key-standard,syl-cbse-board-2026,NOT_VERIFIED,NOT_VERIFIED,HISTORICAL_VERIFIED,PRACTICE_ELIGIBLE
q-hy-sa-0046,src-cbse-board-portal,cbse-board,comp-cbse-board-cls10-regionallang,2026,2026,Class 10 Annual Exam,Sanskrit Theory Paper,Sanskrit,Secondary Foundation Practice,single_mcq,"hi,en",Bilingual (Hindi & English),1,Shift 1,Set A,HUMAN_CURATED,key-standard,syl-cbse-board-2026,NOT_VERIFIED,NOT_VERIFIED,HISTORICAL_VERIFIED,PRACTICE_ELIGIBLE
q-hy-sa-0047,src-cbse-board-portal,cbse-board,comp-cbse-board-cls10-regionallang,2026,2026,Class 10 Annual Exam,Sanskrit Theory Paper,Sanskrit,Secondary Foundation Practice,single_mcq,"hi,en",Bilingual (Hindi & English),1,Shift 1,Set A,HUMAN_CURATED,key-standard,syl-cbse-board-2026,NOT_VERIFIED,NOT_VERIFIED,HISTORICAL_VERIFIED,PRACTICE_ELIGIBLE
q-hy-sa-0048,src-cbse-board-portal,cbse-board,comp-cbse-board-cls10-regionallang,2026,2026,Class 10 Annual Exam,Sanskrit Theory Paper,Sanskrit,Secondary Foundation Practice,single_mcq,"hi,en",Bilingual (Hindi & English),1,Shift 1,Set A,HUMAN_CURATED,key-standard,syl-cbse-board-2026,NOT_VERIFIED,NOT_VERIFIED,HISTORICAL_VERIFIED,PRACTICE_ELIGIBLE
q-hy-sa-0049,src-cbse-board-portal,cbse-board,comp-cbse-board-cls10-regionallang,2026,2026,Class 10 Annual Exam,Sanskrit Theory Paper,Sanskrit,Secondary Foundation Practice,single_mcq,"hi,en",Bilingual (Hindi & English),1,Shift 1,Set A,HUMAN_CURATED,key-standard,syl-cbse-board-2026,NOT_VERIFIED,NOT_VERIFIED,HISTORICAL_VERIFIED,PRACTICE_ELIGIBLE
q-hy-sa-0050,src-cbse-board-portal,cbse-board,comp-cbse-board-cls10-regionallang,2026,2026,Class 10 Annual Exam,Sanskrit Theory Paper,Sanskrit,Secondary Foundation Practice,single_mcq,"hi,en",Bilingual (Hindi & English),1,Shift 1,Set A,HUMAN_CURATED,key-standard,syl-cbse-board-2026,NOT_VERIFIED,NOT_VERIFIED,HISTORICAL_VERIFIED,PRACTICE_ELIGIBLE
q-hy-sa-0051,src-cbse-board-portal,cbse-board,comp-cbse-board-cls10-regionallang,2026,2026,Class 10 Annual Exam,Sanskrit Theory Paper,Sanskrit,Secondary Foundation Practice,single_mcq,"hi,en",Bilingual (Hindi & English),1,Shift 1,Set A,HUMAN_CURATED,key-standard,syl-cbse-board-2026,NOT_VERIFIED,NOT_VERIFIED,HISTORICAL_VERIFIED,PRACTICE_ELIGIBLE
q-hy-sa-0052,src-cbse-board-portal,cbse-board,comp-cbse-board-cls10-regionallang,2026,2026,Class 10 Annual Exam,Sanskrit Theory Paper,Sanskrit,Secondary Foundation Practice,single_mcq,"hi,en",Bilingual (Hindi & English),1,Shift 1,Set A,HUMAN_CURATED,key-standard,syl-cbse-board-2026,NOT_VERIFIED,NOT_VERIFIED,HISTORICAL_VERIFIED,PRACTICE_ELIGIBLE
q-hy-sa-0053,src-cbse-board-portal,cbse-board,comp-cbse-board-cls10-regionallang,2026,2026,Class 10 Annual Exam,Sanskrit Theory Paper,Sanskrit,Secondary Foundation Practice,single_mcq,"hi,en",Bilingual (Hindi & English),1,Shift 1,Set A,HUMAN_CURATED,key-standard,syl-cbse-board-2026,NOT_VERIFIED,NOT_VERIFIED,HISTORICAL_VERIFIED,PRACTICE_ELIGIBLE
q-hy-sa-0054,src-cbse-board-portal,cbse-board,comp-cbse-board-cls10-regionallang,2026,2026,Class 10 Annual Exam,Sanskrit Theory Paper,Sanskrit,Secondary Foundation Practice,single_mcq,"hi,en",Bilingual (Hindi & English),1,Shift 1,Set A,HUMAN_CURATED,key-standard,syl-cbse-board-2026,NOT_VERIFIED,NOT_VERIFIED,HISTORICAL_VERIFIED,PRACTICE_ELIGIBLE
q-hy-sa-0055,src-cbse-board-portal,cbse-board,comp-cbse-board-cls10-regionallang,2026,2026,Class 10 Annual Exam,Sanskrit Theory Paper,Sanskrit,Secondary Foundation Practice,single_mcq,"hi,en",Bilingual (Hindi & English),1,Shift 1,Set A,HUMAN_CURATED,key-standard,syl-cbse-board-2026,NOT_VERIFIED,NOT_VERIFIED,HISTORICAL_VERIFIED,PRACTICE_ELIGIBLE
q-hy-sa-0056,src-cbse-board-portal,cbse-board,comp-cbse-board-cls10-regionallang,2026,2026,Class 10 Annual Exam,Sanskrit Theory Paper,Sanskrit,Secondary Foundation Practice,single_mcq,"hi,en",Bilingual (Hindi & English),1,Shift 1,Set A,HUMAN_CURATED,key-standard,syl-cbse-board-2026,NOT_VERIFIED,NOT_VERIFIED,HISTORICAL_VERIFIED,PRACTICE_ELIGIBLE
q-hy-sa-0057,src-cbse-board-portal,cbse-board,comp-cbse-board-cls10-regionallang,2026,2026,Class 10 Annual Exam,Sanskrit Theory Paper,Sanskrit,Secondary Foundation Practice,single_mcq,"hi,en",Bilingual (Hindi & English),1,Shift 1,Set A,HUMAN_CURATED,key-standard,syl-cbse-board-2026,NOT_VERIFIED,NOT_VERIFIED,HISTORICAL_VERIFIED,PRACTICE_ELIGIBLE
q-hy-sa-0058,src-cbse-board-portal,cbse-board,comp-cbse-board-cls10-regionallang,2026,2026,Class 10 Annual Exam,Sanskrit Theory Paper,Sanskrit,Secondary Foundation Practice,single_mcq,"hi,en",Bilingual (Hindi & English),1,Shift 1,Set A,HUMAN_CURATED,key-standard,syl-cbse-board-2026,NOT_VERIFIED,NOT_VERIFIED,HISTORICAL_VERIFIED,PRACTICE_ELIGIBLE
q-hy-sa-0059,src-cbse-board-portal,cbse-board,comp-cbse-board-cls10-regionallang,2026,2026,Class 10 Annual Exam,Sanskrit Theory Paper,Sanskrit,Secondary Foundation Practice,single_mcq,"hi,en",Bilingual (Hindi & English),1,Shift 1,Set A,HUMAN_CURATED,key-standard,syl-cbse-board-2026,NOT_VERIFIED,NOT_VERIFIED,HISTORICAL_VERIFIED,PRACTICE_ELIGIBLE
q-hy-sa-0060,src-cbse-board-portal,cbse-board,comp-cbse-board-cls10-regionallang,2026,2026,Class 10 Annual Exam,Sanskrit Theory Paper,Sanskrit,Secondary Foundation Practice,single_mcq,"hi,en",Bilingual (Hindi & English),1,Shift 1,Set A,HUMAN_CURATED,key-standard,syl-cbse-board-2026,NOT_VERIFIED,NOT_VERIFIED,HISTORICAL_VERIFIED,PRACTICE_ELIGIBLE
q-hy-sa-0061,src-cbse-board-portal,cbse-board,comp-cbse-board-cls10-regionallang,2026,2026,Class 10 Annual Exam,Sanskrit Theory Paper,Sanskrit,Secondary Foundation Practice,single_mcq,"hi,en",Bilingual (Hindi & English),1,Shift 1,Set A,HUMAN_CURATED,key-standard,syl-cbse-board-2026,NOT_VERIFIED,NOT_VERIFIED,HISTORICAL_VERIFIED,PRACTICE_ELIGIBLE
q-hy-sa-0062,src-cbse-board-portal,cbse-board,comp-cbse-board-cls10-regionallang,2026,2026,Class 10 Annual Exam,Sanskrit Theory Paper,Sanskrit,Secondary Foundation Practice,single_mcq,"hi,en",Bilingual (Hindi & English),1,Shift 1,Set A,HUMAN_CURATED,key-standard,syl-cbse-board-2026,NOT_VERIFIED,NOT_VERIFIED,HISTORICAL_VERIFIED,PRACTICE_ELIGIBLE
q-hy-sa-0063,src-cbse-board-portal,cbse-board,comp-cbse-board-cls10-regionallang,2026,2026,Class 10 Annual Exam,Sanskrit Theory Paper,Sanskrit,Secondary Foundation Practice,single_mcq,"hi,en",Bilingual (Hindi & English),1,Shift 1,Set A,HUMAN_CURATED,key-standard,syl-cbse-board-2026,NOT_VERIFIED,NOT_VERIFIED,HISTORICAL_VERIFIED,PRACTICE_ELIGIBLE
q-hy-sa-0064,src-cbse-board-portal,cbse-board,comp-cbse-board-cls10-regionallang,2026,2026,Class 10 Annual Exam,Sanskrit Theory Paper,Sanskrit,Secondary Foundation Practice,single_mcq,"hi,en",Bilingual (Hindi & English),1,Shift 1,Set A,HUMAN_CURATED,key-standard,syl-cbse-board-2026,NOT_VERIFIED,NOT_VERIFIED,HISTORICAL_VERIFIED,PRACTICE_ELIGIBLE
q-hy-sa-0065,src-cbse-board-portal,cbse-board,comp-cbse-board-cls10-regionallang,2026,2026,Class 10 Annual Exam,Sanskrit Theory Paper,Sanskrit,Secondary Foundation Practice,single_mcq,"hi,en",Bilingual (Hindi & English),1,Shift 1,Set A,HUMAN_CURATED,key-standard,syl-cbse-board-2026,NOT_VERIFIED,NOT_VERIFIED,HISTORICAL_VERIFIED,PRACTICE_ELIGIBLE
q-hy-sa-0066,src-cbse-board-portal,cbse-board,comp-cbse-board-cls10-regionallang,2026,2026,Class 10 Annual Exam,Sanskrit Theory Paper,Sanskrit,Secondary Foundation Practice,single_mcq,"hi,en",Bilingual (Hindi & English),1,Shift 1,Set A,HUMAN_CURATED,key-standard,syl-cbse-board-2026,NOT_VERIFIED,NOT_VERIFIED,HISTORICAL_VERIFIED,PRACTICE_ELIGIBLE
q-hy-sa-0067,src-cbse-board-portal,cbse-board,comp-cbse-board-cls10-regionallang,2026,2026,Class 10 Annual Exam,Sanskrit Theory Paper,Sanskrit,Secondary Foundation Practice,single_mcq,"hi,en",Bilingual (Hindi & English),1,Shift 1,Set A,HUMAN_CURATED,key-standard,syl-cbse-board-2026,NOT_VERIFIED,NOT_VERIFIED,HISTORICAL_VERIFIED,PRACTICE_ELIGIBLE
q-hy-sa-0068,src-cbse-board-portal,cbse-board,comp-cbse-board-cls10-regionallang,2026,2026,Class 10 Annual Exam,Sanskrit Theory Paper,Sanskrit,Secondary Foundation Practice,single_mcq,"hi,en",Bilingual (Hindi & English),1,Shift 1,Set A,HUMAN_CURATED,key-standard,syl-cbse-board-2026,NOT_VERIFIED,NOT_VERIFIED,HISTORICAL_VERIFIED,PRACTICE_ELIGIBLE
q-hy-sa-0069,src-cbse-board-portal,cbse-board,comp-cbse-board-cls10-regionallang,2026,2026,Class 10 Annual Exam,Sanskrit Theory Paper,Sanskrit,Secondary Foundation Practice,single_mcq,"hi,en",Bilingual (Hindi & English),1,Shift 1,Set A,HUMAN_CURATED,key-standard,syl-cbse-board-2026,NOT_VERIFIED,NOT_VERIFIED,HISTORICAL_VERIFIED,PRACTICE_ELIGIBLE
q-hy-sa-0070,src-cbse-board-portal,cbse-board,comp-cbse-board-cls10-regionallang,2026,2026,Class 10 Annual Exam,Sanskrit Theory Paper,Sanskrit,Secondary Foundation Practice,single_mcq,"hi,en",Bilingual (Hindi & English),1,Shift 1,Set A,HUMAN_CURATED,key-standard,syl-cbse-board-2026,NOT_VERIFIED,NOT_VERIFIED,HISTORICAL_VERIFIED,PRACTICE_ELIGIBLE
q-hy-sa-0071,src-cbse-board-portal,cbse-board,comp-cbse-board-cls10-regionallang,2026,2026,Class 10 Annual Exam,Sanskrit Theory Paper,Sanskrit,Secondary Foundation Practice,single_mcq,"hi,en",Bilingual (Hindi & English),1,Shift 1,Set A,HUMAN_CURATED,key-standard,syl-cbse-board-2026,NOT_VERIFIED,NOT_VERIFIED,HISTORICAL_VERIFIED,PRACTICE_ELIGIBLE
q-hy-sa-0072,src-cbse-board-portal,cbse-board,comp-cbse-board-cls10-regionallang,2026,2026,Class 10 Annual Exam,Sanskrit Theory Paper,Sanskrit,Secondary Foundation Practice,single_mcq,"hi,en",Bilingual (Hindi & English),1,Shift 1,Set A,HUMAN_CURATED,key-standard,syl-cbse-board-2026,NOT_VERIFIED,NOT_VERIFIED,HISTORICAL_VERIFIED,PRACTICE_ELIGIBLE
q-hy-sa-0073,src-cbse-board-portal,cbse-board,comp-cbse-board-cls10-regionallang,2026,2026,Class 10 Annual Exam,Sanskrit Theory Paper,Sanskrit,Secondary Foundation Practice,single_mcq,"hi,en",Bilingual (Hindi & English),1,Shift 1,Set A,HUMAN_CURATED,key-standard,syl-cbse-board-2026,NOT_VERIFIED,NOT_VERIFIED,HISTORICAL_VERIFIED,PRACTICE_ELIGIBLE
q-hy-sa-0074,src-cbse-board-portal,cbse-board,comp-cbse-board-cls10-regionallang,2026,2026,Class 10 Annual Exam,Sanskrit Theory Paper,Sanskrit,Secondary Foundation Practice,single_mcq,"hi,en",Bilingual (Hindi & English),1,Shift 1,Set A,HUMAN_CURATED,key-standard,syl-cbse-board-2026,NOT_VERIFIED,NOT_VERIFIED,HISTORICAL_VERIFIED,PRACTICE_ELIGIBLE
q-hy-sa-0075,src-cbse-board-portal,cbse-board,comp-cbse-board-cls10-regionallang,2026,2026,Class 10 Annual Exam,Sanskrit Theory Paper,Sanskrit,Secondary Foundation Practice,single_mcq,"hi,en",Bilingual (Hindi & English),1,Shift 1,Set A,HUMAN_CURATED,key-standard,syl-cbse-board-2026,NOT_VERIFIED,NOT_VERIFIED,HISTORICAL_VERIFIED,PRACTICE_ELIGIBLE
q-hy-sa-0076,src-cbse-board-portal,cbse-board,comp-cbse-board-cls10-regionallang,2026,2026,Class 10 Annual Exam,Sanskrit Theory Paper,Sanskrit,Secondary Foundation Practice,single_mcq,"hi,en",Bilingual (Hindi & English),1,Shift 1,Set A,HUMAN_CURATED,key-standard,syl-cbse-board-2026,NOT_VERIFIED,NOT_VERIFIED,HISTORICAL_VERIFIED,PRACTICE_ELIGIBLE
q-hy-sa-0077,src-cbse-board-portal,cbse-board,comp-cbse-board-cls10-regionallang,2026,2026,Class 10 Annual Exam,Sanskrit Theory Paper,Sanskrit,Secondary Foundation Practice,single_mcq,"hi,en",Bilingual (Hindi & English),1,Shift 1,Set A,HUMAN_CURATED,key-standard,syl-cbse-board-2026,NOT_VERIFIED,NOT_VERIFIED,HISTORICAL_VERIFIED,PRACTICE_ELIGIBLE
q-hy-sa-0078,src-cbse-board-portal,cbse-board,comp-cbse-board-cls10-regionallang,2026,2026,Class 10 Annual Exam,Sanskrit Theory Paper,Sanskrit,Secondary Foundation Practice,single_mcq,"hi,en",Bilingual (Hindi & English),1,Shift 1,Set A,HUMAN_CURATED,key-standard,syl-cbse-board-2026,NOT_VERIFIED,NOT_VERIFIED,HISTORICAL_VERIFIED,PRACTICE_ELIGIBLE
q-hy-sa-0079,src-cbse-board-portal,cbse-board,comp-cbse-board-cls10-regionallang,2026,2026,Class 10 Annual Exam,Sanskrit Theory Paper,Sanskrit,Secondary Foundation Practice,single_mcq,"hi,en",Bilingual (Hindi & English),1,Shift 1,Set A,HUMAN_CURATED,key-standard,syl-cbse-board-2026,NOT_VERIFIED,NOT_VERIFIED,HISTORICAL_VERIFIED,PRACTICE_ELIGIBLE
q-hy-sa-0080,src-cbse-board-portal,cbse-board,comp-cbse-board-cls10-regionallang,2026,2026,Class 10 Annual Exam,Sanskrit Theory Paper,Sanskrit,Secondary Foundation Practice,single_mcq,"hi,en",Bilingual (Hindi & English),1,Shift 1,Set A,HUMAN_CURATED,key-standard,syl-cbse-board-2026,NOT_VERIFIED,NOT_VERIFIED,HISTORICAL_VERIFIED,PRACTICE_ELIGIBLE
q-hy-sa-0081,src-cbse-board-portal,cbse-board,comp-cbse-board-cls10-regionallang,2026,2026,Class 10 Annual Exam,Sanskrit Theory Paper,Sanskrit,Secondary Foundation Practice,single_mcq,"hi,en",Bilingual (Hindi & English),1,Shift 1,Set A,HUMAN_CURATED,key-standard,syl-cbse-board-2026,NOT_VERIFIED,NOT_VERIFIED,HISTORICAL_VERIFIED,PRACTICE_ELIGIBLE
q-hy-sa-0082,src-cbse-board-portal,cbse-board,comp-cbse-board-cls10-regionallang,2026,2026,Class 10 Annual Exam,Sanskrit Theory Paper,Sanskrit,Secondary Foundation Practice,single_mcq,"hi,en",Bilingual (Hindi & English),1,Shift 1,Set A,HUMAN_CURATED,key-standard,syl-cbse-board-2026,NOT_VERIFIED,NOT_VERIFIED,HISTORICAL_VERIFIED,PRACTICE_ELIGIBLE
q-hy-sa-0083,src-cbse-board-portal,cbse-board,comp-cbse-board-cls10-regionallang,2026,2026,Class 10 Annual Exam,Sanskrit Theory Paper,Sanskrit,Secondary Foundation Practice,single_mcq,"hi,en",Bilingual (Hindi & English),1,Shift 1,Set A,HUMAN_CURATED,key-standard,syl-cbse-board-2026,NOT_VERIFIED,NOT_VERIFIED,HISTORICAL_VERIFIED,PRACTICE_ELIGIBLE
q-hy-sa-0084,src-cbse-board-portal,cbse-board,comp-cbse-board-cls10-regionallang,2026,2026,Class 10 Annual Exam,Sanskrit Theory Paper,Sanskrit,Secondary Foundation Practice,single_mcq,"hi,en",Bilingual (Hindi & English),1,Shift 1,Set A,HUMAN_CURATED,key-standard,syl-cbse-board-2026,NOT_VERIFIED,NOT_VERIFIED,HISTORICAL_VERIFIED,PRACTICE_ELIGIBLE
q-hy-sa-0085,src-cbse-board-portal,cbse-board,comp-cbse-board-cls10-regionallang,2026,2026,Class 10 Annual Exam,Sanskrit Theory Paper,Sanskrit,Secondary Foundation Practice,single_mcq,"hi,en",Bilingual (Hindi & English),1,Shift 1,Set A,HUMAN_CURATED,key-standard,syl-cbse-board-2026,NOT_VERIFIED,NOT_VERIFIED,HISTORICAL_VERIFIED,PRACTICE_ELIGIBLE
q-hy-sci-0001,src-cbse-board-portal,cbse-board,comp-cbse-board-cls10-science,2026,2026,Class 10 Annual Exam,Science Theory Paper,Science & Technology,Secondary Foundation Practice,single_mcq,"hi,en",Bilingual (Hindi & English),1,Shift 1,Set A,HUMAN_CURATED,key-standard,syl-cbse-board-2026,NOT_VERIFIED,NOT_VERIFIED,HISTORICAL_VERIFIED,PRACTICE_ELIGIBLE
q-hy-sci-0002,src-cbse-board-portal,cbse-board,comp-cbse-board-cls10-science,2026,2026,Class 10 Annual Exam,Science Theory Paper,Science & Technology,Secondary Foundation Practice,single_mcq,"hi,en",Bilingual (Hindi & English),1,Shift 1,Set A,HUMAN_CURATED,key-standard,syl-cbse-board-2026,NOT_VERIFIED,NOT_VERIFIED,HISTORICAL_VERIFIED,PRACTICE_ELIGIBLE
q-hy-sci-0003,src-cbse-board-portal,cbse-board,comp-cbse-board-cls10-science,2026,2026,Class 10 Annual Exam,Science Theory Paper,Science & Technology,Secondary Foundation Practice,single_mcq,"hi,en",Bilingual (Hindi & English),1,Shift 1,Set A,HUMAN_CURATED,key-standard,syl-cbse-board-2026,NOT_VERIFIED,NOT_VERIFIED,HISTORICAL_VERIFIED,PRACTICE_ELIGIBLE
q-hy-sci-0004,src-cbse-board-portal,cbse-board,comp-cbse-board-cls10-science,2026,2026,Class 10 Annual Exam,Science Theory Paper,Science & Technology,Secondary Foundation Practice,single_mcq,"hi,en",Bilingual (Hindi & English),1,Shift 1,Set A,HUMAN_CURATED,key-standard,syl-cbse-board-2026,NOT_VERIFIED,NOT_VERIFIED,HISTORICAL_VERIFIED,PRACTICE_ELIGIBLE
q-hy-sci-0005,src-cbse-board-portal,cbse-board,comp-cbse-board-cls10-science,2026,2026,Class 10 Annual Exam,Science Theory Paper,Science & Technology,Secondary Foundation Practice,single_mcq,"hi,en",Bilingual (Hindi & English),1,Shift 1,Set A,HUMAN_CURATED,key-standard,syl-cbse-board-2026,NOT_VERIFIED,NOT_VERIFIED,HISTORICAL_VERIFIED,PRACTICE_ELIGIBLE
q-hy-sci-0006,src-cbse-board-portal,cbse-board,comp-cbse-board-cls10-science,2026,2026,Class 10 Annual Exam,Science Theory Paper,Science & Technology,Secondary Foundation Practice,single_mcq,"hi,en",Bilingual (Hindi & English),1,Shift 1,Set A,HUMAN_CURATED,key-standard,syl-cbse-board-2026,NOT_VERIFIED,NOT_VERIFIED,HISTORICAL_VERIFIED,PRACTICE_ELIGIBLE
q-hy-sci-0007,src-cbse-board-portal,cbse-board,comp-cbse-board-cls10-science,2026,2026,Class 10 Annual Exam,Science Theory Paper,Science & Technology,Secondary Foundation Practice,single_mcq,"hi,en",Bilingual (Hindi & English),1,Shift 1,Set A,HUMAN_CURATED,key-standard,syl-cbse-board-2026,NOT_VERIFIED,NOT_VERIFIED,HISTORICAL_VERIFIED,PRACTICE_ELIGIBLE
q-hy-sci-0008,src-cbse-board-portal,cbse-board,comp-cbse-board-cls10-science,2026,2026,Class 10 Annual Exam,Science Theory Paper,Science & Technology,Secondary Foundation Practice,single_mcq,"hi,en",Bilingual (Hindi & English),1,Shift 1,Set A,HUMAN_CURATED,key-standard,syl-cbse-board-2026,NOT_VERIFIED,NOT_VERIFIED,HISTORICAL_VERIFIED,PRACTICE_ELIGIBLE
q-hy-sci-0009,src-cbse-board-portal,cbse-board,comp-cbse-board-cls10-science,2026,2026,Class 10 Annual Exam,Science Theory Paper,Science & Technology,Secondary Foundation Practice,single_mcq,"hi,en",Bilingual (Hindi & English),1,Shift 1,Set A,HUMAN_CURATED,key-standard,syl-cbse-board-2026,NOT_VERIFIED,NOT_VERIFIED,HISTORICAL_VERIFIED,PRACTICE_ELIGIBLE
q-hy-sci-0010,src-cbse-board-portal,cbse-board,comp-cbse-board-cls10-science,2026,2026,Class 10 Annual Exam,Science Theory Paper,Science & Technology,Secondary Foundation Practice,single_mcq,"hi,en",Bilingual (Hindi & English),1,Shift 1,Set A,HUMAN_CURATED,key-standard,syl-cbse-board-2026,NOT_VERIFIED,NOT_VERIFIED,HISTORICAL_VERIFIED,PRACTICE_ELIGIBLE
q-hy-sci-0011,src-cbse-board-portal,cbse-board,comp-cbse-board-cls10-science,2026,2026,Class 10 Annual Exam,Science Theory Paper,Science & Technology,Secondary Foundation Practice,single_mcq,"hi,en",Bilingual (Hindi & English),1,Shift 1,Set A,HUMAN_CURATED,key-standard,syl-cbse-board-2026,NOT_VERIFIED,NOT_VERIFIED,HISTORICAL_VERIFIED,PRACTICE_ELIGIBLE
q-hy-sci-0012,src-cbse-board-portal,cbse-board,comp-cbse-board-cls10-science,2026,2026,Class 10 Annual Exam,Science Theory Paper,Science & Technology,Secondary Foundation Practice,single_mcq,"hi,en",Bilingual (Hindi & English),1,Shift 1,Set A,HUMAN_CURATED,key-standard,syl-cbse-board-2026,NOT_VERIFIED,NOT_VERIFIED,HISTORICAL_VERIFIED,PRACTICE_ELIGIBLE
q-hy-sci-0013,src-cbse-board-portal,cbse-board,comp-cbse-board-cls10-science,2026,2026,Class 10 Annual Exam,Science Theory Paper,Science & Technology,Secondary Foundation Practice,single_mcq,"hi,en",Bilingual (Hindi & English),1,Shift 1,Set A,HUMAN_CURATED,key-standard,syl-cbse-board-2026,NOT_VERIFIED,NOT_VERIFIED,HISTORICAL_VERIFIED,PRACTICE_ELIGIBLE
q-hy-sci-0014,src-cbse-board-portal,cbse-board,comp-cbse-board-cls10-science,2026,2026,Class 10 Annual Exam,Science Theory Paper,Science & Technology,Secondary Foundation Practice,single_mcq,"hi,en",Bilingual (Hindi & English),1,Shift 1,Set A,HUMAN_CURATED,key-standard,syl-cbse-board-2026,NOT_VERIFIED,NOT_VERIFIED,HISTORICAL_VERIFIED,PRACTICE_ELIGIBLE
q-hy-sci-0015,src-cbse-board-portal,cbse-board,comp-cbse-board-cls10-science,2026,2026,Class 10 Annual Exam,Science Theory Paper,Science & Technology,Secondary Foundation Practice,single_mcq,"hi,en",Bilingual (Hindi & English),1,Shift 1,Set A,HUMAN_CURATED,key-standard,syl-cbse-board-2026,NOT_VERIFIED,NOT_VERIFIED,HISTORICAL_VERIFIED,PRACTICE_ELIGIBLE
q-hy-sci-0016,src-cbse-board-portal,cbse-board,comp-cbse-board-cls10-science,2026,2026,Class 10 Annual Exam,Science Theory Paper,Science & Technology,Secondary Foundation Practice,single_mcq,"hi,en",Bilingual (Hindi & English),1,Shift 1,Set A,HUMAN_CURATED,key-standard,syl-cbse-board-2026,NOT_VERIFIED,NOT_VERIFIED,HISTORICAL_VERIFIED,PRACTICE_ELIGIBLE
q-hy-sci-0017,src-cbse-board-portal,cbse-board,comp-cbse-board-cls10-science,2026,2026,Class 10 Annual Exam,Science Theory Paper,Science & Technology,Secondary Foundation Practice,single_mcq,"hi,en",Bilingual (Hindi & English),1,Shift 1,Set A,HUMAN_CURATED,key-standard,syl-cbse-board-2026,NOT_VERIFIED,NOT_VERIFIED,HISTORICAL_VERIFIED,PRACTICE_ELIGIBLE
q-hy-sci-0018,src-cbse-board-portal,cbse-board,comp-cbse-board-cls10-science,2026,2026,Class 10 Annual Exam,Science Theory Paper,Science & Technology,Secondary Foundation Practice,single_mcq,"hi,en",Bilingual (Hindi & English),1,Shift 1,Set A,HUMAN_CURATED,key-standard,syl-cbse-board-2026,NOT_VERIFIED,NOT_VERIFIED,HISTORICAL_VERIFIED,PRACTICE_ELIGIBLE
q-hy-sci-0019,src-cbse-board-portal,cbse-board,comp-cbse-board-cls10-science,2026,2026,Class 10 Annual Exam,Science Theory Paper,Science & Technology,Secondary Foundation Practice,single_mcq,"hi,en",Bilingual (Hindi & English),1,Shift 1,Set A,HUMAN_CURATED,key-standard,syl-cbse-board-2026,NOT_VERIFIED,NOT_VERIFIED,HISTORICAL_VERIFIED,PRACTICE_ELIGIBLE
q-hy-sci-0020,src-cbse-board-portal,cbse-board,comp-cbse-board-cls10-science,2026,2026,Class 10 Annual Exam,Science Theory Paper,Science & Technology,Secondary Foundation Practice,single_mcq,"hi,en",Bilingual (Hindi & English),1,Shift 1,Set A,HUMAN_CURATED,key-standard,syl-cbse-board-2026,NOT_VERIFIED,NOT_VERIFIED,HISTORICAL_VERIFIED,PRACTICE_ELIGIBLE
q-hy-sci-0021,src-cbse-board-portal,cbse-board,comp-cbse-board-cls10-science,2026,2026,Class 10 Annual Exam,Science Theory Paper,Science & Technology,Secondary Foundation Practice,single_mcq,"hi,en",Bilingual (Hindi & English),1,Shift 1,Set A,HUMAN_CURATED,key-standard,syl-cbse-board-2026,NOT_VERIFIED,NOT_VERIFIED,HISTORICAL_VERIFIED,PRACTICE_ELIGIBLE
q-hy-sci-0022,src-cbse-board-portal,cbse-board,comp-cbse-board-cls10-science,2026,2026,Class 10 Annual Exam,Science Theory Paper,Science & Technology,Secondary Foundation Practice,single_mcq,"hi,en",Bilingual (Hindi & English),1,Shift 1,Set A,HUMAN_CURATED,key-standard,syl-cbse-board-2026,NOT_VERIFIED,NOT_VERIFIED,HISTORICAL_VERIFIED,PRACTICE_ELIGIBLE
q-hy-sci-0023,src-cbse-board-portal,cbse-board,comp-cbse-board-cls10-science,2026,2026,Class 10 Annual Exam,Science Theory Paper,Science & Technology,Secondary Foundation Practice,single_mcq,"hi,en",Bilingual (Hindi & English),1,Shift 1,Set A,HUMAN_CURATED,key-standard,syl-cbse-board-2026,NOT_VERIFIED,NOT_VERIFIED,HISTORICAL_VERIFIED,PRACTICE_ELIGIBLE
q-hy-sci-0024,src-cbse-board-portal,cbse-board,comp-cbse-board-cls10-science,2026,2026,Class 10 Annual Exam,Science Theory Paper,Science & Technology,Secondary Foundation Practice,single_mcq,"hi,en",Bilingual (Hindi & English),1,Shift 1,Set A,HUMAN_CURATED,key-standard,syl-cbse-board-2026,NOT_VERIFIED,NOT_VERIFIED,HISTORICAL_VERIFIED,PRACTICE_ELIGIBLE
q-hy-sci-0025,src-cbse-board-portal,cbse-board,comp-cbse-board-cls10-science,2026,2026,Class 10 Annual Exam,Science Theory Paper,Science & Technology,Secondary Foundation Practice,single_mcq,"hi,en",Bilingual (Hindi & English),1,Shift 1,Set A,HUMAN_CURATED,key-standard,syl-cbse-board-2026,NOT_VERIFIED,NOT_VERIFIED,HISTORICAL_VERIFIED,PRACTICE_ELIGIBLE
q-hy-sci-0026,src-cbse-board-portal,cbse-board,comp-cbse-board-cls10-science,2026,2026,Class 10 Annual Exam,Science Theory Paper,Science & Technology,Secondary Foundation Practice,single_mcq,"hi,en",Bilingual (Hindi & English),1,Shift 1,Set A,HUMAN_CURATED,key-standard,syl-cbse-board-2026,NOT_VERIFIED,NOT_VERIFIED,HISTORICAL_VERIFIED,PRACTICE_ELIGIBLE
q-hy-sci-0027,src-cbse-board-portal,cbse-board,comp-cbse-board-cls10-science,2026,2026,Class 10 Annual Exam,Science Theory Paper,Science & Technology,Secondary Foundation Practice,single_mcq,"hi,en",Bilingual (Hindi & English),1,Shift 1,Set A,HUMAN_CURATED,key-standard,syl-cbse-board-2026,NOT_VERIFIED,NOT_VERIFIED,HISTORICAL_VERIFIED,PRACTICE_ELIGIBLE
q-hy-sci-0028,src-cbse-board-portal,cbse-board,comp-cbse-board-cls10-science,2026,2026,Class 10 Annual Exam,Science Theory Paper,Science & Technology,Secondary Foundation Practice,single_mcq,"hi,en",Bilingual (Hindi & English),1,Shift 1,Set A,HUMAN_CURATED,key-standard,syl-cbse-board-2026,NOT_VERIFIED,NOT_VERIFIED,HISTORICAL_VERIFIED,PRACTICE_ELIGIBLE
q-hy-sci-0029,src-cbse-board-portal,cbse-board,comp-cbse-board-cls10-science,2026,2026,Class 10 Annual Exam,Science Theory Paper,Science & Technology,Secondary Foundation Practice,single_mcq,"hi,en",Bilingual (Hindi & English),1,Shift 1,Set A,HUMAN_CURATED,key-standard,syl-cbse-board-2026,NOT_VERIFIED,NOT_VERIFIED,HISTORICAL_VERIFIED,PRACTICE_ELIGIBLE
q-hy-sci-0030,src-cbse-board-portal,cbse-board,comp-cbse-board-cls10-science,2026,2026,Class 10 Annual Exam,Science Theory Paper,Science & Technology,Secondary Foundation Practice,single_mcq,"hi,en",Bilingual (Hindi & English),1,Shift 1,Set A,HUMAN_CURATED,key-standard,syl-cbse-board-2026,NOT_VERIFIED,NOT_VERIFIED,HISTORICAL_VERIFIED,PRACTICE_ELIGIBLE
q-hy-sci-0031,src-cbse-board-portal,cbse-board,comp-cbse-board-cls10-science,2026,2026,Class 10 Annual Exam,Science Theory Paper,Science & Technology,Secondary Foundation Practice,single_mcq,"hi,en",Bilingual (Hindi & English),1,Shift 1,Set A,HUMAN_CURATED,key-standard,syl-cbse-board-2026,NOT_VERIFIED,NOT_VERIFIED,HISTORICAL_VERIFIED,PRACTICE_ELIGIBLE
q-hy-sci-0032,src-cbse-board-portal,cbse-board,comp-cbse-board-cls10-science,2026,2026,Class 10 Annual Exam,Science Theory Paper,Science & Technology,Secondary Foundation Practice,single_mcq,"hi,en",Bilingual (Hindi & English),1,Shift 1,Set A,HUMAN_CURATED,key-standard,syl-cbse-board-2026,NOT_VERIFIED,NOT_VERIFIED,HISTORICAL_VERIFIED,PRACTICE_ELIGIBLE
q-hy-sci-0033,src-cbse-board-portal,cbse-board,comp-cbse-board-cls10-science,2026,2026,Class 10 Annual Exam,Science Theory Paper,Science & Technology,Secondary Foundation Practice,single_mcq,"hi,en",Bilingual (Hindi & English),1,Shift 1,Set A,HUMAN_CURATED,key-standard,syl-cbse-board-2026,NOT_VERIFIED,NOT_VERIFIED,HISTORICAL_VERIFIED,PRACTICE_ELIGIBLE
q-hy-sci-0034,src-cbse-board-portal,cbse-board,comp-cbse-board-cls10-science,2026,2026,Class 10 Annual Exam,Science Theory Paper,Science & Technology,Secondary Foundation Practice,single_mcq,"hi,en",Bilingual (Hindi & English),1,Shift 1,Set A,HUMAN_CURATED,key-standard,syl-cbse-board-2026,NOT_VERIFIED,NOT_VERIFIED,HISTORICAL_VERIFIED,PRACTICE_ELIGIBLE
q-hy-sci-0035,src-cbse-board-portal,cbse-board,comp-cbse-board-cls10-science,2026,2026,Class 10 Annual Exam,Science Theory Paper,Science & Technology,Secondary Foundation Practice,single_mcq,"hi,en",Bilingual (Hindi & English),1,Shift 1,Set A,HUMAN_CURATED,key-standard,syl-cbse-board-2026,NOT_VERIFIED,NOT_VERIFIED,HISTORICAL_VERIFIED,PRACTICE_ELIGIBLE
q-hy-sci-0036,src-cbse-board-portal,cbse-board,comp-cbse-board-cls10-science,2026,2026,Class 10 Annual Exam,Science Theory Paper,Science & Technology,Secondary Foundation Practice,single_mcq,"hi,en",Bilingual (Hindi & English),1,Shift 1,Set A,HUMAN_CURATED,key-standard,syl-cbse-board-2026,NOT_VERIFIED,NOT_VERIFIED,HISTORICAL_VERIFIED,PRACTICE_ELIGIBLE
q-hy-sci-0037,src-cbse-board-portal,cbse-board,comp-cbse-board-cls10-science,2026,2026,Class 10 Annual Exam,Science Theory Paper,Science & Technology,Secondary Foundation Practice,single_mcq,"hi,en",Bilingual (Hindi & English),1,Shift 1,Set A,HUMAN_CURATED,key-standard,syl-cbse-board-2026,NOT_VERIFIED,NOT_VERIFIED,HISTORICAL_VERIFIED,PRACTICE_ELIGIBLE
q-hy-sci-0038,src-cbse-board-portal,cbse-board,comp-cbse-board-cls10-science,2026,2026,Class 10 Annual Exam,Science Theory Paper,Science & Technology,Secondary Foundation Practice,single_mcq,"hi,en",Bilingual (Hindi & English),1,Shift 1,Set A,HUMAN_CURATED,key-standard,syl-cbse-board-2026,NOT_VERIFIED,NOT_VERIFIED,HISTORICAL_VERIFIED,PRACTICE_ELIGIBLE
q-hy-sci-0039,src-cbse-board-portal,cbse-board,comp-cbse-board-cls10-science,2026,2026,Class 10 Annual Exam,Science Theory Paper,Science & Technology,Secondary Foundation Practice,single_mcq,"hi,en",Bilingual (Hindi & English),1,Shift 1,Set A,HUMAN_CURATED,key-standard,syl-cbse-board-2026,NOT_VERIFIED,NOT_VERIFIED,HISTORICAL_VERIFIED,PRACTICE_ELIGIBLE
q-hy-sci-0040,src-cbse-board-portal,cbse-board,comp-cbse-board-cls10-science,2026,2026,Class 10 Annual Exam,Science Theory Paper,Science & Technology,Secondary Foundation Practice,single_mcq,"hi,en",Bilingual (Hindi & English),1,Shift 1,Set A,HUMAN_CURATED,key-standard,syl-cbse-board-2026,NOT_VERIFIED,NOT_VERIFIED,HISTORICAL_VERIFIED,PRACTICE_ELIGIBLE
q-hy-sci-0041,src-cbse-board-portal,cbse-board,comp-cbse-board-cls10-science,2026,2026,Class 10 Annual Exam,Science Theory Paper,Science & Technology,Secondary Foundation Practice,single_mcq,"hi,en",Bilingual (Hindi & English),1,Shift 1,Set A,HUMAN_CURATED,key-standard,syl-cbse-board-2026,NOT_VERIFIED,NOT_VERIFIED,HISTORICAL_VERIFIED,PRACTICE_ELIGIBLE
q-hy-sci-0042,src-cbse-board-portal,cbse-board,comp-cbse-board-cls10-science,2026,2026,Class 10 Annual Exam,Science Theory Paper,Science & Technology,Secondary Foundation Practice,single_mcq,"hi,en",Bilingual (Hindi & English),1,Shift 1,Set A,HUMAN_CURATED,key-standard,syl-cbse-board-2026,NOT_VERIFIED,NOT_VERIFIED,HISTORICAL_VERIFIED,PRACTICE_ELIGIBLE
q-hy-sci-0043,src-cbse-board-portal,cbse-board,comp-cbse-board-cls10-science,2026,2026,Class 10 Annual Exam,Science Theory Paper,Science & Technology,Secondary Foundation Practice,single_mcq,"hi,en",Bilingual (Hindi & English),1,Shift 1,Set A,HUMAN_CURATED,key-standard,syl-cbse-board-2026,NOT_VERIFIED,NOT_VERIFIED,HISTORICAL_VERIFIED,PRACTICE_ELIGIBLE
q-hy-sci-0044,src-cbse-board-portal,cbse-board,comp-cbse-board-cls10-science,2026,2026,Class 10 Annual Exam,Science Theory Paper,Science & Technology,Secondary Foundation Practice,single_mcq,"hi,en",Bilingual (Hindi & English),1,Shift 1,Set A,HUMAN_CURATED,key-standard,syl-cbse-board-2026,NOT_VERIFIED,NOT_VERIFIED,HISTORICAL_VERIFIED,PRACTICE_ELIGIBLE
q-hy-sci-0045,src-cbse-board-portal,cbse-board,comp-cbse-board-cls10-science,2026,2026,Class 10 Annual Exam,Science Theory Paper,Science & Technology,Secondary Foundation Practice,single_mcq,"hi,en",Bilingual (Hindi & English),1,Shift 1,Set A,HUMAN_CURATED,key-standard,syl-cbse-board-2026,NOT_VERIFIED,NOT_VERIFIED,HISTORICAL_VERIFIED,PRACTICE_ELIGIBLE
q-hy-sci-0046,src-cbse-board-portal,cbse-board,comp-cbse-board-cls10-science,2026,2026,Class 10 Annual Exam,Science Theory Paper,Science & Technology,Secondary Foundation Practice,single_mcq,"hi,en",Bilingual (Hindi & English),1,Shift 1,Set A,HUMAN_CURATED,key-standard,syl-cbse-board-2026,NOT_VERIFIED,NOT_VERIFIED,HISTORICAL_VERIFIED,PRACTICE_ELIGIBLE
q-hy-sci-0047,src-cbse-board-portal,cbse-board,comp-cbse-board-cls10-science,2026,2026,Class 10 Annual Exam,Science Theory Paper,Science & Technology,Secondary Foundation Practice,single_mcq,"hi,en",Bilingual (Hindi & English),1,Shift 1,Set A,HUMAN_CURATED,key-standard,syl-cbse-board-2026,NOT_VERIFIED,NOT_VERIFIED,HISTORICAL_VERIFIED,PRACTICE_ELIGIBLE
q-hy-sci-0048,src-cbse-board-portal,cbse-board,comp-cbse-board-cls10-science,2026,2026,Class 10 Annual Exam,Science Theory Paper,Science & Technology,Secondary Foundation Practice,single_mcq,"hi,en",Bilingual (Hindi & English),1,Shift 1,Set A,HUMAN_CURATED,key-standard,syl-cbse-board-2026,NOT_VERIFIED,NOT_VERIFIED,HISTORICAL_VERIFIED,PRACTICE_ELIGIBLE
q-hy-sci-0049,src-cbse-board-portal,cbse-board,comp-cbse-board-cls10-science,2026,2026,Class 10 Annual Exam,Science Theory Paper,Science & Technology,Secondary Foundation Practice,single_mcq,"hi,en",Bilingual (Hindi & English),1,Shift 1,Set A,HUMAN_CURATED,key-standard,syl-cbse-board-2026,NOT_VERIFIED,NOT_VERIFIED,HISTORICAL_VERIFIED,PRACTICE_ELIGIBLE
q-hy-sci-0050,src-cbse-board-portal,cbse-board,comp-cbse-board-cls10-science,2026,2026,Class 10 Annual Exam,Science Theory Paper,Science & Technology,Secondary Foundation Practice,single_mcq,"hi,en",Bilingual (Hindi & English),1,Shift 1,Set A,HUMAN_CURATED,key-standard,syl-cbse-board-2026,NOT_VERIFIED,NOT_VERIFIED,HISTORICAL_VERIFIED,PRACTICE_ELIGIBLE
q-hy-sci-0051,src-cbse-board-portal,cbse-board,comp-cbse-board-cls10-science,2026,2026,Class 10 Annual Exam,Science Theory Paper,Science & Technology,Secondary Foundation Practice,single_mcq,"hi,en",Bilingual (Hindi & English),1,Shift 1,Set A,HUMAN_CURATED,key-standard,syl-cbse-board-2026,NOT_VERIFIED,NOT_VERIFIED,HISTORICAL_VERIFIED,PRACTICE_ELIGIBLE
q-hy-sci-0052,src-cbse-board-portal,cbse-board,comp-cbse-board-cls10-science,2026,2026,Class 10 Annual Exam,Science Theory Paper,Science & Technology,Secondary Foundation Practice,single_mcq,"hi,en",Bilingual (Hindi & English),1,Shift 1,Set A,HUMAN_CURATED,key-standard,syl-cbse-board-2026,NOT_VERIFIED,NOT_VERIFIED,HISTORICAL_VERIFIED,PRACTICE_ELIGIBLE
q-hy-sci-0053,src-cbse-board-portal,cbse-board,comp-cbse-board-cls10-science,2026,2026,Class 10 Annual Exam,Science Theory Paper,Science & Technology,Secondary Foundation Practice,single_mcq,"hi,en",Bilingual (Hindi & English),1,Shift 1,Set A,HUMAN_CURATED,key-standard,syl-cbse-board-2026,NOT_VERIFIED,NOT_VERIFIED,HISTORICAL_VERIFIED,PRACTICE_ELIGIBLE
q-hy-sci-0054,src-cbse-board-portal,cbse-board,comp-cbse-board-cls10-science,2026,2026,Class 10 Annual Exam,Science Theory Paper,Science & Technology,Secondary Foundation Practice,single_mcq,"hi,en",Bilingual (Hindi & English),1,Shift 1,Set A,HUMAN_CURATED,key-standard,syl-cbse-board-2026,NOT_VERIFIED,NOT_VERIFIED,HISTORICAL_VERIFIED,PRACTICE_ELIGIBLE
q-hy-sci-0055,src-cbse-board-portal,cbse-board,comp-cbse-board-cls10-science,2026,2026,Class 10 Annual Exam,Science Theory Paper,Science & Technology,Secondary Foundation Practice,single_mcq,"hi,en",Bilingual (Hindi & English),1,Shift 1,Set A,HUMAN_CURATED,key-standard,syl-cbse-board-2026,NOT_VERIFIED,NOT_VERIFIED,HISTORICAL_VERIFIED,PRACTICE_ELIGIBLE
q-hy-sci-0056,src-cbse-board-portal,cbse-board,comp-cbse-board-cls10-science,2026,2026,Class 10 Annual Exam,Science Theory Paper,Science & Technology,Secondary Foundation Practice,single_mcq,"hi,en",Bilingual (Hindi & English),1,Shift 1,Set A,HUMAN_CURATED,key-standard,syl-cbse-board-2026,NOT_VERIFIED,NOT_VERIFIED,HISTORICAL_VERIFIED,PRACTICE_ELIGIBLE
q-hy-sci-0057,src-cbse-board-portal,cbse-board,comp-cbse-board-cls10-science,2026,2026,Class 10 Annual Exam,Science Theory Paper,Science & Technology,Secondary Foundation Practice,single_mcq,"hi,en",Bilingual (Hindi & English),1,Shift 1,Set A,HUMAN_CURATED,key-standard,syl-cbse-board-2026,NOT_VERIFIED,NOT_VERIFIED,HISTORICAL_VERIFIED,PRACTICE_ELIGIBLE
q-hy-sci-0058,src-cbse-board-portal,cbse-board,comp-cbse-board-cls10-science,2026,2026,Class 10 Annual Exam,Science Theory Paper,Science & Technology,Secondary Foundation Practice,single_mcq,"hi,en",Bilingual (Hindi & English),1,Shift 1,Set A,HUMAN_CURATED,key-standard,syl-cbse-board-2026,NOT_VERIFIED,NOT_VERIFIED,HISTORICAL_VERIFIED,PRACTICE_ELIGIBLE
q-hy-sci-0059,src-cbse-board-portal,cbse-board,comp-cbse-board-cls10-science,2026,2026,Class 10 Annual Exam,Science Theory Paper,Science & Technology,Secondary Foundation Practice,single_mcq,"hi,en",Bilingual (Hindi & English),1,Shift 1,Set A,HUMAN_CURATED,key-standard,syl-cbse-board-2026,NOT_VERIFIED,NOT_VERIFIED,HISTORICAL_VERIFIED,PRACTICE_ELIGIBLE
q-hy-sci-0060,src-cbse-board-portal,cbse-board,comp-cbse-board-cls10-science,2026,2026,Class 10 Annual Exam,Science Theory Paper,Science & Technology,Secondary Foundation Practice,single_mcq,"hi,en",Bilingual (Hindi & English),1,Shift 1,Set A,HUMAN_CURATED,key-standard,syl-cbse-board-2026,NOT_VERIFIED,NOT_VERIFIED,HISTORICAL_VERIFIED,PRACTICE_ELIGIBLE
q-hy-sci-0061,src-cbse-board-portal,cbse-board,comp-cbse-board-cls10-science,2026,2026,Class 10 Annual Exam,Science Theory Paper,Science & Technology,Secondary Foundation Practice,single_mcq,"hi,en",Bilingual (Hindi & English),1,Shift 1,Set A,HUMAN_CURATED,key-standard,syl-cbse-board-2026,NOT_VERIFIED,NOT_VERIFIED,HISTORICAL_VERIFIED,PRACTICE_ELIGIBLE
q-hy-sci-0062,src-cbse-board-portal,cbse-board,comp-cbse-board-cls10-science,2026,2026,Class 10 Annual Exam,Science Theory Paper,Science & Technology,Secondary Foundation Practice,single_mcq,"hi,en",Bilingual (Hindi & English),1,Shift 1,Set A,HUMAN_CURATED,key-standard,syl-cbse-board-2026,NOT_VERIFIED,NOT_VERIFIED,HISTORICAL_VERIFIED,PRACTICE_ELIGIBLE
q-hy-sci-0063,src-cbse-board-portal,cbse-board,comp-cbse-board-cls10-science,2026,2026,Class 10 Annual Exam,Science Theory Paper,Science & Technology,Secondary Foundation Practice,single_mcq,"hi,en",Bilingual (Hindi & English),1,Shift 1,Set A,HUMAN_CURATED,key-standard,syl-cbse-board-2026,NOT_VERIFIED,NOT_VERIFIED,HISTORICAL_VERIFIED,PRACTICE_ELIGIBLE
q-hy-sci-0064,src-cbse-board-portal,cbse-board,comp-cbse-board-cls10-science,2026,2026,Class 10 Annual Exam,Science Theory Paper,Science & Technology,Secondary Foundation Practice,single_mcq,"hi,en",Bilingual (Hindi & English),1,Shift 1,Set A,HUMAN_CURATED,key-standard,syl-cbse-board-2026,NOT_VERIFIED,NOT_VERIFIED,HISTORICAL_VERIFIED,PRACTICE_ELIGIBLE
q-hy-sci-0065,src-cbse-board-portal,cbse-board,comp-cbse-board-cls10-science,2026,2026,Class 10 Annual Exam,Science Theory Paper,Science & Technology,Secondary Foundation Practice,single_mcq,"hi,en",Bilingual (Hindi & English),1,Shift 1,Set A,HUMAN_CURATED,key-standard,syl-cbse-board-2026,NOT_VERIFIED,NOT_VERIFIED,HISTORICAL_VERIFIED,PRACTICE_ELIGIBLE
q-hy-sci-0066,src-cbse-board-portal,cbse-board,comp-cbse-board-cls10-science,2026,2026,Class 10 Annual Exam,Science Theory Paper,Science & Technology,Secondary Foundation Practice,single_mcq,"hi,en",Bilingual (Hindi & English),1,Shift 1,Set A,HUMAN_CURATED,key-standard,syl-cbse-board-2026,NOT_VERIFIED,NOT_VERIFIED,HISTORICAL_VERIFIED,PRACTICE_ELIGIBLE
q-hy-sci-0067,src-cbse-board-portal,cbse-board,comp-cbse-board-cls10-science,2026,2026,Class 10 Annual Exam,Science Theory Paper,Science & Technology,Secondary Foundation Practice,single_mcq,"hi,en",Bilingual (Hindi & English),1,Shift 1,Set A,HUMAN_CURATED,key-standard,syl-cbse-board-2026,NOT_VERIFIED,NOT_VERIFIED,HISTORICAL_VERIFIED,PRACTICE_ELIGIBLE
q-hy-sci-0068,src-cbse-board-portal,cbse-board,comp-cbse-board-cls10-science,2026,2026,Class 10 Annual Exam,Science Theory Paper,Science & Technology,Secondary Foundation Practice,single_mcq,"hi,en",Bilingual (Hindi & English),1,Shift 1,Set A,HUMAN_CURATED,key-standard,syl-cbse-board-2026,NOT_VERIFIED,NOT_VERIFIED,HISTORICAL_VERIFIED,PRACTICE_ELIGIBLE
q-hy-sci-0069,src-cbse-board-portal,cbse-board,comp-cbse-board-cls10-science,2026,2026,Class 10 Annual Exam,Science Theory Paper,Science & Technology,Secondary Foundation Practice,single_mcq,"hi,en",Bilingual (Hindi & English),1,Shift 1,Set A,HUMAN_CURATED,key-standard,syl-cbse-board-2026,NOT_VERIFIED,NOT_VERIFIED,HISTORICAL_VERIFIED,PRACTICE_ELIGIBLE
q-hy-sci-0070,src-cbse-board-portal,cbse-board,comp-cbse-board-cls10-science,2026,2026,Class 10 Annual Exam,Science Theory Paper,Science & Technology,Secondary Foundation Practice,single_mcq,"hi,en",Bilingual (Hindi & English),1,Shift 1,Set A,HUMAN_CURATED,key-standard,syl-cbse-board-2026,NOT_VERIFIED,NOT_VERIFIED,HISTORICAL_VERIFIED,PRACTICE_ELIGIBLE
q-hy-sci-0071,src-cbse-board-portal,cbse-board,comp-cbse-board-cls10-science,2026,2026,Class 10 Annual Exam,Science Theory Paper,Science & Technology,Secondary Foundation Practice,single_mcq,"hi,en",Bilingual (Hindi & English),1,Shift 1,Set A,HUMAN_CURATED,key-standard,syl-cbse-board-2026,NOT_VERIFIED,NOT_VERIFIED,HISTORICAL_VERIFIED,PRACTICE_ELIGIBLE
q-hy-sci-0072,src-cbse-board-portal,cbse-board,comp-cbse-board-cls10-science,2026,2026,Class 10 Annual Exam,Science Theory Paper,Science & Technology,Secondary Foundation Practice,single_mcq,"hi,en",Bilingual (Hindi & English),1,Shift 1,Set A,HUMAN_CURATED,key-standard,syl-cbse-board-2026,NOT_VERIFIED,NOT_VERIFIED,HISTORICAL_VERIFIED,PRACTICE_ELIGIBLE
q-hy-sci-0073,src-cbse-board-portal,cbse-board,comp-cbse-board-cls10-science,2026,2026,Class 10 Annual Exam,Science Theory Paper,Science & Technology,Secondary Foundation Practice,single_mcq,"hi,en",Bilingual (Hindi & English),1,Shift 1,Set A,HUMAN_CURATED,key-standard,syl-cbse-board-2026,NOT_VERIFIED,NOT_VERIFIED,HISTORICAL_VERIFIED,PRACTICE_ELIGIBLE
q-hy-sci-0074,src-cbse-board-portal,cbse-board,comp-cbse-board-cls10-science,2026,2026,Class 10 Annual Exam,Science Theory Paper,Science & Technology,Secondary Foundation Practice,single_mcq,"hi,en",Bilingual (Hindi & English),1,Shift 1,Set A,HUMAN_CURATED,key-standard,syl-cbse-board-2026,NOT_VERIFIED,NOT_VERIFIED,HISTORICAL_VERIFIED,PRACTICE_ELIGIBLE
q-hy-sci-0075,src-cbse-board-portal,cbse-board,comp-cbse-board-cls10-science,2026,2026,Class 10 Annual Exam,Science Theory Paper,Science & Technology,Secondary Foundation Practice,single_mcq,"hi,en",Bilingual (Hindi & English),1,Shift 1,Set A,HUMAN_CURATED,key-standard,syl-cbse-board-2026,NOT_VERIFIED,NOT_VERIFIED,HISTORICAL_VERIFIED,PRACTICE_ELIGIBLE
q-hy-sci-0076,src-cbse-board-portal,cbse-board,comp-cbse-board-cls10-science,2026,2026,Class 10 Annual Exam,Science Theory Paper,Science & Technology,Secondary Foundation Practice,single_mcq,"hi,en",Bilingual (Hindi & English),1,Shift 1,Set A,HUMAN_CURATED,key-standard,syl-cbse-board-2026,NOT_VERIFIED,NOT_VERIFIED,HISTORICAL_VERIFIED,PRACTICE_ELIGIBLE
q-hy-sci-0077,src-cbse-board-portal,cbse-board,comp-cbse-board-cls10-science,2026,2026,Class 10 Annual Exam,Science Theory Paper,Science & Technology,Secondary Foundation Practice,single_mcq,"hi,en",Bilingual (Hindi & English),1,Shift 1,Set A,HUMAN_CURATED,key-standard,syl-cbse-board-2026,NOT_VERIFIED,NOT_VERIFIED,HISTORICAL_VERIFIED,PRACTICE_ELIGIBLE
q-hy-sci-0078,src-cbse-board-portal,cbse-board,comp-cbse-board-cls10-science,2026,2026,Class 10 Annual Exam,Science Theory Paper,Science & Technology,Secondary Foundation Practice,single_mcq,"hi,en",Bilingual (Hindi & English),1,Shift 1,Set A,HUMAN_CURATED,key-standard,syl-cbse-board-2026,NOT_VERIFIED,NOT_VERIFIED,HISTORICAL_VERIFIED,PRACTICE_ELIGIBLE
q-hy-sci-0079,src-cbse-board-portal,cbse-board,comp-cbse-board-cls10-science,2026,2026,Class 10 Annual Exam,Science Theory Paper,Science & Technology,Secondary Foundation Practice,single_mcq,"hi,en",Bilingual (Hindi & English),1,Shift 1,Set A,HUMAN_CURATED,key-standard,syl-cbse-board-2026,NOT_VERIFIED,NOT_VERIFIED,HISTORICAL_VERIFIED,PRACTICE_ELIGIBLE
q-hy-sci-0080,src-cbse-board-portal,cbse-board,comp-cbse-board-cls10-science,2026,2026,Class 10 Annual Exam,Science Theory Paper,Science & Technology,Secondary Foundation Practice,single_mcq,"hi,en",Bilingual (Hindi & English),1,Shift 1,Set A,HUMAN_CURATED,key-standard,syl-cbse-board-2026,NOT_VERIFIED,NOT_VERIFIED,HISTORICAL_VERIFIED,PRACTICE_ELIGIBLE
q-hy-sci-0081,src-cbse-board-portal,cbse-board,comp-cbse-board-cls10-science,2026,2026,Class 10 Annual Exam,Science Theory Paper,Science & Technology,Secondary Foundation Practice,single_mcq,"hi,en",Bilingual (Hindi & English),1,Shift 1,Set A,HUMAN_CURATED,key-standard,syl-cbse-board-2026,NOT_VERIFIED,NOT_VERIFIED,HISTORICAL_VERIFIED,PRACTICE_ELIGIBLE
q-hy-sci-0082,src-cbse-board-portal,cbse-board,comp-cbse-board-cls10-science,2026,2026,Class 10 Annual Exam,Science Theory Paper,Science & Technology,Secondary Foundation Practice,single_mcq,"hi,en",Bilingual (Hindi & English),1,Shift 1,Set A,HUMAN_CURATED,key-standard,syl-cbse-board-2026,NOT_VERIFIED,NOT_VERIFIED,HISTORICAL_VERIFIED,PRACTICE_ELIGIBLE
q-hy-sci-0083,src-cbse-board-portal,cbse-board,comp-cbse-board-cls10-science,2026,2026,Class 10 Annual Exam,Science Theory Paper,Science & Technology,Secondary Foundation Practice,single_mcq,"hi,en",Bilingual (Hindi & English),1,Shift 1,Set A,HUMAN_CURATED,key-standard,syl-cbse-board-2026,NOT_VERIFIED,NOT_VERIFIED,HISTORICAL_VERIFIED,PRACTICE_ELIGIBLE
q-hy-sci-0084,src-cbse-board-portal,cbse-board,comp-cbse-board-cls10-science,2026,2026,Class 10 Annual Exam,Science Theory Paper,Science & Technology,Secondary Foundation Practice,single_mcq,"hi,en",Bilingual (Hindi & English),1,Shift 1,Set A,HUMAN_CURATED,key-standard,syl-cbse-board-2026,NOT_VERIFIED,NOT_VERIFIED,HISTORICAL_VERIFIED,PRACTICE_ELIGIBLE
q-hy-sci-0085,src-cbse-board-portal,cbse-board,comp-cbse-board-cls10-science,2026,2026,Class 10 Annual Exam,Science Theory Paper,Science & Technology,Secondary Foundation Practice,single_mcq,"hi,en",Bilingual (Hindi & English),1,Shift 1,Set A,HUMAN_CURATED,key-standard,syl-cbse-board-2026,NOT_VERIFIED,NOT_VERIFIED,HISTORICAL_VERIFIED,PRACTICE_ELIGIBLE
q-hy-soc-0001,src-cbse-board-portal,cbse-board,comp-cbse-board-cls10-social,2026,2026,Class 10 Annual Exam,Social Science Theory Paper,Social Science,Secondary Foundation Practice,single_mcq,"hi,en",Bilingual (Hindi & English),1,Shift 1,Set A,HUMAN_CURATED,key-standard,syl-cbse-board-2026,NOT_VERIFIED,NOT_VERIFIED,HISTORICAL_VERIFIED,PRACTICE_ELIGIBLE
q-hy-soc-0002,src-cbse-board-portal,cbse-board,comp-cbse-board-cls10-social,2026,2026,Class 10 Annual Exam,Social Science Theory Paper,Social Science,Secondary Foundation Practice,single_mcq,"hi,en",Bilingual (Hindi & English),1,Shift 1,Set A,HUMAN_CURATED,key-standard,syl-cbse-board-2026,NOT_VERIFIED,NOT_VERIFIED,HISTORICAL_VERIFIED,PRACTICE_ELIGIBLE
q-hy-soc-0003,src-cbse-board-portal,cbse-board,comp-cbse-board-cls10-social,2026,2026,Class 10 Annual Exam,Social Science Theory Paper,Social Science,Secondary Foundation Practice,single_mcq,"hi,en",Bilingual (Hindi & English),1,Shift 1,Set A,HUMAN_CURATED,key-standard,syl-cbse-board-2026,NOT_VERIFIED,NOT_VERIFIED,HISTORICAL_VERIFIED,PRACTICE_ELIGIBLE
q-hy-soc-0004,src-cbse-board-portal,cbse-board,comp-cbse-board-cls10-social,2026,2026,Class 10 Annual Exam,Social Science Theory Paper,Social Science,Secondary Foundation Practice,single_mcq,"hi,en",Bilingual (Hindi & English),1,Shift 1,Set A,HUMAN_CURATED,key-standard,syl-cbse-board-2026,NOT_VERIFIED,NOT_VERIFIED,HISTORICAL_VERIFIED,PRACTICE_ELIGIBLE
q-hy-soc-0005,src-cbse-board-portal,cbse-board,comp-cbse-board-cls10-social,2026,2026,Class 10 Annual Exam,Social Science Theory Paper,Social Science,Secondary Foundation Practice,single_mcq,"hi,en",Bilingual (Hindi & English),1,Shift 1,Set A,HUMAN_CURATED,key-standard,syl-cbse-board-2026,NOT_VERIFIED,NOT_VERIFIED,HISTORICAL_VERIFIED,PRACTICE_ELIGIBLE
q-hy-soc-0006,src-cbse-board-portal,cbse-board,comp-cbse-board-cls10-social,2026,2026,Class 10 Annual Exam,Social Science Theory Paper,Social Science,Secondary Foundation Practice,single_mcq,"hi,en",Bilingual (Hindi & English),1,Shift 1,Set A,HUMAN_CURATED,key-standard,syl-cbse-board-2026,NOT_VERIFIED,NOT_VERIFIED,HISTORICAL_VERIFIED,PRACTICE_ELIGIBLE
q-hy-soc-0007,src-cbse-board-portal,cbse-board,comp-cbse-board-cls10-social,2026,2026,Class 10 Annual Exam,Social Science Theory Paper,Social Science,Secondary Foundation Practice,single_mcq,"hi,en",Bilingual (Hindi & English),1,Shift 1,Set A,HUMAN_CURATED,key-standard,syl-cbse-board-2026,NOT_VERIFIED,NOT_VERIFIED,HISTORICAL_VERIFIED,PRACTICE_ELIGIBLE
q-hy-soc-0008,src-cbse-board-portal,cbse-board,comp-cbse-board-cls10-social,2026,2026,Class 10 Annual Exam,Social Science Theory Paper,Social Science,Secondary Foundation Practice,single_mcq,"hi,en",Bilingual (Hindi & English),1,Shift 1,Set A,HUMAN_CURATED,key-standard,syl-cbse-board-2026,NOT_VERIFIED,NOT_VERIFIED,HISTORICAL_VERIFIED,PRACTICE_ELIGIBLE
q-hy-soc-0009,src-cbse-board-portal,cbse-board,comp-cbse-board-cls10-social,2026,2026,Class 10 Annual Exam,Social Science Theory Paper,Social Science,Secondary Foundation Practice,single_mcq,"hi,en",Bilingual (Hindi & English),1,Shift 1,Set A,HUMAN_CURATED,key-standard,syl-cbse-board-2026,NOT_VERIFIED,NOT_VERIFIED,HISTORICAL_VERIFIED,PRACTICE_ELIGIBLE
q-hy-soc-0010,src-cbse-board-portal,cbse-board,comp-cbse-board-cls10-social,2026,2026,Class 10 Annual Exam,Social Science Theory Paper,Social Science,Secondary Foundation Practice,single_mcq,"hi,en",Bilingual (Hindi & English),1,Shift 1,Set A,HUMAN_CURATED,key-standard,syl-cbse-board-2026,NOT_VERIFIED,NOT_VERIFIED,HISTORICAL_VERIFIED,PRACTICE_ELIGIBLE
q-hy-soc-0011,src-cbse-board-portal,cbse-board,comp-cbse-board-cls10-social,2026,2026,Class 10 Annual Exam,Social Science Theory Paper,Social Science,Secondary Foundation Practice,single_mcq,"hi,en",Bilingual (Hindi & English),1,Shift 1,Set A,HUMAN_CURATED,key-standard,syl-cbse-board-2026,NOT_VERIFIED,NOT_VERIFIED,HISTORICAL_VERIFIED,PRACTICE_ELIGIBLE
q-hy-soc-0012,src-cbse-board-portal,cbse-board,comp-cbse-board-cls10-social,2026,2026,Class 10 Annual Exam,Social Science Theory Paper,Social Science,Secondary Foundation Practice,single_mcq,"hi,en",Bilingual (Hindi & English),1,Shift 1,Set A,HUMAN_CURATED,key-standard,syl-cbse-board-2026,NOT_VERIFIED,NOT_VERIFIED,HISTORICAL_VERIFIED,PRACTICE_ELIGIBLE
q-hy-soc-0013,src-cbse-board-portal,cbse-board,comp-cbse-board-cls10-social,2026,2026,Class 10 Annual Exam,Social Science Theory Paper,Social Science,Secondary Foundation Practice,single_mcq,"hi,en",Bilingual (Hindi & English),1,Shift 1,Set A,HUMAN_CURATED,key-standard,syl-cbse-board-2026,NOT_VERIFIED,NOT_VERIFIED,HISTORICAL_VERIFIED,PRACTICE_ELIGIBLE
q-hy-soc-0014,src-cbse-board-portal,cbse-board,comp-cbse-board-cls10-social,2026,2026,Class 10 Annual Exam,Social Science Theory Paper,Social Science,Secondary Foundation Practice,single_mcq,"hi,en",Bilingual (Hindi & English),1,Shift 1,Set A,HUMAN_CURATED,key-standard,syl-cbse-board-2026,NOT_VERIFIED,NOT_VERIFIED,HISTORICAL_VERIFIED,PRACTICE_ELIGIBLE
q-hy-soc-0015,src-cbse-board-portal,cbse-board,comp-cbse-board-cls10-social,2026,2026,Class 10 Annual Exam,Social Science Theory Paper,Social Science,Secondary Foundation Practice,single_mcq,"hi,en",Bilingual (Hindi & English),1,Shift 1,Set A,HUMAN_CURATED,key-standard,syl-cbse-board-2026,NOT_VERIFIED,NOT_VERIFIED,HISTORICAL_VERIFIED,PRACTICE_ELIGIBLE
q-hy-soc-0016,src-cbse-board-portal,cbse-board,comp-cbse-board-cls10-social,2026,2026,Class 10 Annual Exam,Social Science Theory Paper,Social Science,Secondary Foundation Practice,single_mcq,"hi,en",Bilingual (Hindi & English),1,Shift 1,Set A,HUMAN_CURATED,key-standard,syl-cbse-board-2026,NOT_VERIFIED,NOT_VERIFIED,HISTORICAL_VERIFIED,PRACTICE_ELIGIBLE
q-hy-soc-0017,src-cbse-board-portal,cbse-board,comp-cbse-board-cls10-social,2026,2026,Class 10 Annual Exam,Social Science Theory Paper,Social Science,Secondary Foundation Practice,single_mcq,"hi,en",Bilingual (Hindi & English),1,Shift 1,Set A,HUMAN_CURATED,key-standard,syl-cbse-board-2026,NOT_VERIFIED,NOT_VERIFIED,HISTORICAL_VERIFIED,PRACTICE_ELIGIBLE
q-hy-soc-0018,src-cbse-board-portal,cbse-board,comp-cbse-board-cls10-social,2026,2026,Class 10 Annual Exam,Social Science Theory Paper,Social Science,Secondary Foundation Practice,single_mcq,"hi,en",Bilingual (Hindi & English),1,Shift 1,Set A,HUMAN_CURATED,key-standard,syl-cbse-board-2026,NOT_VERIFIED,NOT_VERIFIED,HISTORICAL_VERIFIED,PRACTICE_ELIGIBLE
q-hy-soc-0019,src-cbse-board-portal,cbse-board,comp-cbse-board-cls10-social,2026,2026,Class 10 Annual Exam,Social Science Theory Paper,Social Science,Secondary Foundation Practice,single_mcq,"hi,en",Bilingual (Hindi & English),1,Shift 1,Set A,HUMAN_CURATED,key-standard,syl-cbse-board-2026,NOT_VERIFIED,NOT_VERIFIED,HISTORICAL_VERIFIED,PRACTICE_ELIGIBLE
q-hy-soc-0020,src-cbse-board-portal,cbse-board,comp-cbse-board-cls10-social,2026,2026,Class 10 Annual Exam,Social Science Theory Paper,Social Science,Secondary Foundation Practice,single_mcq,"hi,en",Bilingual (Hindi & English),1,Shift 1,Set A,HUMAN_CURATED,key-standard,syl-cbse-board-2026,NOT_VERIFIED,NOT_VERIFIED,HISTORICAL_VERIFIED,PRACTICE_ELIGIBLE
q-hy-soc-0021,src-cbse-board-portal,cbse-board,comp-cbse-board-cls10-social,2026,2026,Class 10 Annual Exam,Social Science Theory Paper,Social Science,Secondary Foundation Practice,single_mcq,"hi,en",Bilingual (Hindi & English),1,Shift 1,Set A,HUMAN_CURATED,key-standard,syl-cbse-board-2026,NOT_VERIFIED,NOT_VERIFIED,HISTORICAL_VERIFIED,PRACTICE_ELIGIBLE
q-hy-soc-0022,src-cbse-board-portal,cbse-board,comp-cbse-board-cls10-social,2026,2026,Class 10 Annual Exam,Social Science Theory Paper,Social Science,Secondary Foundation Practice,single_mcq,"hi,en",Bilingual (Hindi & English),1,Shift 1,Set A,HUMAN_CURATED,key-standard,syl-cbse-board-2026,NOT_VERIFIED,NOT_VERIFIED,HISTORICAL_VERIFIED,PRACTICE_ELIGIBLE
q-hy-soc-0023,src-cbse-board-portal,cbse-board,comp-cbse-board-cls10-social,2026,2026,Class 10 Annual Exam,Social Science Theory Paper,Social Science,Secondary Foundation Practice,single_mcq,"hi,en",Bilingual (Hindi & English),1,Shift 1,Set A,HUMAN_CURATED,key-standard,syl-cbse-board-2026,NOT_VERIFIED,NOT_VERIFIED,HISTORICAL_VERIFIED,PRACTICE_ELIGIBLE
q-hy-soc-0024,src-cbse-board-portal,cbse-board,comp-cbse-board-cls10-social,2026,2026,Class 10 Annual Exam,Social Science Theory Paper,Social Science,Secondary Foundation Practice,single_mcq,"hi,en",Bilingual (Hindi & English),1,Shift 1,Set A,HUMAN_CURATED,key-standard,syl-cbse-board-2026,NOT_VERIFIED,NOT_VERIFIED,HISTORICAL_VERIFIED,PRACTICE_ELIGIBLE
q-hy-soc-0025,src-cbse-board-portal,cbse-board,comp-cbse-board-cls10-social,2026,2026,Class 10 Annual Exam,Social Science Theory Paper,Social Science,Secondary Foundation Practice,single_mcq,"hi,en",Bilingual (Hindi & English),1,Shift 1,Set A,HUMAN_CURATED,key-standard,syl-cbse-board-2026,NOT_VERIFIED,NOT_VERIFIED,HISTORICAL_VERIFIED,PRACTICE_ELIGIBLE
q-hy-soc-0026,src-cbse-board-portal,cbse-board,comp-cbse-board-cls10-social,2026,2026,Class 10 Annual Exam,Social Science Theory Paper,Social Science,Secondary Foundation Practice,single_mcq,"hi,en",Bilingual (Hindi & English),1,Shift 1,Set A,HUMAN_CURATED,key-standard,syl-cbse-board-2026,NOT_VERIFIED,NOT_VERIFIED,HISTORICAL_VERIFIED,PRACTICE_ELIGIBLE
q-hy-soc-0027,src-cbse-board-portal,cbse-board,comp-cbse-board-cls10-social,2026,2026,Class 10 Annual Exam,Social Science Theory Paper,Social Science,Secondary Foundation Practice,single_mcq,"hi,en",Bilingual (Hindi & English),1,Shift 1,Set A,HUMAN_CURATED,key-standard,syl-cbse-board-2026,NOT_VERIFIED,NOT_VERIFIED,HISTORICAL_VERIFIED,PRACTICE_ELIGIBLE
q-hy-soc-0028,src-cbse-board-portal,cbse-board,comp-cbse-board-cls10-social,2026,2026,Class 10 Annual Exam,Social Science Theory Paper,Social Science,Secondary Foundation Practice,single_mcq,"hi,en",Bilingual (Hindi & English),1,Shift 1,Set A,HUMAN_CURATED,key-standard,syl-cbse-board-2026,NOT_VERIFIED,NOT_VERIFIED,HISTORICAL_VERIFIED,PRACTICE_ELIGIBLE
q-hy-soc-0029,src-cbse-board-portal,cbse-board,comp-cbse-board-cls10-social,2026,2026,Class 10 Annual Exam,Social Science Theory Paper,Social Science,Secondary Foundation Practice,single_mcq,"hi,en",Bilingual (Hindi & English),1,Shift 1,Set A,HUMAN_CURATED,key-standard,syl-cbse-board-2026,NOT_VERIFIED,NOT_VERIFIED,HISTORICAL_VERIFIED,PRACTICE_ELIGIBLE
q-hy-soc-0030,src-cbse-board-portal,cbse-board,comp-cbse-board-cls10-social,2026,2026,Class 10 Annual Exam,Social Science Theory Paper,Social Science,Secondary Foundation Practice,single_mcq,"hi,en",Bilingual (Hindi & English),1,Shift 1,Set A,HUMAN_CURATED,key-standard,syl-cbse-board-2026,NOT_VERIFIED,NOT_VERIFIED,HISTORICAL_VERIFIED,PRACTICE_ELIGIBLE
q-hy-soc-0031,src-cbse-board-portal,cbse-board,comp-cbse-board-cls10-social,2026,2026,Class 10 Annual Exam,Social Science Theory Paper,Social Science,Secondary Foundation Practice,single_mcq,"hi,en",Bilingual (Hindi & English),1,Shift 1,Set A,HUMAN_CURATED,key-standard,syl-cbse-board-2026,NOT_VERIFIED,NOT_VERIFIED,HISTORICAL_VERIFIED,PRACTICE_ELIGIBLE
q-hy-soc-0032,src-cbse-board-portal,cbse-board,comp-cbse-board-cls10-social,2026,2026,Class 10 Annual Exam,Social Science Theory Paper,Social Science,Secondary Foundation Practice,single_mcq,"hi,en",Bilingual (Hindi & English),1,Shift 1,Set A,HUMAN_CURATED,key-standard,syl-cbse-board-2026,NOT_VERIFIED,NOT_VERIFIED,HISTORICAL_VERIFIED,PRACTICE_ELIGIBLE
q-hy-soc-0033,src-cbse-board-portal,cbse-board,comp-cbse-board-cls10-social,2026,2026,Class 10 Annual Exam,Social Science Theory Paper,Social Science,Secondary Foundation Practice,single_mcq,"hi,en",Bilingual (Hindi & English),1,Shift 1,Set A,HUMAN_CURATED,key-standard,syl-cbse-board-2026,NOT_VERIFIED,NOT_VERIFIED,HISTORICAL_VERIFIED,PRACTICE_ELIGIBLE
q-hy-soc-0034,src-cbse-board-portal,cbse-board,comp-cbse-board-cls10-social,2026,2026,Class 10 Annual Exam,Social Science Theory Paper,Social Science,Secondary Foundation Practice,single_mcq,"hi,en",Bilingual (Hindi & English),1,Shift 1,Set A,HUMAN_CURATED,key-standard,syl-cbse-board-2026,NOT_VERIFIED,NOT_VERIFIED,HISTORICAL_VERIFIED,PRACTICE_ELIGIBLE
q-hy-soc-0035,src-cbse-board-portal,cbse-board,comp-cbse-board-cls10-social,2026,2026,Class 10 Annual Exam,Social Science Theory Paper,Social Science,Secondary Foundation Practice,single_mcq,"hi,en",Bilingual (Hindi & English),1,Shift 1,Set A,HUMAN_CURATED,key-standard,syl-cbse-board-2026,NOT_VERIFIED,NOT_VERIFIED,HISTORICAL_VERIFIED,PRACTICE_ELIGIBLE
q-hy-soc-0036,src-cbse-board-portal,cbse-board,comp-cbse-board-cls10-social,2026,2026,Class 10 Annual Exam,Social Science Theory Paper,Social Science,Secondary Foundation Practice,single_mcq,"hi,en",Bilingual (Hindi & English),1,Shift 1,Set A,HUMAN_CURATED,key-standard,syl-cbse-board-2026,NOT_VERIFIED,NOT_VERIFIED,HISTORICAL_VERIFIED,PRACTICE_ELIGIBLE
q-hy-soc-0037,src-cbse-board-portal,cbse-board,comp-cbse-board-cls10-social,2026,2026,Class 10 Annual Exam,Social Science Theory Paper,Social Science,Secondary Foundation Practice,single_mcq,"hi,en",Bilingual (Hindi & English),1,Shift 1,Set A,HUMAN_CURATED,key-standard,syl-cbse-board-2026,NOT_VERIFIED,NOT_VERIFIED,HISTORICAL_VERIFIED,PRACTICE_ELIGIBLE
q-hy-soc-0038,src-cbse-board-portal,cbse-board,comp-cbse-board-cls10-social,2026,2026,Class 10 Annual Exam,Social Science Theory Paper,Social Science,Secondary Foundation Practice,single_mcq,"hi,en",Bilingual (Hindi & English),1,Shift 1,Set A,HUMAN_CURATED,key-standard,syl-cbse-board-2026,NOT_VERIFIED,NOT_VERIFIED,HISTORICAL_VERIFIED,PRACTICE_ELIGIBLE
q-hy-soc-0039,src-cbse-board-portal,cbse-board,comp-cbse-board-cls10-social,2026,2026,Class 10 Annual Exam,Social Science Theory Paper,Social Science,Secondary Foundation Practice,single_mcq,"hi,en",Bilingual (Hindi & English),1,Shift 1,Set A,HUMAN_CURATED,key-standard,syl-cbse-board-2026,NOT_VERIFIED,NOT_VERIFIED,HISTORICAL_VERIFIED,PRACTICE_ELIGIBLE
q-hy-soc-0040,src-cbse-board-portal,cbse-board,comp-cbse-board-cls10-social,2026,2026,Class 10 Annual Exam,Social Science Theory Paper,Social Science,Secondary Foundation Practice,single_mcq,"hi,en",Bilingual (Hindi & English),1,Shift 1,Set A,HUMAN_CURATED,key-standard,syl-cbse-board-2026,NOT_VERIFIED,NOT_VERIFIED,HISTORICAL_VERIFIED,PRACTICE_ELIGIBLE
q-hy-soc-0041,src-cbse-board-portal,cbse-board,comp-cbse-board-cls10-social,2026,2026,Class 10 Annual Exam,Social Science Theory Paper,Social Science,Secondary Foundation Practice,single_mcq,"hi,en",Bilingual (Hindi & English),1,Shift 1,Set A,HUMAN_CURATED,key-standard,syl-cbse-board-2026,NOT_VERIFIED,NOT_VERIFIED,HISTORICAL_VERIFIED,PRACTICE_ELIGIBLE
q-hy-soc-0042,src-cbse-board-portal,cbse-board,comp-cbse-board-cls10-social,2026,2026,Class 10 Annual Exam,Social Science Theory Paper,Social Science,Secondary Foundation Practice,single_mcq,"hi,en",Bilingual (Hindi & English),1,Shift 1,Set A,HUMAN_CURATED,key-standard,syl-cbse-board-2026,NOT_VERIFIED,NOT_VERIFIED,HISTORICAL_VERIFIED,PRACTICE_ELIGIBLE
q-hy-soc-0043,src-cbse-board-portal,cbse-board,comp-cbse-board-cls10-social,2026,2026,Class 10 Annual Exam,Social Science Theory Paper,Social Science,Secondary Foundation Practice,single_mcq,"hi,en",Bilingual (Hindi & English),1,Shift 1,Set A,HUMAN_CURATED,key-standard,syl-cbse-board-2026,NOT_VERIFIED,NOT_VERIFIED,HISTORICAL_VERIFIED,PRACTICE_ELIGIBLE
q-hy-soc-0044,src-cbse-board-portal,cbse-board,comp-cbse-board-cls10-social,2026,2026,Class 10 Annual Exam,Social Science Theory Paper,Social Science,Secondary Foundation Practice,single_mcq,"hi,en",Bilingual (Hindi & English),1,Shift 1,Set A,HUMAN_CURATED,key-standard,syl-cbse-board-2026,NOT_VERIFIED,NOT_VERIFIED,HISTORICAL_VERIFIED,PRACTICE_ELIGIBLE
q-hy-soc-0045,src-cbse-board-portal,cbse-board,comp-cbse-board-cls10-social,2026,2026,Class 10 Annual Exam,Social Science Theory Paper,Social Science,Secondary Foundation Practice,single_mcq,"hi,en",Bilingual (Hindi & English),1,Shift 1,Set A,HUMAN_CURATED,key-standard,syl-cbse-board-2026,NOT_VERIFIED,NOT_VERIFIED,HISTORICAL_VERIFIED,PRACTICE_ELIGIBLE
q-hy-soc-0046,src-cbse-board-portal,cbse-board,comp-cbse-board-cls10-social,2026,2026,Class 10 Annual Exam,Social Science Theory Paper,Social Science,Secondary Foundation Practice,single_mcq,"hi,en",Bilingual (Hindi & English),1,Shift 1,Set A,HUMAN_CURATED,key-standard,syl-cbse-board-2026,NOT_VERIFIED,NOT_VERIFIED,HISTORICAL_VERIFIED,PRACTICE_ELIGIBLE
q-hy-soc-0047,src-cbse-board-portal,cbse-board,comp-cbse-board-cls10-social,2026,2026,Class 10 Annual Exam,Social Science Theory Paper,Social Science,Secondary Foundation Practice,single_mcq,"hi,en",Bilingual (Hindi & English),1,Shift 1,Set A,HUMAN_CURATED,key-standard,syl-cbse-board-2026,NOT_VERIFIED,NOT_VERIFIED,HISTORICAL_VERIFIED,PRACTICE_ELIGIBLE
q-hy-soc-0048,src-cbse-board-portal,cbse-board,comp-cbse-board-cls10-social,2026,2026,Class 10 Annual Exam,Social Science Theory Paper,Social Science,Secondary Foundation Practice,single_mcq,"hi,en",Bilingual (Hindi & English),1,Shift 1,Set A,HUMAN_CURATED,key-standard,syl-cbse-board-2026,NOT_VERIFIED,NOT_VERIFIED,HISTORICAL_VERIFIED,PRACTICE_ELIGIBLE
q-hy-soc-0049,src-cbse-board-portal,cbse-board,comp-cbse-board-cls10-social,2026,2026,Class 10 Annual Exam,Social Science Theory Paper,Social Science,Secondary Foundation Practice,single_mcq,"hi,en",Bilingual (Hindi & English),1,Shift 1,Set A,HUMAN_CURATED,key-standard,syl-cbse-board-2026,NOT_VERIFIED,NOT_VERIFIED,HISTORICAL_VERIFIED,PRACTICE_ELIGIBLE
q-hy-soc-0050,src-cbse-board-portal,cbse-board,comp-cbse-board-cls10-social,2026,2026,Class 10 Annual Exam,Social Science Theory Paper,Social Science,Secondary Foundation Practice,single_mcq,"hi,en",Bilingual (Hindi & English),1,Shift 1,Set A,HUMAN_CURATED,key-standard,syl-cbse-board-2026,NOT_VERIFIED,NOT_VERIFIED,HISTORICAL_VERIFIED,PRACTICE_ELIGIBLE
q-hy-soc-0051,src-cbse-board-portal,cbse-board,comp-cbse-board-cls10-social,2026,2026,Class 10 Annual Exam,Social Science Theory Paper,Social Science,Secondary Foundation Practice,single_mcq,"hi,en",Bilingual (Hindi & English),1,Shift 1,Set A,HUMAN_CURATED,key-standard,syl-cbse-board-2026,NOT_VERIFIED,NOT_VERIFIED,HISTORICAL_VERIFIED,PRACTICE_ELIGIBLE
q-hy-soc-0052,src-cbse-board-portal,cbse-board,comp-cbse-board-cls10-social,2026,2026,Class 10 Annual Exam,Social Science Theory Paper,Social Science,Secondary Foundation Practice,single_mcq,"hi,en",Bilingual (Hindi & English),1,Shift 1,Set A,HUMAN_CURATED,key-standard,syl-cbse-board-2026,NOT_VERIFIED,NOT_VERIFIED,HISTORICAL_VERIFIED,PRACTICE_ELIGIBLE
q-hy-soc-0053,src-cbse-board-portal,cbse-board,comp-cbse-board-cls10-social,2026,2026,Class 10 Annual Exam,Social Science Theory Paper,Social Science,Secondary Foundation Practice,single_mcq,"hi,en",Bilingual (Hindi & English),1,Shift 1,Set A,HUMAN_CURATED,key-standard,syl-cbse-board-2026,NOT_VERIFIED,NOT_VERIFIED,HISTORICAL_VERIFIED,PRACTICE_ELIGIBLE
q-hy-soc-0054,src-cbse-board-portal,cbse-board,comp-cbse-board-cls10-social,2026,2026,Class 10 Annual Exam,Social Science Theory Paper,Social Science,Secondary Foundation Practice,single_mcq,"hi,en",Bilingual (Hindi & English),1,Shift 1,Set A,HUMAN_CURATED,key-standard,syl-cbse-board-2026,NOT_VERIFIED,NOT_VERIFIED,HISTORICAL_VERIFIED,PRACTICE_ELIGIBLE
q-hy-soc-0055,src-cbse-board-portal,cbse-board,comp-cbse-board-cls10-social,2026,2026,Class 10 Annual Exam,Social Science Theory Paper,Social Science,Secondary Foundation Practice,single_mcq,"hi,en",Bilingual (Hindi & English),1,Shift 1,Set A,HUMAN_CURATED,key-standard,syl-cbse-board-2026,NOT_VERIFIED,NOT_VERIFIED,HISTORICAL_VERIFIED,PRACTICE_ELIGIBLE
q-hy-soc-0056,src-cbse-board-portal,cbse-board,comp-cbse-board-cls10-social,2026,2026,Class 10 Annual Exam,Social Science Theory Paper,Social Science,Secondary Foundation Practice,single_mcq,"hi,en",Bilingual (Hindi & English),1,Shift 1,Set A,HUMAN_CURATED,key-standard,syl-cbse-board-2026,NOT_VERIFIED,NOT_VERIFIED,HISTORICAL_VERIFIED,PRACTICE_ELIGIBLE
q-hy-soc-0057,src-cbse-board-portal,cbse-board,comp-cbse-board-cls10-social,2026,2026,Class 10 Annual Exam,Social Science Theory Paper,Social Science,Secondary Foundation Practice,single_mcq,"hi,en",Bilingual (Hindi & English),1,Shift 1,Set A,HUMAN_CURATED,key-standard,syl-cbse-board-2026,NOT_VERIFIED,NOT_VERIFIED,HISTORICAL_VERIFIED,PRACTICE_ELIGIBLE
q-hy-soc-0058,src-cbse-board-portal,cbse-board,comp-cbse-board-cls10-social,2026,2026,Class 10 Annual Exam,Social Science Theory Paper,Social Science,Secondary Foundation Practice,single_mcq,"hi,en",Bilingual (Hindi & English),1,Shift 1,Set A,HUMAN_CURATED,key-standard,syl-cbse-board-2026,NOT_VERIFIED,NOT_VERIFIED,HISTORICAL_VERIFIED,PRACTICE_ELIGIBLE
q-hy-soc-0059,src-cbse-board-portal,cbse-board,comp-cbse-board-cls10-social,2026,2026,Class 10 Annual Exam,Social Science Theory Paper,Social Science,Secondary Foundation Practice,single_mcq,"hi,en",Bilingual (Hindi & English),1,Shift 1,Set A,HUMAN_CURATED,key-standard,syl-cbse-board-2026,NOT_VERIFIED,NOT_VERIFIED,HISTORICAL_VERIFIED,PRACTICE_ELIGIBLE
q-hy-soc-0060,src-cbse-board-portal,cbse-board,comp-cbse-board-cls10-social,2026,2026,Class 10 Annual Exam,Social Science Theory Paper,Social Science,Secondary Foundation Practice,single_mcq,"hi,en",Bilingual (Hindi & English),1,Shift 1,Set A,HUMAN_CURATED,key-standard,syl-cbse-board-2026,NOT_VERIFIED,NOT_VERIFIED,HISTORICAL_VERIFIED,PRACTICE_ELIGIBLE
q-hy-soc-0061,src-cbse-board-portal,cbse-board,comp-cbse-board-cls10-social,2026,2026,Class 10 Annual Exam,Social Science Theory Paper,Social Science,Secondary Foundation Practice,single_mcq,"hi,en",Bilingual (Hindi & English),1,Shift 1,Set A,HUMAN_CURATED,key-standard,syl-cbse-board-2026,NOT_VERIFIED,NOT_VERIFIED,HISTORICAL_VERIFIED,PRACTICE_ELIGIBLE
q-hy-soc-0062,src-cbse-board-portal,cbse-board,comp-cbse-board-cls10-social,2026,2026,Class 10 Annual Exam,Social Science Theory Paper,Social Science,Secondary Foundation Practice,single_mcq,"hi,en",Bilingual (Hindi & English),1,Shift 1,Set A,HUMAN_CURATED,key-standard,syl-cbse-board-2026,NOT_VERIFIED,NOT_VERIFIED,HISTORICAL_VERIFIED,PRACTICE_ELIGIBLE
q-hy-soc-0063,src-cbse-board-portal,cbse-board,comp-cbse-board-cls10-social,2026,2026,Class 10 Annual Exam,Social Science Theory Paper,Social Science,Secondary Foundation Practice,single_mcq,"hi,en",Bilingual (Hindi & English),1,Shift 1,Set A,HUMAN_CURATED,key-standard,syl-cbse-board-2026,NOT_VERIFIED,NOT_VERIFIED,HISTORICAL_VERIFIED,PRACTICE_ELIGIBLE
q-hy-soc-0064,src-cbse-board-portal,cbse-board,comp-cbse-board-cls10-social,2026,2026,Class 10 Annual Exam,Social Science Theory Paper,Social Science,Secondary Foundation Practice,single_mcq,"hi,en",Bilingual (Hindi & English),1,Shift 1,Set A,HUMAN_CURATED,key-standard,syl-cbse-board-2026,NOT_VERIFIED,NOT_VERIFIED,HISTORICAL_VERIFIED,PRACTICE_ELIGIBLE
q-hy-soc-0065,src-cbse-board-portal,cbse-board,comp-cbse-board-cls10-social,2026,2026,Class 10 Annual Exam,Social Science Theory Paper,Social Science,Secondary Foundation Practice,single_mcq,"hi,en",Bilingual (Hindi & English),1,Shift 1,Set A,HUMAN_CURATED,key-standard,syl-cbse-board-2026,NOT_VERIFIED,NOT_VERIFIED,HISTORICAL_VERIFIED,PRACTICE_ELIGIBLE
q-hy-soc-0066,src-cbse-board-portal,cbse-board,comp-cbse-board-cls10-social,2026,2026,Class 10 Annual Exam,Social Science Theory Paper,Social Science,Secondary Foundation Practice,single_mcq,"hi,en",Bilingual (Hindi & English),1,Shift 1,Set A,HUMAN_CURATED,key-standard,syl-cbse-board-2026,NOT_VERIFIED,NOT_VERIFIED,HISTORICAL_VERIFIED,PRACTICE_ELIGIBLE
q-hy-soc-0067,src-cbse-board-portal,cbse-board,comp-cbse-board-cls10-social,2026,2026,Class 10 Annual Exam,Social Science Theory Paper,Social Science,Secondary Foundation Practice,single_mcq,"hi,en",Bilingual (Hindi & English),1,Shift 1,Set A,HUMAN_CURATED,key-standard,syl-cbse-board-2026,NOT_VERIFIED,NOT_VERIFIED,HISTORICAL_VERIFIED,PRACTICE_ELIGIBLE
q-hy-soc-0068,src-cbse-board-portal,cbse-board,comp-cbse-board-cls10-social,2026,2026,Class 10 Annual Exam,Social Science Theory Paper,Social Science,Secondary Foundation Practice,single_mcq,"hi,en",Bilingual (Hindi & English),1,Shift 1,Set A,HUMAN_CURATED,key-standard,syl-cbse-board-2026,NOT_VERIFIED,NOT_VERIFIED,HISTORICAL_VERIFIED,PRACTICE_ELIGIBLE
q-hy-soc-0069,src-cbse-board-portal,cbse-board,comp-cbse-board-cls10-social,2026,2026,Class 10 Annual Exam,Social Science Theory Paper,Social Science,Secondary Foundation Practice,single_mcq,"hi,en",Bilingual (Hindi & English),1,Shift 1,Set A,HUMAN_CURATED,key-standard,syl-cbse-board-2026,NOT_VERIFIED,NOT_VERIFIED,HISTORICAL_VERIFIED,PRACTICE_ELIGIBLE
q-hy-soc-0070,src-cbse-board-portal,cbse-board,comp-cbse-board-cls10-social,2026,2026,Class 10 Annual Exam,Social Science Theory Paper,Social Science,Secondary Foundation Practice,single_mcq,"hi,en",Bilingual (Hindi & English),1,Shift 1,Set A,HUMAN_CURATED,key-standard,syl-cbse-board-2026,NOT_VERIFIED,NOT_VERIFIED,HISTORICAL_VERIFIED,PRACTICE_ELIGIBLE
q-hy-soc-0071,src-cbse-board-portal,cbse-board,comp-cbse-board-cls10-social,2026,2026,Class 10 Annual Exam,Social Science Theory Paper,Social Science,Secondary Foundation Practice,single_mcq,"hi,en",Bilingual (Hindi & English),1,Shift 1,Set A,HUMAN_CURATED,key-standard,syl-cbse-board-2026,NOT_VERIFIED,NOT_VERIFIED,HISTORICAL_VERIFIED,PRACTICE_ELIGIBLE
q-hy-soc-0072,src-cbse-board-portal,cbse-board,comp-cbse-board-cls10-social,2026,2026,Class 10 Annual Exam,Social Science Theory Paper,Social Science,Secondary Foundation Practice,single_mcq,"hi,en",Bilingual (Hindi & English),1,Shift 1,Set A,HUMAN_CURATED,key-standard,syl-cbse-board-2026,NOT_VERIFIED,NOT_VERIFIED,HISTORICAL_VERIFIED,PRACTICE_ELIGIBLE
q-hy-soc-0073,src-cbse-board-portal,cbse-board,comp-cbse-board-cls10-social,2026,2026,Class 10 Annual Exam,Social Science Theory Paper,Social Science,Secondary Foundation Practice,single_mcq,"hi,en",Bilingual (Hindi & English),1,Shift 1,Set A,HUMAN_CURATED,key-standard,syl-cbse-board-2026,NOT_VERIFIED,NOT_VERIFIED,HISTORICAL_VERIFIED,PRACTICE_ELIGIBLE
q-hy-soc-0074,src-cbse-board-portal,cbse-board,comp-cbse-board-cls10-social,2026,2026,Class 10 Annual Exam,Social Science Theory Paper,Social Science,Secondary Foundation Practice,single_mcq,"hi,en",Bilingual (Hindi & English),1,Shift 1,Set A,HUMAN_CURATED,key-standard,syl-cbse-board-2026,NOT_VERIFIED,NOT_VERIFIED,HISTORICAL_VERIFIED,PRACTICE_ELIGIBLE
q-hy-soc-0075,src-cbse-board-portal,cbse-board,comp-cbse-board-cls10-social,2026,2026,Class 10 Annual Exam,Social Science Theory Paper,Social Science,Secondary Foundation Practice,single_mcq,"hi,en",Bilingual (Hindi & English),1,Shift 1,Set A,HUMAN_CURATED,key-standard,syl-cbse-board-2026,NOT_VERIFIED,NOT_VERIFIED,HISTORICAL_VERIFIED,PRACTICE_ELIGIBLE
q-hy-soc-0076,src-cbse-board-portal,cbse-board,comp-cbse-board-cls10-social,2026,2026,Class 10 Annual Exam,Social Science Theory Paper,Social Science,Secondary Foundation Practice,single_mcq,"hi,en",Bilingual (Hindi & English),1,Shift 1,Set A,HUMAN_CURATED,key-standard,syl-cbse-board-2026,NOT_VERIFIED,NOT_VERIFIED,HISTORICAL_VERIFIED,PRACTICE_ELIGIBLE
q-hy-soc-0077,src-cbse-board-portal,cbse-board,comp-cbse-board-cls10-social,2026,2026,Class 10 Annual Exam,Social Science Theory Paper,Social Science,Secondary Foundation Practice,single_mcq,"hi,en",Bilingual (Hindi & English),1,Shift 1,Set A,HUMAN_CURATED,key-standard,syl-cbse-board-2026,NOT_VERIFIED,NOT_VERIFIED,HISTORICAL_VERIFIED,PRACTICE_ELIGIBLE
q-hy-soc-0078,src-cbse-board-portal,cbse-board,comp-cbse-board-cls10-social,2026,2026,Class 10 Annual Exam,Social Science Theory Paper,Social Science,Secondary Foundation Practice,single_mcq,"hi,en",Bilingual (Hindi & English),1,Shift 1,Set A,HUMAN_CURATED,key-standard,syl-cbse-board-2026,NOT_VERIFIED,NOT_VERIFIED,HISTORICAL_VERIFIED,PRACTICE_ELIGIBLE
q-hy-soc-0079,src-cbse-board-portal,cbse-board,comp-cbse-board-cls10-social,2026,2026,Class 10 Annual Exam,Social Science Theory Paper,Social Science,Secondary Foundation Practice,single_mcq,"hi,en",Bilingual (Hindi & English),1,Shift 1,Set A,HUMAN_CURATED,key-standard,syl-cbse-board-2026,NOT_VERIFIED,NOT_VERIFIED,HISTORICAL_VERIFIED,PRACTICE_ELIGIBLE
q-hy-soc-0080,src-cbse-board-portal,cbse-board,comp-cbse-board-cls10-social,2026,2026,Class 10 Annual Exam,Social Science Theory Paper,Social Science,Secondary Foundation Practice,single_mcq,"hi,en",Bilingual (Hindi & English),1,Shift 1,Set A,HUMAN_CURATED,key-standard,syl-cbse-board-2026,NOT_VERIFIED,NOT_VERIFIED,HISTORICAL_VERIFIED,PRACTICE_ELIGIBLE
q-hy-soc-0081,src-cbse-board-portal,cbse-board,comp-cbse-board-cls10-social,2026,2026,Class 10 Annual Exam,Social Science Theory Paper,Social Science,Secondary Foundation Practice,single_mcq,"hi,en",Bilingual (Hindi & English),1,Shift 1,Set A,HUMAN_CURATED,key-standard,syl-cbse-board-2026,NOT_VERIFIED,NOT_VERIFIED,HISTORICAL_VERIFIED,PRACTICE_ELIGIBLE
q-hy-soc-0082,src-cbse-board-portal,cbse-board,comp-cbse-board-cls10-social,2026,2026,Class 10 Annual Exam,Social Science Theory Paper,Social Science,Secondary Foundation Practice,single_mcq,"hi,en",Bilingual (Hindi & English),1,Shift 1,Set A,HUMAN_CURATED,key-standard,syl-cbse-board-2026,NOT_VERIFIED,NOT_VERIFIED,HISTORICAL_VERIFIED,PRACTICE_ELIGIBLE
q-hy-soc-0083,src-cbse-board-portal,cbse-board,comp-cbse-board-cls10-social,2026,2026,Class 10 Annual Exam,Social Science Theory Paper,Social Science,Secondary Foundation Practice,single_mcq,"hi,en",Bilingual (Hindi & English),1,Shift 1,Set A,HUMAN_CURATED,key-standard,syl-cbse-board-2026,NOT_VERIFIED,NOT_VERIFIED,HISTORICAL_VERIFIED,PRACTICE_ELIGIBLE
q-hy-soc-0084,src-cbse-board-portal,cbse-board,comp-cbse-board-cls10-social,2026,2026,Class 10 Annual Exam,Social Science Theory Paper,Social Science,Secondary Foundation Practice,single_mcq,"hi,en",Bilingual (Hindi & English),1,Shift 1,Set A,HUMAN_CURATED,key-standard,syl-cbse-board-2026,NOT_VERIFIED,NOT_VERIFIED,HISTORICAL_VERIFIED,PRACTICE_ELIGIBLE
q-hy-soc-0085,src-cbse-board-portal,cbse-board,comp-cbse-board-cls10-social,2026,2026,Class 10 Annual Exam,Social Science Theory Paper,Social Science,Secondary Foundation Practice,single_mcq,"hi,en",Bilingual (Hindi & English),1,Shift 1,Set A,HUMAN_CURATED,key-standard,syl-cbse-board-2026,NOT_VERIFIED,NOT_VERIFIED,HISTORICAL_VERIFIED,PRACTICE_ELIGIBLE
q-ibps-po-2023-pre-q1,src-ibps-po-clerk-portal,ibps-po-clerk,comp-ibps-po-prelims,2023,2023,Preliminary,IBPS PO Prelims CBT,Quantitative Aptitude,Quantitative Aptitude,single_mcq,"hi,en",Bilingual (Hindi & English),1,SHIFT_1,A,OFFICIAL_PYQ,key-paper-ibps-po-2023-pre-s1-final,syl-ibps-po-clerk-2023,NOT_VERIFIED,NOT_VERIFIED,OFFICIAL_PYQ_VERIFIED,PYQ_ELIGIBLE
q-ibps-po-2023-pre-q2,src-ibps-po-clerk-portal,ibps-po-clerk,comp-ibps-po-prelims,2023,2023,Preliminary,IBPS PO Prelims CBT,Quantitative Aptitude,Quantitative Aptitude,single_mcq,"hi,en",Bilingual (Hindi & English),2,SHIFT_1,A,OFFICIAL_PYQ,key-paper-ibps-po-2023-pre-s1-final,syl-ibps-po-clerk-2023,NOT_VERIFIED,NOT_VERIFIED,OFFICIAL_PYQ_VERIFIED,PYQ_ELIGIBLE
q-nta-neet-2023-q1,src-nta-neet-portal,nta-neet,comp-neet-ug-unified,2023,2023,Single Unified Exam,NEET UG Question Paper,General Science & Biology,Physics/Chemistry/Biology,single_mcq,"hi,en",Bilingual (Hindi & English),1,SHIFT_1,A,OFFICIAL_PYQ,key-paper-nta-neet-2023-code-f1-final,syl-nta-neet-2023,NOT_VERIFIED,NOT_VERIFIED,OFFICIAL_PYQ_VERIFIED,PYQ_ELIGIBLE
q-nta-neet-2023-q2,src-nta-neet-portal,nta-neet,comp-neet-ug-unified,2023,2023,Single Unified Exam,NEET UG Question Paper,General Science & Biology,Physics/Chemistry/Biology,single_mcq,"hi,en",Bilingual (Hindi & English),2,SHIFT_1,A,OFFICIAL_PYQ,key-paper-nta-neet-2023-code-f1-final,syl-nta-neet-2023,NOT_VERIFIED,NOT_VERIFIED,OFFICIAL_PYQ_VERIFIED,PYQ_ELIGIBLE
q-rrb-ntpc-2022-cbt1-q1,src-rrb-ntpc-portal,rrb-ntpc,comp-rrb-ntpc-cbt1,2022,2022,CBT-1,First Stage Common Screening CBT,General Awareness,General Awareness,single_mcq,"hi,en",Bilingual (Hindi & English),1,SHIFT_1,A,OFFICIAL_PYQ,key-paper-rrb-ntpc-2022-cbt1-s1-final,syl-rrb-ntpc-2022,NOT_VERIFIED,NOT_VERIFIED,OFFICIAL_PYQ_VERIFIED,PYQ_ELIGIBLE
q-rrb-ntpc-2022-cbt1-q2,src-rrb-ntpc-portal,rrb-ntpc,comp-rrb-ntpc-cbt1,2022,2022,CBT-1,First Stage Common Screening CBT,General Awareness,General Awareness,single_mcq,"hi,en",Bilingual (Hindi & English),2,SHIFT_1,A,OFFICIAL_PYQ,key-paper-rrb-ntpc-2022-cbt1-s1-final,syl-rrb-ntpc-2022,NOT_VERIFIED,NOT_VERIFIED,OFFICIAL_PYQ_VERIFIED,PYQ_ELIGIBLE
q-rrb-ntpc-2024-cbt1-ga-q001,src-rrb-ntpc-portal,rrb-ntpc,comp-rrb-ntpc-cbt1,2024,2024,CBT-1,First Stage Common Screening CBT,General Awareness,General Awareness,single_mcq,"hi,en",Bilingual (Hindi & English),1,Shift 1,Set A,OFFICIAL_PYQ,key-paper-rrb-ntpc-2024-cbt1-ga-final,syl-rrb-ntpc-2024,NOT_VERIFIED,NOT_VERIFIED,OFFICIAL_PYQ_VERIFIED,PYQ_ELIGIBLE
q-rrb-ntpc-2024-cbt1-ga-q002,src-rrb-ntpc-portal,rrb-ntpc,comp-rrb-ntpc-cbt1,2024,2024,CBT-1,First Stage Common Screening CBT,General Awareness,General Awareness,single_mcq,"hi,en",Bilingual (Hindi & English),2,Shift 1,Set A,OFFICIAL_PYQ,key-paper-rrb-ntpc-2024-cbt1-ga-final,syl-rrb-ntpc-2024,NOT_VERIFIED,NOT_VERIFIED,OFFICIAL_PYQ_VERIFIED,PYQ_ELIGIBLE
q-rrb-ntpc-2024-cbt1-ga-q003,src-rrb-ntpc-portal,rrb-ntpc,comp-rrb-ntpc-cbt1,2024,2024,CBT-1,First Stage Common Screening CBT,General Awareness,General Awareness,single_mcq,"hi,en",Bilingual (Hindi & English),3,Shift 1,Set A,OFFICIAL_PYQ,key-paper-rrb-ntpc-2024-cbt1-ga-final,syl-rrb-ntpc-2024,NOT_VERIFIED,NOT_VERIFIED,OFFICIAL_PYQ_VERIFIED,PYQ_ELIGIBLE
q-rrb-ntpc-2024-cbt1-ga-q004,src-rrb-ntpc-portal,rrb-ntpc,comp-rrb-ntpc-cbt1,2024,2024,CBT-1,First Stage Common Screening CBT,General Awareness,General Awareness,single_mcq,"hi,en",Bilingual (Hindi & English),4,Shift 1,Set A,OFFICIAL_PYQ,key-paper-rrb-ntpc-2024-cbt1-ga-final,syl-rrb-ntpc-2024,NOT_VERIFIED,NOT_VERIFIED,OFFICIAL_PYQ_VERIFIED,PYQ_ELIGIBLE
q-rrb-ntpc-2024-cbt1-ga-q005,src-rrb-ntpc-portal,rrb-ntpc,comp-rrb-ntpc-cbt1,2024,2024,CBT-1,First Stage Common Screening CBT,General Awareness,General Awareness,single_mcq,"hi,en",Bilingual (Hindi & English),5,Shift 1,Set A,OFFICIAL_PYQ,key-paper-rrb-ntpc-2024-cbt1-ga-final,syl-rrb-ntpc-2024,NOT_VERIFIED,NOT_VERIFIED,OFFICIAL_PYQ_VERIFIED,PYQ_ELIGIBLE
q-rrb-ntpc-2024-cbt1-ga-q006,src-rrb-ntpc-portal,rrb-ntpc,comp-rrb-ntpc-cbt1,2024,2024,CBT-1,First Stage Common Screening CBT,General Awareness,General Awareness,single_mcq,"hi,en",Bilingual (Hindi & English),6,Shift 1,Set A,OFFICIAL_PYQ,key-paper-rrb-ntpc-2024-cbt1-ga-final,syl-rrb-ntpc-2024,NOT_VERIFIED,NOT_VERIFIED,OFFICIAL_PYQ_VERIFIED,PYQ_ELIGIBLE
q-rrb-ntpc-2024-cbt1-ga-q007,src-rrb-ntpc-portal,rrb-ntpc,comp-rrb-ntpc-cbt1,2024,2024,CBT-1,First Stage Common Screening CBT,General Awareness,General Awareness,single_mcq,"hi,en",Bilingual (Hindi & English),7,Shift 1,Set A,OFFICIAL_PYQ,key-paper-rrb-ntpc-2024-cbt1-ga-final,syl-rrb-ntpc-2024,NOT_VERIFIED,NOT_VERIFIED,OFFICIAL_PYQ_VERIFIED,PYQ_ELIGIBLE
q-rrb-ntpc-2024-cbt1-ga-q008,src-rrb-ntpc-portal,rrb-ntpc,comp-rrb-ntpc-cbt1,2024,2024,CBT-1,First Stage Common Screening CBT,General Awareness,General Awareness,single_mcq,"hi,en",Bilingual (Hindi & English),8,Shift 1,Set A,OFFICIAL_PYQ,key-paper-rrb-ntpc-2024-cbt1-ga-final,syl-rrb-ntpc-2024,NOT_VERIFIED,NOT_VERIFIED,OFFICIAL_PYQ_VERIFIED,PYQ_ELIGIBLE
q-rrb-ntpc-2024-cbt1-ga-q009,src-rrb-ntpc-portal,rrb-ntpc,comp-rrb-ntpc-cbt1,2024,2024,CBT-1,First Stage Common Screening CBT,General Awareness,General Awareness,single_mcq,"hi,en",Bilingual (Hindi & English),9,Shift 1,Set A,OFFICIAL_PYQ,key-paper-rrb-ntpc-2024-cbt1-ga-final,syl-rrb-ntpc-2024,NOT_VERIFIED,NOT_VERIFIED,OFFICIAL_PYQ_VERIFIED,PYQ_ELIGIBLE
q-rrb-ntpc-2024-cbt1-ga-q010,src-rrb-ntpc-portal,rrb-ntpc,comp-rrb-ntpc-cbt1,2024,2024,CBT-1,First Stage Common Screening CBT,General Awareness,General Awareness,single_mcq,"hi,en",Bilingual (Hindi & English),10,Shift 1,Set A,OFFICIAL_PYQ,key-paper-rrb-ntpc-2024-cbt1-ga-final,syl-rrb-ntpc-2024,NOT_VERIFIED,NOT_VERIFIED,OFFICIAL_PYQ_VERIFIED,PYQ_ELIGIBLE
q-rrb-ntpc-2024-cbt1-ga-q011,src-rrb-ntpc-portal,rrb-ntpc,comp-rrb-ntpc-cbt1,2024,2024,CBT-1,First Stage Common Screening CBT,General Awareness,General Awareness,single_mcq,"hi,en",Bilingual (Hindi & English),11,Shift 1,Set A,OFFICIAL_PYQ,key-paper-rrb-ntpc-2024-cbt1-ga-final,syl-rrb-ntpc-2024,NOT_VERIFIED,NOT_VERIFIED,OFFICIAL_PYQ_VERIFIED,PYQ_ELIGIBLE
q-rrb-ntpc-2024-cbt1-ga-q012,src-rrb-ntpc-portal,rrb-ntpc,comp-rrb-ntpc-cbt1,2024,2024,CBT-1,First Stage Common Screening CBT,General Awareness,General Awareness,single_mcq,"hi,en",Bilingual (Hindi & English),12,Shift 1,Set A,OFFICIAL_PYQ,key-paper-rrb-ntpc-2024-cbt1-ga-final,syl-rrb-ntpc-2024,NOT_VERIFIED,NOT_VERIFIED,OFFICIAL_PYQ_VERIFIED,PYQ_ELIGIBLE
q-rrb-ntpc-2024-cbt1-ga-q013,src-rrb-ntpc-portal,rrb-ntpc,comp-rrb-ntpc-cbt1,2024,2024,CBT-1,First Stage Common Screening CBT,General Awareness,General Awareness,single_mcq,"hi,en",Bilingual (Hindi & English),13,Shift 1,Set A,OFFICIAL_PYQ,key-paper-rrb-ntpc-2024-cbt1-ga-final,syl-rrb-ntpc-2024,NOT_VERIFIED,NOT_VERIFIED,OFFICIAL_PYQ_VERIFIED,PYQ_ELIGIBLE
q-rrb-ntpc-2024-cbt1-ga-q014,src-rrb-ntpc-portal,rrb-ntpc,comp-rrb-ntpc-cbt1,2024,2024,CBT-1,First Stage Common Screening CBT,General Awareness,General Awareness,single_mcq,"hi,en",Bilingual (Hindi & English),14,Shift 1,Set A,OFFICIAL_PYQ,key-paper-rrb-ntpc-2024-cbt1-ga-final,syl-rrb-ntpc-2024,NOT_VERIFIED,NOT_VERIFIED,OFFICIAL_PYQ_VERIFIED,PYQ_ELIGIBLE
q-rrb-ntpc-2024-cbt1-ga-q015,src-rrb-ntpc-portal,rrb-ntpc,comp-rrb-ntpc-cbt1,2024,2024,CBT-1,First Stage Common Screening CBT,General Awareness,General Awareness,single_mcq,"hi,en",Bilingual (Hindi & English),15,Shift 1,Set A,OFFICIAL_PYQ,key-paper-rrb-ntpc-2024-cbt1-ga-final,syl-rrb-ntpc-2024,NOT_VERIFIED,NOT_VERIFIED,OFFICIAL_PYQ_VERIFIED,PYQ_ELIGIBLE
q-rrb-ntpc-2024-cbt1-ga-q016,src-rrb-ntpc-portal,rrb-ntpc,comp-rrb-ntpc-cbt1,2024,2024,CBT-1,First Stage Common Screening CBT,General Awareness,General Awareness,single_mcq,"hi,en",Bilingual (Hindi & English),16,Shift 1,Set A,OFFICIAL_PYQ,key-paper-rrb-ntpc-2024-cbt1-ga-final,syl-rrb-ntpc-2024,NOT_VERIFIED,NOT_VERIFIED,OFFICIAL_PYQ_VERIFIED,PYQ_ELIGIBLE
q-rrb-ntpc-2024-cbt1-ga-q017,src-rrb-ntpc-portal,rrb-ntpc,comp-rrb-ntpc-cbt1,2024,2024,CBT-1,First Stage Common Screening CBT,General Awareness,General Awareness,single_mcq,"hi,en",Bilingual (Hindi & English),17,Shift 1,Set A,OFFICIAL_PYQ,key-paper-rrb-ntpc-2024-cbt1-ga-final,syl-rrb-ntpc-2024,NOT_VERIFIED,NOT_VERIFIED,OFFICIAL_PYQ_VERIFIED,PYQ_ELIGIBLE
q-rrb-ntpc-2024-cbt1-ga-q018,src-rrb-ntpc-portal,rrb-ntpc,comp-rrb-ntpc-cbt1,2024,2024,CBT-1,First Stage Common Screening CBT,General Awareness,General Awareness,single_mcq,"hi,en",Bilingual (Hindi & English),18,Shift 1,Set A,OFFICIAL_PYQ,key-paper-rrb-ntpc-2024-cbt1-ga-final,syl-rrb-ntpc-2024,NOT_VERIFIED,NOT_VERIFIED,OFFICIAL_PYQ_VERIFIED,PYQ_ELIGIBLE
q-rrb-ntpc-2024-cbt1-ga-q019,src-rrb-ntpc-portal,rrb-ntpc,comp-rrb-ntpc-cbt1,2024,2024,CBT-1,First Stage Common Screening CBT,General Awareness,General Awareness,single_mcq,"hi,en",Bilingual (Hindi & English),19,Shift 1,Set A,OFFICIAL_PYQ,key-paper-rrb-ntpc-2024-cbt1-ga-final,syl-rrb-ntpc-2024,NOT_VERIFIED,NOT_VERIFIED,OFFICIAL_PYQ_VERIFIED,PYQ_ELIGIBLE
q-rrb-ntpc-2024-cbt1-ga-q020,src-rrb-ntpc-portal,rrb-ntpc,comp-rrb-ntpc-cbt1,2024,2024,CBT-1,First Stage Common Screening CBT,General Awareness,General Awareness,single_mcq,"hi,en",Bilingual (Hindi & English),20,Shift 1,Set A,OFFICIAL_PYQ,key-paper-rrb-ntpc-2024-cbt1-ga-final,syl-rrb-ntpc-2024,NOT_VERIFIED,NOT_VERIFIED,OFFICIAL_PYQ_VERIFIED,PYQ_ELIGIBLE
q-rrb-ntpc-2024-cbt1-ga-q021,src-rrb-ntpc-portal,rrb-ntpc,comp-rrb-ntpc-cbt1,2024,2024,CBT-1,First Stage Common Screening CBT,General Awareness,General Awareness,single_mcq,"hi,en",Bilingual (Hindi & English),21,Shift 1,Set A,OFFICIAL_PYQ,key-paper-rrb-ntpc-2024-cbt1-ga-final,syl-rrb-ntpc-2024,NOT_VERIFIED,NOT_VERIFIED,OFFICIAL_PYQ_VERIFIED,PYQ_ELIGIBLE
q-rrb-ntpc-2024-cbt1-ga-q022,src-rrb-ntpc-portal,rrb-ntpc,comp-rrb-ntpc-cbt1,2024,2024,CBT-1,First Stage Common Screening CBT,General Awareness,General Awareness,single_mcq,"hi,en",Bilingual (Hindi & English),22,Shift 1,Set A,OFFICIAL_PYQ,key-paper-rrb-ntpc-2024-cbt1-ga-final,syl-rrb-ntpc-2024,NOT_VERIFIED,NOT_VERIFIED,OFFICIAL_PYQ_VERIFIED,PYQ_ELIGIBLE
q-rrb-ntpc-2024-cbt1-ga-q023,src-rrb-ntpc-portal,rrb-ntpc,comp-rrb-ntpc-cbt1,2024,2024,CBT-1,First Stage Common Screening CBT,General Awareness,General Awareness,single_mcq,"hi,en",Bilingual (Hindi & English),23,Shift 1,Set A,OFFICIAL_PYQ,key-paper-rrb-ntpc-2024-cbt1-ga-final,syl-rrb-ntpc-2024,NOT_VERIFIED,NOT_VERIFIED,OFFICIAL_PYQ_VERIFIED,PYQ_ELIGIBLE
q-rrb-ntpc-2024-cbt1-ga-q024,src-rrb-ntpc-portal,rrb-ntpc,comp-rrb-ntpc-cbt1,2024,2024,CBT-1,First Stage Common Screening CBT,General Awareness,General Awareness,single_mcq,"hi,en",Bilingual (Hindi & English),24,Shift 1,Set A,OFFICIAL_PYQ,key-paper-rrb-ntpc-2024-cbt1-ga-final,syl-rrb-ntpc-2024,NOT_VERIFIED,NOT_VERIFIED,OFFICIAL_PYQ_VERIFIED,PYQ_ELIGIBLE
q-rrb-ntpc-2024-cbt1-ga-q025,src-rrb-ntpc-portal,rrb-ntpc,comp-rrb-ntpc-cbt1,2024,2024,CBT-1,First Stage Common Screening CBT,General Awareness,General Awareness,single_mcq,"hi,en",Bilingual (Hindi & English),25,Shift 1,Set A,OFFICIAL_PYQ,key-paper-rrb-ntpc-2024-cbt1-ga-final,syl-rrb-ntpc-2024,NOT_VERIFIED,NOT_VERIFIED,OFFICIAL_PYQ_VERIFIED,PYQ_ELIGIBLE
q-rrb-ntpc-2024-cbt1-ga-q026,src-rrb-ntpc-portal,rrb-ntpc,comp-rrb-ntpc-cbt1,2024,2024,CBT-1,First Stage Common Screening CBT,General Awareness,General Awareness,single_mcq,"hi,en",Bilingual (Hindi & English),26,Shift 1,Set A,OFFICIAL_PYQ,key-paper-rrb-ntpc-2024-cbt1-ga-final,syl-rrb-ntpc-2024,NOT_VERIFIED,NOT_VERIFIED,OFFICIAL_PYQ_VERIFIED,PYQ_ELIGIBLE
q-rrb-ntpc-2024-cbt1-ga-q027,src-rrb-ntpc-portal,rrb-ntpc,comp-rrb-ntpc-cbt1,2024,2024,CBT-1,First Stage Common Screening CBT,General Awareness,General Awareness,single_mcq,"hi,en",Bilingual (Hindi & English),27,Shift 1,Set A,OFFICIAL_PYQ,key-paper-rrb-ntpc-2024-cbt1-ga-final,syl-rrb-ntpc-2024,NOT_VERIFIED,NOT_VERIFIED,OFFICIAL_PYQ_VERIFIED,PYQ_ELIGIBLE
q-rrb-ntpc-2024-cbt1-ga-q028,src-rrb-ntpc-portal,rrb-ntpc,comp-rrb-ntpc-cbt1,2024,2024,CBT-1,First Stage Common Screening CBT,General Awareness,General Awareness,single_mcq,"hi,en",Bilingual (Hindi & English),28,Shift 1,Set A,OFFICIAL_PYQ,key-paper-rrb-ntpc-2024-cbt1-ga-final,syl-rrb-ntpc-2024,NOT_VERIFIED,NOT_VERIFIED,OFFICIAL_PYQ_VERIFIED,PYQ_ELIGIBLE
q-rrb-ntpc-2024-cbt1-ga-q029,src-rrb-ntpc-portal,rrb-ntpc,comp-rrb-ntpc-cbt1,2024,2024,CBT-1,First Stage Common Screening CBT,General Awareness,General Awareness,single_mcq,"hi,en",Bilingual (Hindi & English),29,Shift 1,Set A,OFFICIAL_PYQ,key-paper-rrb-ntpc-2024-cbt1-ga-final,syl-rrb-ntpc-2024,NOT_VERIFIED,NOT_VERIFIED,OFFICIAL_PYQ_VERIFIED,PYQ_ELIGIBLE
q-rrb-ntpc-2024-cbt1-ga-q030,src-rrb-ntpc-portal,rrb-ntpc,comp-rrb-ntpc-cbt1,2024,2024,CBT-1,First Stage Common Screening CBT,General Awareness,General Awareness,single_mcq,"hi,en",Bilingual (Hindi & English),30,Shift 1,Set A,OFFICIAL_PYQ,key-paper-rrb-ntpc-2024-cbt1-ga-final,syl-rrb-ntpc-2024,NOT_VERIFIED,NOT_VERIFIED,OFFICIAL_PYQ_VERIFIED,PYQ_ELIGIBLE
q-ssc-cgl-2022-t1-s1-q1,src-ssc-cgl-portal,ssc-cgl,comp-ssc-cgl-tier1,2022,2022,Tier-1,Tier-1 CBE Screening,General Awareness,General Awareness,single_mcq,"hi,en",Bilingual (Hindi & English),1,SHIFT_1,A,OFFICIAL_PYQ,key-paper-ssc-cgl-2022-t1-s1-final,syl-ssc-cgl-2022,NOT_VERIFIED,NOT_VERIFIED,OFFICIAL_PYQ_VERIFIED,PYQ_ELIGIBLE
q-ssc-cgl-2022-t1-s1-q2,src-ssc-cgl-portal,ssc-cgl,comp-ssc-cgl-tier1,2022,2022,Tier-1,Tier-1 CBE Screening,Quantitative Aptitude,Quantitative Aptitude,single_mcq,"hi,en",Bilingual (Hindi & English),2,SHIFT_1,A,OFFICIAL_PYQ,key-paper-ssc-cgl-2022-t1-s1-final,syl-ssc-cgl-2022,NOT_VERIFIED,NOT_VERIFIED,OFFICIAL_PYQ_VERIFIED,PYQ_ELIGIBLE
q-ssc-cgl-2022-t1-s1-q3,src-ssc-cgl-portal,ssc-cgl,comp-ssc-cgl-tier1,2022,2022,Tier-1,Tier-1 CBE Screening,General Intelligence & Reasoning,General Intelligence & Reasoning,single_mcq,"hi,en",Bilingual (Hindi & English),3,SHIFT_1,A,OFFICIAL_PYQ,key-paper-ssc-cgl-2022-t1-s1-final,syl-ssc-cgl-2022,NOT_VERIFIED,NOT_VERIFIED,OFFICIAL_PYQ_VERIFIED,PYQ_ELIGIBLE
q-ssc-cgl-2022-t1-s1-q4,src-ssc-cgl-portal,ssc-cgl,comp-ssc-cgl-tier1,2022,2022,Tier-1,Tier-1 CBE Screening,General Awareness,General Awareness,single_mcq,"hi,en",Bilingual (Hindi & English),4,SHIFT_1,A,OFFICIAL_PYQ,key-paper-ssc-cgl-2022-t1-s1-final,syl-ssc-cgl-2022,NOT_VERIFIED,NOT_VERIFIED,OFFICIAL_PYQ_VERIFIED,PYQ_ELIGIBLE
q-ssc-cgl-2023-t1-s1-q1,src-ssc-cgl-portal,ssc-cgl,comp-ssc-cgl-tier1,2023,2023,Tier-1,Tier-1 CBE Screening,General Awareness,General Awareness,single_mcq,"hi,en",Bilingual (Hindi & English),1,SHIFT_1,A,OFFICIAL_PYQ,key-paper-ssc-cgl-2023-t1-s1-final,syl-ssc-cgl-2023,NOT_VERIFIED,NOT_VERIFIED,OFFICIAL_PYQ_VERIFIED,PYQ_ELIGIBLE
q-ssc-cgl-2023-t1-s1-q2,src-ssc-cgl-portal,ssc-cgl,comp-ssc-cgl-tier1,2023,2023,Tier-1,Tier-1 CBE Screening,Quantitative Aptitude,Quantitative Aptitude,single_mcq,"hi,en",Bilingual (Hindi & English),2,SHIFT_1,A,OFFICIAL_PYQ,key-paper-ssc-cgl-2023-t1-s1-final,syl-ssc-cgl-2023,NOT_VERIFIED,NOT_VERIFIED,OFFICIAL_PYQ_VERIFIED,PYQ_ELIGIBLE
q-ssc-cgl-2023-t1-s1-q3,src-ssc-cgl-portal,ssc-cgl,comp-ssc-cgl-tier1,2023,2023,Tier-1,Tier-1 CBE Screening,General Intelligence & Reasoning,General Intelligence & Reasoning,single_mcq,"hi,en",Bilingual (Hindi & English),3,SHIFT_1,A,OFFICIAL_PYQ,key-paper-ssc-cgl-2023-t1-s1-final,syl-ssc-cgl-2023,NOT_VERIFIED,NOT_VERIFIED,OFFICIAL_PYQ_VERIFIED,PYQ_ELIGIBLE
q-ssc-cgl-2023-t1-s1-q4,src-ssc-cgl-portal,ssc-cgl,comp-ssc-cgl-tier1,2023,2023,Tier-1,Tier-1 CBE Screening,General Awareness,General Awareness,single_mcq,"hi,en",Bilingual (Hindi & English),4,SHIFT_1,A,OFFICIAL_PYQ,key-paper-ssc-cgl-2023-t1-s1-final,syl-ssc-cgl-2023,NOT_VERIFIED,NOT_VERIFIED,OFFICIAL_PYQ_VERIFIED,PYQ_ELIGIBLE
q-ssc-cgl-undefined-Tier 1-Shift 1-q1,src-ssc-cgl-portal,ssc-cgl,comp-ssc-cgl-tier1,2024,2024,Tier-1,Tier-1 CBE Screening,General Intelligence & Reasoning,General Intelligence & Reasoning,single_mcq,"hi,en",Bilingual (Hindi & English),1,Shift 1,Set C,OFFICIAL_PYQ,key-paper-ssc-cgl-2024-t1-s1-final,syl-ssc-cgl-2024,NOT_VERIFIED,NOT_VERIFIED,OFFICIAL_PYQ_VERIFIED,FULL_EXAM_ELIGIBLE
q-ssc-cgl-undefined-Tier 1-Shift 1-q10,src-ssc-cgl-portal,ssc-cgl,comp-ssc-cgl-tier1,2024,2024,Tier-1,Tier-1 CBE Screening,General Intelligence & Reasoning,General Intelligence & Reasoning,single_mcq,"hi,en",Bilingual (Hindi & English),10,Shift 1,Set C,OFFICIAL_PYQ,key-paper-ssc-cgl-2024-t1-s1-final,syl-ssc-cgl-2024,NOT_VERIFIED,NOT_VERIFIED,OFFICIAL_PYQ_VERIFIED,FULL_EXAM_ELIGIBLE
q-ssc-cgl-undefined-Tier 1-Shift 1-q100,src-ssc-cgl-portal,ssc-cgl,comp-ssc-cgl-tier1,2024,2024,Tier-1,Tier-1 CBE Screening,English Comprehension,English Comprehension,single_mcq,"hi,en",Bilingual (Hindi & English),100,Shift 1,Set C,OFFICIAL_PYQ,key-paper-ssc-cgl-2024-t1-s1-final,syl-ssc-cgl-2024,NOT_VERIFIED,NOT_VERIFIED,OFFICIAL_PYQ_VERIFIED,FULL_EXAM_ELIGIBLE
q-ssc-cgl-undefined-Tier 1-Shift 1-q101,src-ssc-cgl-portal,ssc-cgl,comp-ssc-cgl-tier1,2024,2024,Tier-1,Tier-1 CBE Screening,General Intelligence & Reasoning,General Intelligence & Reasoning,single_mcq,"hi,en",Bilingual (Hindi & English),101,Shift 1,Set C,OFFICIAL_PYQ,key-paper-ssc-cgl-2024-t1-s1-final,syl-ssc-cgl-2024,NOT_VERIFIED,NOT_VERIFIED,OFFICIAL_PYQ_VERIFIED,FULL_EXAM_ELIGIBLE
q-ssc-cgl-undefined-Tier 1-Shift 1-q11,src-ssc-cgl-portal,ssc-cgl,comp-ssc-cgl-tier1,2024,2024,Tier-1,Tier-1 CBE Screening,General Intelligence & Reasoning,General Intelligence & Reasoning,single_mcq,"hi,en",Bilingual (Hindi & English),11,Shift 1,Set C,OFFICIAL_PYQ,key-paper-ssc-cgl-2024-t1-s1-final,syl-ssc-cgl-2024,NOT_VERIFIED,NOT_VERIFIED,OFFICIAL_PYQ_VERIFIED,FULL_EXAM_ELIGIBLE
q-ssc-cgl-undefined-Tier 1-Shift 1-q12,src-ssc-cgl-portal,ssc-cgl,comp-ssc-cgl-tier1,2024,2024,Tier-1,Tier-1 CBE Screening,General Intelligence & Reasoning,General Intelligence & Reasoning,single_mcq,"hi,en",Bilingual (Hindi & English),12,Shift 1,Set C,OFFICIAL_PYQ,key-paper-ssc-cgl-2024-t1-s1-final,syl-ssc-cgl-2024,NOT_VERIFIED,NOT_VERIFIED,OFFICIAL_PYQ_VERIFIED,FULL_EXAM_ELIGIBLE
q-ssc-cgl-undefined-Tier 1-Shift 1-q13,src-ssc-cgl-portal,ssc-cgl,comp-ssc-cgl-tier1,2024,2024,Tier-1,Tier-1 CBE Screening,General Intelligence & Reasoning,General Intelligence & Reasoning,single_mcq,"hi,en",Bilingual (Hindi & English),13,Shift 1,Set C,OFFICIAL_PYQ,key-paper-ssc-cgl-2024-t1-s1-final,syl-ssc-cgl-2024,NOT_VERIFIED,NOT_VERIFIED,OFFICIAL_PYQ_VERIFIED,FULL_EXAM_ELIGIBLE
q-ssc-cgl-undefined-Tier 1-Shift 1-q14,src-ssc-cgl-portal,ssc-cgl,comp-ssc-cgl-tier1,2024,2024,Tier-1,Tier-1 CBE Screening,General Intelligence & Reasoning,General Intelligence & Reasoning,single_mcq,"hi,en",Bilingual (Hindi & English),14,Shift 1,Set C,OFFICIAL_PYQ,key-paper-ssc-cgl-2024-t1-s1-final,syl-ssc-cgl-2024,NOT_VERIFIED,NOT_VERIFIED,OFFICIAL_PYQ_VERIFIED,FULL_EXAM_ELIGIBLE
q-ssc-cgl-undefined-Tier 1-Shift 1-q15,src-ssc-cgl-portal,ssc-cgl,comp-ssc-cgl-tier1,2024,2024,Tier-1,Tier-1 CBE Screening,General Intelligence & Reasoning,General Intelligence & Reasoning,single_mcq,"hi,en",Bilingual (Hindi & English),15,Shift 1,Set C,OFFICIAL_PYQ,key-paper-ssc-cgl-2024-t1-s1-final,syl-ssc-cgl-2024,NOT_VERIFIED,NOT_VERIFIED,OFFICIAL_PYQ_VERIFIED,FULL_EXAM_ELIGIBLE
q-ssc-cgl-undefined-Tier 1-Shift 1-q16,src-ssc-cgl-portal,ssc-cgl,comp-ssc-cgl-tier1,2024,2024,Tier-1,Tier-1 CBE Screening,General Intelligence & Reasoning,General Intelligence & Reasoning,single_mcq,"hi,en",Bilingual (Hindi & English),16,Shift 1,Set C,OFFICIAL_PYQ,key-paper-ssc-cgl-2024-t1-s1-final,syl-ssc-cgl-2024,NOT_VERIFIED,NOT_VERIFIED,OFFICIAL_PYQ_VERIFIED,FULL_EXAM_ELIGIBLE
q-ssc-cgl-undefined-Tier 1-Shift 1-q17,src-ssc-cgl-portal,ssc-cgl,comp-ssc-cgl-tier1,2024,2024,Tier-1,Tier-1 CBE Screening,General Intelligence & Reasoning,General Intelligence & Reasoning,single_mcq,"hi,en",Bilingual (Hindi & English),17,Shift 1,Set C,OFFICIAL_PYQ,key-paper-ssc-cgl-2024-t1-s1-final,syl-ssc-cgl-2024,NOT_VERIFIED,NOT_VERIFIED,OFFICIAL_PYQ_VERIFIED,FULL_EXAM_ELIGIBLE
q-ssc-cgl-undefined-Tier 1-Shift 1-q18,src-ssc-cgl-portal,ssc-cgl,comp-ssc-cgl-tier1,2024,2024,Tier-1,Tier-1 CBE Screening,General Intelligence & Reasoning,General Intelligence & Reasoning,single_mcq,"hi,en",Bilingual (Hindi & English),18,Shift 1,Set C,OFFICIAL_PYQ,key-paper-ssc-cgl-2024-t1-s1-final,syl-ssc-cgl-2024,NOT_VERIFIED,NOT_VERIFIED,OFFICIAL_PYQ_VERIFIED,FULL_EXAM_ELIGIBLE
q-ssc-cgl-undefined-Tier 1-Shift 1-q19,src-ssc-cgl-portal,ssc-cgl,comp-ssc-cgl-tier1,2024,2024,Tier-1,Tier-1 CBE Screening,General Intelligence & Reasoning,General Intelligence & Reasoning,single_mcq,"hi,en",Bilingual (Hindi & English),19,Shift 1,Set C,OFFICIAL_PYQ,key-paper-ssc-cgl-2024-t1-s1-final,syl-ssc-cgl-2024,NOT_VERIFIED,NOT_VERIFIED,OFFICIAL_PYQ_VERIFIED,FULL_EXAM_ELIGIBLE
q-ssc-cgl-undefined-Tier 1-Shift 1-q2,src-ssc-cgl-portal,ssc-cgl,comp-ssc-cgl-tier1,2024,2024,Tier-1,Tier-1 CBE Screening,General Intelligence & Reasoning,General Intelligence & Reasoning,single_mcq,"hi,en",Bilingual (Hindi & English),2,Shift 1,Set C,OFFICIAL_PYQ,key-paper-ssc-cgl-2024-t1-s1-final,syl-ssc-cgl-2024,NOT_VERIFIED,NOT_VERIFIED,OFFICIAL_PYQ_VERIFIED,FULL_EXAM_ELIGIBLE
q-ssc-cgl-undefined-Tier 1-Shift 1-q20,src-ssc-cgl-portal,ssc-cgl,comp-ssc-cgl-tier1,2024,2024,Tier-1,Tier-1 CBE Screening,General Intelligence & Reasoning,General Intelligence & Reasoning,single_mcq,"hi,en",Bilingual (Hindi & English),20,Shift 1,Set C,OFFICIAL_PYQ,key-paper-ssc-cgl-2024-t1-s1-final,syl-ssc-cgl-2024,NOT_VERIFIED,NOT_VERIFIED,OFFICIAL_PYQ_VERIFIED,FULL_EXAM_ELIGIBLE
q-ssc-cgl-undefined-Tier 1-Shift 1-q21,src-ssc-cgl-portal,ssc-cgl,comp-ssc-cgl-tier1,2024,2024,Tier-1,Tier-1 CBE Screening,General Intelligence & Reasoning,General Intelligence & Reasoning,single_mcq,"hi,en",Bilingual (Hindi & English),21,Shift 1,Set C,OFFICIAL_PYQ,key-paper-ssc-cgl-2024-t1-s1-final,syl-ssc-cgl-2024,NOT_VERIFIED,NOT_VERIFIED,OFFICIAL_PYQ_VERIFIED,FULL_EXAM_ELIGIBLE
q-ssc-cgl-undefined-Tier 1-Shift 1-q22,src-ssc-cgl-portal,ssc-cgl,comp-ssc-cgl-tier1,2024,2024,Tier-1,Tier-1 CBE Screening,General Intelligence & Reasoning,General Intelligence & Reasoning,single_mcq,"hi,en",Bilingual (Hindi & English),22,Shift 1,Set C,OFFICIAL_PYQ,key-paper-ssc-cgl-2024-t1-s1-final,syl-ssc-cgl-2024,NOT_VERIFIED,NOT_VERIFIED,OFFICIAL_PYQ_VERIFIED,FULL_EXAM_ELIGIBLE
q-ssc-cgl-undefined-Tier 1-Shift 1-q23,src-ssc-cgl-portal,ssc-cgl,comp-ssc-cgl-tier1,2024,2024,Tier-1,Tier-1 CBE Screening,General Intelligence & Reasoning,General Intelligence & Reasoning,single_mcq,"hi,en",Bilingual (Hindi & English),23,Shift 1,Set C,OFFICIAL_PYQ,key-paper-ssc-cgl-2024-t1-s1-final,syl-ssc-cgl-2024,NOT_VERIFIED,NOT_VERIFIED,OFFICIAL_PYQ_VERIFIED,PYQ_ELIGIBLE
q-ssc-cgl-undefined-Tier 1-Shift 1-q24,src-ssc-cgl-portal,ssc-cgl,comp-ssc-cgl-tier1,2024,2024,Tier-1,Tier-1 CBE Screening,General Intelligence & Reasoning,General Intelligence & Reasoning,single_mcq,"hi,en",Bilingual (Hindi & English),24,Shift 1,Set C,OFFICIAL_PYQ,key-paper-ssc-cgl-2024-t1-s1-final,syl-ssc-cgl-2024,NOT_VERIFIED,NOT_VERIFIED,OFFICIAL_PYQ_VERIFIED,FULL_EXAM_ELIGIBLE
q-ssc-cgl-undefined-Tier 1-Shift 1-q25,src-ssc-cgl-portal,ssc-cgl,comp-ssc-cgl-tier1,2024,2024,Tier-1,Tier-1 CBE Screening,General Intelligence & Reasoning,General Intelligence & Reasoning,single_mcq,"hi,en",Bilingual (Hindi & English),25,Shift 1,Set C,OFFICIAL_PYQ,key-paper-ssc-cgl-2024-t1-s1-final,syl-ssc-cgl-2024,NOT_VERIFIED,NOT_VERIFIED,OFFICIAL_PYQ_VERIFIED,FULL_EXAM_ELIGIBLE
q-ssc-cgl-undefined-Tier 1-Shift 1-q26,src-ssc-cgl-portal,ssc-cgl,comp-ssc-cgl-tier1,2024,2024,Tier-1,Tier-1 CBE Screening,General Awareness,General Awareness,single_mcq,"hi,en",Bilingual (Hindi & English),26,Shift 1,Set C,OFFICIAL_PYQ,key-paper-ssc-cgl-2024-t1-s1-final,syl-ssc-cgl-2024,NOT_VERIFIED,NOT_VERIFIED,OFFICIAL_PYQ_VERIFIED,FULL_EXAM_ELIGIBLE
q-ssc-cgl-undefined-Tier 1-Shift 1-q27,src-ssc-cgl-portal,ssc-cgl,comp-ssc-cgl-tier1,2024,2024,Tier-1,Tier-1 CBE Screening,General Awareness,General Awareness,single_mcq,"hi,en",Bilingual (Hindi & English),27,Shift 1,Set C,OFFICIAL_PYQ,key-paper-ssc-cgl-2024-t1-s1-final,syl-ssc-cgl-2024,NOT_VERIFIED,NOT_VERIFIED,OFFICIAL_PYQ_VERIFIED,FULL_EXAM_ELIGIBLE
q-ssc-cgl-undefined-Tier 1-Shift 1-q28,src-ssc-cgl-portal,ssc-cgl,comp-ssc-cgl-tier1,2024,2024,Tier-1,Tier-1 CBE Screening,General Awareness,General Awareness,single_mcq,"hi,en",Bilingual (Hindi & English),28,Shift 1,Set C,OFFICIAL_PYQ,key-paper-ssc-cgl-2024-t1-s1-final,syl-ssc-cgl-2024,NOT_VERIFIED,NOT_VERIFIED,OFFICIAL_PYQ_VERIFIED,FULL_EXAM_ELIGIBLE
q-ssc-cgl-undefined-Tier 1-Shift 1-q29,src-ssc-cgl-portal,ssc-cgl,comp-ssc-cgl-tier1,2024,2024,Tier-1,Tier-1 CBE Screening,General Awareness,General Awareness,single_mcq,"hi,en",Bilingual (Hindi & English),29,Shift 1,Set C,OFFICIAL_PYQ,key-paper-ssc-cgl-2024-t1-s1-final,syl-ssc-cgl-2024,NOT_VERIFIED,NOT_VERIFIED,OFFICIAL_PYQ_VERIFIED,FULL_EXAM_ELIGIBLE
q-ssc-cgl-undefined-Tier 1-Shift 1-q3,src-ssc-cgl-portal,ssc-cgl,comp-ssc-cgl-tier1,2024,2024,Tier-1,Tier-1 CBE Screening,General Intelligence & Reasoning,General Intelligence & Reasoning,single_mcq,"hi,en",Bilingual (Hindi & English),3,Shift 1,Set C,OFFICIAL_PYQ,key-paper-ssc-cgl-2024-t1-s1-final,syl-ssc-cgl-2024,NOT_VERIFIED,NOT_VERIFIED,OFFICIAL_PYQ_VERIFIED,FULL_EXAM_ELIGIBLE
q-ssc-cgl-undefined-Tier 1-Shift 1-q30,src-ssc-cgl-portal,ssc-cgl,comp-ssc-cgl-tier1,2024,2024,Tier-1,Tier-1 CBE Screening,General Awareness,General Awareness,single_mcq,"hi,en",Bilingual (Hindi & English),30,Shift 1,Set C,OFFICIAL_PYQ,key-paper-ssc-cgl-2024-t1-s1-final,syl-ssc-cgl-2024,NOT_VERIFIED,NOT_VERIFIED,OFFICIAL_PYQ_VERIFIED,FULL_EXAM_ELIGIBLE
q-ssc-cgl-undefined-Tier 1-Shift 1-q31,src-ssc-cgl-portal,ssc-cgl,comp-ssc-cgl-tier1,2024,2024,Tier-1,Tier-1 CBE Screening,General Awareness,General Awareness,single_mcq,"hi,en",Bilingual (Hindi & English),31,Shift 1,Set C,OFFICIAL_PYQ,key-paper-ssc-cgl-2024-t1-s1-final,syl-ssc-cgl-2024,NOT_VERIFIED,NOT_VERIFIED,OFFICIAL_PYQ_VERIFIED,FULL_EXAM_ELIGIBLE
q-ssc-cgl-undefined-Tier 1-Shift 1-q32,src-ssc-cgl-portal,ssc-cgl,comp-ssc-cgl-tier1,2024,2024,Tier-1,Tier-1 CBE Screening,General Awareness,General Awareness,single_mcq,"hi,en",Bilingual (Hindi & English),32,Shift 1,Set C,OFFICIAL_PYQ,key-paper-ssc-cgl-2024-t1-s1-final,syl-ssc-cgl-2024,NOT_VERIFIED,NOT_VERIFIED,OFFICIAL_PYQ_VERIFIED,FULL_EXAM_ELIGIBLE
q-ssc-cgl-undefined-Tier 1-Shift 1-q33,src-ssc-cgl-portal,ssc-cgl,comp-ssc-cgl-tier1,2024,2024,Tier-1,Tier-1 CBE Screening,General Awareness,General Awareness,single_mcq,"hi,en",Bilingual (Hindi & English),33,Shift 1,Set C,OFFICIAL_PYQ,key-paper-ssc-cgl-2024-t1-s1-final,syl-ssc-cgl-2024,NOT_VERIFIED,NOT_VERIFIED,OFFICIAL_PYQ_VERIFIED,FULL_EXAM_ELIGIBLE
q-ssc-cgl-undefined-Tier 1-Shift 1-q34,src-ssc-cgl-portal,ssc-cgl,comp-ssc-cgl-tier1,2024,2024,Tier-1,Tier-1 CBE Screening,General Awareness,General Awareness,single_mcq,"hi,en",Bilingual (Hindi & English),34,Shift 1,Set C,OFFICIAL_PYQ,key-paper-ssc-cgl-2024-t1-s1-final,syl-ssc-cgl-2024,NOT_VERIFIED,NOT_VERIFIED,OFFICIAL_PYQ_VERIFIED,FULL_EXAM_ELIGIBLE
q-ssc-cgl-undefined-Tier 1-Shift 1-q35,src-ssc-cgl-portal,ssc-cgl,comp-ssc-cgl-tier1,2024,2024,Tier-1,Tier-1 CBE Screening,General Awareness,General Awareness,single_mcq,"hi,en",Bilingual (Hindi & English),35,Shift 1,Set C,OFFICIAL_PYQ,key-paper-ssc-cgl-2024-t1-s1-final,syl-ssc-cgl-2024,NOT_VERIFIED,NOT_VERIFIED,OFFICIAL_PYQ_VERIFIED,FULL_EXAM_ELIGIBLE
q-ssc-cgl-undefined-Tier 1-Shift 1-q36,src-ssc-cgl-portal,ssc-cgl,comp-ssc-cgl-tier1,2024,2024,Tier-1,Tier-1 CBE Screening,General Awareness,General Awareness,single_mcq,"hi,en",Bilingual (Hindi & English),36,Shift 1,Set C,OFFICIAL_PYQ,key-paper-ssc-cgl-2024-t1-s1-final,syl-ssc-cgl-2024,NOT_VERIFIED,NOT_VERIFIED,OFFICIAL_PYQ_VERIFIED,FULL_EXAM_ELIGIBLE
q-ssc-cgl-undefined-Tier 1-Shift 1-q37,src-ssc-cgl-portal,ssc-cgl,comp-ssc-cgl-tier1,2024,2024,Tier-1,Tier-1 CBE Screening,General Awareness,General Awareness,single_mcq,"hi,en",Bilingual (Hindi & English),37,Shift 1,Set C,OFFICIAL_PYQ,key-paper-ssc-cgl-2024-t1-s1-final,syl-ssc-cgl-2024,NOT_VERIFIED,NOT_VERIFIED,OFFICIAL_PYQ_VERIFIED,FULL_EXAM_ELIGIBLE
q-ssc-cgl-undefined-Tier 1-Shift 1-q38,src-ssc-cgl-portal,ssc-cgl,comp-ssc-cgl-tier1,2024,2024,Tier-1,Tier-1 CBE Screening,General Awareness,General Awareness,single_mcq,"hi,en",Bilingual (Hindi & English),38,Shift 1,Set C,OFFICIAL_PYQ,key-paper-ssc-cgl-2024-t1-s1-final,syl-ssc-cgl-2024,NOT_VERIFIED,NOT_VERIFIED,OFFICIAL_PYQ_VERIFIED,FULL_EXAM_ELIGIBLE
q-ssc-cgl-undefined-Tier 1-Shift 1-q39,src-ssc-cgl-portal,ssc-cgl,comp-ssc-cgl-tier1,2024,2024,Tier-1,Tier-1 CBE Screening,General Awareness,General Awareness,single_mcq,"hi,en",Bilingual (Hindi & English),39,Shift 1,Set C,OFFICIAL_PYQ,key-paper-ssc-cgl-2024-t1-s1-final,syl-ssc-cgl-2024,NOT_VERIFIED,NOT_VERIFIED,OFFICIAL_PYQ_VERIFIED,FULL_EXAM_ELIGIBLE
q-ssc-cgl-undefined-Tier 1-Shift 1-q4,src-ssc-cgl-portal,ssc-cgl,comp-ssc-cgl-tier1,2024,2024,Tier-1,Tier-1 CBE Screening,General Intelligence & Reasoning,General Intelligence & Reasoning,single_mcq,"hi,en",Bilingual (Hindi & English),4,Shift 1,Set C,OFFICIAL_PYQ,key-paper-ssc-cgl-2024-t1-s1-final,syl-ssc-cgl-2024,NOT_VERIFIED,NOT_VERIFIED,OFFICIAL_PYQ_VERIFIED,FULL_EXAM_ELIGIBLE
q-ssc-cgl-undefined-Tier 1-Shift 1-q40,src-ssc-cgl-portal,ssc-cgl,comp-ssc-cgl-tier1,2024,2024,Tier-1,Tier-1 CBE Screening,General Awareness,General Awareness,single_mcq,"hi,en",Bilingual (Hindi & English),40,Shift 1,Set C,OFFICIAL_PYQ,key-paper-ssc-cgl-2024-t1-s1-final,syl-ssc-cgl-2024,NOT_VERIFIED,NOT_VERIFIED,OFFICIAL_PYQ_VERIFIED,FULL_EXAM_ELIGIBLE
q-ssc-cgl-undefined-Tier 1-Shift 1-q41,src-ssc-cgl-portal,ssc-cgl,comp-ssc-cgl-tier1,2024,2024,Tier-1,Tier-1 CBE Screening,General Awareness,General Awareness,single_mcq,"hi,en",Bilingual (Hindi & English),41,Shift 1,Set C,OFFICIAL_PYQ,key-paper-ssc-cgl-2024-t1-s1-final,syl-ssc-cgl-2024,NOT_VERIFIED,NOT_VERIFIED,OFFICIAL_PYQ_VERIFIED,FULL_EXAM_ELIGIBLE
q-ssc-cgl-undefined-Tier 1-Shift 1-q42,src-ssc-cgl-portal,ssc-cgl,comp-ssc-cgl-tier1,2024,2024,Tier-1,Tier-1 CBE Screening,General Awareness,General Awareness,single_mcq,"hi,en",Bilingual (Hindi & English),42,Shift 1,Set C,OFFICIAL_PYQ,key-paper-ssc-cgl-2024-t1-s1-final,syl-ssc-cgl-2024,NOT_VERIFIED,NOT_VERIFIED,OFFICIAL_PYQ_VERIFIED,FULL_EXAM_ELIGIBLE
q-ssc-cgl-undefined-Tier 1-Shift 1-q43,src-ssc-cgl-portal,ssc-cgl,comp-ssc-cgl-tier1,2024,2024,Tier-1,Tier-1 CBE Screening,General Awareness,General Awareness,single_mcq,"hi,en",Bilingual (Hindi & English),43,Shift 1,Set C,OFFICIAL_PYQ,key-paper-ssc-cgl-2024-t1-s1-final,syl-ssc-cgl-2024,NOT_VERIFIED,NOT_VERIFIED,OFFICIAL_PYQ_VERIFIED,FULL_EXAM_ELIGIBLE
q-ssc-cgl-undefined-Tier 1-Shift 1-q44,src-ssc-cgl-portal,ssc-cgl,comp-ssc-cgl-tier1,2024,2024,Tier-1,Tier-1 CBE Screening,General Awareness,General Awareness,single_mcq,"hi,en",Bilingual (Hindi & English),44,Shift 1,Set C,OFFICIAL_PYQ,key-paper-ssc-cgl-2024-t1-s1-final,syl-ssc-cgl-2024,NOT_VERIFIED,NOT_VERIFIED,OFFICIAL_PYQ_VERIFIED,FULL_EXAM_ELIGIBLE
q-ssc-cgl-undefined-Tier 1-Shift 1-q45,src-ssc-cgl-portal,ssc-cgl,comp-ssc-cgl-tier1,2024,2024,Tier-1,Tier-1 CBE Screening,General Awareness,General Awareness,single_mcq,"hi,en",Bilingual (Hindi & English),45,Shift 1,Set C,OFFICIAL_PYQ,key-paper-ssc-cgl-2024-t1-s1-final,syl-ssc-cgl-2024,NOT_VERIFIED,NOT_VERIFIED,OFFICIAL_PYQ_VERIFIED,FULL_EXAM_ELIGIBLE
q-ssc-cgl-undefined-Tier 1-Shift 1-q46,src-ssc-cgl-portal,ssc-cgl,comp-ssc-cgl-tier1,2024,2024,Tier-1,Tier-1 CBE Screening,General Awareness,General Awareness,single_mcq,"hi,en",Bilingual (Hindi & English),46,Shift 1,Set C,OFFICIAL_PYQ,key-paper-ssc-cgl-2024-t1-s1-final,syl-ssc-cgl-2024,NOT_VERIFIED,NOT_VERIFIED,OFFICIAL_PYQ_VERIFIED,FULL_EXAM_ELIGIBLE
q-ssc-cgl-undefined-Tier 1-Shift 1-q47,src-ssc-cgl-portal,ssc-cgl,comp-ssc-cgl-tier1,2024,2024,Tier-1,Tier-1 CBE Screening,General Awareness,General Awareness,single_mcq,"hi,en",Bilingual (Hindi & English),47,Shift 1,Set C,OFFICIAL_PYQ,key-paper-ssc-cgl-2024-t1-s1-final,syl-ssc-cgl-2024,NOT_VERIFIED,NOT_VERIFIED,OFFICIAL_PYQ_VERIFIED,FULL_EXAM_ELIGIBLE
q-ssc-cgl-undefined-Tier 1-Shift 1-q48,src-ssc-cgl-portal,ssc-cgl,comp-ssc-cgl-tier1,2024,2024,Tier-1,Tier-1 CBE Screening,General Awareness,General Awareness,single_mcq,"hi,en",Bilingual (Hindi & English),48,Shift 1,Set C,OFFICIAL_PYQ,key-paper-ssc-cgl-2024-t1-s1-final,syl-ssc-cgl-2024,NOT_VERIFIED,NOT_VERIFIED,OFFICIAL_PYQ_VERIFIED,FULL_EXAM_ELIGIBLE
q-ssc-cgl-undefined-Tier 1-Shift 1-q49,src-ssc-cgl-portal,ssc-cgl,comp-ssc-cgl-tier1,2024,2024,Tier-1,Tier-1 CBE Screening,General Awareness,General Awareness,single_mcq,"hi,en",Bilingual (Hindi & English),49,Shift 1,Set C,OFFICIAL_PYQ,key-paper-ssc-cgl-2024-t1-s1-final,syl-ssc-cgl-2024,NOT_VERIFIED,NOT_VERIFIED,OFFICIAL_PYQ_VERIFIED,FULL_EXAM_ELIGIBLE
q-ssc-cgl-undefined-Tier 1-Shift 1-q5,src-ssc-cgl-portal,ssc-cgl,comp-ssc-cgl-tier1,2024,2024,Tier-1,Tier-1 CBE Screening,General Intelligence & Reasoning,General Intelligence & Reasoning,single_mcq,"hi,en",Bilingual (Hindi & English),5,Shift 1,Set C,OFFICIAL_PYQ,key-paper-ssc-cgl-2024-t1-s1-final,syl-ssc-cgl-2024,NOT_VERIFIED,NOT_VERIFIED,OFFICIAL_PYQ_VERIFIED,FULL_EXAM_ELIGIBLE
q-ssc-cgl-undefined-Tier 1-Shift 1-q50,src-ssc-cgl-portal,ssc-cgl,comp-ssc-cgl-tier1,2024,2024,Tier-1,Tier-1 CBE Screening,General Awareness,General Awareness,single_mcq,"hi,en",Bilingual (Hindi & English),50,Shift 1,Set C,OFFICIAL_PYQ,key-paper-ssc-cgl-2024-t1-s1-final,syl-ssc-cgl-2024,NOT_VERIFIED,NOT_VERIFIED,OFFICIAL_PYQ_VERIFIED,FULL_EXAM_ELIGIBLE
q-ssc-cgl-undefined-Tier 1-Shift 1-q51,src-ssc-cgl-portal,ssc-cgl,comp-ssc-cgl-tier1,2024,2024,Tier-1,Tier-1 CBE Screening,Quantitative Aptitude,Quantitative Aptitude,single_mcq,"hi,en",Bilingual (Hindi & English),51,Shift 1,Set C,OFFICIAL_PYQ,key-paper-ssc-cgl-2024-t1-s1-final,syl-ssc-cgl-2024,NOT_VERIFIED,NOT_VERIFIED,OFFICIAL_PYQ_VERIFIED,FULL_EXAM_ELIGIBLE
q-ssc-cgl-undefined-Tier 1-Shift 1-q52,src-ssc-cgl-portal,ssc-cgl,comp-ssc-cgl-tier1,2024,2024,Tier-1,Tier-1 CBE Screening,Quantitative Aptitude,Quantitative Aptitude,single_mcq,"hi,en",Bilingual (Hindi & English),52,Shift 1,Set C,OFFICIAL_PYQ,key-paper-ssc-cgl-2024-t1-s1-final,syl-ssc-cgl-2024,NOT_VERIFIED,NOT_VERIFIED,OFFICIAL_PYQ_VERIFIED,FULL_EXAM_ELIGIBLE
q-ssc-cgl-undefined-Tier 1-Shift 1-q53,src-ssc-cgl-portal,ssc-cgl,comp-ssc-cgl-tier1,2024,2024,Tier-1,Tier-1 CBE Screening,Quantitative Aptitude,Quantitative Aptitude,single_mcq,"hi,en",Bilingual (Hindi & English),53,Shift 1,Set C,OFFICIAL_PYQ,key-paper-ssc-cgl-2024-t1-s1-final,syl-ssc-cgl-2024,NOT_VERIFIED,NOT_VERIFIED,OFFICIAL_PYQ_VERIFIED,FULL_EXAM_ELIGIBLE
q-ssc-cgl-undefined-Tier 1-Shift 1-q54,src-ssc-cgl-portal,ssc-cgl,comp-ssc-cgl-tier1,2024,2024,Tier-1,Tier-1 CBE Screening,Quantitative Aptitude,Quantitative Aptitude,single_mcq,"hi,en",Bilingual (Hindi & English),54,Shift 1,Set C,OFFICIAL_PYQ,key-paper-ssc-cgl-2024-t1-s1-final,syl-ssc-cgl-2024,NOT_VERIFIED,NOT_VERIFIED,OFFICIAL_PYQ_VERIFIED,FULL_EXAM_ELIGIBLE
q-ssc-cgl-undefined-Tier 1-Shift 1-q55,src-ssc-cgl-portal,ssc-cgl,comp-ssc-cgl-tier1,2024,2024,Tier-1,Tier-1 CBE Screening,Quantitative Aptitude,Quantitative Aptitude,single_mcq,"hi,en",Bilingual (Hindi & English),55,Shift 1,Set C,OFFICIAL_PYQ,key-paper-ssc-cgl-2024-t1-s1-final,syl-ssc-cgl-2024,NOT_VERIFIED,NOT_VERIFIED,OFFICIAL_PYQ_VERIFIED,FULL_EXAM_ELIGIBLE
q-ssc-cgl-undefined-Tier 1-Shift 1-q56,src-ssc-cgl-portal,ssc-cgl,comp-ssc-cgl-tier1,2024,2024,Tier-1,Tier-1 CBE Screening,Quantitative Aptitude,Quantitative Aptitude,single_mcq,"hi,en",Bilingual (Hindi & English),56,Shift 1,Set C,OFFICIAL_PYQ,key-paper-ssc-cgl-2024-t1-s1-final,syl-ssc-cgl-2024,NOT_VERIFIED,NOT_VERIFIED,OFFICIAL_PYQ_VERIFIED,FULL_EXAM_ELIGIBLE
q-ssc-cgl-undefined-Tier 1-Shift 1-q57,src-ssc-cgl-portal,ssc-cgl,comp-ssc-cgl-tier1,2024,2024,Tier-1,Tier-1 CBE Screening,Quantitative Aptitude,Quantitative Aptitude,single_mcq,"hi,en",Bilingual (Hindi & English),57,Shift 1,Set C,OFFICIAL_PYQ,key-paper-ssc-cgl-2024-t1-s1-final,syl-ssc-cgl-2024,NOT_VERIFIED,NOT_VERIFIED,OFFICIAL_PYQ_VERIFIED,FULL_EXAM_ELIGIBLE
q-ssc-cgl-undefined-Tier 1-Shift 1-q58,src-ssc-cgl-portal,ssc-cgl,comp-ssc-cgl-tier1,2024,2024,Tier-1,Tier-1 CBE Screening,Quantitative Aptitude,Quantitative Aptitude,single_mcq,"hi,en",Bilingual (Hindi & English),58,Shift 1,Set C,OFFICIAL_PYQ,key-paper-ssc-cgl-2024-t1-s1-final,syl-ssc-cgl-2024,NOT_VERIFIED,NOT_VERIFIED,OFFICIAL_PYQ_VERIFIED,FULL_EXAM_ELIGIBLE
q-ssc-cgl-undefined-Tier 1-Shift 1-q59,src-ssc-cgl-portal,ssc-cgl,comp-ssc-cgl-tier1,2024,2024,Tier-1,Tier-1 CBE Screening,Quantitative Aptitude,Quantitative Aptitude,single_mcq,"hi,en",Bilingual (Hindi & English),59,Shift 1,Set C,OFFICIAL_PYQ,key-paper-ssc-cgl-2024-t1-s1-final,syl-ssc-cgl-2024,NOT_VERIFIED,NOT_VERIFIED,OFFICIAL_PYQ_VERIFIED,FULL_EXAM_ELIGIBLE
q-ssc-cgl-undefined-Tier 1-Shift 1-q6,src-ssc-cgl-portal,ssc-cgl,comp-ssc-cgl-tier1,2024,2024,Tier-1,Tier-1 CBE Screening,General Intelligence & Reasoning,General Intelligence & Reasoning,single_mcq,"hi,en",Bilingual (Hindi & English),6,Shift 1,Set C,OFFICIAL_PYQ,key-paper-ssc-cgl-2024-t1-s1-final,syl-ssc-cgl-2024,NOT_VERIFIED,NOT_VERIFIED,OFFICIAL_PYQ_VERIFIED,FULL_EXAM_ELIGIBLE
q-ssc-cgl-undefined-Tier 1-Shift 1-q60,src-ssc-cgl-portal,ssc-cgl,comp-ssc-cgl-tier1,2024,2024,Tier-1,Tier-1 CBE Screening,Quantitative Aptitude,Quantitative Aptitude,single_mcq,"hi,en",Bilingual (Hindi & English),60,Shift 1,Set C,OFFICIAL_PYQ,key-paper-ssc-cgl-2024-t1-s1-final,syl-ssc-cgl-2024,NOT_VERIFIED,NOT_VERIFIED,OFFICIAL_PYQ_VERIFIED,FULL_EXAM_ELIGIBLE
q-ssc-cgl-undefined-Tier 1-Shift 1-q61,src-ssc-cgl-portal,ssc-cgl,comp-ssc-cgl-tier1,2024,2024,Tier-1,Tier-1 CBE Screening,Quantitative Aptitude,Quantitative Aptitude,single_mcq,"hi,en",Bilingual (Hindi & English),61,Shift 1,Set C,OFFICIAL_PYQ,key-paper-ssc-cgl-2024-t1-s1-final,syl-ssc-cgl-2024,NOT_VERIFIED,NOT_VERIFIED,OFFICIAL_PYQ_VERIFIED,FULL_EXAM_ELIGIBLE
q-ssc-cgl-undefined-Tier 1-Shift 1-q62,src-ssc-cgl-portal,ssc-cgl,comp-ssc-cgl-tier1,2024,2024,Tier-1,Tier-1 CBE Screening,Quantitative Aptitude,Quantitative Aptitude,single_mcq,"hi,en",Bilingual (Hindi & English),62,Shift 1,Set C,OFFICIAL_PYQ,key-paper-ssc-cgl-2024-t1-s1-final,syl-ssc-cgl-2024,NOT_VERIFIED,NOT_VERIFIED,OFFICIAL_PYQ_VERIFIED,FULL_EXAM_ELIGIBLE
q-ssc-cgl-undefined-Tier 1-Shift 1-q63,src-ssc-cgl-portal,ssc-cgl,comp-ssc-cgl-tier1,2024,2024,Tier-1,Tier-1 CBE Screening,Quantitative Aptitude,Quantitative Aptitude,single_mcq,"hi,en",Bilingual (Hindi & English),63,Shift 1,Set C,OFFICIAL_PYQ,key-paper-ssc-cgl-2024-t1-s1-final,syl-ssc-cgl-2024,NOT_VERIFIED,NOT_VERIFIED,OFFICIAL_PYQ_VERIFIED,FULL_EXAM_ELIGIBLE
q-ssc-cgl-undefined-Tier 1-Shift 1-q64,src-ssc-cgl-portal,ssc-cgl,comp-ssc-cgl-tier1,2024,2024,Tier-1,Tier-1 CBE Screening,Quantitative Aptitude,Quantitative Aptitude,single_mcq,"hi,en",Bilingual (Hindi & English),64,Shift 1,Set C,OFFICIAL_PYQ,key-paper-ssc-cgl-2024-t1-s1-final,syl-ssc-cgl-2024,NOT_VERIFIED,NOT_VERIFIED,OFFICIAL_PYQ_VERIFIED,FULL_EXAM_ELIGIBLE
q-ssc-cgl-undefined-Tier 1-Shift 1-q65,src-ssc-cgl-portal,ssc-cgl,comp-ssc-cgl-tier1,2024,2024,Tier-1,Tier-1 CBE Screening,Quantitative Aptitude,Quantitative Aptitude,single_mcq,"hi,en",Bilingual (Hindi & English),65,Shift 1,Set C,OFFICIAL_PYQ,key-paper-ssc-cgl-2024-t1-s1-final,syl-ssc-cgl-2024,NOT_VERIFIED,NOT_VERIFIED,OFFICIAL_PYQ_VERIFIED,FULL_EXAM_ELIGIBLE
q-ssc-cgl-undefined-Tier 1-Shift 1-q66,src-ssc-cgl-portal,ssc-cgl,comp-ssc-cgl-tier1,2024,2024,Tier-1,Tier-1 CBE Screening,Quantitative Aptitude,Quantitative Aptitude,single_mcq,"hi,en",Bilingual (Hindi & English),66,Shift 1,Set C,OFFICIAL_PYQ,key-paper-ssc-cgl-2024-t1-s1-final,syl-ssc-cgl-2024,NOT_VERIFIED,NOT_VERIFIED,OFFICIAL_PYQ_VERIFIED,FULL_EXAM_ELIGIBLE
q-ssc-cgl-undefined-Tier 1-Shift 1-q67,src-ssc-cgl-portal,ssc-cgl,comp-ssc-cgl-tier1,2024,2024,Tier-1,Tier-1 CBE Screening,Quantitative Aptitude,Quantitative Aptitude,single_mcq,"hi,en",Bilingual (Hindi & English),67,Shift 1,Set C,OFFICIAL_PYQ,key-paper-ssc-cgl-2024-t1-s1-final,syl-ssc-cgl-2024,NOT_VERIFIED,NOT_VERIFIED,OFFICIAL_PYQ_VERIFIED,FULL_EXAM_ELIGIBLE
q-ssc-cgl-undefined-Tier 1-Shift 1-q68,src-ssc-cgl-portal,ssc-cgl,comp-ssc-cgl-tier1,2024,2024,Tier-1,Tier-1 CBE Screening,Quantitative Aptitude,Quantitative Aptitude,single_mcq,"hi,en",Bilingual (Hindi & English),68,Shift 1,Set C,OFFICIAL_PYQ,key-paper-ssc-cgl-2024-t1-s1-final,syl-ssc-cgl-2024,NOT_VERIFIED,NOT_VERIFIED,OFFICIAL_PYQ_VERIFIED,FULL_EXAM_ELIGIBLE
q-ssc-cgl-undefined-Tier 1-Shift 1-q69,src-ssc-cgl-portal,ssc-cgl,comp-ssc-cgl-tier1,2024,2024,Tier-1,Tier-1 CBE Screening,Quantitative Aptitude,Quantitative Aptitude,single_mcq,"hi,en",Bilingual (Hindi & English),69,Shift 1,Set C,OFFICIAL_PYQ,key-paper-ssc-cgl-2024-t1-s1-final,syl-ssc-cgl-2024,NOT_VERIFIED,NOT_VERIFIED,OFFICIAL_PYQ_VERIFIED,FULL_EXAM_ELIGIBLE
q-ssc-cgl-undefined-Tier 1-Shift 1-q7,src-ssc-cgl-portal,ssc-cgl,comp-ssc-cgl-tier1,2024,2024,Tier-1,Tier-1 CBE Screening,General Intelligence & Reasoning,General Intelligence & Reasoning,single_mcq,"hi,en",Bilingual (Hindi & English),7,Shift 1,Set C,OFFICIAL_PYQ,key-paper-ssc-cgl-2024-t1-s1-final,syl-ssc-cgl-2024,NOT_VERIFIED,NOT_VERIFIED,OFFICIAL_PYQ_VERIFIED,FULL_EXAM_ELIGIBLE
q-ssc-cgl-undefined-Tier 1-Shift 1-q70,src-ssc-cgl-portal,ssc-cgl,comp-ssc-cgl-tier1,2024,2024,Tier-1,Tier-1 CBE Screening,Quantitative Aptitude,Quantitative Aptitude,single_mcq,"hi,en",Bilingual (Hindi & English),70,Shift 1,Set C,OFFICIAL_PYQ,key-paper-ssc-cgl-2024-t1-s1-final,syl-ssc-cgl-2024,NOT_VERIFIED,NOT_VERIFIED,OFFICIAL_PYQ_VERIFIED,FULL_EXAM_ELIGIBLE
q-ssc-cgl-undefined-Tier 1-Shift 1-q71,src-ssc-cgl-portal,ssc-cgl,comp-ssc-cgl-tier1,2024,2024,Tier-1,Tier-1 CBE Screening,Quantitative Aptitude,Quantitative Aptitude,single_mcq,"hi,en",Bilingual (Hindi & English),71,Shift 1,Set C,OFFICIAL_PYQ,key-paper-ssc-cgl-2024-t1-s1-final,syl-ssc-cgl-2024,NOT_VERIFIED,NOT_VERIFIED,OFFICIAL_PYQ_VERIFIED,FULL_EXAM_ELIGIBLE
q-ssc-cgl-undefined-Tier 1-Shift 1-q72,src-ssc-cgl-portal,ssc-cgl,comp-ssc-cgl-tier1,2024,2024,Tier-1,Tier-1 CBE Screening,Quantitative Aptitude,Quantitative Aptitude,single_mcq,"hi,en",Bilingual (Hindi & English),72,Shift 1,Set C,OFFICIAL_PYQ,key-paper-ssc-cgl-2024-t1-s1-final,syl-ssc-cgl-2024,NOT_VERIFIED,NOT_VERIFIED,OFFICIAL_PYQ_VERIFIED,FULL_EXAM_ELIGIBLE
q-ssc-cgl-undefined-Tier 1-Shift 1-q73,src-ssc-cgl-portal,ssc-cgl,comp-ssc-cgl-tier1,2024,2024,Tier-1,Tier-1 CBE Screening,Quantitative Aptitude,Quantitative Aptitude,single_mcq,"hi,en",Bilingual (Hindi & English),73,Shift 1,Set C,OFFICIAL_PYQ,key-paper-ssc-cgl-2024-t1-s1-final,syl-ssc-cgl-2024,NOT_VERIFIED,NOT_VERIFIED,OFFICIAL_PYQ_VERIFIED,FULL_EXAM_ELIGIBLE
q-ssc-cgl-undefined-Tier 1-Shift 1-q74,src-ssc-cgl-portal,ssc-cgl,comp-ssc-cgl-tier1,2024,2024,Tier-1,Tier-1 CBE Screening,Quantitative Aptitude,Quantitative Aptitude,single_mcq,"hi,en",Bilingual (Hindi & English),74,Shift 1,Set C,OFFICIAL_PYQ,key-paper-ssc-cgl-2024-t1-s1-final,syl-ssc-cgl-2024,NOT_VERIFIED,NOT_VERIFIED,OFFICIAL_PYQ_VERIFIED,FULL_EXAM_ELIGIBLE
q-ssc-cgl-undefined-Tier 1-Shift 1-q75,src-ssc-cgl-portal,ssc-cgl,comp-ssc-cgl-tier1,2024,2024,Tier-1,Tier-1 CBE Screening,Quantitative Aptitude,Quantitative Aptitude,single_mcq,"hi,en",Bilingual (Hindi & English),75,Shift 1,Set C,OFFICIAL_PYQ,key-paper-ssc-cgl-2024-t1-s1-final,syl-ssc-cgl-2024,NOT_VERIFIED,NOT_VERIFIED,OFFICIAL_PYQ_VERIFIED,FULL_EXAM_ELIGIBLE
q-ssc-cgl-undefined-Tier 1-Shift 1-q76,src-ssc-cgl-portal,ssc-cgl,comp-ssc-cgl-tier1,2024,2024,Tier-1,Tier-1 CBE Screening,English Comprehension,English Comprehension,single_mcq,"hi,en",Bilingual (Hindi & English),76,Shift 1,Set C,OFFICIAL_PYQ,key-paper-ssc-cgl-2024-t1-s1-final,syl-ssc-cgl-2024,NOT_VERIFIED,NOT_VERIFIED,OFFICIAL_PYQ_VERIFIED,FULL_EXAM_ELIGIBLE
q-ssc-cgl-undefined-Tier 1-Shift 1-q77,src-ssc-cgl-portal,ssc-cgl,comp-ssc-cgl-tier1,2024,2024,Tier-1,Tier-1 CBE Screening,English Comprehension,English Comprehension,single_mcq,"hi,en",Bilingual (Hindi & English),77,Shift 1,Set C,OFFICIAL_PYQ,key-paper-ssc-cgl-2024-t1-s1-final,syl-ssc-cgl-2024,NOT_VERIFIED,NOT_VERIFIED,OFFICIAL_PYQ_VERIFIED,FULL_EXAM_ELIGIBLE
q-ssc-cgl-undefined-Tier 1-Shift 1-q78,src-ssc-cgl-portal,ssc-cgl,comp-ssc-cgl-tier1,2024,2024,Tier-1,Tier-1 CBE Screening,English Comprehension,English Comprehension,single_mcq,"hi,en",Bilingual (Hindi & English),78,Shift 1,Set C,OFFICIAL_PYQ,key-paper-ssc-cgl-2024-t1-s1-final,syl-ssc-cgl-2024,NOT_VERIFIED,NOT_VERIFIED,OFFICIAL_PYQ_VERIFIED,FULL_EXAM_ELIGIBLE
q-ssc-cgl-undefined-Tier 1-Shift 1-q79,src-ssc-cgl-portal,ssc-cgl,comp-ssc-cgl-tier1,2024,2024,Tier-1,Tier-1 CBE Screening,English Comprehension,English Comprehension,single_mcq,"hi,en",Bilingual (Hindi & English),79,Shift 1,Set C,OFFICIAL_PYQ,key-paper-ssc-cgl-2024-t1-s1-final,syl-ssc-cgl-2024,NOT_VERIFIED,NOT_VERIFIED,OFFICIAL_PYQ_VERIFIED,FULL_EXAM_ELIGIBLE
q-ssc-cgl-undefined-Tier 1-Shift 1-q8,src-ssc-cgl-portal,ssc-cgl,comp-ssc-cgl-tier1,2024,2024,Tier-1,Tier-1 CBE Screening,General Intelligence & Reasoning,General Intelligence & Reasoning,single_mcq,"hi,en",Bilingual (Hindi & English),8,Shift 1,Set C,OFFICIAL_PYQ,key-paper-ssc-cgl-2024-t1-s1-final,syl-ssc-cgl-2024,NOT_VERIFIED,NOT_VERIFIED,OFFICIAL_PYQ_VERIFIED,FULL_EXAM_ELIGIBLE
q-ssc-cgl-undefined-Tier 1-Shift 1-q80,src-ssc-cgl-portal,ssc-cgl,comp-ssc-cgl-tier1,2024,2024,Tier-1,Tier-1 CBE Screening,English Comprehension,English Comprehension,single_mcq,"hi,en",Bilingual (Hindi & English),80,Shift 1,Set C,OFFICIAL_PYQ,key-paper-ssc-cgl-2024-t1-s1-final,syl-ssc-cgl-2024,NOT_VERIFIED,NOT_VERIFIED,OFFICIAL_PYQ_VERIFIED,FULL_EXAM_ELIGIBLE
q-ssc-cgl-undefined-Tier 1-Shift 1-q81,src-ssc-cgl-portal,ssc-cgl,comp-ssc-cgl-tier1,2024,2024,Tier-1,Tier-1 CBE Screening,English Comprehension,English Comprehension,single_mcq,"hi,en",Bilingual (Hindi & English),81,Shift 1,Set C,OFFICIAL_PYQ,key-paper-ssc-cgl-2024-t1-s1-final,syl-ssc-cgl-2024,NOT_VERIFIED,NOT_VERIFIED,OFFICIAL_PYQ_VERIFIED,FULL_EXAM_ELIGIBLE
q-ssc-cgl-undefined-Tier 1-Shift 1-q82,src-ssc-cgl-portal,ssc-cgl,comp-ssc-cgl-tier1,2024,2024,Tier-1,Tier-1 CBE Screening,English Comprehension,English Comprehension,single_mcq,"hi,en",Bilingual (Hindi & English),82,Shift 1,Set C,OFFICIAL_PYQ,key-paper-ssc-cgl-2024-t1-s1-final,syl-ssc-cgl-2024,NOT_VERIFIED,NOT_VERIFIED,OFFICIAL_PYQ_VERIFIED,FULL_EXAM_ELIGIBLE
q-ssc-cgl-undefined-Tier 1-Shift 1-q83,src-ssc-cgl-portal,ssc-cgl,comp-ssc-cgl-tier1,2024,2024,Tier-1,Tier-1 CBE Screening,English Comprehension,English Comprehension,single_mcq,"hi,en",Bilingual (Hindi & English),83,Shift 1,Set C,OFFICIAL_PYQ,key-paper-ssc-cgl-2024-t1-s1-final,syl-ssc-cgl-2024,NOT_VERIFIED,NOT_VERIFIED,OFFICIAL_PYQ_VERIFIED,FULL_EXAM_ELIGIBLE
q-ssc-cgl-undefined-Tier 1-Shift 1-q84,src-ssc-cgl-portal,ssc-cgl,comp-ssc-cgl-tier1,2024,2024,Tier-1,Tier-1 CBE Screening,English Comprehension,English Comprehension,single_mcq,"hi,en",Bilingual (Hindi & English),84,Shift 1,Set C,OFFICIAL_PYQ,key-paper-ssc-cgl-2024-t1-s1-final,syl-ssc-cgl-2024,NOT_VERIFIED,NOT_VERIFIED,OFFICIAL_PYQ_VERIFIED,FULL_EXAM_ELIGIBLE
q-ssc-cgl-undefined-Tier 1-Shift 1-q85,src-ssc-cgl-portal,ssc-cgl,comp-ssc-cgl-tier1,2024,2024,Tier-1,Tier-1 CBE Screening,English Comprehension,English Comprehension,single_mcq,"hi,en",Bilingual (Hindi & English),85,Shift 1,Set C,OFFICIAL_PYQ,key-paper-ssc-cgl-2024-t1-s1-final,syl-ssc-cgl-2024,NOT_VERIFIED,NOT_VERIFIED,OFFICIAL_PYQ_VERIFIED,FULL_EXAM_ELIGIBLE
q-ssc-cgl-undefined-Tier 1-Shift 1-q86,src-ssc-cgl-portal,ssc-cgl,comp-ssc-cgl-tier1,2024,2024,Tier-1,Tier-1 CBE Screening,English Comprehension,English Comprehension,single_mcq,"hi,en",Bilingual (Hindi & English),86,Shift 1,Set C,OFFICIAL_PYQ,key-paper-ssc-cgl-2024-t1-s1-final,syl-ssc-cgl-2024,NOT_VERIFIED,NOT_VERIFIED,OFFICIAL_PYQ_VERIFIED,FULL_EXAM_ELIGIBLE
q-ssc-cgl-undefined-Tier 1-Shift 1-q87,src-ssc-cgl-portal,ssc-cgl,comp-ssc-cgl-tier1,2024,2024,Tier-1,Tier-1 CBE Screening,English Comprehension,English Comprehension,single_mcq,"hi,en",Bilingual (Hindi & English),87,Shift 1,Set C,OFFICIAL_PYQ,key-paper-ssc-cgl-2024-t1-s1-final,syl-ssc-cgl-2024,NOT_VERIFIED,NOT_VERIFIED,OFFICIAL_PYQ_VERIFIED,FULL_EXAM_ELIGIBLE
q-ssc-cgl-undefined-Tier 1-Shift 1-q88,src-ssc-cgl-portal,ssc-cgl,comp-ssc-cgl-tier1,2024,2024,Tier-1,Tier-1 CBE Screening,English Comprehension,English Comprehension,single_mcq,"hi,en",Bilingual (Hindi & English),88,Shift 1,Set C,OFFICIAL_PYQ,key-paper-ssc-cgl-2024-t1-s1-final,syl-ssc-cgl-2024,NOT_VERIFIED,NOT_VERIFIED,OFFICIAL_PYQ_VERIFIED,FULL_EXAM_ELIGIBLE
q-ssc-cgl-undefined-Tier 1-Shift 1-q89,src-ssc-cgl-portal,ssc-cgl,comp-ssc-cgl-tier1,2024,2024,Tier-1,Tier-1 CBE Screening,English Comprehension,English Comprehension,single_mcq,"hi,en",Bilingual (Hindi & English),89,Shift 1,Set C,OFFICIAL_PYQ,key-paper-ssc-cgl-2024-t1-s1-final,syl-ssc-cgl-2024,NOT_VERIFIED,NOT_VERIFIED,OFFICIAL_PYQ_VERIFIED,FULL_EXAM_ELIGIBLE
q-ssc-cgl-undefined-Tier 1-Shift 1-q9,src-ssc-cgl-portal,ssc-cgl,comp-ssc-cgl-tier1,2024,2024,Tier-1,Tier-1 CBE Screening,General Intelligence & Reasoning,General Intelligence & Reasoning,single_mcq,"hi,en",Bilingual (Hindi & English),9,Shift 1,Set C,OFFICIAL_PYQ,key-paper-ssc-cgl-2024-t1-s1-final,syl-ssc-cgl-2024,NOT_VERIFIED,NOT_VERIFIED,OFFICIAL_PYQ_VERIFIED,FULL_EXAM_ELIGIBLE
q-ssc-cgl-undefined-Tier 1-Shift 1-q90,src-ssc-cgl-portal,ssc-cgl,comp-ssc-cgl-tier1,2024,2024,Tier-1,Tier-1 CBE Screening,English Comprehension,English Comprehension,single_mcq,"hi,en",Bilingual (Hindi & English),90,Shift 1,Set C,OFFICIAL_PYQ,key-paper-ssc-cgl-2024-t1-s1-final,syl-ssc-cgl-2024,NOT_VERIFIED,NOT_VERIFIED,OFFICIAL_PYQ_VERIFIED,FULL_EXAM_ELIGIBLE
q-ssc-cgl-undefined-Tier 1-Shift 1-q91,src-ssc-cgl-portal,ssc-cgl,comp-ssc-cgl-tier1,2024,2024,Tier-1,Tier-1 CBE Screening,English Comprehension,English Comprehension,single_mcq,"hi,en",Bilingual (Hindi & English),91,Shift 1,Set C,OFFICIAL_PYQ,key-paper-ssc-cgl-2024-t1-s1-final,syl-ssc-cgl-2024,NOT_VERIFIED,NOT_VERIFIED,OFFICIAL_PYQ_VERIFIED,FULL_EXAM_ELIGIBLE
q-ssc-cgl-undefined-Tier 1-Shift 1-q92,src-ssc-cgl-portal,ssc-cgl,comp-ssc-cgl-tier1,2024,2024,Tier-1,Tier-1 CBE Screening,English Comprehension,English Comprehension,single_mcq,"hi,en",Bilingual (Hindi & English),92,Shift 1,Set C,OFFICIAL_PYQ,key-paper-ssc-cgl-2024-t1-s1-final,syl-ssc-cgl-2024,NOT_VERIFIED,NOT_VERIFIED,OFFICIAL_PYQ_VERIFIED,FULL_EXAM_ELIGIBLE
q-ssc-cgl-undefined-Tier 1-Shift 1-q93,src-ssc-cgl-portal,ssc-cgl,comp-ssc-cgl-tier1,2024,2024,Tier-1,Tier-1 CBE Screening,English Comprehension,English Comprehension,single_mcq,"hi,en",Bilingual (Hindi & English),93,Shift 1,Set C,OFFICIAL_PYQ,key-paper-ssc-cgl-2024-t1-s1-final,syl-ssc-cgl-2024,NOT_VERIFIED,NOT_VERIFIED,OFFICIAL_PYQ_VERIFIED,FULL_EXAM_ELIGIBLE
q-ssc-cgl-undefined-Tier 1-Shift 1-q94,src-ssc-cgl-portal,ssc-cgl,comp-ssc-cgl-tier1,2024,2024,Tier-1,Tier-1 CBE Screening,English Comprehension,English Comprehension,single_mcq,"hi,en",Bilingual (Hindi & English),94,Shift 1,Set C,OFFICIAL_PYQ,key-paper-ssc-cgl-2024-t1-s1-final,syl-ssc-cgl-2024,NOT_VERIFIED,NOT_VERIFIED,OFFICIAL_PYQ_VERIFIED,FULL_EXAM_ELIGIBLE
q-ssc-cgl-undefined-Tier 1-Shift 1-q95,src-ssc-cgl-portal,ssc-cgl,comp-ssc-cgl-tier1,2024,2024,Tier-1,Tier-1 CBE Screening,English Comprehension,English Comprehension,single_mcq,"hi,en",Bilingual (Hindi & English),95,Shift 1,Set C,OFFICIAL_PYQ,key-paper-ssc-cgl-2024-t1-s1-final,syl-ssc-cgl-2024,NOT_VERIFIED,NOT_VERIFIED,OFFICIAL_PYQ_VERIFIED,FULL_EXAM_ELIGIBLE
q-ssc-cgl-undefined-Tier 1-Shift 1-q96,src-ssc-cgl-portal,ssc-cgl,comp-ssc-cgl-tier1,2024,2024,Tier-1,Tier-1 CBE Screening,English Comprehension,English Comprehension,single_mcq,"hi,en",Bilingual (Hindi & English),96,Shift 1,Set C,OFFICIAL_PYQ,key-paper-ssc-cgl-2024-t1-s1-final,syl-ssc-cgl-2024,NOT_VERIFIED,NOT_VERIFIED,OFFICIAL_PYQ_VERIFIED,FULL_EXAM_ELIGIBLE
q-ssc-cgl-undefined-Tier 1-Shift 1-q97,src-ssc-cgl-portal,ssc-cgl,comp-ssc-cgl-tier1,2024,2024,Tier-1,Tier-1 CBE Screening,English Comprehension,English Comprehension,single_mcq,"hi,en",Bilingual (Hindi & English),97,Shift 1,Set C,OFFICIAL_PYQ,key-paper-ssc-cgl-2024-t1-s1-final,syl-ssc-cgl-2024,NOT_VERIFIED,NOT_VERIFIED,OFFICIAL_PYQ_VERIFIED,FULL_EXAM_ELIGIBLE
q-ssc-cgl-undefined-Tier 1-Shift 1-q98,src-ssc-cgl-portal,ssc-cgl,comp-ssc-cgl-tier1,2024,2024,Tier-1,Tier-1 CBE Screening,English Comprehension,English Comprehension,single_mcq,"hi,en",Bilingual (Hindi & English),98,Shift 1,Set C,OFFICIAL_PYQ,key-paper-ssc-cgl-2024-t1-s1-final,syl-ssc-cgl-2024,NOT_VERIFIED,NOT_VERIFIED,OFFICIAL_PYQ_VERIFIED,FULL_EXAM_ELIGIBLE
q-ssc-cgl-undefined-Tier 1-Shift 1-q99,src-ssc-cgl-portal,ssc-cgl,comp-ssc-cgl-tier1,2024,2024,Tier-1,Tier-1 CBE Screening,English Comprehension,English Comprehension,single_mcq,"hi,en",Bilingual (Hindi & English),99,Shift 1,Set C,OFFICIAL_PYQ,key-paper-ssc-cgl-2024-t1-s1-final,syl-ssc-cgl-2024,NOT_VERIFIED,NOT_VERIFIED,OFFICIAL_PYQ_VERIFIED,FULL_EXAM_ELIGIBLE
q-tndge-tamilnadu-undefined-Annual-Morning-q1,src-tndge-tamilnadu-portal,tndge-tamilnadu,comp-tndge-tamilnadu-cls10-regionallang,2024,2024,Class 10 Annual Exam,General Tamil Theory Paper,General Tamil,Part I Language,single_mcq,ta,Tamil,1,Morning,Set A,OFFICIAL_PYQ,key-paper-tn-sslc-tamil-2024-final,syl-tndge-tamilnadu-2024,NOT_VERIFIED,NOT_VERIFIED,OFFICIAL_PYQ_VERIFIED,PYQ_ELIGIBLE
q-tndge-tamilnadu-undefined-Annual-Morning-q10,src-tndge-tamilnadu-portal,tndge-tamilnadu,comp-tndge-tamilnadu-cls10-regionallang,2024,2024,Class 10 Annual Exam,General Tamil Theory Paper,General Tamil,Part I Language,single_mcq,ta,Tamil,10,Morning,Set A,OFFICIAL_PYQ,key-paper-tn-sslc-tamil-2024-final,syl-tndge-tamilnadu-2024,NOT_VERIFIED,NOT_VERIFIED,OFFICIAL_PYQ_VERIFIED,PYQ_ELIGIBLE
q-tndge-tamilnadu-undefined-Annual-Morning-q11,src-tndge-tamilnadu-portal,tndge-tamilnadu,comp-tndge-tamilnadu-cls10-regionallang,2024,2024,Class 10 Annual Exam,General Tamil Theory Paper,General Tamil,Part I Language,single_mcq,ta,Tamil,11,Morning,Set A,OFFICIAL_PYQ,key-paper-tn-sslc-tamil-2024-final,syl-tndge-tamilnadu-2024,NOT_VERIFIED,NOT_VERIFIED,OFFICIAL_PYQ_VERIFIED,PYQ_ELIGIBLE
q-tndge-tamilnadu-undefined-Annual-Morning-q12,src-tndge-tamilnadu-portal,tndge-tamilnadu,comp-tndge-tamilnadu-cls10-regionallang,2024,2024,Class 10 Annual Exam,General Tamil Theory Paper,General Tamil,Part I Language,single_mcq,ta,Tamil,12,Morning,Set A,OFFICIAL_PYQ,key-paper-tn-sslc-tamil-2024-final,syl-tndge-tamilnadu-2024,NOT_VERIFIED,NOT_VERIFIED,OFFICIAL_PYQ_VERIFIED,PYQ_ELIGIBLE
q-tndge-tamilnadu-undefined-Annual-Morning-q13,src-tndge-tamilnadu-portal,tndge-tamilnadu,comp-tndge-tamilnadu-cls10-regionallang,2024,2024,Class 10 Annual Exam,General Tamil Theory Paper,General Tamil,Part I Language,single_mcq,ta,Tamil,13,Morning,Set A,OFFICIAL_PYQ,key-paper-tn-sslc-tamil-2024-final,syl-tndge-tamilnadu-2024,NOT_VERIFIED,NOT_VERIFIED,OFFICIAL_PYQ_VERIFIED,PYQ_ELIGIBLE
q-tndge-tamilnadu-undefined-Annual-Morning-q14,src-tndge-tamilnadu-portal,tndge-tamilnadu,comp-tndge-tamilnadu-cls10-regionallang,2024,2024,Class 10 Annual Exam,General Tamil Theory Paper,General Tamil,Part I Language,single_mcq,ta,Tamil,14,Morning,Set A,OFFICIAL_PYQ,key-paper-tn-sslc-tamil-2024-final,syl-tndge-tamilnadu-2024,NOT_VERIFIED,NOT_VERIFIED,OFFICIAL_PYQ_VERIFIED,PYQ_ELIGIBLE
q-tndge-tamilnadu-undefined-Annual-Morning-q15,src-tndge-tamilnadu-portal,tndge-tamilnadu,comp-tndge-tamilnadu-cls10-regionallang,2024,2024,Class 10 Annual Exam,General Tamil Theory Paper,General Tamil,Part I Language,single_mcq,ta,Tamil,15,Morning,Set A,OFFICIAL_PYQ,key-paper-tn-sslc-tamil-2024-final,syl-tndge-tamilnadu-2024,NOT_VERIFIED,NOT_VERIFIED,OFFICIAL_PYQ_VERIFIED,PYQ_ELIGIBLE
q-tndge-tamilnadu-undefined-Annual-Morning-q16,src-tndge-tamilnadu-portal,tndge-tamilnadu,comp-tndge-tamilnadu-cls10-regionallang,2024,2024,Class 10 Annual Exam,General Tamil Theory Paper,General Tamil,Part I Language,single_mcq,ta,Tamil,16,Morning,Set A,OFFICIAL_PYQ,key-paper-tn-sslc-tamil-2024-final,syl-tndge-tamilnadu-2024,NOT_VERIFIED,NOT_VERIFIED,OFFICIAL_PYQ_VERIFIED,PYQ_ELIGIBLE
q-tndge-tamilnadu-undefined-Annual-Morning-q17,src-tndge-tamilnadu-portal,tndge-tamilnadu,comp-tndge-tamilnadu-cls10-regionallang,2024,2024,Class 10 Annual Exam,General Tamil Theory Paper,General Tamil,Part I Language,single_mcq,ta,Tamil,17,Morning,Set A,OFFICIAL_PYQ,key-paper-tn-sslc-tamil-2024-final,syl-tndge-tamilnadu-2024,NOT_VERIFIED,NOT_VERIFIED,OFFICIAL_PYQ_VERIFIED,PYQ_ELIGIBLE
q-tndge-tamilnadu-undefined-Annual-Morning-q18,src-tndge-tamilnadu-portal,tndge-tamilnadu,comp-tndge-tamilnadu-cls10-regionallang,2024,2024,Class 10 Annual Exam,General Tamil Theory Paper,General Tamil,Part I Language,single_mcq,ta,Tamil,18,Morning,Set A,OFFICIAL_PYQ,key-paper-tn-sslc-tamil-2024-final,syl-tndge-tamilnadu-2024,NOT_VERIFIED,NOT_VERIFIED,OFFICIAL_PYQ_VERIFIED,PYQ_ELIGIBLE
q-tndge-tamilnadu-undefined-Annual-Morning-q19,src-tndge-tamilnadu-portal,tndge-tamilnadu,comp-tndge-tamilnadu-cls10-regionallang,2024,2024,Class 10 Annual Exam,General Tamil Theory Paper,General Tamil,Part I Language,single_mcq,ta,Tamil,19,Morning,Set A,OFFICIAL_PYQ,key-paper-tn-sslc-tamil-2024-final,syl-tndge-tamilnadu-2024,NOT_VERIFIED,NOT_VERIFIED,OFFICIAL_PYQ_VERIFIED,PYQ_ELIGIBLE
q-tndge-tamilnadu-undefined-Annual-Morning-q2,src-tndge-tamilnadu-portal,tndge-tamilnadu,comp-tndge-tamilnadu-cls10-regionallang,2024,2024,Class 10 Annual Exam,General Tamil Theory Paper,General Tamil,Part I Language,single_mcq,ta,Tamil,2,Morning,Set A,OFFICIAL_PYQ,key-paper-tn-sslc-tamil-2024-final,syl-tndge-tamilnadu-2024,NOT_VERIFIED,NOT_VERIFIED,OFFICIAL_PYQ_VERIFIED,PYQ_ELIGIBLE
q-tndge-tamilnadu-undefined-Annual-Morning-q20,src-tndge-tamilnadu-portal,tndge-tamilnadu,comp-tndge-tamilnadu-cls10-regionallang,2024,2024,Class 10 Annual Exam,General Tamil Theory Paper,General Tamil,Part I Language,single_mcq,ta,Tamil,20,Morning,Set A,OFFICIAL_PYQ,key-paper-tn-sslc-tamil-2024-final,syl-tndge-tamilnadu-2024,NOT_VERIFIED,NOT_VERIFIED,OFFICIAL_PYQ_VERIFIED,PYQ_ELIGIBLE
q-tndge-tamilnadu-undefined-Annual-Morning-q21,src-tndge-tamilnadu-portal,tndge-tamilnadu,comp-tndge-tamilnadu-cls10-regionallang,2024,2024,Class 10 Annual Exam,General Tamil Theory Paper,General Tamil,Part I Language,single_mcq,ta,Tamil,21,Morning,Set A,OFFICIAL_PYQ,key-paper-tn-sslc-tamil-2024-final,syl-tndge-tamilnadu-2024,NOT_VERIFIED,NOT_VERIFIED,OFFICIAL_PYQ_VERIFIED,PYQ_ELIGIBLE
q-tndge-tamilnadu-undefined-Annual-Morning-q22,src-tndge-tamilnadu-portal,tndge-tamilnadu,comp-tndge-tamilnadu-cls10-regionallang,2024,2024,Class 10 Annual Exam,General Tamil Theory Paper,General Tamil,Part I Language,single_mcq,ta,Tamil,22,Morning,Set A,OFFICIAL_PYQ,key-paper-tn-sslc-tamil-2024-final,syl-tndge-tamilnadu-2024,NOT_VERIFIED,NOT_VERIFIED,OFFICIAL_PYQ_VERIFIED,PYQ_ELIGIBLE
q-tndge-tamilnadu-undefined-Annual-Morning-q23,src-tndge-tamilnadu-portal,tndge-tamilnadu,comp-tndge-tamilnadu-cls10-regionallang,2024,2024,Class 10 Annual Exam,General Tamil Theory Paper,General Tamil,Part I Language,single_mcq,ta,Tamil,23,Morning,Set A,OFFICIAL_PYQ,key-paper-tn-sslc-tamil-2024-final,syl-tndge-tamilnadu-2024,NOT_VERIFIED,NOT_VERIFIED,OFFICIAL_PYQ_VERIFIED,PYQ_ELIGIBLE
q-tndge-tamilnadu-undefined-Annual-Morning-q24,src-tndge-tamilnadu-portal,tndge-tamilnadu,comp-tndge-tamilnadu-cls10-regionallang,2024,2024,Class 10 Annual Exam,General Tamil Theory Paper,General Tamil,Part I Language,single_mcq,ta,Tamil,24,Morning,Set A,OFFICIAL_PYQ,key-paper-tn-sslc-tamil-2024-final,syl-tndge-tamilnadu-2024,NOT_VERIFIED,NOT_VERIFIED,OFFICIAL_PYQ_VERIFIED,PYQ_ELIGIBLE
q-tndge-tamilnadu-undefined-Annual-Morning-q25,src-tndge-tamilnadu-portal,tndge-tamilnadu,comp-tndge-tamilnadu-cls10-regionallang,2024,2024,Class 10 Annual Exam,General Tamil Theory Paper,General Tamil,Part I Language,single_mcq,ta,Tamil,25,Morning,Set A,OFFICIAL_PYQ,key-paper-tn-sslc-tamil-2024-final,syl-tndge-tamilnadu-2024,NOT_VERIFIED,NOT_VERIFIED,OFFICIAL_PYQ_VERIFIED,PYQ_ELIGIBLE
q-tndge-tamilnadu-undefined-Annual-Morning-q3,src-tndge-tamilnadu-portal,tndge-tamilnadu,comp-tndge-tamilnadu-cls10-regionallang,2024,2024,Class 10 Annual Exam,General Tamil Theory Paper,General Tamil,Part I Language,single_mcq,ta,Tamil,3,Morning,Set A,OFFICIAL_PYQ,key-paper-tn-sslc-tamil-2024-final,syl-tndge-tamilnadu-2024,NOT_VERIFIED,NOT_VERIFIED,OFFICIAL_PYQ_VERIFIED,PYQ_ELIGIBLE
q-tndge-tamilnadu-undefined-Annual-Morning-q4,src-tndge-tamilnadu-portal,tndge-tamilnadu,comp-tndge-tamilnadu-cls10-regionallang,2024,2024,Class 10 Annual Exam,General Tamil Theory Paper,General Tamil,Part I Language,single_mcq,ta,Tamil,4,Morning,Set A,OFFICIAL_PYQ,key-paper-tn-sslc-tamil-2024-final,syl-tndge-tamilnadu-2024,NOT_VERIFIED,NOT_VERIFIED,OFFICIAL_PYQ_VERIFIED,PYQ_ELIGIBLE
q-tndge-tamilnadu-undefined-Annual-Morning-q5,src-tndge-tamilnadu-portal,tndge-tamilnadu,comp-tndge-tamilnadu-cls10-regionallang,2024,2024,Class 10 Annual Exam,General Tamil Theory Paper,General Tamil,Part I Language,single_mcq,ta,Tamil,5,Morning,Set A,OFFICIAL_PYQ,key-paper-tn-sslc-tamil-2024-final,syl-tndge-tamilnadu-2024,NOT_VERIFIED,NOT_VERIFIED,OFFICIAL_PYQ_VERIFIED,PYQ_ELIGIBLE
q-tndge-tamilnadu-undefined-Annual-Morning-q6,src-tndge-tamilnadu-portal,tndge-tamilnadu,comp-tndge-tamilnadu-cls10-regionallang,2024,2024,Class 10 Annual Exam,General Tamil Theory Paper,General Tamil,Part I Language,single_mcq,ta,Tamil,6,Morning,Set A,OFFICIAL_PYQ,key-paper-tn-sslc-tamil-2024-final,syl-tndge-tamilnadu-2024,NOT_VERIFIED,NOT_VERIFIED,OFFICIAL_PYQ_VERIFIED,PYQ_ELIGIBLE
q-tndge-tamilnadu-undefined-Annual-Morning-q7,src-tndge-tamilnadu-portal,tndge-tamilnadu,comp-tndge-tamilnadu-cls10-regionallang,2024,2024,Class 10 Annual Exam,General Tamil Theory Paper,General Tamil,Part I Language,single_mcq,ta,Tamil,7,Morning,Set A,OFFICIAL_PYQ,key-paper-tn-sslc-tamil-2024-final,syl-tndge-tamilnadu-2024,NOT_VERIFIED,NOT_VERIFIED,OFFICIAL_PYQ_VERIFIED,PYQ_ELIGIBLE
q-tndge-tamilnadu-undefined-Annual-Morning-q8,src-tndge-tamilnadu-portal,tndge-tamilnadu,comp-tndge-tamilnadu-cls10-regionallang,2024,2024,Class 10 Annual Exam,General Tamil Theory Paper,General Tamil,Part I Language,single_mcq,ta,Tamil,8,Morning,Set A,OFFICIAL_PYQ,key-paper-tn-sslc-tamil-2024-final,syl-tndge-tamilnadu-2024,NOT_VERIFIED,NOT_VERIFIED,OFFICIAL_PYQ_VERIFIED,PYQ_ELIGIBLE
q-tndge-tamilnadu-undefined-Annual-Morning-q9,src-tndge-tamilnadu-portal,tndge-tamilnadu,comp-tndge-tamilnadu-cls10-regionallang,2024,2024,Class 10 Annual Exam,General Tamil Theory Paper,General Tamil,Part I Language,single_mcq,ta,Tamil,9,Morning,Set A,OFFICIAL_PYQ,key-paper-tn-sslc-tamil-2024-final,syl-tndge-tamilnadu-2024,NOT_VERIFIED,NOT_VERIFIED,OFFICIAL_PYQ_VERIFIED,PYQ_ELIGIBLE
q-upp-2024-s1-q1,src-up-police-constable-portal,up-police-constable,comp-up-police-constable-written,2024,2024,Written Exam,Constable OMR Written Paper,General Knowledge,General Knowledge,single_mcq,"hi,en",Bilingual (Hindi & English),1,SHIFT_1,A,OFFICIAL_PYQ,key-paper-upp-constable-2024-s1-final,syl-up-police-constable-2024,NOT_VERIFIED,NOT_VERIFIED,OFFICIAL_PYQ_VERIFIED,PYQ_ELIGIBLE
q-upp-2024-s1-q2,src-up-police-constable-portal,up-police-constable,comp-up-police-constable-written,2024,2024,Written Exam,Constable OMR Written Paper,General Knowledge,General Knowledge,single_mcq,"hi,en",Bilingual (Hindi & English),2,SHIFT_1,A,OFFICIAL_PYQ,key-paper-upp-constable-2024-s1-final,syl-up-police-constable-2024,NOT_VERIFIED,NOT_VERIFIED,OFFICIAL_PYQ_VERIFIED,PYQ_ELIGIBLE
q-upp-constable-2024-s2-gk-q001,src-up-police-constable-portal,up-police-constable,comp-up-police-constable-written,2024,2024,Written Exam,Constable OMR Written Paper,General Knowledge,General Knowledge,single_mcq,"hi,en",Bilingual (Hindi & English),1,Shift 2,Set B,OFFICIAL_PYQ,key-paper-upp-constable-2024-s2-gk-final,syl-up-police-constable-2024,NOT_VERIFIED,NOT_VERIFIED,OFFICIAL_PYQ_VERIFIED,PYQ_ELIGIBLE
q-upp-constable-2024-s2-gk-q002,src-up-police-constable-portal,up-police-constable,comp-up-police-constable-written,2024,2024,Written Exam,Constable OMR Written Paper,General Knowledge,General Knowledge,single_mcq,"hi,en",Bilingual (Hindi & English),2,Shift 2,Set B,OFFICIAL_PYQ,key-paper-upp-constable-2024-s2-gk-final,syl-up-police-constable-2024,NOT_VERIFIED,NOT_VERIFIED,OFFICIAL_PYQ_VERIFIED,PYQ_ELIGIBLE
q-upp-constable-2024-s2-gk-q003,src-up-police-constable-portal,up-police-constable,comp-up-police-constable-written,2024,2024,Written Exam,Constable OMR Written Paper,General Knowledge,General Knowledge,single_mcq,"hi,en",Bilingual (Hindi & English),3,Shift 2,Set B,OFFICIAL_PYQ,key-paper-upp-constable-2024-s2-gk-final,syl-up-police-constable-2024,NOT_VERIFIED,NOT_VERIFIED,OFFICIAL_PYQ_VERIFIED,PYQ_ELIGIBLE
q-upp-constable-2024-s2-gk-q004,src-up-police-constable-portal,up-police-constable,comp-up-police-constable-written,2024,2024,Written Exam,Constable OMR Written Paper,General Knowledge,General Knowledge,single_mcq,"hi,en",Bilingual (Hindi & English),4,Shift 2,Set B,OFFICIAL_PYQ,key-paper-upp-constable-2024-s2-gk-final,syl-up-police-constable-2024,NOT_VERIFIED,NOT_VERIFIED,OFFICIAL_PYQ_VERIFIED,PYQ_ELIGIBLE
q-upp-constable-2024-s2-gk-q005,src-up-police-constable-portal,up-police-constable,comp-up-police-constable-written,2024,2024,Written Exam,Constable OMR Written Paper,General Knowledge,General Knowledge,single_mcq,"hi,en",Bilingual (Hindi & English),5,Shift 2,Set B,OFFICIAL_PYQ,key-paper-upp-constable-2024-s2-gk-final,syl-up-police-constable-2024,NOT_VERIFIED,NOT_VERIFIED,OFFICIAL_PYQ_VERIFIED,PYQ_ELIGIBLE
q-upp-constable-2024-s2-gk-q006,src-up-police-constable-portal,up-police-constable,comp-up-police-constable-written,2024,2024,Written Exam,Constable OMR Written Paper,General Knowledge,General Knowledge,single_mcq,"hi,en",Bilingual (Hindi & English),6,Shift 2,Set B,OFFICIAL_PYQ,key-paper-upp-constable-2024-s2-gk-final,syl-up-police-constable-2024,NOT_VERIFIED,NOT_VERIFIED,OFFICIAL_PYQ_VERIFIED,PYQ_ELIGIBLE
q-upp-constable-2024-s2-gk-q007,src-up-police-constable-portal,up-police-constable,comp-up-police-constable-written,2024,2024,Written Exam,Constable OMR Written Paper,General Knowledge,General Knowledge,single_mcq,"hi,en",Bilingual (Hindi & English),7,Shift 2,Set B,OFFICIAL_PYQ,key-paper-upp-constable-2024-s2-gk-final,syl-up-police-constable-2024,NOT_VERIFIED,NOT_VERIFIED,OFFICIAL_PYQ_VERIFIED,PYQ_ELIGIBLE
q-upp-constable-2024-s2-gk-q008,src-up-police-constable-portal,up-police-constable,comp-up-police-constable-written,2024,2024,Written Exam,Constable OMR Written Paper,General Knowledge,General Knowledge,single_mcq,"hi,en",Bilingual (Hindi & English),8,Shift 2,Set B,OFFICIAL_PYQ,key-paper-upp-constable-2024-s2-gk-final,syl-up-police-constable-2024,NOT_VERIFIED,NOT_VERIFIED,OFFICIAL_PYQ_VERIFIED,PYQ_ELIGIBLE
q-upp-constable-2024-s2-gk-q009,src-up-police-constable-portal,up-police-constable,comp-up-police-constable-written,2024,2024,Written Exam,Constable OMR Written Paper,General Knowledge,General Knowledge,single_mcq,"hi,en",Bilingual (Hindi & English),9,Shift 2,Set B,OFFICIAL_PYQ,key-paper-upp-constable-2024-s2-gk-final,syl-up-police-constable-2024,NOT_VERIFIED,NOT_VERIFIED,OFFICIAL_PYQ_VERIFIED,PYQ_ELIGIBLE
q-upp-constable-2024-s2-gk-q010,src-up-police-constable-portal,up-police-constable,comp-up-police-constable-written,2024,2024,Written Exam,Constable OMR Written Paper,General Knowledge,General Knowledge,single_mcq,"hi,en",Bilingual (Hindi & English),10,Shift 2,Set B,OFFICIAL_PYQ,key-paper-upp-constable-2024-s2-gk-final,syl-up-police-constable-2024,NOT_VERIFIED,NOT_VERIFIED,OFFICIAL_PYQ_VERIFIED,PYQ_ELIGIBLE
q-upp-constable-2024-s2-gk-q011,src-up-police-constable-portal,up-police-constable,comp-up-police-constable-written,2024,2024,Written Exam,Constable OMR Written Paper,General Knowledge,General Knowledge,single_mcq,"hi,en",Bilingual (Hindi & English),11,Shift 2,Set B,OFFICIAL_PYQ,key-paper-upp-constable-2024-s2-gk-final,syl-up-police-constable-2024,NOT_VERIFIED,NOT_VERIFIED,OFFICIAL_PYQ_VERIFIED,PYQ_ELIGIBLE
q-upp-constable-2024-s2-gk-q012,src-up-police-constable-portal,up-police-constable,comp-up-police-constable-written,2024,2024,Written Exam,Constable OMR Written Paper,General Knowledge,General Knowledge,single_mcq,"hi,en",Bilingual (Hindi & English),12,Shift 2,Set B,OFFICIAL_PYQ,key-paper-upp-constable-2024-s2-gk-final,syl-up-police-constable-2024,NOT_VERIFIED,NOT_VERIFIED,OFFICIAL_PYQ_VERIFIED,PYQ_ELIGIBLE
q-upp-constable-2024-s2-gk-q013,src-up-police-constable-portal,up-police-constable,comp-up-police-constable-written,2024,2024,Written Exam,Constable OMR Written Paper,General Knowledge,General Knowledge,single_mcq,"hi,en",Bilingual (Hindi & English),13,Shift 2,Set B,OFFICIAL_PYQ,key-paper-upp-constable-2024-s2-gk-final,syl-up-police-constable-2024,NOT_VERIFIED,NOT_VERIFIED,OFFICIAL_PYQ_VERIFIED,PYQ_ELIGIBLE
q-upp-constable-2024-s2-gk-q014,src-up-police-constable-portal,up-police-constable,comp-up-police-constable-written,2024,2024,Written Exam,Constable OMR Written Paper,General Knowledge,General Knowledge,single_mcq,"hi,en",Bilingual (Hindi & English),14,Shift 2,Set B,OFFICIAL_PYQ,key-paper-upp-constable-2024-s2-gk-final,syl-up-police-constable-2024,NOT_VERIFIED,NOT_VERIFIED,OFFICIAL_PYQ_VERIFIED,PYQ_ELIGIBLE
q-upp-constable-2024-s2-gk-q015,src-up-police-constable-portal,up-police-constable,comp-up-police-constable-written,2024,2024,Written Exam,Constable OMR Written Paper,General Knowledge,General Knowledge,single_mcq,"hi,en",Bilingual (Hindi & English),15,Shift 2,Set B,OFFICIAL_PYQ,key-paper-upp-constable-2024-s2-gk-final,syl-up-police-constable-2024,NOT_VERIFIED,NOT_VERIFIED,OFFICIAL_PYQ_VERIFIED,PYQ_ELIGIBLE
q-upp-constable-2024-s2-gk-q016,src-up-police-constable-portal,up-police-constable,comp-up-police-constable-written,2024,2024,Written Exam,Constable OMR Written Paper,General Knowledge,General Knowledge,single_mcq,"hi,en",Bilingual (Hindi & English),16,Shift 2,Set B,OFFICIAL_PYQ,key-paper-upp-constable-2024-s2-gk-final,syl-up-police-constable-2024,NOT_VERIFIED,NOT_VERIFIED,OFFICIAL_PYQ_VERIFIED,PYQ_ELIGIBLE
q-upp-constable-2024-s2-gk-q017,src-up-police-constable-portal,up-police-constable,comp-up-police-constable-written,2024,2024,Written Exam,Constable OMR Written Paper,General Knowledge,General Knowledge,single_mcq,"hi,en",Bilingual (Hindi & English),17,Shift 2,Set B,OFFICIAL_PYQ,key-paper-upp-constable-2024-s2-gk-final,syl-up-police-constable-2024,NOT_VERIFIED,NOT_VERIFIED,OFFICIAL_PYQ_VERIFIED,PYQ_ELIGIBLE
q-upp-constable-2024-s2-gk-q018,src-up-police-constable-portal,up-police-constable,comp-up-police-constable-written,2024,2024,Written Exam,Constable OMR Written Paper,General Knowledge,General Knowledge,single_mcq,"hi,en",Bilingual (Hindi & English),18,Shift 2,Set B,OFFICIAL_PYQ,key-paper-upp-constable-2024-s2-gk-final,syl-up-police-constable-2024,NOT_VERIFIED,NOT_VERIFIED,OFFICIAL_PYQ_VERIFIED,PYQ_ELIGIBLE
q-upp-constable-2024-s2-gk-q019,src-up-police-constable-portal,up-police-constable,comp-up-police-constable-written,2024,2024,Written Exam,Constable OMR Written Paper,General Knowledge,General Knowledge,single_mcq,"hi,en",Bilingual (Hindi & English),19,Shift 2,Set B,OFFICIAL_PYQ,key-paper-upp-constable-2024-s2-gk-final,syl-up-police-constable-2024,NOT_VERIFIED,NOT_VERIFIED,OFFICIAL_PYQ_VERIFIED,PYQ_ELIGIBLE
q-upp-constable-2024-s2-gk-q020,src-up-police-constable-portal,up-police-constable,comp-up-police-constable-written,2024,2024,Written Exam,Constable OMR Written Paper,General Knowledge,General Knowledge,single_mcq,"hi,en",Bilingual (Hindi & English),20,Shift 2,Set B,OFFICIAL_PYQ,key-paper-upp-constable-2024-s2-gk-final,syl-up-police-constable-2024,NOT_VERIFIED,NOT_VERIFIED,OFFICIAL_PYQ_VERIFIED,PYQ_ELIGIBLE
q-upp-constable-2024-s2-gk-q021,src-up-police-constable-portal,up-police-constable,comp-up-police-constable-written,2024,2024,Written Exam,Constable OMR Written Paper,General Knowledge,General Knowledge,single_mcq,"hi,en",Bilingual (Hindi & English),21,Shift 2,Set B,OFFICIAL_PYQ,key-paper-upp-constable-2024-s2-gk-final,syl-up-police-constable-2024,NOT_VERIFIED,NOT_VERIFIED,OFFICIAL_PYQ_VERIFIED,PYQ_ELIGIBLE
q-upp-constable-2024-s2-gk-q022,src-up-police-constable-portal,up-police-constable,comp-up-police-constable-written,2024,2024,Written Exam,Constable OMR Written Paper,General Knowledge,General Knowledge,single_mcq,"hi,en",Bilingual (Hindi & English),22,Shift 2,Set B,OFFICIAL_PYQ,key-paper-upp-constable-2024-s2-gk-final,syl-up-police-constable-2024,NOT_VERIFIED,NOT_VERIFIED,OFFICIAL_PYQ_VERIFIED,PYQ_ELIGIBLE
q-upp-constable-2024-s2-gk-q023,src-up-police-constable-portal,up-police-constable,comp-up-police-constable-written,2024,2024,Written Exam,Constable OMR Written Paper,General Knowledge,General Knowledge,single_mcq,"hi,en",Bilingual (Hindi & English),23,Shift 2,Set B,OFFICIAL_PYQ,key-paper-upp-constable-2024-s2-gk-final,syl-up-police-constable-2024,NOT_VERIFIED,NOT_VERIFIED,OFFICIAL_PYQ_VERIFIED,PYQ_ELIGIBLE
q-upp-constable-2024-s2-gk-q024,src-up-police-constable-portal,up-police-constable,comp-up-police-constable-written,2024,2024,Written Exam,Constable OMR Written Paper,General Knowledge,General Knowledge,single_mcq,"hi,en",Bilingual (Hindi & English),24,Shift 2,Set B,OFFICIAL_PYQ,key-paper-upp-constable-2024-s2-gk-final,syl-up-police-constable-2024,NOT_VERIFIED,NOT_VERIFIED,OFFICIAL_PYQ_VERIFIED,PYQ_ELIGIBLE
q-upp-constable-2024-s2-gk-q025,src-up-police-constable-portal,up-police-constable,comp-up-police-constable-written,2024,2024,Written Exam,Constable OMR Written Paper,General Knowledge,General Knowledge,single_mcq,"hi,en",Bilingual (Hindi & English),25,Shift 2,Set B,OFFICIAL_PYQ,key-paper-upp-constable-2024-s2-gk-final,syl-up-police-constable-2024,NOT_VERIFIED,NOT_VERIFIED,OFFICIAL_PYQ_VERIFIED,PYQ_ELIGIBLE
q-upp-constable-2024-s2-gk-q026,src-up-police-constable-portal,up-police-constable,comp-up-police-constable-written,2024,2024,Written Exam,Constable OMR Written Paper,General Knowledge,General Knowledge,single_mcq,"hi,en",Bilingual (Hindi & English),26,Shift 2,Set B,OFFICIAL_PYQ,key-paper-upp-constable-2024-s2-gk-final,syl-up-police-constable-2024,NOT_VERIFIED,NOT_VERIFIED,OFFICIAL_PYQ_VERIFIED,PYQ_ELIGIBLE
q-upp-constable-2024-s2-gk-q027,src-up-police-constable-portal,up-police-constable,comp-up-police-constable-written,2024,2024,Written Exam,Constable OMR Written Paper,General Knowledge,General Knowledge,single_mcq,"hi,en",Bilingual (Hindi & English),27,Shift 2,Set B,OFFICIAL_PYQ,key-paper-upp-constable-2024-s2-gk-final,syl-up-police-constable-2024,NOT_VERIFIED,NOT_VERIFIED,OFFICIAL_PYQ_VERIFIED,PYQ_ELIGIBLE
q-upp-constable-2024-s2-gk-q028,src-up-police-constable-portal,up-police-constable,comp-up-police-constable-written,2024,2024,Written Exam,Constable OMR Written Paper,General Knowledge,General Knowledge,single_mcq,"hi,en",Bilingual (Hindi & English),28,Shift 2,Set B,OFFICIAL_PYQ,key-paper-upp-constable-2024-s2-gk-final,syl-up-police-constable-2024,NOT_VERIFIED,NOT_VERIFIED,OFFICIAL_PYQ_VERIFIED,PYQ_ELIGIBLE
q-upp-constable-2024-s2-gk-q029,src-up-police-constable-portal,up-police-constable,comp-up-police-constable-written,2024,2024,Written Exam,Constable OMR Written Paper,General Knowledge,General Knowledge,single_mcq,"hi,en",Bilingual (Hindi & English),29,Shift 2,Set B,OFFICIAL_PYQ,key-paper-upp-constable-2024-s2-gk-final,syl-up-police-constable-2024,NOT_VERIFIED,NOT_VERIFIED,OFFICIAL_PYQ_VERIFIED,PYQ_ELIGIBLE
q-upp-constable-2024-s2-gk-q030,src-up-police-constable-portal,up-police-constable,comp-up-police-constable-written,2024,2024,Written Exam,Constable OMR Written Paper,General Knowledge,General Knowledge,single_mcq,"hi,en",Bilingual (Hindi & English),30,Shift 2,Set B,OFFICIAL_PYQ,key-paper-upp-constable-2024-s2-gk-final,syl-up-police-constable-2024,NOT_VERIFIED,NOT_VERIFIED,OFFICIAL_PYQ_VERIFIED,PYQ_ELIGIBLE
q-upp-constable-2024-s2-gk-q031,src-up-police-constable-portal,up-police-constable,comp-up-police-constable-written,2024,2024,Written Exam,Constable OMR Written Paper,General Knowledge,General Knowledge,single_mcq,"hi,en",Bilingual (Hindi & English),31,Shift 2,Set B,OFFICIAL_PYQ,key-paper-upp-constable-2024-s2-gk-final,syl-up-police-constable-2024,NOT_VERIFIED,NOT_VERIFIED,OFFICIAL_PYQ_VERIFIED,PYQ_ELIGIBLE
q-upp-constable-2024-s2-gk-q032,src-up-police-constable-portal,up-police-constable,comp-up-police-constable-written,2024,2024,Written Exam,Constable OMR Written Paper,General Knowledge,General Knowledge,single_mcq,"hi,en",Bilingual (Hindi & English),32,Shift 2,Set B,OFFICIAL_PYQ,key-paper-upp-constable-2024-s2-gk-final,syl-up-police-constable-2024,NOT_VERIFIED,NOT_VERIFIED,OFFICIAL_PYQ_VERIFIED,PYQ_ELIGIBLE
q-upp-constable-2024-s2-gk-q033,src-up-police-constable-portal,up-police-constable,comp-up-police-constable-written,2024,2024,Written Exam,Constable OMR Written Paper,General Knowledge,General Knowledge,single_mcq,"hi,en",Bilingual (Hindi & English),33,Shift 2,Set B,OFFICIAL_PYQ,key-paper-upp-constable-2024-s2-gk-final,syl-up-police-constable-2024,NOT_VERIFIED,NOT_VERIFIED,OFFICIAL_PYQ_VERIFIED,PYQ_ELIGIBLE
q-upp-constable-2024-s2-gk-q034,src-up-police-constable-portal,up-police-constable,comp-up-police-constable-written,2024,2024,Written Exam,Constable OMR Written Paper,General Knowledge,General Knowledge,single_mcq,"hi,en",Bilingual (Hindi & English),34,Shift 2,Set B,OFFICIAL_PYQ,key-paper-upp-constable-2024-s2-gk-final,syl-up-police-constable-2024,NOT_VERIFIED,NOT_VERIFIED,OFFICIAL_PYQ_VERIFIED,PYQ_ELIGIBLE
q-upp-constable-2024-s2-gk-q035,src-up-police-constable-portal,up-police-constable,comp-up-police-constable-written,2024,2024,Written Exam,Constable OMR Written Paper,General Knowledge,General Knowledge,single_mcq,"hi,en",Bilingual (Hindi & English),35,Shift 2,Set B,OFFICIAL_PYQ,key-paper-upp-constable-2024-s2-gk-final,syl-up-police-constable-2024,NOT_VERIFIED,NOT_VERIFIED,OFFICIAL_PYQ_VERIFIED,PYQ_ELIGIBLE
q-upp-constable-2024-s2-gk-q036,src-up-police-constable-portal,up-police-constable,comp-up-police-constable-written,2024,2024,Written Exam,Constable OMR Written Paper,General Knowledge,General Knowledge,single_mcq,"hi,en",Bilingual (Hindi & English),36,Shift 2,Set B,OFFICIAL_PYQ,key-paper-upp-constable-2024-s2-gk-final,syl-up-police-constable-2024,NOT_VERIFIED,NOT_VERIFIED,OFFICIAL_PYQ_VERIFIED,PYQ_ELIGIBLE
q-upp-constable-2024-s2-gk-q037,src-up-police-constable-portal,up-police-constable,comp-up-police-constable-written,2024,2024,Written Exam,Constable OMR Written Paper,General Knowledge,General Knowledge,single_mcq,"hi,en",Bilingual (Hindi & English),37,Shift 2,Set B,OFFICIAL_PYQ,key-paper-upp-constable-2024-s2-gk-final,syl-up-police-constable-2024,NOT_VERIFIED,NOT_VERIFIED,OFFICIAL_PYQ_VERIFIED,PYQ_ELIGIBLE
q-upp-constable-2024-s2-gk-q038,src-up-police-constable-portal,up-police-constable,comp-up-police-constable-written,2024,2024,Written Exam,Constable OMR Written Paper,General Knowledge,General Knowledge,single_mcq,"hi,en",Bilingual (Hindi & English),38,Shift 2,Set B,OFFICIAL_PYQ,key-paper-upp-constable-2024-s2-gk-final,syl-up-police-constable-2024,NOT_VERIFIED,NOT_VERIFIED,OFFICIAL_PYQ_VERIFIED,PYQ_ELIGIBLE
q-upsc-cse-2021-gs1-q1,src-upsc-cse-portal,upsc-cse,comp-upsc-cse-prelims-gs1,2021,2021,Preliminary,Paper-I General Studies,General Studies,General Studies,single_mcq,"hi,en",Bilingual (Hindi & English),1,SHIFT_1,A,OFFICIAL_PYQ,key-paper-upsc-cse-2021-gs1-final,syl-upsc-cse-2021,NOT_VERIFIED,NOT_VERIFIED,OFFICIAL_PYQ_VERIFIED,PYQ_ELIGIBLE
q-upsc-cse-2021-gs1-q2,src-upsc-cse-portal,upsc-cse,comp-upsc-cse-prelims-gs1,2021,2021,Preliminary,Paper-I General Studies,General Studies,General Studies,single_mcq,"hi,en",Bilingual (Hindi & English),2,SHIFT_1,A,OFFICIAL_PYQ,key-paper-upsc-cse-2021-gs1-final,syl-upsc-cse-2021,NOT_VERIFIED,NOT_VERIFIED,OFFICIAL_PYQ_VERIFIED,PYQ_ELIGIBLE
q-upsc-cse-2021-gs1-q3,src-upsc-cse-portal,upsc-cse,comp-upsc-cse-prelims-gs1,2021,2021,Preliminary,Paper-I General Studies,General Studies,General Studies,single_mcq,"hi,en",Bilingual (Hindi & English),3,SHIFT_1,A,OFFICIAL_PYQ,key-paper-upsc-cse-2021-gs1-final,syl-upsc-cse-2021,NOT_VERIFIED,NOT_VERIFIED,OFFICIAL_PYQ_VERIFIED,PYQ_ELIGIBLE
q-upsc-cse-2022-gs1-q1,src-upsc-cse-portal,upsc-cse,comp-upsc-cse-prelims-gs1,2022,2022,Preliminary,Paper-I General Studies,General Studies,General Studies,single_mcq,"hi,en",Bilingual (Hindi & English),1,SHIFT_1,A,OFFICIAL_PYQ,key-paper-upsc-cse-2022-gs1-final,syl-upsc-cse-2022,NOT_VERIFIED,NOT_VERIFIED,OFFICIAL_PYQ_VERIFIED,PYQ_ELIGIBLE
q-upsc-cse-2022-gs1-q2,src-upsc-cse-portal,upsc-cse,comp-upsc-cse-prelims-gs1,2022,2022,Preliminary,Paper-I General Studies,General Studies,General Studies,single_mcq,"hi,en",Bilingual (Hindi & English),2,SHIFT_1,A,OFFICIAL_PYQ,key-paper-upsc-cse-2022-gs1-final,syl-upsc-cse-2022,NOT_VERIFIED,NOT_VERIFIED,OFFICIAL_PYQ_VERIFIED,PYQ_ELIGIBLE
q-upsc-cse-2022-gs1-q3,src-upsc-cse-portal,upsc-cse,comp-upsc-cse-prelims-gs1,2022,2022,Preliminary,Paper-I General Studies,General Studies,General Studies,single_mcq,"hi,en",Bilingual (Hindi & English),3,SHIFT_1,A,OFFICIAL_PYQ,key-paper-upsc-cse-2022-gs1-final,syl-upsc-cse-2022,NOT_VERIFIED,NOT_VERIFIED,OFFICIAL_PYQ_VERIFIED,PYQ_ELIGIBLE
q-upsc-cse-2023-gs1-q1,src-upsc-cse-portal,upsc-cse,comp-upsc-cse-prelims-gs1,2023,2023,Preliminary,Paper-I General Studies,General Studies,General Studies,single_mcq,"hi,en",Bilingual (Hindi & English),1,SHIFT_1,A,OFFICIAL_PYQ,key-paper-upsc-cse-2023-gs1-final,syl-upsc-cse-2023,NOT_VERIFIED,NOT_VERIFIED,OFFICIAL_PYQ_VERIFIED,PYQ_ELIGIBLE
q-upsc-cse-2023-gs1-q2,src-upsc-cse-portal,upsc-cse,comp-upsc-cse-prelims-gs1,2023,2023,Preliminary,Paper-I General Studies,General Studies,General Studies,single_mcq,"hi,en",Bilingual (Hindi & English),2,SHIFT_1,A,OFFICIAL_PYQ,key-paper-upsc-cse-2023-gs1-final,syl-upsc-cse-2023,NOT_VERIFIED,NOT_VERIFIED,OFFICIAL_PYQ_VERIFIED,PYQ_ELIGIBLE
q-upsc-cse-2023-gs1-q3,src-upsc-cse-portal,upsc-cse,comp-upsc-cse-prelims-gs1,2023,2023,Preliminary,Paper-I General Studies,General Studies,General Studies,single_mcq,"hi,en",Bilingual (Hindi & English),3,SHIFT_1,A,OFFICIAL_PYQ,key-paper-upsc-cse-2023-gs1-final,syl-upsc-cse-2023,NOT_VERIFIED,NOT_VERIFIED,OFFICIAL_PYQ_VERIFIED,PYQ_ELIGIBLE
q-upsc-cse-2024-gs1-q001,src-upsc-cse-portal,upsc-cse,comp-upsc-cse-prelims-gs1,2024,2024,Preliminary,Paper-I General Studies,General Studies,General Studies,single_mcq,"hi,en",Bilingual (Hindi & English),1,Morning,Set A,OFFICIAL_PYQ,key-paper-upsc-cse-2024-gs1-final,syl-upsc-cse-2024,NOT_VERIFIED,NOT_VERIFIED,OFFICIAL_PYQ_VERIFIED,FULL_EXAM_ELIGIBLE
q-upsc-cse-2024-gs1-q002,src-upsc-cse-portal,upsc-cse,comp-upsc-cse-prelims-gs1,2024,2024,Preliminary,Paper-I General Studies,General Studies,General Studies,single_mcq,"hi,en",Bilingual (Hindi & English),2,Morning,Set A,OFFICIAL_PYQ,key-paper-upsc-cse-2024-gs1-final,syl-upsc-cse-2024,NOT_VERIFIED,NOT_VERIFIED,OFFICIAL_PYQ_VERIFIED,FULL_EXAM_ELIGIBLE
q-upsc-cse-2024-gs1-q003,src-upsc-cse-portal,upsc-cse,comp-upsc-cse-prelims-gs1,2024,2024,Preliminary,Paper-I General Studies,General Studies,General Studies,single_mcq,"hi,en",Bilingual (Hindi & English),3,Morning,Set A,OFFICIAL_PYQ,key-paper-upsc-cse-2024-gs1-final,syl-upsc-cse-2024,NOT_VERIFIED,NOT_VERIFIED,OFFICIAL_PYQ_VERIFIED,FULL_EXAM_ELIGIBLE
q-upsc-cse-2024-gs1-q004,src-upsc-cse-portal,upsc-cse,comp-upsc-cse-prelims-gs1,2024,2024,Preliminary,Paper-I General Studies,General Studies,General Studies,single_mcq,"hi,en",Bilingual (Hindi & English),4,Morning,Set A,OFFICIAL_PYQ,key-paper-upsc-cse-2024-gs1-final,syl-upsc-cse-2024,NOT_VERIFIED,NOT_VERIFIED,OFFICIAL_PYQ_VERIFIED,FULL_EXAM_ELIGIBLE
q-upsc-cse-2024-gs1-q005,src-upsc-cse-portal,upsc-cse,comp-upsc-cse-prelims-gs1,2024,2024,Preliminary,Paper-I General Studies,General Studies,General Studies,single_mcq,"hi,en",Bilingual (Hindi & English),5,Morning,Set A,OFFICIAL_PYQ,key-paper-upsc-cse-2024-gs1-final,syl-upsc-cse-2024,NOT_VERIFIED,NOT_VERIFIED,OFFICIAL_PYQ_VERIFIED,FULL_EXAM_ELIGIBLE
q-upsc-cse-2024-gs1-q006,src-upsc-cse-portal,upsc-cse,comp-upsc-cse-prelims-gs1,2024,2024,Preliminary,Paper-I General Studies,General Studies,General Studies,single_mcq,"hi,en",Bilingual (Hindi & English),6,Morning,Set A,OFFICIAL_PYQ,key-paper-upsc-cse-2024-gs1-final,syl-upsc-cse-2024,NOT_VERIFIED,NOT_VERIFIED,OFFICIAL_PYQ_VERIFIED,FULL_EXAM_ELIGIBLE
q-upsc-cse-2024-gs1-q007,src-upsc-cse-portal,upsc-cse,comp-upsc-cse-prelims-gs1,2024,2024,Preliminary,Paper-I General Studies,General Studies,General Studies,single_mcq,"hi,en",Bilingual (Hindi & English),7,Morning,Set A,OFFICIAL_PYQ,key-paper-upsc-cse-2024-gs1-final,syl-upsc-cse-2024,NOT_VERIFIED,NOT_VERIFIED,OFFICIAL_PYQ_VERIFIED,FULL_EXAM_ELIGIBLE
q-upsc-cse-2024-gs1-q008,src-upsc-cse-portal,upsc-cse,comp-upsc-cse-prelims-gs1,2024,2024,Preliminary,Paper-I General Studies,General Studies,General Studies,single_mcq,"hi,en",Bilingual (Hindi & English),8,Morning,Set A,OFFICIAL_PYQ,key-paper-upsc-cse-2024-gs1-final,syl-upsc-cse-2024,NOT_VERIFIED,NOT_VERIFIED,OFFICIAL_PYQ_VERIFIED,FULL_EXAM_ELIGIBLE
q-upsc-cse-2024-gs1-q009,src-upsc-cse-portal,upsc-cse,comp-upsc-cse-prelims-gs1,2024,2024,Preliminary,Paper-I General Studies,General Studies,General Studies,single_mcq,"hi,en",Bilingual (Hindi & English),9,Morning,Set A,OFFICIAL_PYQ,key-paper-upsc-cse-2024-gs1-final,syl-upsc-cse-2024,NOT_VERIFIED,NOT_VERIFIED,OFFICIAL_PYQ_VERIFIED,FULL_EXAM_ELIGIBLE
q-upsc-cse-2024-gs1-q010,src-upsc-cse-portal,upsc-cse,comp-upsc-cse-prelims-gs1,2024,2024,Preliminary,Paper-I General Studies,General Studies,General Studies,single_mcq,"hi,en",Bilingual (Hindi & English),10,Morning,Set A,OFFICIAL_PYQ,key-paper-upsc-cse-2024-gs1-final,syl-upsc-cse-2024,NOT_VERIFIED,NOT_VERIFIED,OFFICIAL_PYQ_VERIFIED,FULL_EXAM_ELIGIBLE
q-upsc-cse-2024-gs1-q011,src-upsc-cse-portal,upsc-cse,comp-upsc-cse-prelims-gs1,2024,2024,Preliminary,Paper-I General Studies,General Studies,General Studies,single_mcq,"hi,en",Bilingual (Hindi & English),11,Morning,Set A,OFFICIAL_PYQ,key-paper-upsc-cse-2024-gs1-final,syl-upsc-cse-2024,NOT_VERIFIED,NOT_VERIFIED,OFFICIAL_PYQ_VERIFIED,FULL_EXAM_ELIGIBLE
q-upsc-cse-2024-gs1-q012,src-upsc-cse-portal,upsc-cse,comp-upsc-cse-prelims-gs1,2024,2024,Preliminary,Paper-I General Studies,General Studies,General Studies,single_mcq,"hi,en",Bilingual (Hindi & English),12,Morning,Set A,OFFICIAL_PYQ,key-paper-upsc-cse-2024-gs1-final,syl-upsc-cse-2024,NOT_VERIFIED,NOT_VERIFIED,OFFICIAL_PYQ_VERIFIED,FULL_EXAM_ELIGIBLE
q-upsc-cse-2024-gs1-q013,src-upsc-cse-portal,upsc-cse,comp-upsc-cse-prelims-gs1,2024,2024,Preliminary,Paper-I General Studies,General Studies,General Studies,single_mcq,"hi,en",Bilingual (Hindi & English),13,Morning,Set A,OFFICIAL_PYQ,key-paper-upsc-cse-2024-gs1-final,syl-upsc-cse-2024,NOT_VERIFIED,NOT_VERIFIED,OFFICIAL_PYQ_VERIFIED,FULL_EXAM_ELIGIBLE
q-upsc-cse-2024-gs1-q014,src-upsc-cse-portal,upsc-cse,comp-upsc-cse-prelims-gs1,2024,2024,Preliminary,Paper-I General Studies,General Studies,General Studies,single_mcq,"hi,en",Bilingual (Hindi & English),14,Morning,Set A,OFFICIAL_PYQ,key-paper-upsc-cse-2024-gs1-final,syl-upsc-cse-2024,NOT_VERIFIED,NOT_VERIFIED,OFFICIAL_PYQ_VERIFIED,FULL_EXAM_ELIGIBLE
q-upsc-cse-2024-gs1-q015,src-upsc-cse-portal,upsc-cse,comp-upsc-cse-prelims-gs1,2024,2024,Preliminary,Paper-I General Studies,General Studies,General Studies,single_mcq,"hi,en",Bilingual (Hindi & English),15,Morning,Set A,OFFICIAL_PYQ,key-paper-upsc-cse-2024-gs1-final,syl-upsc-cse-2024,NOT_VERIFIED,NOT_VERIFIED,OFFICIAL_PYQ_VERIFIED,FULL_EXAM_ELIGIBLE
q-upsc-cse-2024-gs1-q016,src-upsc-cse-portal,upsc-cse,comp-upsc-cse-prelims-gs1,2024,2024,Preliminary,Paper-I General Studies,General Studies,General Studies,single_mcq,"hi,en",Bilingual (Hindi & English),16,Morning,Set A,OFFICIAL_PYQ,key-paper-upsc-cse-2024-gs1-final,syl-upsc-cse-2024,NOT_VERIFIED,NOT_VERIFIED,OFFICIAL_PYQ_VERIFIED,FULL_EXAM_ELIGIBLE
q-upsc-cse-2024-gs1-q017,src-upsc-cse-portal,upsc-cse,comp-upsc-cse-prelims-gs1,2024,2024,Preliminary,Paper-I General Studies,General Studies,General Studies,single_mcq,"hi,en",Bilingual (Hindi & English),17,Morning,Set A,OFFICIAL_PYQ,key-paper-upsc-cse-2024-gs1-final,syl-upsc-cse-2024,NOT_VERIFIED,NOT_VERIFIED,OFFICIAL_PYQ_VERIFIED,FULL_EXAM_ELIGIBLE
q-upsc-cse-2024-gs1-q018,src-upsc-cse-portal,upsc-cse,comp-upsc-cse-prelims-gs1,2024,2024,Preliminary,Paper-I General Studies,General Studies,General Studies,single_mcq,"hi,en",Bilingual (Hindi & English),18,Morning,Set A,OFFICIAL_PYQ,key-paper-upsc-cse-2024-gs1-final,syl-upsc-cse-2024,NOT_VERIFIED,NOT_VERIFIED,OFFICIAL_PYQ_VERIFIED,FULL_EXAM_ELIGIBLE
q-upsc-cse-2024-gs1-q019,src-upsc-cse-portal,upsc-cse,comp-upsc-cse-prelims-gs1,2024,2024,Preliminary,Paper-I General Studies,General Studies,General Studies,single_mcq,"hi,en",Bilingual (Hindi & English),19,Morning,Set A,OFFICIAL_PYQ,key-paper-upsc-cse-2024-gs1-final,syl-upsc-cse-2024,NOT_VERIFIED,NOT_VERIFIED,OFFICIAL_PYQ_VERIFIED,FULL_EXAM_ELIGIBLE
q-upsc-cse-2024-gs1-q020,src-upsc-cse-portal,upsc-cse,comp-upsc-cse-prelims-gs1,2024,2024,Preliminary,Paper-I General Studies,General Studies,General Studies,single_mcq,"hi,en",Bilingual (Hindi & English),20,Morning,Set A,OFFICIAL_PYQ,key-paper-upsc-cse-2024-gs1-final,syl-upsc-cse-2024,NOT_VERIFIED,NOT_VERIFIED,OFFICIAL_PYQ_VERIFIED,FULL_EXAM_ELIGIBLE
q-upsc-cse-2024-gs1-q021,src-upsc-cse-portal,upsc-cse,comp-upsc-cse-prelims-gs1,2024,2024,Preliminary,Paper-I General Studies,General Studies,General Studies,single_mcq,"hi,en",Bilingual (Hindi & English),21,Morning,Set A,OFFICIAL_PYQ,key-paper-upsc-cse-2024-gs1-final,syl-upsc-cse-2024,NOT_VERIFIED,NOT_VERIFIED,OFFICIAL_PYQ_VERIFIED,FULL_EXAM_ELIGIBLE
q-upsc-cse-2024-gs1-q022,src-upsc-cse-portal,upsc-cse,comp-upsc-cse-prelims-gs1,2024,2024,Preliminary,Paper-I General Studies,General Studies,General Studies,single_mcq,"hi,en",Bilingual (Hindi & English),22,Morning,Set A,OFFICIAL_PYQ,key-paper-upsc-cse-2024-gs1-final,syl-upsc-cse-2024,NOT_VERIFIED,NOT_VERIFIED,OFFICIAL_PYQ_VERIFIED,FULL_EXAM_ELIGIBLE
q-upsc-cse-2024-gs1-q023,src-upsc-cse-portal,upsc-cse,comp-upsc-cse-prelims-gs1,2024,2024,Preliminary,Paper-I General Studies,General Studies,General Studies,single_mcq,"hi,en",Bilingual (Hindi & English),23,Morning,Set A,OFFICIAL_PYQ,key-paper-upsc-cse-2024-gs1-final,syl-upsc-cse-2024,NOT_VERIFIED,NOT_VERIFIED,OFFICIAL_PYQ_VERIFIED,FULL_EXAM_ELIGIBLE
q-upsc-cse-2024-gs1-q024,src-upsc-cse-portal,upsc-cse,comp-upsc-cse-prelims-gs1,2024,2024,Preliminary,Paper-I General Studies,General Studies,General Studies,single_mcq,"hi,en",Bilingual (Hindi & English),24,Morning,Set A,OFFICIAL_PYQ,key-paper-upsc-cse-2024-gs1-final,syl-upsc-cse-2024,NOT_VERIFIED,NOT_VERIFIED,OFFICIAL_PYQ_VERIFIED,FULL_EXAM_ELIGIBLE
q-upsc-cse-2024-gs1-q025,src-upsc-cse-portal,upsc-cse,comp-upsc-cse-prelims-gs1,2024,2024,Preliminary,Paper-I General Studies,General Studies,General Studies,single_mcq,"hi,en",Bilingual (Hindi & English),25,Morning,Set A,OFFICIAL_PYQ,key-paper-upsc-cse-2024-gs1-final,syl-upsc-cse-2024,NOT_VERIFIED,NOT_VERIFIED,OFFICIAL_PYQ_VERIFIED,FULL_EXAM_ELIGIBLE
q-upsc-cse-2024-gs1-q026,src-upsc-cse-portal,upsc-cse,comp-upsc-cse-prelims-gs1,2024,2024,Preliminary,Paper-I General Studies,General Studies,General Studies,single_mcq,"hi,en",Bilingual (Hindi & English),26,Morning,Set A,OFFICIAL_PYQ,key-paper-upsc-cse-2024-gs1-final,syl-upsc-cse-2024,NOT_VERIFIED,NOT_VERIFIED,OFFICIAL_PYQ_VERIFIED,FULL_EXAM_ELIGIBLE
q-upsc-cse-2024-gs1-q027,src-upsc-cse-portal,upsc-cse,comp-upsc-cse-prelims-gs1,2024,2024,Preliminary,Paper-I General Studies,General Studies,General Studies,single_mcq,"hi,en",Bilingual (Hindi & English),27,Morning,Set A,OFFICIAL_PYQ,key-paper-upsc-cse-2024-gs1-final,syl-upsc-cse-2024,NOT_VERIFIED,NOT_VERIFIED,OFFICIAL_PYQ_VERIFIED,FULL_EXAM_ELIGIBLE
q-upsc-cse-2024-gs1-q028,src-upsc-cse-portal,upsc-cse,comp-upsc-cse-prelims-gs1,2024,2024,Preliminary,Paper-I General Studies,General Studies,General Studies,single_mcq,"hi,en",Bilingual (Hindi & English),28,Morning,Set A,OFFICIAL_PYQ,key-paper-upsc-cse-2024-gs1-final,syl-upsc-cse-2024,NOT_VERIFIED,NOT_VERIFIED,OFFICIAL_PYQ_VERIFIED,FULL_EXAM_ELIGIBLE
q-upsc-cse-2024-gs1-q029,src-upsc-cse-portal,upsc-cse,comp-upsc-cse-prelims-gs1,2024,2024,Preliminary,Paper-I General Studies,General Studies,General Studies,single_mcq,"hi,en",Bilingual (Hindi & English),29,Morning,Set A,OFFICIAL_PYQ,key-paper-upsc-cse-2024-gs1-final,syl-upsc-cse-2024,NOT_VERIFIED,NOT_VERIFIED,OFFICIAL_PYQ_VERIFIED,FULL_EXAM_ELIGIBLE
q-upsc-cse-2024-gs1-q030,src-upsc-cse-portal,upsc-cse,comp-upsc-cse-prelims-gs1,2024,2024,Preliminary,Paper-I General Studies,General Studies,General Studies,single_mcq,"hi,en",Bilingual (Hindi & English),30,Morning,Set A,OFFICIAL_PYQ,key-paper-upsc-cse-2024-gs1-final,syl-upsc-cse-2024,NOT_VERIFIED,NOT_VERIFIED,OFFICIAL_PYQ_VERIFIED,FULL_EXAM_ELIGIBLE
q-upsc-cse-2024-gs1-q031,src-upsc-cse-portal,upsc-cse,comp-upsc-cse-prelims-gs1,2024,2024,Preliminary,Paper-I General Studies,General Studies,General Studies,single_mcq,"hi,en",Bilingual (Hindi & English),31,Morning,Set A,OFFICIAL_PYQ,key-paper-upsc-cse-2024-gs1-final,syl-upsc-cse-2024,NOT_VERIFIED,NOT_VERIFIED,OFFICIAL_PYQ_VERIFIED,FULL_EXAM_ELIGIBLE
q-upsc-cse-2024-gs1-q032,src-upsc-cse-portal,upsc-cse,comp-upsc-cse-prelims-gs1,2024,2024,Preliminary,Paper-I General Studies,General Studies,General Studies,single_mcq,"hi,en",Bilingual (Hindi & English),32,Morning,Set A,OFFICIAL_PYQ,key-paper-upsc-cse-2024-gs1-final,syl-upsc-cse-2024,NOT_VERIFIED,NOT_VERIFIED,OFFICIAL_PYQ_VERIFIED,FULL_EXAM_ELIGIBLE
q-upsc-cse-2024-gs1-q033,src-upsc-cse-portal,upsc-cse,comp-upsc-cse-prelims-gs1,2024,2024,Preliminary,Paper-I General Studies,General Studies,General Studies,single_mcq,"hi,en",Bilingual (Hindi & English),33,Morning,Set A,OFFICIAL_PYQ,key-paper-upsc-cse-2024-gs1-final,syl-upsc-cse-2024,NOT_VERIFIED,NOT_VERIFIED,OFFICIAL_PYQ_VERIFIED,FULL_EXAM_ELIGIBLE
q-upsc-cse-2024-gs1-q034,src-upsc-cse-portal,upsc-cse,comp-upsc-cse-prelims-gs1,2024,2024,Preliminary,Paper-I General Studies,General Studies,General Studies,single_mcq,"hi,en",Bilingual (Hindi & English),34,Morning,Set A,OFFICIAL_PYQ,key-paper-upsc-cse-2024-gs1-final,syl-upsc-cse-2024,NOT_VERIFIED,NOT_VERIFIED,OFFICIAL_PYQ_VERIFIED,FULL_EXAM_ELIGIBLE
q-upsc-cse-2024-gs1-q035,src-upsc-cse-portal,upsc-cse,comp-upsc-cse-prelims-gs1,2024,2024,Preliminary,Paper-I General Studies,General Studies,General Studies,single_mcq,"hi,en",Bilingual (Hindi & English),35,Morning,Set A,OFFICIAL_PYQ,key-paper-upsc-cse-2024-gs1-final,syl-upsc-cse-2024,NOT_VERIFIED,NOT_VERIFIED,OFFICIAL_PYQ_VERIFIED,FULL_EXAM_ELIGIBLE
q-upsc-cse-2024-gs1-q036,src-upsc-cse-portal,upsc-cse,comp-upsc-cse-prelims-gs1,2024,2024,Preliminary,Paper-I General Studies,General Studies,General Studies,single_mcq,"hi,en",Bilingual (Hindi & English),36,Morning,Set A,OFFICIAL_PYQ,key-paper-upsc-cse-2024-gs1-final,syl-upsc-cse-2024,NOT_VERIFIED,NOT_VERIFIED,OFFICIAL_PYQ_VERIFIED,FULL_EXAM_ELIGIBLE
q-upsc-cse-2024-gs1-q037,src-upsc-cse-portal,upsc-cse,comp-upsc-cse-prelims-gs1,2024,2024,Preliminary,Paper-I General Studies,General Studies,General Studies,single_mcq,"hi,en",Bilingual (Hindi & English),37,Morning,Set A,OFFICIAL_PYQ,key-paper-upsc-cse-2024-gs1-final,syl-upsc-cse-2024,NOT_VERIFIED,NOT_VERIFIED,OFFICIAL_PYQ_VERIFIED,FULL_EXAM_ELIGIBLE
q-upsc-cse-2024-gs1-q038,src-upsc-cse-portal,upsc-cse,comp-upsc-cse-prelims-gs1,2024,2024,Preliminary,Paper-I General Studies,General Studies,General Studies,single_mcq,"hi,en",Bilingual (Hindi & English),38,Morning,Set A,OFFICIAL_PYQ,key-paper-upsc-cse-2024-gs1-final,syl-upsc-cse-2024,NOT_VERIFIED,NOT_VERIFIED,OFFICIAL_PYQ_VERIFIED,FULL_EXAM_ELIGIBLE
q-upsc-cse-2024-gs1-q039,src-upsc-cse-portal,upsc-cse,comp-upsc-cse-prelims-gs1,2024,2024,Preliminary,Paper-I General Studies,General Studies,General Studies,single_mcq,"hi,en",Bilingual (Hindi & English),39,Morning,Set A,OFFICIAL_PYQ,key-paper-upsc-cse-2024-gs1-final,syl-upsc-cse-2024,NOT_VERIFIED,NOT_VERIFIED,OFFICIAL_PYQ_VERIFIED,FULL_EXAM_ELIGIBLE
q-upsc-cse-2024-gs1-q040,src-upsc-cse-portal,upsc-cse,comp-upsc-cse-prelims-gs1,2024,2024,Preliminary,Paper-I General Studies,General Studies,General Studies,single_mcq,"hi,en",Bilingual (Hindi & English),40,Morning,Set A,OFFICIAL_PYQ,key-paper-upsc-cse-2024-gs1-final,syl-upsc-cse-2024,NOT_VERIFIED,NOT_VERIFIED,OFFICIAL_PYQ_VERIFIED,FULL_EXAM_ELIGIBLE
q-upsc-cse-2024-gs1-q041,src-upsc-cse-portal,upsc-cse,comp-upsc-cse-prelims-gs1,2024,2024,Preliminary,Paper-I General Studies,General Studies,General Studies,single_mcq,"hi,en",Bilingual (Hindi & English),41,Morning,Set A,OFFICIAL_PYQ,key-paper-upsc-cse-2024-gs1-final,syl-upsc-cse-2024,NOT_VERIFIED,NOT_VERIFIED,OFFICIAL_PYQ_VERIFIED,FULL_EXAM_ELIGIBLE
q-upsc-cse-2024-gs1-q042,src-upsc-cse-portal,upsc-cse,comp-upsc-cse-prelims-gs1,2024,2024,Preliminary,Paper-I General Studies,General Studies,General Studies,single_mcq,"hi,en",Bilingual (Hindi & English),42,Morning,Set A,OFFICIAL_PYQ,key-paper-upsc-cse-2024-gs1-final,syl-upsc-cse-2024,NOT_VERIFIED,NOT_VERIFIED,OFFICIAL_PYQ_VERIFIED,FULL_EXAM_ELIGIBLE
q-upsc-cse-2024-gs1-q043,src-upsc-cse-portal,upsc-cse,comp-upsc-cse-prelims-gs1,2024,2024,Preliminary,Paper-I General Studies,General Studies,General Studies,single_mcq,"hi,en",Bilingual (Hindi & English),43,Morning,Set A,OFFICIAL_PYQ,key-paper-upsc-cse-2024-gs1-final,syl-upsc-cse-2024,NOT_VERIFIED,NOT_VERIFIED,OFFICIAL_PYQ_VERIFIED,FULL_EXAM_ELIGIBLE
q-upsc-cse-2024-gs1-q044,src-upsc-cse-portal,upsc-cse,comp-upsc-cse-prelims-gs1,2024,2024,Preliminary,Paper-I General Studies,General Studies,General Studies,single_mcq,"hi,en",Bilingual (Hindi & English),44,Morning,Set A,OFFICIAL_PYQ,key-paper-upsc-cse-2024-gs1-final,syl-upsc-cse-2024,NOT_VERIFIED,NOT_VERIFIED,OFFICIAL_PYQ_VERIFIED,FULL_EXAM_ELIGIBLE
q-upsc-cse-2024-gs1-q045,src-upsc-cse-portal,upsc-cse,comp-upsc-cse-prelims-gs1,2024,2024,Preliminary,Paper-I General Studies,General Studies,General Studies,single_mcq,"hi,en",Bilingual (Hindi & English),45,Morning,Set A,OFFICIAL_PYQ,key-paper-upsc-cse-2024-gs1-final,syl-upsc-cse-2024,NOT_VERIFIED,NOT_VERIFIED,OFFICIAL_PYQ_VERIFIED,FULL_EXAM_ELIGIBLE
q-upsc-cse-2024-gs1-q046,src-upsc-cse-portal,upsc-cse,comp-upsc-cse-prelims-gs1,2024,2024,Preliminary,Paper-I General Studies,General Studies,General Studies,single_mcq,"hi,en",Bilingual (Hindi & English),46,Morning,Set A,OFFICIAL_PYQ,key-paper-upsc-cse-2024-gs1-final,syl-upsc-cse-2024,NOT_VERIFIED,NOT_VERIFIED,OFFICIAL_PYQ_VERIFIED,FULL_EXAM_ELIGIBLE
q-upsc-cse-2024-gs1-q047,src-upsc-cse-portal,upsc-cse,comp-upsc-cse-prelims-gs1,2024,2024,Preliminary,Paper-I General Studies,General Studies,General Studies,single_mcq,"hi,en",Bilingual (Hindi & English),47,Morning,Set A,OFFICIAL_PYQ,key-paper-upsc-cse-2024-gs1-final,syl-upsc-cse-2024,NOT_VERIFIED,NOT_VERIFIED,OFFICIAL_PYQ_VERIFIED,FULL_EXAM_ELIGIBLE
q-upsc-cse-2024-gs1-q048,src-upsc-cse-portal,upsc-cse,comp-upsc-cse-prelims-gs1,2024,2024,Preliminary,Paper-I General Studies,General Studies,General Studies,single_mcq,"hi,en",Bilingual (Hindi & English),48,Morning,Set A,OFFICIAL_PYQ,key-paper-upsc-cse-2024-gs1-final,syl-upsc-cse-2024,NOT_VERIFIED,NOT_VERIFIED,OFFICIAL_PYQ_VERIFIED,FULL_EXAM_ELIGIBLE
q-upsc-cse-2024-gs1-q049,src-upsc-cse-portal,upsc-cse,comp-upsc-cse-prelims-gs1,2024,2024,Preliminary,Paper-I General Studies,General Studies,General Studies,single_mcq,"hi,en",Bilingual (Hindi & English),49,Morning,Set A,OFFICIAL_PYQ,key-paper-upsc-cse-2024-gs1-final,syl-upsc-cse-2024,NOT_VERIFIED,NOT_VERIFIED,OFFICIAL_PYQ_VERIFIED,FULL_EXAM_ELIGIBLE
q-upsc-cse-2024-gs1-q050,src-upsc-cse-portal,upsc-cse,comp-upsc-cse-prelims-gs1,2024,2024,Preliminary,Paper-I General Studies,General Studies,General Studies,single_mcq,"hi,en",Bilingual (Hindi & English),50,Morning,Set A,OFFICIAL_PYQ,key-paper-upsc-cse-2024-gs1-final,syl-upsc-cse-2024,NOT_VERIFIED,NOT_VERIFIED,OFFICIAL_PYQ_VERIFIED,FULL_EXAM_ELIGIBLE
q-upsc-cse-2024-gs1-q051,src-upsc-cse-portal,upsc-cse,comp-upsc-cse-prelims-gs1,2024,2024,Preliminary,Paper-I General Studies,General Studies,General Studies,single_mcq,"hi,en",Bilingual (Hindi & English),51,Morning,Set A,OFFICIAL_PYQ,key-paper-upsc-cse-2024-gs1-final,syl-upsc-cse-2024,NOT_VERIFIED,NOT_VERIFIED,OFFICIAL_PYQ_VERIFIED,FULL_EXAM_ELIGIBLE
q-upsc-cse-2024-gs1-q052,src-upsc-cse-portal,upsc-cse,comp-upsc-cse-prelims-gs1,2024,2024,Preliminary,Paper-I General Studies,General Studies,General Studies,single_mcq,"hi,en",Bilingual (Hindi & English),52,Morning,Set A,OFFICIAL_PYQ,key-paper-upsc-cse-2024-gs1-final,syl-upsc-cse-2024,NOT_VERIFIED,NOT_VERIFIED,OFFICIAL_PYQ_VERIFIED,FULL_EXAM_ELIGIBLE
q-upsc-cse-2024-gs1-q053,src-upsc-cse-portal,upsc-cse,comp-upsc-cse-prelims-gs1,2024,2024,Preliminary,Paper-I General Studies,General Studies,General Studies,single_mcq,"hi,en",Bilingual (Hindi & English),53,Morning,Set A,OFFICIAL_PYQ,key-paper-upsc-cse-2024-gs1-final,syl-upsc-cse-2024,NOT_VERIFIED,NOT_VERIFIED,OFFICIAL_PYQ_VERIFIED,FULL_EXAM_ELIGIBLE
q-upsc-cse-2024-gs1-q054,src-upsc-cse-portal,upsc-cse,comp-upsc-cse-prelims-gs1,2024,2024,Preliminary,Paper-I General Studies,General Studies,General Studies,single_mcq,"hi,en",Bilingual (Hindi & English),54,Morning,Set A,OFFICIAL_PYQ,key-paper-upsc-cse-2024-gs1-final,syl-upsc-cse-2024,NOT_VERIFIED,NOT_VERIFIED,OFFICIAL_PYQ_VERIFIED,FULL_EXAM_ELIGIBLE
q-upsc-cse-2024-gs1-q055,src-upsc-cse-portal,upsc-cse,comp-upsc-cse-prelims-gs1,2024,2024,Preliminary,Paper-I General Studies,General Studies,General Studies,single_mcq,"hi,en",Bilingual (Hindi & English),55,Morning,Set A,OFFICIAL_PYQ,key-paper-upsc-cse-2024-gs1-final,syl-upsc-cse-2024,NOT_VERIFIED,NOT_VERIFIED,OFFICIAL_PYQ_VERIFIED,FULL_EXAM_ELIGIBLE
q-upsc-cse-2024-gs1-q056,src-upsc-cse-portal,upsc-cse,comp-upsc-cse-prelims-gs1,2024,2024,Preliminary,Paper-I General Studies,General Studies,General Studies,single_mcq,"hi,en",Bilingual (Hindi & English),56,Morning,Set A,OFFICIAL_PYQ,key-paper-upsc-cse-2024-gs1-final,syl-upsc-cse-2024,NOT_VERIFIED,NOT_VERIFIED,OFFICIAL_PYQ_VERIFIED,FULL_EXAM_ELIGIBLE
q-upsc-cse-2024-gs1-q057,src-upsc-cse-portal,upsc-cse,comp-upsc-cse-prelims-gs1,2024,2024,Preliminary,Paper-I General Studies,General Studies,General Studies,single_mcq,"hi,en",Bilingual (Hindi & English),57,Morning,Set A,OFFICIAL_PYQ,key-paper-upsc-cse-2024-gs1-final,syl-upsc-cse-2024,NOT_VERIFIED,NOT_VERIFIED,OFFICIAL_PYQ_VERIFIED,FULL_EXAM_ELIGIBLE
q-upsc-cse-2024-gs1-q058,src-upsc-cse-portal,upsc-cse,comp-upsc-cse-prelims-gs1,2024,2024,Preliminary,Paper-I General Studies,General Studies,General Studies,single_mcq,"hi,en",Bilingual (Hindi & English),58,Morning,Set A,OFFICIAL_PYQ,key-paper-upsc-cse-2024-gs1-final,syl-upsc-cse-2024,NOT_VERIFIED,NOT_VERIFIED,OFFICIAL_PYQ_VERIFIED,FULL_EXAM_ELIGIBLE
q-upsc-cse-2024-gs1-q059,src-upsc-cse-portal,upsc-cse,comp-upsc-cse-prelims-gs1,2024,2024,Preliminary,Paper-I General Studies,General Studies,General Studies,single_mcq,"hi,en",Bilingual (Hindi & English),59,Morning,Set A,OFFICIAL_PYQ,key-paper-upsc-cse-2024-gs1-final,syl-upsc-cse-2024,NOT_VERIFIED,NOT_VERIFIED,OFFICIAL_PYQ_VERIFIED,FULL_EXAM_ELIGIBLE
q-upsc-cse-2024-gs1-q060,src-upsc-cse-portal,upsc-cse,comp-upsc-cse-prelims-gs1,2024,2024,Preliminary,Paper-I General Studies,General Studies,General Studies,single_mcq,"hi,en",Bilingual (Hindi & English),60,Morning,Set A,OFFICIAL_PYQ,key-paper-upsc-cse-2024-gs1-final,syl-upsc-cse-2024,NOT_VERIFIED,NOT_VERIFIED,OFFICIAL_PYQ_VERIFIED,FULL_EXAM_ELIGIBLE
q-upsc-cse-2024-gs1-q061,src-upsc-cse-portal,upsc-cse,comp-upsc-cse-prelims-gs1,2024,2024,Preliminary,Paper-I General Studies,General Studies,General Studies,single_mcq,"hi,en",Bilingual (Hindi & English),61,Morning,Set A,OFFICIAL_PYQ,key-paper-upsc-cse-2024-gs1-final,syl-upsc-cse-2024,NOT_VERIFIED,NOT_VERIFIED,OFFICIAL_PYQ_VERIFIED,FULL_EXAM_ELIGIBLE
q-upsc-cse-2024-gs1-q062,src-upsc-cse-portal,upsc-cse,comp-upsc-cse-prelims-gs1,2024,2024,Preliminary,Paper-I General Studies,General Studies,General Studies,single_mcq,"hi,en",Bilingual (Hindi & English),62,Morning,Set A,OFFICIAL_PYQ,key-paper-upsc-cse-2024-gs1-final,syl-upsc-cse-2024,NOT_VERIFIED,NOT_VERIFIED,OFFICIAL_PYQ_VERIFIED,FULL_EXAM_ELIGIBLE
q-upsc-cse-2024-gs1-q063,src-upsc-cse-portal,upsc-cse,comp-upsc-cse-prelims-gs1,2024,2024,Preliminary,Paper-I General Studies,General Studies,General Studies,single_mcq,"hi,en",Bilingual (Hindi & English),63,Morning,Set A,OFFICIAL_PYQ,key-paper-upsc-cse-2024-gs1-final,syl-upsc-cse-2024,NOT_VERIFIED,NOT_VERIFIED,OFFICIAL_PYQ_VERIFIED,FULL_EXAM_ELIGIBLE
q-upsc-cse-2024-gs1-q064,src-upsc-cse-portal,upsc-cse,comp-upsc-cse-prelims-gs1,2024,2024,Preliminary,Paper-I General Studies,General Studies,General Studies,single_mcq,"hi,en",Bilingual (Hindi & English),64,Morning,Set A,OFFICIAL_PYQ,key-paper-upsc-cse-2024-gs1-final,syl-upsc-cse-2024,NOT_VERIFIED,NOT_VERIFIED,OFFICIAL_PYQ_VERIFIED,FULL_EXAM_ELIGIBLE
q-upsc-cse-2024-gs1-q065,src-upsc-cse-portal,upsc-cse,comp-upsc-cse-prelims-gs1,2024,2024,Preliminary,Paper-I General Studies,General Studies,General Studies,single_mcq,"hi,en",Bilingual (Hindi & English),65,Morning,Set A,OFFICIAL_PYQ,key-paper-upsc-cse-2024-gs1-final,syl-upsc-cse-2024,NOT_VERIFIED,NOT_VERIFIED,OFFICIAL_PYQ_VERIFIED,FULL_EXAM_ELIGIBLE
q-upsc-cse-2024-gs1-q066,src-upsc-cse-portal,upsc-cse,comp-upsc-cse-prelims-gs1,2024,2024,Preliminary,Paper-I General Studies,General Studies,General Studies,single_mcq,"hi,en",Bilingual (Hindi & English),66,Morning,Set A,OFFICIAL_PYQ,key-paper-upsc-cse-2024-gs1-final,syl-upsc-cse-2024,NOT_VERIFIED,NOT_VERIFIED,OFFICIAL_PYQ_VERIFIED,FULL_EXAM_ELIGIBLE
q-upsc-cse-2024-gs1-q067,src-upsc-cse-portal,upsc-cse,comp-upsc-cse-prelims-gs1,2024,2024,Preliminary,Paper-I General Studies,General Studies,General Studies,single_mcq,"hi,en",Bilingual (Hindi & English),67,Morning,Set A,OFFICIAL_PYQ,key-paper-upsc-cse-2024-gs1-final,syl-upsc-cse-2024,NOT_VERIFIED,NOT_VERIFIED,OFFICIAL_PYQ_VERIFIED,FULL_EXAM_ELIGIBLE
q-upsc-cse-2024-gs1-q068,src-upsc-cse-portal,upsc-cse,comp-upsc-cse-prelims-gs1,2024,2024,Preliminary,Paper-I General Studies,General Studies,General Studies,single_mcq,"hi,en",Bilingual (Hindi & English),68,Morning,Set A,OFFICIAL_PYQ,key-paper-upsc-cse-2024-gs1-final,syl-upsc-cse-2024,NOT_VERIFIED,NOT_VERIFIED,OFFICIAL_PYQ_VERIFIED,FULL_EXAM_ELIGIBLE
q-upsc-cse-2024-gs1-q069,src-upsc-cse-portal,upsc-cse,comp-upsc-cse-prelims-gs1,2024,2024,Preliminary,Paper-I General Studies,General Studies,General Studies,single_mcq,"hi,en",Bilingual (Hindi & English),69,Morning,Set A,OFFICIAL_PYQ,key-paper-upsc-cse-2024-gs1-final,syl-upsc-cse-2024,NOT_VERIFIED,NOT_VERIFIED,OFFICIAL_PYQ_VERIFIED,FULL_EXAM_ELIGIBLE
q-upsc-cse-2024-gs1-q070,src-upsc-cse-portal,upsc-cse,comp-upsc-cse-prelims-gs1,2024,2024,Preliminary,Paper-I General Studies,General Studies,General Studies,single_mcq,"hi,en",Bilingual (Hindi & English),70,Morning,Set A,OFFICIAL_PYQ,key-paper-upsc-cse-2024-gs1-final,syl-upsc-cse-2024,NOT_VERIFIED,NOT_VERIFIED,OFFICIAL_PYQ_VERIFIED,FULL_EXAM_ELIGIBLE
q-upsc-cse-2024-gs1-q071,src-upsc-cse-portal,upsc-cse,comp-upsc-cse-prelims-gs1,2024,2024,Preliminary,Paper-I General Studies,General Studies,General Studies,single_mcq,"hi,en",Bilingual (Hindi & English),71,Morning,Set A,OFFICIAL_PYQ,key-paper-upsc-cse-2024-gs1-final,syl-upsc-cse-2024,NOT_VERIFIED,NOT_VERIFIED,OFFICIAL_PYQ_VERIFIED,FULL_EXAM_ELIGIBLE
q-upsc-cse-2024-gs1-q072,src-upsc-cse-portal,upsc-cse,comp-upsc-cse-prelims-gs1,2024,2024,Preliminary,Paper-I General Studies,General Studies,General Studies,single_mcq,"hi,en",Bilingual (Hindi & English),72,Morning,Set A,OFFICIAL_PYQ,key-paper-upsc-cse-2024-gs1-final,syl-upsc-cse-2024,NOT_VERIFIED,NOT_VERIFIED,OFFICIAL_PYQ_VERIFIED,FULL_EXAM_ELIGIBLE
q-upsc-cse-2024-gs1-q073,src-upsc-cse-portal,upsc-cse,comp-upsc-cse-prelims-gs1,2024,2024,Preliminary,Paper-I General Studies,General Studies,General Studies,single_mcq,"hi,en",Bilingual (Hindi & English),73,Morning,Set A,OFFICIAL_PYQ,key-paper-upsc-cse-2024-gs1-final,syl-upsc-cse-2024,NOT_VERIFIED,NOT_VERIFIED,OFFICIAL_PYQ_VERIFIED,FULL_EXAM_ELIGIBLE
q-upsc-cse-2024-gs1-q074,src-upsc-cse-portal,upsc-cse,comp-upsc-cse-prelims-gs1,2024,2024,Preliminary,Paper-I General Studies,General Studies,General Studies,single_mcq,"hi,en",Bilingual (Hindi & English),74,Morning,Set A,OFFICIAL_PYQ,key-paper-upsc-cse-2024-gs1-final,syl-upsc-cse-2024,NOT_VERIFIED,NOT_VERIFIED,OFFICIAL_PYQ_VERIFIED,FULL_EXAM_ELIGIBLE
q-upsc-cse-2024-gs1-q075,src-upsc-cse-portal,upsc-cse,comp-upsc-cse-prelims-gs1,2024,2024,Preliminary,Paper-I General Studies,General Studies,General Studies,single_mcq,"hi,en",Bilingual (Hindi & English),75,Morning,Set A,OFFICIAL_PYQ,key-paper-upsc-cse-2024-gs1-final,syl-upsc-cse-2024,NOT_VERIFIED,NOT_VERIFIED,OFFICIAL_PYQ_VERIFIED,FULL_EXAM_ELIGIBLE
q-upsc-cse-2024-gs1-q076,src-upsc-cse-portal,upsc-cse,comp-upsc-cse-prelims-gs1,2024,2024,Preliminary,Paper-I General Studies,General Studies,General Studies,single_mcq,"hi,en",Bilingual (Hindi & English),76,Morning,Set A,OFFICIAL_PYQ,key-paper-upsc-cse-2024-gs1-final,syl-upsc-cse-2024,NOT_VERIFIED,NOT_VERIFIED,OFFICIAL_PYQ_VERIFIED,FULL_EXAM_ELIGIBLE
q-upsc-cse-2024-gs1-q077,src-upsc-cse-portal,upsc-cse,comp-upsc-cse-prelims-gs1,2024,2024,Preliminary,Paper-I General Studies,General Studies,General Studies,single_mcq,"hi,en",Bilingual (Hindi & English),77,Morning,Set A,OFFICIAL_PYQ,key-paper-upsc-cse-2024-gs1-final,syl-upsc-cse-2024,NOT_VERIFIED,NOT_VERIFIED,OFFICIAL_PYQ_VERIFIED,FULL_EXAM_ELIGIBLE
q-upsc-cse-2024-gs1-q078,src-upsc-cse-portal,upsc-cse,comp-upsc-cse-prelims-gs1,2024,2024,Preliminary,Paper-I General Studies,General Studies,General Studies,single_mcq,"hi,en",Bilingual (Hindi & English),78,Morning,Set A,OFFICIAL_PYQ,key-paper-upsc-cse-2024-gs1-final,syl-upsc-cse-2024,NOT_VERIFIED,NOT_VERIFIED,OFFICIAL_PYQ_VERIFIED,FULL_EXAM_ELIGIBLE
q-upsc-cse-2024-gs1-q079,src-upsc-cse-portal,upsc-cse,comp-upsc-cse-prelims-gs1,2024,2024,Preliminary,Paper-I General Studies,General Studies,General Studies,single_mcq,"hi,en",Bilingual (Hindi & English),79,Morning,Set A,OFFICIAL_PYQ,key-paper-upsc-cse-2024-gs1-final,syl-upsc-cse-2024,NOT_VERIFIED,NOT_VERIFIED,OFFICIAL_PYQ_VERIFIED,FULL_EXAM_ELIGIBLE
q-upsc-cse-2024-gs1-q080,src-upsc-cse-portal,upsc-cse,comp-upsc-cse-prelims-gs1,2024,2024,Preliminary,Paper-I General Studies,General Studies,General Studies,single_mcq,"hi,en",Bilingual (Hindi & English),80,Morning,Set A,OFFICIAL_PYQ,key-paper-upsc-cse-2024-gs1-final,syl-upsc-cse-2024,NOT_VERIFIED,NOT_VERIFIED,OFFICIAL_PYQ_VERIFIED,FULL_EXAM_ELIGIBLE
q-upsc-cse-2024-gs1-q081,src-upsc-cse-portal,upsc-cse,comp-upsc-cse-prelims-gs1,2024,2024,Preliminary,Paper-I General Studies,General Studies,General Studies,single_mcq,"hi,en",Bilingual (Hindi & English),81,Morning,Set A,OFFICIAL_PYQ,key-paper-upsc-cse-2024-gs1-final,syl-upsc-cse-2024,NOT_VERIFIED,NOT_VERIFIED,OFFICIAL_PYQ_VERIFIED,FULL_EXAM_ELIGIBLE
q-upsc-cse-2024-gs1-q082,src-upsc-cse-portal,upsc-cse,comp-upsc-cse-prelims-gs1,2024,2024,Preliminary,Paper-I General Studies,General Studies,General Studies,single_mcq,"hi,en",Bilingual (Hindi & English),82,Morning,Set A,OFFICIAL_PYQ,key-paper-upsc-cse-2024-gs1-final,syl-upsc-cse-2024,NOT_VERIFIED,NOT_VERIFIED,OFFICIAL_PYQ_VERIFIED,FULL_EXAM_ELIGIBLE
q-upsc-cse-2024-gs1-q083,src-upsc-cse-portal,upsc-cse,comp-upsc-cse-prelims-gs1,2024,2024,Preliminary,Paper-I General Studies,General Studies,General Studies,single_mcq,"hi,en",Bilingual (Hindi & English),83,Morning,Set A,OFFICIAL_PYQ,key-paper-upsc-cse-2024-gs1-final,syl-upsc-cse-2024,NOT_VERIFIED,NOT_VERIFIED,OFFICIAL_PYQ_VERIFIED,FULL_EXAM_ELIGIBLE
q-upsc-cse-2024-gs1-q084,src-upsc-cse-portal,upsc-cse,comp-upsc-cse-prelims-gs1,2024,2024,Preliminary,Paper-I General Studies,General Studies,General Studies,single_mcq,"hi,en",Bilingual (Hindi & English),84,Morning,Set A,OFFICIAL_PYQ,key-paper-upsc-cse-2024-gs1-final,syl-upsc-cse-2024,NOT_VERIFIED,NOT_VERIFIED,OFFICIAL_PYQ_VERIFIED,FULL_EXAM_ELIGIBLE
q-upsc-cse-2024-gs1-q085,src-upsc-cse-portal,upsc-cse,comp-upsc-cse-prelims-gs1,2024,2024,Preliminary,Paper-I General Studies,General Studies,General Studies,single_mcq,"hi,en",Bilingual (Hindi & English),85,Morning,Set A,OFFICIAL_PYQ,key-paper-upsc-cse-2024-gs1-final,syl-upsc-cse-2024,NOT_VERIFIED,NOT_VERIFIED,OFFICIAL_PYQ_VERIFIED,FULL_EXAM_ELIGIBLE
q-upsc-cse-2024-gs1-q086,src-upsc-cse-portal,upsc-cse,comp-upsc-cse-prelims-gs1,2024,2024,Preliminary,Paper-I General Studies,General Studies,General Studies,single_mcq,"hi,en",Bilingual (Hindi & English),86,Morning,Set A,OFFICIAL_PYQ,key-paper-upsc-cse-2024-gs1-final,syl-upsc-cse-2024,NOT_VERIFIED,NOT_VERIFIED,OFFICIAL_PYQ_VERIFIED,FULL_EXAM_ELIGIBLE
q-upsc-cse-2024-gs1-q087,src-upsc-cse-portal,upsc-cse,comp-upsc-cse-prelims-gs1,2024,2024,Preliminary,Paper-I General Studies,General Studies,General Studies,single_mcq,"hi,en",Bilingual (Hindi & English),87,Morning,Set A,OFFICIAL_PYQ,key-paper-upsc-cse-2024-gs1-final,syl-upsc-cse-2024,NOT_VERIFIED,NOT_VERIFIED,OFFICIAL_PYQ_VERIFIED,FULL_EXAM_ELIGIBLE
q-upsc-cse-2024-gs1-q088,src-upsc-cse-portal,upsc-cse,comp-upsc-cse-prelims-gs1,2024,2024,Preliminary,Paper-I General Studies,General Studies,General Studies,single_mcq,"hi,en",Bilingual (Hindi & English),88,Morning,Set A,OFFICIAL_PYQ,key-paper-upsc-cse-2024-gs1-final,syl-upsc-cse-2024,NOT_VERIFIED,NOT_VERIFIED,OFFICIAL_PYQ_VERIFIED,FULL_EXAM_ELIGIBLE
q-upsc-cse-2024-gs1-q089,src-upsc-cse-portal,upsc-cse,comp-upsc-cse-prelims-gs1,2024,2024,Preliminary,Paper-I General Studies,General Studies,General Studies,single_mcq,"hi,en",Bilingual (Hindi & English),89,Morning,Set A,OFFICIAL_PYQ,key-paper-upsc-cse-2024-gs1-final,syl-upsc-cse-2024,NOT_VERIFIED,NOT_VERIFIED,OFFICIAL_PYQ_VERIFIED,FULL_EXAM_ELIGIBLE
q-upsc-cse-2024-gs1-q090,src-upsc-cse-portal,upsc-cse,comp-upsc-cse-prelims-gs1,2024,2024,Preliminary,Paper-I General Studies,General Studies,General Studies,single_mcq,"hi,en",Bilingual (Hindi & English),90,Morning,Set A,OFFICIAL_PYQ,key-paper-upsc-cse-2024-gs1-final,syl-upsc-cse-2024,NOT_VERIFIED,NOT_VERIFIED,OFFICIAL_PYQ_VERIFIED,FULL_EXAM_ELIGIBLE
q-upsc-cse-2024-gs1-q091,src-upsc-cse-portal,upsc-cse,comp-upsc-cse-prelims-gs1,2024,2024,Preliminary,Paper-I General Studies,General Studies,General Studies,single_mcq,"hi,en",Bilingual (Hindi & English),91,Morning,Set A,OFFICIAL_PYQ,key-paper-upsc-cse-2024-gs1-final,syl-upsc-cse-2024,NOT_VERIFIED,NOT_VERIFIED,OFFICIAL_PYQ_VERIFIED,FULL_EXAM_ELIGIBLE
q-upsc-cse-2024-gs1-q092,src-upsc-cse-portal,upsc-cse,comp-upsc-cse-prelims-gs1,2024,2024,Preliminary,Paper-I General Studies,General Studies,General Studies,single_mcq,"hi,en",Bilingual (Hindi & English),92,Morning,Set A,OFFICIAL_PYQ,key-paper-upsc-cse-2024-gs1-final,syl-upsc-cse-2024,NOT_VERIFIED,NOT_VERIFIED,OFFICIAL_PYQ_VERIFIED,FULL_EXAM_ELIGIBLE
q-upsc-cse-2024-gs1-q093,src-upsc-cse-portal,upsc-cse,comp-upsc-cse-prelims-gs1,2024,2024,Preliminary,Paper-I General Studies,General Studies,General Studies,single_mcq,"hi,en",Bilingual (Hindi & English),93,Morning,Set A,OFFICIAL_PYQ,key-paper-upsc-cse-2024-gs1-final,syl-upsc-cse-2024,NOT_VERIFIED,NOT_VERIFIED,OFFICIAL_PYQ_VERIFIED,FULL_EXAM_ELIGIBLE
q-upsc-cse-2024-gs1-q094,src-upsc-cse-portal,upsc-cse,comp-upsc-cse-prelims-gs1,2024,2024,Preliminary,Paper-I General Studies,General Studies,General Studies,single_mcq,"hi,en",Bilingual (Hindi & English),94,Morning,Set A,OFFICIAL_PYQ,key-paper-upsc-cse-2024-gs1-final,syl-upsc-cse-2024,NOT_VERIFIED,NOT_VERIFIED,OFFICIAL_PYQ_VERIFIED,FULL_EXAM_ELIGIBLE
q-upsc-cse-2024-gs1-q095,src-upsc-cse-portal,upsc-cse,comp-upsc-cse-prelims-gs1,2024,2024,Preliminary,Paper-I General Studies,General Studies,General Studies,single_mcq,"hi,en",Bilingual (Hindi & English),95,Morning,Set A,OFFICIAL_PYQ,key-paper-upsc-cse-2024-gs1-final,syl-upsc-cse-2024,NOT_VERIFIED,NOT_VERIFIED,OFFICIAL_PYQ_VERIFIED,FULL_EXAM_ELIGIBLE
q-upsc-cse-2024-gs1-q096,src-upsc-cse-portal,upsc-cse,comp-upsc-cse-prelims-gs1,2024,2024,Preliminary,Paper-I General Studies,General Studies,General Studies,single_mcq,"hi,en",Bilingual (Hindi & English),96,Morning,Set A,OFFICIAL_PYQ,key-paper-upsc-cse-2024-gs1-final,syl-upsc-cse-2024,NOT_VERIFIED,NOT_VERIFIED,OFFICIAL_PYQ_VERIFIED,FULL_EXAM_ELIGIBLE
q-upsc-cse-2024-gs1-q097,src-upsc-cse-portal,upsc-cse,comp-upsc-cse-prelims-gs1,2024,2024,Preliminary,Paper-I General Studies,General Studies,General Studies,single_mcq,"hi,en",Bilingual (Hindi & English),97,Morning,Set A,OFFICIAL_PYQ,key-paper-upsc-cse-2024-gs1-final,syl-upsc-cse-2024,NOT_VERIFIED,NOT_VERIFIED,OFFICIAL_PYQ_VERIFIED,FULL_EXAM_ELIGIBLE
q-upsc-cse-2024-gs1-q098,src-upsc-cse-portal,upsc-cse,comp-upsc-cse-prelims-gs1,2024,2024,Preliminary,Paper-I General Studies,General Studies,General Studies,single_mcq,"hi,en",Bilingual (Hindi & English),98,Morning,Set A,OFFICIAL_PYQ,key-paper-upsc-cse-2024-gs1-final,syl-upsc-cse-2024,NOT_VERIFIED,NOT_VERIFIED,OFFICIAL_PYQ_VERIFIED,FULL_EXAM_ELIGIBLE
q-upsc-cse-2024-gs1-q099,src-upsc-cse-portal,upsc-cse,comp-upsc-cse-prelims-gs1,2024,2024,Preliminary,Paper-I General Studies,General Studies,General Studies,single_mcq,"hi,en",Bilingual (Hindi & English),99,Morning,Set A,OFFICIAL_PYQ,key-paper-upsc-cse-2024-gs1-final,syl-upsc-cse-2024,NOT_VERIFIED,NOT_VERIFIED,OFFICIAL_PYQ_VERIFIED,FULL_EXAM_ELIGIBLE
q-upsc-cse-2024-gs1-q100,src-upsc-cse-portal,upsc-cse,comp-upsc-cse-prelims-gs1,2024,2024,Preliminary,Paper-I General Studies,General Studies,General Studies,single_mcq,"hi,en",Bilingual (Hindi & English),100,Morning,Set A,OFFICIAL_PYQ,key-paper-upsc-cse-2024-gs1-final,syl-upsc-cse-2024,NOT_VERIFIED,NOT_VERIFIED,OFFICIAL_PYQ_VERIFIED,FULL_EXAM_ELIGIBLE
q-upsc-nda-2023-gat-q1,src-upsc-nda-portal,upsc-nda,comp-upsc-nda-gat,2023,2023,Written Examination,Paper-II General Ability Test,General Ability Test,General Knowledge,single_mcq,"hi,en",Bilingual (Hindi & English),1,SHIFT_1,A,OFFICIAL_PYQ,key-paper-upsc-nda-2023-gat-final,syl-upsc-nda-2023,NOT_VERIFIED,NOT_VERIFIED,OFFICIAL_PYQ_VERIFIED,PYQ_ELIGIBLE