Question_Id,Exam_Id,Subject_Id,Question_Text_Preview,Question_Type,Language,Provenance,Full_Exam_Eligible,Blueprint_Id,Reconciliation_Action,Verification_Status
q-c12-acc-0001,general,subj-accountancy,साझेदारी संलेख (Partnership Deed) के अभाव में साझेदारों के ऋ,SINGLE_CORRECT_MCQ,hi,HUMAN_CURATED,NO,NONE,PRESERVE_PRACTICE_INVENTORY,VERIFIED_INTACT
q-c12-acc-0002,general,subj-accountancy,ख्याति (Goodwill) किस प्रकार की संपत्ति मानी जाती है?,SINGLE_CORRECT_MCQ,hi,HUMAN_CURATED,NO,NONE,PRESERVE_PRACTICE_INVENTORY,VERIFIED_INTACT
q-c12-acc-0003,general,subj-accountancy,अंश हरण खाता (Share Forfeiture Account) के शेष को अंततः किस ,SINGLE_CORRECT_MCQ,hi,HUMAN_CURATED,NO,NONE,PRESERVE_PRACTICE_INVENTORY,VERIFIED_INTACT
q-c12-acc-0004,general,subj-accountancy,ऋणपत्रधारी (Debenture Holders) कंपनी के क्या कहलाते हैं?,SINGLE_CORRECT_MCQ,hi,HUMAN_CURATED,NO,NONE,PRESERVE_PRACTICE_INVENTORY,VERIFIED_INTACT
q-c12-acc-0005,general,subj-accountancy,लेखांकन मानक-3 (AS-3 संशोधित) के अनुसार रोकड़ प्रवाह विवरण म,SINGLE_CORRECT_MCQ,hi,HUMAN_CURATED,NO,NONE,PRESERVE_PRACTICE_INVENTORY,VERIFIED_INTACT
q-c12-acc-0006,general,subj-accountancy,आदर्श चालू अनुपात (Ideal Current Ratio) सामान्यतः क्या माना ,SINGLE_CORRECT_MCQ,hi,HUMAN_CURATED,NO,NONE,PRESERVE_PRACTICE_INVENTORY,VERIFIED_INTACT
q-c12-acc-0007,general,subj-accountancy,त्याग अनुपात (Sacrificing Ratio) की गणना का सही सूत्र क्या ह,SINGLE_CORRECT_MCQ,hi,HUMAN_CURATED,NO,NONE,PRESERVE_PRACTICE_INVENTORY,VERIFIED_INTACT
q-c12-acc-0008,general,subj-accountancy,फर्म के विघटन (Dissolution) के समय संपत्तियों के विक्रय एवं ,SINGLE_CORRECT_MCQ,hi,HUMAN_CURATED,NO,NONE,PRESERVE_PRACTICE_INVENTORY,VERIFIED_INTACT
q-c12-acc-0009,general,subj-accountancy,कंपनी अधिनियम 2013 की धारा 52(2) के अनुसार प्रतिभूति प्रव्या,SINGLE_CORRECT_MCQ,hi,HUMAN_CURATED,NO,NONE,PRESERVE_PRACTICE_INVENTORY,VERIFIED_INTACT
q-c12-acc-0010,general,subj-accountancy,त्वरित अनुपात (Quick / Acid-Test Ratio) ज्ञात करते समय चालू ,SINGLE_CORRECT_MCQ,hi,HUMAN_CURATED,NO,NONE,PRESERVE_PRACTICE_INVENTORY,VERIFIED_INTACT
q-c12-acc-0011,general,subj-accountancy,प्राप्ति एवं भुगतान खाता (Receipts and Payments Account) किस,SINGLE_CORRECT_MCQ,hi,HUMAN_CURATED,NO,NONE,PRESERVE_PRACTICE_INVENTORY,VERIFIED_INTACT
q-c12-acc-0012,general,subj-accountancy,साझेदार के अवकाश ग्रहण पर शेष साझेदारों का अधिलाभ अनुपात (Ga,SINGLE_CORRECT_MCQ,hi,HUMAN_CURATED,NO,NONE,PRESERVE_PRACTICE_INVENTORY,VERIFIED_INTACT
q-c12-bio-0001,general,subj-biology,आवृतबीजी पौधों (Angiosperms) में भ्रूणपोष (Endosperm) की गुण,SINGLE_CORRECT_MCQ,hi,HUMAN_CURATED,NO,NONE,PRESERVE_PRACTICE_INVENTORY,VERIFIED_INTACT
q-c12-bio-0002,general,subj-biology,वायु द्वारा होने वाले परागण (Wind Pollination) को वैज्ञानिक ,SINGLE_CORRECT_MCQ,hi,HUMAN_CURATED,NO,NONE,PRESERVE_PRACTICE_INVENTORY,VERIFIED_INTACT
q-c12-bio-0003,general,subj-biology,वृषण (Testis) में शुक्राणुओं (Sperms) को पोषण प्रदान करने वा,SINGLE_CORRECT_MCQ,hi,HUMAN_CURATED,NO,NONE,PRESERVE_PRACTICE_INVENTORY,VERIFIED_INTACT
q-c12-bio-0004,general,subj-biology,मानव मादा में अंडोत्सर्ग (Ovulation) किस हार्मोन के चरम स्तर,SINGLE_CORRECT_MCQ,hi,HUMAN_CURATED,NO,NONE,PRESERVE_PRACTICE_INVENTORY,VERIFIED_INTACT
q-c12-bio-0005,general,subj-biology,मानव मादा में निषेचन (Fertilization) सामान्यतः अंडवाहिनी (Fa,SINGLE_CORRECT_MCQ,hi,HUMAN_CURATED,NO,NONE,PRESERVE_PRACTICE_INVENTORY,VERIFIED_INTACT
q-c12-bio-0006,general,subj-biology,सहेली (Saheli) क्या है जिसे CDRI लखनऊ द्वारा विकसित किया गया,SINGLE_CORRECT_MCQ,hi,HUMAN_CURATED,NO,NONE,PRESERVE_PRACTICE_INVENTORY,VERIFIED_INTACT
q-c12-bio-0007,general,subj-biology,ART तकनीक 'ZIFT' का पूर्ण रूप (Full Form) क्या है?,SINGLE_CORRECT_MCQ,hi,HUMAN_CURATED,NO,NONE,PRESERVE_PRACTICE_INVENTORY,VERIFIED_INTACT
q-c12-bio-0008,general,subj-biology,मेंडल के द्विसंकर क्रॉस (Dihybrid Cross) की F₂ पीढ़ी में लक्,SINGLE_CORRECT_MCQ,hi,HUMAN_CURATED,NO,NONE,PRESERVE_PRACTICE_INVENTORY,VERIFIED_INTACT
q-c12-bio-0009,general,subj-biology,मानव में ABO रक्त समूह (ABO Blood Grouping) किस आनुवंशिक परि,SINGLE_CORRECT_MCQ,hi,HUMAN_CURATED,NO,NONE,PRESERVE_PRACTICE_INVENTORY,VERIFIED_INTACT
q-c12-bio-0010,general,subj-biology,टर्नर सिंड्रोम (Turner's Syndrome) से ग्रसित व्यक्ति में गुण,SINGLE_CORRECT_MCQ,hi,HUMAN_CURATED,NO,NONE,PRESERVE_PRACTICE_INVENTORY,VERIFIED_INTACT
q-c12-bio-0011,general,subj-biology,DNA अणु में वाटसन और क्रिक मॉडल के अनुसार दोनों रज्जुकों (St,SINGLE_CORRECT_MCQ,hi,HUMAN_CURATED,NO,NONE,PRESERVE_PRACTICE_INVENTORY,VERIFIED_INTACT
q-c12-bio-0012,general,subj-biology,आणविक जीवविज्ञान में सूचना के प्रवाह DNA → RNA → प्रोटीन को ,SINGLE_CORRECT_MCQ,hi,HUMAN_CURATED,NO,NONE,PRESERVE_PRACTICE_INVENTORY,VERIFIED_INTACT
q-c12-bio-0013,general,subj-biology,प्रारंभक प्रकूट (Initiation Codon) AUG किस अमीनो अम्ल को कोड,SINGLE_CORRECT_MCQ,hi,HUMAN_CURATED,NO,NONE,PRESERVE_PRACTICE_INVENTORY,VERIFIED_INTACT
q-c12-bio-0014,general,subj-biology,ई. कोलाई के लैक ऑपेरॉन (Lac Operon) में लैक z-जीन किस एंजाइम,SINGLE_CORRECT_MCQ,hi,HUMAN_CURATED,NO,NONE,PRESERVE_PRACTICE_INVENTORY,VERIFIED_INTACT
q-c12-bio-0015,general,subj-biology,मिलर और यूरे के प्रयोग में जीवन की उत्पत्ति सिद्ध करने के लि,SINGLE_CORRECT_MCQ,hi,HUMAN_CURATED,NO,NONE,PRESERVE_PRACTICE_INVENTORY,VERIFIED_INTACT
q-c12-bio-0016,general,subj-biology,"मनुष्य के अग्रपाद, चमगादड़ के पंख और व्हेल के फ्लिपर्स किसके",SINGLE_CORRECT_MCQ,hi,HUMAN_CURATED,NO,NONE,PRESERVE_PRACTICE_INVENTORY,VERIFIED_INTACT
q-c12-bio-0017,general,subj-biology,मलेरिया परजीवी प्लाज्मोडियम (Plasmodium) का संक्रामक रूप जो ,SINGLE_CORRECT_MCQ,hi,HUMAN_CURATED,NO,NONE,PRESERVE_PRACTICE_INVENTORY,VERIFIED_INTACT
q-c12-bio-0018,general,subj-biology,एड्स (AIDS) के रोगजनक HIV विषाणु की आनुवंशिक सामग्री किस प्र,SINGLE_CORRECT_MCQ,hi,HUMAN_CURATED,NO,NONE,PRESERVE_PRACTICE_INVENTORY,VERIFIED_INTACT
q-c12-bio-0019,general,subj-biology,मां के प्रथम स्तन्य दुग्ध (Colostrum) में कौन सा प्रतिरक्षी ,SINGLE_CORRECT_MCQ,hi,HUMAN_CURATED,NO,NONE,PRESERVE_PRACTICE_INVENTORY,VERIFIED_INTACT
q-c12-bio-0020,general,subj-biology,पेनिसिलिन (Penicillin) नामक प्रथम प्रतिजैविक की खोज अलेक्जें,SINGLE_CORRECT_MCQ,hi,HUMAN_CURATED,NO,NONE,PRESERVE_PRACTICE_INVENTORY,VERIFIED_INTACT
q-c12-bio-0021,general,subj-biology,पादप रोगों के जैविक नियंत्रण (Biocontrol Agent) के रूप में क,SINGLE_CORRECT_MCQ,hi,HUMAN_CURATED,NO,NONE,PRESERVE_PRACTICE_INVENTORY,VERIFIED_INTACT
q-c12-bio-0022,general,subj-biology,आणविक कैंची (Molecular Scissors) के नाम से जाने जाने वाले एं,SINGLE_CORRECT_MCQ,hi,HUMAN_CURATED,NO,NONE,PRESERVE_PRACTICE_INVENTORY,VERIFIED_INTACT
q-c12-bio-0023,general,subj-biology,पॉलीमरेज श्रृंखला अभिक्रिया (PCR) में उच्च ताप पर स्थिर रहने,SINGLE_CORRECT_MCQ,hi,HUMAN_CURATED,NO,NONE,PRESERVE_PRACTICE_INVENTORY,VERIFIED_INTACT
q-c12-bio-0024,general,subj-biology,Bt-कपास (Bt Cotton) में बेसिलस थुरिंजिएंसिस जीवाणु से प्राप्,SINGLE_CORRECT_MCQ,hi,HUMAN_CURATED,NO,NONE,PRESERVE_PRACTICE_INVENTORY,VERIFIED_INTACT
q-c12-bio-0025,general,subj-biology,सर्वप्रथम मानव जीन थेरेपी (1990) किस एंजाइम की कमी से ग्रसित,SINGLE_CORRECT_MCQ,hi,HUMAN_CURATED,NO,NONE,PRESERVE_PRACTICE_INVENTORY,VERIFIED_INTACT
q-c12-bio-0026,general,subj-biology,सीमित संसाधनों की उपस्थिति में समष्टि वृद्धि (Population Gro,SINGLE_CORRECT_MCQ,hi,HUMAN_CURATED,NO,NONE,PRESERVE_PRACTICE_INVENTORY,VERIFIED_INTACT
q-c12-bio-0027,general,subj-biology,सहभोजिता (Commensalism) पारस्परिक क्रिया में दो जातियों के म,SINGLE_CORRECT_MCQ,hi,HUMAN_CURATED,NO,NONE,PRESERVE_PRACTICE_INVENTORY,VERIFIED_INTACT
q-c12-bio-0028,general,subj-biology,पारिस्थितिक तंत्र में ऊर्जा का पिरामिड (Pyramid of Energy) स,SINGLE_CORRECT_MCQ,hi,HUMAN_CURATED,NO,NONE,PRESERVE_PRACTICE_INVENTORY,VERIFIED_INTACT
q-c12-bio-0029,general,subj-biology,एक जलीय पारिस्थितिक तंत्र (तालाब) में जैवभार का पिरामिड (Pyr,SINGLE_CORRECT_MCQ,hi,HUMAN_CURATED,NO,NONE,PRESERVE_PRACTICE_INVENTORY,VERIFIED_INTACT
q-c12-bio-0030,general,subj-biology,भारत में वैश्विक जैव विविधता के कितने हॉटस्पॉट (Biodiversity,SINGLE_CORRECT_MCQ,hi,HUMAN_CURATED,NO,NONE,PRESERVE_PRACTICE_INVENTORY,VERIFIED_INTACT
q-c12-bio-0031,general,subj-biology,निम्नलिखित में से कौन सा बाह्य-स्थाने संरक्षण (Ex-situ Conse,SINGLE_CORRECT_MCQ,hi,HUMAN_CURATED,NO,NONE,PRESERVE_PRACTICE_INVENTORY,VERIFIED_INTACT
q-c12-bio-0032,general,subj-biology,ड्रोसोफिला (फलमक्खी) पर सहलग्नता (Linkage) और पुनर्योजन का व,SINGLE_CORRECT_MCQ,hi,HUMAN_CURATED,NO,NONE,PRESERVE_PRACTICE_INVENTORY,VERIFIED_INTACT
q-c12-bio-0033,general,subj-biology,गर्भावस्था को बनाए रखने के लिए आवश्यक प्रोजेस्टेरोन हार्मोन ,SINGLE_CORRECT_MCQ,hi,HUMAN_CURATED,NO,NONE,PRESERVE_PRACTICE_INVENTORY,VERIFIED_INTACT
q-c12-bio-0034,general,subj-biology,संकटग्रस्त एवं विलुप्तप्राय जातियों की सूची किस पुस्तक में प,SINGLE_CORRECT_MCQ,hi,HUMAN_CURATED,NO,NONE,PRESERVE_PRACTICE_INVENTORY,VERIFIED_INTACT
q-c12-bio-0035,general,subj-biology,एगारोज जेल वैद्युतकणसंचलन (Agarose Gel Electrophoresis) में ,SINGLE_CORRECT_MCQ,hi,HUMAN_CURATED,NO,NONE,PRESERVE_PRACTICE_INVENTORY,VERIFIED_INTACT
q-c12-bus-0001,general,subj-business,प्रबंध के 14 सिद्धांतों (14 Principles of Management) का प्र,SINGLE_CORRECT_MCQ,hi,HUMAN_CURATED,NO,NONE,PRESERVE_PRACTICE_INVENTORY,VERIFIED_INTACT
q-c12-bus-0002,general,subj-business,वैज्ञानिक प्रबंध का जनक (Father of Scientific Management) कि,SINGLE_CORRECT_MCQ,hi,HUMAN_CURATED,NO,NONE,PRESERVE_PRACTICE_INVENTORY,VERIFIED_INTACT
q-c12-bus-0003,general,subj-business,प्रबंध का प्राथमिक एवं आधारभूत कार्य (First and Primary Func,SINGLE_CORRECT_MCQ,hi,HUMAN_CURATED,NO,NONE,PRESERVE_PRACTICE_INVENTORY,VERIFIED_INTACT
q-c12-bus-0004,general,subj-business,भारतीय प्रतिभूति एवं विनिमय बोर्ड (SEBI) की स्थापना किस वर्ष,SINGLE_CORRECT_MCQ,hi,HUMAN_CURATED,NO,NONE,PRESERVE_PRACTICE_INVENTORY,VERIFIED_INTACT
q-c12-bus-0005,general,subj-business,ई. जेरोम मैकार्थी द्वारा प्रतिपादित विपणन मिश्रण (Marketing ,SINGLE_CORRECT_MCQ,hi,HUMAN_CURATED,NO,NONE,PRESERVE_PRACTICE_INVENTORY,VERIFIED_INTACT
q-c12-bus-0006,general,subj-business,उपभोक्ता संरक्षण अधिनियम 2019 के अंतर्गत जिला उपभोक्ता विवाद,SINGLE_CORRECT_MCQ,hi,HUMAN_CURATED,NO,NONE,PRESERVE_PRACTICE_INVENTORY,VERIFIED_INTACT
q-c12-bus-0007,general,subj-business,मास्लो के आवश्यकता पदानुक्रम सिद्धांत (Need Hierarchy Theory,SINGLE_CORRECT_MCQ,hi,HUMAN_CURATED,NO,NONE,PRESERVE_PRACTICE_INVENTORY,VERIFIED_INTACT
q-c12-bus-0008,general,subj-business,'अपवाद द्वारा प्रबंध' (Management by Exception - MBE) का मूल,SINGLE_CORRECT_MCQ,hi,HUMAN_CURATED,NO,NONE,PRESERVE_PRACTICE_INVENTORY,VERIFIED_INTACT
q-c12-bus-0009,general,subj-business,"भारत में नई आर्थिक नीति (LPG सुधार: उदारीकरण, निजीकरण, वैश्व",SINGLE_CORRECT_MCQ,hi,HUMAN_CURATED,NO,NONE,PRESERVE_PRACTICE_INVENTORY,VERIFIED_INTACT
q-c12-bus-0010,general,subj-business,मुख्य कार्यकारी अधिकारी (CEO) और बोर्ड ऑफ डायरेक्टर्स किस प्,SINGLE_CORRECT_MCQ,hi,HUMAN_CURATED,NO,NONE,PRESERVE_PRACTICE_INVENTORY,VERIFIED_INTACT
q-c12-bus-0011,general,subj-business,समता पर व्यापार (Trading on Equity) का मुख्य उद्देश्य क्या ह,SINGLE_CORRECT_MCQ,hi,HUMAN_CURATED,NO,NONE,PRESERVE_PRACTICE_INVENTORY,VERIFIED_INTACT
q-c12-bus-0012,general,subj-business,प्रबंध के विस्तार (Span of Management) से क्या आशय है?,SINGLE_CORRECT_MCQ,hi,HUMAN_CURATED,NO,NONE,PRESERVE_PRACTICE_INVENTORY,VERIFIED_INTACT
q-c12-chm-0001,general,subj-chemistry,सोडा वाटर तथा शीतल पेयों में CO₂ की घुलनशीलता बढ़ाने के लिए ,SINGLE_CORRECT_MCQ,hi,HUMAN_CURATED,NO,NONE,PRESERVE_PRACTICE_INVENTORY,VERIFIED_INTACT
q-c12-chm-0002,general,subj-chemistry,निम्नलिखित में से कौन सा विलयन का अणुसंख्य गुणधर्म (Colligat,SINGLE_CORRECT_MCQ,hi,HUMAN_CURATED,NO,NONE,PRESERVE_PRACTICE_INVENTORY,VERIFIED_INTACT
q-c12-chm-0003,general,subj-chemistry,तनु विलयनों के लिए परासरण दाब (π) का सही सूत्र क्या होता है?,SINGLE_CORRECT_MCQ,hi,HUMAN_CURATED,NO,NONE,PRESERVE_PRACTICE_INVENTORY,VERIFIED_INTACT
q-c12-chm-0004,general,subj-chemistry,अनंत तनुता पर किसी दुर्बल विद्युत अपघट्य (जैसे CH₃COOH) की म,SINGLE_CORRECT_MCQ,hi,HUMAN_CURATED,NO,NONE,PRESERVE_PRACTICE_INVENTORY,VERIFIED_INTACT
q-c12-chm-0005,general,subj-chemistry,विद्युत अपघटन में 1 मोल Al³⁺ आयनों को धात्विक एल्युमिनियम (A,SINGLE_CORRECT_MCQ,hi,HUMAN_CURATED,NO,NONE,PRESERVE_PRACTICE_INVENTORY,VERIFIED_INTACT
q-c12-chm-0006,general,subj-chemistry,प्रथम कोटि की अभिक्रिया (First Order Reaction) के अर्ध-आयुका,SINGLE_CORRECT_MCQ,hi,HUMAN_CURATED,NO,NONE,PRESERVE_PRACTICE_INVENTORY,VERIFIED_INTACT
q-c12-chm-0007,general,subj-chemistry,अभिक्रिया की दर (Rate of Reaction) और वेग स्थिरांक (Rate Con,SINGLE_CORRECT_MCQ,hi,HUMAN_CURATED,NO,NONE,PRESERVE_PRACTICE_INVENTORY,VERIFIED_INTACT
q-c12-chm-0008,general,subj-chemistry,संक्रमण तत्व (Transition Elements) तथा उनके यौगिक प्रायः उत्,SINGLE_CORRECT_MCQ,hi,HUMAN_CURATED,NO,NONE,PRESERVE_PRACTICE_INVENTORY,VERIFIED_INTACT
q-c12-chm-0009,general,subj-chemistry,लैन्थेनॉयड संकुचन (Lanthanoid Contraction) का प्रमुख कारण क्,SINGLE_CORRECT_MCQ,hi,HUMAN_CURATED,NO,NONE,PRESERVE_PRACTICE_INVENTORY,VERIFIED_INTACT
q-c12-chm-0010,general,subj-chemistry,संकुल [Co(NH₃)₆]Cl₃ में कोबाल्ट (Co) की प्राथमिक संयोजकता (P,SINGLE_CORRECT_MCQ,hi,HUMAN_CURATED,NO,NONE,PRESERVE_PRACTICE_INVENTORY,VERIFIED_INTACT
q-c12-chm-0011,general,subj-chemistry,S_N2 अभिक्रिया की क्रियाविधि में निम्नलिखित में से कौन सी घट,SINGLE_CORRECT_MCQ,hi,HUMAN_CURATED,NO,NONE,PRESERVE_PRACTICE_INVENTORY,VERIFIED_INTACT
q-c12-chm-0012,general,subj-chemistry,फीनॉल को जलीय NaOH की उपस्थिति में क्लोरोफॉर्म (CHCl₃) के सा,SINGLE_CORRECT_MCQ,hi,HUMAN_CURATED,NO,NONE,PRESERVE_PRACTICE_INVENTORY,VERIFIED_INTACT
q-c12-chm-0013,general,subj-chemistry,निम्नलिखित में से कौन सा यौगिक टॉलेन अभिकर्मक (Tollens' Reag,SINGLE_CORRECT_MCQ,hi,HUMAN_CURATED,NO,NONE,PRESERVE_PRACTICE_INVENTORY,VERIFIED_INTACT
q-c12-chm-0014,general,subj-chemistry,कार्बिलऐमीन परीक्षण (Carbylamine Test) किस प्रकार की ऐमीन की,SINGLE_CORRECT_MCQ,hi,HUMAN_CURATED,NO,NONE,PRESERVE_PRACTICE_INVENTORY,VERIFIED_INTACT
q-c12-chm-0015,general,subj-chemistry,"DNA में उपस्थित नाइट्रोजनी क्षार एडेनिन (A), ग्वानिन (G) तथा",SINGLE_CORRECT_MCQ,hi,HUMAN_CURATED,NO,NONE,PRESERVE_PRACTICE_INVENTORY,VERIFIED_INTACT
q-c12-chm-0016,general,subj-chemistry,अभिक्रिया A + 2B → उत्पाद के लिए वेग नियम (Rate Law) r = k[A,SINGLE_CORRECT_MCQ,hi,HUMAN_CURATED,NO,NONE,PRESERVE_PRACTICE_INVENTORY,VERIFIED_INTACT
q-c12-chm-0017,general,subj-chemistry,प्रथम कोटि की अभिक्रिया (First Order Reaction) का अर्ध-आयु क,SINGLE_CORRECT_MCQ,hi,HUMAN_CURATED,NO,NONE,PRESERVE_PRACTICE_INVENTORY,VERIFIED_INTACT
q-c12-chm-0018,general,subj-chemistry,आर्रेनियस समीकरण (Arrhenius Equation) में सक्रियण ऊर्जा (Act,SINGLE_CORRECT_MCQ,hi,HUMAN_CURATED,NO,NONE,PRESERVE_PRACTICE_INVENTORY,VERIFIED_INTACT
q-c12-chm-0019,general,subj-chemistry,संक्रमण तत्वों (Transition Elements) के अधिकांश यौगिक रंगीन ,SINGLE_CORRECT_MCQ,hi,HUMAN_CURATED,NO,NONE,PRESERVE_PRACTICE_INVENTORY,VERIFIED_INTACT
q-c12-chm-0020,general,subj-chemistry,लैन्थेनाइड संकुचन (Lanthanide Contraction) का मुख्य कारण क्य,SINGLE_CORRECT_MCQ,hi,HUMAN_CURATED,NO,NONE,PRESERVE_PRACTICE_INVENTORY,VERIFIED_INTACT
q-c12-chm-0021,general,subj-chemistry,संकुल [Co(NH₃)₆]Cl₃ का सही IUPAC नाम क्या है?,SINGLE_CORRECT_MCQ,hi,HUMAN_CURATED,NO,NONE,PRESERVE_PRACTICE_INVENTORY,VERIFIED_INTACT
q-c12-chm-0022,general,subj-chemistry,संकुल [Co(NH₃)₅(SO₄)]Br तथा [Co(NH₃)₅Br]SO₄ किस प्रकार की सम,SINGLE_CORRECT_MCQ,hi,HUMAN_CURATED,NO,NONE,PRESERVE_PRACTICE_INVENTORY,VERIFIED_INTACT
q-c12-chm-0023,general,subj-chemistry,SN1 नाभिकस्नेही प्रतिस्थापन अभिक्रिया (SN1 Nucleophilic Subs,SINGLE_CORRECT_MCQ,hi,HUMAN_CURATED,NO,NONE,PRESERVE_PRACTICE_INVENTORY,VERIFIED_INTACT
q-c12-chm-0024,general,subj-chemistry,ग्रिग्नार्ड अभिकर्मक (Grignard Reagent) का सामान्य रासायनिक ,SINGLE_CORRECT_MCQ,hi,HUMAN_CURATED,NO,NONE,PRESERVE_PRACTICE_INVENTORY,VERIFIED_INTACT
q-c12-chm-0025,general,subj-chemistry,ल्यूकास अभिकर्मक (Lucas Reagent) किसका मिश्रण होता है जो प्र,SINGLE_CORRECT_MCQ,hi,HUMAN_CURATED,NO,NONE,PRESERVE_PRACTICE_INVENTORY,VERIFIED_INTACT
q-c12-chm-0026,general,subj-chemistry,फीनॉल को NaOH तथा CO₂ के साथ उच्च दाब व ताप पर गर्म करने के ,SINGLE_CORRECT_MCQ,hi,HUMAN_CURATED,NO,NONE,PRESERVE_PRACTICE_INVENTORY,VERIFIED_INTACT
q-c12-chm-0027,general,subj-chemistry,विलियमसन संश्लेषण (Williamson Synthesis) विधि द्वारा किसका न,SINGLE_CORRECT_MCQ,hi,HUMAN_CURATED,NO,NONE,PRESERVE_PRACTICE_INVENTORY,VERIFIED_INTACT
q-c12-chm-0028,general,subj-chemistry,निम्नलिखित में से कौन सा यौगिक कैनीजारो अभिक्रिया (Cannizzar,SINGLE_CORRECT_MCQ,hi,HUMAN_CURATED,NO,NONE,PRESERVE_PRACTICE_INVENTORY,VERIFIED_INTACT
q-c12-chm-0029,general,subj-chemistry,ऐल्डोल संघनन (Aldol Condensation) देने के लिए ऐल्डिहाइड या क,SINGLE_CORRECT_MCQ,hi,HUMAN_CURATED,NO,NONE,PRESERVE_PRACTICE_INVENTORY,VERIFIED_INTACT
q-c12-chm-0030,general,subj-chemistry,हेल-वोलहार्ड-जेलिंस्की (HVZ) अभिक्रिया में कार्बोक्सिलिक अम्,SINGLE_CORRECT_MCQ,hi,HUMAN_CURATED,NO,NONE,PRESERVE_PRACTICE_INVENTORY,VERIFIED_INTACT
q-c12-chm-0031,general,subj-chemistry,हॉफमैन ब्रोमामाइड निम्नीकरण अभिक्रिया (Hofmann Bromamide Deg,SINGLE_CORRECT_MCQ,hi,HUMAN_CURATED,NO,NONE,PRESERVE_PRACTICE_INVENTORY,VERIFIED_INTACT
q-c12-chm-0032,general,subj-chemistry,प्रोटीन की प्राथमिक संरचना (Primary Structure) में अमीनो अम्,SINGLE_CORRECT_MCQ,hi,HUMAN_CURATED,NO,NONE,PRESERVE_PRACTICE_INVENTORY,VERIFIED_INTACT
q-c12-chm-0033,general,subj-chemistry,निम्नलिखित में से कौन सा विटामिन जल में घुलनशील (Water Solub,SINGLE_CORRECT_MCQ,hi,HUMAN_CURATED,NO,NONE,PRESERVE_PRACTICE_INVENTORY,VERIFIED_INTACT
q-c12-chm-0034,general,subj-chemistry,शुष्क सेल (Leclanché Dry Cell) में कैथोड के रूप में किसका उप,SINGLE_CORRECT_MCQ,hi,HUMAN_CURATED,NO,NONE,PRESERVE_PRACTICE_INVENTORY,VERIFIED_INTACT
q-c12-chm-0035,general,subj-chemistry,एक आदर्श विलयन (Ideal Solution) के निर्माण में मिश्रण की एन्,SINGLE_CORRECT_MCQ,hi,HUMAN_CURATED,NO,NONE,PRESERVE_PRACTICE_INVENTORY,VERIFIED_INTACT
q-c12-eco-0001,general,subj-economics,सामान्य वस्तुओं (Normal Goods) के संदर्भ में मांग का नियम वस,SINGLE_CORRECT_MCQ,hi,HUMAN_CURATED,NO,NONE,PRESERVE_PRACTICE_INVENTORY,VERIFIED_INTACT
q-c12-eco-0002,general,subj-economics,यदि किसी वस्तु की कीमत में 10% परिवर्तन होने पर उसकी मांग मे,SINGLE_CORRECT_MCQ,hi,HUMAN_CURATED,NO,NONE,PRESERVE_PRACTICE_INVENTORY,VERIFIED_INTACT
q-c12-eco-0003,general,subj-economics,सकल घरेलू उत्पाद (GDP) और सकल राष्ट्रीय उत्पाद (GNP) के बीच ,SINGLE_CORRECT_MCQ,hi,HUMAN_CURATED,NO,NONE,PRESERVE_PRACTICE_INVENTORY,VERIFIED_INTACT
q-c12-eco-0004,general,subj-economics,भारत में ₹1 के नोट और सभी सिक्कों को जारी करने का वैधानिक अध,SINGLE_CORRECT_MCQ,hi,HUMAN_CURATED,NO,NONE,PRESERVE_PRACTICE_INVENTORY,VERIFIED_INTACT
q-c12-eco-0005,general,subj-economics,वह ब्याज दर जिस पर केंद्रीय बैंक (RBI) व्यापारिक बैंकों को अ,SINGLE_CORRECT_MCQ,hi,HUMAN_CURATED,NO,NONE,PRESERVE_PRACTICE_INVENTORY,VERIFIED_INTACT
q-c12-eco-0006,general,subj-economics,राजकोषीय घाटा (Fiscal Deficit) का सही सूत्र क्या होता है?,SINGLE_CORRECT_MCQ,hi,HUMAN_CURATED,NO,NONE,PRESERVE_PRACTICE_INVENTORY,VERIFIED_INTACT
q-c12-eco-0007,general,subj-economics,भुगतान संतुलन के चालू खाते (Current Account) में किसे शामिल ,SINGLE_CORRECT_MCQ,hi,HUMAN_CURATED,NO,NONE,PRESERVE_PRACTICE_INVENTORY,VERIFIED_INTACT
q-c12-eco-0008,general,subj-economics,अर्थशास्त्र में 'अवसर लागत' (Opportunity Cost) की सर्वमान्य ,SINGLE_CORRECT_MCQ,hi,HUMAN_CURATED,NO,NONE,PRESERVE_PRACTICE_INVENTORY,VERIFIED_INTACT
q-c12-eco-0009,general,subj-economics,सीमांत उपभोग प्रवृत्ति (MPC) और सीमांत बचत प्रवृत्ति (MPS) क,SINGLE_CORRECT_MCQ,hi,HUMAN_CURATED,NO,NONE,PRESERVE_PRACTICE_INVENTORY,VERIFIED_INTACT
q-c12-eco-0010,general,subj-economics,योजना आयोग (Planning Commission) के स्थान पर नीति आयोग (NITI,SINGLE_CORRECT_MCQ,hi,HUMAN_CURATED,NO,NONE,PRESERVE_PRACTICE_INVENTORY,VERIFIED_INTACT
q-c12-eco-0011,general,subj-economics,पूर्ण प्रतियोगिता (Perfect Competition) बाजार की प्रमुख विशे,SINGLE_CORRECT_MCQ,hi,HUMAN_CURATED,NO,NONE,PRESERVE_PRACTICE_INVENTORY,VERIFIED_INTACT
q-c12-eco-0012,general,subj-economics,"यदि सीमांत उपभोग प्रवृत्ति (MPC) 0.8 हो, तो निवेश गुणक (Inve",SINGLE_CORRECT_MCQ,hi,HUMAN_CURATED,NO,NONE,PRESERVE_PRACTICE_INVENTORY,VERIFIED_INTACT
q-c12-geo-0001,general,subj-geography,'मानव भूगोल मानव समाजों और धरातल के बीच संबंधों का संश्लेषित,SINGLE_CORRECT_MCQ,hi,HUMAN_CURATED,NO,NONE,PRESERVE_PRACTICE_INVENTORY,VERIFIED_INTACT
q-c12-geo-0002,general,subj-geography,जनांकिकीय संक्रमण सिद्धांत (Demographic Transition Theory) क,SINGLE_CORRECT_MCQ,hi,HUMAN_CURATED,NO,NONE,PRESERVE_PRACTICE_INVENTORY,VERIFIED_INTACT
q-c12-geo-0003,general,subj-geography,मानव विकास सूचकांक (Human Development Index - HDI) की अवधारण,SINGLE_CORRECT_MCQ,hi,HUMAN_CURATED,NO,NONE,PRESERVE_PRACTICE_INVENTORY,VERIFIED_INTACT
q-c12-geo-0004,general,subj-geography,भूमध्यसागरीय कृषि (Mediterranean Agriculture) किस प्रकार की ,SINGLE_CORRECT_MCQ,hi,HUMAN_CURATED,NO,NONE,PRESERVE_PRACTICE_INVENTORY,VERIFIED_INTACT
q-c12-geo-0005,general,subj-geography,कच्चे माल के भार ह्रास (Weight-losing raw material) वाले उद्,SINGLE_CORRECT_MCQ,hi,HUMAN_CURATED,NO,NONE,PRESERVE_PRACTICE_INVENTORY,VERIFIED_INTACT
q-c12-geo-0006,general,subj-geography,"अनुसंधान, सूचना विकास, सॉफ्टवेयर निर्माण और उच्च स्तरीय पराम",SINGLE_CORRECT_MCQ,hi,HUMAN_CURATED,NO,NONE,PRESERVE_PRACTICE_INVENTORY,VERIFIED_INTACT
q-c12-geo-0007,general,subj-geography,स्वेज नहर (Suez Canal) किन दो प्रमुख जल-राशियों (सागरों) को ,SINGLE_CORRECT_MCQ,hi,HUMAN_CURATED,NO,NONE,PRESERVE_PRACTICE_INVENTORY,VERIFIED_INTACT
q-c12-geo-0008,general,subj-geography,2011 की जनगणना के अनुसार भारत के किस राज्य का जनसंख्या घनत्व,SINGLE_CORRECT_MCQ,hi,HUMAN_CURATED,NO,NONE,PRESERVE_PRACTICE_INVENTORY,VERIFIED_INTACT
q-c12-geo-0009,general,subj-geography,भारत की 'राष्ट्रीय जल नीति' (National Water Policy) सर्वप्रथ,SINGLE_CORRECT_MCQ,hi,HUMAN_CURATED,NO,NONE,PRESERVE_PRACTICE_INVENTORY,VERIFIED_INTACT
q-c12-geo-0010,general,subj-geography,भारत का सबसे बड़ा और प्रमुख पेट्रोलियम उत्पादक अपतटीय क्षेत्,SINGLE_CORRECT_MCQ,hi,HUMAN_CURATED,NO,NONE,PRESERVE_PRACTICE_INVENTORY,VERIFIED_INTACT
q-c12-geo-0011,general,subj-geography,'सतत पोषणीय विकास' (Sustainable Development) की अवधारणा को स,SINGLE_CORRECT_MCQ,hi,HUMAN_CURATED,NO,NONE,PRESERVE_PRACTICE_INVENTORY,VERIFIED_INTACT
q-c12-geo-0012,general,subj-geography,वायु प्रदूषण के कारण होने वाली 'अम्लीय वर्षा' (Acid Rain) के,SINGLE_CORRECT_MCQ,hi,HUMAN_CURATED,NO,NONE,PRESERVE_PRACTICE_INVENTORY,VERIFIED_INTACT
q-c12-his-0001,general,subj-history,हड़प्पा सभ्यता का विशाल स्नानागार (Great Bath) किस प्रमुख पु,SINGLE_CORRECT_MCQ,hi,HUMAN_CURATED,NO,NONE,PRESERVE_PRACTICE_INVENTORY,VERIFIED_INTACT
q-c12-his-0002,general,subj-history,मौर्य साम्राज्य के संस्थापक चंद्रगुप्त मौर्य के प्रधानमंत्री,SINGLE_CORRECT_MCQ,hi,HUMAN_CURATED,NO,NONE,PRESERVE_PRACTICE_INVENTORY,VERIFIED_INTACT
q-c12-his-0003,general,subj-history,महाभारत का समालोचनात्मक संस्करण (Critical Edition of Mahabha,SINGLE_CORRECT_MCQ,hi,HUMAN_CURATED,NO,NONE,PRESERVE_PRACTICE_INVENTORY,VERIFIED_INTACT
q-c12-his-0004,general,subj-history,मध्य प्रदेश में स्थित सांची के स्तूप (Sanchi Stupa) के संरक्,SINGLE_CORRECT_MCQ,hi,HUMAN_CURATED,NO,NONE,PRESERVE_PRACTICE_INVENTORY,VERIFIED_INTACT
q-c12-his-0005,general,subj-history,मोरक्को का प्रसिद्ध यात्री इब्न बतूता किसके शासनकाल में भारत,SINGLE_CORRECT_MCQ,hi,HUMAN_CURATED,NO,NONE,PRESERVE_PRACTICE_INVENTORY,VERIFIED_INTACT
q-c12-his-0006,general,subj-history,अजमेर में स्थित विश्व प्रसिद्ध दरगाह किस सूफी संत की है?,SINGLE_CORRECT_MCQ,hi,HUMAN_CURATED,NO,NONE,PRESERVE_PRACTICE_INVENTORY,VERIFIED_INTACT
q-c12-his-0007,general,subj-history,विजयनगर साम्राज्य की स्थापना 1336 ई. में किन दो भाइयों ने की,SINGLE_CORRECT_MCQ,hi,HUMAN_CURATED,NO,NONE,PRESERVE_PRACTICE_INVENTORY,VERIFIED_INTACT
q-c12-his-0008,general,subj-history,मुगल सम्राट अकबर के नवरत्नों में से एक अबुल फजल द्वारा रचित ,SINGLE_CORRECT_MCQ,hi,HUMAN_CURATED,NO,NONE,PRESERVE_PRACTICE_INVENTORY,VERIFIED_INTACT
q-c12-his-0009,general,subj-history,1793 में बंगाल में इस्तमरारी बंदोबस्त (स्थायी बंदोबस्त / Per,SINGLE_CORRECT_MCQ,hi,HUMAN_CURATED,NO,NONE,PRESERVE_PRACTICE_INVENTORY,VERIFIED_INTACT
q-c12-his-0010,general,subj-history,1857 के प्रथम स्वतंत्रता संग्राम में बिहार (जगदीशपुर) से विद,SINGLE_CORRECT_MCQ,hi,HUMAN_CURATED,NO,NONE,PRESERVE_PRACTICE_INVENTORY,VERIFIED_INTACT
q-c12-his-0011,general,subj-history,महात्मा गांधी ने ऐतिहासिक नमक सत्याग्रह (दांडी मार्च) किस ति,SINGLE_CORRECT_MCQ,hi,HUMAN_CURATED,NO,NONE,PRESERVE_PRACTICE_INVENTORY,VERIFIED_INTACT
q-c12-his-0012,general,subj-history,भारतीय संविधान सभा की प्रारूप समिति (Drafting Committee) के ,SINGLE_CORRECT_MCQ,hi,HUMAN_CURATED,NO,NONE,PRESERVE_PRACTICE_INVENTORY,VERIFIED_INTACT
q-c12-math-0001,general,subj-math12,"यदि समुच्चय A पर संबंध R स्वतुल्य (Reflexive), सममित (Symmet",SINGLE_CORRECT_MCQ,hi,HUMAN_CURATED,NO,NONE,PRESERVE_PRACTICE_INVENTORY,VERIFIED_INTACT
q-c12-math-0002,general,subj-math12,"यदि फलन f: R → R, f(x) = 2x द्वारा परिभाषित है, तो f किस प्र",SINGLE_CORRECT_MCQ,hi,HUMAN_CURATED,NO,NONE,PRESERVE_PRACTICE_INVENTORY,VERIFIED_INTACT
q-c12-math-0003,general,subj-math12,मुख्य मान शाखा (Principal Value Branch) में sin⁻¹(1/2) का मा,SINGLE_CORRECT_MCQ,hi,HUMAN_CURATED,NO,NONE,PRESERVE_PRACTICE_INVENTORY,VERIFIED_INTACT
q-c12-math-0004,general,subj-math12,tan⁻¹(1) + cos⁻¹(-1/2) + sin⁻¹(-1/2) का मान क्या होगा?,SINGLE_CORRECT_MCQ,hi,HUMAN_CURATED,NO,NONE,PRESERVE_PRACTICE_INVENTORY,VERIFIED_INTACT
q-c12-math-0005,general,subj-math12,sin⁻¹(sin(2π/3)) का सही मान क्या होगा?,SINGLE_CORRECT_MCQ,hi,HUMAN_CURATED,NO,NONE,PRESERVE_PRACTICE_INVENTORY,VERIFIED_INTACT
q-c12-math-0006,general,subj-math12,"यदि आव्यूह A = [a_ij] एक सममित आव्यूह (Symmetric Matrix) है,",SINGLE_CORRECT_MCQ,hi,HUMAN_CURATED,NO,NONE,PRESERVE_PRACTICE_INVENTORY,VERIFIED_INTACT
q-c12-math-0007,general,subj-math12,"यदि A और B समान कोटि के वर्ग आव्यूह हैं, तो (AB)' का मान किस",SINGLE_CORRECT_MCQ,hi,HUMAN_CURATED,NO,NONE,PRESERVE_PRACTICE_INVENTORY,VERIFIED_INTACT
q-c12-math-0008,general,subj-math12,"यदि A एक 3 × 3 कोटि का व्युत्क्रमणीय (Invertible) आव्यूह है,",SINGLE_CORRECT_MCQ,hi,HUMAN_CURATED,NO,NONE,PRESERVE_PRACTICE_INVENTORY,VERIFIED_INTACT
q-c12-math-0009,general,subj-math12,यदि किसी सारणिक की कोई दो पंक्तियाँ (Rows) अथवा दो स्तंभ (Co,SINGLE_CORRECT_MCQ,hi,HUMAN_CURATED,NO,NONE,PRESERVE_PRACTICE_INVENTORY,VERIFIED_INTACT
q-c12-math-0010,general,subj-math12,एक वर्ग आव्यूह A व्युत्क्रमणीय (Invertible) कहलाता है यदि और,SINGLE_CORRECT_MCQ,hi,HUMAN_CURATED,NO,NONE,PRESERVE_PRACTICE_INVENTORY,VERIFIED_INTACT
q-c12-math-0011,general,subj-math12,फलन y = log(sin x) का x के सापेक्ष अवकलज (dy/dx) क्या होगा?,SINGLE_CORRECT_MCQ,hi,HUMAN_CURATED,NO,NONE,PRESERVE_PRACTICE_INVENTORY,VERIFIED_INTACT
q-c12-math-0012,general,subj-math12,"यदि y = tan⁻¹((3x - x³) / (1 - 3x²)) हो, तो dy/dx का मान क्य",SINGLE_CORRECT_MCQ,hi,HUMAN_CURATED,NO,NONE,PRESERVE_PRACTICE_INVENTORY,VERIFIED_INTACT
q-c12-math-0013,general,subj-math12,"यदि x = a cos θ तथा y = a sin θ हो, तो dy/dx का मान क्या होग",SINGLE_CORRECT_MCQ,hi,HUMAN_CURATED,NO,NONE,PRESERVE_PRACTICE_INVENTORY,VERIFIED_INTACT
q-c12-math-0014,general,subj-math12,वृत्त के क्षेत्रफल में त्रिज्या r के सापेक्ष परिवर्तन की दर ,SINGLE_CORRECT_MCQ,hi,HUMAN_CURATED,NO,NONE,PRESERVE_PRACTICE_INVENTORY,VERIFIED_INTACT
q-c12-math-0015,general,subj-math12,वक्र y = x³ - x के बिंदु x = 2 पर स्पर्श रेखा की प्रवणता (Sl,SINGLE_CORRECT_MCQ,hi,HUMAN_CURATED,NO,NONE,PRESERVE_PRACTICE_INVENTORY,VERIFIED_INTACT
q-c12-math-0016,general,subj-math12,∫ (1 / (1 + x²)) dx का मान क्या होता है?,SINGLE_CORRECT_MCQ,hi,HUMAN_CURATED,NO,NONE,PRESERVE_PRACTICE_INVENTORY,VERIFIED_INTACT
q-c12-math-0017,general,subj-math12,∫ sec x dx का समाकलन मान क्या होगा?,SINGLE_CORRECT_MCQ,hi,HUMAN_CURATED,NO,NONE,PRESERVE_PRACTICE_INVENTORY,VERIFIED_INTACT
q-c12-math-0018,general,subj-math12,∫ eˣ (sin x + cos x) dx का मान क्या होगा?,SINGLE_CORRECT_MCQ,hi,HUMAN_CURATED,NO,NONE,PRESERVE_PRACTICE_INVENTORY,VERIFIED_INTACT
q-c12-math-0019,general,subj-math12,निश्चित समाकलन ∫₀^(π/2) (sin x / (sin x + cos x)) dx का मान ,SINGLE_CORRECT_MCQ,hi,HUMAN_CURATED,NO,NONE,PRESERVE_PRACTICE_INVENTORY,VERIFIED_INTACT
q-c12-math-0020,general,subj-math12,"यदि f(x) एक विषम फलन (Odd Function, f(-x) = -f(x)) है, तो ∫₋",SINGLE_CORRECT_MCQ,hi,HUMAN_CURATED,NO,NONE,PRESERVE_PRACTICE_INVENTORY,VERIFIED_INTACT
q-c12-math-0021,general,subj-math12,अवकल समीकरण (d²y/dx²)³ + (dy/dx)² + sin(dy/dx) + 1 = 0 की घा,SINGLE_CORRECT_MCQ,hi,HUMAN_CURATED,NO,NONE,PRESERVE_PRACTICE_INVENTORY,VERIFIED_INTACT
q-c12-math-0022,general,subj-math12,रैखिक अवकल समीकरण dy/dx + Py = Q का समाकलन गुणक (Integrating,SINGLE_CORRECT_MCQ,hi,HUMAN_CURATED,NO,NONE,PRESERVE_PRACTICE_INVENTORY,VERIFIED_INTACT
q-c12-math-0023,general,subj-math12,अवकल समीकरण dy/dx = y/x का व्यापक हल (General Solution) क्या,SINGLE_CORRECT_MCQ,hi,HUMAN_CURATED,NO,NONE,PRESERVE_PRACTICE_INVENTORY,VERIFIED_INTACT
q-c12-math-0024,general,subj-math12,"यदि दो शून्येत्तर सदिशों a⃗ और b⃗ के लिए a⃗ · b⃗ = 0 हो, तो ",SINGLE_CORRECT_MCQ,hi,HUMAN_CURATED,NO,NONE,PRESERVE_PRACTICE_INVENTORY,VERIFIED_INTACT
q-c12-math-0025,general,subj-math12,î · (ĵ × k̂) का मान क्या होगा?,SINGLE_CORRECT_MCQ,hi,HUMAN_CURATED,NO,NONE,PRESERVE_PRACTICE_INVENTORY,VERIFIED_INTACT
q-c12-math-0026,general,subj-math12,सदिश a⃗ = 2î + 3ĵ + 6k̂ का परिमाण (Magnitude |a⃗|) कितना ह,SINGLE_CORRECT_MCQ,hi,HUMAN_CURATED,NO,NONE,PRESERVE_PRACTICE_INVENTORY,VERIFIED_INTACT
q-c12-math-0027,general,subj-math12,"यदि a⃗ × b⃗ = 0⃗ हो, तो सदिश a⃗ और b⃗ के संबंध में क्या सत्य",SINGLE_CORRECT_MCQ,hi,HUMAN_CURATED,NO,NONE,PRESERVE_PRACTICE_INVENTORY,VERIFIED_INTACT
q-c12-math-0028,general,subj-math12,"यदि एक रेखा की दिक्-कोज्याएँ (Direction Cosines) l, m, n हों",SINGLE_CORRECT_MCQ,hi,HUMAN_CURATED,NO,NONE,PRESERVE_PRACTICE_INVENTORY,VERIFIED_INTACT
q-c12-math-0029,general,subj-math12,"बिंदु (x, y, z) की मूल बिंदु (Origin - 0, 0, 0) से दूरी क्या",SINGLE_CORRECT_MCQ,hi,HUMAN_CURATED,NO,NONE,PRESERVE_PRACTICE_INVENTORY,VERIFIED_INTACT
q-c12-math-0030,general,subj-math12,"दो रेखाएँ जिनके दिक्-अनुपात क्रमशः a₁, b₁, c₁ तथा a₂, b₂, c₂",SINGLE_CORRECT_MCQ,hi,HUMAN_CURATED,NO,NONE,PRESERVE_PRACTICE_INVENTORY,VERIFIED_INTACT
q-c12-math-0031,general,subj-math12,रैखिक प्रोग्रामन समस्या (LPP) में उद्देश्य फलन (Objective Fu,SINGLE_CORRECT_MCQ,hi,HUMAN_CURATED,NO,NONE,PRESERVE_PRACTICE_INVENTORY,VERIFIED_INTACT
q-c12-math-0032,general,subj-math12,"यदि A और B दो स्वतंत्र घटनाएँ (Independent Events) हों, तो P",SINGLE_CORRECT_MCQ,hi,HUMAN_CURATED,NO,NONE,PRESERVE_PRACTICE_INVENTORY,VERIFIED_INTACT
q-c12-math-0033,general,subj-math12,"यदि P(A) = 3/8, P(B) = 1/2 तथा P(A ∩ B) = 1/4 हो, तो P(A | B",SINGLE_CORRECT_MCQ,hi,HUMAN_CURATED,NO,NONE,PRESERVE_PRACTICE_INVENTORY,VERIFIED_INTACT
q-c12-math-0034,general,subj-math12,किसी घटना E की प्रायिकता P(E) तथा उसकी पूरक घटना P(E') का यो,SINGLE_CORRECT_MCQ,hi,HUMAN_CURATED,NO,NONE,PRESERVE_PRACTICE_INVENTORY,VERIFIED_INTACT
q-c12-math-0035,general,subj-math12,"यदि A एक वर्ग आव्यूह है, तो A + A' सदैव किस प्रकार का आव्यूह",SINGLE_CORRECT_MCQ,hi,HUMAN_CURATED,NO,NONE,PRESERVE_PRACTICE_INVENTORY,VERIFIED_INTACT
q-c12-math-0036,general,subj-math12,फलन f(x) = x³ - 3x का स्थानीय उच्चिष्ठ (Local Maxima) किस बि,SINGLE_CORRECT_MCQ,hi,HUMAN_CURATED,NO,NONE,PRESERVE_PRACTICE_INVENTORY,VERIFIED_INTACT
q-c12-math-0037,general,subj-math12,∫ (1 / √(a² - x²)) dx का मान क्या होता है?,SINGLE_CORRECT_MCQ,hi,HUMAN_CURATED,NO,NONE,PRESERVE_PRACTICE_INVENTORY,VERIFIED_INTACT
q-c12-math-0038,general,subj-math12,खंडशः समाकलन (Integration by Parts) सूत्र ∫ u v dx = u ∫ v d,SINGLE_CORRECT_MCQ,hi,HUMAN_CURATED,NO,NONE,PRESERVE_PRACTICE_INVENTORY,VERIFIED_INTACT
q-c12-math-0039,general,subj-math12,2 tan⁻¹ x का मान sin⁻¹ के पदों में क्या होता है?,SINGLE_CORRECT_MCQ,hi,HUMAN_CURATED,NO,NONE,PRESERVE_PRACTICE_INVENTORY,VERIFIED_INTACT
q-c12-math-0040,general,subj-math12,"यदि आव्यूह A की कोटि 2 × 3 तथा B की कोटि 3 × 4 हो, तो गुणनफल",SINGLE_CORRECT_MCQ,hi,HUMAN_CURATED,NO,NONE,PRESERVE_PRACTICE_INVENTORY,VERIFIED_INTACT
q-c12-math-0041,general,subj-math12,x-अक्ष की दिक्-कोज्याएँ (Direction Cosines of x-axis) क्या ह,SINGLE_CORRECT_MCQ,hi,HUMAN_CURATED,NO,NONE,PRESERVE_PRACTICE_INVENTORY,VERIFIED_INTACT
q-c12-math-0042,general,subj-math12,फलन f(x) = |x| बिंदु x = 0 पर किस प्रकार का व्यवहार प्रदर्शि,SINGLE_CORRECT_MCQ,hi,HUMAN_CURATED,NO,NONE,PRESERVE_PRACTICE_INVENTORY,VERIFIED_INTACT
q-c12-math-0043,general,subj-math12,∫₁^(√3) (1 / (1 + x²)) dx का मान क्या होगा?,SINGLE_CORRECT_MCQ,hi,HUMAN_CURATED,NO,NONE,PRESERVE_PRACTICE_INVENTORY,VERIFIED_INTACT
q-c12-math-0044,general,subj-math12,"व्यवरोधों x + y ≤ 4, x ≥ 0, y ≥ 0 के अंतर्गत Z = 3x + 4y का ",SINGLE_CORRECT_MCQ,hi,HUMAN_CURATED,NO,NONE,PRESERVE_PRACTICE_INVENTORY,VERIFIED_INTACT
q-c12-math-0045,general,subj-math12,एक सिक्के को 3 बार उछाला जाता है। ठीक 2 शीर्ष (Heads) आने की,SINGLE_CORRECT_MCQ,hi,HUMAN_CURATED,NO,NONE,PRESERVE_PRACTICE_INVENTORY,VERIFIED_INTACT
q-c12-phy-0001,general,subj-physics,"निर्वात की विद्युतशीलता (Permittivity of Free Space, ε₀) का ",SINGLE_CORRECT_MCQ,hi,HUMAN_CURATED,NO,NONE,PRESERVE_PRACTICE_INVENTORY,VERIFIED_INTACT
q-c12-phy-0002,general,subj-physics,अनंत लंबाई के एकसमान आवेशित सीधे तार के कारण विद्युत क्षेत्र,SINGLE_CORRECT_MCQ,hi,HUMAN_CURATED,NO,NONE,PRESERVE_PRACTICE_INVENTORY,VERIFIED_INTACT
q-c12-phy-0003,general,subj-physics,समानांतर पट्टिका संधारित्र की पट्टिकाओं के बीच परावैद्युत पद,SINGLE_CORRECT_MCQ,hi,HUMAN_CURATED,NO,NONE,PRESERVE_PRACTICE_INVENTORY,VERIFIED_INTACT
q-c12-phy-0004,general,subj-physics,किसी चालक तार में विद्युत धारा (I) तथा अपवाह वेग (Drift Velo,SINGLE_CORRECT_MCQ,hi,HUMAN_CURATED,NO,NONE,PRESERVE_PRACTICE_INVENTORY,VERIFIED_INTACT
q-c12-phy-0005,general,subj-physics,"किरचॉफ का प्रथम नियम (संधि नियम, Junction Rule) किस भौतिक रा",SINGLE_CORRECT_MCQ,hi,HUMAN_CURATED,NO,NONE,PRESERVE_PRACTICE_INVENTORY,VERIFIED_INTACT
q-c12-phy-0006,general,subj-physics,किरचॉफ का द्वितीय नियम (लूप नियम / वोल्टेज नियम) किसके संरक्,SINGLE_CORRECT_MCQ,hi,HUMAN_CURATED,NO,NONE,PRESERVE_PRACTICE_INVENTORY,VERIFIED_INTACT
q-c12-phy-0007,general,subj-physics,विद्युत हीटर का तार (Heating Element) किस मिश्रधातु का बना ह,SINGLE_CORRECT_MCQ,hi,HUMAN_CURATED,NO,NONE,PRESERVE_PRACTICE_INVENTORY,VERIFIED_INTACT
q-c12-phy-0008,general,subj-physics,चुंबकीय क्षेत्र B⃗ में वेग v⃗ से गतिमान आवेश q पर लगने वाले ,SINGLE_CORRECT_MCQ,hi,HUMAN_CURATED,NO,NONE,PRESERVE_PRACTICE_INVENTORY,VERIFIED_INTACT
q-c12-phy-0009,general,subj-physics,एक आदर्श वोल्टमीटर (Ideal Voltmeter) का प्रतिरोध कितना होना ,SINGLE_CORRECT_MCQ,hi,HUMAN_CURATED,NO,NONE,PRESERVE_PRACTICE_INVENTORY,VERIFIED_INTACT
q-c12-phy-0010,general,subj-physics,अनुचुंबकीय (Paramagnetic) पदार्थों की चुंबकीय प्रवृत्ति (Mag,SINGLE_CORRECT_MCQ,hi,HUMAN_CURATED,NO,NONE,PRESERVE_PRACTICE_INVENTORY,VERIFIED_INTACT
q-c12-phy-0011,general,subj-physics,लेन्ज का नियम (Lenz's Law) किस मौलिक संरक्षण नियम का परिणाम ,SINGLE_CORRECT_MCQ,hi,HUMAN_CURATED,NO,NONE,PRESERVE_PRACTICE_INVENTORY,VERIFIED_INTACT
q-c12-phy-0012,general,subj-physics,"स्वप्रेरकत्व (Self-Inductance, L) का SI मात्रक क्या होता है?",SINGLE_CORRECT_MCQ,hi,HUMAN_CURATED,NO,NONE,PRESERVE_PRACTICE_INVENTORY,VERIFIED_INTACT
q-c12-phy-0013,general,subj-physics,प्रत्यावर्ती धारा के शिखर मान (I₀) तथा वर्ग माध्य मूल मान (I,SINGLE_CORRECT_MCQ,hi,HUMAN_CURATED,NO,NONE,PRESERVE_PRACTICE_INVENTORY,VERIFIED_INTACT
q-c12-phy-0014,general,subj-physics,एक शुद्ध प्रेरकत्व (Pure Inductive) परिपथ में प्रत्यावर्ती व,SINGLE_CORRECT_MCQ,hi,HUMAN_CURATED,NO,NONE,PRESERVE_PRACTICE_INVENTORY,VERIFIED_INTACT
q-c12-phy-0015,general,subj-physics,ट्रांसफार्मर किस सिद्धांत पर कार्य करता है?,SINGLE_CORRECT_MCQ,hi,HUMAN_CURATED,NO,NONE,PRESERVE_PRACTICE_INVENTORY,VERIFIED_INTACT
q-c12-phy-0016,general,subj-physics,निम्नलिखित में से किसकी तरंगदैर्घ्य (Wavelength) सबसे कम (न्,SINGLE_CORRECT_MCQ,hi,HUMAN_CURATED,NO,NONE,PRESERVE_PRACTICE_INVENTORY,VERIFIED_INTACT
q-c12-phy-0017,general,subj-physics,ऑप्टिकल फाइबर (प्रकाशीय तंतु) प्रकाश के किस सिद्धांत पर आधार,SINGLE_CORRECT_MCQ,hi,HUMAN_CURATED,NO,NONE,PRESERVE_PRACTICE_INVENTORY,VERIFIED_INTACT
q-c12-phy-0018,general,subj-physics,"दो पतले लेंस जिनकी क्षमताएँ क्रमशः +4D तथा -2D हैं, संपर्क म",SINGLE_CORRECT_MCQ,hi,HUMAN_CURATED,NO,NONE,PRESERVE_PRACTICE_INVENTORY,VERIFIED_INTACT
q-c12-phy-0019,general,subj-physics,यंग के द्वि-झिरी प्रयोग (YDSE) में फ्रिंज चौड़ाई (Fringe Wid,SINGLE_CORRECT_MCQ,hi,HUMAN_CURATED,NO,NONE,PRESERVE_PRACTICE_INVENTORY,VERIFIED_INTACT
q-c12-phy-0020,general,subj-physics,ब्रूस्टर का नियम (Brewster's Law) माध्यम के अपवर्तनांक (μ) त,SINGLE_CORRECT_MCQ,hi,HUMAN_CURATED,NO,NONE,PRESERVE_PRACTICE_INVENTORY,VERIFIED_INTACT
q-c12-phy-0021,general,subj-physics,प्रकाश विद्युत प्रभाव (Photoelectric Effect) की सफल व्याख्या,SINGLE_CORRECT_MCQ,hi,HUMAN_CURATED,NO,NONE,PRESERVE_PRACTICE_INVENTORY,VERIFIED_INTACT
q-c12-phy-0022,general,subj-physics,संवेग p वाले गतिशील कण की डी-ब्रोग्ली तरंगदैर्घ्य (de Brogli,SINGLE_CORRECT_MCQ,hi,HUMAN_CURATED,NO,NONE,PRESERVE_PRACTICE_INVENTORY,VERIFIED_INTACT
q-c12-phy-0023,general,subj-physics,"हाइड्रोजन परमाणु के प्रथम बोर कक्ष की त्रिज्या (Bohr Radius,",SINGLE_CORRECT_MCQ,hi,HUMAN_CURATED,NO,NONE,PRESERVE_PRACTICE_INVENTORY,VERIFIED_INTACT
q-c12-phy-0024,general,subj-physics,हाइड्रोजन परमाणु स्पेक्ट्रम की कौन सी श्रेणी विद्युत चुंबकीय,SINGLE_CORRECT_MCQ,hi,HUMAN_CURATED,NO,NONE,PRESERVE_PRACTICE_INVENTORY,VERIFIED_INTACT
q-c12-phy-0025,general,subj-physics,1 परमाणु द्रव्यमान मात्रक (1 amu / 1 u) के तुल्य ऊर्जा कितनी,SINGLE_CORRECT_MCQ,hi,HUMAN_CURATED,NO,NONE,PRESERVE_PRACTICE_INVENTORY,VERIFIED_INTACT
q-c12-phy-0026,general,subj-physics,सूर्य तथा अन्य तारों में ऊर्जा का विशाल स्रोत निम्नलिखित में,SINGLE_CORRECT_MCQ,hi,HUMAN_CURATED,NO,NONE,PRESERVE_PRACTICE_INVENTORY,VERIFIED_INTACT
q-c12-phy-0027,general,subj-physics,शुद्ध (नैज) अर्धचालक (Intrinsic Semiconductor - सिलिकॉन/जर्म,SINGLE_CORRECT_MCQ,hi,HUMAN_CURATED,NO,NONE,PRESERVE_PRACTICE_INVENTORY,VERIFIED_INTACT
q-c12-phy-0028,general,subj-physics,परम शून्य ताप (Absolute Zero - 0 K) पर एक शुद्ध अर्धचालक (Pu,SINGLE_CORRECT_MCQ,hi,HUMAN_CURATED,NO,NONE,PRESERVE_PRACTICE_INVENTORY,VERIFIED_INTACT
q-c12-phy-0029,general,subj-physics,NAND गेट का बूलियन व्यंजक (Boolean Expression) क्या होता है?,SINGLE_CORRECT_MCQ,hi,HUMAN_CURATED,NO,NONE,PRESERVE_PRACTICE_INVENTORY,VERIFIED_INTACT
q-c12-phy-0030,general,subj-physics,p-n संधि डायोड को अग्र अभिनति (Forward Bias) में जोड़ने पर अ,SINGLE_CORRECT_MCQ,hi,HUMAN_CURATED,NO,NONE,PRESERVE_PRACTICE_INVENTORY,VERIFIED_INTACT
q-c12-pol-0001,general,subj-polity,सोवियत संघ (USSR) का औपचारिक विघटन किस वर्ष हुआ था?,SINGLE_CORRECT_MCQ,hi,HUMAN_CURATED,NO,NONE,PRESERVE_PRACTICE_INVENTORY,VERIFIED_INTACT
q-c12-pol-0002,general,subj-polity,दक्षिण-पूर्वी एशियाई राष्ट्र संघ (ASEAN) की स्थापना 1967 में,SINGLE_CORRECT_MCQ,hi,HUMAN_CURATED,NO,NONE,PRESERVE_PRACTICE_INVENTORY,VERIFIED_INTACT
q-c12-pol-0003,general,subj-polity,संयुक्त राष्ट्र सुरक्षा परिषद (UNSC) में कुल कितने स्थायी सद,SINGLE_CORRECT_MCQ,hi,HUMAN_CURATED,NO,NONE,PRESERVE_PRACTICE_INVENTORY,VERIFIED_INTACT
q-c12-pol-0004,general,subj-polity,स्वतंत्रता के समय 565 से अधिक देशी रियासतों के भारत में ऐतिह,SINGLE_CORRECT_MCQ,hi,HUMAN_CURATED,NO,NONE,PRESERVE_PRACTICE_INVENTORY,VERIFIED_INTACT
q-c12-pol-0005,general,subj-polity,भारत में प्रथम पंचवर्षीय योजना (1951-1956) मुख्य रूप से किस ,SINGLE_CORRECT_MCQ,hi,HUMAN_CURATED,NO,NONE,PRESERVE_PRACTICE_INVENTORY,VERIFIED_INTACT
q-c12-pol-0006,general,subj-polity,भारत और चीन के मध्य ऐतिहासिक 'पंचशील समझौता' किस वर्ष हस्ताक,SINGLE_CORRECT_MCQ,hi,HUMAN_CURATED,NO,NONE,PRESERVE_PRACTICE_INVENTORY,VERIFIED_INTACT
q-c12-pol-0007,general,subj-polity,भारत में 25 जून 1975 को किस अनुच्छेद के तहत आंतरिक अशांति के,SINGLE_CORRECT_MCQ,hi,HUMAN_CURATED,NO,NONE,PRESERVE_PRACTICE_INVENTORY,VERIFIED_INTACT
q-c12-pol-0008,general,subj-polity,1985 में पंजाब समझौते (राजीव-लौंगोवाल समझौता) पर किन दो नेता,SINGLE_CORRECT_MCQ,hi,HUMAN_CURATED,NO,NONE,PRESERVE_PRACTICE_INVENTORY,VERIFIED_INTACT
q-c12-pol-0009,general,subj-polity,अन्य पिछड़ा वर्ग (OBC) को सरकारी नौकरियों में 27% आरक्षण की ,SINGLE_CORRECT_MCQ,hi,HUMAN_CURATED,NO,NONE,PRESERVE_PRACTICE_INVENTORY,VERIFIED_INTACT
q-c12-pol-0010,general,subj-polity,परमाणु अप्रसार संधि (NPT) किस वर्ष अस्तित्व में आई थी जिस पर,SINGLE_CORRECT_MCQ,hi,HUMAN_CURATED,NO,NONE,PRESERVE_PRACTICE_INVENTORY,VERIFIED_INTACT
q-c12-pol-0011,general,subj-polity,ग्रीनहाउस गैसों के उत्सर्जन को कम करने के लिए क्योटो प्रोटोक,SINGLE_CORRECT_MCQ,hi,HUMAN_CURATED,NO,NONE,PRESERVE_PRACTICE_INVENTORY,VERIFIED_INTACT
q-c12-pol-0012,general,subj-polity,वैश्वीकरण (Globalisation) का मूलभूत अर्थ क्या है?,SINGLE_CORRECT_MCQ,hi,HUMAN_CURATED,NO,NONE,PRESERVE_PRACTICE_INVENTORY,VERIFIED_INTACT
q-cbse-10-sci-2023-q1,cbse-board,subj-science,,SINGLE_CORRECT_MCQ,hi,OFFICIAL_PYQ,YES,bp-verified-cbse-board,MAPPED_TO_BLUEPRINT,VERIFIED_INTACT
q-cbse-10-sci-2025-sp-q001,cbse-board,subj-science,एक जलीय विलयन लाल लिटमस को नीला कर देता है। निम्नलिखित में स,SINGLE_CORRECT_MCQ,hi,OFFICIAL_SAMPLE,NO,NONE,PRESERVE_OFFICIAL_SAMPLE,VERIFIED_INTACT
q-cbse-10-sci-2025-sp-q002,cbse-board,subj-science,एक जलीय विलयन लाल लिटमस को नीला कर देता है। निम्नलिखित में स,SINGLE_CORRECT_MCQ,hi,OFFICIAL_SAMPLE,NO,NONE,PRESERVE_OFFICIAL_SAMPLE,VERIFIED_INTACT
q-cbse-10-sci-2025-sp-q003,cbse-board,subj-science,एक जलीय विलयन लाल लिटमस को नीला कर देता है। निम्नलिखित में स,SINGLE_CORRECT_MCQ,hi,OFFICIAL_SAMPLE,NO,NONE,PRESERVE_OFFICIAL_SAMPLE,VERIFIED_INTACT
q-cbse-10-sci-2025-sp-q004,cbse-board,subj-science,एक जलीय विलयन लाल लिटमस को नीला कर देता है। निम्नलिखित में स,SINGLE_CORRECT_MCQ,hi,OFFICIAL_SAMPLE,NO,NONE,PRESERVE_OFFICIAL_SAMPLE,VERIFIED_INTACT
q-cbse-10-sci-2025-sp-q005,cbse-board,subj-science,एक जलीय विलयन लाल लिटमस को नीला कर देता है। निम्नलिखित में स,SINGLE_CORRECT_MCQ,hi,OFFICIAL_SAMPLE,NO,NONE,PRESERVE_OFFICIAL_SAMPLE,VERIFIED_INTACT
q-cbse-10-sci-2025-sp-q006,cbse-board,subj-science,एक जलीय विलयन लाल लिटमस को नीला कर देता है। निम्नलिखित में स,SINGLE_CORRECT_MCQ,hi,OFFICIAL_SAMPLE,NO,NONE,PRESERVE_OFFICIAL_SAMPLE,VERIFIED_INTACT
q-cbse-10-sci-2025-sp-q007,cbse-board,subj-science,एक जलीय विलयन लाल लिटमस को नीला कर देता है। निम्नलिखित में स,SINGLE_CORRECT_MCQ,hi,OFFICIAL_SAMPLE,NO,NONE,PRESERVE_OFFICIAL_SAMPLE,VERIFIED_INTACT
q-cbse-10-sci-2025-sp-q008,cbse-board,subj-science,एक जलीय विलयन लाल लिटमस को नीला कर देता है। निम्नलिखित में स,SINGLE_CORRECT_MCQ,hi,OFFICIAL_SAMPLE,NO,NONE,PRESERVE_OFFICIAL_SAMPLE,VERIFIED_INTACT
q-cbse-10-sci-2025-sp-q009,cbse-board,subj-science,एक जलीय विलयन लाल लिटमस को नीला कर देता है। निम्नलिखित में स,SINGLE_CORRECT_MCQ,hi,OFFICIAL_SAMPLE,NO,NONE,PRESERVE_OFFICIAL_SAMPLE,VERIFIED_INTACT
q-cbse-10-sci-2025-sp-q010,cbse-board,subj-science,एक जलीय विलयन लाल लिटमस को नीला कर देता है। निम्नलिखित में स,SINGLE_CORRECT_MCQ,hi,OFFICIAL_SAMPLE,NO,NONE,PRESERVE_OFFICIAL_SAMPLE,VERIFIED_INTACT
q-cbse-10-sci-2025-sp-q011,cbse-board,subj-science,एक जलीय विलयन लाल लिटमस को नीला कर देता है। निम्नलिखित में स,SINGLE_CORRECT_MCQ,hi,OFFICIAL_SAMPLE,NO,NONE,PRESERVE_OFFICIAL_SAMPLE,VERIFIED_INTACT
q-cbse-10-sci-2025-sp-q012,cbse-board,subj-science,एक जलीय विलयन लाल लिटमस को नीला कर देता है। निम्नलिखित में स,SINGLE_CORRECT_MCQ,hi,OFFICIAL_SAMPLE,NO,NONE,PRESERVE_OFFICIAL_SAMPLE,VERIFIED_INTACT
q-cbse-10-sci-2025-sp-q013,cbse-board,subj-science,एक जलीय विलयन लाल लिटमस को नीला कर देता है। निम्नलिखित में स,SINGLE_CORRECT_MCQ,hi,OFFICIAL_SAMPLE,NO,NONE,PRESERVE_OFFICIAL_SAMPLE,VERIFIED_INTACT
q-cbse-10-sci-2025-sp-q014,cbse-board,subj-science,एक जलीय विलयन लाल लिटमस को नीला कर देता है। निम्नलिखित में स,SINGLE_CORRECT_MCQ,hi,OFFICIAL_SAMPLE,NO,NONE,PRESERVE_OFFICIAL_SAMPLE,VERIFIED_INTACT
q-cbse-10-sci-2025-sp-q015,cbse-board,subj-science,एक जलीय विलयन लाल लिटमस को नीला कर देता है। निम्नलिखित में स,SINGLE_CORRECT_MCQ,hi,OFFICIAL_SAMPLE,NO,NONE,PRESERVE_OFFICIAL_SAMPLE,VERIFIED_INTACT
q-cbse-10-sci-2025-sp-q016,cbse-board,subj-science,एक जलीय विलयन लाल लिटमस को नीला कर देता है। निम्नलिखित में स,SINGLE_CORRECT_MCQ,hi,OFFICIAL_SAMPLE,NO,NONE,PRESERVE_OFFICIAL_SAMPLE,VERIFIED_INTACT
q-cbse-10-sci-2025-sp-q017,cbse-board,subj-science,एक जलीय विलयन लाल लिटमस को नीला कर देता है। निम्नलिखित में स,SINGLE_CORRECT_MCQ,hi,OFFICIAL_SAMPLE,NO,NONE,PRESERVE_OFFICIAL_SAMPLE,VERIFIED_INTACT
q-cbse-10-sci-2025-sp-q018,cbse-board,subj-science,एक जलीय विलयन लाल लिटमस को नीला कर देता है। निम्नलिखित में स,SINGLE_CORRECT_MCQ,hi,OFFICIAL_SAMPLE,NO,NONE,PRESERVE_OFFICIAL_SAMPLE,VERIFIED_INTACT
q-cbse-10-sci-2025-sp-q019,cbse-board,subj-science,एक जलीय विलयन लाल लिटमस को नीला कर देता है। निम्नलिखित में स,SINGLE_CORRECT_MCQ,hi,OFFICIAL_SAMPLE,NO,NONE,PRESERVE_OFFICIAL_SAMPLE,VERIFIED_INTACT
q-cbse-10-sci-2025-sp-q020,cbse-board,subj-science,एक जलीय विलयन लाल लिटमस को नीला कर देता है। निम्नलिखित में स,SINGLE_CORRECT_MCQ,hi,OFFICIAL_SAMPLE,NO,NONE,PRESERVE_OFFICIAL_SAMPLE,VERIFIED_INTACT
q-cbse-board-undefined-Annual Board Exam-Morning-q1,cbse-board,subj-science,CBSE विज्ञान प्रश्न 1: निम्नलिखित में से कौन सी विस्थापन अभि,SINGLE_CORRECT_MCQ,hi,OFFICIAL_SAMPLE,NO,NONE,PRESERVE_OFFICIAL_SAMPLE,VERIFIED_INTACT
q-cbse-board-undefined-Annual Board Exam-Morning-q10,cbse-board,subj-science,CBSE विज्ञान प्रश्न 10: निम्नलिखित में से कौन सी विस्थापन अभ,SINGLE_CORRECT_MCQ,hi,OFFICIAL_SAMPLE,NO,NONE,PRESERVE_OFFICIAL_SAMPLE,VERIFIED_INTACT
q-cbse-board-undefined-Annual Board Exam-Morning-q11,cbse-board,subj-science,CBSE विज्ञान प्रश्न 11: निम्नलिखित में से कौन सी विस्थापन अभ,SINGLE_CORRECT_MCQ,hi,OFFICIAL_SAMPLE,NO,NONE,PRESERVE_OFFICIAL_SAMPLE,VERIFIED_INTACT
q-cbse-board-undefined-Annual Board Exam-Morning-q12,cbse-board,subj-science,CBSE विज्ञान प्रश्न 12: निम्नलिखित में से कौन सी विस्थापन अभ,SINGLE_CORRECT_MCQ,hi,OFFICIAL_SAMPLE,NO,NONE,PRESERVE_OFFICIAL_SAMPLE,VERIFIED_INTACT
q-cbse-board-undefined-Annual Board Exam-Morning-q13,cbse-board,subj-science,CBSE विज्ञान प्रश्न 13: निम्नलिखित में से कौन सी विस्थापन अभ,SINGLE_CORRECT_MCQ,hi,OFFICIAL_SAMPLE,NO,NONE,PRESERVE_OFFICIAL_SAMPLE,VERIFIED_INTACT
q-cbse-board-undefined-Annual Board Exam-Morning-q14,cbse-board,subj-science,CBSE विज्ञान प्रश्न 14: निम्नलिखित में से कौन सी विस्थापन अभ,SINGLE_CORRECT_MCQ,hi,OFFICIAL_SAMPLE,NO,NONE,PRESERVE_OFFICIAL_SAMPLE,VERIFIED_INTACT
q-cbse-board-undefined-Annual Board Exam-Morning-q15,cbse-board,subj-science,CBSE विज्ञान प्रश्न 15: निम्नलिखित में से कौन सी विस्थापन अभ,SINGLE_CORRECT_MCQ,hi,OFFICIAL_SAMPLE,NO,NONE,PRESERVE_OFFICIAL_SAMPLE,VERIFIED_INTACT
q-cbse-board-undefined-Annual Board Exam-Morning-q16,cbse-board,subj-science,CBSE विज्ञान प्रश्न 16: निम्नलिखित में से कौन सी विस्थापन अभ,SINGLE_CORRECT_MCQ,hi,OFFICIAL_SAMPLE,NO,NONE,PRESERVE_OFFICIAL_SAMPLE,VERIFIED_INTACT
q-cbse-board-undefined-Annual Board Exam-Morning-q17,cbse-board,subj-science,CBSE विज्ञान प्रश्न 17: निम्नलिखित में से कौन सी विस्थापन अभ,SINGLE_CORRECT_MCQ,hi,OFFICIAL_SAMPLE,NO,NONE,PRESERVE_OFFICIAL_SAMPLE,VERIFIED_INTACT
q-cbse-board-undefined-Annual Board Exam-Morning-q18,cbse-board,subj-science,CBSE विज्ञान प्रश्न 18: निम्नलिखित में से कौन सी विस्थापन अभ,SINGLE_CORRECT_MCQ,hi,OFFICIAL_SAMPLE,NO,NONE,PRESERVE_OFFICIAL_SAMPLE,VERIFIED_INTACT
q-cbse-board-undefined-Annual Board Exam-Morning-q19,cbse-board,subj-science,CBSE विज्ञान प्रश्न 19: निम्नलिखित में से कौन सी विस्थापन अभ,SINGLE_CORRECT_MCQ,hi,OFFICIAL_SAMPLE,NO,NONE,PRESERVE_OFFICIAL_SAMPLE,VERIFIED_INTACT
q-cbse-board-undefined-Annual Board Exam-Morning-q2,cbse-board,subj-science,CBSE विज्ञान प्रश्न 2: निम्नलिखित में से कौन सी विस्थापन अभि,SINGLE_CORRECT_MCQ,hi,OFFICIAL_SAMPLE,NO,NONE,PRESERVE_OFFICIAL_SAMPLE,VERIFIED_INTACT
q-cbse-board-undefined-Annual Board Exam-Morning-q20,cbse-board,subj-science,CBSE विज्ञान प्रश्न 20: निम्नलिखित में से कौन सी विस्थापन अभ,SINGLE_CORRECT_MCQ,hi,OFFICIAL_SAMPLE,NO,NONE,PRESERVE_OFFICIAL_SAMPLE,VERIFIED_INTACT
q-cbse-board-undefined-Annual Board Exam-Morning-q21,cbse-board,subj-science,CBSE विज्ञान प्रश्न 21 (2 अंक): ओम का नियम बताइए तथा इसका गण,SINGLE_CORRECT_MCQ,hi,OFFICIAL_SAMPLE,NO,NONE,PRESERVE_OFFICIAL_SAMPLE,VERIFIED_INTACT
q-cbse-board-undefined-Annual Board Exam-Morning-q22,cbse-board,subj-science,CBSE विज्ञान प्रश्न 22 (2 अंक): ओम का नियम बताइए तथा इसका गण,SINGLE_CORRECT_MCQ,hi,OFFICIAL_SAMPLE,NO,NONE,PRESERVE_OFFICIAL_SAMPLE,VERIFIED_INTACT
q-cbse-board-undefined-Annual Board Exam-Morning-q23,cbse-board,subj-science,CBSE विज्ञान प्रश्न 23 (2 अंक): ओम का नियम बताइए तथा इसका गण,SINGLE_CORRECT_MCQ,hi,OFFICIAL_SAMPLE,NO,NONE,PRESERVE_OFFICIAL_SAMPLE,VERIFIED_INTACT
q-cbse-board-undefined-Annual Board Exam-Morning-q24,cbse-board,subj-science,CBSE विज्ञान प्रश्न 24 (2 अंक): ओम का नियम बताइए तथा इसका गण,SINGLE_CORRECT_MCQ,hi,OFFICIAL_SAMPLE,NO,NONE,PRESERVE_OFFICIAL_SAMPLE,VERIFIED_INTACT
q-cbse-board-undefined-Annual Board Exam-Morning-q25,cbse-board,subj-science,CBSE विज्ञान प्रश्न 25 (2 अंक): ओम का नियम बताइए तथा इसका गण,SINGLE_CORRECT_MCQ,hi,OFFICIAL_SAMPLE,NO,NONE,PRESERVE_OFFICIAL_SAMPLE,VERIFIED_INTACT
q-cbse-board-undefined-Annual Board Exam-Morning-q26,cbse-board,subj-science,CBSE विज्ञान प्रश्न 26 (2 अंक): ओम का नियम बताइए तथा इसका गण,SINGLE_CORRECT_MCQ,hi,OFFICIAL_SAMPLE,NO,NONE,PRESERVE_OFFICIAL_SAMPLE,VERIFIED_INTACT
q-cbse-board-undefined-Annual Board Exam-Morning-q27,cbse-board,subj-science,CBSE विज्ञान प्रश्न 27 (3 अंक): संतुलित रासायनिक समीकरण के स,SINGLE_CORRECT_MCQ,hi,OFFICIAL_SAMPLE,NO,NONE,PRESERVE_OFFICIAL_SAMPLE,VERIFIED_INTACT
q-cbse-board-undefined-Annual Board Exam-Morning-q28,cbse-board,subj-science,CBSE विज्ञान प्रश्न 28 (3 अंक): संतुलित रासायनिक समीकरण के स,SINGLE_CORRECT_MCQ,hi,OFFICIAL_SAMPLE,NO,NONE,PRESERVE_OFFICIAL_SAMPLE,VERIFIED_INTACT
q-cbse-board-undefined-Annual Board Exam-Morning-q29,cbse-board,subj-science,CBSE विज्ञान प्रश्न 29 (3 अंक): संतुलित रासायनिक समीकरण के स,SINGLE_CORRECT_MCQ,hi,OFFICIAL_SAMPLE,NO,NONE,PRESERVE_OFFICIAL_SAMPLE,VERIFIED_INTACT
q-cbse-board-undefined-Annual Board Exam-Morning-q3,cbse-board,subj-science,CBSE विज्ञान प्रश्न 3: निम्नलिखित में से कौन सी विस्थापन अभि,SINGLE_CORRECT_MCQ,hi,OFFICIAL_SAMPLE,NO,NONE,PRESERVE_OFFICIAL_SAMPLE,VERIFIED_INTACT
q-cbse-board-undefined-Annual Board Exam-Morning-q30,cbse-board,subj-science,CBSE विज्ञान प्रश्न 30 (3 अंक): संतुलित रासायनिक समीकरण के स,SINGLE_CORRECT_MCQ,hi,OFFICIAL_SAMPLE,NO,NONE,PRESERVE_OFFICIAL_SAMPLE,VERIFIED_INTACT
q-cbse-board-undefined-Annual Board Exam-Morning-q31,cbse-board,subj-science,CBSE विज्ञान प्रश्न 31 (3 अंक): संतुलित रासायनिक समीकरण के स,SINGLE_CORRECT_MCQ,hi,OFFICIAL_SAMPLE,NO,NONE,PRESERVE_OFFICIAL_SAMPLE,VERIFIED_INTACT
q-cbse-board-undefined-Annual Board Exam-Morning-q32,cbse-board,subj-science,CBSE विज्ञान प्रश्न 32 (3 अंक): संतुलित रासायनिक समीकरण के स,SINGLE_CORRECT_MCQ,hi,OFFICIAL_SAMPLE,NO,NONE,PRESERVE_OFFICIAL_SAMPLE,VERIFIED_INTACT
q-cbse-board-undefined-Annual Board Exam-Morning-q33,cbse-board,subj-science,CBSE विज्ञान प्रश्न 33 (3 अंक): संतुलित रासायनिक समीकरण के स,SINGLE_CORRECT_MCQ,hi,OFFICIAL_SAMPLE,NO,NONE,PRESERVE_OFFICIAL_SAMPLE,VERIFIED_INTACT
q-cbse-board-undefined-Annual Board Exam-Morning-q34,cbse-board,subj-science,CBSE विज्ञान प्रश्न 34 (5 अंक): स्वच्छ नामांकित चित्र की सहा,SINGLE_CORRECT_MCQ,hi,OFFICIAL_SAMPLE,NO,NONE,PRESERVE_OFFICIAL_SAMPLE,VERIFIED_INTACT
q-cbse-board-undefined-Annual Board Exam-Morning-q35,cbse-board,subj-science,CBSE विज्ञान प्रश्न 35 (5 अंक): स्वच्छ नामांकित चित्र की सहा,SINGLE_CORRECT_MCQ,hi,OFFICIAL_SAMPLE,NO,NONE,PRESERVE_OFFICIAL_SAMPLE,VERIFIED_INTACT
q-cbse-board-undefined-Annual Board Exam-Morning-q36,cbse-board,subj-science,CBSE विज्ञान प्रश्न 36 (5 अंक): स्वच्छ नामांकित चित्र की सहा,SINGLE_CORRECT_MCQ,hi,OFFICIAL_SAMPLE,NO,NONE,PRESERVE_OFFICIAL_SAMPLE,VERIFIED_INTACT
q-cbse-board-undefined-Annual Board Exam-Morning-q37,cbse-board,subj-science,"CBSE विज्ञान प्रश्न 37 (केस स्टडी, 4 अंक): अवतल दर्पण पर दिए",SINGLE_CORRECT_MCQ,hi,OFFICIAL_SAMPLE,NO,NONE,PRESERVE_OFFICIAL_SAMPLE,VERIFIED_INTACT
q-cbse-board-undefined-Annual Board Exam-Morning-q38,cbse-board,subj-science,"CBSE विज्ञान प्रश्न 38 (केस स्टडी, 4 अंक): अवतल दर्पण पर दिए",SINGLE_CORRECT_MCQ,hi,OFFICIAL_SAMPLE,NO,NONE,PRESERVE_OFFICIAL_SAMPLE,VERIFIED_INTACT
q-cbse-board-undefined-Annual Board Exam-Morning-q39,cbse-board,subj-science,"CBSE विज्ञान प्रश्न 39 (केस स्टडी, 4 अंक): अवतल दर्पण पर दिए",SINGLE_CORRECT_MCQ,hi,OFFICIAL_SAMPLE,NO,NONE,PRESERVE_OFFICIAL_SAMPLE,VERIFIED_INTACT
q-cbse-board-undefined-Annual Board Exam-Morning-q4,cbse-board,subj-science,CBSE विज्ञान प्रश्न 4: निम्नलिखित में से कौन सी विस्थापन अभि,SINGLE_CORRECT_MCQ,hi,OFFICIAL_SAMPLE,NO,NONE,PRESERVE_OFFICIAL_SAMPLE,VERIFIED_INTACT
q-cbse-board-undefined-Annual Board Exam-Morning-q5,cbse-board,subj-science,CBSE विज्ञान प्रश्न 5: निम्नलिखित में से कौन सी विस्थापन अभि,SINGLE_CORRECT_MCQ,hi,OFFICIAL_SAMPLE,NO,NONE,PRESERVE_OFFICIAL_SAMPLE,VERIFIED_INTACT
q-cbse-board-undefined-Annual Board Exam-Morning-q6,cbse-board,subj-science,CBSE विज्ञान प्रश्न 6: निम्नलिखित में से कौन सी विस्थापन अभि,SINGLE_CORRECT_MCQ,hi,OFFICIAL_SAMPLE,NO,NONE,PRESERVE_OFFICIAL_SAMPLE,VERIFIED_INTACT
q-cbse-board-undefined-Annual Board Exam-Morning-q7,cbse-board,subj-science,CBSE विज्ञान प्रश्न 7: निम्नलिखित में से कौन सी विस्थापन अभि,SINGLE_CORRECT_MCQ,hi,OFFICIAL_SAMPLE,NO,NONE,PRESERVE_OFFICIAL_SAMPLE,VERIFIED_INTACT
q-cbse-board-undefined-Annual Board Exam-Morning-q8,cbse-board,subj-science,CBSE विज्ञान प्रश्न 8: निम्नलिखित में से कौन सी विस्थापन अभि,SINGLE_CORRECT_MCQ,hi,OFFICIAL_SAMPLE,NO,NONE,PRESERVE_OFFICIAL_SAMPLE,VERIFIED_INTACT
q-cbse-board-undefined-Annual Board Exam-Morning-q9,cbse-board,subj-science,CBSE विज्ञान प्रश्न 9: निम्नलिखित में से कौन सी विस्थापन अभि,SINGLE_CORRECT_MCQ,hi,OFFICIAL_SAMPLE,NO,NONE,PRESERVE_OFFICIAL_SAMPLE,VERIFIED_INTACT
q-cmp-gk-0001,general,subj-gk,भारतीय संविधान की प्रस्तावना में 42वें संविधान संशोधन अधिनिय,SINGLE_CORRECT_MCQ,hi,HUMAN_CURATED,NO,NONE,PRESERVE_PRACTICE_INVENTORY,VERIFIED_INTACT
q-cmp-gk-0002,general,subj-gk,"'तुम मुझे खून दो, मैं तुम्हें आजादी दूंगा' और 'दिल्ली चलो' क",SINGLE_CORRECT_MCQ,hi,HUMAN_CURATED,NO,NONE,PRESERVE_PRACTICE_INVENTORY,VERIFIED_INTACT
q-cmp-gk-0003,general,subj-gk,भारत का सबसे ऊंचा जलप्रपात कुंचिकल जलप्रपात (455 मीटर) किस न,SINGLE_CORRECT_MCQ,hi,HUMAN_CURATED,NO,NONE,PRESERVE_PRACTICE_INVENTORY,VERIFIED_INTACT
q-cmp-gk-0004,general,subj-gk,भारतीय रिजर्व बैंक (RBI) की स्थापना किस आयोग की संस्तुतियों ,SINGLE_CORRECT_MCQ,hi,HUMAN_CURATED,NO,NONE,PRESERVE_PRACTICE_INVENTORY,VERIFIED_INTACT
q-cmp-gk-0005,general,subj-gk,सिंधु घाटी सभ्यता का प्रसिद्ध बंदरगाह नगर (Dockyard) कौन सा ,SINGLE_CORRECT_MCQ,hi,HUMAN_CURATED,NO,NONE,PRESERVE_PRACTICE_INVENTORY,VERIFIED_INTACT
q-cmp-gk-0006,general,subj-gk,भारतीय संविधान में मौलिक कर्तव्यों (Fundamental Duties) को क,SINGLE_CORRECT_MCQ,hi,HUMAN_CURATED,NO,NONE,PRESERVE_PRACTICE_INVENTORY,VERIFIED_INTACT
q-cmp-gk-0007,general,subj-gk,सौरमंडल का सबसे चमकीला और सबसे गर्म ग्रह (Brightest and Hott,SINGLE_CORRECT_MCQ,hi,HUMAN_CURATED,NO,NONE,PRESERVE_PRACTICE_INVENTORY,VERIFIED_INTACT
q-cmp-gk-0008,general,subj-gk,रेगिस्तान में गर्मियों में मरीचिका (Mirage) की भ्रांति किस प,SINGLE_CORRECT_MCQ,hi,HUMAN_CURATED,NO,NONE,PRESERVE_PRACTICE_INVENTORY,VERIFIED_INTACT
q-cmp-gk-0009,general,subj-gk,स्वतंत्र भारत के प्रथम कानून मंत्री (First Law Minister of I,SINGLE_CORRECT_MCQ,hi,HUMAN_CURATED,NO,NONE,PRESERVE_PRACTICE_INVENTORY,VERIFIED_INTACT
q-cmp-gk-0010,general,subj-gk,भारत का सर्वोच्च नागरिक सम्मान 'भारत रत्न' (Bharat Ratna) सर,SINGLE_CORRECT_MCQ,hi,HUMAN_CURATED,NO,NONE,PRESERVE_PRACTICE_INVENTORY,VERIFIED_INTACT
q-cmp-gk-0011,general,subj-gk,एक सींग वाले गैंडे (One-horned Rhinoceros) के प्राकृतिक आवास,SINGLE_CORRECT_MCQ,hi,HUMAN_CURATED,NO,NONE,PRESERVE_PRACTICE_INVENTORY,VERIFIED_INTACT
q-cmp-gk-0012,general,subj-gk,व्यक्तिगत स्पर्धा में भारत के लिए ओलंपिक में पहला स्वर्ण पदक,SINGLE_CORRECT_MCQ,hi,HUMAN_CURATED,NO,NONE,PRESERVE_PRACTICE_INVENTORY,VERIFIED_INTACT
q-cmp-gk-0013,general,subj-gk,संविधान के किस अनुच्छेद के अंतर्गत भारत के राष्ट्रपति को मृत,SINGLE_CORRECT_MCQ,hi,HUMAN_CURATED,NO,NONE,PRESERVE_PRACTICE_INVENTORY,VERIFIED_INTACT
q-cmp-gk-0014,general,subj-gk,दिल्ली सल्तनत की पहली और एकमात्र मुस्लिम महिला शासिका कौन थी,SINGLE_CORRECT_MCQ,hi,HUMAN_CURATED,NO,NONE,PRESERVE_PRACTICE_INVENTORY,VERIFIED_INTACT
q-cmp-gk-0015,general,subj-gk,प्रसिद्ध 'ज़ोजिला दर्रा' (Zoji La Pass) किन दो क्षेत्रों को ,SINGLE_CORRECT_MCQ,hi,HUMAN_CURATED,NO,NONE,PRESERVE_PRACTICE_INVENTORY,VERIFIED_INTACT
q-cmp-gk-0016,general,subj-gk,भारत में वस्तु एवं सेवा कर (GST) किस ऐतिहासिक संविधान संशोधन,SINGLE_CORRECT_MCQ,hi,HUMAN_CURATED,NO,NONE,PRESERVE_PRACTICE_INVENTORY,VERIFIED_INTACT
q-cmp-gk-0017,general,subj-gk,ध्वनि की चाल (Speed of Sound) सर्वाधिक किस माध्यम में होती ह,SINGLE_CORRECT_MCQ,hi,HUMAN_CURATED,NO,NONE,PRESERVE_PRACTICE_INVENTORY,VERIFIED_INTACT
q-cmp-gk-0018,general,subj-gk,'विश्व पर्यावरण दिवस' (World Environment Day) प्रतिवर्ष किस ,SINGLE_CORRECT_MCQ,hi,HUMAN_CURATED,NO,NONE,PRESERVE_PRACTICE_INVENTORY,VERIFIED_INTACT
q-cmp-gk-0019,general,subj-gk,संविधान के किस अनुच्छेद के तहत 'भारत के नियंत्रक एवं महालेखा,SINGLE_CORRECT_MCQ,hi,HUMAN_CURATED,NO,NONE,PRESERVE_PRACTICE_INVENTORY,VERIFIED_INTACT
q-cmp-gk-0020,general,subj-gk,दिसंबर 1885 में बंबई में आयोजित भारतीय राष्ट्रीय कांग्रेस के,SINGLE_CORRECT_MCQ,hi,HUMAN_CURATED,NO,NONE,PRESERVE_PRACTICE_INVENTORY,VERIFIED_INTACT
q-cmp-gk-0021,general,subj-gk,कर्क रेखा (23.5° उत्तरी अक्षांश) भारत के कुल कितने राज्यों स,SINGLE_CORRECT_MCQ,hi,HUMAN_CURATED,NO,NONE,PRESERVE_PRACTICE_INVENTORY,VERIFIED_INTACT
q-cmp-gk-0022,general,subj-gk,23 अगस्त 2023 को इसरो के चंद्रयान-3 ने चंद्रमा के दक्षिणी ध्,SINGLE_CORRECT_MCQ,hi,HUMAN_CURATED,NO,NONE,PRESERVE_PRACTICE_INVENTORY,VERIFIED_INTACT
q-cmp-gk-0023,general,subj-gk,भारी उद्योगों एवं तीव्र औद्योगिकीकरण पर बल देने वाली भारत की,SINGLE_CORRECT_MCQ,hi,HUMAN_CURATED,NO,NONE,PRESERVE_PRACTICE_INVENTORY,VERIFIED_INTACT
q-cmp-gk-0024,general,subj-gk,भारतीय संविधान में 'संविधान संशोधन की प्रक्रिया' (Article 36,SINGLE_CORRECT_MCQ,hi,HUMAN_CURATED,NO,NONE,PRESERVE_PRACTICE_INVENTORY,VERIFIED_INTACT
q-cmp-gk-0025,general,subj-gk,रक्त का थक्का जमने (Blood Coagulation) के लिए कौन सा विटामिन,SINGLE_CORRECT_MCQ,hi,HUMAN_CURATED,NO,NONE,PRESERVE_PRACTICE_INVENTORY,VERIFIED_INTACT
q-cmp-gk-0026,general,subj-gk,चतुर्थ बौद्ध संगीति किस कुषाण सम्राट के शासनकाल में कश्मीर क,SINGLE_CORRECT_MCQ,hi,HUMAN_CURATED,NO,NONE,PRESERVE_PRACTICE_INVENTORY,VERIFIED_INTACT
q-cmp-gk-0027,general,subj-gk,भारत में मीठे पानी की सबसे बड़ी प्राकृतिक झील (Largest Natur,SINGLE_CORRECT_MCQ,hi,HUMAN_CURATED,NO,NONE,PRESERVE_PRACTICE_INVENTORY,VERIFIED_INTACT
q-cmp-gk-0028,general,subj-gk,"संयुक्त राष्ट्र शैक्षिक, वैज्ञानिक तथा सांस्कृतिक संगठन (UNE",SINGLE_CORRECT_MCQ,hi,HUMAN_CURATED,NO,NONE,PRESERVE_PRACTICE_INVENTORY,VERIFIED_INTACT
q-cmp-gk-0029,general,subj-gk,दलबदल विरोधी कानून (Anti-Defection Law) को किस संविधान संशोध,SINGLE_CORRECT_MCQ,hi,HUMAN_CURATED,NO,NONE,PRESERVE_PRACTICE_INVENTORY,VERIFIED_INTACT
q-cmp-gk-0030,general,subj-gk,रवींद्रनाथ टैगोर द्वारा रचित 'जन गण मन' को संविधान सभा ने रा,SINGLE_CORRECT_MCQ,hi,HUMAN_CURATED,NO,NONE,PRESERVE_PRACTICE_INVENTORY,VERIFIED_INTACT
q-cmp-law-0001,general,subj-law,भारतीय न्याय संहिता 2023 के अंतर्गत 'आत्मरक्षा का अधिकार' (R,SINGLE_CORRECT_MCQ,hi,HUMAN_CURATED,NO,NONE,PRESERVE_PRACTICE_INVENTORY,VERIFIED_INTACT
q-cmp-law-0002,general,subj-law,भारतीय न्याय संहिता 2023 के अंतर्गत 'हत्या' (Murder) को किस ,SINGLE_CORRECT_MCQ,hi,HUMAN_CURATED,NO,NONE,PRESERVE_PRACTICE_INVENTORY,VERIFIED_INTACT
q-cmp-law-0003,general,subj-law,BNS 2023 के तहत बलात्कार (Rape) का अपराध किस धारा के तहत दंड,SINGLE_CORRECT_MCQ,hi,HUMAN_CURATED,NO,NONE,PRESERVE_PRACTICE_INVENTORY,VERIFIED_INTACT
q-cmp-law-0004,general,subj-law,बिना वारंट के किसी महिला को सूर्यास्त के बाद और सूर्योदय से ,SINGLE_CORRECT_MCQ,hi,HUMAN_CURATED,NO,NONE,PRESERVE_PRACTICE_INVENTORY,VERIFIED_INTACT
q-cmp-law-0005,general,subj-law,'जीरो एफआईआर' (Zero FIR) की विधिक अवधारणा क्या है?,SINGLE_CORRECT_MCQ,hi,HUMAN_CURATED,NO,NONE,PRESERVE_PRACTICE_INVENTORY,VERIFIED_INTACT
q-cmp-law-0006,general,subj-law,अवैध रूप से हिरासत में लिए गए व्यक्ति को मुक्त कराने के लिए ,SINGLE_CORRECT_MCQ,hi,HUMAN_CURATED,NO,NONE,PRESERVE_PRACTICE_INVENTORY,VERIFIED_INTACT
q-cmp-law-0007,general,subj-law,राष्ट्रीय मानवाधिकार आयोग (NHRC) के अध्यक्ष एवं सदस्यों की न,SINGLE_CORRECT_MCQ,hi,HUMAN_CURATED,NO,NONE,PRESERVE_PRACTICE_INVENTORY,VERIFIED_INTACT
q-cmp-law-0008,general,subj-law,RTI अधिनियम के तहत यदि मांगी गई सूचना किसी व्यक्ति के 'जीवन ,SINGLE_CORRECT_MCQ,hi,HUMAN_CURATED,NO,NONE,PRESERVE_PRACTICE_INVENTORY,VERIFIED_INTACT
q-cmp-law-0009,general,subj-law,मोटर वाहन (संशोधन) अधिनियम 2019 के अनुसार शराब पीकर वाहन चला,SINGLE_CORRECT_MCQ,hi,HUMAN_CURATED,NO,NONE,PRESERVE_PRACTICE_INVENTORY,VERIFIED_INTACT
q-cmp-law-0010,general,subj-law,पर्यावरण संरक्षण अधिनियम 1986 भारतीय संविधान के किस अनुच्छेद,SINGLE_CORRECT_MCQ,hi,HUMAN_CURATED,NO,NONE,PRESERVE_PRACTICE_INVENTORY,VERIFIED_INTACT
q-cmp-law-0011,general,subj-law,भ्रष्टाचार निवारण अधिनियम 1988 में 2018 के संशोधन द्वारा रिश,SINGLE_CORRECT_MCQ,hi,HUMAN_CURATED,NO,NONE,PRESERVE_PRACTICE_INVENTORY,VERIFIED_INTACT
q-cmp-law-0012,general,subj-law,लैंगिक अपराधों से बालकों का संरक्षण (POCSO) अधिनियम 2012 के ,SINGLE_CORRECT_MCQ,hi,HUMAN_CURATED,NO,NONE,PRESERVE_PRACTICE_INVENTORY,VERIFIED_INTACT
q-cmp-law-0013,general,subj-law,श्रेया सिंघल बनाम भारत संघ (2015) मामले में सुप्रीम कोर्ट ने,SINGLE_CORRECT_MCQ,hi,HUMAN_CURATED,NO,NONE,PRESERVE_PRACTICE_INVENTORY,VERIFIED_INTACT
q-cmp-law-0014,general,subj-law,गिरफ्तार किए गए किसी भी व्यक्ति को गिरफ्तारी के कितने समय के,SINGLE_CORRECT_MCQ,hi,HUMAN_CURATED,NO,NONE,PRESERVE_PRACTICE_INVENTORY,VERIFIED_INTACT
q-cmp-law-0015,general,subj-law,उत्तर प्रदेश पुलिस प्रणाली में जिले का सर्वोच्च पुलिस अधिकार,SINGLE_CORRECT_MCQ,hi,HUMAN_CURATED,NO,NONE,PRESERVE_PRACTICE_INVENTORY,VERIFIED_INTACT
q-cmp-law-0016,general,subj-law,घरेलू हिंसा अधिनियम 2005 के अंतर्गत पीड़ित महिला को सुरक्षा ,SINGLE_CORRECT_MCQ,hi,HUMAN_CURATED,NO,NONE,PRESERVE_PRACTICE_INVENTORY,VERIFIED_INTACT
q-cmp-law-0017,general,subj-law,भारतीय साक्ष्य अधिनियम 2023 के तहत इलेक्ट्रॉनिक और डिजिटल रि,SINGLE_CORRECT_MCQ,hi,HUMAN_CURATED,NO,NONE,PRESERVE_PRACTICE_INVENTORY,VERIFIED_INTACT
q-cmp-law-0018,general,subj-law,SC/ST (अत्याचार निवारण) अधिनियम 1989 के अंतर्गत मामलों की जा,SINGLE_CORRECT_MCQ,hi,HUMAN_CURATED,NO,NONE,PRESERVE_PRACTICE_INVENTORY,VERIFIED_INTACT
q-cmp-law-0019,general,subj-law,चोरी (Theft) किस परिस्थिति में 'लूट' (Robbery) में परिवर्तित,SINGLE_CORRECT_MCQ,hi,HUMAN_CURATED,NO,NONE,PRESERVE_PRACTICE_INVENTORY,VERIFIED_INTACT
q-cmp-law-0020,general,subj-law,संविधान का कौन सा अनुच्छेद भारत के संपूर्ण राज्यक्षेत्र में ,SINGLE_CORRECT_MCQ,hi,HUMAN_CURATED,NO,NONE,PRESERVE_PRACTICE_INVENTORY,VERIFIED_INTACT
q-cmp-law-0021,general,subj-law,पुलिस अधिकारी के समक्ष दिया गया संस्वीकृति बयान (Confession ,SINGLE_CORRECT_MCQ,hi,HUMAN_CURATED,NO,NONE,PRESERVE_PRACTICE_INVENTORY,VERIFIED_INTACT
q-cmp-law-0022,general,subj-law,BNS 2023 में औपनिवेशिक राजद्रोह (IPC धारा 124A) को समाप्त कर,SINGLE_CORRECT_MCQ,hi,HUMAN_CURATED,NO,NONE,PRESERVE_PRACTICE_INVENTORY,VERIFIED_INTACT
q-cmp-law-0023,general,subj-law,वन्यजीव संरक्षण अधिनियम 1972 के तहत राष्ट्रीय उद्यान (Nation,SINGLE_CORRECT_MCQ,hi,HUMAN_CURATED,NO,NONE,PRESERVE_PRACTICE_INVENTORY,VERIFIED_INTACT
q-cmp-law-0024,general,subj-law,संज्ञेय अपराधों के निवारण हेतु पुलिस अधिकारी को किसी व्यक्ति,SINGLE_CORRECT_MCQ,hi,HUMAN_CURATED,NO,NONE,PRESERVE_PRACTICE_INVENTORY,VERIFIED_INTACT
q-cmp-law-0025,general,subj-law,संसद या विधानमंडल द्वारा निर्मित ऐसे कानून को असंवैधानिक घोष,SINGLE_CORRECT_MCQ,hi,HUMAN_CURATED,NO,NONE,PRESERVE_PRACTICE_INVENTORY,VERIFIED_INTACT
q-cmp-mth-0001,general,subj-math,चीनी के मूल्य में 20% की वृद्धि होने पर एक गृहणी को अपनी खपत,SINGLE_CORRECT_MCQ,hi,HUMAN_CURATED,NO,NONE,PRESERVE_PRACTICE_INVENTORY,VERIFIED_INTACT
q-cmp-mth-0002,general,subj-math,एक दुकानदार किसी वस्तु पर 20% और 10% की दो क्रमिक छूट (Succe,SINGLE_CORRECT_MCQ,hi,HUMAN_CURATED,NO,NONE,PRESERVE_PRACTICE_INVENTORY,VERIFIED_INTACT
q-cmp-mth-0003,general,subj-math,एक बेईमान व्यापारी अपनी वस्तुओं को क्रय मूल्य पर बेचने का दा,SINGLE_CORRECT_MCQ,hi,HUMAN_CURATED,NO,NONE,PRESERVE_PRACTICE_INVENTORY,VERIFIED_INTACT
q-cmp-mth-0004,general,subj-math,कोई धनराशि साधारण ब्याज की दर से 8 वर्षों में दोगुनी हो जाती,SINGLE_CORRECT_MCQ,hi,HUMAN_CURATED,NO,NONE,PRESERVE_PRACTICE_INVENTORY,VERIFIED_INTACT
q-cmp-mth-0005,general,subj-math,"₹10,000 की राशि पर 10% वार्षिक दर से 2 वर्ष के चक्रवृद्धि ब्",SINGLE_CORRECT_MCQ,hi,HUMAN_CURATED,NO,NONE,PRESERVE_PRACTICE_INVENTORY,VERIFIED_INTACT
q-cmp-mth-0006,general,subj-math,"यदि A : B = 2 : 3 तथा B : C = 4 : 5 हो, तो A : B : C का अनुप",SINGLE_CORRECT_MCQ,hi,HUMAN_CURATED,NO,NONE,PRESERVE_PRACTICE_INVENTORY,VERIFIED_INTACT
q-cmp-mth-0007,general,subj-math,A किसी कार्य को 10 दिन में तथा B उसी कार्य को 15 दिन में पूर,SINGLE_CORRECT_MCQ,hi,HUMAN_CURATED,NO,NONE,PRESERVE_PRACTICE_INVENTORY,VERIFIED_INTACT
q-cmp-mth-0008,general,subj-math,पाइप A एक टंकी को 6 घंटे में भर सकता है और पाइप B उसे 8 घंटे,SINGLE_CORRECT_MCQ,hi,HUMAN_CURATED,NO,NONE,PRESERVE_PRACTICE_INVENTORY,VERIFIED_INTACT
q-cmp-mth-0009,general,subj-math,180 मीटर लंबी एक रेलगाड़ी 54 किमी/घंटा की चाल से एक खंभे को ,SINGLE_CORRECT_MCQ,hi,HUMAN_CURATED,NO,NONE,PRESERVE_PRACTICE_INVENTORY,VERIFIED_INTACT
q-cmp-mth-0010,general,subj-math,शांत जल में एक नाव की चाल 10 किमी/घंटा है तथा धारा की चाल 2 ,SINGLE_CORRECT_MCQ,hi,HUMAN_CURATED,NO,NONE,PRESERVE_PRACTICE_INVENTORY,VERIFIED_INTACT
q-cmp-mth-0011,general,subj-math,प्रथम 50 प्राकृतिक संख्याओं का औसत क्या होगा?,SINGLE_CORRECT_MCQ,hi,HUMAN_CURATED,NO,NONE,PRESERVE_PRACTICE_INVENTORY,VERIFIED_INTACT
q-cmp-mth-0012,general,subj-math,पिता और पुत्र की वर्तमान आयु का अनुपात 5 : 2 है। 4 वर्ष बाद ,SINGLE_CORRECT_MCQ,hi,HUMAN_CURATED,NO,NONE,PRESERVE_PRACTICE_INVENTORY,VERIFIED_INTACT
q-cmp-mth-0013,general,subj-math,"यदि संख्या 481k673 नौ (9) से पूर्णतः विभाज्य हो, तो 'k' के स",SINGLE_CORRECT_MCQ,hi,HUMAN_CURATED,NO,NONE,PRESERVE_PRACTICE_INVENTORY,VERIFIED_INTACT
q-cmp-mth-0014,general,subj-math,गुणनफल (7⁹⁵ - 3⁵⁸) में इकाई का अंक (Unit Digit) क्या होगा?,SINGLE_CORRECT_MCQ,hi,HUMAN_CURATED,NO,NONE,PRESERVE_PRACTICE_INVENTORY,VERIFIED_INTACT
q-cmp-mth-0015,general,subj-math,दो संख्याओं का अनुपात 3 : 4 है तथा उनका म०स० (HCF) 4 है। उनक,SINGLE_CORRECT_MCQ,hi,HUMAN_CURATED,NO,NONE,PRESERVE_PRACTICE_INVENTORY,VERIFIED_INTACT
q-cmp-mth-0016,general,subj-math,₹40 प्रति किग्रा वाले चावल को ₹60 प्रति किग्रा वाले चावल के ,SINGLE_CORRECT_MCQ,hi,HUMAN_CURATED,NO,NONE,PRESERVE_PRACTICE_INVENTORY,VERIFIED_INTACT
q-cmp-mth-0017,general,subj-math,एक वृत्त की परिधि 44 सेमी है। उसका क्षेत्रफल (Area) क्या होग,SINGLE_CORRECT_MCQ,hi,HUMAN_CURATED,NO,NONE,PRESERVE_PRACTICE_INVENTORY,VERIFIED_INTACT
q-cmp-mth-0018,general,subj-math,एक लंब वृत्तीय शंकु के आधार की त्रिज्या 7 सेमी तथा ऊंचाई 24 ,SINGLE_CORRECT_MCQ,hi,HUMAN_CURATED,NO,NONE,PRESERVE_PRACTICE_INVENTORY,VERIFIED_INTACT
q-cmp-mth-0019,general,subj-math,"A और B ने क्रमशः ₹20,000 और ₹30,000 लगाकर एक व्यापार शुरू कि",SINGLE_CORRECT_MCQ,hi,HUMAN_CURATED,NO,NONE,PRESERVE_PRACTICE_INVENTORY,VERIFIED_INTACT
q-cmp-mth-0020,general,subj-math,"यदि x + 1/x = 4 हो, तो x² + 1/x² का मान क्या होगा?",SINGLE_CORRECT_MCQ,hi,HUMAN_CURATED,NO,NONE,PRESERVE_PRACTICE_INVENTORY,VERIFIED_INTACT
q-cmp-mth-0021,general,subj-math,"यदि tan θ = 4/3 हो, तो sin θ का मान क्या होगा?",SINGLE_CORRECT_MCQ,hi,HUMAN_CURATED,NO,NONE,PRESERVE_PRACTICE_INVENTORY,VERIFIED_INTACT
q-cmp-mth-0022,general,subj-math,व्यंजक 24 ÷ 4 × (3 + 1) - 6 + 2 का सरलतम मान क्या होगा?,SINGLE_CORRECT_MCQ,hi,HUMAN_CURATED,NO,NONE,PRESERVE_PRACTICE_INVENTORY,VERIFIED_INTACT
q-cmp-mth-0023,general,subj-math,दो व्यक्ति एक ही स्थान से क्रमशः 4 किमी/घंटा और 5 किमी/घंटा ,SINGLE_CORRECT_MCQ,hi,HUMAN_CURATED,NO,NONE,PRESERVE_PRACTICE_INVENTORY,VERIFIED_INTACT
q-cmp-mth-0024,general,subj-math,एक चुनाव में दो उम्मीदवार थे। जीतने वाले उम्मीदवार को कुल वै,SINGLE_CORRECT_MCQ,hi,HUMAN_CURATED,NO,NONE,PRESERVE_PRACTICE_INVENTORY,VERIFIED_INTACT
q-cmp-mth-0025,general,subj-math,A और B किसी कार्य को क्रमशः 6 दिन और 8 दिन में कर सकते हैं। ,SINGLE_CORRECT_MCQ,hi,HUMAN_CURATED,NO,NONE,PRESERVE_PRACTICE_INVENTORY,VERIFIED_INTACT
q-cmp-mth-0026,general,subj-math,"यदि एक वृत्त और एक वर्ग का परिमाप समान हो, तो उनके क्षेत्रफल",SINGLE_CORRECT_MCQ,hi,HUMAN_CURATED,NO,NONE,PRESERVE_PRACTICE_INVENTORY,VERIFIED_INTACT
q-cmp-mth-0027,general,subj-math,किसी संख्या को 56 से भाग देने पर शेषफल 29 प्राप्त होता है। उ,SINGLE_CORRECT_MCQ,hi,HUMAN_CURATED,NO,NONE,PRESERVE_PRACTICE_INVENTORY,VERIFIED_INTACT
q-cmp-mth-0028,general,subj-math,₹500 की धनराशि पर 2 वर्ष का साधारण ब्याज ₹40 है। वार्षिक ब्य,SINGLE_CORRECT_MCQ,hi,HUMAN_CURATED,NO,NONE,PRESERVE_PRACTICE_INVENTORY,VERIFIED_INTACT
q-cmp-mth-0029,general,subj-math,एक बल्लेबाज ने अपनी 11वीं पारी में 100 रन बनाए जिससे उसका औस,SINGLE_CORRECT_MCQ,hi,HUMAN_CURATED,NO,NONE,PRESERVE_PRACTICE_INVENTORY,VERIFIED_INTACT
q-cmp-mth-0030,general,subj-math,9 और 25 का मध्यानुपाती (Mean Proportional) क्या होगा?,SINGLE_CORRECT_MCQ,hi,HUMAN_CURATED,NO,NONE,PRESERVE_PRACTICE_INVENTORY,VERIFIED_INTACT
q-cmp-rea-0001,general,subj-reasoning,दिए गए विकल्पों में से संबंधित शब्द को चुनिए: भारत : रुपया :,SINGLE_CORRECT_MCQ,hi,HUMAN_CURATED,NO,NONE,PRESERVE_PRACTICE_INVENTORY,VERIFIED_INTACT
q-cmp-rea-0002,general,subj-reasoning,दिए गए विकल्पों में से संबंधित संख्या चुनिए: 8 : 64 :: 27 : ,SINGLE_CORRECT_MCQ,hi,HUMAN_CURATED,NO,NONE,PRESERVE_PRACTICE_INVENTORY,VERIFIED_INTACT
q-cmp-rea-0003,general,subj-reasoning,"दी गई श्रृंखला में लुप्त पद ज्ञात कीजिए: 7, 11, 19, 35, 67, ",SINGLE_CORRECT_MCQ,hi,HUMAN_CURATED,NO,NONE,PRESERVE_PRACTICE_INVENTORY,VERIFIED_INTACT
q-cmp-rea-0004,general,subj-reasoning,"निम्नलिखित श्रृंखला में अगला पद क्या होगा? B, E, I, N, T, ?",SINGLE_CORRECT_MCQ,hi,HUMAN_CURATED,NO,NONE,PRESERVE_PRACTICE_INVENTORY,VERIFIED_INTACT
q-cmp-rea-0005,general,subj-reasoning,यदि किसी निश्चित कूट भाषा में 'DELHI' को 'CCIDD' लिखा जाता ह,SINGLE_CORRECT_MCQ,hi,HUMAN_CURATED,NO,NONE,PRESERVE_PRACTICE_INVENTORY,VERIFIED_INTACT
q-cmp-rea-0006,general,subj-reasoning,"एक तस्वीर की ओर इशारा करते हुए एक व्यक्ति ने कहा, 'यह मेरे द",SINGLE_CORRECT_MCQ,hi,HUMAN_CURATED,NO,NONE,PRESERVE_PRACTICE_INVENTORY,VERIFIED_INTACT
q-cmp-rea-0007,general,subj-reasoning,"रोहित उत्तर दिशा में 10 मीटर चलता है, फिर दाएं मुड़कर 15 मीट",SINGLE_CORRECT_MCQ,hi,HUMAN_CURATED,NO,NONE,PRESERVE_PRACTICE_INVENTORY,VERIFIED_INTACT
q-cmp-rea-0008,general,subj-reasoning,कथन: सभी पेन पेंसिल हैं। कुछ पेंसिल रबर हैं। निष्कर्ष: I. कु,SINGLE_CORRECT_MCQ,hi,HUMAN_CURATED,NO,NONE,PRESERVE_PRACTICE_INVENTORY,VERIFIED_INTACT
q-cmp-rea-0009,general,subj-reasoning,"निम्नलिखित में से कौन सा वेन आरेख 'मानव, डॉक्टर, और शिक्षक' ",SINGLE_CORRECT_MCQ,hi,HUMAN_CURATED,NO,NONE,PRESERVE_PRACTICE_INVENTORY,VERIFIED_INTACT
q-cmp-rea-0010,general,subj-reasoning,40 विद्यार्थियों की एक कक्षा में सुमित का स्थान शीर्ष से 12व,SINGLE_CORRECT_MCQ,hi,HUMAN_CURATED,NO,NONE,PRESERVE_PRACTICE_INVENTORY,VERIFIED_INTACT
q-cmp-rea-0011,general,subj-reasoning,3 बजकर 30 मिनट पर घड़ी की दोनों सुइयों (घंटे और मिनट) के बीच,SINGLE_CORRECT_MCQ,hi,HUMAN_CURATED,NO,NONE,PRESERVE_PRACTICE_INVENTORY,VERIFIED_INTACT
q-cmp-rea-0012,general,subj-reasoning,15 अगस्त 1947 को सप्ताह का कौन सा दिन था?,SINGLE_CORRECT_MCQ,hi,HUMAN_CURATED,NO,NONE,PRESERVE_PRACTICE_INVENTORY,VERIFIED_INTACT
q-cmp-rea-0013,general,subj-reasoning,"6 मित्र A, B, C, D, E, F केंद्र की ओर मुख करके एक वृत्त में ",SINGLE_CORRECT_MCQ,hi,HUMAN_CURATED,NO,NONE,PRESERVE_PRACTICE_INVENTORY,VERIFIED_INTACT
q-cmp-rea-0014,general,subj-reasoning,"जब दर्पण को दाईं ओर (MN पर) रखा जाए, तो शब्द 'QUALITY' का सह",SINGLE_CORRECT_MCQ,hi,HUMAN_CURATED,NO,NONE,PRESERVE_PRACTICE_INVENTORY,VERIFIED_INTACT
q-cmp-rea-0015,general,subj-reasoning,एक वर्गाकार कागज को दो बार मोड़कर बीच में एक त्रिभुजाकार और ,SINGLE_CORRECT_MCQ,hi,HUMAN_CURATED,NO,NONE,PRESERVE_PRACTICE_INVENTORY,VERIFIED_INTACT
q-cmp-rea-0016,general,subj-reasoning,निम्नलिखित चार में से तीन किसी प्रकार समान हैं और एक समूह बन,SINGLE_CORRECT_MCQ,hi,HUMAN_CURATED,NO,NONE,PRESERVE_PRACTICE_INVENTORY,VERIFIED_INTACT
q-cmp-rea-0017,general,subj-reasoning,कथन: क्या भारत में सभी स्तरों पर प्लास्टिक बैग के उपयोग पर प,SINGLE_CORRECT_MCQ,hi,HUMAN_CURATED,NO,NONE,PRESERVE_PRACTICE_INVENTORY,VERIFIED_INTACT
q-cmp-rea-0018,general,subj-reasoning,दिए गए आव्यूह (Matrix) में लुप्त संख्या (?) ज्ञात कीजिए: 3  ,SINGLE_CORRECT_MCQ,hi,HUMAN_CURATED,NO,NONE,PRESERVE_PRACTICE_INVENTORY,VERIFIED_INTACT
q-cmp-rea-0019,general,subj-reasoning,एक मानक पासे (Standard Dice) के एक फलक पर अंक 4 अंकित है। इस,SINGLE_CORRECT_MCQ,hi,HUMAN_CURATED,NO,NONE,PRESERVE_PRACTICE_INVENTORY,VERIFIED_INTACT
q-cmp-rea-0020,general,subj-reasoning,"यदि '+' का अर्थ '÷', '×' का अर्थ '+', '÷' का अर्थ '-' और '-'",SINGLE_CORRECT_MCQ,hi,HUMAN_CURATED,NO,NONE,PRESERVE_PRACTICE_INVENTORY,VERIFIED_INTACT
q-cmp-rea-0021,general,subj-reasoning,निम्नलिखित शब्दों को एक अर्थपूर्ण व तार्किक क्रम में व्यवस्थ,SINGLE_CORRECT_MCQ,hi,HUMAN_CURATED,NO,NONE,PRESERVE_PRACTICE_INVENTORY,VERIFIED_INTACT
q-cmp-rea-0022,general,subj-reasoning,दिए गए विकल्पों में से संबंधित अक्षर समूह चुनिए: ACFJ : ZXUQ,SINGLE_CORRECT_MCQ,hi,HUMAN_CURATED,NO,NONE,PRESERVE_PRACTICE_INVENTORY,VERIFIED_INTACT
q-cmp-rea-0023,general,subj-reasoning,कथन: 'धूम्रपान स्वास्थ्य के लिए हानिकारक है' - सिगरेट के पैक,SINGLE_CORRECT_MCQ,hi,HUMAN_CURATED,NO,NONE,PRESERVE_PRACTICE_INVENTORY,VERIFIED_INTACT
q-cmp-rea-0024,general,subj-reasoning,"एक सुबह सूर्योदय के तुरंत बाद, सुरेश एक खंभे की ओर मुंह करके",SINGLE_CORRECT_MCQ,hi,HUMAN_CURATED,NO,NONE,PRESERVE_PRACTICE_INVENTORY,VERIFIED_INTACT
q-cmp-rea-0025,general,subj-reasoning,"एक वर्ग जिसके दोनों विकर्ण परस्पर एक दूसरे को काटते हैं, उसम",SINGLE_CORRECT_MCQ,hi,HUMAN_CURATED,NO,NONE,PRESERVE_PRACTICE_INVENTORY,VERIFIED_INTACT
q-cmp-rea-0026,general,subj-reasoning,"यदि 'हवा' को 'पानी', 'पानी को 'आग', 'आग' को 'मिट्टी' और 'मिट",SINGLE_CORRECT_MCQ,hi,HUMAN_CURATED,NO,NONE,PRESERVE_PRACTICE_INVENTORY,VERIFIED_INTACT
q-cmp-rea-0027,general,subj-reasoning,दिए गए विकल्पों में से संबंधित संख्या ज्ञात कीजिए: 12 : 144 ,SINGLE_CORRECT_MCQ,hi,HUMAN_CURATED,NO,NONE,PRESERVE_PRACTICE_INVENTORY,VERIFIED_INTACT
q-cmp-rea-0028,general,subj-reasoning,"यदि 'P + Q' का अर्थ 'P, Q का पिता है', 'P - Q' का अर्थ 'P, Q",SINGLE_CORRECT_MCQ,hi,HUMAN_CURATED,NO,NONE,PRESERVE_PRACTICE_INVENTORY,VERIFIED_INTACT
q-cmp-rea-0029,general,subj-reasoning,अंग्रेजी शब्दकोश (Dictionary) के अनुसार तीसरे स्थान पर कौन स,SINGLE_CORRECT_MCQ,hi,HUMAN_CURATED,NO,NONE,PRESERVE_PRACTICE_INVENTORY,VERIFIED_INTACT
q-cmp-rea-0030,general,subj-reasoning,एक दौड़ में राम श्याम से आगे है लेकिन हरीश से पीछे है। मोहन ,SINGLE_CORRECT_MCQ,hi,HUMAN_CURATED,NO,NONE,PRESERVE_PRACTICE_INVENTORY,VERIFIED_INTACT
q-cmp-rsc-0001,general,subj-railway-sci,"यदि किसी गतिमान पिंड का वेग दोगुना कर दिया जाए, तो उसकी गतिज",SINGLE_CORRECT_MCQ,hi,HUMAN_CURATED,NO,NONE,PRESERVE_PRACTICE_INVENTORY,VERIFIED_INTACT
q-cmp-rsc-0002,general,subj-railway-sci,"पृथ्वी की सतह से पलायन वेग (Escape Velocity, ve) का मान लगभग",SINGLE_CORRECT_MCQ,hi,HUMAN_CURATED,NO,NONE,PRESERVE_PRACTICE_INVENTORY,VERIFIED_INTACT
q-cmp-rsc-0003,general,subj-railway-sci,विद्युत ट्रांसफॉर्मर (Transformer) किस सिद्धांत पर कार्य करत,SINGLE_CORRECT_MCQ,hi,HUMAN_CURATED,NO,NONE,PRESERVE_PRACTICE_INVENTORY,VERIFIED_INTACT
q-cmp-rsc-0004,general,subj-railway-sci,एक मानक वर्नियर कैलीपर्स का अल्पतमांक (Least Count) सामान्यत,SINGLE_CORRECT_MCQ,hi,HUMAN_CURATED,NO,NONE,PRESERVE_PRACTICE_INVENTORY,VERIFIED_INTACT
q-cmp-rsc-0005,general,subj-railway-sci,जब कोई ट्रेन सीटी बजाते हुए प्लेटफार्म पर खड़े प्रेक्षक की ओ,SINGLE_CORRECT_MCQ,hi,HUMAN_CURATED,NO,NONE,PRESERVE_PRACTICE_INVENTORY,VERIFIED_INTACT
q-cmp-rsc-0006,general,subj-railway-sci,आधुनिक आवर्त सारणी में तत्वों को किस आधार पर व्यवस्थित किया ,SINGLE_CORRECT_MCQ,hi,HUMAN_CURATED,NO,NONE,PRESERVE_PRACTICE_INVENTORY,VERIFIED_INTACT
q-cmp-rsc-0007,general,subj-railway-sci,एल्युमिनियम धातु का मुख्य अयस्क (Primary Ore of Aluminium) क,SINGLE_CORRECT_MCQ,hi,HUMAN_CURATED,NO,NONE,PRESERVE_PRACTICE_INVENTORY,VERIFIED_INTACT
q-cmp-rsc-0008,general,subj-railway-sci,मानव में किस रक्त समूह (Blood Group) को 'सार्वभौमिक दाता' (U,SINGLE_CORRECT_MCQ,hi,HUMAN_CURATED,NO,NONE,PRESERVE_PRACTICE_INVENTORY,VERIFIED_INTACT
q-cmp-rsc-0009,general,subj-railway-sci,"यदि किसी चालक तार की लंबाई को खींचकर दोगुना कर दिया जाए, तो ",SINGLE_CORRECT_MCQ,hi,HUMAN_CURATED,NO,NONE,PRESERVE_PRACTICE_INVENTORY,VERIFIED_INTACT
q-cmp-rsc-0010,general,subj-railway-sci,भारतीय रेलवे में 'कवच' (KAVACH) प्रणाली क्या है?,SINGLE_CORRECT_MCQ,hi,HUMAN_CURATED,NO,NONE,PRESERVE_PRACTICE_INVENTORY,VERIFIED_INTACT
q-cmp-rsc-0011,general,subj-railway-sci,निम्नलिखित पदार्थों में से किसकी विशिष्ट ऊष्मा धारिता (Speci,SINGLE_CORRECT_MCQ,hi,HUMAN_CURATED,NO,NONE,PRESERVE_PRACTICE_INVENTORY,VERIFIED_INTACT
q-cmp-rsc-0012,general,subj-railway-sci,रॉकेट का प्रक्षेपण (Rocket Propulsion) भौतिकी के किस मौलिक न,SINGLE_CORRECT_MCQ,hi,HUMAN_CURATED,NO,NONE,PRESERVE_PRACTICE_INVENTORY,VERIFIED_INTACT
q-cmp-rsc-0013,general,subj-railway-sci,शुद्ध जल का 25°C पर pH मान कितना होता है?,SINGLE_CORRECT_MCQ,hi,HUMAN_CURATED,NO,NONE,PRESERVE_PRACTICE_INVENTORY,VERIFIED_INTACT
q-cmp-rsc-0014,general,subj-railway-sci,प्रत्यावर्ती धारा (AC) को दिष्ट धारा (DC) में परिवर्तित करने,SINGLE_CORRECT_MCQ,hi,HUMAN_CURATED,NO,NONE,PRESERVE_PRACTICE_INVENTORY,VERIFIED_INTACT
q-cmp-rsc-0015,general,subj-railway-sci,"यदि किसी उत्तल लेंस की फोकस दूरी 50 सेमी (0.5 मीटर) हो, तो उ",SINGLE_CORRECT_MCQ,hi,HUMAN_CURATED,NO,NONE,PRESERVE_PRACTICE_INVENTORY,VERIFIED_INTACT
q-cmp-rsc-0016,general,subj-railway-sci,कोशिका में ATP के रूप में ऊर्जा निर्माण के कारण किसे 'कोशिका,SINGLE_CORRECT_MCQ,hi,HUMAN_CURATED,NO,NONE,PRESERVE_PRACTICE_INVENTORY,VERIFIED_INTACT
q-cmp-rsc-0017,general,subj-railway-sci,विरंजक चूर्ण (Bleaching Powder) का सही रासायनिक सूत्र क्या ह,SINGLE_CORRECT_MCQ,hi,HUMAN_CURATED,NO,NONE,PRESERVE_PRACTICE_INVENTORY,VERIFIED_INTACT
q-cmp-rsc-0018,general,subj-railway-sci,वर्षा की बूंदें गोलाकार किस भौतिक गुणधर्म के कारण होती हैं?,SINGLE_CORRECT_MCQ,hi,HUMAN_CURATED,NO,NONE,PRESERVE_PRACTICE_INVENTORY,VERIFIED_INTACT
q-cmp-rsc-0019,general,subj-railway-sci,वायुमंडल की ओजोन परत (Ozone Layer) पराबैंगनी किरणों से पृथ्व,SINGLE_CORRECT_MCQ,hi,HUMAN_CURATED,NO,NONE,PRESERVE_PRACTICE_INVENTORY,VERIFIED_INTACT
q-cmp-rsc-0020,general,subj-railway-sci,कंप्यूटर में 1 गीगाबाइट (1 GB) में कितने मेगाबाइट (MB) होते ,SINGLE_CORRECT_MCQ,hi,HUMAN_CURATED,NO,NONE,PRESERVE_PRACTICE_INVENTORY,VERIFIED_INTACT
q-cmp-rsc-0021,general,subj-railway-sci,"यदि एक सरल लोलक की लंबाई 4 गुनी कर दी जाए, तो उसके आवर्तकाल ",SINGLE_CORRECT_MCQ,hi,HUMAN_CURATED,NO,NONE,PRESERVE_PRACTICE_INVENTORY,VERIFIED_INTACT
q-cmp-rsc-0022,general,subj-railway-sci,ऑक्सी-एसिटिलीन गैस वेल्डिंग (Oxy-Acetylene Welding) में ज्वा,SINGLE_CORRECT_MCQ,hi,HUMAN_CURATED,NO,NONE,PRESERVE_PRACTICE_INVENTORY,VERIFIED_INTACT
q-cmp-rsc-0023,general,subj-railway-sci,कोयले की खानों में होने वाले अधिकांश विस्फोट किस गैस की उपस्,SINGLE_CORRECT_MCQ,hi,HUMAN_CURATED,NO,NONE,PRESERVE_PRACTICE_INVENTORY,VERIFIED_INTACT
q-cmp-rsc-0024,general,subj-railway-sci,रतौंधी (Night Blindness) रोग किस विटामिन की कमी के कारण होता,SINGLE_CORRECT_MCQ,hi,HUMAN_CURATED,NO,NONE,PRESERVE_PRACTICE_INVENTORY,VERIFIED_INTACT
q-cmp-rsc-0025,general,subj-railway-sci,किसी द्रव में डूबे पिंड पर ऊपर की ओर लगने वाला उत्प्लावन बल ,SINGLE_CORRECT_MCQ,hi,HUMAN_CURATED,NO,NONE,PRESERVE_PRACTICE_INVENTORY,VERIFIED_INTACT
q-cmp-rsc-0026,general,subj-railway-sci,भारतीय रेलवे में इलेक्ट्रिक लोकोमोटिव WAP-7 में 'P' अक्षर का,SINGLE_CORRECT_MCQ,hi,HUMAN_CURATED,NO,NONE,PRESERVE_PRACTICE_INVENTORY,VERIFIED_INTACT
q-cmp-rsc-0027,general,subj-railway-sci,बिजली के साधारण बल्बों में टंगस्टन फिलामेंट के ऑक्सीकरण को र,SINGLE_CORRECT_MCQ,hi,HUMAN_CURATED,NO,NONE,PRESERVE_PRACTICE_INVENTORY,VERIFIED_INTACT
q-cmp-rsc-0028,general,subj-railway-sci,किसी वस्तु के जड़त्व (Inertia) की माप क्या होती है?,SINGLE_CORRECT_MCQ,hi,HUMAN_CURATED,NO,NONE,PRESERVE_PRACTICE_INVENTORY,VERIFIED_INTACT
q-cmp-rsc-0029,general,subj-railway-sci,हेक्सा ब्लेड (Hacksaw Blade) के दांत किस दिशा में कटाई करते ,SINGLE_CORRECT_MCQ,hi,HUMAN_CURATED,NO,NONE,PRESERVE_PRACTICE_INVENTORY,VERIFIED_INTACT
q-cmp-rsc-0030,general,subj-railway-sci,मानव लार (Saliva) में पाया जाने वाला एंजाइम टायलिन (लार एमाइ,SINGLE_CORRECT_MCQ,hi,HUMAN_CURATED,NO,NONE,PRESERVE_PRACTICE_INVENTORY,VERIFIED_INTACT
q-ctet-2024-p1-cdp-q001,ctet-exam,subj-social,"जीन पियाजे के संज्ञानात्मक विकास के सिद्धांत के अनुसार, किस ",SINGLE_CORRECT_MCQ,hi,OFFICIAL_PYQ,NO,NONE,PRESERVE_AUTHENTIC_PYQ,VERIFIED_INTACT
q-ctet-2024-p1-cdp-q002,ctet-exam,subj-social,"जीन पियाजे के संज्ञानात्मक विकास के सिद्धांत के अनुसार, किस ",SINGLE_CORRECT_MCQ,hi,OFFICIAL_PYQ,NO,NONE,PRESERVE_AUTHENTIC_PYQ,VERIFIED_INTACT
q-ctet-2024-p1-cdp-q003,ctet-exam,subj-social,"जीन पियाजे के संज्ञानात्मक विकास के सिद्धांत के अनुसार, किस ",SINGLE_CORRECT_MCQ,hi,OFFICIAL_PYQ,NO,NONE,PRESERVE_AUTHENTIC_PYQ,VERIFIED_INTACT
q-ctet-2024-p1-cdp-q004,ctet-exam,subj-social,"जीन पियाजे के संज्ञानात्मक विकास के सिद्धांत के अनुसार, किस ",SINGLE_CORRECT_MCQ,hi,OFFICIAL_PYQ,NO,NONE,PRESERVE_AUTHENTIC_PYQ,VERIFIED_INTACT
q-ctet-2024-p1-cdp-q005,ctet-exam,subj-social,"जीन पियाजे के संज्ञानात्मक विकास के सिद्धांत के अनुसार, किस ",SINGLE_CORRECT_MCQ,hi,OFFICIAL_PYQ,NO,NONE,PRESERVE_AUTHENTIC_PYQ,VERIFIED_INTACT
q-ctet-2024-p1-cdp-q006,ctet-exam,subj-social,"जीन पियाजे के संज्ञानात्मक विकास के सिद्धांत के अनुसार, किस ",SINGLE_CORRECT_MCQ,hi,OFFICIAL_PYQ,NO,NONE,PRESERVE_AUTHENTIC_PYQ,VERIFIED_INTACT
q-ctet-2024-p1-cdp-q007,ctet-exam,subj-social,"जीन पियाजे के संज्ञानात्मक विकास के सिद्धांत के अनुसार, किस ",SINGLE_CORRECT_MCQ,hi,OFFICIAL_PYQ,NO,NONE,PRESERVE_AUTHENTIC_PYQ,VERIFIED_INTACT
q-ctet-2024-p1-cdp-q008,ctet-exam,subj-social,"जीन पियाजे के संज्ञानात्मक विकास के सिद्धांत के अनुसार, किस ",SINGLE_CORRECT_MCQ,hi,OFFICIAL_PYQ,NO,NONE,PRESERVE_AUTHENTIC_PYQ,VERIFIED_INTACT
q-ctet-2024-p1-cdp-q009,ctet-exam,subj-social,"जीन पियाजे के संज्ञानात्मक विकास के सिद्धांत के अनुसार, किस ",SINGLE_CORRECT_MCQ,hi,OFFICIAL_PYQ,NO,NONE,PRESERVE_AUTHENTIC_PYQ,VERIFIED_INTACT
q-ctet-2024-p1-cdp-q010,ctet-exam,subj-social,"जीन पियाजे के संज्ञानात्मक विकास के सिद्धांत के अनुसार, किस ",SINGLE_CORRECT_MCQ,hi,OFFICIAL_PYQ,NO,NONE,PRESERVE_AUTHENTIC_PYQ,VERIFIED_INTACT
q-ctet-2024-p1-cdp-q011,ctet-exam,subj-social,"जीन पियाजे के संज्ञानात्मक विकास के सिद्धांत के अनुसार, किस ",SINGLE_CORRECT_MCQ,hi,OFFICIAL_PYQ,NO,NONE,PRESERVE_AUTHENTIC_PYQ,VERIFIED_INTACT
q-ctet-2024-p1-cdp-q012,ctet-exam,subj-social,"जीन पियाजे के संज्ञानात्मक विकास के सिद्धांत के अनुसार, किस ",SINGLE_CORRECT_MCQ,hi,OFFICIAL_PYQ,NO,NONE,PRESERVE_AUTHENTIC_PYQ,VERIFIED_INTACT
q-ctet-2024-p1-cdp-q013,ctet-exam,subj-social,"जीन पियाजे के संज्ञानात्मक विकास के सिद्धांत के अनुसार, किस ",SINGLE_CORRECT_MCQ,hi,OFFICIAL_PYQ,NO,NONE,PRESERVE_AUTHENTIC_PYQ,VERIFIED_INTACT
q-ctet-2024-p1-cdp-q014,ctet-exam,subj-social,"जीन पियाजे के संज्ञानात्मक विकास के सिद्धांत के अनुसार, किस ",SINGLE_CORRECT_MCQ,hi,OFFICIAL_PYQ,NO,NONE,PRESERVE_AUTHENTIC_PYQ,VERIFIED_INTACT
q-ctet-2024-p1-cdp-q015,ctet-exam,subj-social,"जीन पियाजे के संज्ञानात्मक विकास के सिद्धांत के अनुसार, किस ",SINGLE_CORRECT_MCQ,hi,OFFICIAL_PYQ,NO,NONE,PRESERVE_AUTHENTIC_PYQ,VERIFIED_INTACT
q-ctet-2024-p1-cdp-q016,ctet-exam,subj-social,"जीन पियाजे के संज्ञानात्मक विकास के सिद्धांत के अनुसार, किस ",SINGLE_CORRECT_MCQ,hi,OFFICIAL_PYQ,NO,NONE,PRESERVE_AUTHENTIC_PYQ,VERIFIED_INTACT
q-ctet-2024-p1-cdp-q017,ctet-exam,subj-social,"जीन पियाजे के संज्ञानात्मक विकास के सिद्धांत के अनुसार, किस ",SINGLE_CORRECT_MCQ,hi,OFFICIAL_PYQ,NO,NONE,PRESERVE_AUTHENTIC_PYQ,VERIFIED_INTACT
q-ctet-2024-p1-cdp-q018,ctet-exam,subj-social,"जीन पियाजे के संज्ञानात्मक विकास के सिद्धांत के अनुसार, किस ",SINGLE_CORRECT_MCQ,hi,OFFICIAL_PYQ,NO,NONE,PRESERVE_AUTHENTIC_PYQ,VERIFIED_INTACT
q-ctet-2024-p1-cdp-q019,ctet-exam,subj-social,"जीन पियाजे के संज्ञानात्मक विकास के सिद्धांत के अनुसार, किस ",SINGLE_CORRECT_MCQ,hi,OFFICIAL_PYQ,NO,NONE,PRESERVE_AUTHENTIC_PYQ,VERIFIED_INTACT
q-ctet-2024-p1-cdp-q020,ctet-exam,subj-social,"जीन पियाजे के संज्ञानात्मक विकास के सिद्धांत के अनुसार, किस ",SINGLE_CORRECT_MCQ,hi,OFFICIAL_PYQ,NO,NONE,PRESERVE_AUTHENTIC_PYQ,VERIFIED_INTACT
q-ctet-2024-p1-cdp-q021,ctet-exam,subj-social,"जीन पियाजे के संज्ञानात्मक विकास के सिद्धांत के अनुसार, किस ",SINGLE_CORRECT_MCQ,hi,OFFICIAL_PYQ,NO,NONE,PRESERVE_AUTHENTIC_PYQ,VERIFIED_INTACT
q-ctet-2024-p1-cdp-q022,ctet-exam,subj-social,"जीन पियाजे के संज्ञानात्मक विकास के सिद्धांत के अनुसार, किस ",SINGLE_CORRECT_MCQ,hi,OFFICIAL_PYQ,NO,NONE,PRESERVE_AUTHENTIC_PYQ,VERIFIED_INTACT
q-ctet-2024-p1-cdp-q023,ctet-exam,subj-social,"जीन पियाजे के संज्ञानात्मक विकास के सिद्धांत के अनुसार, किस ",SINGLE_CORRECT_MCQ,hi,OFFICIAL_PYQ,NO,NONE,PRESERVE_AUTHENTIC_PYQ,VERIFIED_INTACT
q-ctet-2024-p1-cdp-q024,ctet-exam,subj-social,"जीन पियाजे के संज्ञानात्मक विकास के सिद्धांत के अनुसार, किस ",SINGLE_CORRECT_MCQ,hi,OFFICIAL_PYQ,NO,NONE,PRESERVE_AUTHENTIC_PYQ,VERIFIED_INTACT
q-ctet-2024-p1-cdp-q025,ctet-exam,subj-social,"जीन पियाजे के संज्ञानात्मक विकास के सिद्धांत के अनुसार, किस ",SINGLE_CORRECT_MCQ,hi,OFFICIAL_PYQ,NO,NONE,PRESERVE_AUTHENTIC_PYQ,VERIFIED_INTACT
q-ctet-2024-p1-cdp-q026,ctet-exam,subj-social,"जीन पियाजे के संज्ञानात्मक विकास के सिद्धांत के अनुसार, किस ",SINGLE_CORRECT_MCQ,hi,OFFICIAL_PYQ,NO,NONE,PRESERVE_AUTHENTIC_PYQ,VERIFIED_INTACT
q-ctet-2024-p1-cdp-q027,ctet-exam,subj-social,"जीन पियाजे के संज्ञानात्मक विकास के सिद्धांत के अनुसार, किस ",SINGLE_CORRECT_MCQ,hi,OFFICIAL_PYQ,NO,NONE,PRESERVE_AUTHENTIC_PYQ,VERIFIED_INTACT
q-ctet-2024-p1-cdp-q028,ctet-exam,subj-social,"जीन पियाजे के संज्ञानात्मक विकास के सिद्धांत के अनुसार, किस ",SINGLE_CORRECT_MCQ,hi,OFFICIAL_PYQ,NO,NONE,PRESERVE_AUTHENTIC_PYQ,VERIFIED_INTACT
q-ctet-2024-p1-cdp-q029,ctet-exam,subj-social,"जीन पियाजे के संज्ञानात्मक विकास के सिद्धांत के अनुसार, किस ",SINGLE_CORRECT_MCQ,hi,OFFICIAL_PYQ,NO,NONE,PRESERVE_AUTHENTIC_PYQ,VERIFIED_INTACT
q-ctet-2024-p1-cdp-q030,ctet-exam,subj-social,"जीन पियाजे के संज्ञानात्मक विकास के सिद्धांत के अनुसार, किस ",SINGLE_CORRECT_MCQ,hi,OFFICIAL_PYQ,NO,NONE,PRESERVE_AUTHENTIC_PYQ,VERIFIED_INTACT
q-hy-en-0001,general,subj-english,Neither of the two candidates _____ qualified for the interv,SINGLE_CORRECT_MCQ,hi,HUMAN_CURATED,NO,NONE,PRESERVE_PRACTICE_INVENTORY,VERIFIED_INTACT
q-hy-en-0002,general,subj-english,"The teacher, along with his students, _____ present at the s",SINGLE_CORRECT_MCQ,hi,HUMAN_CURATED,NO,NONE,PRESERVE_PRACTICE_INVENTORY,VERIFIED_INTACT
q-hy-en-0003,general,subj-english,Select the correct passive voice: 'The police caught the thi,SINGLE_CORRECT_MCQ,hi,HUMAN_CURATED,NO,NONE,PRESERVE_PRACTICE_INVENTORY,VERIFIED_INTACT
q-hy-en-0004,general,subj-english,Select the correct passive voice: 'She is writing a letter.',SINGLE_CORRECT_MCQ,hi,HUMAN_CURATED,NO,NONE,PRESERVE_PRACTICE_INVENTORY,VERIFIED_INTACT
q-hy-en-0005,general,subj-english,Change into indirect speech: The teacher said to the student,SINGLE_CORRECT_MCQ,hi,HUMAN_CURATED,NO,NONE,PRESERVE_PRACTICE_INVENTORY,VERIFIED_INTACT
q-hy-en-0006,general,subj-english,"Change into indirect speech: Rohan said, 'I have completed m",SINGLE_CORRECT_MCQ,hi,HUMAN_CURATED,NO,NONE,PRESERVE_PRACTICE_INVENTORY,VERIFIED_INTACT
q-hy-en-0007,general,subj-english,He is senior _____ me by two years.,SINGLE_CORRECT_MCQ,hi,HUMAN_CURATED,NO,NONE,PRESERVE_PRACTICE_INVENTORY,VERIFIED_INTACT
q-hy-en-0008,general,subj-english,He died _____ malaria after suffering for three weeks.,SINGLE_CORRECT_MCQ,hi,HUMAN_CURATED,NO,NONE,PRESERVE_PRACTICE_INVENTORY,VERIFIED_INTACT
q-hy-en-0009,general,subj-english,He is _____ honest officer who was awarded by the President.,SINGLE_CORRECT_MCQ,hi,HUMAN_CURATED,NO,NONE,PRESERVE_PRACTICE_INVENTORY,VERIFIED_INTACT
q-hy-en-0010,general,subj-english,She aspires to study in _____ European university.,SINGLE_CORRECT_MCQ,hi,HUMAN_CURATED,NO,NONE,PRESERVE_PRACTICE_INVENTORY,VERIFIED_INTACT
q-hy-en-0011,general,subj-english,What is the synonym of the word 'ABUNDANT'?,SINGLE_CORRECT_MCQ,hi,HUMAN_CURATED,NO,NONE,PRESERVE_PRACTICE_INVENTORY,VERIFIED_INTACT
q-hy-en-0012,general,subj-english,Select the synonym of 'DILIGENT':,SINGLE_CORRECT_MCQ,hi,HUMAN_CURATED,NO,NONE,PRESERVE_PRACTICE_INVENTORY,VERIFIED_INTACT
q-hy-en-0013,general,subj-english,What is the antonym of 'AFFLUENT'?,SINGLE_CORRECT_MCQ,hi,HUMAN_CURATED,NO,NONE,PRESERVE_PRACTICE_INVENTORY,VERIFIED_INTACT
q-hy-en-0014,general,subj-english,What is the antonym of 'OBSOLETE'?,SINGLE_CORRECT_MCQ,hi,HUMAN_CURATED,NO,NONE,PRESERVE_PRACTICE_INVENTORY,VERIFIED_INTACT
q-hy-en-0015,general,subj-english,The idiom 'Once in a blue moon' means:,SINGLE_CORRECT_MCQ,hi,HUMAN_CURATED,NO,NONE,PRESERVE_PRACTICE_INVENTORY,VERIFIED_INTACT
q-hy-en-0016,general,subj-english,The idiom 'Burn the midnight oil' means:,SINGLE_CORRECT_MCQ,hi,HUMAN_CURATED,NO,NONE,PRESERVE_PRACTICE_INVENTORY,VERIFIED_INTACT
q-hy-en-0017,general,subj-english,A person who loves or collects books is called a:,SINGLE_CORRECT_MCQ,hi,HUMAN_CURATED,NO,NONE,PRESERVE_PRACTICE_INVENTORY,VERIFIED_INTACT
q-hy-en-0018,general,subj-english,A remedy or cure for all diseases is called:,SINGLE_CORRECT_MCQ,hi,HUMAN_CURATED,NO,NONE,PRESERVE_PRACTICE_INVENTORY,VERIFIED_INTACT
q-hy-en-0019,general,subj-english,Identify the part containing an error: 'Bread and butter (A),SINGLE_CORRECT_MCQ,hi,HUMAN_CURATED,NO,NONE,PRESERVE_PRACTICE_INVENTORY,VERIFIED_INTACT
q-hy-en-0020,general,subj-english,Choose the correctly spelt word:,SINGLE_CORRECT_MCQ,hi,HUMAN_CURATED,NO,NONE,PRESERVE_PRACTICE_INVENTORY,VERIFIED_INTACT
q-hy-en-0021,general,subj-english,"If I _____ rich, I would help all the needy people in my tow",SINGLE_CORRECT_MCQ,hi,HUMAN_CURATED,NO,NONE,PRESERVE_PRACTICE_INVENTORY,VERIFIED_INTACT
q-hy-en-0022,general,subj-english,He has been living in this city _____ 2015.,SINGLE_CORRECT_MCQ,hi,HUMAN_CURATED,NO,NONE,PRESERVE_PRACTICE_INVENTORY,VERIFIED_INTACT
q-hy-en-0023,general,subj-english,Scarcely had he entered the room _____ the phone rang.,SINGLE_CORRECT_MCQ,hi,HUMAN_CURATED,NO,NONE,PRESERVE_PRACTICE_INVENTORY,VERIFIED_INTACT
q-hy-en-0024,general,subj-english,Select passive voice: 'Who broke this beautiful vase?',SINGLE_CORRECT_MCQ,hi,HUMAN_CURATED,NO,NONE,PRESERVE_PRACTICE_INVENTORY,VERIFIED_INTACT
q-hy-en-0025,general,subj-english,One who believes in the existence of God is called:,SINGLE_CORRECT_MCQ,hi,HUMAN_CURATED,NO,NONE,PRESERVE_PRACTICE_INVENTORY,VERIFIED_INTACT
q-hy-en-0026,general,subj-english,"If I _____ rich, I would help all the needy people in my tow",SINGLE_CORRECT_MCQ,hi,HUMAN_CURATED,NO,NONE,PRESERVE_PRACTICE_INVENTORY,VERIFIED_INTACT
q-hy-en-0027,general,subj-english,He has been living in this city _____ 2015.,SINGLE_CORRECT_MCQ,hi,HUMAN_CURATED,NO,NONE,PRESERVE_PRACTICE_INVENTORY,VERIFIED_INTACT
q-hy-en-0028,general,subj-english,Scarcely had he entered the room _____ the phone rang.,SINGLE_CORRECT_MCQ,hi,HUMAN_CURATED,NO,NONE,PRESERVE_PRACTICE_INVENTORY,VERIFIED_INTACT
q-hy-en-0029,general,subj-english,Select passive voice: 'Who broke this beautiful vase?',SINGLE_CORRECT_MCQ,hi,HUMAN_CURATED,NO,NONE,PRESERVE_PRACTICE_INVENTORY,VERIFIED_INTACT
q-hy-en-0030,general,subj-english,One who believes in the existence of God is called:,SINGLE_CORRECT_MCQ,hi,HUMAN_CURATED,NO,NONE,PRESERVE_PRACTICE_INVENTORY,VERIFIED_INTACT
q-hy-en-0031,general,subj-english,"If I _____ rich, I would help all the needy people in my tow",SINGLE_CORRECT_MCQ,hi,HUMAN_CURATED,NO,NONE,PRESERVE_PRACTICE_INVENTORY,VERIFIED_INTACT
q-hy-en-0032,general,subj-english,He has been living in this city _____ 2015.,SINGLE_CORRECT_MCQ,hi,HUMAN_CURATED,NO,NONE,PRESERVE_PRACTICE_INVENTORY,VERIFIED_INTACT
q-hy-en-0033,general,subj-english,Scarcely had he entered the room _____ the phone rang.,SINGLE_CORRECT_MCQ,hi,HUMAN_CURATED,NO,NONE,PRESERVE_PRACTICE_INVENTORY,VERIFIED_INTACT
q-hy-en-0034,general,subj-english,Select passive voice: 'Who broke this beautiful vase?',SINGLE_CORRECT_MCQ,hi,HUMAN_CURATED,NO,NONE,PRESERVE_PRACTICE_INVENTORY,VERIFIED_INTACT
q-hy-en-0035,general,subj-english,One who believes in the existence of God is called:,SINGLE_CORRECT_MCQ,hi,HUMAN_CURATED,NO,NONE,PRESERVE_PRACTICE_INVENTORY,VERIFIED_INTACT
q-hy-en-0036,general,subj-english,"If I _____ rich, I would help all the needy people in my tow",SINGLE_CORRECT_MCQ,hi,HUMAN_CURATED,NO,NONE,PRESERVE_PRACTICE_INVENTORY,VERIFIED_INTACT
q-hy-en-0037,general,subj-english,He has been living in this city _____ 2015.,SINGLE_CORRECT_MCQ,hi,HUMAN_CURATED,NO,NONE,PRESERVE_PRACTICE_INVENTORY,VERIFIED_INTACT
q-hy-en-0038,general,subj-english,Scarcely had he entered the room _____ the phone rang.,SINGLE_CORRECT_MCQ,hi,HUMAN_CURATED,NO,NONE,PRESERVE_PRACTICE_INVENTORY,VERIFIED_INTACT
q-hy-en-0039,general,subj-english,Select passive voice: 'Who broke this beautiful vase?',SINGLE_CORRECT_MCQ,hi,HUMAN_CURATED,NO,NONE,PRESERVE_PRACTICE_INVENTORY,VERIFIED_INTACT
q-hy-en-0040,general,subj-english,One who believes in the existence of God is called:,SINGLE_CORRECT_MCQ,hi,HUMAN_CURATED,NO,NONE,PRESERVE_PRACTICE_INVENTORY,VERIFIED_INTACT
q-hy-en-0041,general,subj-english,"If I _____ rich, I would help all the needy people in my tow",SINGLE_CORRECT_MCQ,hi,HUMAN_CURATED,NO,NONE,PRESERVE_PRACTICE_INVENTORY,VERIFIED_INTACT
q-hy-en-0042,general,subj-english,He has been living in this city _____ 2015.,SINGLE_CORRECT_MCQ,hi,HUMAN_CURATED,NO,NONE,PRESERVE_PRACTICE_INVENTORY,VERIFIED_INTACT
q-hy-en-0043,general,subj-english,Scarcely had he entered the room _____ the phone rang.,SINGLE_CORRECT_MCQ,hi,HUMAN_CURATED,NO,NONE,PRESERVE_PRACTICE_INVENTORY,VERIFIED_INTACT
q-hy-en-0044,general,subj-english,Select passive voice: 'Who broke this beautiful vase?',SINGLE_CORRECT_MCQ,hi,HUMAN_CURATED,NO,NONE,PRESERVE_PRACTICE_INVENTORY,VERIFIED_INTACT
q-hy-en-0045,general,subj-english,One who believes in the existence of God is called:,SINGLE_CORRECT_MCQ,hi,HUMAN_CURATED,NO,NONE,PRESERVE_PRACTICE_INVENTORY,VERIFIED_INTACT
q-hy-en-0046,general,subj-english,"If I _____ rich, I would help all the needy people in my tow",SINGLE_CORRECT_MCQ,hi,HUMAN_CURATED,NO,NONE,PRESERVE_PRACTICE_INVENTORY,VERIFIED_INTACT
q-hy-en-0047,general,subj-english,He has been living in this city _____ 2015.,SINGLE_CORRECT_MCQ,hi,HUMAN_CURATED,NO,NONE,PRESERVE_PRACTICE_INVENTORY,VERIFIED_INTACT
q-hy-en-0048,general,subj-english,Scarcely had he entered the room _____ the phone rang.,SINGLE_CORRECT_MCQ,hi,HUMAN_CURATED,NO,NONE,PRESERVE_PRACTICE_INVENTORY,VERIFIED_INTACT
q-hy-en-0049,general,subj-english,Select passive voice: 'Who broke this beautiful vase?',SINGLE_CORRECT_MCQ,hi,HUMAN_CURATED,NO,NONE,PRESERVE_PRACTICE_INVENTORY,VERIFIED_INTACT
q-hy-en-0050,general,subj-english,One who believes in the existence of God is called:,SINGLE_CORRECT_MCQ,hi,HUMAN_CURATED,NO,NONE,PRESERVE_PRACTICE_INVENTORY,VERIFIED_INTACT
q-hy-en-0051,general,subj-english,"If I _____ rich, I would help all the needy people in my tow",SINGLE_CORRECT_MCQ,hi,HUMAN_CURATED,NO,NONE,PRESERVE_PRACTICE_INVENTORY,VERIFIED_INTACT
q-hy-en-0052,general,subj-english,He has been living in this city _____ 2015.,SINGLE_CORRECT_MCQ,hi,HUMAN_CURATED,NO,NONE,PRESERVE_PRACTICE_INVENTORY,VERIFIED_INTACT
q-hy-en-0053,general,subj-english,Scarcely had he entered the room _____ the phone rang.,SINGLE_CORRECT_MCQ,hi,HUMAN_CURATED,NO,NONE,PRESERVE_PRACTICE_INVENTORY,VERIFIED_INTACT
q-hy-en-0054,general,subj-english,Select passive voice: 'Who broke this beautiful vase?',SINGLE_CORRECT_MCQ,hi,HUMAN_CURATED,NO,NONE,PRESERVE_PRACTICE_INVENTORY,VERIFIED_INTACT
q-hy-en-0055,general,subj-english,One who believes in the existence of God is called:,SINGLE_CORRECT_MCQ,hi,HUMAN_CURATED,NO,NONE,PRESERVE_PRACTICE_INVENTORY,VERIFIED_INTACT
q-hy-en-0056,general,subj-english,"If I _____ rich, I would help all the needy people in my tow",SINGLE_CORRECT_MCQ,hi,HUMAN_CURATED,NO,NONE,PRESERVE_PRACTICE_INVENTORY,VERIFIED_INTACT
q-hy-en-0057,general,subj-english,He has been living in this city _____ 2015.,SINGLE_CORRECT_MCQ,hi,HUMAN_CURATED,NO,NONE,PRESERVE_PRACTICE_INVENTORY,VERIFIED_INTACT
q-hy-en-0058,general,subj-english,Scarcely had he entered the room _____ the phone rang.,SINGLE_CORRECT_MCQ,hi,HUMAN_CURATED,NO,NONE,PRESERVE_PRACTICE_INVENTORY,VERIFIED_INTACT
q-hy-en-0059,general,subj-english,Select passive voice: 'Who broke this beautiful vase?',SINGLE_CORRECT_MCQ,hi,HUMAN_CURATED,NO,NONE,PRESERVE_PRACTICE_INVENTORY,VERIFIED_INTACT
q-hy-en-0060,general,subj-english,One who believes in the existence of God is called:,SINGLE_CORRECT_MCQ,hi,HUMAN_CURATED,NO,NONE,PRESERVE_PRACTICE_INVENTORY,VERIFIED_INTACT
q-hy-en-0061,general,subj-english,"If I _____ rich, I would help all the needy people in my tow",SINGLE_CORRECT_MCQ,hi,HUMAN_CURATED,NO,NONE,PRESERVE_PRACTICE_INVENTORY,VERIFIED_INTACT
q-hy-en-0062,general,subj-english,He has been living in this city _____ 2015.,SINGLE_CORRECT_MCQ,hi,HUMAN_CURATED,NO,NONE,PRESERVE_PRACTICE_INVENTORY,VERIFIED_INTACT
q-hy-en-0063,general,subj-english,Scarcely had he entered the room _____ the phone rang.,SINGLE_CORRECT_MCQ,hi,HUMAN_CURATED,NO,NONE,PRESERVE_PRACTICE_INVENTORY,VERIFIED_INTACT
q-hy-en-0064,general,subj-english,Select passive voice: 'Who broke this beautiful vase?',SINGLE_CORRECT_MCQ,hi,HUMAN_CURATED,NO,NONE,PRESERVE_PRACTICE_INVENTORY,VERIFIED_INTACT
q-hy-en-0065,general,subj-english,One who believes in the existence of God is called:,SINGLE_CORRECT_MCQ,hi,HUMAN_CURATED,NO,NONE,PRESERVE_PRACTICE_INVENTORY,VERIFIED_INTACT
q-hy-en-0066,general,subj-english,"If I _____ rich, I would help all the needy people in my tow",SINGLE_CORRECT_MCQ,hi,HUMAN_CURATED,NO,NONE,PRESERVE_PRACTICE_INVENTORY,VERIFIED_INTACT
q-hy-en-0067,general,subj-english,He has been living in this city _____ 2015.,SINGLE_CORRECT_MCQ,hi,HUMAN_CURATED,NO,NONE,PRESERVE_PRACTICE_INVENTORY,VERIFIED_INTACT
q-hy-en-0068,general,subj-english,Scarcely had he entered the room _____ the phone rang.,SINGLE_CORRECT_MCQ,hi,HUMAN_CURATED,NO,NONE,PRESERVE_PRACTICE_INVENTORY,VERIFIED_INTACT
q-hy-en-0069,general,subj-english,Select passive voice: 'Who broke this beautiful vase?',SINGLE_CORRECT_MCQ,hi,HUMAN_CURATED,NO,NONE,PRESERVE_PRACTICE_INVENTORY,VERIFIED_INTACT
q-hy-en-0070,general,subj-english,One who believes in the existence of God is called:,SINGLE_CORRECT_MCQ,hi,HUMAN_CURATED,NO,NONE,PRESERVE_PRACTICE_INVENTORY,VERIFIED_INTACT
q-hy-en-0071,general,subj-english,"If I _____ rich, I would help all the needy people in my tow",SINGLE_CORRECT_MCQ,hi,HUMAN_CURATED,NO,NONE,PRESERVE_PRACTICE_INVENTORY,VERIFIED_INTACT
q-hy-en-0072,general,subj-english,He has been living in this city _____ 2015.,SINGLE_CORRECT_MCQ,hi,HUMAN_CURATED,NO,NONE,PRESERVE_PRACTICE_INVENTORY,VERIFIED_INTACT
q-hy-en-0073,general,subj-english,Scarcely had he entered the room _____ the phone rang.,SINGLE_CORRECT_MCQ,hi,HUMAN_CURATED,NO,NONE,PRESERVE_PRACTICE_INVENTORY,VERIFIED_INTACT
q-hy-en-0074,general,subj-english,Select passive voice: 'Who broke this beautiful vase?',SINGLE_CORRECT_MCQ,hi,HUMAN_CURATED,NO,NONE,PRESERVE_PRACTICE_INVENTORY,VERIFIED_INTACT
q-hy-en-0075,general,subj-english,One who believes in the existence of God is called:,SINGLE_CORRECT_MCQ,hi,HUMAN_CURATED,NO,NONE,PRESERVE_PRACTICE_INVENTORY,VERIFIED_INTACT
q-hy-en-0076,general,subj-english,"If I _____ rich, I would help all the needy people in my tow",SINGLE_CORRECT_MCQ,hi,HUMAN_CURATED,NO,NONE,PRESERVE_PRACTICE_INVENTORY,VERIFIED_INTACT
q-hy-en-0077,general,subj-english,He has been living in this city _____ 2015.,SINGLE_CORRECT_MCQ,hi,HUMAN_CURATED,NO,NONE,PRESERVE_PRACTICE_INVENTORY,VERIFIED_INTACT
q-hy-en-0078,general,subj-english,Scarcely had he entered the room _____ the phone rang.,SINGLE_CORRECT_MCQ,hi,HUMAN_CURATED,NO,NONE,PRESERVE_PRACTICE_INVENTORY,VERIFIED_INTACT
q-hy-en-0079,general,subj-english,Select passive voice: 'Who broke this beautiful vase?',SINGLE_CORRECT_MCQ,hi,HUMAN_CURATED,NO,NONE,PRESERVE_PRACTICE_INVENTORY,VERIFIED_INTACT
q-hy-en-0080,general,subj-english,One who believes in the existence of God is called:,SINGLE_CORRECT_MCQ,hi,HUMAN_CURATED,NO,NONE,PRESERVE_PRACTICE_INVENTORY,VERIFIED_INTACT
q-hy-en-0081,general,subj-english,"If I _____ rich, I would help all the needy people in my tow",SINGLE_CORRECT_MCQ,hi,HUMAN_CURATED,NO,NONE,PRESERVE_PRACTICE_INVENTORY,VERIFIED_INTACT
q-hy-en-0082,general,subj-english,He has been living in this city _____ 2015.,SINGLE_CORRECT_MCQ,hi,HUMAN_CURATED,NO,NONE,PRESERVE_PRACTICE_INVENTORY,VERIFIED_INTACT
q-hy-en-0083,general,subj-english,Scarcely had he entered the room _____ the phone rang.,SINGLE_CORRECT_MCQ,hi,HUMAN_CURATED,NO,NONE,PRESERVE_PRACTICE_INVENTORY,VERIFIED_INTACT
q-hy-en-0084,general,subj-english,Select passive voice: 'Who broke this beautiful vase?',SINGLE_CORRECT_MCQ,hi,HUMAN_CURATED,NO,NONE,PRESERVE_PRACTICE_INVENTORY,VERIFIED_INTACT
q-hy-en-0085,general,subj-english,One who believes in the existence of God is called:,SINGLE_CORRECT_MCQ,hi,HUMAN_CURATED,NO,NONE,PRESERVE_PRACTICE_INVENTORY,VERIFIED_INTACT
q-hy-hi-0001,general,subj-hindi,हिंदी वर्णमाला में मूल स्वरों (ह्रस्व स्वर) की कुल संख्या कि,SINGLE_CORRECT_MCQ,hi,HUMAN_CURATED,NO,NONE,PRESERVE_PRACTICE_INVENTORY,VERIFIED_INTACT
q-hy-hi-0002,general,subj-hindi,'क' वर्ग का उच्चारण स्थान क्या है?,SINGLE_CORRECT_MCQ,hi,HUMAN_CURATED,NO,NONE,PRESERVE_PRACTICE_INVENTORY,VERIFIED_INTACT
q-hy-hi-0003,general,subj-hindi,'विद्यालय' का सही संधि-विच्छेद क्या होगा?,SINGLE_CORRECT_MCQ,hi,HUMAN_CURATED,NO,NONE,PRESERVE_PRACTICE_INVENTORY,VERIFIED_INTACT
q-hy-hi-0004,general,subj-hindi,'सूर्योदय' में कौन सी संधि है?,SINGLE_CORRECT_MCQ,hi,HUMAN_CURATED,NO,NONE,PRESERVE_PRACTICE_INVENTORY,VERIFIED_INTACT
q-hy-hi-0005,general,subj-hindi,'सदैव' का सही संधि-विच्छेद क्या है?,SINGLE_CORRECT_MCQ,hi,HUMAN_CURATED,NO,NONE,PRESERVE_PRACTICE_INVENTORY,VERIFIED_INTACT
q-hy-hi-0006,general,subj-hindi,'स्वागतम्' का सही संधि-विच्छेद क्या होगा?,SINGLE_CORRECT_MCQ,hi,HUMAN_CURATED,NO,NONE,PRESERVE_PRACTICE_INVENTORY,VERIFIED_INTACT
q-hy-hi-0007,general,subj-hindi,'पवन' का सही संधि-विच्छेद क्या होगा?,SINGLE_CORRECT_MCQ,hi,HUMAN_CURATED,NO,NONE,PRESERVE_PRACTICE_INVENTORY,VERIFIED_INTACT
q-hy-hi-0008,general,subj-hindi,'सज्जन' का सही संधि-विच्छेद क्या होगा?,SINGLE_CORRECT_MCQ,hi,HUMAN_CURATED,NO,NONE,PRESERVE_PRACTICE_INVENTORY,VERIFIED_INTACT
q-hy-hi-0009,general,subj-hindi,'जगदीश' का सही संधि-विच्छेद क्या है?,SINGLE_CORRECT_MCQ,hi,HUMAN_CURATED,NO,NONE,PRESERVE_PRACTICE_INVENTORY,VERIFIED_INTACT
q-hy-hi-0010,general,subj-hindi,'मनोरथ' का सही संधि-विच्छेद क्या होगा?,SINGLE_CORRECT_MCQ,hi,HUMAN_CURATED,NO,NONE,PRESERVE_PRACTICE_INVENTORY,VERIFIED_INTACT
q-hy-hi-0011,general,subj-hindi,'यथाशक्ति' में कौन सा समास है?,SINGLE_CORRECT_MCQ,hi,HUMAN_CURATED,NO,NONE,PRESERVE_PRACTICE_INVENTORY,VERIFIED_INTACT
q-hy-hi-0012,general,subj-hindi,'राजपुत्र' (राजा का पुत्र) में कौन सा समास है?,SINGLE_CORRECT_MCQ,hi,HUMAN_CURATED,NO,NONE,PRESERVE_PRACTICE_INVENTORY,VERIFIED_INTACT
q-hy-hi-0013,general,subj-hindi,'नीलकमल' में कौन सा समास है?,SINGLE_CORRECT_MCQ,hi,HUMAN_CURATED,NO,NONE,PRESERVE_PRACTICE_INVENTORY,VERIFIED_INTACT
q-hy-hi-0014,general,subj-hindi,'चौराहा' में कौन सा समास है?,SINGLE_CORRECT_MCQ,hi,HUMAN_CURATED,NO,NONE,PRESERVE_PRACTICE_INVENTORY,VERIFIED_INTACT
q-hy-hi-0015,general,subj-hindi,'माता-पिता' में कौन सा समास है?,SINGLE_CORRECT_MCQ,hi,HUMAN_CURATED,NO,NONE,PRESERVE_PRACTICE_INVENTORY,VERIFIED_INTACT
q-hy-hi-0016,general,subj-hindi,'दशानन' (दस हैं आनन जिसके अर्थात् रावण) में कौन सा समास है?,SINGLE_CORRECT_MCQ,hi,HUMAN_CURATED,NO,NONE,PRESERVE_PRACTICE_INVENTORY,VERIFIED_INTACT
q-hy-hi-0017,general,subj-hindi,'पीतांबर' (पीले हैं वस्त्र जिसके अर्थात् श्रीकृष्ण) में कौन ,SINGLE_CORRECT_MCQ,hi,HUMAN_CURATED,NO,NONE,PRESERVE_PRACTICE_INVENTORY,VERIFIED_INTACT
q-hy-hi-0018,general,subj-hindi,'अपमान' शब्द में कौन सा उपसर्ग प्रयुक्त हुआ है?,SINGLE_CORRECT_MCQ,hi,HUMAN_CURATED,NO,NONE,PRESERVE_PRACTICE_INVENTORY,VERIFIED_INTACT
q-hy-hi-0019,general,subj-hindi,'अत्यधिक' शब्द में कौन सा उपसर्ग लगा है?,SINGLE_CORRECT_MCQ,hi,HUMAN_CURATED,NO,NONE,PRESERVE_PRACTICE_INVENTORY,VERIFIED_INTACT
q-hy-hi-0020,general,subj-hindi,'मिठास' शब्द में किस प्रत्यय का प्रयोग हुआ है?,SINGLE_CORRECT_MCQ,hi,HUMAN_CURATED,NO,NONE,PRESERVE_PRACTICE_INVENTORY,VERIFIED_INTACT
q-hy-hi-0021,general,subj-hindi,'लिखावट' शब्द में कौन सा प्रत्यय है?,SINGLE_CORRECT_MCQ,hi,HUMAN_CURATED,NO,NONE,PRESERVE_PRACTICE_INVENTORY,VERIFIED_INTACT
q-hy-hi-0022,general,subj-hindi,'बुढ़ापा' शब्द किस प्रकार की संज्ञा है?,SINGLE_CORRECT_MCQ,hi,HUMAN_CURATED,NO,NONE,PRESERVE_PRACTICE_INVENTORY,VERIFIED_INTACT
q-hy-hi-0023,general,subj-hindi,'गंगा' शब्द में कौन सी संज्ञा है?,SINGLE_CORRECT_MCQ,hi,HUMAN_CURATED,NO,NONE,PRESERVE_PRACTICE_INVENTORY,VERIFIED_INTACT
q-hy-hi-0024,general,subj-hindi,हिंदी में सर्वनाम के कुल कितने मुख्य भेद होते हैं?,SINGLE_CORRECT_MCQ,hi,HUMAN_CURATED,NO,NONE,PRESERVE_PRACTICE_INVENTORY,VERIFIED_INTACT
q-hy-hi-0025,general,subj-hindi,'मैं अपना काम स्वयं कर लूंगा' में 'स्वयं' किस प्रकार का सर्व,SINGLE_CORRECT_MCQ,hi,HUMAN_CURATED,NO,NONE,PRESERVE_PRACTICE_INVENTORY,VERIFIED_INTACT
q-hy-hi-0026,general,subj-hindi,'चार लीटर दूध' में कौन सा विशेषण है?,SINGLE_CORRECT_MCQ,hi,HUMAN_CURATED,NO,NONE,PRESERVE_PRACTICE_INVENTORY,VERIFIED_INTACT
q-hy-hi-0027,general,subj-hindi,'पेड़ से पत्ता गिरा' - इस वाक्य में 'पेड़ से' में कौन सा कार,SINGLE_CORRECT_MCQ,hi,HUMAN_CURATED,NO,NONE,PRESERVE_PRACTICE_INVENTORY,VERIFIED_INTACT
q-hy-hi-0028,general,subj-hindi,'राम ने रावण को बाण से मारा' में 'बाण से' में कौन सा कारक है,SINGLE_CORRECT_MCQ,hi,HUMAN_CURATED,NO,NONE,PRESERVE_PRACTICE_INVENTORY,VERIFIED_INTACT
q-hy-hi-0029,general,subj-hindi,"जिस क्रिया का फल कर्ता पर न पड़कर कर्म पर पड़े, उसे क्या कहत",SINGLE_CORRECT_MCQ,hi,HUMAN_CURATED,NO,NONE,PRESERVE_PRACTICE_INVENTORY,VERIFIED_INTACT
q-hy-hi-0030,general,subj-hindi,'मां बच्चे को नौकरानी से दूध पिलवाती है' में 'पिलवाती है' कै,SINGLE_CORRECT_MCQ,hi,HUMAN_CURATED,NO,NONE,PRESERVE_PRACTICE_INVENTORY,VERIFIED_INTACT
q-hy-hi-0031,general,subj-hindi,वह विद्यालय गया था' किस काल का उदाहरण है?,SINGLE_CORRECT_MCQ,hi,HUMAN_CURATED,NO,NONE,PRESERVE_PRACTICE_INVENTORY,VERIFIED_INTACT
q-hy-hi-0032,general,subj-hindi,'मुझसे चला नहीं जाता' इस वाक्य में कौन सा वाच्य है?,SINGLE_CORRECT_MCQ,hi,HUMAN_CURATED,NO,NONE,PRESERVE_PRACTICE_INVENTORY,VERIFIED_INTACT
q-hy-hi-0033,general,subj-hindi,'अनुराग' का सही विलोम शब्द क्या होगा?,SINGLE_CORRECT_MCQ,hi,HUMAN_CURATED,NO,NONE,PRESERVE_PRACTICE_INVENTORY,VERIFIED_INTACT
q-hy-hi-0034,general,subj-hindi,'उत्कर्ष' का सही विलोम शब्द क्या है?,SINGLE_CORRECT_MCQ,hi,HUMAN_CURATED,NO,NONE,PRESERVE_PRACTICE_INVENTORY,VERIFIED_INTACT
q-hy-hi-0035,general,subj-hindi,'स्थावर' का उपयुक्त विलोम शब्द क्या है?,SINGLE_CORRECT_MCQ,hi,HUMAN_CURATED,NO,NONE,PRESERVE_PRACTICE_INVENTORY,VERIFIED_INTACT
q-hy-hi-0036,general,subj-hindi,'तिमिर' का विलोम शब्द क्या होगा?,SINGLE_CORRECT_MCQ,hi,HUMAN_CURATED,NO,NONE,PRESERVE_PRACTICE_INVENTORY,VERIFIED_INTACT
q-hy-hi-0037,general,subj-hindi,निम्न में से कौन सा शब्द 'कमल' का पर्यायवाची नहीं है?,SINGLE_CORRECT_MCQ,hi,HUMAN_CURATED,NO,NONE,PRESERVE_PRACTICE_INVENTORY,VERIFIED_INTACT
q-hy-hi-0038,general,subj-hindi,'अग्नि' का पर्यायवाची शब्द कौन सा है?,SINGLE_CORRECT_MCQ,hi,HUMAN_CURATED,NO,NONE,PRESERVE_PRACTICE_INVENTORY,VERIFIED_INTACT
q-hy-hi-0039,general,subj-hindi,'सूर्य' का पर्यायवाची शब्द निम्न में से कौन सा है?,SINGLE_CORRECT_MCQ,hi,HUMAN_CURATED,NO,NONE,PRESERVE_PRACTICE_INVENTORY,VERIFIED_INTACT
q-hy-hi-0040,general,subj-hindi,'गंगा' का पर्यायवाची शब्द क्या है?,SINGLE_CORRECT_MCQ,hi,HUMAN_CURATED,NO,NONE,PRESERVE_PRACTICE_INVENTORY,VERIFIED_INTACT
q-hy-hi-0041,general,subj-hindi,'अमृत' का पर्यायवाची शब्द कौन सा है?,SINGLE_CORRECT_MCQ,hi,HUMAN_CURATED,NO,NONE,PRESERVE_PRACTICE_INVENTORY,VERIFIED_INTACT
q-hy-hi-0042,general,subj-hindi,'आग' का तत्सम रूप क्या होगा?,SINGLE_CORRECT_MCQ,hi,HUMAN_CURATED,NO,NONE,PRESERVE_PRACTICE_INVENTORY,VERIFIED_INTACT
q-hy-hi-0043,general,subj-hindi,'खीर' का सही तत्सम शब्द क्या है?,SINGLE_CORRECT_MCQ,hi,HUMAN_CURATED,NO,NONE,PRESERVE_PRACTICE_INVENTORY,VERIFIED_INTACT
q-hy-hi-0044,general,subj-hindi,'अक्ष' का तद्भव रूप क्या होगा?,SINGLE_CORRECT_MCQ,hi,HUMAN_CURATED,NO,NONE,PRESERVE_PRACTICE_INVENTORY,VERIFIED_INTACT
q-hy-hi-0045,general,subj-hindi,"जो सब कुछ जानता हो, उसे क्या कहते हैं?",SINGLE_CORRECT_MCQ,hi,HUMAN_CURATED,NO,NONE,PRESERVE_PRACTICE_INVENTORY,VERIFIED_INTACT
q-hy-hi-0046,general,subj-hindi,उपकार को मानने वाला क्या कहलाता है?,SINGLE_CORRECT_MCQ,hi,HUMAN_CURATED,NO,NONE,PRESERVE_PRACTICE_INVENTORY,VERIFIED_INTACT
q-hy-hi-0047,general,subj-hindi,"जिसका कोई शत्रु न जन्मा हो, उसे क्या कहते हैं?",SINGLE_CORRECT_MCQ,hi,HUMAN_CURATED,NO,NONE,PRESERVE_PRACTICE_INVENTORY,VERIFIED_INTACT
q-hy-hi-0048,general,subj-hindi,दोपहर के बाद का समय क्या कहलाता है?,SINGLE_CORRECT_MCQ,hi,HUMAN_CURATED,NO,NONE,PRESERVE_PRACTICE_INVENTORY,VERIFIED_INTACT
q-hy-hi-0049,general,subj-hindi,'अंगूठा दिखाना' मुहावरे का सही अर्थ क्या है?,SINGLE_CORRECT_MCQ,hi,HUMAN_CURATED,NO,NONE,PRESERVE_PRACTICE_INVENTORY,VERIFIED_INTACT
q-hy-hi-0050,general,subj-hindi,'नौ दो ग्यारह होना' मुहावरे का अर्थ क्या है?,SINGLE_CORRECT_MCQ,hi,HUMAN_CURATED,NO,NONE,PRESERVE_PRACTICE_INVENTORY,VERIFIED_INTACT
q-hy-hi-0051,general,subj-hindi,'गागर में सागर भरना' का क्या अर्थ है?,SINGLE_CORRECT_MCQ,hi,HUMAN_CURATED,NO,NONE,PRESERVE_PRACTICE_INVENTORY,VERIFIED_INTACT
q-hy-hi-0052,general,subj-hindi,'आंखों का तारा होना' का क्या अर्थ है?,SINGLE_CORRECT_MCQ,hi,HUMAN_CURATED,NO,NONE,PRESERVE_PRACTICE_INVENTORY,VERIFIED_INTACT
q-hy-hi-0053,general,subj-hindi,'ईंट से ईंट बजाना' मुहावरे का सही अर्थ क्या है?,SINGLE_CORRECT_MCQ,hi,HUMAN_CURATED,NO,NONE,PRESERVE_PRACTICE_INVENTORY,VERIFIED_INTACT
q-hy-hi-0054,general,subj-hindi,'नाच न जाने आँगन टेढ़ा' कहावत का सही अर्थ क्या है?,SINGLE_CORRECT_MCQ,hi,HUMAN_CURATED,NO,NONE,PRESERVE_PRACTICE_INVENTORY,VERIFIED_INTACT
q-hy-hi-0055,general,subj-hindi,काव्य में 'रस' के कितने मुख्य भेद माने गए हैं तथा भरतमुनि ने,SINGLE_CORRECT_MCQ,hi,HUMAN_CURATED,NO,NONE,PRESERVE_PRACTICE_INVENTORY,VERIFIED_INTACT
q-hy-hi-0056,general,subj-hindi,'श्रृंगार रस' का स्थायी भाव क्या है?,SINGLE_CORRECT_MCQ,hi,HUMAN_CURATED,NO,NONE,PRESERVE_PRACTICE_INVENTORY,VERIFIED_INTACT
q-hy-hi-0057,general,subj-hindi,'करुण रस' का स्थायी भाव क्या है?,SINGLE_CORRECT_MCQ,hi,HUMAN_CURATED,NO,NONE,PRESERVE_PRACTICE_INVENTORY,VERIFIED_INTACT
q-hy-hi-0058,general,subj-hindi,'वीर रस' का स्थायी भाव क्या है?,SINGLE_CORRECT_MCQ,hi,HUMAN_CURATED,NO,NONE,PRESERVE_PRACTICE_INVENTORY,VERIFIED_INTACT
q-hy-hi-0059,general,subj-hindi,'रौद्र रस' का स्थायी भाव क्या है?,SINGLE_CORRECT_MCQ,hi,HUMAN_CURATED,NO,NONE,PRESERVE_PRACTICE_INVENTORY,VERIFIED_INTACT
q-hy-hi-0060,general,subj-hindi,'तरनि तनूजा तट तमाल तरुवर बहु छाये' में कौन सा अलंकार है?,SINGLE_CORRECT_MCQ,hi,HUMAN_CURATED,NO,NONE,PRESERVE_PRACTICE_INVENTORY,VERIFIED_INTACT
q-hy-hi-0061,general,subj-hindi,'कनक कनक ते सौ गुनी मादकता अधिकाय' में कौन सा अलंकार है?,SINGLE_CORRECT_MCQ,hi,HUMAN_CURATED,NO,NONE,PRESERVE_PRACTICE_INVENTORY,VERIFIED_INTACT
q-hy-hi-0062,general,subj-hindi,"'रहिमन पानी राखिये, बिन पानी सब सून। पानी गये न ऊबरै, मोती म",SINGLE_CORRECT_MCQ,hi,HUMAN_CURATED,NO,NONE,PRESERVE_PRACTICE_INVENTORY,VERIFIED_INTACT
q-hy-hi-0063,general,subj-hindi,'पीपर पात सरिस मन डोला' पंक्ति में कौन सा अलंकार है?,SINGLE_CORRECT_MCQ,hi,HUMAN_CURATED,NO,NONE,PRESERVE_PRACTICE_INVENTORY,VERIFIED_INTACT
q-hy-hi-0064,general,subj-hindi,'चरण कमल बन्दौ हरिराई' में कौन सा अलंकार है?,SINGLE_CORRECT_MCQ,hi,HUMAN_CURATED,NO,NONE,PRESERVE_PRACTICE_INVENTORY,VERIFIED_INTACT
q-hy-hi-0065,general,subj-hindi,"जिन पंक्तियों में 'मानो', 'जानो', 'मनहुँ', 'जनु' आदि वाचक शब",SINGLE_CORRECT_MCQ,hi,HUMAN_CURATED,NO,NONE,PRESERVE_PRACTICE_INVENTORY,VERIFIED_INTACT
q-hy-hi-0066,general,subj-hindi,'चौपाई' किस प्रकार का छंद है और इसके प्रत्येक चरण में कितनी ,SINGLE_CORRECT_MCQ,hi,HUMAN_CURATED,NO,NONE,PRESERVE_PRACTICE_INVENTORY,VERIFIED_INTACT
q-hy-hi-0067,general,subj-hindi,'दोहा' छंद के पहले और तीसरे चरण में कितनी मात्राएं होती हैं?,SINGLE_CORRECT_MCQ,hi,HUMAN_CURATED,NO,NONE,PRESERVE_PRACTICE_INVENTORY,VERIFIED_INTACT
q-hy-hi-0068,general,subj-hindi,'सोरठा' छंद किसका उल्टा होता है?,SINGLE_CORRECT_MCQ,hi,HUMAN_CURATED,NO,NONE,PRESERVE_PRACTICE_INVENTORY,VERIFIED_INTACT
q-hy-hi-0069,general,subj-hindi,निम्न में से कौन सा वाक्य शुद्ध है?,SINGLE_CORRECT_MCQ,hi,HUMAN_CURATED,NO,NONE,PRESERVE_PRACTICE_INVENTORY,VERIFIED_INTACT
q-hy-hi-0070,general,subj-hindi,शुद्ध वर्तनी वाला शब्द चुनिए:,SINGLE_CORRECT_MCQ,hi,HUMAN_CURATED,NO,NONE,PRESERVE_PRACTICE_INVENTORY,VERIFIED_INTACT
q-hy-hi-0071,general,subj-hindi,शुद्ध वर्तनी वाला शब्द कौन सा है?,SINGLE_CORRECT_MCQ,hi,HUMAN_CURATED,NO,NONE,PRESERVE_PRACTICE_INVENTORY,VERIFIED_INTACT
q-hy-hi-0072,general,subj-hindi,शुद्ध वर्तनी का चयन कीजिए:,SINGLE_CORRECT_MCQ,hi,HUMAN_CURATED,NO,NONE,PRESERVE_PRACTICE_INVENTORY,VERIFIED_INTACT
q-hy-hi-0073,general,subj-hindi,प्रसिद्ध उपन्यास 'गोदान' के लेखक कौन हैं?,SINGLE_CORRECT_MCQ,hi,HUMAN_CURATED,NO,NONE,PRESERVE_PRACTICE_INVENTORY,VERIFIED_INTACT
q-hy-hi-0074,general,subj-hindi,छायावाद के चार प्रमुख स्तंभों में कौन शामिल नहीं हैं?,SINGLE_CORRECT_MCQ,hi,HUMAN_CURATED,NO,NONE,PRESERVE_PRACTICE_INVENTORY,VERIFIED_INTACT
q-hy-hi-0075,general,subj-hindi,'कामायनी' महाकाव्य के रचयिता कौन हैं?,SINGLE_CORRECT_MCQ,hi,HUMAN_CURATED,NO,NONE,PRESERVE_PRACTICE_INVENTORY,VERIFIED_INTACT
q-hy-hi-0076,general,subj-hindi,'रामचरितमानस' किस भाषा में रचित है?,SINGLE_CORRECT_MCQ,hi,HUMAN_CURATED,NO,NONE,PRESERVE_PRACTICE_INVENTORY,VERIFIED_INTACT
q-hy-hi-0077,general,subj-hindi,मैथिलीशरण गुप्त की प्रसिद्ध रचना 'साकेत' किस पात्र पर केंद्र,SINGLE_CORRECT_MCQ,hi,HUMAN_CURATED,NO,NONE,PRESERVE_PRACTICE_INVENTORY,VERIFIED_INTACT
q-hy-hi-0078,general,subj-hindi,हिन्दी साहित्य में प्रथम ज्ञानपीठ पुरस्कार किस रचनाकार को मि,SINGLE_CORRECT_MCQ,hi,HUMAN_CURATED,NO,NONE,PRESERVE_PRACTICE_INVENTORY,VERIFIED_INTACT
q-hy-hi-0079,general,subj-hindi,महादेवी वर्मा को किस काव्य-कृति के लिए ज्ञानपीठ पुरस्कार (19,SINGLE_CORRECT_MCQ,hi,HUMAN_CURATED,NO,NONE,PRESERVE_PRACTICE_INVENTORY,VERIFIED_INTACT
q-hy-hi-0080,general,subj-hindi,'कुरुक्षेत्र' एवं 'उर्वशी' के रचनाकार कौन हैं?,SINGLE_CORRECT_MCQ,hi,HUMAN_CURATED,NO,NONE,PRESERVE_PRACTICE_INVENTORY,VERIFIED_INTACT
q-hy-hi-0081,general,subj-hindi,प्रसिद्ध रचना 'मधुशाला' के रचयिता कौन हैं?,SINGLE_CORRECT_MCQ,hi,HUMAN_CURATED,NO,NONE,PRESERVE_PRACTICE_INVENTORY,VERIFIED_INTACT
q-hy-hi-0082,general,subj-hindi,कबीरदास की रचनाओं का प्रमाणिक संग्रह किस नाम से जाना जाता है,SINGLE_CORRECT_MCQ,hi,HUMAN_CURATED,NO,NONE,PRESERVE_PRACTICE_INVENTORY,VERIFIED_INTACT
q-hy-hi-0083,general,subj-hindi,'सूरसागर' एवं 'साहित्य लहरी' के रचयिता कौन हैं?,SINGLE_CORRECT_MCQ,hi,HUMAN_CURATED,NO,NONE,PRESERVE_PRACTICE_INVENTORY,VERIFIED_INTACT
q-hy-hi-0084,general,subj-hindi,'हिन्दी साहित्य का इतिहास' (1929) के प्रमाणिक लेखक कौन हैं?,SINGLE_CORRECT_MCQ,hi,HUMAN_CURATED,NO,NONE,PRESERVE_PRACTICE_INVENTORY,VERIFIED_INTACT
q-hy-hi-0085,general,subj-hindi,भारतीय संविधान के किस अनुच्छेद में हिन्दी को भारत की राजभाषा,SINGLE_CORRECT_MCQ,hi,HUMAN_CURATED,NO,NONE,PRESERVE_PRACTICE_INVENTORY,VERIFIED_INTACT
q-hy-math-0001,general,subj-math,दो संख्याओं का म०स० (HCF) 15 तथा ल०स० (LCM) 300 है। यदि एक स,SINGLE_CORRECT_MCQ,hi,HUMAN_CURATED,NO,NONE,PRESERVE_PRACTICE_INVENTORY,VERIFIED_INTACT
q-hy-math-0002,general,subj-math,140 को अभाज्य गुणनखंडों के गुणनफल के रूप में कैसे लिखा जाएगा,SINGLE_CORRECT_MCQ,hi,HUMAN_CURATED,NO,NONE,PRESERVE_PRACTICE_INVENTORY,VERIFIED_INTACT
q-hy-math-0003,general,subj-math,निम्न में से कौन सी संख्या एक अपरिमेय संख्या (Irrational Num,SINGLE_CORRECT_MCQ,hi,HUMAN_CURATED,NO,NONE,PRESERVE_PRACTICE_INVENTORY,VERIFIED_INTACT
q-hy-math-0004,general,subj-math,परिमेय संख्या 17 / 8 का दशमलव प्रसार कैसा होगा?,SINGLE_CORRECT_MCQ,hi,HUMAN_CURATED,NO,NONE,PRESERVE_PRACTICE_INVENTORY,VERIFIED_INTACT
q-hy-math-0005,general,subj-math,द्विघात बहुपद ax² + bx + c के शून्यांकों का योगफल (α + β) क्,SINGLE_CORRECT_MCQ,hi,HUMAN_CURATED,NO,NONE,PRESERVE_PRACTICE_INVENTORY,VERIFIED_INTACT
q-hy-math-0006,general,subj-math,एक द्विघात बहुपद ज्ञात कीजिए जिसके शून्यांकों का योग 4 तथा ग,SINGLE_CORRECT_MCQ,hi,HUMAN_CURATED,NO,NONE,PRESERVE_PRACTICE_INVENTORY,VERIFIED_INTACT
q-hy-math-0007,general,subj-math,समीकरण निकाय a₁x + b₁y + c₁ = 0 और a₂x + b₂y + c₂ = 0 का एक ,SINGLE_CORRECT_MCQ,hi,HUMAN_CURATED,NO,NONE,PRESERVE_PRACTICE_INVENTORY,VERIFIED_INTACT
q-hy-math-0008,general,subj-math,"जब a₁/a₂ = b₁/b₂ = c₁/c₂ हो, तो समीकरण निकाय के कितने हल होत",SINGLE_CORRECT_MCQ,hi,HUMAN_CURATED,NO,NONE,PRESERVE_PRACTICE_INVENTORY,VERIFIED_INTACT
q-hy-math-0009,general,subj-math,k के किस मान के लिए समीकरण 2x + 3y = 7 तथा 4x + ky = 12 का क,SINGLE_CORRECT_MCQ,hi,HUMAN_CURATED,NO,NONE,PRESERVE_PRACTICE_INVENTORY,VERIFIED_INTACT
q-hy-math-0010,general,subj-math,द्विघात समीकरण ax² + bx + c = 0 का विविक्तकर (D) क्या होता ह,SINGLE_CORRECT_MCQ,hi,HUMAN_CURATED,NO,NONE,PRESERVE_PRACTICE_INVENTORY,VERIFIED_INTACT
q-hy-math-0011,general,subj-math,समीकरण 2x² - 4x + 3 = 0 के मूलों की प्रकृति क्या होगी?,SINGLE_CORRECT_MCQ,hi,HUMAN_CURATED,NO,NONE,PRESERVE_PRACTICE_INVENTORY,VERIFIED_INTACT
q-hy-math-0012,general,subj-math,"यदि समीकरण 2x² - kx + 2 = 0 के मूल समान (Equal) हों, तो k का",SINGLE_CORRECT_MCQ,hi,HUMAN_CURATED,NO,NONE,PRESERVE_PRACTICE_INVENTORY,VERIFIED_INTACT
q-hy-math-0013,general,subj-math,"A.P. 3, 8, 13, 18, ... का 10वाँ पद क्या होगा?",SINGLE_CORRECT_MCQ,hi,HUMAN_CURATED,NO,NONE,PRESERVE_PRACTICE_INVENTORY,VERIFIED_INTACT
q-hy-math-0014,general,subj-math,प्रथम 100 धन पूर्णांकों (1 + 2 + 3 + ... + 100) का योगफल क्य,SINGLE_CORRECT_MCQ,hi,HUMAN_CURATED,NO,NONE,PRESERVE_PRACTICE_INVENTORY,VERIFIED_INTACT
q-hy-math-0015,general,subj-math,"A.P. 7, 13, 19, ..., 205 में कुल कितने पद हैं?",SINGLE_CORRECT_MCQ,hi,HUMAN_CURATED,NO,NONE,PRESERVE_PRACTICE_INVENTORY,VERIFIED_INTACT
q-hy-math-0016,general,subj-math,"△ABC में DE ∥ BC है। यदि AD = 1.5 cm, DB = 3 cm, AE = 1 cm ह",SINGLE_CORRECT_MCQ,hi,HUMAN_CURATED,NO,NONE,PRESERVE_PRACTICE_INVENTORY,VERIFIED_INTACT
q-hy-math-0017,general,subj-math,दो समरूप त्रिभुजों की भुजाओं का अनुपात 4 : 9 है। इनके क्षेत्,SINGLE_CORRECT_MCQ,hi,HUMAN_CURATED,NO,NONE,PRESERVE_PRACTICE_INVENTORY,VERIFIED_INTACT
q-hy-math-0018,general,subj-math,एक समकोण त्रिभुज का कर्ण 13 सेमी और एक भुजा 5 सेमी है। तीसरी,SINGLE_CORRECT_MCQ,hi,HUMAN_CURATED,NO,NONE,PRESERVE_PRACTICE_INVENTORY,VERIFIED_INTACT
q-hy-math-0019,general,subj-math,"बिन्दुओं (2, 3) और (4, 1) के बीच की दूरी क्या होगी?",SINGLE_CORRECT_MCQ,hi,HUMAN_CURATED,NO,NONE,PRESERVE_PRACTICE_INVENTORY,VERIFIED_INTACT
q-hy-math-0020,general,subj-math,"बिन्दु (-6, 8) की मूलबिन्दु (Origin) से दूरी क्या होगी?",SINGLE_CORRECT_MCQ,hi,HUMAN_CURATED,NO,NONE,PRESERVE_PRACTICE_INVENTORY,VERIFIED_INTACT
q-hy-math-0021,general,subj-math,"बिन्दुओं (-5, 7) और (-1, 3) को मिलाने वाले रेखाखंड के मध्य-ब",SINGLE_CORRECT_MCQ,hi,HUMAN_CURATED,NO,NONE,PRESERVE_PRACTICE_INVENTORY,VERIFIED_INTACT
q-hy-math-0022,general,subj-math,sin 60° × cos 30° + cos 60° × sin 30° का मान क्या होगा?,SINGLE_CORRECT_MCQ,hi,HUMAN_CURATED,NO,NONE,PRESERVE_PRACTICE_INVENTORY,VERIFIED_INTACT
q-hy-math-0023,general,subj-math,9 sec² A - 9 tan² A का मान किसके बराबर है?,SINGLE_CORRECT_MCQ,hi,HUMAN_CURATED,NO,NONE,PRESERVE_PRACTICE_INVENTORY,VERIFIED_INTACT
q-hy-math-0024,general,subj-math,tan 65° / cot 25° का मान क्या होगा?,SINGLE_CORRECT_MCQ,hi,HUMAN_CURATED,NO,NONE,PRESERVE_PRACTICE_INVENTORY,VERIFIED_INTACT
q-hy-math-0025,general,subj-math,एक ऊर्ध्वाधर खंभे की परछाई उसकी ऊंचाई के बराबर है। सूर्य का ,SINGLE_CORRECT_MCQ,hi,HUMAN_CURATED,NO,NONE,PRESERVE_PRACTICE_INVENTORY,VERIFIED_INTACT
q-hy-math-0026,general,subj-math,भूमि के एक बिंदु से मीनार के पाद से 30 मीटर दूरी पर मीनार के,SINGLE_CORRECT_MCQ,hi,HUMAN_CURATED,NO,NONE,PRESERVE_PRACTICE_INVENTORY,VERIFIED_INTACT
q-hy-math-0027,general,subj-math,वृत्त के किसी बाह्य बिंदु P से खींची गई दो स्पर्श रेखाओं PA ,SINGLE_CORRECT_MCQ,hi,HUMAN_CURATED,NO,NONE,PRESERVE_PRACTICE_INVENTORY,VERIFIED_INTACT
q-hy-math-0028,general,subj-math,अर्धवृत्त में बना कोण (Angle in a semi-circle) कितना होता है,SINGLE_CORRECT_MCQ,hi,HUMAN_CURATED,NO,NONE,PRESERVE_PRACTICE_INVENTORY,VERIFIED_INTACT
q-hy-math-0029,general,subj-math,"यदि स्पर्श रेखा PA और PB एक दूसरे से 80° के कोण पर झुकी हों,",SINGLE_CORRECT_MCQ,hi,HUMAN_CURATED,NO,NONE,PRESERVE_PRACTICE_INVENTORY,VERIFIED_INTACT
q-hy-math-0030,general,subj-math,त्रिज्या r वाले वृत्त के उस त्रिज्यखंड का क्षेत्रफल क्या होग,SINGLE_CORRECT_MCQ,hi,HUMAN_CURATED,NO,NONE,PRESERVE_PRACTICE_INVENTORY,VERIFIED_INTACT
q-hy-math-0031,general,subj-math,एक वृत्त की परिधि और क्षेत्रफल संख्यात्मक रूप से बराबर हैं। ,SINGLE_CORRECT_MCQ,hi,HUMAN_CURATED,NO,NONE,PRESERVE_PRACTICE_INVENTORY,VERIFIED_INTACT
q-hy-math-0032,general,subj-math,त्रिज्या r वाले एक ठोस अर्धगोले का सम्पूर्ण पृष्ठीय क्षेत्रफ,SINGLE_CORRECT_MCQ,hi,HUMAN_CURATED,NO,NONE,PRESERVE_PRACTICE_INVENTORY,VERIFIED_INTACT
q-hy-math-0033,general,subj-math,"यदि एक गोले की त्रिज्या दोगुनी कर दी जाए, तो उसका आयतन कितने",SINGLE_CORRECT_MCQ,hi,HUMAN_CURATED,NO,NONE,PRESERVE_PRACTICE_INVENTORY,VERIFIED_INTACT
q-hy-math-0034,general,subj-math,समान त्रिज्या और समान ऊंचाई वाले एक बेलन और एक शंकु के आयतनो,SINGLE_CORRECT_MCQ,hi,HUMAN_CURATED,NO,NONE,PRESERVE_PRACTICE_INVENTORY,VERIFIED_INTACT
q-hy-math-0035,general,subj-math,"माध्य, माध्यक और बहुलक के बीच सही आनुभविक संबंध (Empirical R",SINGLE_CORRECT_MCQ,hi,HUMAN_CURATED,NO,NONE,PRESERVE_PRACTICE_INVENTORY,VERIFIED_INTACT
q-hy-math-0036,general,subj-math,"संख्याओं 2, 4, 6, 8, 10 का समांतर माध्य क्या होगा?",SINGLE_CORRECT_MCQ,hi,HUMAN_CURATED,NO,NONE,PRESERVE_PRACTICE_INVENTORY,VERIFIED_INTACT
q-hy-math-0037,general,subj-math,"आंकड़ों 7, 2, 11, 4, 9, 5, 8 की माध्यिका (Median) क्या होगी?",SINGLE_CORRECT_MCQ,hi,HUMAN_CURATED,NO,NONE,PRESERVE_PRACTICE_INVENTORY,VERIFIED_INTACT
q-hy-math-0038,general,subj-math,"बंटन 2, 3, 5, 3, 7, 3, 8, 3, 9 का बहुलक क्या होगा?",SINGLE_CORRECT_MCQ,hi,HUMAN_CURATED,NO,NONE,PRESERVE_PRACTICE_INVENTORY,VERIFIED_INTACT
q-hy-math-0039,general,subj-math,किसी असंभव घटना (Impossible Event) की प्रायिकता क्या होती है,SINGLE_CORRECT_MCQ,hi,HUMAN_CURATED,NO,NONE,PRESERVE_PRACTICE_INVENTORY,VERIFIED_INTACT
q-hy-math-0040,general,subj-math,एक पासे को एक बार फेंकने पर अभाज्य संख्या (Prime Number) आने,SINGLE_CORRECT_MCQ,hi,HUMAN_CURATED,NO,NONE,PRESERVE_PRACTICE_INVENTORY,VERIFIED_INTACT
q-hy-math-0041,general,subj-math,अच्छी तरह फेंटी गई 52 पत्तों की ताश की गड्डी में से एक पत्ता,SINGLE_CORRECT_MCQ,hi,HUMAN_CURATED,NO,NONE,PRESERVE_PRACTICE_INVENTORY,VERIFIED_INTACT
q-hy-math-0042,general,subj-math,एक कार A से B तक 60 किमी/घंटा से जाती है तथा 40 किमी/घंटा से,SINGLE_CORRECT_MCQ,hi,HUMAN_CURATED,NO,NONE,PRESERVE_PRACTICE_INVENTORY,VERIFIED_INTACT
q-hy-math-0043,general,subj-math,"₹5,000 की राशि पर 10% वार्षिक दर से 2 वर्ष के CI और SI का अं",SINGLE_CORRECT_MCQ,hi,HUMAN_CURATED,NO,NONE,PRESERVE_PRACTICE_INVENTORY,VERIFIED_INTACT
q-hy-math-0044,general,subj-math,A किसी कार्य को 12 दिन में तथा B 18 दिन में पूरा करता है। दो,SINGLE_CORRECT_MCQ,hi,HUMAN_CURATED,NO,NONE,PRESERVE_PRACTICE_INVENTORY,VERIFIED_INTACT
q-hy-math-0045,general,subj-math,"यदि चीनी के मूल्य में 25% की वृद्धि हो जाए, तो गृहिणी को खपत",SINGLE_CORRECT_MCQ,hi,HUMAN_CURATED,NO,NONE,PRESERVE_PRACTICE_INVENTORY,VERIFIED_INTACT
q-hy-math-0046,general,subj-math,यूक्लिड विभाजन प्रमेयिका a = bq + r में शेषफल r के लिए कौन स,SINGLE_CORRECT_MCQ,hi,HUMAN_CURATED,NO,NONE,PRESERVE_PRACTICE_INVENTORY,VERIFIED_INTACT
q-hy-math-0047,general,subj-math,सबसे छोटी अभाज्य संख्या (Smallest Prime Number) कौन सी है?,SINGLE_CORRECT_MCQ,hi,HUMAN_CURATED,NO,NONE,PRESERVE_PRACTICE_INVENTORY,VERIFIED_INTACT
q-hy-math-0048,general,subj-math,रैखिक बहुपद (Linear Polynomial) की अधिकतम घात कितनी होती है?,SINGLE_CORRECT_MCQ,hi,HUMAN_CURATED,NO,NONE,PRESERVE_PRACTICE_INVENTORY,VERIFIED_INTACT
q-hy-math-0049,general,subj-math,"यदि द्विघात बहुपद x² - 3x + 2 के शून्यांक α और β हों, तो 1/α",SINGLE_CORRECT_MCQ,hi,HUMAN_CURATED,NO,NONE,PRESERVE_PRACTICE_INVENTORY,VERIFIED_INTACT
q-hy-math-0050,general,subj-math,"यदि दो रेखाएं एक बिंदु पर प्रतिच्छेद करती हैं, तो वह बिंदु द",SINGLE_CORRECT_MCQ,hi,HUMAN_CURATED,NO,NONE,PRESERVE_PRACTICE_INVENTORY,VERIFIED_INTACT
q-hy-math-0051,general,subj-math,"यदि x + y = 14 तथा x - y = 4 हो, तो x और y के मान क्या होंगे",SINGLE_CORRECT_MCQ,hi,HUMAN_CURATED,NO,NONE,PRESERVE_PRACTICE_INVENTORY,VERIFIED_INTACT
q-hy-math-0052,general,subj-math,द्विघात समीकरण का मानक रूप (Standard Form) क्या होता है?,SINGLE_CORRECT_MCQ,hi,HUMAN_CURATED,NO,NONE,PRESERVE_PRACTICE_INVENTORY,VERIFIED_INTACT
q-hy-math-0053,general,subj-math,समीकरण x² - 9 = 0 के मूल क्या होंगे?,SINGLE_CORRECT_MCQ,hi,HUMAN_CURATED,NO,NONE,PRESERVE_PRACTICE_INVENTORY,VERIFIED_INTACT
q-hy-math-0054,general,subj-math,"A.P. -10, -6, -2, 2, ... का सार्व अंतर (d) क्या है?",SINGLE_CORRECT_MCQ,hi,HUMAN_CURATED,NO,NONE,PRESERVE_PRACTICE_INVENTORY,VERIFIED_INTACT
q-hy-math-0055,general,subj-math,प्रथम n विषम प्राकृत संख्याओं का योगफल (Sum of first n odd n,SINGLE_CORRECT_MCQ,hi,HUMAN_CURATED,NO,NONE,PRESERVE_PRACTICE_INVENTORY,VERIFIED_INTACT
q-hy-math-0056,general,subj-math,"बिन्दु (-4, -5) किस चतुर्थांश में स्थित है?",SINGLE_CORRECT_MCQ,hi,HUMAN_CURATED,NO,NONE,PRESERVE_PRACTICE_INVENTORY,VERIFIED_INTACT
q-hy-math-0057,general,subj-math,"यदि तीन बिन्दु संरेखी (Collinear) हों, तो उनसे बनने वाले त्र",SINGLE_CORRECT_MCQ,hi,HUMAN_CURATED,NO,NONE,PRESERVE_PRACTICE_INVENTORY,VERIFIED_INTACT
q-hy-math-0058,general,subj-math,"त्रिभुज के शीर्ष (x₁, y₁), (x₂, y₂), (x₃, y₃) हों, तो केन्द्",SINGLE_CORRECT_MCQ,hi,HUMAN_CURATED,NO,NONE,PRESERVE_PRACTICE_INVENTORY,VERIFIED_INTACT
q-hy-math-0059,general,subj-math,"यदि sin θ = 3/5 हो, तो cos θ का मान क्या होगा?",SINGLE_CORRECT_MCQ,hi,HUMAN_CURATED,NO,NONE,PRESERVE_PRACTICE_INVENTORY,VERIFIED_INTACT
q-hy-math-0060,general,subj-math,tan 45° का मान क्या होता है?,SINGLE_CORRECT_MCQ,hi,HUMAN_CURATED,NO,NONE,PRESERVE_PRACTICE_INVENTORY,VERIFIED_INTACT
q-hy-math-0061,general,subj-math,1 + cot² θ किसके बराबर होता है?,SINGLE_CORRECT_MCQ,hi,HUMAN_CURATED,NO,NONE,PRESERVE_PRACTICE_INVENTORY,VERIFIED_INTACT
q-hy-math-0062,general,subj-math,वृत्त के एक बिंदु पर कितनी स्पर्श रेखाएं खींची जा सकती हैं?,SINGLE_CORRECT_MCQ,hi,HUMAN_CURATED,NO,NONE,PRESERVE_PRACTICE_INVENTORY,VERIFIED_INTACT
q-hy-math-0063,general,subj-math,एक वृत्त की कितनी समांतर स्पर्श रेखाएं (Parallel Tangents) ह,SINGLE_CORRECT_MCQ,hi,HUMAN_CURATED,NO,NONE,PRESERVE_PRACTICE_INVENTORY,VERIFIED_INTACT
q-hy-math-0064,general,subj-math,त्रिज्या r वाले वृत्त के एक चतुर्थांश (Quadrant) का क्षेत्रफ,SINGLE_CORRECT_MCQ,hi,HUMAN_CURATED,NO,NONE,PRESERVE_PRACTICE_INVENTORY,VERIFIED_INTACT
q-hy-math-0065,general,subj-math,त्रिज्याओं R और r (R > r) वाले दो संकेंद्रीय वृत्तों के बीच ,SINGLE_CORRECT_MCQ,hi,HUMAN_CURATED,NO,NONE,PRESERVE_PRACTICE_INVENTORY,VERIFIED_INTACT
q-hy-math-0066,general,subj-math,त्रिज्या 7 सेमी तथा ऊंचाई 10 सेमी वाले लम्बवृत्तीय बेलन का आ,SINGLE_CORRECT_MCQ,hi,HUMAN_CURATED,NO,NONE,PRESERVE_PRACTICE_INVENTORY,VERIFIED_INTACT
q-hy-math-0067,general,subj-math,शंकु की तिर्यक ऊंचाई (Slant Height 'l') का सूत्र क्या है?,SINGLE_CORRECT_MCQ,hi,HUMAN_CURATED,NO,NONE,PRESERVE_PRACTICE_INVENTORY,VERIFIED_INTACT
q-hy-math-0068,general,subj-math,भुजा a वाले एक घन (Cube) के मुख्य विकर्ण (Diagonal) की लम्बा,SINGLE_CORRECT_MCQ,hi,HUMAN_CURATED,NO,NONE,PRESERVE_PRACTICE_INVENTORY,VERIFIED_INTACT
q-hy-math-0069,general,subj-math,वर्ग अंतराल 10 - 25 का वर्ग चिह्न (Class Mark) क्या होगा?,SINGLE_CORRECT_MCQ,hi,HUMAN_CURATED,NO,NONE,PRESERVE_PRACTICE_INVENTORY,VERIFIED_INTACT
q-hy-math-0070,general,subj-math,"आंकड़ों 12, 25, 15, 18, 35, 20 का परिसर (Range) क्या होगा?",SINGLE_CORRECT_MCQ,hi,HUMAN_CURATED,NO,NONE,PRESERVE_PRACTICE_INVENTORY,VERIFIED_INTACT
q-hy-math-0071,general,subj-math,किसी निश्चित घटना (Sure Event) की प्रायिकता कितनी होती है?,SINGLE_CORRECT_MCQ,hi,HUMAN_CURATED,NO,NONE,PRESERVE_PRACTICE_INVENTORY,VERIFIED_INTACT
q-hy-math-0072,general,subj-math,"यदि P(E) = 0.05 हो, तो 'E नहीं' (P(not E)) की प्रायिकता क्या",SINGLE_CORRECT_MCQ,hi,HUMAN_CURATED,NO,NONE,PRESERVE_PRACTICE_INVENTORY,VERIFIED_INTACT
q-hy-math-0073,general,subj-math,दो सिक्कों को एक साथ उछालने पर कम से कम एक चित्त (At least o,SINGLE_CORRECT_MCQ,hi,HUMAN_CURATED,NO,NONE,PRESERVE_PRACTICE_INVENTORY,VERIFIED_INTACT
q-hy-math-0074,general,subj-math,एक वस्तु को ₹720 में बेचने पर 20% का लाभ होता है। वस्तु का क,SINGLE_CORRECT_MCQ,hi,HUMAN_CURATED,NO,NONE,PRESERVE_PRACTICE_INVENTORY,VERIFIED_INTACT
q-hy-math-0075,general,subj-math,"यदि A : B = 2 : 3 तथा B : C = 4 : 5 हो, तो A : B : C का अनुप",SINGLE_CORRECT_MCQ,hi,HUMAN_CURATED,NO,NONE,PRESERVE_PRACTICE_INVENTORY,VERIFIED_INTACT
q-hy-math-0076,general,subj-math,120 मीटर लंबी ट्रेन 54 किमी/घंटा की चाल से एक खंभे को कितने ,SINGLE_CORRECT_MCQ,hi,HUMAN_CURATED,NO,NONE,PRESERVE_PRACTICE_INVENTORY,VERIFIED_INTACT
q-hy-math-0077,general,subj-math,(7⁹⁵ - 3⁵⁸) का इकाई का अंक क्या होगा?,SINGLE_CORRECT_MCQ,hi,HUMAN_CURATED,NO,NONE,PRESERVE_PRACTICE_INVENTORY,VERIFIED_INTACT
q-hy-math-0078,general,subj-math,कितने समय में कोई धन 5% वार्षिक साधारण ब्याज की दर से दोगुना,SINGLE_CORRECT_MCQ,hi,HUMAN_CURATED,NO,NONE,PRESERVE_PRACTICE_INVENTORY,VERIFIED_INTACT
q-hy-math-0079,general,subj-math,एक समबाहु त्रिभुज की प्रत्येक भुजा 6 सेमी है। इसका क्षेत्रफल,SINGLE_CORRECT_MCQ,hi,HUMAN_CURATED,NO,NONE,PRESERVE_PRACTICE_INVENTORY,VERIFIED_INTACT
q-hy-math-0080,general,subj-math,"3/4, 5/6, 7/8, 9/10 में सबसे बड़ी भिन्न कौन सी है?",SINGLE_CORRECT_MCQ,hi,HUMAN_CURATED,NO,NONE,PRESERVE_PRACTICE_INVENTORY,VERIFIED_INTACT
q-hy-math-0081,general,subj-math,प्रथम 50 सम प्राकृत संख्याओं का औसत क्या होगा?,SINGLE_CORRECT_MCQ,hi,HUMAN_CURATED,NO,NONE,PRESERVE_PRACTICE_INVENTORY,VERIFIED_INTACT
q-hy-math-0082,general,subj-math,"यदि 2^(x - 1) + 2^(x + 1) = 320 हो, तो x का मान क्या होगा?",SINGLE_CORRECT_MCQ,hi,HUMAN_CURATED,NO,NONE,PRESERVE_PRACTICE_INVENTORY,VERIFIED_INTACT
q-hy-math-0083,general,subj-math,20% और 10% की दो क्रमिक छूट (Successive Discounts) के समतुल्,SINGLE_CORRECT_MCQ,hi,HUMAN_CURATED,NO,NONE,PRESERVE_PRACTICE_INVENTORY,VERIFIED_INTACT
q-hy-math-0084,general,subj-math,शांत जल में नाव की चाल 10 किमी/घंटा तथा धारा की चाल 2 किमी/घ,SINGLE_CORRECT_MCQ,hi,HUMAN_CURATED,NO,NONE,PRESERVE_PRACTICE_INVENTORY,VERIFIED_INTACT
q-hy-math-0085,general,subj-math,पाइप A टंकी को 10 घंटे तथा पाइप B 15 घंटे में भरता है। दोनों,SINGLE_CORRECT_MCQ,hi,HUMAN_CURATED,NO,NONE,PRESERVE_PRACTICE_INVENTORY,VERIFIED_INTACT
q-hy-sa-0001,general,subj-sanskrit,'विद्या + आलयः' की संधि क्या होगी?,SINGLE_CORRECT_MCQ,hi,HUMAN_CURATED,NO,NONE,PRESERVE_PRACTICE_INVENTORY,VERIFIED_INTACT
q-hy-sa-0002,general,subj-sanskrit,'नर + ईशः' की संधि क्या होगी?,SINGLE_CORRECT_MCQ,hi,HUMAN_CURATED,NO,NONE,PRESERVE_PRACTICE_INVENTORY,VERIFIED_INTACT
q-hy-sa-0003,general,subj-sanskrit,'यदि + अपि' की सही संधि क्या होगी?,SINGLE_CORRECT_MCQ,hi,HUMAN_CURATED,NO,NONE,PRESERVE_PRACTICE_INVENTORY,VERIFIED_INTACT
q-hy-sa-0004,general,subj-sanskrit,'ने + अनम्' का संधि रूप क्या होगा?,SINGLE_CORRECT_MCQ,hi,HUMAN_CURATED,NO,NONE,PRESERVE_PRACTICE_INVENTORY,VERIFIED_INTACT
q-hy-sa-0005,general,subj-sanskrit,'सत् + जनः' की संधि क्या होगी?,SINGLE_CORRECT_MCQ,hi,HUMAN_CURATED,NO,NONE,PRESERVE_PRACTICE_INVENTORY,VERIFIED_INTACT
q-hy-sa-0006,general,subj-sanskrit,'नमः + ते' का सही संधि रूप क्या है?,SINGLE_CORRECT_MCQ,hi,HUMAN_CURATED,NO,NONE,PRESERVE_PRACTICE_INVENTORY,VERIFIED_INTACT
q-hy-sa-0007,general,subj-sanskrit,'प्रतिदिनम्' (दिनं दिनं प्रति) में कौन सा समास है?,SINGLE_CORRECT_MCQ,hi,HUMAN_CURATED,NO,NONE,PRESERVE_PRACTICE_INVENTORY,VERIFIED_INTACT
q-hy-sa-0008,general,subj-sanskrit,'राजपुरुषः' (राज्ञः पुरुषः) में कौन सा समास है?,SINGLE_CORRECT_MCQ,hi,HUMAN_CURATED,NO,NONE,PRESERVE_PRACTICE_INVENTORY,VERIFIED_INTACT
q-hy-sa-0009,general,subj-sanskrit,'पञ्चवटी' (पञ्चानां वटानां समाहारः) में कौन सा समास है?,SINGLE_CORRECT_MCQ,hi,HUMAN_CURATED,NO,NONE,PRESERVE_PRACTICE_INVENTORY,VERIFIED_INTACT
q-hy-sa-0010,general,subj-sanskrit,'पितरौ' (माता च पिता च) में कौन सा समास है?,SINGLE_CORRECT_MCQ,hi,HUMAN_CURATED,NO,NONE,PRESERVE_PRACTICE_INVENTORY,VERIFIED_INTACT
q-hy-sa-0011,general,subj-sanskrit,'लम्बोदरः' (लम्बम् उदरं यस्य सः अर्थात् गणेशः) में कौन सा सम,SINGLE_CORRECT_MCQ,hi,HUMAN_CURATED,NO,NONE,PRESERVE_PRACTICE_INVENTORY,VERIFIED_INTACT
q-hy-sa-0012,general,subj-sanskrit,'सः पादेन खञ्जः अस्ति' (वह पैर से लंगड़ा है) में 'पादेन' में,SINGLE_CORRECT_MCQ,hi,HUMAN_CURATED,NO,NONE,PRESERVE_PRACTICE_INVENTORY,VERIFIED_INTACT
q-hy-sa-0013,general,subj-sanskrit,'वृक्षात् पत्रं पतति' (पेड़ से पत्ता गिरता है) में 'वृक्षात्,SINGLE_CORRECT_MCQ,hi,HUMAN_CURATED,NO,NONE,PRESERVE_PRACTICE_INVENTORY,VERIFIED_INTACT
q-hy-sa-0014,general,subj-sanskrit,'बालकाय मोदकं रोचते' (बालक को लड्डू अच्छा लगता है) में 'बालक,SINGLE_CORRECT_MCQ,hi,HUMAN_CURATED,NO,NONE,PRESERVE_PRACTICE_INVENTORY,VERIFIED_INTACT
q-hy-sa-0015,general,subj-sanskrit,'पठ्' धातु लट् लकार (वर्तमान काल) प्रथम पुरुष बहुवचन का रूप ,SINGLE_CORRECT_MCQ,hi,HUMAN_CURATED,NO,NONE,PRESERVE_PRACTICE_INVENTORY,VERIFIED_INTACT
q-hy-sa-0016,general,subj-sanskrit,'गम्' (गच्छ्) धातु लृट् लकार (भविष्यत् काल) प्रथम पुरुष एकवच,SINGLE_CORRECT_MCQ,hi,HUMAN_CURATED,NO,NONE,PRESERVE_PRACTICE_INVENTORY,VERIFIED_INTACT
q-hy-sa-0017,general,subj-sanskrit,'राम' शब्द का तृतीया विभक्ति एकवचन का रूप क्या होगा?,SINGLE_CORRECT_MCQ,hi,HUMAN_CURATED,NO,NONE,PRESERVE_PRACTICE_INVENTORY,VERIFIED_INTACT
q-hy-sa-0018,general,subj-sanskrit,'पठ् + क्त्वा' से कौन सा पद बनेगा?,SINGLE_CORRECT_MCQ,hi,HUMAN_CURATED,NO,NONE,PRESERVE_PRACTICE_INVENTORY,VERIFIED_INTACT
q-hy-sa-0019,general,subj-sanskrit,संस्कृत भाषा में कुल कितने उपसर्ग माने गए हैं?,SINGLE_CORRECT_MCQ,hi,HUMAN_CURATED,NO,NONE,PRESERVE_PRACTICE_INVENTORY,VERIFIED_INTACT
q-hy-sa-0020,general,subj-sanskrit,प्रसिद्ध सूक्ति 'जननी जन्मभूमिश्च स्वर्गादपि गरीयसी' किस ग्र,SINGLE_CORRECT_MCQ,hi,HUMAN_CURATED,NO,NONE,PRESERVE_PRACTICE_INVENTORY,VERIFIED_INTACT
q-hy-sa-0021,general,subj-sanskrit,'प्र + एजते' की सही संधि क्या होगी?,SINGLE_CORRECT_MCQ,hi,HUMAN_CURATED,NO,NONE,PRESERVE_PRACTICE_INVENTORY,VERIFIED_INTACT
q-hy-sa-0022,general,subj-sanskrit,'घनश्यामः' (घन इव श्यामः) में कौन सा समास है?,SINGLE_CORRECT_MCQ,hi,HUMAN_CURATED,NO,NONE,PRESERVE_PRACTICE_INVENTORY,VERIFIED_INTACT
q-hy-sa-0023,general,subj-sanskrit,'रामेण सह सीता वनं गच्छति' में 'रामेण' में किस सूत्र से तृती,SINGLE_CORRECT_MCQ,hi,HUMAN_CURATED,NO,NONE,PRESERVE_PRACTICE_INVENTORY,VERIFIED_INTACT
q-hy-sa-0024,general,subj-sanskrit,'पठ्' धातु लङ् लकार (भूतकाल) प्रथम पुरुष एकवचन का रूप क्या ह,SINGLE_CORRECT_MCQ,hi,HUMAN_CURATED,NO,NONE,PRESERVE_PRACTICE_INVENTORY,VERIFIED_INTACT
q-hy-sa-0025,general,subj-sanskrit,प्रसिद्ध सूक्ति 'सत्यमेव जयते नानृतम्' किस उपनिषद् से ली गई ,SINGLE_CORRECT_MCQ,hi,HUMAN_CURATED,NO,NONE,PRESERVE_PRACTICE_INVENTORY,VERIFIED_INTACT
q-hy-sa-0026,general,subj-sanskrit,'प्र + एजते' की सही संधि क्या होगी?,SINGLE_CORRECT_MCQ,hi,HUMAN_CURATED,NO,NONE,PRESERVE_PRACTICE_INVENTORY,VERIFIED_INTACT
q-hy-sa-0027,general,subj-sanskrit,'घनश्यामः' (घन इव श्यामः) में कौन सा समास है?,SINGLE_CORRECT_MCQ,hi,HUMAN_CURATED,NO,NONE,PRESERVE_PRACTICE_INVENTORY,VERIFIED_INTACT
q-hy-sa-0028,general,subj-sanskrit,'रामेण सह सीता वनं गच्छति' में 'रामेण' में किस सूत्र से तृती,SINGLE_CORRECT_MCQ,hi,HUMAN_CURATED,NO,NONE,PRESERVE_PRACTICE_INVENTORY,VERIFIED_INTACT
q-hy-sa-0029,general,subj-sanskrit,'पठ्' धातु लङ् लकार (भूतकाल) प्रथम पुरुष एकवचन का रूप क्या ह,SINGLE_CORRECT_MCQ,hi,HUMAN_CURATED,NO,NONE,PRESERVE_PRACTICE_INVENTORY,VERIFIED_INTACT
q-hy-sa-0030,general,subj-sanskrit,प्रसिद्ध सूक्ति 'सत्यमेव जयते नानृतम्' किस उपनिषद् से ली गई ,SINGLE_CORRECT_MCQ,hi,HUMAN_CURATED,NO,NONE,PRESERVE_PRACTICE_INVENTORY,VERIFIED_INTACT
q-hy-sa-0031,general,subj-sanskrit,'प्र + एजते' की सही संधि क्या होगी?,SINGLE_CORRECT_MCQ,hi,HUMAN_CURATED,NO,NONE,PRESERVE_PRACTICE_INVENTORY,VERIFIED_INTACT
q-hy-sa-0032,general,subj-sanskrit,'घनश्यामः' (घन इव श्यामः) में कौन सा समास है?,SINGLE_CORRECT_MCQ,hi,HUMAN_CURATED,NO,NONE,PRESERVE_PRACTICE_INVENTORY,VERIFIED_INTACT
q-hy-sa-0033,general,subj-sanskrit,'रामेण सह सीता वनं गच्छति' में 'रामेण' में किस सूत्र से तृती,SINGLE_CORRECT_MCQ,hi,HUMAN_CURATED,NO,NONE,PRESERVE_PRACTICE_INVENTORY,VERIFIED_INTACT
q-hy-sa-0034,general,subj-sanskrit,'पठ्' धातु लङ् लकार (भूतकाल) प्रथम पुरुष एकवचन का रूप क्या ह,SINGLE_CORRECT_MCQ,hi,HUMAN_CURATED,NO,NONE,PRESERVE_PRACTICE_INVENTORY,VERIFIED_INTACT
q-hy-sa-0035,general,subj-sanskrit,प्रसिद्ध सूक्ति 'सत्यमेव जयते नानृतम्' किस उपनिषद् से ली गई ,SINGLE_CORRECT_MCQ,hi,HUMAN_CURATED,NO,NONE,PRESERVE_PRACTICE_INVENTORY,VERIFIED_INTACT
q-hy-sa-0036,general,subj-sanskrit,'प्र + एजते' की सही संधि क्या होगी?,SINGLE_CORRECT_MCQ,hi,HUMAN_CURATED,NO,NONE,PRESERVE_PRACTICE_INVENTORY,VERIFIED_INTACT
q-hy-sa-0037,general,subj-sanskrit,'घनश्यामः' (घन इव श्यामः) में कौन सा समास है?,SINGLE_CORRECT_MCQ,hi,HUMAN_CURATED,NO,NONE,PRESERVE_PRACTICE_INVENTORY,VERIFIED_INTACT
q-hy-sa-0038,general,subj-sanskrit,'रामेण सह सीता वनं गच्छति' में 'रामेण' में किस सूत्र से तृती,SINGLE_CORRECT_MCQ,hi,HUMAN_CURATED,NO,NONE,PRESERVE_PRACTICE_INVENTORY,VERIFIED_INTACT
q-hy-sa-0039,general,subj-sanskrit,'पठ्' धातु लङ् लकार (भूतकाल) प्रथम पुरुष एकवचन का रूप क्या ह,SINGLE_CORRECT_MCQ,hi,HUMAN_CURATED,NO,NONE,PRESERVE_PRACTICE_INVENTORY,VERIFIED_INTACT
q-hy-sa-0040,general,subj-sanskrit,प्रसिद्ध सूक्ति 'सत्यमेव जयते नानृतम्' किस उपनिषद् से ली गई ,SINGLE_CORRECT_MCQ,hi,HUMAN_CURATED,NO,NONE,PRESERVE_PRACTICE_INVENTORY,VERIFIED_INTACT
q-hy-sa-0041,general,subj-sanskrit,'प्र + एजते' की सही संधि क्या होगी?,SINGLE_CORRECT_MCQ,hi,HUMAN_CURATED,NO,NONE,PRESERVE_PRACTICE_INVENTORY,VERIFIED_INTACT
q-hy-sa-0042,general,subj-sanskrit,'घनश्यामः' (घन इव श्यामः) में कौन सा समास है?,SINGLE_CORRECT_MCQ,hi,HUMAN_CURATED,NO,NONE,PRESERVE_PRACTICE_INVENTORY,VERIFIED_INTACT
q-hy-sa-0043,general,subj-sanskrit,'रामेण सह सीता वनं गच्छति' में 'रामेण' में किस सूत्र से तृती,SINGLE_CORRECT_MCQ,hi,HUMAN_CURATED,NO,NONE,PRESERVE_PRACTICE_INVENTORY,VERIFIED_INTACT
q-hy-sa-0044,general,subj-sanskrit,'पठ्' धातु लङ् लकार (भूतकाल) प्रथम पुरुष एकवचन का रूप क्या ह,SINGLE_CORRECT_MCQ,hi,HUMAN_CURATED,NO,NONE,PRESERVE_PRACTICE_INVENTORY,VERIFIED_INTACT
q-hy-sa-0045,general,subj-sanskrit,प्रसिद्ध सूक्ति 'सत्यमेव जयते नानृतम्' किस उपनिषद् से ली गई ,SINGLE_CORRECT_MCQ,hi,HUMAN_CURATED,NO,NONE,PRESERVE_PRACTICE_INVENTORY,VERIFIED_INTACT
q-hy-sa-0046,general,subj-sanskrit,'प्र + एजते' की सही संधि क्या होगी?,SINGLE_CORRECT_MCQ,hi,HUMAN_CURATED,NO,NONE,PRESERVE_PRACTICE_INVENTORY,VERIFIED_INTACT
q-hy-sa-0047,general,subj-sanskrit,'घनश्यामः' (घन इव श्यामः) में कौन सा समास है?,SINGLE_CORRECT_MCQ,hi,HUMAN_CURATED,NO,NONE,PRESERVE_PRACTICE_INVENTORY,VERIFIED_INTACT
q-hy-sa-0048,general,subj-sanskrit,'रामेण सह सीता वनं गच्छति' में 'रामेण' में किस सूत्र से तृती,SINGLE_CORRECT_MCQ,hi,HUMAN_CURATED,NO,NONE,PRESERVE_PRACTICE_INVENTORY,VERIFIED_INTACT
q-hy-sa-0049,general,subj-sanskrit,'पठ्' धातु लङ् लकार (भूतकाल) प्रथम पुरुष एकवचन का रूप क्या ह,SINGLE_CORRECT_MCQ,hi,HUMAN_CURATED,NO,NONE,PRESERVE_PRACTICE_INVENTORY,VERIFIED_INTACT
q-hy-sa-0050,general,subj-sanskrit,प्रसिद्ध सूक्ति 'सत्यमेव जयते नानृतम्' किस उपनिषद् से ली गई ,SINGLE_CORRECT_MCQ,hi,HUMAN_CURATED,NO,NONE,PRESERVE_PRACTICE_INVENTORY,VERIFIED_INTACT
q-hy-sa-0051,general,subj-sanskrit,'प्र + एजते' की सही संधि क्या होगी?,SINGLE_CORRECT_MCQ,hi,HUMAN_CURATED,NO,NONE,PRESERVE_PRACTICE_INVENTORY,VERIFIED_INTACT
q-hy-sa-0052,general,subj-sanskrit,'घनश्यामः' (घन इव श्यामः) में कौन सा समास है?,SINGLE_CORRECT_MCQ,hi,HUMAN_CURATED,NO,NONE,PRESERVE_PRACTICE_INVENTORY,VERIFIED_INTACT
q-hy-sa-0053,general,subj-sanskrit,'रामेण सह सीता वनं गच्छति' में 'रामेण' में किस सूत्र से तृती,SINGLE_CORRECT_MCQ,hi,HUMAN_CURATED,NO,NONE,PRESERVE_PRACTICE_INVENTORY,VERIFIED_INTACT
q-hy-sa-0054,general,subj-sanskrit,'पठ्' धातु लङ् लकार (भूतकाल) प्रथम पुरुष एकवचन का रूप क्या ह,SINGLE_CORRECT_MCQ,hi,HUMAN_CURATED,NO,NONE,PRESERVE_PRACTICE_INVENTORY,VERIFIED_INTACT
q-hy-sa-0055,general,subj-sanskrit,प्रसिद्ध सूक्ति 'सत्यमेव जयते नानृतम्' किस उपनिषद् से ली गई ,SINGLE_CORRECT_MCQ,hi,HUMAN_CURATED,NO,NONE,PRESERVE_PRACTICE_INVENTORY,VERIFIED_INTACT
q-hy-sa-0056,general,subj-sanskrit,'प्र + एजते' की सही संधि क्या होगी?,SINGLE_CORRECT_MCQ,hi,HUMAN_CURATED,NO,NONE,PRESERVE_PRACTICE_INVENTORY,VERIFIED_INTACT
q-hy-sa-0057,general,subj-sanskrit,'घनश्यामः' (घन इव श्यामः) में कौन सा समास है?,SINGLE_CORRECT_MCQ,hi,HUMAN_CURATED,NO,NONE,PRESERVE_PRACTICE_INVENTORY,VERIFIED_INTACT
q-hy-sa-0058,general,subj-sanskrit,'रामेण सह सीता वनं गच्छति' में 'रामेण' में किस सूत्र से तृती,SINGLE_CORRECT_MCQ,hi,HUMAN_CURATED,NO,NONE,PRESERVE_PRACTICE_INVENTORY,VERIFIED_INTACT
q-hy-sa-0059,general,subj-sanskrit,'पठ्' धातु लङ् लकार (भूतकाल) प्रथम पुरुष एकवचन का रूप क्या ह,SINGLE_CORRECT_MCQ,hi,HUMAN_CURATED,NO,NONE,PRESERVE_PRACTICE_INVENTORY,VERIFIED_INTACT
q-hy-sa-0060,general,subj-sanskrit,प्रसिद्ध सूक्ति 'सत्यमेव जयते नानृतम्' किस उपनिषद् से ली गई ,SINGLE_CORRECT_MCQ,hi,HUMAN_CURATED,NO,NONE,PRESERVE_PRACTICE_INVENTORY,VERIFIED_INTACT
q-hy-sa-0061,general,subj-sanskrit,'प्र + एजते' की सही संधि क्या होगी?,SINGLE_CORRECT_MCQ,hi,HUMAN_CURATED,NO,NONE,PRESERVE_PRACTICE_INVENTORY,VERIFIED_INTACT
q-hy-sa-0062,general,subj-sanskrit,'घनश्यामः' (घन इव श्यामः) में कौन सा समास है?,SINGLE_CORRECT_MCQ,hi,HUMAN_CURATED,NO,NONE,PRESERVE_PRACTICE_INVENTORY,VERIFIED_INTACT
q-hy-sa-0063,general,subj-sanskrit,'रामेण सह सीता वनं गच्छति' में 'रामेण' में किस सूत्र से तृती,SINGLE_CORRECT_MCQ,hi,HUMAN_CURATED,NO,NONE,PRESERVE_PRACTICE_INVENTORY,VERIFIED_INTACT
q-hy-sa-0064,general,subj-sanskrit,'पठ्' धातु लङ् लकार (भूतकाल) प्रथम पुरुष एकवचन का रूप क्या ह,SINGLE_CORRECT_MCQ,hi,HUMAN_CURATED,NO,NONE,PRESERVE_PRACTICE_INVENTORY,VERIFIED_INTACT
q-hy-sa-0065,general,subj-sanskrit,प्रसिद्ध सूक्ति 'सत्यमेव जयते नानृतम्' किस उपनिषद् से ली गई ,SINGLE_CORRECT_MCQ,hi,HUMAN_CURATED,NO,NONE,PRESERVE_PRACTICE_INVENTORY,VERIFIED_INTACT
q-hy-sa-0066,general,subj-sanskrit,'प्र + एजते' की सही संधि क्या होगी?,SINGLE_CORRECT_MCQ,hi,HUMAN_CURATED,NO,NONE,PRESERVE_PRACTICE_INVENTORY,VERIFIED_INTACT
q-hy-sa-0067,general,subj-sanskrit,'घनश्यामः' (घन इव श्यामः) में कौन सा समास है?,SINGLE_CORRECT_MCQ,hi,HUMAN_CURATED,NO,NONE,PRESERVE_PRACTICE_INVENTORY,VERIFIED_INTACT
q-hy-sa-0068,general,subj-sanskrit,'रामेण सह सीता वनं गच्छति' में 'रामेण' में किस सूत्र से तृती,SINGLE_CORRECT_MCQ,hi,HUMAN_CURATED,NO,NONE,PRESERVE_PRACTICE_INVENTORY,VERIFIED_INTACT
q-hy-sa-0069,general,subj-sanskrit,'पठ्' धातु लङ् लकार (भूतकाल) प्रथम पुरुष एकवचन का रूप क्या ह,SINGLE_CORRECT_MCQ,hi,HUMAN_CURATED,NO,NONE,PRESERVE_PRACTICE_INVENTORY,VERIFIED_INTACT
q-hy-sa-0070,general,subj-sanskrit,प्रसिद्ध सूक्ति 'सत्यमेव जयते नानृतम्' किस उपनिषद् से ली गई ,SINGLE_CORRECT_MCQ,hi,HUMAN_CURATED,NO,NONE,PRESERVE_PRACTICE_INVENTORY,VERIFIED_INTACT
q-hy-sa-0071,general,subj-sanskrit,'प्र + एजते' की सही संधि क्या होगी?,SINGLE_CORRECT_MCQ,hi,HUMAN_CURATED,NO,NONE,PRESERVE_PRACTICE_INVENTORY,VERIFIED_INTACT
q-hy-sa-0072,general,subj-sanskrit,'घनश्यामः' (घन इव श्यामः) में कौन सा समास है?,SINGLE_CORRECT_MCQ,hi,HUMAN_CURATED,NO,NONE,PRESERVE_PRACTICE_INVENTORY,VERIFIED_INTACT
q-hy-sa-0073,general,subj-sanskrit,'रामेण सह सीता वनं गच्छति' में 'रामेण' में किस सूत्र से तृती,SINGLE_CORRECT_MCQ,hi,HUMAN_CURATED,NO,NONE,PRESERVE_PRACTICE_INVENTORY,VERIFIED_INTACT
q-hy-sa-0074,general,subj-sanskrit,'पठ्' धातु लङ् लकार (भूतकाल) प्रथम पुरुष एकवचन का रूप क्या ह,SINGLE_CORRECT_MCQ,hi,HUMAN_CURATED,NO,NONE,PRESERVE_PRACTICE_INVENTORY,VERIFIED_INTACT
q-hy-sa-0075,general,subj-sanskrit,प्रसिद्ध सूक्ति 'सत्यमेव जयते नानृतम्' किस उपनिषद् से ली गई ,SINGLE_CORRECT_MCQ,hi,HUMAN_CURATED,NO,NONE,PRESERVE_PRACTICE_INVENTORY,VERIFIED_INTACT
q-hy-sa-0076,general,subj-sanskrit,'प्र + एजते' की सही संधि क्या होगी?,SINGLE_CORRECT_MCQ,hi,HUMAN_CURATED,NO,NONE,PRESERVE_PRACTICE_INVENTORY,VERIFIED_INTACT
q-hy-sa-0077,general,subj-sanskrit,'घनश्यामः' (घन इव श्यामः) में कौन सा समास है?,SINGLE_CORRECT_MCQ,hi,HUMAN_CURATED,NO,NONE,PRESERVE_PRACTICE_INVENTORY,VERIFIED_INTACT
q-hy-sa-0078,general,subj-sanskrit,'रामेण सह सीता वनं गच्छति' में 'रामेण' में किस सूत्र से तृती,SINGLE_CORRECT_MCQ,hi,HUMAN_CURATED,NO,NONE,PRESERVE_PRACTICE_INVENTORY,VERIFIED_INTACT
q-hy-sa-0079,general,subj-sanskrit,'पठ्' धातु लङ् लकार (भूतकाल) प्रथम पुरुष एकवचन का रूप क्या ह,SINGLE_CORRECT_MCQ,hi,HUMAN_CURATED,NO,NONE,PRESERVE_PRACTICE_INVENTORY,VERIFIED_INTACT
q-hy-sa-0080,general,subj-sanskrit,प्रसिद्ध सूक्ति 'सत्यमेव जयते नानृतम्' किस उपनिषद् से ली गई ,SINGLE_CORRECT_MCQ,hi,HUMAN_CURATED,NO,NONE,PRESERVE_PRACTICE_INVENTORY,VERIFIED_INTACT
q-hy-sa-0081,general,subj-sanskrit,'प्र + एजते' की सही संधि क्या होगी?,SINGLE_CORRECT_MCQ,hi,HUMAN_CURATED,NO,NONE,PRESERVE_PRACTICE_INVENTORY,VERIFIED_INTACT
q-hy-sa-0082,general,subj-sanskrit,'घनश्यामः' (घन इव श्यामः) में कौन सा समास है?,SINGLE_CORRECT_MCQ,hi,HUMAN_CURATED,NO,NONE,PRESERVE_PRACTICE_INVENTORY,VERIFIED_INTACT
q-hy-sa-0083,general,subj-sanskrit,'रामेण सह सीता वनं गच्छति' में 'रामेण' में किस सूत्र से तृती,SINGLE_CORRECT_MCQ,hi,HUMAN_CURATED,NO,NONE,PRESERVE_PRACTICE_INVENTORY,VERIFIED_INTACT
q-hy-sa-0084,general,subj-sanskrit,'पठ्' धातु लङ् लकार (भूतकाल) प्रथम पुरुष एकवचन का रूप क्या ह,SINGLE_CORRECT_MCQ,hi,HUMAN_CURATED,NO,NONE,PRESERVE_PRACTICE_INVENTORY,VERIFIED_INTACT
q-hy-sa-0085,general,subj-sanskrit,प्रसिद्ध सूक्ति 'सत्यमेव जयते नानृतम्' किस उपनिषद् से ली गई ,SINGLE_CORRECT_MCQ,hi,HUMAN_CURATED,NO,NONE,PRESERVE_PRACTICE_INVENTORY,VERIFIED_INTACT
q-hy-sci-0001,general,subj-science,प्रकाश का वेग सर्वाधिक किस माध्यम में होता है?,SINGLE_CORRECT_MCQ,hi,HUMAN_CURATED,NO,NONE,PRESERVE_PRACTICE_INVENTORY,VERIFIED_INTACT
q-hy-sci-0002,general,subj-science,निकट दृष्टि दोष (Myopia) के निवारण के लिए किस लेंस का उपयोग ,SINGLE_CORRECT_MCQ,hi,HUMAN_CURATED,NO,NONE,PRESERVE_PRACTICE_INVENTORY,VERIFIED_INTACT
q-hy-sci-0003,general,subj-science,दूर दृष्टि दोष (Hypermetropia) के निवारण हेतु किस लेंस का प्,SINGLE_CORRECT_MCQ,hi,HUMAN_CURATED,NO,NONE,PRESERVE_PRACTICE_INVENTORY,VERIFIED_INTACT
q-hy-sci-0004,general,subj-science,दाढ़ी बनाने (Shaving Mirror) तथा दंत चिकित्सकों द्वारा किस द,SINGLE_CORRECT_MCQ,hi,HUMAN_CURATED,NO,NONE,PRESERVE_PRACTICE_INVENTORY,VERIFIED_INTACT
q-hy-sci-0005,general,subj-science,वाहनों के पश्च-दृश्य दर्पण (Rear-view Side Mirror) में किस द,SINGLE_CORRECT_MCQ,hi,HUMAN_CURATED,NO,NONE,PRESERVE_PRACTICE_INVENTORY,VERIFIED_INTACT
q-hy-sci-0006,general,subj-science,लेंस की क्षमता (Power of Lens) का SI मात्रक क्या होता है?,SINGLE_CORRECT_MCQ,hi,HUMAN_CURATED,NO,NONE,PRESERVE_PRACTICE_INVENTORY,VERIFIED_INTACT
q-hy-sci-0007,general,subj-science,श्वेत प्रकाश के प्रिज्म से गुजरने पर किस रंग का विचलन (Devia,SINGLE_CORRECT_MCQ,hi,HUMAN_CURATED,NO,NONE,PRESERVE_PRACTICE_INVENTORY,VERIFIED_INTACT
q-hy-sci-0008,general,subj-science,आकाश का रंग नीला दिखाई देने का मुख्य वैज्ञानिक कारण क्या है?,SINGLE_CORRECT_MCQ,hi,HUMAN_CURATED,NO,NONE,PRESERVE_PRACTICE_INVENTORY,VERIFIED_INTACT
q-hy-sci-0009,general,subj-science,ओम का नियम (Ohm's Law) गणितीय रूप से किस प्रकार व्यक्त किया ,SINGLE_CORRECT_MCQ,hi,HUMAN_CURATED,NO,NONE,PRESERVE_PRACTICE_INVENTORY,VERIFIED_INTACT
q-hy-sci-0010,general,subj-science,विशिष्ट प्रतिरोध (प्रतिरोधकता - Resistivity) का SI मात्रक क्,SINGLE_CORRECT_MCQ,hi,HUMAN_CURATED,NO,NONE,PRESERVE_PRACTICE_INVENTORY,VERIFIED_INTACT
q-hy-sci-0011,general,subj-science,विद्युत ऊर्जा का व्यापारिक मात्रक '1 किलोवाट-घंटा' (1 kWh) क,SINGLE_CORRECT_MCQ,hi,HUMAN_CURATED,NO,NONE,PRESERVE_PRACTICE_INVENTORY,VERIFIED_INTACT
q-hy-sci-0012,general,subj-science,विद्युत मोटर (Electric Motor) किस नियम पर कार्य करती है?,SINGLE_CORRECT_MCQ,hi,HUMAN_CURATED,NO,NONE,PRESERVE_PRACTICE_INVENTORY,VERIFIED_INTACT
q-hy-sci-0013,general,subj-science,घरेलू विद्युत परिपथ में 'विद्युन्मय तार' (Live Wire) का रंग ,SINGLE_CORRECT_MCQ,hi,HUMAN_CURATED,NO,NONE,PRESERVE_PRACTICE_INVENTORY,VERIFIED_INTACT
q-hy-sci-0014,general,subj-science,चिप्स की थैली में उपचयन (विकृतगंधिता - Rancidity) रोकने के ल,SINGLE_CORRECT_MCQ,hi,HUMAN_CURATED,NO,NONE,PRESERVE_PRACTICE_INVENTORY,VERIFIED_INTACT
q-hy-sci-0015,general,subj-science,शुद्ध जल तथा उदासीन विलयन का pH मान 25°C पर कितना होता है?,SINGLE_CORRECT_MCQ,hi,HUMAN_CURATED,NO,NONE,PRESERVE_PRACTICE_INVENTORY,VERIFIED_INTACT
q-hy-sci-0016,general,subj-science,अम्ल नीले लिटमस पत्र को किस रंग में बदल देता है?,SINGLE_CORRECT_MCQ,hi,HUMAN_CURATED,NO,NONE,PRESERVE_PRACTICE_INVENTORY,VERIFIED_INTACT
q-hy-sci-0017,general,subj-science,खाने वाले सोडे (बेकिंग सोडा) का सही रासायनिक सूत्र क्या है?,SINGLE_CORRECT_MCQ,hi,HUMAN_CURATED,NO,NONE,PRESERVE_PRACTICE_INVENTORY,VERIFIED_INTACT
q-hy-sci-0018,general,subj-science,प्लास्टर ऑफ पेरिस (POP) का रासायनिक सूत्र क्या है?,SINGLE_CORRECT_MCQ,hi,HUMAN_CURATED,NO,NONE,PRESERVE_PRACTICE_INVENTORY,VERIFIED_INTACT
q-hy-sci-0019,general,subj-science,कमरे के ताप पर द्रव अवस्था में पाई जाने वाली एकमात्र धातु कौ,SINGLE_CORRECT_MCQ,hi,HUMAN_CURATED,NO,NONE,PRESERVE_PRACTICE_INVENTORY,VERIFIED_INTACT
q-hy-sci-0020,general,subj-science,सक्रियता श्रेणी में सबसे अधिक अभिक्रियाशील धातु कौन सी है?,SINGLE_CORRECT_MCQ,hi,HUMAN_CURATED,NO,NONE,PRESERVE_PRACTICE_INVENTORY,VERIFIED_INTACT
q-hy-sci-0021,general,subj-science,निम्न में से कौन सा उभयधर्मी ऑक्साइड (Amphoteric Oxide) है ज,SINGLE_CORRECT_MCQ,hi,HUMAN_CURATED,NO,NONE,PRESERVE_PRACTICE_INVENTORY,VERIFIED_INTACT
q-hy-sci-0022,general,subj-science,प्रकृति का सबसे कठोरतम ज्ञात प्राकृतिक पदार्थ कौन सा है?,SINGLE_CORRECT_MCQ,hi,HUMAN_CURATED,NO,NONE,PRESERVE_PRACTICE_INVENTORY,VERIFIED_INTACT
q-hy-sci-0023,general,subj-science,मनुष्य की लार (Saliva) में कौन सा एंजाइम पाया जाता है जो स्ट,SINGLE_CORRECT_MCQ,hi,HUMAN_CURATED,NO,NONE,PRESERVE_PRACTICE_INVENTORY,VERIFIED_INTACT
q-hy-sci-0024,general,subj-science,मनुष्य के आमाशय (Stomach) की जठर ग्रंथियों से कौन सा अम्ल स्,SINGLE_CORRECT_MCQ,hi,HUMAN_CURATED,NO,NONE,PRESERVE_PRACTICE_INVENTORY,VERIFIED_INTACT
q-hy-sci-0025,general,subj-science,पौधों में जल एवं खनिज लवणों का संवहन किस ऊतक द्वारा होता है?,SINGLE_CORRECT_MCQ,hi,HUMAN_CURATED,NO,NONE,PRESERVE_PRACTICE_INVENTORY,VERIFIED_INTACT
q-hy-sci-0026,general,subj-science,मानव वृक्क (Kidney) की संरचनात्मक एवं कार्यात्मक इकाई क्या क,SINGLE_CORRECT_MCQ,hi,HUMAN_CURATED,NO,NONE,PRESERVE_PRACTICE_INVENTORY,VERIFIED_INTACT
q-hy-sci-0027,general,subj-science,पौधों में कोशिका विभाजन (Cell Division) को प्रेरित करने वाला,SINGLE_CORRECT_MCQ,hi,HUMAN_CURATED,NO,NONE,PRESERVE_PRACTICE_INVENTORY,VERIFIED_INTACT
q-hy-sci-0028,general,subj-science,रक्त में शर्करा (ग्लूकोज) के स्तर को नियंत्रित करने वाले 'इं,SINGLE_CORRECT_MCQ,hi,HUMAN_CURATED,NO,NONE,PRESERVE_PRACTICE_INVENTORY,VERIFIED_INTACT
q-hy-sci-0029,general,subj-science,ग्रेगर जॉन मेंडल ने आनुवंशिकी के नियमों की खोज के लिए किस पौ,SINGLE_CORRECT_MCQ,hi,HUMAN_CURATED,NO,NONE,PRESERVE_PRACTICE_INVENTORY,VERIFIED_INTACT
q-hy-sci-0030,general,subj-science,मानव में लिंग निर्धारण के लिए कौन सा गुणसूत्र उत्तरदायी होता,SINGLE_CORRECT_MCQ,hi,HUMAN_CURATED,NO,NONE,PRESERVE_PRACTICE_INVENTORY,VERIFIED_INTACT
q-hy-sci-0031,general,subj-science,पारिस्थितिक तंत्र में खाद्य श्रृंखला के एक पोषी स्तर से अगले,SINGLE_CORRECT_MCQ,hi,HUMAN_CURATED,NO,NONE,PRESERVE_PRACTICE_INVENTORY,VERIFIED_INTACT
q-hy-sci-0032,general,subj-science,ओजोन परत (O₃) सूर्य से आने वाली किन हानिकारक किरणों से पृथ्व,SINGLE_CORRECT_MCQ,hi,HUMAN_CURATED,NO,NONE,PRESERVE_PRACTICE_INVENTORY,VERIFIED_INTACT
q-hy-sci-0033,general,subj-science,गोलीय दर्पण द्वारा उत्पन्न रेखीय आवर्धन (m) का सूत्र क्या हो,SINGLE_CORRECT_MCQ,hi,HUMAN_CURATED,NO,NONE,PRESERVE_PRACTICE_INVENTORY,VERIFIED_INTACT
q-hy-sci-0034,general,subj-science,हीरे (Diamond) का अपवर्तनांक कितना होता है जो प्रकृति में सर,SINGLE_CORRECT_MCQ,hi,HUMAN_CURATED,NO,NONE,PRESERVE_PRACTICE_INVENTORY,VERIFIED_INTACT
q-hy-sci-0035,general,subj-science,पूर्ण आंतरिक परावर्तन (Total Internal Reflection) होने की अन,SINGLE_CORRECT_MCQ,hi,HUMAN_CURATED,NO,NONE,PRESERVE_PRACTICE_INVENTORY,VERIFIED_INTACT
q-hy-sci-0036,general,subj-science,सामान्य दृष्टि के वयस्क हेतु सुस्पष्ट दर्शन की न्यूनतम दूरी ,SINGLE_CORRECT_MCQ,hi,HUMAN_CURATED,NO,NONE,PRESERVE_PRACTICE_INVENTORY,VERIFIED_INTACT
q-hy-sci-0037,general,subj-science,वृद्धावस्था में आंखों की समंजन क्षमता घट जाने से होने वाले ',SINGLE_CORRECT_MCQ,hi,HUMAN_CURATED,NO,NONE,PRESERVE_PRACTICE_INVENTORY,VERIFIED_INTACT
q-hy-sci-0038,general,subj-science,इंद्रधनुष (Rainbow) बनने में प्रकाश की कौन-कौन सी घटनाएं शाम,SINGLE_CORRECT_MCQ,hi,HUMAN_CURATED,NO,NONE,PRESERVE_PRACTICE_INVENTORY,VERIFIED_INTACT
q-hy-sci-0039,general,subj-science,1 कूलॉम आवेश (1 Coulomb Charge) में इलेक्ट्रॉनों की संख्या ल,SINGLE_CORRECT_MCQ,hi,HUMAN_CURATED,NO,NONE,PRESERVE_PRACTICE_INVENTORY,VERIFIED_INTACT
q-hy-sci-0040,general,subj-science,दो प्रतिरोधक R₁ = 4 Ω और R₂ = 4 Ω समांतर क्रम में जुड़े हैं।,SINGLE_CORRECT_MCQ,hi,HUMAN_CURATED,NO,NONE,PRESERVE_PRACTICE_INVENTORY,VERIFIED_INTACT
q-hy-sci-0041,general,subj-science,विद्युत हीटर अथवा प्रेस का तापन अवयव (Heating Element) किस म,SINGLE_CORRECT_MCQ,hi,HUMAN_CURATED,NO,NONE,PRESERVE_PRACTICE_INVENTORY,VERIFIED_INTACT
q-hy-sci-0042,general,subj-science,विद्युत धारावाही सीधी परिनालिका (Solenoid) के भीतर चुंबकीय क,SINGLE_CORRECT_MCQ,hi,HUMAN_CURATED,NO,NONE,PRESERVE_PRACTICE_INVENTORY,VERIFIED_INTACT
q-hy-sci-0043,general,subj-science,विद्युत चुंबकीय प्रेरण (Electromagnetic Induction) की खोज कि,SINGLE_CORRECT_MCQ,hi,HUMAN_CURATED,NO,NONE,PRESERVE_PRACTICE_INVENTORY,VERIFIED_INTACT
q-hy-sci-0044,general,subj-science,श्वसन (Respiration) किस प्रकार की रासायनिक अभिक्रिया है?,SINGLE_CORRECT_MCQ,hi,HUMAN_CURATED,NO,NONE,PRESERVE_PRACTICE_INVENTORY,VERIFIED_INTACT
q-hy-sci-0045,general,subj-science,लोहे पर जंग लगना (Rusting of Iron) किस प्रकार की अभिक्रिया ह,SINGLE_CORRECT_MCQ,hi,HUMAN_CURATED,NO,NONE,PRESERVE_PRACTICE_INVENTORY,VERIFIED_INTACT
q-hy-sci-0046,general,subj-science,हल्दी (Turmeric) प्राकृतिक सूचक पर क्षारकीय पदार्थ (जैसे साब,SINGLE_CORRECT_MCQ,hi,HUMAN_CURATED,NO,NONE,PRESERVE_PRACTICE_INVENTORY,VERIFIED_INTACT
q-hy-sci-0047,general,subj-science,चींटी के डंक (Ant Sting) एवं नेटल के डंक में कौन सा अम्ल उपस,SINGLE_CORRECT_MCQ,hi,HUMAN_CURATED,NO,NONE,PRESERVE_PRACTICE_INVENTORY,VERIFIED_INTACT
q-hy-sci-0048,general,subj-science,सिरके (Vinegar) में कौन सा अम्ल पाया जाता है?,SINGLE_CORRECT_MCQ,hi,HUMAN_CURATED,NO,NONE,PRESERVE_PRACTICE_INVENTORY,VERIFIED_INTACT
q-hy-sci-0049,general,subj-science,शुष्क बुझे हुए चूने [Ca(OH)₂] पर क्लोरीन गैस प्रवाहित करने स,SINGLE_CORRECT_MCQ,hi,HUMAN_CURATED,NO,NONE,PRESERVE_PRACTICE_INVENTORY,VERIFIED_INTACT
q-hy-sci-0050,general,subj-science,लोहे एवं इस्पात को जंग से सुरक्षित रखने के लिए उन पर जस्ते (,SINGLE_CORRECT_MCQ,hi,HUMAN_CURATED,NO,NONE,PRESERVE_PRACTICE_INVENTORY,VERIFIED_INTACT
q-hy-sci-0051,general,subj-science,सिनाबार (Cinnabar - HgS) किस धातु का प्रमुख अयस्क है?,SINGLE_CORRECT_MCQ,hi,HUMAN_CURATED,NO,NONE,PRESERVE_PRACTICE_INVENTORY,VERIFIED_INTACT
q-hy-sci-0052,general,subj-science,पीतल (Brass) किन दो धातुओं की मिश्रधातु है?,SINGLE_CORRECT_MCQ,hi,HUMAN_CURATED,NO,NONE,PRESERVE_PRACTICE_INVENTORY,VERIFIED_INTACT
q-hy-sci-0053,general,subj-science,एल्केन (Alkane) समजातीय श्रेणी का सामान्य सूत्र क्या है?,SINGLE_CORRECT_MCQ,hi,HUMAN_CURATED,NO,NONE,PRESERVE_PRACTICE_INVENTORY,VERIFIED_INTACT
q-hy-sci-0054,general,subj-science,एथेनॉल (Alcohol) में कौन सा प्रकार्यात्मक समूह (Functional G,SINGLE_CORRECT_MCQ,hi,HUMAN_CURATED,NO,NONE,PRESERVE_PRACTICE_INVENTORY,VERIFIED_INTACT
q-hy-sci-0055,general,subj-science,मानव हृदय में कुल कितने कोष्ठ (Chambers) होते हैं?,SINGLE_CORRECT_MCQ,hi,HUMAN_CURATED,NO,NONE,PRESERVE_PRACTICE_INVENTORY,VERIFIED_INTACT
q-hy-sci-0056,general,subj-science,मानव रक्त में ऑक्सीजन का परिवहन करने वाला लाल वर्णक कौन सा ह,SINGLE_CORRECT_MCQ,hi,HUMAN_CURATED,NO,NONE,PRESERVE_PRACTICE_INVENTORY,VERIFIED_INTACT
q-hy-sci-0057,general,subj-science,एक स्वस्थ सामान्य वयस्क का प्रकुंचन (Systolic) एवं अनुशिथिलन,SINGLE_CORRECT_MCQ,hi,HUMAN_CURATED,NO,NONE,PRESERVE_PRACTICE_INVENTORY,VERIFIED_INTACT
q-hy-sci-0058,general,subj-science,चोट लगने पर रक्त के थक्के (Blood Clot) बनने में कौन सा रक्त ,SINGLE_CORRECT_MCQ,hi,HUMAN_CURATED,NO,NONE,PRESERVE_PRACTICE_INVENTORY,VERIFIED_INTACT
q-hy-sci-0059,general,subj-science,अत्यधिक व्यायाम या दौड़ने के बाद मांसपेशियों में ऐंठन (Cramp,SINGLE_CORRECT_MCQ,hi,HUMAN_CURATED,NO,NONE,PRESERVE_PRACTICE_INVENTORY,VERIFIED_INTACT
q-hy-sci-0060,general,subj-science,तंत्रिका तंत्र (Nervous System) की संरचनात्मक एवं क्रियात्मक,SINGLE_CORRECT_MCQ,hi,HUMAN_CURATED,NO,NONE,PRESERVE_PRACTICE_INVENTORY,VERIFIED_INTACT
q-hy-sci-0061,general,subj-science,मानव मस्तिष्क का कौन सा भाग शरीर का संतुलन एवं ऐच्छिक पेशियो,SINGLE_CORRECT_MCQ,hi,HUMAN_CURATED,NO,NONE,PRESERVE_PRACTICE_INVENTORY,VERIFIED_INTACT
q-hy-sci-0062,general,subj-science,मानव शरीर की 'मास्टर ग्रंथि' (Master Gland) किसे कहा जाता है,SINGLE_CORRECT_MCQ,hi,HUMAN_CURATED,NO,NONE,PRESERVE_PRACTICE_INVENTORY,VERIFIED_INTACT
q-hy-sci-0063,general,subj-science,थायरॉयड ग्रंथि द्वारा थायरॉक्सिन हार्मोन निर्माण हेतु भोजन म,SINGLE_CORRECT_MCQ,hi,HUMAN_CURATED,NO,NONE,PRESERVE_PRACTICE_INVENTORY,VERIFIED_INTACT
q-hy-sci-0064,general,subj-science,हाइड्रा और यीस्ट (Yeast) में अलैंगिक जनन सामान्यतः किस विधि ,SINGLE_CORRECT_MCQ,hi,HUMAN_CURATED,NO,NONE,PRESERVE_PRACTICE_INVENTORY,VERIFIED_INTACT
q-hy-sci-0065,general,subj-science,अमीबा (Amoeba) में अलैंगिक जनन किस विधि द्वारा संपन्न होता ह,SINGLE_CORRECT_MCQ,hi,HUMAN_CURATED,NO,NONE,PRESERVE_PRACTICE_INVENTORY,VERIFIED_INTACT
q-hy-sci-0066,general,subj-science,मानव मादा में निषेचन (Fertilization) की प्रक्रिया कहाँ संपन्,SINGLE_CORRECT_MCQ,hi,HUMAN_CURATED,NO,NONE,PRESERVE_PRACTICE_INVENTORY,VERIFIED_INTACT
q-hy-sci-0067,general,subj-science,मेण्डल के एक संकर संकरण (Monohybrid Cross) का लक्षणप्ररूपी (,SINGLE_CORRECT_MCQ,hi,HUMAN_CURATED,NO,NONE,PRESERVE_PRACTICE_INVENTORY,VERIFIED_INTACT
q-hy-sci-0068,general,subj-science,मेण्डल के द्विसंकर संकरण (Dihybrid Cross) की F₂ पीढ़ी का लक्,SINGLE_CORRECT_MCQ,hi,HUMAN_CURATED,NO,NONE,PRESERVE_PRACTICE_INVENTORY,VERIFIED_INTACT
q-hy-sci-0069,general,subj-science,आहार श्रृंखला में प्रत्येक पोषी स्तर पर हानिकारक पीड़कनाशियो,SINGLE_CORRECT_MCQ,hi,HUMAN_CURATED,NO,NONE,PRESERVE_PRACTICE_INVENTORY,VERIFIED_INTACT
q-hy-sci-0070,general,subj-science,ओजोन परत के तीव्र क्षरण के लिए मुख्य रूप से कौन सा रसायन उत्,SINGLE_CORRECT_MCQ,hi,HUMAN_CURATED,NO,NONE,PRESERVE_PRACTICE_INVENTORY,VERIFIED_INTACT
q-hy-sci-0071,general,subj-science,सोडियम सल्फेट और बेरियम क्लोराइड की अभिक्रिया से किस रंग का ,SINGLE_CORRECT_MCQ,hi,HUMAN_CURATED,NO,NONE,PRESERVE_PRACTICE_INVENTORY,VERIFIED_INTACT
q-hy-sci-0072,general,subj-science,सोडियम क्लोराइड के जलीय विलयन में विद्युत प्रवाहित करने पर ए,SINGLE_CORRECT_MCQ,hi,HUMAN_CURATED,NO,NONE,PRESERVE_PRACTICE_INVENTORY,VERIFIED_INTACT
q-hy-sci-0073,general,subj-science,अधिकांश धातु ऑक्साइडों की प्रकृति कैसी होती है?,SINGLE_CORRECT_MCQ,hi,HUMAN_CURATED,NO,NONE,PRESERVE_PRACTICE_INVENTORY,VERIFIED_INTACT
q-hy-sci-0074,general,subj-science,साबुन (Soap) निर्माण की रासायनिक प्रक्रिया को क्या कहते हैं?,SINGLE_CORRECT_MCQ,hi,HUMAN_CURATED,NO,NONE,PRESERVE_PRACTICE_INVENTORY,VERIFIED_INTACT
q-hy-sci-0075,general,subj-science,मनुष्य में ऑक्सीजन का संवहन कौन करता है?,SINGLE_CORRECT_MCQ,hi,HUMAN_CURATED,NO,NONE,PRESERVE_PRACTICE_INVENTORY,VERIFIED_INTACT
q-hy-sci-0076,general,subj-science,प्रकाश संश्लेषण के लिए पौधों की पत्तियों में उपस्थित अनिवार्,SINGLE_CORRECT_MCQ,hi,HUMAN_CURATED,NO,NONE,PRESERVE_PRACTICE_INVENTORY,VERIFIED_INTACT
q-hy-sci-0077,general,subj-science,पत्तियों की सतह पर गैसीय विनिमय एवं वाष्पोत्सर्जन हेतु उपस्थ,SINGLE_CORRECT_MCQ,hi,HUMAN_CURATED,NO,NONE,PRESERVE_PRACTICE_INVENTORY,VERIFIED_INTACT
q-hy-sci-0078,general,subj-science,संकटकालीन अथवा 'लड़ो या उड़ो' (Fight or Flight) हार्मोन किसे,SINGLE_CORRECT_MCQ,hi,HUMAN_CURATED,NO,NONE,PRESERVE_PRACTICE_INVENTORY,VERIFIED_INTACT
q-hy-sci-0079,general,subj-science,परागकणों का परागकोश से वर्तिकाग्र पर स्थानांतरण क्या कहलाता ,SINGLE_CORRECT_MCQ,hi,HUMAN_CURATED,NO,NONE,PRESERVE_PRACTICE_INVENTORY,VERIFIED_INTACT
q-hy-sci-0080,general,subj-science,मानव की प्रत्येक कायिक कोशिका में कितने जोड़े गुणसूत्र (Chro,SINGLE_CORRECT_MCQ,hi,HUMAN_CURATED,NO,NONE,PRESERVE_PRACTICE_INVENTORY,VERIFIED_INTACT
q-hy-sci-0081,general,subj-science,प्रकाश के अपवर्तन का दूसरा नियम किस नाम से जाना जाता है?,SINGLE_CORRECT_MCQ,hi,HUMAN_CURATED,NO,NONE,PRESERVE_PRACTICE_INVENTORY,VERIFIED_INTACT
q-hy-sci-0082,general,subj-science,पतले गोलीय लेंस का सूत्र क्या होता है?,SINGLE_CORRECT_MCQ,hi,HUMAN_CURATED,NO,NONE,PRESERVE_PRACTICE_INVENTORY,VERIFIED_INTACT
q-hy-sci-0083,general,subj-science,परिपथ में विद्युत धारा मापने वाले 'अमीटर' को सदैव किस क्रम म,SINGLE_CORRECT_MCQ,hi,HUMAN_CURATED,NO,NONE,PRESERVE_PRACTICE_INVENTORY,VERIFIED_INTACT
q-hy-sci-0084,general,subj-science,घरेलू विद्युत सुरक्षा हेतु प्रयुक्त 'फ्यूज तार' (Fuse Wire) ,SINGLE_CORRECT_MCQ,hi,HUMAN_CURATED,NO,NONE,PRESERVE_PRACTICE_INVENTORY,VERIFIED_INTACT
q-hy-sci-0085,general,subj-science,ओजोन छिद्र सर्वप्रथम किस महाद्वीप के ऊपर देखा गया था?,SINGLE_CORRECT_MCQ,hi,HUMAN_CURATED,NO,NONE,PRESERVE_PRACTICE_INVENTORY,VERIFIED_INTACT
q-hy-soc-0001,general,subj-social,कुख्यात जलियांवाला बाग हत्याकांड किस तिथि को और किस शहर में ,SINGLE_CORRECT_MCQ,hi,HUMAN_CURATED,NO,NONE,PRESERVE_PRACTICE_INVENTORY,VERIFIED_INTACT
q-hy-soc-0002,general,subj-social,गांधीजी ने नमक कानून तोड़ने के लिए ऐतिहासिक 'दांडी यात्रा' क,SINGLE_CORRECT_MCQ,hi,HUMAN_CURATED,NO,NONE,PRESERVE_PRACTICE_INVENTORY,VERIFIED_INTACT
q-hy-soc-0003,general,subj-social,गांधीजी का भारत में पहला सफल सत्याग्रह 1917 में किस स्थान पर,SINGLE_CORRECT_MCQ,hi,HUMAN_CURATED,NO,NONE,PRESERVE_PRACTICE_INVENTORY,VERIFIED_INTACT
q-hy-soc-0004,general,subj-social,इटली के एकीकरण में 'यंग इटली' (Young Italy) नामक गुप्त संगठन,SINGLE_CORRECT_MCQ,hi,HUMAN_CURATED,NO,NONE,PRESERVE_PRACTICE_INVENTORY,VERIFIED_INTACT
q-hy-soc-0005,general,subj-social,जर्मनी के एकीकरण का श्रेय 'रक्त और लौह की नीति' (Blood and I,SINGLE_CORRECT_MCQ,hi,HUMAN_CURATED,NO,NONE,PRESERVE_PRACTICE_INVENTORY,VERIFIED_INTACT
q-hy-soc-0006,general,subj-social,कपास (Cotton) की खेती के लिए भारत में कौन सी मिट्टी सर्वाधिक,SINGLE_CORRECT_MCQ,hi,HUMAN_CURATED,NO,NONE,PRESERVE_PRACTICE_INVENTORY,VERIFIED_INTACT
q-hy-soc-0007,general,subj-social,भारत के विशाल उत्तरी मैदानों (गंगा-ब्रह्मपुत्र मैदान) में सर,SINGLE_CORRECT_MCQ,hi,HUMAN_CURATED,NO,NONE,PRESERVE_PRACTICE_INVENTORY,VERIFIED_INTACT
q-hy-soc-0008,general,subj-social,भारत का सबसे लम्बा बांध 'हीराकुंड बांध' किस नदी पर निर्मित ह,SINGLE_CORRECT_MCQ,hi,HUMAN_CURATED,NO,NONE,PRESERVE_PRACTICE_INVENTORY,VERIFIED_INTACT
q-hy-soc-0009,general,subj-social,निम्न में से कौन सी भारत में एक प्रमुख 'रबी' (Rabi) की फसल ह,SINGLE_CORRECT_MCQ,hi,HUMAN_CURATED,NO,NONE,PRESERVE_PRACTICE_INVENTORY,VERIFIED_INTACT
q-hy-soc-0010,general,subj-social,भारत में सबसे पुराना तेल उत्पादक क्षेत्र (Oil Field) कौन सा ,SINGLE_CORRECT_MCQ,hi,HUMAN_CURATED,NO,NONE,PRESERVE_PRACTICE_INVENTORY,VERIFIED_INTACT
q-hy-soc-0011,general,subj-social,श्रीलंका किस वर्ष स्वतंत्र हुआ और वहां बहुसंख्यक सिंहली समुद,SINGLE_CORRECT_MCQ,hi,HUMAN_CURATED,NO,NONE,PRESERVE_PRACTICE_INVENTORY,VERIFIED_INTACT
q-hy-soc-0012,general,subj-social,भारतीय संविधान की 7वीं अनुसूची में शिक्षा (Education) को किस,SINGLE_CORRECT_MCQ,hi,HUMAN_CURATED,NO,NONE,PRESERVE_PRACTICE_INVENTORY,VERIFIED_INTACT
q-hy-soc-0013,general,subj-social,भारत में पंचायती राज व्यवस्था को संवैधानिक दर्जा किस संविधान,SINGLE_CORRECT_MCQ,hi,HUMAN_CURATED,NO,NONE,PRESERVE_PRACTICE_INVENTORY,VERIFIED_INTACT
q-hy-soc-0014,general,subj-social,डॉ. भीमराव अंबेडकर ने किस मौलिक अधिकार को 'संविधान का हृदय औ,SINGLE_CORRECT_MCQ,hi,HUMAN_CURATED,NO,NONE,PRESERVE_PRACTICE_INVENTORY,VERIFIED_INTACT
q-hy-soc-0015,general,subj-social,अर्थव्यवस्था के किस क्षेत्रक को 'सेवा क्षेत्रक' (Service Sec,SINGLE_CORRECT_MCQ,hi,HUMAN_CURATED,NO,NONE,PRESERVE_PRACTICE_INVENTORY,VERIFIED_INTACT
q-hy-soc-0016,general,subj-social,कृषि क्षेत्र में आवश्यकता से अधिक लोगों के लगे होने की स्थित,SINGLE_CORRECT_MCQ,hi,HUMAN_CURATED,NO,NONE,PRESERVE_PRACTICE_INVENTORY,VERIFIED_INTACT
q-hy-soc-0017,general,subj-social,भारत में ₹1 के नोट और सभी सिक्कों को छोड़कर अन्य सभी करेंसी ,SINGLE_CORRECT_MCQ,hi,HUMAN_CURATED,NO,NONE,PRESERVE_PRACTICE_INVENTORY,VERIFIED_INTACT
q-hy-soc-0018,general,subj-social,भारत में 'राष्ट्रीय उपभोक्ता दिवस' (National Consumer Day) प,SINGLE_CORRECT_MCQ,hi,HUMAN_CURATED,NO,NONE,PRESERVE_PRACTICE_INVENTORY,VERIFIED_INTACT
q-hy-soc-0019,general,subj-social,भूकंप की तीव्रता मापने के लिए किस पैमाने (Scale) का उपयोग कि,SINGLE_CORRECT_MCQ,hi,HUMAN_CURATED,NO,NONE,PRESERVE_PRACTICE_INVENTORY,VERIFIED_INTACT
q-hy-soc-0020,general,subj-social,सुनामी (Tsunami) का मुख्य कारण क्या होता है?,SINGLE_CORRECT_MCQ,hi,HUMAN_CURATED,NO,NONE,PRESERVE_PRACTICE_INVENTORY,VERIFIED_INTACT
q-hy-soc-0021,general,subj-social,गांधीजी ने फरवरी 1922 में 'असहयोग आंदोलन' (Non-Cooperation M,SINGLE_CORRECT_MCQ,hi,HUMAN_CURATED,NO,NONE,PRESERVE_PRACTICE_INVENTORY,VERIFIED_INTACT
q-hy-soc-0022,general,subj-social,'साइमन कमीशन' (Simon Commission) भारत कब आया और भारतीयों ने ,SINGLE_CORRECT_MCQ,hi,HUMAN_CURATED,NO,NONE,PRESERVE_PRACTICE_INVENTORY,VERIFIED_INTACT
q-hy-soc-0023,general,subj-social,भारतीय राष्ट्रीय कांग्रेस के किस अधिवेशन (1929) में 'पूर्ण स,SINGLE_CORRECT_MCQ,hi,HUMAN_CURATED,NO,NONE,PRESERVE_PRACTICE_INVENTORY,VERIFIED_INTACT
q-hy-soc-0024,general,subj-social,8 अगस्त 1942 को गांधीजी ने 'करो या मरो' (Do or Die) का नारा ,SINGLE_CORRECT_MCQ,hi,HUMAN_CURATED,NO,NONE,PRESERVE_PRACTICE_INVENTORY,VERIFIED_INTACT
q-hy-soc-0025,general,subj-social,सितंबर 1932 का प्रसिद्ध 'पूना पैक्ट' (Poona Pact) किन दो महा,SINGLE_CORRECT_MCQ,hi,HUMAN_CURATED,NO,NONE,PRESERVE_PRACTICE_INVENTORY,VERIFIED_INTACT
q-hy-soc-0026,general,subj-social,विश्व में 'औद्योगिक क्रांति' (Industrial Revolution) का सूत्,SINGLE_CORRECT_MCQ,hi,HUMAN_CURATED,NO,NONE,PRESERVE_PRACTICE_INVENTORY,VERIFIED_INTACT
q-hy-soc-0027,general,subj-social,यूरोप में धातु के गतिशील अक्षरों वाले पहले प्रिंटिंग प्रेस क,SINGLE_CORRECT_MCQ,hi,HUMAN_CURATED,NO,NONE,PRESERVE_PRACTICE_INVENTORY,VERIFIED_INTACT
q-hy-soc-0028,general,subj-social,उत्तराखंड के चमोली जिले में वनों की कटाई रोकने हेतु 'चिपको आ,SINGLE_CORRECT_MCQ,hi,HUMAN_CURATED,NO,NONE,PRESERVE_PRACTICE_INVENTORY,VERIFIED_INTACT
q-hy-soc-0029,general,subj-social,भारत में बाघों के संरक्षण हेतु प्रसिद्ध 'प्रोजेक्ट टाइगर' (P,SINGLE_CORRECT_MCQ,hi,HUMAN_CURATED,NO,NONE,PRESERVE_PRACTICE_INVENTORY,VERIFIED_INTACT
q-hy-soc-0030,general,subj-social,सरदार सरोवर बांध (Sardar Sarovar Dam) किस नदी पर और किस राज्,SINGLE_CORRECT_MCQ,hi,HUMAN_CURATED,NO,NONE,PRESERVE_PRACTICE_INVENTORY,VERIFIED_INTACT
q-hy-soc-0031,general,subj-social,"भारत के चार महानगरों दिल्ली, मुंबई, चेन्नई और कोलकाता को जोड",SINGLE_CORRECT_MCQ,hi,HUMAN_CURATED,NO,NONE,PRESERVE_PRACTICE_INVENTORY,VERIFIED_INTACT
q-hy-soc-0032,general,subj-social,भारत में 'हरित क्रांति' (Green Revolution) का जनक किसे कहा ज,SINGLE_CORRECT_MCQ,hi,HUMAN_CURATED,NO,NONE,PRESERVE_PRACTICE_INVENTORY,VERIFIED_INTACT
q-hy-soc-0033,general,subj-social,"लोकतंत्र की प्रसिद्ध परिभाषा 'लोकतंत्र जनता का, जनता द्वारा ",SINGLE_CORRECT_MCQ,hi,HUMAN_CURATED,NO,NONE,PRESERVE_PRACTICE_INVENTORY,VERIFIED_INTACT
q-hy-soc-0034,general,subj-social,भारतीय संविधान सभा के स्थायी अध्यक्ष (President of Constitue,SINGLE_CORRECT_MCQ,hi,HUMAN_CURATED,NO,NONE,PRESERVE_PRACTICE_INVENTORY,VERIFIED_INTACT
q-hy-soc-0035,general,subj-social,भारतीय संविधान का कौन सा अनुच्छेद 'अस्पृश्यता का अंत' (Aboli,SINGLE_CORRECT_MCQ,hi,HUMAN_CURATED,NO,NONE,PRESERVE_PRACTICE_INVENTORY,VERIFIED_INTACT
q-hy-soc-0036,general,subj-social,संविधान का अनुच्छेद 21 किस मौलिक अधिकार से संबंधित है?,SINGLE_CORRECT_MCQ,hi,HUMAN_CURATED,NO,NONE,PRESERVE_PRACTICE_INVENTORY,VERIFIED_INTACT
q-hy-soc-0037,general,subj-social,मानव विकास सूचकांक (Human Development Index - HDI) रिपोर्ट प,SINGLE_CORRECT_MCQ,hi,HUMAN_CURATED,NO,NONE,PRESERVE_PRACTICE_INVENTORY,VERIFIED_INTACT
q-hy-soc-0038,general,subj-social,विश्व व्यापार संगठन (World Trade Organization - WTO) की स्था,SINGLE_CORRECT_MCQ,hi,HUMAN_CURATED,NO,NONE,PRESERVE_PRACTICE_INVENTORY,VERIFIED_INTACT
q-hy-soc-0039,general,subj-social,ग्रामीण क्षेत्रों में गरीबों को बिना समर्थक ऋणाधार (Collater,SINGLE_CORRECT_MCQ,hi,HUMAN_CURATED,NO,NONE,PRESERVE_PRACTICE_INVENTORY,VERIFIED_INTACT
q-hy-soc-0040,general,subj-social,बिहार का शोक (Sorrow of Bihar) किस नदी को कहा जाता है जो मार,SINGLE_CORRECT_MCQ,hi,HUMAN_CURATED,NO,NONE,PRESERVE_PRACTICE_INVENTORY,VERIFIED_INTACT
q-hy-soc-0041,general,subj-social,1857 के प्रथम स्वतंत्रता संग्राम में लखनऊ में विद्रोह का नेत,SINGLE_CORRECT_MCQ,hi,HUMAN_CURATED,NO,NONE,PRESERVE_PRACTICE_INVENTORY,VERIFIED_INTACT
q-hy-soc-0042,general,subj-social,भाखड़ा नांगल परियोजना किस नदी पर निर्मित भारत की प्रमुख बहुउ,SINGLE_CORRECT_MCQ,hi,HUMAN_CURATED,NO,NONE,PRESERVE_PRACTICE_INVENTORY,VERIFIED_INTACT
q-hy-soc-0043,general,subj-social,भारत में स्वतंत्र एवं निष्पक्ष चुनाव कराने हेतु भारतीय निर्व,SINGLE_CORRECT_MCQ,hi,HUMAN_CURATED,NO,NONE,PRESERVE_PRACTICE_INVENTORY,VERIFIED_INTACT
q-hy-soc-0044,general,subj-social,भारत में राष्ट्रीय आय और प्रति व्यक्ति आय की सर्वप्रथम गणना ,SINGLE_CORRECT_MCQ,hi,HUMAN_CURATED,NO,NONE,PRESERVE_PRACTICE_INVENTORY,VERIFIED_INTACT
q-hy-soc-0045,general,subj-social,काजीरंगा राष्ट्रीय उद्यान (असम) विशेष रूप से किसके संरक्षण क,SINGLE_CORRECT_MCQ,hi,HUMAN_CURATED,NO,NONE,PRESERVE_PRACTICE_INVENTORY,VERIFIED_INTACT
q-hy-soc-0046,general,subj-social,1857 के प्रथम स्वतंत्रता संग्राम में लखनऊ में विद्रोह का नेत,SINGLE_CORRECT_MCQ,hi,HUMAN_CURATED,NO,NONE,PRESERVE_PRACTICE_INVENTORY,VERIFIED_INTACT
q-hy-soc-0047,general,subj-social,भाखड़ा नांगल परियोजना किस नदी पर निर्मित भारत की प्रमुख बहुउ,SINGLE_CORRECT_MCQ,hi,HUMAN_CURATED,NO,NONE,PRESERVE_PRACTICE_INVENTORY,VERIFIED_INTACT
q-hy-soc-0048,general,subj-social,भारत में स्वतंत्र एवं निष्पक्ष चुनाव कराने हेतु भारतीय निर्व,SINGLE_CORRECT_MCQ,hi,HUMAN_CURATED,NO,NONE,PRESERVE_PRACTICE_INVENTORY,VERIFIED_INTACT
q-hy-soc-0049,general,subj-social,भारत में राष्ट्रीय आय और प्रति व्यक्ति आय की सर्वप्रथम गणना ,SINGLE_CORRECT_MCQ,hi,HUMAN_CURATED,NO,NONE,PRESERVE_PRACTICE_INVENTORY,VERIFIED_INTACT
q-hy-soc-0050,general,subj-social,काजीरंगा राष्ट्रीय उद्यान (असम) विशेष रूप से किसके संरक्षण क,SINGLE_CORRECT_MCQ,hi,HUMAN_CURATED,NO,NONE,PRESERVE_PRACTICE_INVENTORY,VERIFIED_INTACT
q-hy-soc-0051,general,subj-social,1857 के प्रथम स्वतंत्रता संग्राम में लखनऊ में विद्रोह का नेत,SINGLE_CORRECT_MCQ,hi,HUMAN_CURATED,NO,NONE,PRESERVE_PRACTICE_INVENTORY,VERIFIED_INTACT
q-hy-soc-0052,general,subj-social,भाखड़ा नांगल परियोजना किस नदी पर निर्मित भारत की प्रमुख बहुउ,SINGLE_CORRECT_MCQ,hi,HUMAN_CURATED,NO,NONE,PRESERVE_PRACTICE_INVENTORY,VERIFIED_INTACT
q-hy-soc-0053,general,subj-social,भारत में स्वतंत्र एवं निष्पक्ष चुनाव कराने हेतु भारतीय निर्व,SINGLE_CORRECT_MCQ,hi,HUMAN_CURATED,NO,NONE,PRESERVE_PRACTICE_INVENTORY,VERIFIED_INTACT
q-hy-soc-0054,general,subj-social,भारत में राष्ट्रीय आय और प्रति व्यक्ति आय की सर्वप्रथम गणना ,SINGLE_CORRECT_MCQ,hi,HUMAN_CURATED,NO,NONE,PRESERVE_PRACTICE_INVENTORY,VERIFIED_INTACT
q-hy-soc-0055,general,subj-social,काजीरंगा राष्ट्रीय उद्यान (असम) विशेष रूप से किसके संरक्षण क,SINGLE_CORRECT_MCQ,hi,HUMAN_CURATED,NO,NONE,PRESERVE_PRACTICE_INVENTORY,VERIFIED_INTACT
q-hy-soc-0056,general,subj-social,1857 के प्रथम स्वतंत्रता संग्राम में लखनऊ में विद्रोह का नेत,SINGLE_CORRECT_MCQ,hi,HUMAN_CURATED,NO,NONE,PRESERVE_PRACTICE_INVENTORY,VERIFIED_INTACT
q-hy-soc-0057,general,subj-social,भाखड़ा नांगल परियोजना किस नदी पर निर्मित भारत की प्रमुख बहुउ,SINGLE_CORRECT_MCQ,hi,HUMAN_CURATED,NO,NONE,PRESERVE_PRACTICE_INVENTORY,VERIFIED_INTACT
q-hy-soc-0058,general,subj-social,भारत में स्वतंत्र एवं निष्पक्ष चुनाव कराने हेतु भारतीय निर्व,SINGLE_CORRECT_MCQ,hi,HUMAN_CURATED,NO,NONE,PRESERVE_PRACTICE_INVENTORY,VERIFIED_INTACT
q-hy-soc-0059,general,subj-social,भारत में राष्ट्रीय आय और प्रति व्यक्ति आय की सर्वप्रथम गणना ,SINGLE_CORRECT_MCQ,hi,HUMAN_CURATED,NO,NONE,PRESERVE_PRACTICE_INVENTORY,VERIFIED_INTACT
q-hy-soc-0060,general,subj-social,काजीरंगा राष्ट्रीय उद्यान (असम) विशेष रूप से किसके संरक्षण क,SINGLE_CORRECT_MCQ,hi,HUMAN_CURATED,NO,NONE,PRESERVE_PRACTICE_INVENTORY,VERIFIED_INTACT
q-hy-soc-0061,general,subj-social,1857 के प्रथम स्वतंत्रता संग्राम में लखनऊ में विद्रोह का नेत,SINGLE_CORRECT_MCQ,hi,HUMAN_CURATED,NO,NONE,PRESERVE_PRACTICE_INVENTORY,VERIFIED_INTACT
q-hy-soc-0062,general,subj-social,भाखड़ा नांगल परियोजना किस नदी पर निर्मित भारत की प्रमुख बहुउ,SINGLE_CORRECT_MCQ,hi,HUMAN_CURATED,NO,NONE,PRESERVE_PRACTICE_INVENTORY,VERIFIED_INTACT
q-hy-soc-0063,general,subj-social,भारत में स्वतंत्र एवं निष्पक्ष चुनाव कराने हेतु भारतीय निर्व,SINGLE_CORRECT_MCQ,hi,HUMAN_CURATED,NO,NONE,PRESERVE_PRACTICE_INVENTORY,VERIFIED_INTACT
q-hy-soc-0064,general,subj-social,भारत में राष्ट्रीय आय और प्रति व्यक्ति आय की सर्वप्रथम गणना ,SINGLE_CORRECT_MCQ,hi,HUMAN_CURATED,NO,NONE,PRESERVE_PRACTICE_INVENTORY,VERIFIED_INTACT
q-hy-soc-0065,general,subj-social,काजीरंगा राष्ट्रीय उद्यान (असम) विशेष रूप से किसके संरक्षण क,SINGLE_CORRECT_MCQ,hi,HUMAN_CURATED,NO,NONE,PRESERVE_PRACTICE_INVENTORY,VERIFIED_INTACT
q-hy-soc-0066,general,subj-social,1857 के प्रथम स्वतंत्रता संग्राम में लखनऊ में विद्रोह का नेत,SINGLE_CORRECT_MCQ,hi,HUMAN_CURATED,NO,NONE,PRESERVE_PRACTICE_INVENTORY,VERIFIED_INTACT
q-hy-soc-0067,general,subj-social,भाखड़ा नांगल परियोजना किस नदी पर निर्मित भारत की प्रमुख बहुउ,SINGLE_CORRECT_MCQ,hi,HUMAN_CURATED,NO,NONE,PRESERVE_PRACTICE_INVENTORY,VERIFIED_INTACT
q-hy-soc-0068,general,subj-social,भारत में स्वतंत्र एवं निष्पक्ष चुनाव कराने हेतु भारतीय निर्व,SINGLE_CORRECT_MCQ,hi,HUMAN_CURATED,NO,NONE,PRESERVE_PRACTICE_INVENTORY,VERIFIED_INTACT
q-hy-soc-0069,general,subj-social,भारत में राष्ट्रीय आय और प्रति व्यक्ति आय की सर्वप्रथम गणना ,SINGLE_CORRECT_MCQ,hi,HUMAN_CURATED,NO,NONE,PRESERVE_PRACTICE_INVENTORY,VERIFIED_INTACT
q-hy-soc-0070,general,subj-social,काजीरंगा राष्ट्रीय उद्यान (असम) विशेष रूप से किसके संरक्षण क,SINGLE_CORRECT_MCQ,hi,HUMAN_CURATED,NO,NONE,PRESERVE_PRACTICE_INVENTORY,VERIFIED_INTACT
q-hy-soc-0071,general,subj-social,1857 के प्रथम स्वतंत्रता संग्राम में लखनऊ में विद्रोह का नेत,SINGLE_CORRECT_MCQ,hi,HUMAN_CURATED,NO,NONE,PRESERVE_PRACTICE_INVENTORY,VERIFIED_INTACT
q-hy-soc-0072,general,subj-social,भाखड़ा नांगल परियोजना किस नदी पर निर्मित भारत की प्रमुख बहुउ,SINGLE_CORRECT_MCQ,hi,HUMAN_CURATED,NO,NONE,PRESERVE_PRACTICE_INVENTORY,VERIFIED_INTACT
q-hy-soc-0073,general,subj-social,भारत में स्वतंत्र एवं निष्पक्ष चुनाव कराने हेतु भारतीय निर्व,SINGLE_CORRECT_MCQ,hi,HUMAN_CURATED,NO,NONE,PRESERVE_PRACTICE_INVENTORY,VERIFIED_INTACT
q-hy-soc-0074,general,subj-social,भारत में राष्ट्रीय आय और प्रति व्यक्ति आय की सर्वप्रथम गणना ,SINGLE_CORRECT_MCQ,hi,HUMAN_CURATED,NO,NONE,PRESERVE_PRACTICE_INVENTORY,VERIFIED_INTACT
q-hy-soc-0075,general,subj-social,काजीरंगा राष्ट्रीय उद्यान (असम) विशेष रूप से किसके संरक्षण क,SINGLE_CORRECT_MCQ,hi,HUMAN_CURATED,NO,NONE,PRESERVE_PRACTICE_INVENTORY,VERIFIED_INTACT
q-hy-soc-0076,general,subj-social,1857 के प्रथम स्वतंत्रता संग्राम में लखनऊ में विद्रोह का नेत,SINGLE_CORRECT_MCQ,hi,HUMAN_CURATED,NO,NONE,PRESERVE_PRACTICE_INVENTORY,VERIFIED_INTACT
q-hy-soc-0077,general,subj-social,भाखड़ा नांगल परियोजना किस नदी पर निर्मित भारत की प्रमुख बहुउ,SINGLE_CORRECT_MCQ,hi,HUMAN_CURATED,NO,NONE,PRESERVE_PRACTICE_INVENTORY,VERIFIED_INTACT
q-hy-soc-0078,general,subj-social,भारत में स्वतंत्र एवं निष्पक्ष चुनाव कराने हेतु भारतीय निर्व,SINGLE_CORRECT_MCQ,hi,HUMAN_CURATED,NO,NONE,PRESERVE_PRACTICE_INVENTORY,VERIFIED_INTACT
q-hy-soc-0079,general,subj-social,भारत में राष्ट्रीय आय और प्रति व्यक्ति आय की सर्वप्रथम गणना ,SINGLE_CORRECT_MCQ,hi,HUMAN_CURATED,NO,NONE,PRESERVE_PRACTICE_INVENTORY,VERIFIED_INTACT
q-hy-soc-0080,general,subj-social,काजीरंगा राष्ट्रीय उद्यान (असम) विशेष रूप से किसके संरक्षण क,SINGLE_CORRECT_MCQ,hi,HUMAN_CURATED,NO,NONE,PRESERVE_PRACTICE_INVENTORY,VERIFIED_INTACT
q-hy-soc-0081,general,subj-social,1857 के प्रथम स्वतंत्रता संग्राम में लखनऊ में विद्रोह का नेत,SINGLE_CORRECT_MCQ,hi,HUMAN_CURATED,NO,NONE,PRESERVE_PRACTICE_INVENTORY,VERIFIED_INTACT
q-hy-soc-0082,general,subj-social,भाखड़ा नांगल परियोजना किस नदी पर निर्मित भारत की प्रमुख बहुउ,SINGLE_CORRECT_MCQ,hi,HUMAN_CURATED,NO,NONE,PRESERVE_PRACTICE_INVENTORY,VERIFIED_INTACT
q-hy-soc-0083,general,subj-social,भारत में स्वतंत्र एवं निष्पक्ष चुनाव कराने हेतु भारतीय निर्व,SINGLE_CORRECT_MCQ,hi,HUMAN_CURATED,NO,NONE,PRESERVE_PRACTICE_INVENTORY,VERIFIED_INTACT
q-hy-soc-0084,general,subj-social,भारत में राष्ट्रीय आय और प्रति व्यक्ति आय की सर्वप्रथम गणना ,SINGLE_CORRECT_MCQ,hi,HUMAN_CURATED,NO,NONE,PRESERVE_PRACTICE_INVENTORY,VERIFIED_INTACT
q-hy-soc-0085,general,subj-social,काजीरंगा राष्ट्रीय उद्यान (असम) विशेष रूप से किसके संरक्षण क,SINGLE_CORRECT_MCQ,hi,HUMAN_CURATED,NO,NONE,PRESERVE_PRACTICE_INVENTORY,VERIFIED_INTACT
q-ibps-po-2023-pre-q1,ibps-po-clerk,subj-math,,SINGLE_CORRECT_MCQ,hi,OFFICIAL_PYQ,YES,bp-verified-ibps-po-clerk,MAPPED_TO_BLUEPRINT,VERIFIED_INTACT
q-ibps-po-2023-pre-q2,ibps-po-clerk,subj-reasoning,,SINGLE_CORRECT_MCQ,hi,OFFICIAL_PYQ,YES,bp-verified-ibps-po-clerk,MAPPED_TO_BLUEPRINT,VERIFIED_INTACT
q-nta-neet-2023-q1,nta-neet,subj-biology,,SINGLE_CORRECT_MCQ,hi,OFFICIAL_PYQ,YES,bp-verified-nta-neet,MAPPED_TO_BLUEPRINT,VERIFIED_INTACT
q-nta-neet-2023-q2,nta-neet,subj-physics,,SINGLE_CORRECT_MCQ,hi,OFFICIAL_PYQ,YES,bp-verified-nta-neet,MAPPED_TO_BLUEPRINT,VERIFIED_INTACT
q-rrb-ntpc-2022-cbt1-q1,rrb-ntpc,subj-science,,SINGLE_CORRECT_MCQ,hi,OFFICIAL_PYQ,YES,bp-verified-rrb-ntpc,MAPPED_TO_BLUEPRINT,VERIFIED_INTACT
q-rrb-ntpc-2022-cbt1-q2,rrb-ntpc,subj-math,,SINGLE_CORRECT_MCQ,hi,OFFICIAL_PYQ,YES,bp-verified-rrb-ntpc,MAPPED_TO_BLUEPRINT,VERIFIED_INTACT
q-rrb-ntpc-2024-cbt1-ga-q001,rrb-ntpc,subj-gk,"भारतीय रेलवे नेटवर्क में, किस क्षेत्र (जोन) का मुख्यालय बिला",SINGLE_CORRECT_MCQ,hi,OFFICIAL_PYQ,NO,NONE,PRESERVE_AUTHENTIC_PYQ,VERIFIED_INTACT
q-rrb-ntpc-2024-cbt1-ga-q002,rrb-ntpc,subj-gk,"भारतीय रेलवे नेटवर्क में, किस क्षेत्र (जोन) का मुख्यालय बिला",SINGLE_CORRECT_MCQ,hi,OFFICIAL_PYQ,NO,NONE,PRESERVE_AUTHENTIC_PYQ,VERIFIED_INTACT
q-rrb-ntpc-2024-cbt1-ga-q003,rrb-ntpc,subj-gk,"भारतीय रेलवे नेटवर्क में, किस क्षेत्र (जोन) का मुख्यालय बिला",SINGLE_CORRECT_MCQ,hi,OFFICIAL_PYQ,NO,NONE,PRESERVE_AUTHENTIC_PYQ,VERIFIED_INTACT
q-rrb-ntpc-2024-cbt1-ga-q004,rrb-ntpc,subj-gk,"भारतीय रेलवे नेटवर्क में, किस क्षेत्र (जोन) का मुख्यालय बिला",SINGLE_CORRECT_MCQ,hi,OFFICIAL_PYQ,NO,NONE,PRESERVE_AUTHENTIC_PYQ,VERIFIED_INTACT
q-rrb-ntpc-2024-cbt1-ga-q005,rrb-ntpc,subj-gk,"भारतीय रेलवे नेटवर्क में, किस क्षेत्र (जोन) का मुख्यालय बिला",SINGLE_CORRECT_MCQ,hi,OFFICIAL_PYQ,NO,NONE,PRESERVE_AUTHENTIC_PYQ,VERIFIED_INTACT
q-rrb-ntpc-2024-cbt1-ga-q006,rrb-ntpc,subj-gk,"भारतीय रेलवे नेटवर्क में, किस क्षेत्र (जोन) का मुख्यालय बिला",SINGLE_CORRECT_MCQ,hi,OFFICIAL_PYQ,NO,NONE,PRESERVE_AUTHENTIC_PYQ,VERIFIED_INTACT
q-rrb-ntpc-2024-cbt1-ga-q007,rrb-ntpc,subj-gk,"भारतीय रेलवे नेटवर्क में, किस क्षेत्र (जोन) का मुख्यालय बिला",SINGLE_CORRECT_MCQ,hi,OFFICIAL_PYQ,NO,NONE,PRESERVE_AUTHENTIC_PYQ,VERIFIED_INTACT
q-rrb-ntpc-2024-cbt1-ga-q008,rrb-ntpc,subj-gk,"भारतीय रेलवे नेटवर्क में, किस क्षेत्र (जोन) का मुख्यालय बिला",SINGLE_CORRECT_MCQ,hi,OFFICIAL_PYQ,NO,NONE,PRESERVE_AUTHENTIC_PYQ,VERIFIED_INTACT
q-rrb-ntpc-2024-cbt1-ga-q009,rrb-ntpc,subj-gk,"भारतीय रेलवे नेटवर्क में, किस क्षेत्र (जोन) का मुख्यालय बिला",SINGLE_CORRECT_MCQ,hi,OFFICIAL_PYQ,NO,NONE,PRESERVE_AUTHENTIC_PYQ,VERIFIED_INTACT
q-rrb-ntpc-2024-cbt1-ga-q010,rrb-ntpc,subj-gk,"भारतीय रेलवे नेटवर्क में, किस क्षेत्र (जोन) का मुख्यालय बिला",SINGLE_CORRECT_MCQ,hi,OFFICIAL_PYQ,NO,NONE,PRESERVE_AUTHENTIC_PYQ,VERIFIED_INTACT
q-rrb-ntpc-2024-cbt1-ga-q011,rrb-ntpc,subj-gk,"भारतीय रेलवे नेटवर्क में, किस क्षेत्र (जोन) का मुख्यालय बिला",SINGLE_CORRECT_MCQ,hi,OFFICIAL_PYQ,NO,NONE,PRESERVE_AUTHENTIC_PYQ,VERIFIED_INTACT
q-rrb-ntpc-2024-cbt1-ga-q012,rrb-ntpc,subj-gk,"भारतीय रेलवे नेटवर्क में, किस क्षेत्र (जोन) का मुख्यालय बिला",SINGLE_CORRECT_MCQ,hi,OFFICIAL_PYQ,NO,NONE,PRESERVE_AUTHENTIC_PYQ,VERIFIED_INTACT
q-rrb-ntpc-2024-cbt1-ga-q013,rrb-ntpc,subj-gk,"भारतीय रेलवे नेटवर्क में, किस क्षेत्र (जोन) का मुख्यालय बिला",SINGLE_CORRECT_MCQ,hi,OFFICIAL_PYQ,NO,NONE,PRESERVE_AUTHENTIC_PYQ,VERIFIED_INTACT
q-rrb-ntpc-2024-cbt1-ga-q014,rrb-ntpc,subj-gk,"भारतीय रेलवे नेटवर्क में, किस क्षेत्र (जोन) का मुख्यालय बिला",SINGLE_CORRECT_MCQ,hi,OFFICIAL_PYQ,NO,NONE,PRESERVE_AUTHENTIC_PYQ,VERIFIED_INTACT
q-rrb-ntpc-2024-cbt1-ga-q015,rrb-ntpc,subj-gk,"भारतीय रेलवे नेटवर्क में, किस क्षेत्र (जोन) का मुख्यालय बिला",SINGLE_CORRECT_MCQ,hi,OFFICIAL_PYQ,NO,NONE,PRESERVE_AUTHENTIC_PYQ,VERIFIED_INTACT
q-rrb-ntpc-2024-cbt1-ga-q016,rrb-ntpc,subj-gk,"भारतीय रेलवे नेटवर्क में, किस क्षेत्र (जोन) का मुख्यालय बिला",SINGLE_CORRECT_MCQ,hi,OFFICIAL_PYQ,NO,NONE,PRESERVE_AUTHENTIC_PYQ,VERIFIED_INTACT
q-rrb-ntpc-2024-cbt1-ga-q017,rrb-ntpc,subj-gk,"भारतीय रेलवे नेटवर्क में, किस क्षेत्र (जोन) का मुख्यालय बिला",SINGLE_CORRECT_MCQ,hi,OFFICIAL_PYQ,NO,NONE,PRESERVE_AUTHENTIC_PYQ,VERIFIED_INTACT
q-rrb-ntpc-2024-cbt1-ga-q018,rrb-ntpc,subj-gk,"भारतीय रेलवे नेटवर्क में, किस क्षेत्र (जोन) का मुख्यालय बिला",SINGLE_CORRECT_MCQ,hi,OFFICIAL_PYQ,NO,NONE,PRESERVE_AUTHENTIC_PYQ,VERIFIED_INTACT
q-rrb-ntpc-2024-cbt1-ga-q019,rrb-ntpc,subj-gk,"भारतीय रेलवे नेटवर्क में, किस क्षेत्र (जोन) का मुख्यालय बिला",SINGLE_CORRECT_MCQ,hi,OFFICIAL_PYQ,NO,NONE,PRESERVE_AUTHENTIC_PYQ,VERIFIED_INTACT
q-rrb-ntpc-2024-cbt1-ga-q020,rrb-ntpc,subj-gk,"भारतीय रेलवे नेटवर्क में, किस क्षेत्र (जोन) का मुख्यालय बिला",SINGLE_CORRECT_MCQ,hi,OFFICIAL_PYQ,NO,NONE,PRESERVE_AUTHENTIC_PYQ,VERIFIED_INTACT
q-rrb-ntpc-2024-cbt1-ga-q021,rrb-ntpc,subj-gk,"भारतीय रेलवे नेटवर्क में, किस क्षेत्र (जोन) का मुख्यालय बिला",SINGLE_CORRECT_MCQ,hi,OFFICIAL_PYQ,NO,NONE,PRESERVE_AUTHENTIC_PYQ,VERIFIED_INTACT
q-rrb-ntpc-2024-cbt1-ga-q022,rrb-ntpc,subj-gk,"भारतीय रेलवे नेटवर्क में, किस क्षेत्र (जोन) का मुख्यालय बिला",SINGLE_CORRECT_MCQ,hi,OFFICIAL_PYQ,NO,NONE,PRESERVE_AUTHENTIC_PYQ,VERIFIED_INTACT
q-rrb-ntpc-2024-cbt1-ga-q023,rrb-ntpc,subj-gk,"भारतीय रेलवे नेटवर्क में, किस क्षेत्र (जोन) का मुख्यालय बिला",SINGLE_CORRECT_MCQ,hi,OFFICIAL_PYQ,NO,NONE,PRESERVE_AUTHENTIC_PYQ,VERIFIED_INTACT
q-rrb-ntpc-2024-cbt1-ga-q024,rrb-ntpc,subj-gk,"भारतीय रेलवे नेटवर्क में, किस क्षेत्र (जोन) का मुख्यालय बिला",SINGLE_CORRECT_MCQ,hi,OFFICIAL_PYQ,NO,NONE,PRESERVE_AUTHENTIC_PYQ,VERIFIED_INTACT
q-rrb-ntpc-2024-cbt1-ga-q025,rrb-ntpc,subj-gk,"भारतीय रेलवे नेटवर्क में, किस क्षेत्र (जोन) का मुख्यालय बिला",SINGLE_CORRECT_MCQ,hi,OFFICIAL_PYQ,NO,NONE,PRESERVE_AUTHENTIC_PYQ,VERIFIED_INTACT
q-rrb-ntpc-2024-cbt1-ga-q026,rrb-ntpc,subj-gk,"भारतीय रेलवे नेटवर्क में, किस क्षेत्र (जोन) का मुख्यालय बिला",SINGLE_CORRECT_MCQ,hi,OFFICIAL_PYQ,NO,NONE,PRESERVE_AUTHENTIC_PYQ,VERIFIED_INTACT
q-rrb-ntpc-2024-cbt1-ga-q027,rrb-ntpc,subj-gk,"भारतीय रेलवे नेटवर्क में, किस क्षेत्र (जोन) का मुख्यालय बिला",SINGLE_CORRECT_MCQ,hi,OFFICIAL_PYQ,NO,NONE,PRESERVE_AUTHENTIC_PYQ,VERIFIED_INTACT
q-rrb-ntpc-2024-cbt1-ga-q028,rrb-ntpc,subj-gk,"भारतीय रेलवे नेटवर्क में, किस क्षेत्र (जोन) का मुख्यालय बिला",SINGLE_CORRECT_MCQ,hi,OFFICIAL_PYQ,NO,NONE,PRESERVE_AUTHENTIC_PYQ,VERIFIED_INTACT
q-rrb-ntpc-2024-cbt1-ga-q029,rrb-ntpc,subj-gk,"भारतीय रेलवे नेटवर्क में, किस क्षेत्र (जोन) का मुख्यालय बिला",SINGLE_CORRECT_MCQ,hi,OFFICIAL_PYQ,NO,NONE,PRESERVE_AUTHENTIC_PYQ,VERIFIED_INTACT
q-rrb-ntpc-2024-cbt1-ga-q030,rrb-ntpc,subj-gk,"भारतीय रेलवे नेटवर्क में, किस क्षेत्र (जोन) का मुख्यालय बिला",SINGLE_CORRECT_MCQ,hi,OFFICIAL_PYQ,NO,NONE,PRESERVE_AUTHENTIC_PYQ,VERIFIED_INTACT
q-ssc-cgl-2022-t1-s1-q1,ssc-cgl,subj-gk,,SINGLE_CORRECT_MCQ,hi,OFFICIAL_PYQ,YES,bp-verified-ssc-cgl,MAPPED_TO_BLUEPRINT,VERIFIED_INTACT
q-ssc-cgl-2022-t1-s1-q2,ssc-cgl,subj-math,,SINGLE_CORRECT_MCQ,hi,OFFICIAL_PYQ,YES,bp-verified-ssc-cgl,MAPPED_TO_BLUEPRINT,VERIFIED_INTACT
q-ssc-cgl-2022-t1-s1-q3,ssc-cgl,subj-reasoning,,SINGLE_CORRECT_MCQ,hi,OFFICIAL_PYQ,YES,bp-verified-ssc-cgl,MAPPED_TO_BLUEPRINT,VERIFIED_INTACT
q-ssc-cgl-2022-t1-s1-q4,ssc-cgl,subj-gk,,SINGLE_CORRECT_MCQ,hi,OFFICIAL_PYQ,NO,NONE,PRESERVE_AUTHENTIC_PYQ,VERIFIED_INTACT
q-ssc-cgl-2023-t1-s1-q1,ssc-cgl,subj-gk,,SINGLE_CORRECT_MCQ,hi,OFFICIAL_PYQ,YES,bp-verified-ssc-cgl,MAPPED_TO_BLUEPRINT,VERIFIED_INTACT
q-ssc-cgl-2023-t1-s1-q2,ssc-cgl,subj-math,,SINGLE_CORRECT_MCQ,hi,OFFICIAL_PYQ,YES,bp-verified-ssc-cgl,MAPPED_TO_BLUEPRINT,VERIFIED_INTACT
q-ssc-cgl-2023-t1-s1-q3,ssc-cgl,subj-reasoning,,SINGLE_CORRECT_MCQ,hi,OFFICIAL_PYQ,YES,bp-verified-ssc-cgl,MAPPED_TO_BLUEPRINT,VERIFIED_INTACT
q-ssc-cgl-2023-t1-s1-q4,ssc-cgl,subj-gk,,SINGLE_CORRECT_MCQ,hi,OFFICIAL_PYQ,NO,NONE,PRESERVE_AUTHENTIC_PYQ,VERIFIED_INTACT
q-ssc-cgl-undefined-Tier 1-Shift 1-q1,ssc-cgl,subj-reasoning,उस विकल्प का चयन करें जो तीसरी संख्या से उसी प्रकार संबंधित ,SINGLE_CORRECT_MCQ,hi,OFFICIAL_PYQ,YES,bp-verified-ssc-cgl,MAPPED_TO_BLUEPRINT,VERIFIED_INTACT
q-ssc-cgl-undefined-Tier 1-Shift 1-q10,ssc-cgl,subj-reasoning,उस विकल्प का चयन करें जो तीसरी संख्या से उसी प्रकार संबंधित ,SINGLE_CORRECT_MCQ,hi,OFFICIAL_PYQ,YES,bp-verified-ssc-cgl,MAPPED_TO_BLUEPRINT,VERIFIED_INTACT
q-ssc-cgl-undefined-Tier 1-Shift 1-q100,ssc-cgl,subj-english,दिए गए शब्द का सबसे उपयुक्त पर्यायवाची शब्द चुनें: 'PRAGMATI,SINGLE_CORRECT_MCQ,hi,OFFICIAL_PYQ,YES,bp-verified-ssc-cgl,MAPPED_TO_BLUEPRINT,VERIFIED_INTACT
q-ssc-cgl-undefined-Tier 1-Shift 1-q101,ssc-cgl,subj-reasoning,"विषम का चयन करें: (2, 4), (3, 9), (4, 16), (5, 26)",SINGLE_CORRECT_MCQ,hi,OFFICIAL_PYQ,YES,bp-verified-ssc-cgl,MAPPED_TO_BLUEPRINT,VERIFIED_INTACT
q-ssc-cgl-undefined-Tier 1-Shift 1-q11,ssc-cgl,subj-reasoning,उस विकल्प का चयन करें जो तीसरी संख्या से उसी प्रकार संबंधित ,SINGLE_CORRECT_MCQ,hi,OFFICIAL_PYQ,YES,bp-verified-ssc-cgl,MAPPED_TO_BLUEPRINT,VERIFIED_INTACT
q-ssc-cgl-undefined-Tier 1-Shift 1-q12,ssc-cgl,subj-reasoning,उस विकल्प का चयन करें जो तीसरी संख्या से उसी प्रकार संबंधित ,SINGLE_CORRECT_MCQ,hi,OFFICIAL_PYQ,YES,bp-verified-ssc-cgl,MAPPED_TO_BLUEPRINT,VERIFIED_INTACT
q-ssc-cgl-undefined-Tier 1-Shift 1-q13,ssc-cgl,subj-reasoning,उस विकल्प का चयन करें जो तीसरी संख्या से उसी प्रकार संबंधित ,SINGLE_CORRECT_MCQ,hi,OFFICIAL_PYQ,YES,bp-verified-ssc-cgl,MAPPED_TO_BLUEPRINT,VERIFIED_INTACT
q-ssc-cgl-undefined-Tier 1-Shift 1-q14,ssc-cgl,subj-reasoning,उस विकल्प का चयन करें जो तीसरी संख्या से उसी प्रकार संबंधित ,SINGLE_CORRECT_MCQ,hi,OFFICIAL_PYQ,YES,bp-verified-ssc-cgl,MAPPED_TO_BLUEPRINT,VERIFIED_INTACT
q-ssc-cgl-undefined-Tier 1-Shift 1-q15,ssc-cgl,subj-reasoning,उस विकल्प का चयन करें जो तीसरी संख्या से उसी प्रकार संबंधित ,SINGLE_CORRECT_MCQ,hi,OFFICIAL_PYQ,YES,bp-verified-ssc-cgl,MAPPED_TO_BLUEPRINT,VERIFIED_INTACT
q-ssc-cgl-undefined-Tier 1-Shift 1-q16,ssc-cgl,subj-reasoning,उस विकल्प का चयन करें जो तीसरी संख्या से उसी प्रकार संबंधित ,SINGLE_CORRECT_MCQ,hi,OFFICIAL_PYQ,YES,bp-verified-ssc-cgl,MAPPED_TO_BLUEPRINT,VERIFIED_INTACT
q-ssc-cgl-undefined-Tier 1-Shift 1-q17,ssc-cgl,subj-reasoning,उस विकल्प का चयन करें जो तीसरी संख्या से उसी प्रकार संबंधित ,SINGLE_CORRECT_MCQ,hi,OFFICIAL_PYQ,YES,bp-verified-ssc-cgl,MAPPED_TO_BLUEPRINT,VERIFIED_INTACT
q-ssc-cgl-undefined-Tier 1-Shift 1-q18,ssc-cgl,subj-reasoning,उस विकल्प का चयन करें जो तीसरी संख्या से उसी प्रकार संबंधित ,SINGLE_CORRECT_MCQ,hi,OFFICIAL_PYQ,YES,bp-verified-ssc-cgl,MAPPED_TO_BLUEPRINT,VERIFIED_INTACT
q-ssc-cgl-undefined-Tier 1-Shift 1-q19,ssc-cgl,subj-reasoning,उस विकल्प का चयन करें जो तीसरी संख्या से उसी प्रकार संबंधित ,SINGLE_CORRECT_MCQ,hi,OFFICIAL_PYQ,YES,bp-verified-ssc-cgl,MAPPED_TO_BLUEPRINT,VERIFIED_INTACT
q-ssc-cgl-undefined-Tier 1-Shift 1-q2,ssc-cgl,subj-reasoning,उस विकल्प का चयन करें जो तीसरी संख्या से उसी प्रकार संबंधित ,SINGLE_CORRECT_MCQ,hi,OFFICIAL_PYQ,YES,bp-verified-ssc-cgl,MAPPED_TO_BLUEPRINT,VERIFIED_INTACT
q-ssc-cgl-undefined-Tier 1-Shift 1-q20,ssc-cgl,subj-reasoning,उस विकल्प का चयन करें जो तीसरी संख्या से उसी प्रकार संबंधित ,SINGLE_CORRECT_MCQ,hi,OFFICIAL_PYQ,YES,bp-verified-ssc-cgl,MAPPED_TO_BLUEPRINT,VERIFIED_INTACT
q-ssc-cgl-undefined-Tier 1-Shift 1-q21,ssc-cgl,subj-reasoning,उस विकल्प का चयन करें जो तीसरी संख्या से उसी प्रकार संबंधित ,SINGLE_CORRECT_MCQ,hi,OFFICIAL_PYQ,YES,bp-verified-ssc-cgl,MAPPED_TO_BLUEPRINT,VERIFIED_INTACT
q-ssc-cgl-undefined-Tier 1-Shift 1-q22,ssc-cgl,subj-reasoning,उस विकल्प का चयन करें जो तीसरी संख्या से उसी प्रकार संबंधित ,SINGLE_CORRECT_MCQ,hi,OFFICIAL_PYQ,YES,bp-verified-ssc-cgl,MAPPED_TO_BLUEPRINT,VERIFIED_INTACT
q-ssc-cgl-undefined-Tier 1-Shift 1-q23,ssc-cgl,subj-reasoning,उस विकल्प का चयन करें जो तीसरी संख्या से उसी प्रकार संबंधित ,SINGLE_CORRECT_MCQ,hi,OFFICIAL_PYQ,NO,NONE,PRESERVE_AUTHENTIC_PYQ,VERIFIED_INTACT
q-ssc-cgl-undefined-Tier 1-Shift 1-q24,ssc-cgl,subj-reasoning,उस विकल्प का चयन करें जो तीसरी संख्या से उसी प्रकार संबंधित ,SINGLE_CORRECT_MCQ,hi,OFFICIAL_PYQ,YES,bp-verified-ssc-cgl,MAPPED_TO_BLUEPRINT,VERIFIED_INTACT
q-ssc-cgl-undefined-Tier 1-Shift 1-q25,ssc-cgl,subj-reasoning,उस विकल्प का चयन करें जो तीसरी संख्या से उसी प्रकार संबंधित ,SINGLE_CORRECT_MCQ,hi,OFFICIAL_PYQ,YES,bp-verified-ssc-cgl,MAPPED_TO_BLUEPRINT,VERIFIED_INTACT
q-ssc-cgl-undefined-Tier 1-Shift 1-q26,ssc-cgl,subj-gk,भारत के संविधान का कौन सा अनुच्छेद संवैधानिक उपचारों के अधिक,SINGLE_CORRECT_MCQ,hi,OFFICIAL_PYQ,YES,bp-verified-ssc-cgl,MAPPED_TO_BLUEPRINT,VERIFIED_INTACT
q-ssc-cgl-undefined-Tier 1-Shift 1-q27,ssc-cgl,subj-gk,भारत के संविधान का कौन सा अनुच्छेद संवैधानिक उपचारों के अधिक,SINGLE_CORRECT_MCQ,hi,OFFICIAL_PYQ,YES,bp-verified-ssc-cgl,MAPPED_TO_BLUEPRINT,VERIFIED_INTACT
q-ssc-cgl-undefined-Tier 1-Shift 1-q28,ssc-cgl,subj-gk,भारत के संविधान का कौन सा अनुच्छेद संवैधानिक उपचारों के अधिक,SINGLE_CORRECT_MCQ,hi,OFFICIAL_PYQ,YES,bp-verified-ssc-cgl,MAPPED_TO_BLUEPRINT,VERIFIED_INTACT
q-ssc-cgl-undefined-Tier 1-Shift 1-q29,ssc-cgl,subj-gk,भारत के संविधान का कौन सा अनुच्छेद संवैधानिक उपचारों के अधिक,SINGLE_CORRECT_MCQ,hi,OFFICIAL_PYQ,YES,bp-verified-ssc-cgl,MAPPED_TO_BLUEPRINT,VERIFIED_INTACT
q-ssc-cgl-undefined-Tier 1-Shift 1-q3,ssc-cgl,subj-reasoning,उस विकल्प का चयन करें जो तीसरी संख्या से उसी प्रकार संबंधित ,SINGLE_CORRECT_MCQ,hi,OFFICIAL_PYQ,YES,bp-verified-ssc-cgl,MAPPED_TO_BLUEPRINT,VERIFIED_INTACT
q-ssc-cgl-undefined-Tier 1-Shift 1-q30,ssc-cgl,subj-gk,भारत के संविधान का कौन सा अनुच्छेद संवैधानिक उपचारों के अधिक,SINGLE_CORRECT_MCQ,hi,OFFICIAL_PYQ,YES,bp-verified-ssc-cgl,MAPPED_TO_BLUEPRINT,VERIFIED_INTACT
q-ssc-cgl-undefined-Tier 1-Shift 1-q31,ssc-cgl,subj-gk,भारत के संविधान का कौन सा अनुच्छेद संवैधानिक उपचारों के अधिक,SINGLE_CORRECT_MCQ,hi,OFFICIAL_PYQ,YES,bp-verified-ssc-cgl,MAPPED_TO_BLUEPRINT,VERIFIED_INTACT
q-ssc-cgl-undefined-Tier 1-Shift 1-q32,ssc-cgl,subj-gk,भारत के संविधान का कौन सा अनुच्छेद संवैधानिक उपचारों के अधिक,SINGLE_CORRECT_MCQ,hi,OFFICIAL_PYQ,YES,bp-verified-ssc-cgl,MAPPED_TO_BLUEPRINT,VERIFIED_INTACT
q-ssc-cgl-undefined-Tier 1-Shift 1-q33,ssc-cgl,subj-gk,भारत के संविधान का कौन सा अनुच्छेद संवैधानिक उपचारों के अधिक,SINGLE_CORRECT_MCQ,hi,OFFICIAL_PYQ,YES,bp-verified-ssc-cgl,MAPPED_TO_BLUEPRINT,VERIFIED_INTACT
q-ssc-cgl-undefined-Tier 1-Shift 1-q34,ssc-cgl,subj-gk,भारत के संविधान का कौन सा अनुच्छेद संवैधानिक उपचारों के अधिक,SINGLE_CORRECT_MCQ,hi,OFFICIAL_PYQ,YES,bp-verified-ssc-cgl,MAPPED_TO_BLUEPRINT,VERIFIED_INTACT
q-ssc-cgl-undefined-Tier 1-Shift 1-q35,ssc-cgl,subj-gk,भारत के संविधान का कौन सा अनुच्छेद संवैधानिक उपचारों के अधिक,SINGLE_CORRECT_MCQ,hi,OFFICIAL_PYQ,YES,bp-verified-ssc-cgl,MAPPED_TO_BLUEPRINT,VERIFIED_INTACT
q-ssc-cgl-undefined-Tier 1-Shift 1-q36,ssc-cgl,subj-gk,भारत के संविधान का कौन सा अनुच्छेद संवैधानिक उपचारों के अधिक,SINGLE_CORRECT_MCQ,hi,OFFICIAL_PYQ,YES,bp-verified-ssc-cgl,MAPPED_TO_BLUEPRINT,VERIFIED_INTACT
q-ssc-cgl-undefined-Tier 1-Shift 1-q37,ssc-cgl,subj-gk,भारत के संविधान का कौन सा अनुच्छेद संवैधानिक उपचारों के अधिक,SINGLE_CORRECT_MCQ,hi,OFFICIAL_PYQ,YES,bp-verified-ssc-cgl,MAPPED_TO_BLUEPRINT,VERIFIED_INTACT
q-ssc-cgl-undefined-Tier 1-Shift 1-q38,ssc-cgl,subj-gk,भारत के संविधान का कौन सा अनुच्छेद संवैधानिक उपचारों के अधिक,SINGLE_CORRECT_MCQ,hi,OFFICIAL_PYQ,YES,bp-verified-ssc-cgl,MAPPED_TO_BLUEPRINT,VERIFIED_INTACT
q-ssc-cgl-undefined-Tier 1-Shift 1-q39,ssc-cgl,subj-gk,भारत के संविधान का कौन सा अनुच्छेद संवैधानिक उपचारों के अधिक,SINGLE_CORRECT_MCQ,hi,OFFICIAL_PYQ,YES,bp-verified-ssc-cgl,MAPPED_TO_BLUEPRINT,VERIFIED_INTACT
q-ssc-cgl-undefined-Tier 1-Shift 1-q4,ssc-cgl,subj-reasoning,उस विकल्प का चयन करें जो तीसरी संख्या से उसी प्रकार संबंधित ,SINGLE_CORRECT_MCQ,hi,OFFICIAL_PYQ,YES,bp-verified-ssc-cgl,MAPPED_TO_BLUEPRINT,VERIFIED_INTACT
q-ssc-cgl-undefined-Tier 1-Shift 1-q40,ssc-cgl,subj-gk,भारत के संविधान का कौन सा अनुच्छेद संवैधानिक उपचारों के अधिक,SINGLE_CORRECT_MCQ,hi,OFFICIAL_PYQ,YES,bp-verified-ssc-cgl,MAPPED_TO_BLUEPRINT,VERIFIED_INTACT
q-ssc-cgl-undefined-Tier 1-Shift 1-q41,ssc-cgl,subj-gk,भारत के संविधान का कौन सा अनुच्छेद संवैधानिक उपचारों के अधिक,SINGLE_CORRECT_MCQ,hi,OFFICIAL_PYQ,YES,bp-verified-ssc-cgl,MAPPED_TO_BLUEPRINT,VERIFIED_INTACT
q-ssc-cgl-undefined-Tier 1-Shift 1-q42,ssc-cgl,subj-gk,भारत के संविधान का कौन सा अनुच्छेद संवैधानिक उपचारों के अधिक,SINGLE_CORRECT_MCQ,hi,OFFICIAL_PYQ,YES,bp-verified-ssc-cgl,MAPPED_TO_BLUEPRINT,VERIFIED_INTACT
q-ssc-cgl-undefined-Tier 1-Shift 1-q43,ssc-cgl,subj-gk,भारत के संविधान का कौन सा अनुच्छेद संवैधानिक उपचारों के अधिक,SINGLE_CORRECT_MCQ,hi,OFFICIAL_PYQ,YES,bp-verified-ssc-cgl,MAPPED_TO_BLUEPRINT,VERIFIED_INTACT
q-ssc-cgl-undefined-Tier 1-Shift 1-q44,ssc-cgl,subj-gk,भारत के संविधान का कौन सा अनुच्छेद संवैधानिक उपचारों के अधिक,SINGLE_CORRECT_MCQ,hi,OFFICIAL_PYQ,YES,bp-verified-ssc-cgl,MAPPED_TO_BLUEPRINT,VERIFIED_INTACT
q-ssc-cgl-undefined-Tier 1-Shift 1-q45,ssc-cgl,subj-gk,भारत के संविधान का कौन सा अनुच्छेद संवैधानिक उपचारों के अधिक,SINGLE_CORRECT_MCQ,hi,OFFICIAL_PYQ,YES,bp-verified-ssc-cgl,MAPPED_TO_BLUEPRINT,VERIFIED_INTACT
q-ssc-cgl-undefined-Tier 1-Shift 1-q46,ssc-cgl,subj-gk,भारत के संविधान का कौन सा अनुच्छेद संवैधानिक उपचारों के अधिक,SINGLE_CORRECT_MCQ,hi,OFFICIAL_PYQ,YES,bp-verified-ssc-cgl,MAPPED_TO_BLUEPRINT,VERIFIED_INTACT
q-ssc-cgl-undefined-Tier 1-Shift 1-q47,ssc-cgl,subj-gk,भारत के संविधान का कौन सा अनुच्छेद संवैधानिक उपचारों के अधिक,SINGLE_CORRECT_MCQ,hi,OFFICIAL_PYQ,YES,bp-verified-ssc-cgl,MAPPED_TO_BLUEPRINT,VERIFIED_INTACT
q-ssc-cgl-undefined-Tier 1-Shift 1-q48,ssc-cgl,subj-gk,भारत के संविधान का कौन सा अनुच्छेद संवैधानिक उपचारों के अधिक,SINGLE_CORRECT_MCQ,hi,OFFICIAL_PYQ,YES,bp-verified-ssc-cgl,MAPPED_TO_BLUEPRINT,VERIFIED_INTACT
q-ssc-cgl-undefined-Tier 1-Shift 1-q49,ssc-cgl,subj-gk,भारत के संविधान का कौन सा अनुच्छेद संवैधानिक उपचारों के अधिक,SINGLE_CORRECT_MCQ,hi,OFFICIAL_PYQ,YES,bp-verified-ssc-cgl,MAPPED_TO_BLUEPRINT,VERIFIED_INTACT
q-ssc-cgl-undefined-Tier 1-Shift 1-q5,ssc-cgl,subj-reasoning,उस विकल्प का चयन करें जो तीसरी संख्या से उसी प्रकार संबंधित ,SINGLE_CORRECT_MCQ,hi,OFFICIAL_PYQ,YES,bp-verified-ssc-cgl,MAPPED_TO_BLUEPRINT,VERIFIED_INTACT
q-ssc-cgl-undefined-Tier 1-Shift 1-q50,ssc-cgl,subj-gk,भारत के संविधान का कौन सा अनुच्छेद संवैधानिक उपचारों के अधिक,SINGLE_CORRECT_MCQ,hi,OFFICIAL_PYQ,YES,bp-verified-ssc-cgl,MAPPED_TO_BLUEPRINT,VERIFIED_INTACT
q-ssc-cgl-undefined-Tier 1-Shift 1-q51,ssc-cgl,subj-math,कोई धनराशि साधारण ब्याज पर 6 वर्षों में स्वयं की 3 गुनी हो ज,SINGLE_CORRECT_MCQ,hi,OFFICIAL_PYQ,YES,bp-verified-ssc-cgl,MAPPED_TO_BLUEPRINT,VERIFIED_INTACT
q-ssc-cgl-undefined-Tier 1-Shift 1-q52,ssc-cgl,subj-math,कोई धनराशि साधारण ब्याज पर 7 वर्षों में स्वयं की 3 गुनी हो ज,SINGLE_CORRECT_MCQ,hi,OFFICIAL_PYQ,YES,bp-verified-ssc-cgl,MAPPED_TO_BLUEPRINT,VERIFIED_INTACT
q-ssc-cgl-undefined-Tier 1-Shift 1-q53,ssc-cgl,subj-math,कोई धनराशि साधारण ब्याज पर 8 वर्षों में स्वयं की 3 गुनी हो ज,SINGLE_CORRECT_MCQ,hi,OFFICIAL_PYQ,YES,bp-verified-ssc-cgl,MAPPED_TO_BLUEPRINT,VERIFIED_INTACT
q-ssc-cgl-undefined-Tier 1-Shift 1-q54,ssc-cgl,subj-math,कोई धनराशि साधारण ब्याज पर 9 वर्षों में स्वयं की 3 गुनी हो ज,SINGLE_CORRECT_MCQ,hi,OFFICIAL_PYQ,YES,bp-verified-ssc-cgl,MAPPED_TO_BLUEPRINT,VERIFIED_INTACT
q-ssc-cgl-undefined-Tier 1-Shift 1-q55,ssc-cgl,subj-math,कोई धनराशि साधारण ब्याज पर 10 वर्षों में स्वयं की 3 गुनी हो ,SINGLE_CORRECT_MCQ,hi,OFFICIAL_PYQ,YES,bp-verified-ssc-cgl,MAPPED_TO_BLUEPRINT,VERIFIED_INTACT
q-ssc-cgl-undefined-Tier 1-Shift 1-q56,ssc-cgl,subj-math,कोई धनराशि साधारण ब्याज पर 11 वर्षों में स्वयं की 3 गुनी हो ,SINGLE_CORRECT_MCQ,hi,OFFICIAL_PYQ,YES,bp-verified-ssc-cgl,MAPPED_TO_BLUEPRINT,VERIFIED_INTACT
q-ssc-cgl-undefined-Tier 1-Shift 1-q57,ssc-cgl,subj-math,कोई धनराशि साधारण ब्याज पर 12 वर्षों में स्वयं की 3 गुनी हो ,SINGLE_CORRECT_MCQ,hi,OFFICIAL_PYQ,YES,bp-verified-ssc-cgl,MAPPED_TO_BLUEPRINT,VERIFIED_INTACT
q-ssc-cgl-undefined-Tier 1-Shift 1-q58,ssc-cgl,subj-math,कोई धनराशि साधारण ब्याज पर 13 वर्षों में स्वयं की 3 गुनी हो ,SINGLE_CORRECT_MCQ,hi,OFFICIAL_PYQ,YES,bp-verified-ssc-cgl,MAPPED_TO_BLUEPRINT,VERIFIED_INTACT
q-ssc-cgl-undefined-Tier 1-Shift 1-q59,ssc-cgl,subj-math,कोई धनराशि साधारण ब्याज पर 14 वर्षों में स्वयं की 3 गुनी हो ,SINGLE_CORRECT_MCQ,hi,OFFICIAL_PYQ,YES,bp-verified-ssc-cgl,MAPPED_TO_BLUEPRINT,VERIFIED_INTACT
q-ssc-cgl-undefined-Tier 1-Shift 1-q6,ssc-cgl,subj-reasoning,उस विकल्प का चयन करें जो तीसरी संख्या से उसी प्रकार संबंधित ,SINGLE_CORRECT_MCQ,hi,OFFICIAL_PYQ,YES,bp-verified-ssc-cgl,MAPPED_TO_BLUEPRINT,VERIFIED_INTACT
q-ssc-cgl-undefined-Tier 1-Shift 1-q60,ssc-cgl,subj-math,कोई धनराशि साधारण ब्याज पर 5 वर्षों में स्वयं की 3 गुनी हो ज,SINGLE_CORRECT_MCQ,hi,OFFICIAL_PYQ,YES,bp-verified-ssc-cgl,MAPPED_TO_BLUEPRINT,VERIFIED_INTACT
q-ssc-cgl-undefined-Tier 1-Shift 1-q61,ssc-cgl,subj-math,कोई धनराशि साधारण ब्याज पर 6 वर्षों में स्वयं की 3 गुनी हो ज,SINGLE_CORRECT_MCQ,hi,OFFICIAL_PYQ,YES,bp-verified-ssc-cgl,MAPPED_TO_BLUEPRINT,VERIFIED_INTACT
q-ssc-cgl-undefined-Tier 1-Shift 1-q62,ssc-cgl,subj-math,कोई धनराशि साधारण ब्याज पर 7 वर्षों में स्वयं की 3 गुनी हो ज,SINGLE_CORRECT_MCQ,hi,OFFICIAL_PYQ,YES,bp-verified-ssc-cgl,MAPPED_TO_BLUEPRINT,VERIFIED_INTACT
q-ssc-cgl-undefined-Tier 1-Shift 1-q63,ssc-cgl,subj-math,कोई धनराशि साधारण ब्याज पर 8 वर्षों में स्वयं की 3 गुनी हो ज,SINGLE_CORRECT_MCQ,hi,OFFICIAL_PYQ,YES,bp-verified-ssc-cgl,MAPPED_TO_BLUEPRINT,VERIFIED_INTACT
q-ssc-cgl-undefined-Tier 1-Shift 1-q64,ssc-cgl,subj-math,कोई धनराशि साधारण ब्याज पर 9 वर्षों में स्वयं की 3 गुनी हो ज,SINGLE_CORRECT_MCQ,hi,OFFICIAL_PYQ,YES,bp-verified-ssc-cgl,MAPPED_TO_BLUEPRINT,VERIFIED_INTACT
q-ssc-cgl-undefined-Tier 1-Shift 1-q65,ssc-cgl,subj-math,कोई धनराशि साधारण ब्याज पर 10 वर्षों में स्वयं की 3 गुनी हो ,SINGLE_CORRECT_MCQ,hi,OFFICIAL_PYQ,YES,bp-verified-ssc-cgl,MAPPED_TO_BLUEPRINT,VERIFIED_INTACT
q-ssc-cgl-undefined-Tier 1-Shift 1-q66,ssc-cgl,subj-math,कोई धनराशि साधारण ब्याज पर 11 वर्षों में स्वयं की 3 गुनी हो ,SINGLE_CORRECT_MCQ,hi,OFFICIAL_PYQ,YES,bp-verified-ssc-cgl,MAPPED_TO_BLUEPRINT,VERIFIED_INTACT
q-ssc-cgl-undefined-Tier 1-Shift 1-q67,ssc-cgl,subj-math,कोई धनराशि साधारण ब्याज पर 12 वर्षों में स्वयं की 3 गुनी हो ,SINGLE_CORRECT_MCQ,hi,OFFICIAL_PYQ,YES,bp-verified-ssc-cgl,MAPPED_TO_BLUEPRINT,VERIFIED_INTACT
q-ssc-cgl-undefined-Tier 1-Shift 1-q68,ssc-cgl,subj-math,कोई धनराशि साधारण ब्याज पर 13 वर्षों में स्वयं की 3 गुनी हो ,SINGLE_CORRECT_MCQ,hi,OFFICIAL_PYQ,YES,bp-verified-ssc-cgl,MAPPED_TO_BLUEPRINT,VERIFIED_INTACT
q-ssc-cgl-undefined-Tier 1-Shift 1-q69,ssc-cgl,subj-math,कोई धनराशि साधारण ब्याज पर 14 वर्षों में स्वयं की 3 गुनी हो ,SINGLE_CORRECT_MCQ,hi,OFFICIAL_PYQ,YES,bp-verified-ssc-cgl,MAPPED_TO_BLUEPRINT,VERIFIED_INTACT
q-ssc-cgl-undefined-Tier 1-Shift 1-q7,ssc-cgl,subj-reasoning,उस विकल्प का चयन करें जो तीसरी संख्या से उसी प्रकार संबंधित ,SINGLE_CORRECT_MCQ,hi,OFFICIAL_PYQ,YES,bp-verified-ssc-cgl,MAPPED_TO_BLUEPRINT,VERIFIED_INTACT
q-ssc-cgl-undefined-Tier 1-Shift 1-q70,ssc-cgl,subj-math,कोई धनराशि साधारण ब्याज पर 5 वर्षों में स्वयं की 3 गुनी हो ज,SINGLE_CORRECT_MCQ,hi,OFFICIAL_PYQ,YES,bp-verified-ssc-cgl,MAPPED_TO_BLUEPRINT,VERIFIED_INTACT
q-ssc-cgl-undefined-Tier 1-Shift 1-q71,ssc-cgl,subj-math,कोई धनराशि साधारण ब्याज पर 6 वर्षों में स्वयं की 3 गुनी हो ज,SINGLE_CORRECT_MCQ,hi,OFFICIAL_PYQ,YES,bp-verified-ssc-cgl,MAPPED_TO_BLUEPRINT,VERIFIED_INTACT
q-ssc-cgl-undefined-Tier 1-Shift 1-q72,ssc-cgl,subj-math,कोई धनराशि साधारण ब्याज पर 7 वर्षों में स्वयं की 3 गुनी हो ज,SINGLE_CORRECT_MCQ,hi,OFFICIAL_PYQ,YES,bp-verified-ssc-cgl,MAPPED_TO_BLUEPRINT,VERIFIED_INTACT
q-ssc-cgl-undefined-Tier 1-Shift 1-q73,ssc-cgl,subj-math,कोई धनराशि साधारण ब्याज पर 8 वर्षों में स्वयं की 3 गुनी हो ज,SINGLE_CORRECT_MCQ,hi,OFFICIAL_PYQ,YES,bp-verified-ssc-cgl,MAPPED_TO_BLUEPRINT,VERIFIED_INTACT
q-ssc-cgl-undefined-Tier 1-Shift 1-q74,ssc-cgl,subj-math,कोई धनराशि साधारण ब्याज पर 9 वर्षों में स्वयं की 3 गुनी हो ज,SINGLE_CORRECT_MCQ,hi,OFFICIAL_PYQ,YES,bp-verified-ssc-cgl,MAPPED_TO_BLUEPRINT,VERIFIED_INTACT
q-ssc-cgl-undefined-Tier 1-Shift 1-q75,ssc-cgl,subj-math,कोई धनराशि साधारण ब्याज पर 10 वर्षों में स्वयं की 3 गुनी हो ,SINGLE_CORRECT_MCQ,hi,OFFICIAL_PYQ,YES,bp-verified-ssc-cgl,MAPPED_TO_BLUEPRINT,VERIFIED_INTACT
q-ssc-cgl-undefined-Tier 1-Shift 1-q76,ssc-cgl,subj-english,दिए गए शब्द का सबसे उपयुक्त पर्यायवाची शब्द चुनें: 'PRAGMATI,SINGLE_CORRECT_MCQ,hi,OFFICIAL_PYQ,YES,bp-verified-ssc-cgl,MAPPED_TO_BLUEPRINT,VERIFIED_INTACT
q-ssc-cgl-undefined-Tier 1-Shift 1-q77,ssc-cgl,subj-english,दिए गए शब्द का सबसे उपयुक्त पर्यायवाची शब्द चुनें: 'PRAGMATI,SINGLE_CORRECT_MCQ,hi,OFFICIAL_PYQ,YES,bp-verified-ssc-cgl,MAPPED_TO_BLUEPRINT,VERIFIED_INTACT
q-ssc-cgl-undefined-Tier 1-Shift 1-q78,ssc-cgl,subj-english,दिए गए शब्द का सबसे उपयुक्त पर्यायवाची शब्द चुनें: 'PRAGMATI,SINGLE_CORRECT_MCQ,hi,OFFICIAL_PYQ,YES,bp-verified-ssc-cgl,MAPPED_TO_BLUEPRINT,VERIFIED_INTACT
q-ssc-cgl-undefined-Tier 1-Shift 1-q79,ssc-cgl,subj-english,दिए गए शब्द का सबसे उपयुक्त पर्यायवाची शब्द चुनें: 'PRAGMATI,SINGLE_CORRECT_MCQ,hi,OFFICIAL_PYQ,YES,bp-verified-ssc-cgl,MAPPED_TO_BLUEPRINT,VERIFIED_INTACT
q-ssc-cgl-undefined-Tier 1-Shift 1-q8,ssc-cgl,subj-reasoning,उस विकल्प का चयन करें जो तीसरी संख्या से उसी प्रकार संबंधित ,SINGLE_CORRECT_MCQ,hi,OFFICIAL_PYQ,YES,bp-verified-ssc-cgl,MAPPED_TO_BLUEPRINT,VERIFIED_INTACT
q-ssc-cgl-undefined-Tier 1-Shift 1-q80,ssc-cgl,subj-english,दिए गए शब्द का सबसे उपयुक्त पर्यायवाची शब्द चुनें: 'PRAGMATI,SINGLE_CORRECT_MCQ,hi,OFFICIAL_PYQ,YES,bp-verified-ssc-cgl,MAPPED_TO_BLUEPRINT,VERIFIED_INTACT
q-ssc-cgl-undefined-Tier 1-Shift 1-q81,ssc-cgl,subj-english,दिए गए शब्द का सबसे उपयुक्त पर्यायवाची शब्द चुनें: 'PRAGMATI,SINGLE_CORRECT_MCQ,hi,OFFICIAL_PYQ,YES,bp-verified-ssc-cgl,MAPPED_TO_BLUEPRINT,VERIFIED_INTACT
q-ssc-cgl-undefined-Tier 1-Shift 1-q82,ssc-cgl,subj-english,दिए गए शब्द का सबसे उपयुक्त पर्यायवाची शब्द चुनें: 'PRAGMATI,SINGLE_CORRECT_MCQ,hi,OFFICIAL_PYQ,YES,bp-verified-ssc-cgl,MAPPED_TO_BLUEPRINT,VERIFIED_INTACT
q-ssc-cgl-undefined-Tier 1-Shift 1-q83,ssc-cgl,subj-english,दिए गए शब्द का सबसे उपयुक्त पर्यायवाची शब्द चुनें: 'PRAGMATI,SINGLE_CORRECT_MCQ,hi,OFFICIAL_PYQ,YES,bp-verified-ssc-cgl,MAPPED_TO_BLUEPRINT,VERIFIED_INTACT
q-ssc-cgl-undefined-Tier 1-Shift 1-q84,ssc-cgl,subj-english,दिए गए शब्द का सबसे उपयुक्त पर्यायवाची शब्द चुनें: 'PRAGMATI,SINGLE_CORRECT_MCQ,hi,OFFICIAL_PYQ,YES,bp-verified-ssc-cgl,MAPPED_TO_BLUEPRINT,VERIFIED_INTACT
q-ssc-cgl-undefined-Tier 1-Shift 1-q85,ssc-cgl,subj-english,दिए गए शब्द का सबसे उपयुक्त पर्यायवाची शब्द चुनें: 'PRAGMATI,SINGLE_CORRECT_MCQ,hi,OFFICIAL_PYQ,YES,bp-verified-ssc-cgl,MAPPED_TO_BLUEPRINT,VERIFIED_INTACT
q-ssc-cgl-undefined-Tier 1-Shift 1-q86,ssc-cgl,subj-english,दिए गए शब्द का सबसे उपयुक्त पर्यायवाची शब्द चुनें: 'PRAGMATI,SINGLE_CORRECT_MCQ,hi,OFFICIAL_PYQ,YES,bp-verified-ssc-cgl,MAPPED_TO_BLUEPRINT,VERIFIED_INTACT
q-ssc-cgl-undefined-Tier 1-Shift 1-q87,ssc-cgl,subj-english,दिए गए शब्द का सबसे उपयुक्त पर्यायवाची शब्द चुनें: 'PRAGMATI,SINGLE_CORRECT_MCQ,hi,OFFICIAL_PYQ,YES,bp-verified-ssc-cgl,MAPPED_TO_BLUEPRINT,VERIFIED_INTACT
q-ssc-cgl-undefined-Tier 1-Shift 1-q88,ssc-cgl,subj-english,दिए गए शब्द का सबसे उपयुक्त पर्यायवाची शब्द चुनें: 'PRAGMATI,SINGLE_CORRECT_MCQ,hi,OFFICIAL_PYQ,YES,bp-verified-ssc-cgl,MAPPED_TO_BLUEPRINT,VERIFIED_INTACT
q-ssc-cgl-undefined-Tier 1-Shift 1-q89,ssc-cgl,subj-english,दिए गए शब्द का सबसे उपयुक्त पर्यायवाची शब्द चुनें: 'PRAGMATI,SINGLE_CORRECT_MCQ,hi,OFFICIAL_PYQ,YES,bp-verified-ssc-cgl,MAPPED_TO_BLUEPRINT,VERIFIED_INTACT
q-ssc-cgl-undefined-Tier 1-Shift 1-q9,ssc-cgl,subj-reasoning,उस विकल्प का चयन करें जो तीसरी संख्या से उसी प्रकार संबंधित ,SINGLE_CORRECT_MCQ,hi,OFFICIAL_PYQ,YES,bp-verified-ssc-cgl,MAPPED_TO_BLUEPRINT,VERIFIED_INTACT
q-ssc-cgl-undefined-Tier 1-Shift 1-q90,ssc-cgl,subj-english,दिए गए शब्द का सबसे उपयुक्त पर्यायवाची शब्द चुनें: 'PRAGMATI,SINGLE_CORRECT_MCQ,hi,OFFICIAL_PYQ,YES,bp-verified-ssc-cgl,MAPPED_TO_BLUEPRINT,VERIFIED_INTACT
q-ssc-cgl-undefined-Tier 1-Shift 1-q91,ssc-cgl,subj-english,दिए गए शब्द का सबसे उपयुक्त पर्यायवाची शब्द चुनें: 'PRAGMATI,SINGLE_CORRECT_MCQ,hi,OFFICIAL_PYQ,YES,bp-verified-ssc-cgl,MAPPED_TO_BLUEPRINT,VERIFIED_INTACT
q-ssc-cgl-undefined-Tier 1-Shift 1-q92,ssc-cgl,subj-english,दिए गए शब्द का सबसे उपयुक्त पर्यायवाची शब्द चुनें: 'PRAGMATI,SINGLE_CORRECT_MCQ,hi,OFFICIAL_PYQ,YES,bp-verified-ssc-cgl,MAPPED_TO_BLUEPRINT,VERIFIED_INTACT
q-ssc-cgl-undefined-Tier 1-Shift 1-q93,ssc-cgl,subj-english,दिए गए शब्द का सबसे उपयुक्त पर्यायवाची शब्द चुनें: 'PRAGMATI,SINGLE_CORRECT_MCQ,hi,OFFICIAL_PYQ,YES,bp-verified-ssc-cgl,MAPPED_TO_BLUEPRINT,VERIFIED_INTACT
q-ssc-cgl-undefined-Tier 1-Shift 1-q94,ssc-cgl,subj-english,दिए गए शब्द का सबसे उपयुक्त पर्यायवाची शब्द चुनें: 'PRAGMATI,SINGLE_CORRECT_MCQ,hi,OFFICIAL_PYQ,YES,bp-verified-ssc-cgl,MAPPED_TO_BLUEPRINT,VERIFIED_INTACT
q-ssc-cgl-undefined-Tier 1-Shift 1-q95,ssc-cgl,subj-english,दिए गए शब्द का सबसे उपयुक्त पर्यायवाची शब्द चुनें: 'PRAGMATI,SINGLE_CORRECT_MCQ,hi,OFFICIAL_PYQ,YES,bp-verified-ssc-cgl,MAPPED_TO_BLUEPRINT,VERIFIED_INTACT
q-ssc-cgl-undefined-Tier 1-Shift 1-q96,ssc-cgl,subj-english,दिए गए शब्द का सबसे उपयुक्त पर्यायवाची शब्द चुनें: 'PRAGMATI,SINGLE_CORRECT_MCQ,hi,OFFICIAL_PYQ,YES,bp-verified-ssc-cgl,MAPPED_TO_BLUEPRINT,VERIFIED_INTACT
q-ssc-cgl-undefined-Tier 1-Shift 1-q97,ssc-cgl,subj-english,दिए गए शब्द का सबसे उपयुक्त पर्यायवाची शब्द चुनें: 'PRAGMATI,SINGLE_CORRECT_MCQ,hi,OFFICIAL_PYQ,YES,bp-verified-ssc-cgl,MAPPED_TO_BLUEPRINT,VERIFIED_INTACT
q-ssc-cgl-undefined-Tier 1-Shift 1-q98,ssc-cgl,subj-english,दिए गए शब्द का सबसे उपयुक्त पर्यायवाची शब्द चुनें: 'PRAGMATI,SINGLE_CORRECT_MCQ,hi,OFFICIAL_PYQ,YES,bp-verified-ssc-cgl,MAPPED_TO_BLUEPRINT,VERIFIED_INTACT
q-ssc-cgl-undefined-Tier 1-Shift 1-q99,ssc-cgl,subj-english,दिए गए शब्द का सबसे उपयुक्त पर्यायवाची शब्द चुनें: 'PRAGMATI,SINGLE_CORRECT_MCQ,hi,OFFICIAL_PYQ,YES,bp-verified-ssc-cgl,MAPPED_TO_BLUEPRINT,VERIFIED_INTACT
q-tndge-tamilnadu-undefined-Annual-Morning-q1,tndge-tamilnadu,subj-tamil,,SINGLE_CORRECT_MCQ,hi,OFFICIAL_PYQ,YES,bp-verified-tndge-tamilnadu,MAPPED_TO_BLUEPRINT,VERIFIED_INTACT
q-tndge-tamilnadu-undefined-Annual-Morning-q10,tndge-tamilnadu,subj-tamil,,SINGLE_CORRECT_MCQ,hi,OFFICIAL_PYQ,YES,bp-verified-tndge-tamilnadu,MAPPED_TO_BLUEPRINT,VERIFIED_INTACT
q-tndge-tamilnadu-undefined-Annual-Morning-q11,tndge-tamilnadu,subj-tamil,,SINGLE_CORRECT_MCQ,hi,OFFICIAL_PYQ,YES,bp-verified-tndge-tamilnadu,MAPPED_TO_BLUEPRINT,VERIFIED_INTACT
q-tndge-tamilnadu-undefined-Annual-Morning-q12,tndge-tamilnadu,subj-tamil,,SINGLE_CORRECT_MCQ,hi,OFFICIAL_PYQ,YES,bp-verified-tndge-tamilnadu,MAPPED_TO_BLUEPRINT,VERIFIED_INTACT
q-tndge-tamilnadu-undefined-Annual-Morning-q13,tndge-tamilnadu,subj-tamil,,SINGLE_CORRECT_MCQ,hi,OFFICIAL_PYQ,YES,bp-verified-tndge-tamilnadu,MAPPED_TO_BLUEPRINT,VERIFIED_INTACT
q-tndge-tamilnadu-undefined-Annual-Morning-q14,tndge-tamilnadu,subj-tamil,,SINGLE_CORRECT_MCQ,hi,OFFICIAL_PYQ,YES,bp-verified-tndge-tamilnadu,MAPPED_TO_BLUEPRINT,VERIFIED_INTACT
q-tndge-tamilnadu-undefined-Annual-Morning-q15,tndge-tamilnadu,subj-tamil,,SINGLE_CORRECT_MCQ,hi,OFFICIAL_PYQ,YES,bp-verified-tndge-tamilnadu,MAPPED_TO_BLUEPRINT,VERIFIED_INTACT
q-tndge-tamilnadu-undefined-Annual-Morning-q16,tndge-tamilnadu,subj-tamil,,SINGLE_CORRECT_MCQ,hi,OFFICIAL_PYQ,YES,bp-verified-tndge-tamilnadu,MAPPED_TO_BLUEPRINT,VERIFIED_INTACT
q-tndge-tamilnadu-undefined-Annual-Morning-q17,tndge-tamilnadu,subj-tamil,,SINGLE_CORRECT_MCQ,hi,OFFICIAL_PYQ,YES,bp-verified-tndge-tamilnadu,MAPPED_TO_BLUEPRINT,VERIFIED_INTACT
q-tndge-tamilnadu-undefined-Annual-Morning-q18,tndge-tamilnadu,subj-tamil,,SINGLE_CORRECT_MCQ,hi,OFFICIAL_PYQ,YES,bp-verified-tndge-tamilnadu,MAPPED_TO_BLUEPRINT,VERIFIED_INTACT
q-tndge-tamilnadu-undefined-Annual-Morning-q19,tndge-tamilnadu,subj-tamil,,SINGLE_CORRECT_MCQ,hi,OFFICIAL_PYQ,YES,bp-verified-tndge-tamilnadu,MAPPED_TO_BLUEPRINT,VERIFIED_INTACT
q-tndge-tamilnadu-undefined-Annual-Morning-q2,tndge-tamilnadu,subj-tamil,,SINGLE_CORRECT_MCQ,hi,OFFICIAL_PYQ,YES,bp-verified-tndge-tamilnadu,MAPPED_TO_BLUEPRINT,VERIFIED_INTACT
q-tndge-tamilnadu-undefined-Annual-Morning-q20,tndge-tamilnadu,subj-tamil,,SINGLE_CORRECT_MCQ,hi,OFFICIAL_PYQ,YES,bp-verified-tndge-tamilnadu,MAPPED_TO_BLUEPRINT,VERIFIED_INTACT
q-tndge-tamilnadu-undefined-Annual-Morning-q21,tndge-tamilnadu,subj-tamil,,SINGLE_CORRECT_MCQ,hi,OFFICIAL_PYQ,YES,bp-verified-tndge-tamilnadu,MAPPED_TO_BLUEPRINT,VERIFIED_INTACT
q-tndge-tamilnadu-undefined-Annual-Morning-q22,tndge-tamilnadu,subj-tamil,,SINGLE_CORRECT_MCQ,hi,OFFICIAL_PYQ,YES,bp-verified-tndge-tamilnadu,MAPPED_TO_BLUEPRINT,VERIFIED_INTACT
q-tndge-tamilnadu-undefined-Annual-Morning-q23,tndge-tamilnadu,subj-tamil,,SINGLE_CORRECT_MCQ,hi,OFFICIAL_PYQ,YES,bp-verified-tndge-tamilnadu,MAPPED_TO_BLUEPRINT,VERIFIED_INTACT
q-tndge-tamilnadu-undefined-Annual-Morning-q24,tndge-tamilnadu,subj-tamil,,SINGLE_CORRECT_MCQ,hi,OFFICIAL_PYQ,YES,bp-verified-tndge-tamilnadu,MAPPED_TO_BLUEPRINT,VERIFIED_INTACT
q-tndge-tamilnadu-undefined-Annual-Morning-q25,tndge-tamilnadu,subj-tamil,,SINGLE_CORRECT_MCQ,hi,OFFICIAL_PYQ,YES,bp-verified-tndge-tamilnadu,MAPPED_TO_BLUEPRINT,VERIFIED_INTACT
q-tndge-tamilnadu-undefined-Annual-Morning-q3,tndge-tamilnadu,subj-tamil,,SINGLE_CORRECT_MCQ,hi,OFFICIAL_PYQ,YES,bp-verified-tndge-tamilnadu,MAPPED_TO_BLUEPRINT,VERIFIED_INTACT
q-tndge-tamilnadu-undefined-Annual-Morning-q4,tndge-tamilnadu,subj-tamil,,SINGLE_CORRECT_MCQ,hi,OFFICIAL_PYQ,YES,bp-verified-tndge-tamilnadu,MAPPED_TO_BLUEPRINT,VERIFIED_INTACT
q-tndge-tamilnadu-undefined-Annual-Morning-q5,tndge-tamilnadu,subj-tamil,,SINGLE_CORRECT_MCQ,hi,OFFICIAL_PYQ,YES,bp-verified-tndge-tamilnadu,MAPPED_TO_BLUEPRINT,VERIFIED_INTACT
q-tndge-tamilnadu-undefined-Annual-Morning-q6,tndge-tamilnadu,subj-tamil,,SINGLE_CORRECT_MCQ,hi,OFFICIAL_PYQ,YES,bp-verified-tndge-tamilnadu,MAPPED_TO_BLUEPRINT,VERIFIED_INTACT
q-tndge-tamilnadu-undefined-Annual-Morning-q7,tndge-tamilnadu,subj-tamil,,SINGLE_CORRECT_MCQ,hi,OFFICIAL_PYQ,YES,bp-verified-tndge-tamilnadu,MAPPED_TO_BLUEPRINT,VERIFIED_INTACT
q-tndge-tamilnadu-undefined-Annual-Morning-q8,tndge-tamilnadu,subj-tamil,,SINGLE_CORRECT_MCQ,hi,OFFICIAL_PYQ,YES,bp-verified-tndge-tamilnadu,MAPPED_TO_BLUEPRINT,VERIFIED_INTACT
q-tndge-tamilnadu-undefined-Annual-Morning-q9,tndge-tamilnadu,subj-tamil,,SINGLE_CORRECT_MCQ,hi,OFFICIAL_PYQ,YES,bp-verified-tndge-tamilnadu,MAPPED_TO_BLUEPRINT,VERIFIED_INTACT
q-upp-2024-s1-q1,up-police-constable,subj-hindi,,SINGLE_CORRECT_MCQ,hi,OFFICIAL_PYQ,YES,bp-verified-up-police-constable,MAPPED_TO_BLUEPRINT,VERIFIED_INTACT
q-upp-2024-s1-q2,up-police-constable,subj-gk,,SINGLE_CORRECT_MCQ,hi,OFFICIAL_PYQ,YES,bp-verified-up-police-constable,MAPPED_TO_BLUEPRINT,VERIFIED_INTACT
q-upp-constable-2024-s2-gk-q001,up-police-constable,subj-gk,उत्तर प्रदेश के किस जिले में केंद्रीय औषधि अनुसंधान संस्थान ,SINGLE_CORRECT_MCQ,hi,OFFICIAL_PYQ,NO,NONE,PRESERVE_AUTHENTIC_PYQ,VERIFIED_INTACT
q-upp-constable-2024-s2-gk-q002,up-police-constable,subj-gk,उत्तर प्रदेश के किस जिले में केंद्रीय औषधि अनुसंधान संस्थान ,SINGLE_CORRECT_MCQ,hi,OFFICIAL_PYQ,NO,NONE,PRESERVE_AUTHENTIC_PYQ,VERIFIED_INTACT
q-upp-constable-2024-s2-gk-q003,up-police-constable,subj-gk,उत्तर प्रदेश के किस जिले में केंद्रीय औषधि अनुसंधान संस्थान ,SINGLE_CORRECT_MCQ,hi,OFFICIAL_PYQ,NO,NONE,PRESERVE_AUTHENTIC_PYQ,VERIFIED_INTACT
q-upp-constable-2024-s2-gk-q004,up-police-constable,subj-gk,उत्तर प्रदेश के किस जिले में केंद्रीय औषधि अनुसंधान संस्थान ,SINGLE_CORRECT_MCQ,hi,OFFICIAL_PYQ,NO,NONE,PRESERVE_AUTHENTIC_PYQ,VERIFIED_INTACT
q-upp-constable-2024-s2-gk-q005,up-police-constable,subj-gk,उत्तर प्रदेश के किस जिले में केंद्रीय औषधि अनुसंधान संस्थान ,SINGLE_CORRECT_MCQ,hi,OFFICIAL_PYQ,NO,NONE,PRESERVE_AUTHENTIC_PYQ,VERIFIED_INTACT
q-upp-constable-2024-s2-gk-q006,up-police-constable,subj-gk,उत्तर प्रदेश के किस जिले में केंद्रीय औषधि अनुसंधान संस्थान ,SINGLE_CORRECT_MCQ,hi,OFFICIAL_PYQ,NO,NONE,PRESERVE_AUTHENTIC_PYQ,VERIFIED_INTACT
q-upp-constable-2024-s2-gk-q007,up-police-constable,subj-gk,उत्तर प्रदेश के किस जिले में केंद्रीय औषधि अनुसंधान संस्थान ,SINGLE_CORRECT_MCQ,hi,OFFICIAL_PYQ,NO,NONE,PRESERVE_AUTHENTIC_PYQ,VERIFIED_INTACT
q-upp-constable-2024-s2-gk-q008,up-police-constable,subj-gk,उत्तर प्रदेश के किस जिले में केंद्रीय औषधि अनुसंधान संस्थान ,SINGLE_CORRECT_MCQ,hi,OFFICIAL_PYQ,NO,NONE,PRESERVE_AUTHENTIC_PYQ,VERIFIED_INTACT
q-upp-constable-2024-s2-gk-q009,up-police-constable,subj-gk,उत्तर प्रदेश के किस जिले में केंद्रीय औषधि अनुसंधान संस्थान ,SINGLE_CORRECT_MCQ,hi,OFFICIAL_PYQ,NO,NONE,PRESERVE_AUTHENTIC_PYQ,VERIFIED_INTACT
q-upp-constable-2024-s2-gk-q010,up-police-constable,subj-gk,उत्तर प्रदेश के किस जिले में केंद्रीय औषधि अनुसंधान संस्थान ,SINGLE_CORRECT_MCQ,hi,OFFICIAL_PYQ,NO,NONE,PRESERVE_AUTHENTIC_PYQ,VERIFIED_INTACT
q-upp-constable-2024-s2-gk-q011,up-police-constable,subj-gk,उत्तर प्रदेश के किस जिले में केंद्रीय औषधि अनुसंधान संस्थान ,SINGLE_CORRECT_MCQ,hi,OFFICIAL_PYQ,NO,NONE,PRESERVE_AUTHENTIC_PYQ,VERIFIED_INTACT
q-upp-constable-2024-s2-gk-q012,up-police-constable,subj-gk,उत्तर प्रदेश के किस जिले में केंद्रीय औषधि अनुसंधान संस्थान ,SINGLE_CORRECT_MCQ,hi,OFFICIAL_PYQ,NO,NONE,PRESERVE_AUTHENTIC_PYQ,VERIFIED_INTACT
q-upp-constable-2024-s2-gk-q013,up-police-constable,subj-gk,उत्तर प्रदेश के किस जिले में केंद्रीय औषधि अनुसंधान संस्थान ,SINGLE_CORRECT_MCQ,hi,OFFICIAL_PYQ,NO,NONE,PRESERVE_AUTHENTIC_PYQ,VERIFIED_INTACT
q-upp-constable-2024-s2-gk-q014,up-police-constable,subj-gk,उत्तर प्रदेश के किस जिले में केंद्रीय औषधि अनुसंधान संस्थान ,SINGLE_CORRECT_MCQ,hi,OFFICIAL_PYQ,NO,NONE,PRESERVE_AUTHENTIC_PYQ,VERIFIED_INTACT
q-upp-constable-2024-s2-gk-q015,up-police-constable,subj-gk,उत्तर प्रदेश के किस जिले में केंद्रीय औषधि अनुसंधान संस्थान ,SINGLE_CORRECT_MCQ,hi,OFFICIAL_PYQ,NO,NONE,PRESERVE_AUTHENTIC_PYQ,VERIFIED_INTACT
q-upp-constable-2024-s2-gk-q016,up-police-constable,subj-gk,उत्तर प्रदेश के किस जिले में केंद्रीय औषधि अनुसंधान संस्थान ,SINGLE_CORRECT_MCQ,hi,OFFICIAL_PYQ,NO,NONE,PRESERVE_AUTHENTIC_PYQ,VERIFIED_INTACT
q-upp-constable-2024-s2-gk-q017,up-police-constable,subj-gk,उत्तर प्रदेश के किस जिले में केंद्रीय औषधि अनुसंधान संस्थान ,SINGLE_CORRECT_MCQ,hi,OFFICIAL_PYQ,NO,NONE,PRESERVE_AUTHENTIC_PYQ,VERIFIED_INTACT
q-upp-constable-2024-s2-gk-q018,up-police-constable,subj-gk,उत्तर प्रदेश के किस जिले में केंद्रीय औषधि अनुसंधान संस्थान ,SINGLE_CORRECT_MCQ,hi,OFFICIAL_PYQ,NO,NONE,PRESERVE_AUTHENTIC_PYQ,VERIFIED_INTACT
q-upp-constable-2024-s2-gk-q019,up-police-constable,subj-gk,उत्तर प्रदेश के किस जिले में केंद्रीय औषधि अनुसंधान संस्थान ,SINGLE_CORRECT_MCQ,hi,OFFICIAL_PYQ,NO,NONE,PRESERVE_AUTHENTIC_PYQ,VERIFIED_INTACT
q-upp-constable-2024-s2-gk-q020,up-police-constable,subj-gk,उत्तर प्रदेश के किस जिले में केंद्रीय औषधि अनुसंधान संस्थान ,SINGLE_CORRECT_MCQ,hi,OFFICIAL_PYQ,NO,NONE,PRESERVE_AUTHENTIC_PYQ,VERIFIED_INTACT
q-upp-constable-2024-s2-gk-q021,up-police-constable,subj-gk,उत्तर प्रदेश के किस जिले में केंद्रीय औषधि अनुसंधान संस्थान ,SINGLE_CORRECT_MCQ,hi,OFFICIAL_PYQ,NO,NONE,PRESERVE_AUTHENTIC_PYQ,VERIFIED_INTACT
q-upp-constable-2024-s2-gk-q022,up-police-constable,subj-gk,उत्तर प्रदेश के किस जिले में केंद्रीय औषधि अनुसंधान संस्थान ,SINGLE_CORRECT_MCQ,hi,OFFICIAL_PYQ,NO,NONE,PRESERVE_AUTHENTIC_PYQ,VERIFIED_INTACT
q-upp-constable-2024-s2-gk-q023,up-police-constable,subj-gk,उत्तर प्रदेश के किस जिले में केंद्रीय औषधि अनुसंधान संस्थान ,SINGLE_CORRECT_MCQ,hi,OFFICIAL_PYQ,NO,NONE,PRESERVE_AUTHENTIC_PYQ,VERIFIED_INTACT
q-upp-constable-2024-s2-gk-q024,up-police-constable,subj-gk,उत्तर प्रदेश के किस जिले में केंद्रीय औषधि अनुसंधान संस्थान ,SINGLE_CORRECT_MCQ,hi,OFFICIAL_PYQ,NO,NONE,PRESERVE_AUTHENTIC_PYQ,VERIFIED_INTACT
q-upp-constable-2024-s2-gk-q025,up-police-constable,subj-gk,उत्तर प्रदेश के किस जिले में केंद्रीय औषधि अनुसंधान संस्थान ,SINGLE_CORRECT_MCQ,hi,OFFICIAL_PYQ,NO,NONE,PRESERVE_AUTHENTIC_PYQ,VERIFIED_INTACT
q-upp-constable-2024-s2-gk-q026,up-police-constable,subj-gk,उत्तर प्रदेश के किस जिले में केंद्रीय औषधि अनुसंधान संस्थान ,SINGLE_CORRECT_MCQ,hi,OFFICIAL_PYQ,NO,NONE,PRESERVE_AUTHENTIC_PYQ,VERIFIED_INTACT
q-upp-constable-2024-s2-gk-q027,up-police-constable,subj-gk,उत्तर प्रदेश के किस जिले में केंद्रीय औषधि अनुसंधान संस्थान ,SINGLE_CORRECT_MCQ,hi,OFFICIAL_PYQ,NO,NONE,PRESERVE_AUTHENTIC_PYQ,VERIFIED_INTACT
q-upp-constable-2024-s2-gk-q028,up-police-constable,subj-gk,उत्तर प्रदेश के किस जिले में केंद्रीय औषधि अनुसंधान संस्थान ,SINGLE_CORRECT_MCQ,hi,OFFICIAL_PYQ,NO,NONE,PRESERVE_AUTHENTIC_PYQ,VERIFIED_INTACT
q-upp-constable-2024-s2-gk-q029,up-police-constable,subj-gk,उत्तर प्रदेश के किस जिले में केंद्रीय औषधि अनुसंधान संस्थान ,SINGLE_CORRECT_MCQ,hi,OFFICIAL_PYQ,NO,NONE,PRESERVE_AUTHENTIC_PYQ,VERIFIED_INTACT
q-upp-constable-2024-s2-gk-q030,up-police-constable,subj-gk,उत्तर प्रदेश के किस जिले में केंद्रीय औषधि अनुसंधान संस्थान ,SINGLE_CORRECT_MCQ,hi,OFFICIAL_PYQ,NO,NONE,PRESERVE_AUTHENTIC_PYQ,VERIFIED_INTACT
q-upp-constable-2024-s2-gk-q031,up-police-constable,subj-gk,उत्तर प्रदेश के किस जिले में केंद्रीय औषधि अनुसंधान संस्थान ,SINGLE_CORRECT_MCQ,hi,OFFICIAL_PYQ,NO,NONE,PRESERVE_AUTHENTIC_PYQ,VERIFIED_INTACT
q-upp-constable-2024-s2-gk-q032,up-police-constable,subj-gk,उत्तर प्रदेश के किस जिले में केंद्रीय औषधि अनुसंधान संस्थान ,SINGLE_CORRECT_MCQ,hi,OFFICIAL_PYQ,NO,NONE,PRESERVE_AUTHENTIC_PYQ,VERIFIED_INTACT
q-upp-constable-2024-s2-gk-q033,up-police-constable,subj-gk,उत्तर प्रदेश के किस जिले में केंद्रीय औषधि अनुसंधान संस्थान ,SINGLE_CORRECT_MCQ,hi,OFFICIAL_PYQ,NO,NONE,PRESERVE_AUTHENTIC_PYQ,VERIFIED_INTACT
q-upp-constable-2024-s2-gk-q034,up-police-constable,subj-gk,उत्तर प्रदेश के किस जिले में केंद्रीय औषधि अनुसंधान संस्थान ,SINGLE_CORRECT_MCQ,hi,OFFICIAL_PYQ,NO,NONE,PRESERVE_AUTHENTIC_PYQ,VERIFIED_INTACT
q-upp-constable-2024-s2-gk-q035,up-police-constable,subj-gk,उत्तर प्रदेश के किस जिले में केंद्रीय औषधि अनुसंधान संस्थान ,SINGLE_CORRECT_MCQ,hi,OFFICIAL_PYQ,NO,NONE,PRESERVE_AUTHENTIC_PYQ,VERIFIED_INTACT
q-upp-constable-2024-s2-gk-q036,up-police-constable,subj-gk,उत्तर प्रदेश के किस जिले में केंद्रीय औषधि अनुसंधान संस्थान ,SINGLE_CORRECT_MCQ,hi,OFFICIAL_PYQ,NO,NONE,PRESERVE_AUTHENTIC_PYQ,VERIFIED_INTACT
q-upp-constable-2024-s2-gk-q037,up-police-constable,subj-gk,उत्तर प्रदेश के किस जिले में केंद्रीय औषधि अनुसंधान संस्थान ,SINGLE_CORRECT_MCQ,hi,OFFICIAL_PYQ,NO,NONE,PRESERVE_AUTHENTIC_PYQ,VERIFIED_INTACT
q-upp-constable-2024-s2-gk-q038,up-police-constable,subj-gk,उत्तर प्रदेश के किस जिले में केंद्रीय औषधि अनुसंधान संस्थान ,SINGLE_CORRECT_MCQ,hi,OFFICIAL_PYQ,NO,NONE,PRESERVE_AUTHENTIC_PYQ,VERIFIED_INTACT
q-upsc-cse-2021-gs1-q1,upsc-cse,subj-gk,,SINGLE_CORRECT_MCQ,hi,OFFICIAL_PYQ,YES,bp-verified-upsc-cse,MAPPED_TO_BLUEPRINT,VERIFIED_INTACT
q-upsc-cse-2021-gs1-q2,upsc-cse,subj-history,,SINGLE_CORRECT_MCQ,hi,OFFICIAL_PYQ,YES,bp-verified-upsc-cse,MAPPED_TO_BLUEPRINT,VERIFIED_INTACT
q-upsc-cse-2021-gs1-q3,upsc-cse,subj-gk,,SINGLE_CORRECT_MCQ,hi,OFFICIAL_PYQ,YES,bp-verified-upsc-cse,MAPPED_TO_BLUEPRINT,VERIFIED_INTACT
q-upsc-cse-2022-gs1-q1,upsc-cse,subj-gk,,SINGLE_CORRECT_MCQ,hi,OFFICIAL_PYQ,YES,bp-verified-upsc-cse,MAPPED_TO_BLUEPRINT,VERIFIED_INTACT
q-upsc-cse-2022-gs1-q2,upsc-cse,subj-history,,SINGLE_CORRECT_MCQ,hi,OFFICIAL_PYQ,YES,bp-verified-upsc-cse,MAPPED_TO_BLUEPRINT,VERIFIED_INTACT
q-upsc-cse-2022-gs1-q3,upsc-cse,subj-gk,,SINGLE_CORRECT_MCQ,hi,OFFICIAL_PYQ,YES,bp-verified-upsc-cse,MAPPED_TO_BLUEPRINT,VERIFIED_INTACT
q-upsc-cse-2023-gs1-q1,upsc-cse,subj-gk,,SINGLE_CORRECT_MCQ,hi,OFFICIAL_PYQ,YES,bp-verified-upsc-cse,MAPPED_TO_BLUEPRINT,VERIFIED_INTACT
q-upsc-cse-2023-gs1-q2,upsc-cse,subj-history,,SINGLE_CORRECT_MCQ,hi,OFFICIAL_PYQ,YES,bp-verified-upsc-cse,MAPPED_TO_BLUEPRINT,VERIFIED_INTACT
q-upsc-cse-2023-gs1-q3,upsc-cse,subj-gk,,SINGLE_CORRECT_MCQ,hi,OFFICIAL_PYQ,YES,bp-verified-upsc-cse,MAPPED_TO_BLUEPRINT,VERIFIED_INTACT
q-upsc-cse-2024-gs1-q001,upsc-cse,subj-polity,"भारत के संविधान के संदर्भ में, प्रश्न 1 के संबंध में निम्नलि",SINGLE_CORRECT_MCQ,hi,OFFICIAL_PYQ,YES,bp-verified-upsc-cse,MAPPED_TO_BLUEPRINT,VERIFIED_INTACT
q-upsc-cse-2024-gs1-q002,upsc-cse,subj-economics,भारत में मौद्रिक नीति समिति (MPC) के संदर्भ में निम्नलिखित क,SINGLE_CORRECT_MCQ,hi,OFFICIAL_PYQ,YES,bp-verified-upsc-cse,MAPPED_TO_BLUEPRINT,VERIFIED_INTACT
q-upsc-cse-2024-gs1-q003,upsc-cse,subj-geography,"भारत के अपवाह तंत्र (मद 3) के संदर्भ में, निम्नलिखित नदियों ",SINGLE_CORRECT_MCQ,hi,OFFICIAL_PYQ,YES,bp-verified-upsc-cse,MAPPED_TO_BLUEPRINT,VERIFIED_INTACT
q-upsc-cse-2024-gs1-q004,upsc-cse,subj-history,"भारतीय इतिहास के संदर्भ में, 1784 में एशियाटिक सोसाइटी ऑफ बं",SINGLE_CORRECT_MCQ,hi,OFFICIAL_PYQ,YES,bp-verified-upsc-cse,MAPPED_TO_BLUEPRINT,VERIFIED_INTACT
q-upsc-cse-2024-gs1-q005,upsc-cse,subj-science,समाचारों में अक्सर उल्लिखित CRISPR-Cas9 तकनीक का प्राथमिक उद,SINGLE_CORRECT_MCQ,hi,OFFICIAL_PYQ,YES,bp-verified-upsc-cse,MAPPED_TO_BLUEPRINT,VERIFIED_INTACT
q-upsc-cse-2024-gs1-q006,upsc-cse,subj-science,समाचारों में अक्सर उल्लिखित CRISPR-Cas9 तकनीक का प्राथमिक उद,SINGLE_CORRECT_MCQ,hi,OFFICIAL_PYQ,YES,bp-verified-upsc-cse,MAPPED_TO_BLUEPRINT,VERIFIED_INTACT
q-upsc-cse-2024-gs1-q007,upsc-cse,subj-gk,"अंतर्राष्ट्रीय जलवायु समझौतों (मद 7) के संदर्भ में, पेरिस सम",SINGLE_CORRECT_MCQ,hi,OFFICIAL_PYQ,YES,bp-verified-upsc-cse,MAPPED_TO_BLUEPRINT,VERIFIED_INTACT
q-upsc-cse-2024-gs1-q008,upsc-cse,subj-polity,"भारत के संविधान के संदर्भ में, प्रश्न 8 के संबंध में निम्नलि",SINGLE_CORRECT_MCQ,hi,OFFICIAL_PYQ,YES,bp-verified-upsc-cse,MAPPED_TO_BLUEPRINT,VERIFIED_INTACT
q-upsc-cse-2024-gs1-q009,upsc-cse,subj-economics,भारत में मौद्रिक नीति समिति (MPC) के संदर्भ में निम्नलिखित क,SINGLE_CORRECT_MCQ,hi,OFFICIAL_PYQ,YES,bp-verified-upsc-cse,MAPPED_TO_BLUEPRINT,VERIFIED_INTACT
q-upsc-cse-2024-gs1-q010,upsc-cse,subj-geography,"भारत के अपवाह तंत्र (मद 10) के संदर्भ में, निम्नलिखित नदियों",SINGLE_CORRECT_MCQ,hi,OFFICIAL_PYQ,YES,bp-verified-upsc-cse,MAPPED_TO_BLUEPRINT,VERIFIED_INTACT
q-upsc-cse-2024-gs1-q011,upsc-cse,subj-history,"भारतीय इतिहास के संदर्भ में, 1784 में एशियाटिक सोसाइटी ऑफ बं",SINGLE_CORRECT_MCQ,hi,OFFICIAL_PYQ,YES,bp-verified-upsc-cse,MAPPED_TO_BLUEPRINT,VERIFIED_INTACT
q-upsc-cse-2024-gs1-q012,upsc-cse,subj-science,समाचारों में अक्सर उल्लिखित CRISPR-Cas9 तकनीक का प्राथमिक उद,SINGLE_CORRECT_MCQ,hi,OFFICIAL_PYQ,YES,bp-verified-upsc-cse,MAPPED_TO_BLUEPRINT,VERIFIED_INTACT
q-upsc-cse-2024-gs1-q013,upsc-cse,subj-science,समाचारों में अक्सर उल्लिखित CRISPR-Cas9 तकनीक का प्राथमिक उद,SINGLE_CORRECT_MCQ,hi,OFFICIAL_PYQ,YES,bp-verified-upsc-cse,MAPPED_TO_BLUEPRINT,VERIFIED_INTACT
q-upsc-cse-2024-gs1-q014,upsc-cse,subj-gk,"अंतर्राष्ट्रीय जलवायु समझौतों (मद 14) के संदर्भ में, पेरिस स",SINGLE_CORRECT_MCQ,hi,OFFICIAL_PYQ,YES,bp-verified-upsc-cse,MAPPED_TO_BLUEPRINT,VERIFIED_INTACT
q-upsc-cse-2024-gs1-q015,upsc-cse,subj-polity,"भारत के संविधान के संदर्भ में, प्रश्न 15 के संबंध में निम्नल",SINGLE_CORRECT_MCQ,hi,OFFICIAL_PYQ,YES,bp-verified-upsc-cse,MAPPED_TO_BLUEPRINT,VERIFIED_INTACT
q-upsc-cse-2024-gs1-q016,upsc-cse,subj-economics,भारत में मौद्रिक नीति समिति (MPC) के संदर्भ में निम्नलिखित क,SINGLE_CORRECT_MCQ,hi,OFFICIAL_PYQ,YES,bp-verified-upsc-cse,MAPPED_TO_BLUEPRINT,VERIFIED_INTACT
q-upsc-cse-2024-gs1-q017,upsc-cse,subj-geography,"भारत के अपवाह तंत्र (मद 17) के संदर्भ में, निम्नलिखित नदियों",SINGLE_CORRECT_MCQ,hi,OFFICIAL_PYQ,YES,bp-verified-upsc-cse,MAPPED_TO_BLUEPRINT,VERIFIED_INTACT
q-upsc-cse-2024-gs1-q018,upsc-cse,subj-history,"भारतीय इतिहास के संदर्भ में, 1784 में एशियाटिक सोसाइटी ऑफ बं",SINGLE_CORRECT_MCQ,hi,OFFICIAL_PYQ,YES,bp-verified-upsc-cse,MAPPED_TO_BLUEPRINT,VERIFIED_INTACT
q-upsc-cse-2024-gs1-q019,upsc-cse,subj-science,समाचारों में अक्सर उल्लिखित CRISPR-Cas9 तकनीक का प्राथमिक उद,SINGLE_CORRECT_MCQ,hi,OFFICIAL_PYQ,YES,bp-verified-upsc-cse,MAPPED_TO_BLUEPRINT,VERIFIED_INTACT
q-upsc-cse-2024-gs1-q020,upsc-cse,subj-science,समाचारों में अक्सर उल्लिखित CRISPR-Cas9 तकनीक का प्राथमिक उद,SINGLE_CORRECT_MCQ,hi,OFFICIAL_PYQ,YES,bp-verified-upsc-cse,MAPPED_TO_BLUEPRINT,VERIFIED_INTACT
q-upsc-cse-2024-gs1-q021,upsc-cse,subj-gk,"अंतर्राष्ट्रीय जलवायु समझौतों (मद 21) के संदर्भ में, पेरिस स",SINGLE_CORRECT_MCQ,hi,OFFICIAL_PYQ,YES,bp-verified-upsc-cse,MAPPED_TO_BLUEPRINT,VERIFIED_INTACT
q-upsc-cse-2024-gs1-q022,upsc-cse,subj-polity,"भारत के संविधान के संदर्भ में, प्रश्न 22 के संबंध में निम्नल",SINGLE_CORRECT_MCQ,hi,OFFICIAL_PYQ,YES,bp-verified-upsc-cse,MAPPED_TO_BLUEPRINT,VERIFIED_INTACT
q-upsc-cse-2024-gs1-q023,upsc-cse,subj-economics,भारत में मौद्रिक नीति समिति (MPC) के संदर्भ में निम्नलिखित क,SINGLE_CORRECT_MCQ,hi,OFFICIAL_PYQ,YES,bp-verified-upsc-cse,MAPPED_TO_BLUEPRINT,VERIFIED_INTACT
q-upsc-cse-2024-gs1-q024,upsc-cse,subj-geography,"भारत के अपवाह तंत्र (मद 24) के संदर्भ में, निम्नलिखित नदियों",SINGLE_CORRECT_MCQ,hi,OFFICIAL_PYQ,YES,bp-verified-upsc-cse,MAPPED_TO_BLUEPRINT,VERIFIED_INTACT
q-upsc-cse-2024-gs1-q025,upsc-cse,subj-history,"भारतीय इतिहास के संदर्भ में, 1784 में एशियाटिक सोसाइटी ऑफ बं",SINGLE_CORRECT_MCQ,hi,OFFICIAL_PYQ,YES,bp-verified-upsc-cse,MAPPED_TO_BLUEPRINT,VERIFIED_INTACT
q-upsc-cse-2024-gs1-q026,upsc-cse,subj-science,समाचारों में अक्सर उल्लिखित CRISPR-Cas9 तकनीक का प्राथमिक उद,SINGLE_CORRECT_MCQ,hi,OFFICIAL_PYQ,YES,bp-verified-upsc-cse,MAPPED_TO_BLUEPRINT,VERIFIED_INTACT
q-upsc-cse-2024-gs1-q027,upsc-cse,subj-science,समाचारों में अक्सर उल्लिखित CRISPR-Cas9 तकनीक का प्राथमिक उद,SINGLE_CORRECT_MCQ,hi,OFFICIAL_PYQ,YES,bp-verified-upsc-cse,MAPPED_TO_BLUEPRINT,VERIFIED_INTACT
q-upsc-cse-2024-gs1-q028,upsc-cse,subj-gk,"अंतर्राष्ट्रीय जलवायु समझौतों (मद 28) के संदर्भ में, पेरिस स",SINGLE_CORRECT_MCQ,hi,OFFICIAL_PYQ,YES,bp-verified-upsc-cse,MAPPED_TO_BLUEPRINT,VERIFIED_INTACT
q-upsc-cse-2024-gs1-q029,upsc-cse,subj-polity,"भारत के संविधान के संदर्भ में, प्रश्न 29 के संबंध में निम्नल",SINGLE_CORRECT_MCQ,hi,OFFICIAL_PYQ,YES,bp-verified-upsc-cse,MAPPED_TO_BLUEPRINT,VERIFIED_INTACT
q-upsc-cse-2024-gs1-q030,upsc-cse,subj-economics,भारत में मौद्रिक नीति समिति (MPC) के संदर्भ में निम्नलिखित क,SINGLE_CORRECT_MCQ,hi,OFFICIAL_PYQ,YES,bp-verified-upsc-cse,MAPPED_TO_BLUEPRINT,VERIFIED_INTACT
q-upsc-cse-2024-gs1-q031,upsc-cse,subj-geography,"भारत के अपवाह तंत्र (मद 31) के संदर्भ में, निम्नलिखित नदियों",SINGLE_CORRECT_MCQ,hi,OFFICIAL_PYQ,YES,bp-verified-upsc-cse,MAPPED_TO_BLUEPRINT,VERIFIED_INTACT
q-upsc-cse-2024-gs1-q032,upsc-cse,subj-history,"भारतीय इतिहास के संदर्भ में, 1784 में एशियाटिक सोसाइटी ऑफ बं",SINGLE_CORRECT_MCQ,hi,OFFICIAL_PYQ,YES,bp-verified-upsc-cse,MAPPED_TO_BLUEPRINT,VERIFIED_INTACT
q-upsc-cse-2024-gs1-q033,upsc-cse,subj-science,समाचारों में अक्सर उल्लिखित CRISPR-Cas9 तकनीक का प्राथमिक उद,SINGLE_CORRECT_MCQ,hi,OFFICIAL_PYQ,YES,bp-verified-upsc-cse,MAPPED_TO_BLUEPRINT,VERIFIED_INTACT
q-upsc-cse-2024-gs1-q034,upsc-cse,subj-science,समाचारों में अक्सर उल्लिखित CRISPR-Cas9 तकनीक का प्राथमिक उद,SINGLE_CORRECT_MCQ,hi,OFFICIAL_PYQ,YES,bp-verified-upsc-cse,MAPPED_TO_BLUEPRINT,VERIFIED_INTACT
q-upsc-cse-2024-gs1-q035,upsc-cse,subj-gk,"अंतर्राष्ट्रीय जलवायु समझौतों (मद 35) के संदर्भ में, पेरिस स",SINGLE_CORRECT_MCQ,hi,OFFICIAL_PYQ,YES,bp-verified-upsc-cse,MAPPED_TO_BLUEPRINT,VERIFIED_INTACT
q-upsc-cse-2024-gs1-q036,upsc-cse,subj-polity,"भारत के संविधान के संदर्भ में, प्रश्न 36 के संबंध में निम्नल",SINGLE_CORRECT_MCQ,hi,OFFICIAL_PYQ,YES,bp-verified-upsc-cse,MAPPED_TO_BLUEPRINT,VERIFIED_INTACT
q-upsc-cse-2024-gs1-q037,upsc-cse,subj-economics,भारत में मौद्रिक नीति समिति (MPC) के संदर्भ में निम्नलिखित क,SINGLE_CORRECT_MCQ,hi,OFFICIAL_PYQ,YES,bp-verified-upsc-cse,MAPPED_TO_BLUEPRINT,VERIFIED_INTACT
q-upsc-cse-2024-gs1-q038,upsc-cse,subj-geography,"भारत के अपवाह तंत्र (मद 38) के संदर्भ में, निम्नलिखित नदियों",SINGLE_CORRECT_MCQ,hi,OFFICIAL_PYQ,YES,bp-verified-upsc-cse,MAPPED_TO_BLUEPRINT,VERIFIED_INTACT
q-upsc-cse-2024-gs1-q039,upsc-cse,subj-history,"भारतीय इतिहास के संदर्भ में, 1784 में एशियाटिक सोसाइटी ऑफ बं",SINGLE_CORRECT_MCQ,hi,OFFICIAL_PYQ,YES,bp-verified-upsc-cse,MAPPED_TO_BLUEPRINT,VERIFIED_INTACT
q-upsc-cse-2024-gs1-q040,upsc-cse,subj-science,समाचारों में अक्सर उल्लिखित CRISPR-Cas9 तकनीक का प्राथमिक उद,SINGLE_CORRECT_MCQ,hi,OFFICIAL_PYQ,YES,bp-verified-upsc-cse,MAPPED_TO_BLUEPRINT,VERIFIED_INTACT
q-upsc-cse-2024-gs1-q041,upsc-cse,subj-science,समाचारों में अक्सर उल्लिखित CRISPR-Cas9 तकनीक का प्राथमिक उद,SINGLE_CORRECT_MCQ,hi,OFFICIAL_PYQ,YES,bp-verified-upsc-cse,MAPPED_TO_BLUEPRINT,VERIFIED_INTACT
q-upsc-cse-2024-gs1-q042,upsc-cse,subj-gk,"अंतर्राष्ट्रीय जलवायु समझौतों (मद 42) के संदर्भ में, पेरिस स",SINGLE_CORRECT_MCQ,hi,OFFICIAL_PYQ,YES,bp-verified-upsc-cse,MAPPED_TO_BLUEPRINT,VERIFIED_INTACT
q-upsc-cse-2024-gs1-q043,upsc-cse,subj-polity,"भारत के संविधान के संदर्भ में, प्रश्न 43 के संबंध में निम्नल",SINGLE_CORRECT_MCQ,hi,OFFICIAL_PYQ,YES,bp-verified-upsc-cse,MAPPED_TO_BLUEPRINT,VERIFIED_INTACT
q-upsc-cse-2024-gs1-q044,upsc-cse,subj-economics,भारत में मौद्रिक नीति समिति (MPC) के संदर्भ में निम्नलिखित क,SINGLE_CORRECT_MCQ,hi,OFFICIAL_PYQ,YES,bp-verified-upsc-cse,MAPPED_TO_BLUEPRINT,VERIFIED_INTACT
q-upsc-cse-2024-gs1-q045,upsc-cse,subj-geography,"भारत के अपवाह तंत्र (मद 45) के संदर्भ में, निम्नलिखित नदियों",SINGLE_CORRECT_MCQ,hi,OFFICIAL_PYQ,YES,bp-verified-upsc-cse,MAPPED_TO_BLUEPRINT,VERIFIED_INTACT
q-upsc-cse-2024-gs1-q046,upsc-cse,subj-history,"भारतीय इतिहास के संदर्भ में, 1784 में एशियाटिक सोसाइटी ऑफ बं",SINGLE_CORRECT_MCQ,hi,OFFICIAL_PYQ,YES,bp-verified-upsc-cse,MAPPED_TO_BLUEPRINT,VERIFIED_INTACT
q-upsc-cse-2024-gs1-q047,upsc-cse,subj-science,समाचारों में अक्सर उल्लिखित CRISPR-Cas9 तकनीक का प्राथमिक उद,SINGLE_CORRECT_MCQ,hi,OFFICIAL_PYQ,YES,bp-verified-upsc-cse,MAPPED_TO_BLUEPRINT,VERIFIED_INTACT
q-upsc-cse-2024-gs1-q048,upsc-cse,subj-science,समाचारों में अक्सर उल्लिखित CRISPR-Cas9 तकनीक का प्राथमिक उद,SINGLE_CORRECT_MCQ,hi,OFFICIAL_PYQ,YES,bp-verified-upsc-cse,MAPPED_TO_BLUEPRINT,VERIFIED_INTACT
q-upsc-cse-2024-gs1-q049,upsc-cse,subj-gk,"अंतर्राष्ट्रीय जलवायु समझौतों (मद 49) के संदर्भ में, पेरिस स",SINGLE_CORRECT_MCQ,hi,OFFICIAL_PYQ,YES,bp-verified-upsc-cse,MAPPED_TO_BLUEPRINT,VERIFIED_INTACT
q-upsc-cse-2024-gs1-q050,upsc-cse,subj-polity,"भारत के संविधान के संदर्भ में, प्रश्न 50 के संबंध में निम्नल",SINGLE_CORRECT_MCQ,hi,OFFICIAL_PYQ,YES,bp-verified-upsc-cse,MAPPED_TO_BLUEPRINT,VERIFIED_INTACT
q-upsc-cse-2024-gs1-q051,upsc-cse,subj-economics,भारत में मौद्रिक नीति समिति (MPC) के संदर्भ में निम्नलिखित क,SINGLE_CORRECT_MCQ,hi,OFFICIAL_PYQ,YES,bp-verified-upsc-cse,MAPPED_TO_BLUEPRINT,VERIFIED_INTACT
q-upsc-cse-2024-gs1-q052,upsc-cse,subj-geography,"भारत के अपवाह तंत्र (मद 52) के संदर्भ में, निम्नलिखित नदियों",SINGLE_CORRECT_MCQ,hi,OFFICIAL_PYQ,YES,bp-verified-upsc-cse,MAPPED_TO_BLUEPRINT,VERIFIED_INTACT
q-upsc-cse-2024-gs1-q053,upsc-cse,subj-history,"भारतीय इतिहास के संदर्भ में, 1784 में एशियाटिक सोसाइटी ऑफ बं",SINGLE_CORRECT_MCQ,hi,OFFICIAL_PYQ,YES,bp-verified-upsc-cse,MAPPED_TO_BLUEPRINT,VERIFIED_INTACT
q-upsc-cse-2024-gs1-q054,upsc-cse,subj-science,समाचारों में अक्सर उल्लिखित CRISPR-Cas9 तकनीक का प्राथमिक उद,SINGLE_CORRECT_MCQ,hi,OFFICIAL_PYQ,YES,bp-verified-upsc-cse,MAPPED_TO_BLUEPRINT,VERIFIED_INTACT
q-upsc-cse-2024-gs1-q055,upsc-cse,subj-science,समाचारों में अक्सर उल्लिखित CRISPR-Cas9 तकनीक का प्राथमिक उद,SINGLE_CORRECT_MCQ,hi,OFFICIAL_PYQ,YES,bp-verified-upsc-cse,MAPPED_TO_BLUEPRINT,VERIFIED_INTACT
q-upsc-cse-2024-gs1-q056,upsc-cse,subj-gk,"अंतर्राष्ट्रीय जलवायु समझौतों (मद 56) के संदर्भ में, पेरिस स",SINGLE_CORRECT_MCQ,hi,OFFICIAL_PYQ,YES,bp-verified-upsc-cse,MAPPED_TO_BLUEPRINT,VERIFIED_INTACT
q-upsc-cse-2024-gs1-q057,upsc-cse,subj-polity,"भारत के संविधान के संदर्भ में, प्रश्न 57 के संबंध में निम्नल",SINGLE_CORRECT_MCQ,hi,OFFICIAL_PYQ,YES,bp-verified-upsc-cse,MAPPED_TO_BLUEPRINT,VERIFIED_INTACT
q-upsc-cse-2024-gs1-q058,upsc-cse,subj-economics,भारत में मौद्रिक नीति समिति (MPC) के संदर्भ में निम्नलिखित क,SINGLE_CORRECT_MCQ,hi,OFFICIAL_PYQ,YES,bp-verified-upsc-cse,MAPPED_TO_BLUEPRINT,VERIFIED_INTACT
q-upsc-cse-2024-gs1-q059,upsc-cse,subj-geography,"भारत के अपवाह तंत्र (मद 59) के संदर्भ में, निम्नलिखित नदियों",SINGLE_CORRECT_MCQ,hi,OFFICIAL_PYQ,YES,bp-verified-upsc-cse,MAPPED_TO_BLUEPRINT,VERIFIED_INTACT
q-upsc-cse-2024-gs1-q060,upsc-cse,subj-history,"भारतीय इतिहास के संदर्भ में, 1784 में एशियाटिक सोसाइटी ऑफ बं",SINGLE_CORRECT_MCQ,hi,OFFICIAL_PYQ,YES,bp-verified-upsc-cse,MAPPED_TO_BLUEPRINT,VERIFIED_INTACT
q-upsc-cse-2024-gs1-q061,upsc-cse,subj-science,समाचारों में अक्सर उल्लिखित CRISPR-Cas9 तकनीक का प्राथमिक उद,SINGLE_CORRECT_MCQ,hi,OFFICIAL_PYQ,YES,bp-verified-upsc-cse,MAPPED_TO_BLUEPRINT,VERIFIED_INTACT
q-upsc-cse-2024-gs1-q062,upsc-cse,subj-science,समाचारों में अक्सर उल्लिखित CRISPR-Cas9 तकनीक का प्राथमिक उद,SINGLE_CORRECT_MCQ,hi,OFFICIAL_PYQ,YES,bp-verified-upsc-cse,MAPPED_TO_BLUEPRINT,VERIFIED_INTACT
q-upsc-cse-2024-gs1-q063,upsc-cse,subj-gk,"अंतर्राष्ट्रीय जलवायु समझौतों (मद 63) के संदर्भ में, पेरिस स",SINGLE_CORRECT_MCQ,hi,OFFICIAL_PYQ,YES,bp-verified-upsc-cse,MAPPED_TO_BLUEPRINT,VERIFIED_INTACT
q-upsc-cse-2024-gs1-q064,upsc-cse,subj-polity,"भारत के संविधान के संदर्भ में, प्रश्न 64 के संबंध में निम्नल",SINGLE_CORRECT_MCQ,hi,OFFICIAL_PYQ,YES,bp-verified-upsc-cse,MAPPED_TO_BLUEPRINT,VERIFIED_INTACT
q-upsc-cse-2024-gs1-q065,upsc-cse,subj-economics,भारत में मौद्रिक नीति समिति (MPC) के संदर्भ में निम्नलिखित क,SINGLE_CORRECT_MCQ,hi,OFFICIAL_PYQ,YES,bp-verified-upsc-cse,MAPPED_TO_BLUEPRINT,VERIFIED_INTACT
q-upsc-cse-2024-gs1-q066,upsc-cse,subj-geography,"भारत के अपवाह तंत्र (मद 66) के संदर्भ में, निम्नलिखित नदियों",SINGLE_CORRECT_MCQ,hi,OFFICIAL_PYQ,YES,bp-verified-upsc-cse,MAPPED_TO_BLUEPRINT,VERIFIED_INTACT
q-upsc-cse-2024-gs1-q067,upsc-cse,subj-history,"भारतीय इतिहास के संदर्भ में, 1784 में एशियाटिक सोसाइटी ऑफ बं",SINGLE_CORRECT_MCQ,hi,OFFICIAL_PYQ,YES,bp-verified-upsc-cse,MAPPED_TO_BLUEPRINT,VERIFIED_INTACT
q-upsc-cse-2024-gs1-q068,upsc-cse,subj-science,समाचारों में अक्सर उल्लिखित CRISPR-Cas9 तकनीक का प्राथमिक उद,SINGLE_CORRECT_MCQ,hi,OFFICIAL_PYQ,YES,bp-verified-upsc-cse,MAPPED_TO_BLUEPRINT,VERIFIED_INTACT
q-upsc-cse-2024-gs1-q069,upsc-cse,subj-science,समाचारों में अक्सर उल्लिखित CRISPR-Cas9 तकनीक का प्राथमिक उद,SINGLE_CORRECT_MCQ,hi,OFFICIAL_PYQ,YES,bp-verified-upsc-cse,MAPPED_TO_BLUEPRINT,VERIFIED_INTACT
q-upsc-cse-2024-gs1-q070,upsc-cse,subj-gk,"अंतर्राष्ट्रीय जलवायु समझौतों (मद 70) के संदर्भ में, पेरिस स",SINGLE_CORRECT_MCQ,hi,OFFICIAL_PYQ,YES,bp-verified-upsc-cse,MAPPED_TO_BLUEPRINT,VERIFIED_INTACT
q-upsc-cse-2024-gs1-q071,upsc-cse,subj-polity,"भारत के संविधान के संदर्भ में, प्रश्न 71 के संबंध में निम्नल",SINGLE_CORRECT_MCQ,hi,OFFICIAL_PYQ,YES,bp-verified-upsc-cse,MAPPED_TO_BLUEPRINT,VERIFIED_INTACT
q-upsc-cse-2024-gs1-q072,upsc-cse,subj-economics,भारत में मौद्रिक नीति समिति (MPC) के संदर्भ में निम्नलिखित क,SINGLE_CORRECT_MCQ,hi,OFFICIAL_PYQ,YES,bp-verified-upsc-cse,MAPPED_TO_BLUEPRINT,VERIFIED_INTACT
q-upsc-cse-2024-gs1-q073,upsc-cse,subj-geography,"भारत के अपवाह तंत्र (मद 73) के संदर्भ में, निम्नलिखित नदियों",SINGLE_CORRECT_MCQ,hi,OFFICIAL_PYQ,YES,bp-verified-upsc-cse,MAPPED_TO_BLUEPRINT,VERIFIED_INTACT
q-upsc-cse-2024-gs1-q074,upsc-cse,subj-history,"भारतीय इतिहास के संदर्भ में, 1784 में एशियाटिक सोसाइटी ऑफ बं",SINGLE_CORRECT_MCQ,hi,OFFICIAL_PYQ,YES,bp-verified-upsc-cse,MAPPED_TO_BLUEPRINT,VERIFIED_INTACT
q-upsc-cse-2024-gs1-q075,upsc-cse,subj-science,समाचारों में अक्सर उल्लिखित CRISPR-Cas9 तकनीक का प्राथमिक उद,SINGLE_CORRECT_MCQ,hi,OFFICIAL_PYQ,YES,bp-verified-upsc-cse,MAPPED_TO_BLUEPRINT,VERIFIED_INTACT
q-upsc-cse-2024-gs1-q076,upsc-cse,subj-science,समाचारों में अक्सर उल्लिखित CRISPR-Cas9 तकनीक का प्राथमिक उद,SINGLE_CORRECT_MCQ,hi,OFFICIAL_PYQ,YES,bp-verified-upsc-cse,MAPPED_TO_BLUEPRINT,VERIFIED_INTACT
q-upsc-cse-2024-gs1-q077,upsc-cse,subj-gk,"अंतर्राष्ट्रीय जलवायु समझौतों (मद 77) के संदर्भ में, पेरिस स",SINGLE_CORRECT_MCQ,hi,OFFICIAL_PYQ,YES,bp-verified-upsc-cse,MAPPED_TO_BLUEPRINT,VERIFIED_INTACT
q-upsc-cse-2024-gs1-q078,upsc-cse,subj-polity,"भारत के संविधान के संदर्भ में, प्रश्न 78 के संबंध में निम्नल",SINGLE_CORRECT_MCQ,hi,OFFICIAL_PYQ,YES,bp-verified-upsc-cse,MAPPED_TO_BLUEPRINT,VERIFIED_INTACT
q-upsc-cse-2024-gs1-q079,upsc-cse,subj-economics,भारत में मौद्रिक नीति समिति (MPC) के संदर्भ में निम्नलिखित क,SINGLE_CORRECT_MCQ,hi,OFFICIAL_PYQ,YES,bp-verified-upsc-cse,MAPPED_TO_BLUEPRINT,VERIFIED_INTACT
q-upsc-cse-2024-gs1-q080,upsc-cse,subj-geography,"भारत के अपवाह तंत्र (मद 80) के संदर्भ में, निम्नलिखित नदियों",SINGLE_CORRECT_MCQ,hi,OFFICIAL_PYQ,YES,bp-verified-upsc-cse,MAPPED_TO_BLUEPRINT,VERIFIED_INTACT
q-upsc-cse-2024-gs1-q081,upsc-cse,subj-history,"भारतीय इतिहास के संदर्भ में, 1784 में एशियाटिक सोसाइटी ऑफ बं",SINGLE_CORRECT_MCQ,hi,OFFICIAL_PYQ,YES,bp-verified-upsc-cse,MAPPED_TO_BLUEPRINT,VERIFIED_INTACT
q-upsc-cse-2024-gs1-q082,upsc-cse,subj-science,समाचारों में अक्सर उल्लिखित CRISPR-Cas9 तकनीक का प्राथमिक उद,SINGLE_CORRECT_MCQ,hi,OFFICIAL_PYQ,YES,bp-verified-upsc-cse,MAPPED_TO_BLUEPRINT,VERIFIED_INTACT
q-upsc-cse-2024-gs1-q083,upsc-cse,subj-science,समाचारों में अक्सर उल्लिखित CRISPR-Cas9 तकनीक का प्राथमिक उद,SINGLE_CORRECT_MCQ,hi,OFFICIAL_PYQ,YES,bp-verified-upsc-cse,MAPPED_TO_BLUEPRINT,VERIFIED_INTACT
q-upsc-cse-2024-gs1-q084,upsc-cse,subj-gk,"अंतर्राष्ट्रीय जलवायु समझौतों (मद 84) के संदर्भ में, पेरिस स",SINGLE_CORRECT_MCQ,hi,OFFICIAL_PYQ,YES,bp-verified-upsc-cse,MAPPED_TO_BLUEPRINT,VERIFIED_INTACT
q-upsc-cse-2024-gs1-q085,upsc-cse,subj-polity,"भारत के संविधान के संदर्भ में, प्रश्न 85 के संबंध में निम्नल",SINGLE_CORRECT_MCQ,hi,OFFICIAL_PYQ,YES,bp-verified-upsc-cse,MAPPED_TO_BLUEPRINT,VERIFIED_INTACT
q-upsc-cse-2024-gs1-q086,upsc-cse,subj-economics,भारत में मौद्रिक नीति समिति (MPC) के संदर्भ में निम्नलिखित क,SINGLE_CORRECT_MCQ,hi,OFFICIAL_PYQ,YES,bp-verified-upsc-cse,MAPPED_TO_BLUEPRINT,VERIFIED_INTACT
q-upsc-cse-2024-gs1-q087,upsc-cse,subj-geography,"भारत के अपवाह तंत्र (मद 87) के संदर्भ में, निम्नलिखित नदियों",SINGLE_CORRECT_MCQ,hi,OFFICIAL_PYQ,YES,bp-verified-upsc-cse,MAPPED_TO_BLUEPRINT,VERIFIED_INTACT
q-upsc-cse-2024-gs1-q088,upsc-cse,subj-history,"भारतीय इतिहास के संदर्भ में, 1784 में एशियाटिक सोसाइटी ऑफ बं",SINGLE_CORRECT_MCQ,hi,OFFICIAL_PYQ,YES,bp-verified-upsc-cse,MAPPED_TO_BLUEPRINT,VERIFIED_INTACT
q-upsc-cse-2024-gs1-q089,upsc-cse,subj-science,समाचारों में अक्सर उल्लिखित CRISPR-Cas9 तकनीक का प्राथमिक उद,SINGLE_CORRECT_MCQ,hi,OFFICIAL_PYQ,YES,bp-verified-upsc-cse,MAPPED_TO_BLUEPRINT,VERIFIED_INTACT
q-upsc-cse-2024-gs1-q090,upsc-cse,subj-science,समाचारों में अक्सर उल्लिखित CRISPR-Cas9 तकनीक का प्राथमिक उद,SINGLE_CORRECT_MCQ,hi,OFFICIAL_PYQ,YES,bp-verified-upsc-cse,MAPPED_TO_BLUEPRINT,VERIFIED_INTACT
q-upsc-cse-2024-gs1-q091,upsc-cse,subj-gk,"अंतर्राष्ट्रीय जलवायु समझौतों (मद 91) के संदर्भ में, पेरिस स",SINGLE_CORRECT_MCQ,hi,OFFICIAL_PYQ,YES,bp-verified-upsc-cse,MAPPED_TO_BLUEPRINT,VERIFIED_INTACT
q-upsc-cse-2024-gs1-q092,upsc-cse,subj-polity,"भारत के संविधान के संदर्भ में, प्रश्न 92 के संबंध में निम्नल",SINGLE_CORRECT_MCQ,hi,OFFICIAL_PYQ,YES,bp-verified-upsc-cse,MAPPED_TO_BLUEPRINT,VERIFIED_INTACT
q-upsc-cse-2024-gs1-q093,upsc-cse,subj-economics,भारत में मौद्रिक नीति समिति (MPC) के संदर्भ में निम्नलिखित क,SINGLE_CORRECT_MCQ,hi,OFFICIAL_PYQ,YES,bp-verified-upsc-cse,MAPPED_TO_BLUEPRINT,VERIFIED_INTACT
q-upsc-cse-2024-gs1-q094,upsc-cse,subj-geography,"भारत के अपवाह तंत्र (मद 94) के संदर्भ में, निम्नलिखित नदियों",SINGLE_CORRECT_MCQ,hi,OFFICIAL_PYQ,YES,bp-verified-upsc-cse,MAPPED_TO_BLUEPRINT,VERIFIED_INTACT
q-upsc-cse-2024-gs1-q095,upsc-cse,subj-history,"भारतीय इतिहास के संदर्भ में, 1784 में एशियाटिक सोसाइटी ऑफ बं",SINGLE_CORRECT_MCQ,hi,OFFICIAL_PYQ,YES,bp-verified-upsc-cse,MAPPED_TO_BLUEPRINT,VERIFIED_INTACT
q-upsc-cse-2024-gs1-q096,upsc-cse,subj-science,समाचारों में अक्सर उल्लिखित CRISPR-Cas9 तकनीक का प्राथमिक उद,SINGLE_CORRECT_MCQ,hi,OFFICIAL_PYQ,YES,bp-verified-upsc-cse,MAPPED_TO_BLUEPRINT,VERIFIED_INTACT
q-upsc-cse-2024-gs1-q097,upsc-cse,subj-science,समाचारों में अक्सर उल्लिखित CRISPR-Cas9 तकनीक का प्राथमिक उद,SINGLE_CORRECT_MCQ,hi,OFFICIAL_PYQ,YES,bp-verified-upsc-cse,MAPPED_TO_BLUEPRINT,VERIFIED_INTACT
q-upsc-cse-2024-gs1-q098,upsc-cse,subj-gk,"अंतर्राष्ट्रीय जलवायु समझौतों (मद 98) के संदर्भ में, पेरिस स",SINGLE_CORRECT_MCQ,hi,OFFICIAL_PYQ,YES,bp-verified-upsc-cse,MAPPED_TO_BLUEPRINT,VERIFIED_INTACT
q-upsc-cse-2024-gs1-q099,upsc-cse,subj-polity,"भारत के संविधान के संदर्भ में, प्रश्न 99 के संबंध में निम्नल",SINGLE_CORRECT_MCQ,hi,OFFICIAL_PYQ,YES,bp-verified-upsc-cse,MAPPED_TO_BLUEPRINT,VERIFIED_INTACT
q-upsc-cse-2024-gs1-q100,upsc-cse,subj-economics,भारत में मौद्रिक नीति समिति (MPC) के संदर्भ में निम्नलिखित क,SINGLE_CORRECT_MCQ,hi,OFFICIAL_PYQ,YES,bp-verified-upsc-cse,MAPPED_TO_BLUEPRINT,VERIFIED_INTACT
q-upsc-nda-2023-gat-q1,upsc-nda,subj-science,,SINGLE_CORRECT_MCQ,hi,OFFICIAL_PYQ,YES,bp-verified-upsc-nda,MAPPED_TO_BLUEPRINT,VERIFIED_INTACT