question_id,board_id,exam_id,stage,stream,subject,language,paper,exam_version,provenance,question_type,full_exam_eligible,source,created_phase,historical_status,category
q-p17g-tsbie-bieap-subj-chemistry-Class12-0001,tsbie-bieap,tsbie-bieap,Class 12,science,subj-chemistry,en,none,ver-tsbie-bieap-2026,HUMAN_CURATED,single_mcq,0,HUMAN_CURATED,PHASE_17,ACTIVE,BOARD_MAPPING_OMISSION
q-p17g-tsbie-bieap-subj-chemistry-Class12-0002,tsbie-bieap,tsbie-bieap,Class 12,science,subj-chemistry,en,none,ver-tsbie-bieap-2026,HUMAN_CURATED,single_mcq,0,HUMAN_CURATED,PHASE_17,ACTIVE,BOARD_MAPPING_OMISSION
q-p17g-tsbie-bieap-subj-chemistry-Class12-0003,tsbie-bieap,tsbie-bieap,Class 12,science,subj-chemistry,en,none,ver-tsbie-bieap-2026,HUMAN_CURATED,single_mcq,0,HUMAN_CURATED,PHASE_17,ACTIVE,BOARD_MAPPING_OMISSION
q-p17g-tsbie-bieap-subj-chemistry-Class12-0004,tsbie-bieap,tsbie-bieap,Class 12,science,subj-chemistry,en,none,ver-tsbie-bieap-2026,HUMAN_CURATED,single_mcq,0,HUMAN_CURATED,PHASE_17,ACTIVE,BOARD_MAPPING_OMISSION
q-p17g-tsbie-bieap-subj-chemistry-Class12-0005,tsbie-bieap,tsbie-bieap,Class 12,science,subj-chemistry,en,none,ver-tsbie-bieap-2026,HUMAN_CURATED,short_answer,0,HUMAN_CURATED,PHASE_17,ACTIVE,BOARD_MAPPING_OMISSION
q-p17g-tsbie-bieap-subj-chemistry-Class12-0006,tsbie-bieap,tsbie-bieap,Class 12,science,subj-chemistry,en,none,ver-tsbie-bieap-2026,HUMAN_CURATED,single_mcq,0,HUMAN_CURATED,PHASE_17,ACTIVE,BOARD_MAPPING_OMISSION
q-p17g-tsbie-bieap-subj-chemistry-Class12-0007,tsbie-bieap,tsbie-bieap,Class 12,science,subj-chemistry,en,none,ver-tsbie-bieap-2026,HUMAN_CURATED,single_mcq,0,HUMAN_CURATED,PHASE_17,ACTIVE,BOARD_MAPPING_OMISSION
q-p17g-tsbie-bieap-subj-chemistry-Class12-0008,tsbie-bieap,tsbie-bieap,Class 12,science,subj-chemistry,en,none,ver-tsbie-bieap-2026,HUMAN_CURATED,assertion_reason,0,HUMAN_CURATED,PHASE_17,ACTIVE,BOARD_MAPPING_OMISSION
q-p17g-tsbie-bieap-subj-chemistry-Class12-0009,tsbie-bieap,tsbie-bieap,Class 12,science,subj-chemistry,en,none,ver-tsbie-bieap-2026,HUMAN_CURATED,single_mcq,0,HUMAN_CURATED,PHASE_17,ACTIVE,BOARD_MAPPING_OMISSION
q-p17g-tsbie-bieap-subj-chemistry-Class12-0010,tsbie-bieap,tsbie-bieap,Class 12,science,subj-chemistry,en,none,ver-tsbie-bieap-2026,HUMAN_CURATED,long_answer,0,HUMAN_CURATED,PHASE_17,ACTIVE,BOARD_MAPPING_OMISSION
q-p17g-tsbie-bieap-subj-chemistry-Class12-0011,tsbie-bieap,tsbie-bieap,Class 12,science,subj-chemistry,en,none,ver-tsbie-bieap-2026,HUMAN_CURATED,single_mcq,0,HUMAN_CURATED,PHASE_17,ACTIVE,BOARD_MAPPING_OMISSION
q-p17g-tsbie-bieap-subj-chemistry-Class12-0012,tsbie-bieap,tsbie-bieap,Class 12,science,subj-chemistry,en,none,ver-tsbie-bieap-2026,HUMAN_CURATED,assertion_reason,0,HUMAN_CURATED,PHASE_17,ACTIVE,BOARD_MAPPING_OMISSION
q-p17g-tsbie-bieap-subj-chemistry-Class12-0013,tsbie-bieap,tsbie-bieap,Class 12,science,subj-chemistry,en,none,ver-tsbie-bieap-2026,HUMAN_CURATED,single_mcq,0,HUMAN_CURATED,PHASE_17,ACTIVE,BOARD_MAPPING_OMISSION
q-p17g-tsbie-bieap-subj-chemistry-Class12-0014,tsbie-bieap,tsbie-bieap,Class 12,science,subj-chemistry,en,none,ver-tsbie-bieap-2026,HUMAN_CURATED,single_mcq,0,HUMAN_CURATED,PHASE_17,ACTIVE,BOARD_MAPPING_OMISSION
q-p17g-tsbie-bieap-subj-chemistry-Class12-0015,tsbie-bieap,tsbie-bieap,Class 12,science,subj-chemistry,en,none,ver-tsbie-bieap-2026,HUMAN_CURATED,case_study,0,HUMAN_CURATED,PHASE_17,ACTIVE,BOARD_MAPPING_OMISSION
q-p17g-tsbie-bieap-subj-chemistry-Class12-0016,tsbie-bieap,tsbie-bieap,Class 12,science,subj-chemistry,en,none,ver-tsbie-bieap-2026,HUMAN_CURATED,assertion_reason,0,HUMAN_CURATED,PHASE_17,ACTIVE,BOARD_MAPPING_OMISSION
q-p17g-tsbie-bieap-subj-chemistry-Class12-0017,tsbie-bieap,tsbie-bieap,Class 12,science,subj-chemistry,en,none,ver-tsbie-bieap-2026,HUMAN_CURATED,single_mcq,0,HUMAN_CURATED,PHASE_17,ACTIVE,BOARD_MAPPING_OMISSION
q-p17g-tsbie-bieap-subj-chemistry-Class12-0018,tsbie-bieap,tsbie-bieap,Class 12,science,subj-chemistry,en,none,ver-tsbie-bieap-2026,HUMAN_CURATED,single_mcq,0,HUMAN_CURATED,PHASE_17,ACTIVE,BOARD_MAPPING_OMISSION
q-p17g-tsbie-bieap-subj-chemistry-Class12-0019,tsbie-bieap,tsbie-bieap,Class 12,science,subj-chemistry,en,none,ver-tsbie-bieap-2026,HUMAN_CURATED,single_mcq,0,HUMAN_CURATED,PHASE_17,ACTIVE,BOARD_MAPPING_OMISSION
q-p17g-tsbie-bieap-subj-chemistry-Class12-0020,tsbie-bieap,tsbie-bieap,Class 12,science,subj-chemistry,en,none,ver-tsbie-bieap-2026,HUMAN_CURATED,long_answer,0,HUMAN_CURATED,PHASE_17,ACTIVE,BOARD_MAPPING_OMISSION
q-p17g-tsbie-bieap-subj-chemistry-Class12-0021,tsbie-bieap,tsbie-bieap,Class 12,science,subj-chemistry,en,none,ver-tsbie-bieap-2026,HUMAN_CURATED,single_mcq,0,HUMAN_CURATED,PHASE_17,ACTIVE,BOARD_MAPPING_OMISSION
q-p17g-tsbie-bieap-subj-chemistry-Class12-0022,tsbie-bieap,tsbie-bieap,Class 12,science,subj-chemistry,en,none,ver-tsbie-bieap-2026,HUMAN_CURATED,single_mcq,0,HUMAN_CURATED,PHASE_17,ACTIVE,BOARD_MAPPING_OMISSION
q-p17g-tsbie-bieap-subj-chemistry-Class12-0023,tsbie-bieap,tsbie-bieap,Class 12,science,subj-chemistry,en,none,ver-tsbie-bieap-2026,HUMAN_CURATED,single_mcq,0,HUMAN_CURATED,PHASE_17,ACTIVE,BOARD_MAPPING_OMISSION
q-p17g-tsbie-bieap-subj-chemistry-Class12-0024,tsbie-bieap,tsbie-bieap,Class 12,science,subj-chemistry,en,none,ver-tsbie-bieap-2026,HUMAN_CURATED,assertion_reason,0,HUMAN_CURATED,PHASE_17,ACTIVE,BOARD_MAPPING_OMISSION
q-p17g-tsbie-bieap-subj-chemistry-Class12-0025,tsbie-bieap,tsbie-bieap,Class 12,science,subj-chemistry,en,none,ver-tsbie-bieap-2026,HUMAN_CURATED,short_answer,0,HUMAN_CURATED,PHASE_17,ACTIVE,BOARD_MAPPING_OMISSION
q-p17g-tsbie-bieap-subj-chemistry-Class12-0026,tsbie-bieap,tsbie-bieap,Class 12,science,subj-chemistry,en,none,ver-tsbie-bieap-2026,HUMAN_CURATED,single_mcq,0,HUMAN_CURATED,PHASE_17,ACTIVE,BOARD_MAPPING_OMISSION
q-p17g-tsbie-bieap-subj-chemistry-Class12-0027,tsbie-bieap,tsbie-bieap,Class 12,science,subj-chemistry,en,none,ver-tsbie-bieap-2026,HUMAN_CURATED,single_mcq,0,HUMAN_CURATED,PHASE_17,ACTIVE,BOARD_MAPPING_OMISSION
q-p17g-tsbie-bieap-subj-chemistry-Class12-0028,tsbie-bieap,tsbie-bieap,Class 12,science,subj-chemistry,en,none,ver-tsbie-bieap-2026,HUMAN_CURATED,single_mcq,0,HUMAN_CURATED,PHASE_17,ACTIVE,BOARD_MAPPING_OMISSION
q-p17g-tsbie-bieap-subj-chemistry-Class12-0029,tsbie-bieap,tsbie-bieap,Class 12,science,subj-chemistry,en,none,ver-tsbie-bieap-2026,HUMAN_CURATED,single_mcq,0,HUMAN_CURATED,PHASE_17,ACTIVE,BOARD_MAPPING_OMISSION
q-p17g-tsbie-bieap-subj-chemistry-Class12-0030,tsbie-bieap,tsbie-bieap,Class 12,science,subj-chemistry,en,none,ver-tsbie-bieap-2026,HUMAN_CURATED,long_answer,0,HUMAN_CURATED,PHASE_17,ACTIVE,BOARD_MAPPING_OMISSION
q-p17g-tsbie-bieap-subj-chemistry-Class12-0031,tsbie-bieap,tsbie-bieap,Class 12,science,subj-chemistry,en,none,ver-tsbie-bieap-2026,HUMAN_CURATED,single_mcq,0,HUMAN_CURATED,PHASE_17,ACTIVE,BOARD_MAPPING_OMISSION
q-p17g-tsbie-bieap-subj-chemistry-Class12-0032,tsbie-bieap,tsbie-bieap,Class 12,science,subj-chemistry,en,none,ver-tsbie-bieap-2026,HUMAN_CURATED,assertion_reason,0,HUMAN_CURATED,PHASE_17,ACTIVE,BOARD_MAPPING_OMISSION
q-p17g-tsbie-bieap-subj-chemistry-Class12-0033,tsbie-bieap,tsbie-bieap,Class 12,science,subj-chemistry,en,none,ver-tsbie-bieap-2026,HUMAN_CURATED,single_mcq,0,HUMAN_CURATED,PHASE_17,ACTIVE,BOARD_MAPPING_OMISSION
q-p17g-tsbie-bieap-subj-chemistry-Class12-0034,tsbie-bieap,tsbie-bieap,Class 12,science,subj-chemistry,en,none,ver-tsbie-bieap-2026,HUMAN_CURATED,single_mcq,0,HUMAN_CURATED,PHASE_17,ACTIVE,BOARD_MAPPING_OMISSION
q-p17g-tsbie-bieap-subj-chemistry-Class12-0035,tsbie-bieap,tsbie-bieap,Class 12,science,subj-chemistry,en,none,ver-tsbie-bieap-2026,HUMAN_CURATED,short_answer,0,HUMAN_CURATED,PHASE_17,ACTIVE,BOARD_MAPPING_OMISSION
q-p17g-tsbie-bieap-subj-chemistry-Class12-0036,tsbie-bieap,tsbie-bieap,Class 12,science,subj-chemistry,en,none,ver-tsbie-bieap-2026,HUMAN_CURATED,assertion_reason,0,HUMAN_CURATED,PHASE_17,ACTIVE,BOARD_MAPPING_OMISSION
q-p17g-tsbie-bieap-subj-chemistry-Class12-0037,tsbie-bieap,tsbie-bieap,Class 12,science,subj-chemistry,en,none,ver-tsbie-bieap-2026,HUMAN_CURATED,single_mcq,0,HUMAN_CURATED,PHASE_17,ACTIVE,BOARD_MAPPING_OMISSION
q-p17g-tsbie-bieap-subj-chemistry-Class12-0038,tsbie-bieap,tsbie-bieap,Class 12,science,subj-chemistry,en,none,ver-tsbie-bieap-2026,HUMAN_CURATED,single_mcq,0,HUMAN_CURATED,PHASE_17,ACTIVE,BOARD_MAPPING_OMISSION
q-p17g-tsbie-bieap-subj-chemistry-Class12-0039,tsbie-bieap,tsbie-bieap,Class 12,science,subj-chemistry,en,none,ver-tsbie-bieap-2026,HUMAN_CURATED,single_mcq,0,HUMAN_CURATED,PHASE_17,ACTIVE,BOARD_MAPPING_OMISSION
q-p17g-tsbie-bieap-subj-chemistry-Class12-0040,tsbie-bieap,tsbie-bieap,Class 12,science,subj-chemistry,en,none,ver-tsbie-bieap-2026,HUMAN_CURATED,long_answer,0,HUMAN_CURATED,PHASE_17,ACTIVE,BOARD_MAPPING_OMISSION
q-p17g-tsbie-bieap-subj-chemistry-Class12-0041,tsbie-bieap,tsbie-bieap,Class 12,science,subj-chemistry,en,none,ver-tsbie-bieap-2026,HUMAN_CURATED,single_mcq,0,HUMAN_CURATED,PHASE_17,ACTIVE,BOARD_MAPPING_OMISSION
q-p17g-tsbie-bieap-subj-chemistry-Class12-0042,tsbie-bieap,tsbie-bieap,Class 12,science,subj-chemistry,en,none,ver-tsbie-bieap-2026,HUMAN_CURATED,single_mcq,0,HUMAN_CURATED,PHASE_17,ACTIVE,BOARD_MAPPING_OMISSION
q-p17g-tsbie-bieap-subj-chemistry-Class12-0043,tsbie-bieap,tsbie-bieap,Class 12,science,subj-chemistry,en,none,ver-tsbie-bieap-2026,HUMAN_CURATED,single_mcq,0,HUMAN_CURATED,PHASE_17,ACTIVE,BOARD_MAPPING_OMISSION
q-p17g-tsbie-bieap-subj-chemistry-Class12-0044,tsbie-bieap,tsbie-bieap,Class 12,science,subj-chemistry,en,none,ver-tsbie-bieap-2026,HUMAN_CURATED,single_mcq,0,HUMAN_CURATED,PHASE_17,ACTIVE,BOARD_MAPPING_OMISSION
q-p17g-tsbie-bieap-subj-chemistry-Class12-0045,tsbie-bieap,tsbie-bieap,Class 12,science,subj-chemistry,en,none,ver-tsbie-bieap-2026,HUMAN_CURATED,case_study,0,HUMAN_CURATED,PHASE_17,ACTIVE,BOARD_MAPPING_OMISSION
q-p17g-tsbie-bieap-subj-chemistry-Class12-0046,tsbie-bieap,tsbie-bieap,Class 12,science,subj-chemistry,en,none,ver-tsbie-bieap-2026,HUMAN_CURATED,single_mcq,0,HUMAN_CURATED,PHASE_17,ACTIVE,BOARD_MAPPING_OMISSION
q-p17g-tsbie-bieap-subj-chemistry-Class12-0047,tsbie-bieap,tsbie-bieap,Class 12,science,subj-chemistry,en,none,ver-tsbie-bieap-2026,HUMAN_CURATED,single_mcq,0,HUMAN_CURATED,PHASE_17,ACTIVE,BOARD_MAPPING_OMISSION
q-p17g-tsbie-bieap-subj-chemistry-Class12-0048,tsbie-bieap,tsbie-bieap,Class 12,science,subj-chemistry,en,none,ver-tsbie-bieap-2026,HUMAN_CURATED,assertion_reason,0,HUMAN_CURATED,PHASE_17,ACTIVE,BOARD_MAPPING_OMISSION
q-p17g-tsbie-bieap-subj-chemistry-Class12-0049,tsbie-bieap,tsbie-bieap,Class 12,science,subj-chemistry,en,none,ver-tsbie-bieap-2026,HUMAN_CURATED,single_mcq,0,HUMAN_CURATED,PHASE_17,ACTIVE,BOARD_MAPPING_OMISSION
q-p17g-tsbie-bieap-subj-chemistry-Class12-0050,tsbie-bieap,tsbie-bieap,Class 12,science,subj-chemistry,en,none,ver-tsbie-bieap-2026,HUMAN_CURATED,long_answer,0,HUMAN_CURATED,PHASE_17,ACTIVE,BOARD_MAPPING_OMISSION
q-p17g-tsbie-bieap-subj-chemistry-Class12-0051,tsbie-bieap,tsbie-bieap,Class 12,science,subj-chemistry,en,none,ver-tsbie-bieap-2026,HUMAN_CURATED,single_mcq,0,HUMAN_CURATED,PHASE_17,ACTIVE,BOARD_MAPPING_OMISSION
q-p17g-tsbie-bieap-subj-chemistry-Class12-0052,tsbie-bieap,tsbie-bieap,Class 12,science,subj-chemistry,en,none,ver-tsbie-bieap-2026,HUMAN_CURATED,single_mcq,0,HUMAN_CURATED,PHASE_17,ACTIVE,BOARD_MAPPING_OMISSION
q-p17g-tsbie-bieap-subj-chemistry-Class12-0053,tsbie-bieap,tsbie-bieap,Class 12,science,subj-chemistry,en,none,ver-tsbie-bieap-2026,HUMAN_CURATED,single_mcq,0,HUMAN_CURATED,PHASE_17,ACTIVE,BOARD_MAPPING_OMISSION
q-p17g-tsbie-bieap-subj-chemistry-Class12-0054,tsbie-bieap,tsbie-bieap,Class 12,science,subj-chemistry,en,none,ver-tsbie-bieap-2026,HUMAN_CURATED,single_mcq,0,HUMAN_CURATED,PHASE_17,ACTIVE,BOARD_MAPPING_OMISSION
q-p17g-tsbie-bieap-subj-chemistry-Class12-0055,tsbie-bieap,tsbie-bieap,Class 12,science,subj-chemistry,en,none,ver-tsbie-bieap-2026,HUMAN_CURATED,short_answer,0,HUMAN_CURATED,PHASE_17,ACTIVE,BOARD_MAPPING_OMISSION
q-p17g-tsbie-bieap-subj-chemistry-Class12-0056,tsbie-bieap,tsbie-bieap,Class 12,science,subj-chemistry,en,none,ver-tsbie-bieap-2026,HUMAN_CURATED,assertion_reason,0,HUMAN_CURATED,PHASE_17,ACTIVE,BOARD_MAPPING_OMISSION
q-p17g-tsbie-bieap-subj-chemistry-Class12-0057,tsbie-bieap,tsbie-bieap,Class 12,science,subj-chemistry,en,none,ver-tsbie-bieap-2026,HUMAN_CURATED,single_mcq,0,HUMAN_CURATED,PHASE_17,ACTIVE,BOARD_MAPPING_OMISSION
q-p17g-tsbie-bieap-subj-chemistry-Class12-0058,tsbie-bieap,tsbie-bieap,Class 12,science,subj-chemistry,en,none,ver-tsbie-bieap-2026,HUMAN_CURATED,single_mcq,0,HUMAN_CURATED,PHASE_17,ACTIVE,BOARD_MAPPING_OMISSION
q-p17g-tsbie-bieap-subj-chemistry-Class12-0059,tsbie-bieap,tsbie-bieap,Class 12,science,subj-chemistry,en,none,ver-tsbie-bieap-2026,HUMAN_CURATED,single_mcq,0,HUMAN_CURATED,PHASE_17,ACTIVE,BOARD_MAPPING_OMISSION
q-p17g-tsbie-bieap-subj-chemistry-Class12-0060,tsbie-bieap,tsbie-bieap,Class 12,science,subj-chemistry,en,none,ver-tsbie-bieap-2026,HUMAN_CURATED,long_answer,0,HUMAN_CURATED,PHASE_17,ACTIVE,BOARD_MAPPING_OMISSION
q-p17g-tsbie-bieap-subj-chemistry-Class12-0061,tsbie-bieap,tsbie-bieap,Class 12,science,subj-chemistry,en,none,ver-tsbie-bieap-2026,HUMAN_CURATED,single_mcq,0,HUMAN_CURATED,PHASE_17,ACTIVE,BOARD_MAPPING_OMISSION
q-p17g-tsbie-bieap-subj-chemistry-Class12-0062,tsbie-bieap,tsbie-bieap,Class 12,science,subj-chemistry,en,none,ver-tsbie-bieap-2026,HUMAN_CURATED,single_mcq,0,HUMAN_CURATED,PHASE_17,ACTIVE,BOARD_MAPPING_OMISSION
q-p17g-tsbie-bieap-subj-chemistry-Class12-0063,tsbie-bieap,tsbie-bieap,Class 12,science,subj-chemistry,en,none,ver-tsbie-bieap-2026,HUMAN_CURATED,single_mcq,0,HUMAN_CURATED,PHASE_17,ACTIVE,BOARD_MAPPING_OMISSION
q-p17g-tsbie-bieap-subj-chemistry-Class12-0064,tsbie-bieap,tsbie-bieap,Class 12,science,subj-chemistry,en,none,ver-tsbie-bieap-2026,HUMAN_CURATED,assertion_reason,0,HUMAN_CURATED,PHASE_17,ACTIVE,BOARD_MAPPING_OMISSION
q-p17g-tsbie-bieap-subj-chemistry-Class12-0065,tsbie-bieap,tsbie-bieap,Class 12,science,subj-chemistry,en,none,ver-tsbie-bieap-2026,HUMAN_CURATED,short_answer,0,HUMAN_CURATED,PHASE_17,ACTIVE,BOARD_MAPPING_OMISSION
q-p17g-tsbie-bieap-subj-chemistry-Class12-0066,tsbie-bieap,tsbie-bieap,Class 12,science,subj-chemistry,en,none,ver-tsbie-bieap-2026,HUMAN_CURATED,single_mcq,0,HUMAN_CURATED,PHASE_17,ACTIVE,BOARD_MAPPING_OMISSION
q-p17g-tsbie-bieap-subj-chemistry-Class12-0067,tsbie-bieap,tsbie-bieap,Class 12,science,subj-chemistry,en,none,ver-tsbie-bieap-2026,HUMAN_CURATED,single_mcq,0,HUMAN_CURATED,PHASE_17,ACTIVE,BOARD_MAPPING_OMISSION
q-p17g-tsbie-bieap-subj-chemistry-Class12-0068,tsbie-bieap,tsbie-bieap,Class 12,science,subj-chemistry,en,none,ver-tsbie-bieap-2026,HUMAN_CURATED,single_mcq,0,HUMAN_CURATED,PHASE_17,ACTIVE,BOARD_MAPPING_OMISSION
q-p17g-tsbie-bieap-subj-chemistry-Class12-0069,tsbie-bieap,tsbie-bieap,Class 12,science,subj-chemistry,en,none,ver-tsbie-bieap-2026,HUMAN_CURATED,single_mcq,0,HUMAN_CURATED,PHASE_17,ACTIVE,BOARD_MAPPING_OMISSION
q-p17g-tsbie-bieap-subj-chemistry-Class12-0070,tsbie-bieap,tsbie-bieap,Class 12,science,subj-chemistry,en,none,ver-tsbie-bieap-2026,HUMAN_CURATED,long_answer,0,HUMAN_CURATED,PHASE_17,ACTIVE,BOARD_MAPPING_OMISSION
q-p17g-tsbie-bieap-subj-chemistry-Class12-0071,tsbie-bieap,tsbie-bieap,Class 12,science,subj-chemistry,en,none,ver-tsbie-bieap-2026,HUMAN_CURATED,single_mcq,0,HUMAN_CURATED,PHASE_17,ACTIVE,BOARD_MAPPING_OMISSION
q-p17g-tsbie-bieap-subj-chemistry-Class12-0072,tsbie-bieap,tsbie-bieap,Class 12,science,subj-chemistry,en,none,ver-tsbie-bieap-2026,HUMAN_CURATED,assertion_reason,0,HUMAN_CURATED,PHASE_17,ACTIVE,BOARD_MAPPING_OMISSION
q-p17g-tsbie-bieap-subj-chemistry-Class12-0073,tsbie-bieap,tsbie-bieap,Class 12,science,subj-chemistry,en,none,ver-tsbie-bieap-2026,HUMAN_CURATED,single_mcq,0,HUMAN_CURATED,PHASE_17,ACTIVE,BOARD_MAPPING_OMISSION
q-p17g-tsbie-bieap-subj-chemistry-Class12-0074,tsbie-bieap,tsbie-bieap,Class 12,science,subj-chemistry,en,none,ver-tsbie-bieap-2026,HUMAN_CURATED,single_mcq,0,HUMAN_CURATED,PHASE_17,ACTIVE,BOARD_MAPPING_OMISSION
q-p17g-tsbie-bieap-subj-chemistry-Class12-0075,tsbie-bieap,tsbie-bieap,Class 12,science,subj-chemistry,en,none,ver-tsbie-bieap-2026,HUMAN_CURATED,case_study,0,HUMAN_CURATED,PHASE_17,ACTIVE,BOARD_MAPPING_OMISSION
q-p17g-tsbie-bieap-subj-chemistry-Class12-0076,tsbie-bieap,tsbie-bieap,Class 12,science,subj-chemistry,en,none,ver-tsbie-bieap-2026,HUMAN_CURATED,single_mcq,0,HUMAN_CURATED,PHASE_17,ACTIVE,BOARD_MAPPING_OMISSION
q-p17g-tsbie-bieap-subj-chemistry-Class12-0077,tsbie-bieap,tsbie-bieap,Class 12,science,subj-chemistry,en,none,ver-tsbie-bieap-2026,HUMAN_CURATED,single_mcq,0,HUMAN_CURATED,PHASE_17,ACTIVE,BOARD_MAPPING_OMISSION
q-p17g-tsbie-bieap-subj-chemistry-Class12-0078,tsbie-bieap,tsbie-bieap,Class 12,science,subj-chemistry,en,none,ver-tsbie-bieap-2026,HUMAN_CURATED,single_mcq,0,HUMAN_CURATED,PHASE_17,ACTIVE,BOARD_MAPPING_OMISSION
q-p17g-tsbie-bieap-subj-chemistry-Class12-0079,tsbie-bieap,tsbie-bieap,Class 12,science,subj-chemistry,en,none,ver-tsbie-bieap-2026,HUMAN_CURATED,single_mcq,0,HUMAN_CURATED,PHASE_17,ACTIVE,BOARD_MAPPING_OMISSION
q-p17g-tsbie-bieap-subj-chemistry-Class12-0080,tsbie-bieap,tsbie-bieap,Class 12,science,subj-chemistry,en,none,ver-tsbie-bieap-2026,HUMAN_CURATED,long_answer,0,HUMAN_CURATED,PHASE_17,ACTIVE,BOARD_MAPPING_OMISSION
q-p17g-tsbie-bieap-subj-chemistry-Class12-0081,tsbie-bieap,tsbie-bieap,Class 12,science,subj-chemistry,en,none,ver-tsbie-bieap-2026,HUMAN_CURATED,single_mcq,0,HUMAN_CURATED,PHASE_17,ACTIVE,BOARD_MAPPING_OMISSION
q-p17g-tsbie-bieap-subj-chemistry-Class12-0082,tsbie-bieap,tsbie-bieap,Class 12,science,subj-chemistry,en,none,ver-tsbie-bieap-2026,HUMAN_CURATED,single_mcq,0,HUMAN_CURATED,PHASE_17,ACTIVE,BOARD_MAPPING_OMISSION
q-p17g-tsbie-bieap-subj-chemistry-Class12-0083,tsbie-bieap,tsbie-bieap,Class 12,science,subj-chemistry,en,none,ver-tsbie-bieap-2026,HUMAN_CURATED,single_mcq,0,HUMAN_CURATED,PHASE_17,ACTIVE,BOARD_MAPPING_OMISSION
q-p17g-tsbie-bieap-subj-chemistry-Class12-0084,tsbie-bieap,tsbie-bieap,Class 12,science,subj-chemistry,en,none,ver-tsbie-bieap-2026,HUMAN_CURATED,assertion_reason,0,HUMAN_CURATED,PHASE_17,ACTIVE,BOARD_MAPPING_OMISSION
q-p17g-tsbie-bieap-subj-chemistry-Class12-0085,tsbie-bieap,tsbie-bieap,Class 12,science,subj-chemistry,en,none,ver-tsbie-bieap-2026,HUMAN_CURATED,short_answer,0,HUMAN_CURATED,PHASE_17,ACTIVE,BOARD_MAPPING_OMISSION
q-p17g-tsbie-bieap-subj-chemistry-Class12-0086,tsbie-bieap,tsbie-bieap,Class 12,science,subj-chemistry,en,none,ver-tsbie-bieap-2026,HUMAN_CURATED,single_mcq,0,HUMAN_CURATED,PHASE_17,ACTIVE,BOARD_MAPPING_OMISSION
q-p17g-tsbie-bieap-subj-chemistry-Class12-0087,tsbie-bieap,tsbie-bieap,Class 12,science,subj-chemistry,en,none,ver-tsbie-bieap-2026,HUMAN_CURATED,single_mcq,0,HUMAN_CURATED,PHASE_17,ACTIVE,BOARD_MAPPING_OMISSION
q-p17g-tsbie-bieap-subj-chemistry-Class12-0088,tsbie-bieap,tsbie-bieap,Class 12,science,subj-chemistry,en,none,ver-tsbie-bieap-2026,HUMAN_CURATED,assertion_reason,0,HUMAN_CURATED,PHASE_17,ACTIVE,BOARD_MAPPING_OMISSION
q-p17g-tsbie-bieap-subj-chemistry-Class12-0089,tsbie-bieap,tsbie-bieap,Class 12,science,subj-chemistry,en,none,ver-tsbie-bieap-2026,HUMAN_CURATED,single_mcq,0,HUMAN_CURATED,PHASE_17,ACTIVE,BOARD_MAPPING_OMISSION
q-p17g-tsbie-bieap-subj-chemistry-Class12-0090,tsbie-bieap,tsbie-bieap,Class 12,science,subj-chemistry,en,none,ver-tsbie-bieap-2026,HUMAN_CURATED,long_answer,0,HUMAN_CURATED,PHASE_17,ACTIVE,BOARD_MAPPING_OMISSION
q-p17g-tsbie-bieap-subj-chemistry-Class12-0091,tsbie-bieap,tsbie-bieap,Class 12,science,subj-chemistry,en,none,ver-tsbie-bieap-2026,HUMAN_CURATED,single_mcq,0,HUMAN_CURATED,PHASE_17,ACTIVE,BOARD_MAPPING_OMISSION
q-p17g-tsbie-bieap-subj-chemistry-Class12-0092,tsbie-bieap,tsbie-bieap,Class 12,science,subj-chemistry,en,none,ver-tsbie-bieap-2026,HUMAN_CURATED,single_mcq,0,HUMAN_CURATED,PHASE_17,ACTIVE,BOARD_MAPPING_OMISSION
q-p17g-tsbie-bieap-subj-chemistry-Class12-0093,tsbie-bieap,tsbie-bieap,Class 12,science,subj-chemistry,en,none,ver-tsbie-bieap-2026,HUMAN_CURATED,single_mcq,0,HUMAN_CURATED,PHASE_17,ACTIVE,BOARD_MAPPING_OMISSION
q-p17g-tsbie-bieap-subj-chemistry-Class12-0094,tsbie-bieap,tsbie-bieap,Class 12,science,subj-chemistry,en,none,ver-tsbie-bieap-2026,HUMAN_CURATED,single_mcq,0,HUMAN_CURATED,PHASE_17,ACTIVE,BOARD_MAPPING_OMISSION
q-p17g-tsbie-bieap-subj-chemistry-Class12-0095,tsbie-bieap,tsbie-bieap,Class 12,science,subj-chemistry,en,none,ver-tsbie-bieap-2026,HUMAN_CURATED,short_answer,0,HUMAN_CURATED,PHASE_17,ACTIVE,BOARD_MAPPING_OMISSION
q-p17g-tsbie-bieap-subj-chemistry-Class12-0096,tsbie-bieap,tsbie-bieap,Class 12,science,subj-chemistry,en,none,ver-tsbie-bieap-2026,HUMAN_CURATED,assertion_reason,0,HUMAN_CURATED,PHASE_17,ACTIVE,BOARD_MAPPING_OMISSION
q-p17g-tsbie-bieap-subj-chemistry-Class12-0097,tsbie-bieap,tsbie-bieap,Class 12,science,subj-chemistry,en,none,ver-tsbie-bieap-2026,HUMAN_CURATED,single_mcq,0,HUMAN_CURATED,PHASE_17,ACTIVE,BOARD_MAPPING_OMISSION
q-p17g-tsbie-bieap-subj-chemistry-Class12-0098,tsbie-bieap,tsbie-bieap,Class 12,science,subj-chemistry,en,none,ver-tsbie-bieap-2026,HUMAN_CURATED,single_mcq,0,HUMAN_CURATED,PHASE_17,ACTIVE,BOARD_MAPPING_OMISSION
q-p17g-tsbie-bieap-subj-chemistry-Class12-0099,tsbie-bieap,tsbie-bieap,Class 12,science,subj-chemistry,en,none,ver-tsbie-bieap-2026,HUMAN_CURATED,single_mcq,0,HUMAN_CURATED,PHASE_17,ACTIVE,BOARD_MAPPING_OMISSION
q-p17g-tsbie-bieap-subj-chemistry-Class12-0100,tsbie-bieap,tsbie-bieap,Class 12,science,subj-chemistry,en,none,ver-tsbie-bieap-2026,HUMAN_CURATED,long_answer,0,HUMAN_CURATED,PHASE_17,ACTIVE,BOARD_MAPPING_OMISSION
q-p17g-tsbie-bieap-subj-chemistry-Class12-0101,tsbie-bieap,tsbie-bieap,Class 12,science,subj-chemistry,en,none,ver-tsbie-bieap-2026,HUMAN_CURATED,single_mcq,0,HUMAN_CURATED,PHASE_17,ACTIVE,BOARD_MAPPING_OMISSION
q-p17g-tsbie-bieap-subj-chemistry-Class12-0102,tsbie-bieap,tsbie-bieap,Class 12,science,subj-chemistry,en,none,ver-tsbie-bieap-2026,HUMAN_CURATED,single_mcq,0,HUMAN_CURATED,PHASE_17,ACTIVE,BOARD_MAPPING_OMISSION
q-p17g-tsbie-bieap-subj-chemistry-Class12-0103,tsbie-bieap,tsbie-bieap,Class 12,science,subj-chemistry,en,none,ver-tsbie-bieap-2026,HUMAN_CURATED,single_mcq,0,HUMAN_CURATED,PHASE_17,ACTIVE,BOARD_MAPPING_OMISSION
q-p17g-tsbie-bieap-subj-chemistry-Class12-0104,tsbie-bieap,tsbie-bieap,Class 12,science,subj-chemistry,en,none,ver-tsbie-bieap-2026,HUMAN_CURATED,assertion_reason,0,HUMAN_CURATED,PHASE_17,ACTIVE,BOARD_MAPPING_OMISSION
q-p17g-tsbie-bieap-subj-chemistry-Class12-0105,tsbie-bieap,tsbie-bieap,Class 12,science,subj-chemistry,en,none,ver-tsbie-bieap-2026,HUMAN_CURATED,case_study,0,HUMAN_CURATED,PHASE_17,ACTIVE,BOARD_MAPPING_OMISSION
q-p17g-tsbie-bieap-subj-chemistry-Class12-0106,tsbie-bieap,tsbie-bieap,Class 12,science,subj-chemistry,en,none,ver-tsbie-bieap-2026,HUMAN_CURATED,single_mcq,0,HUMAN_CURATED,PHASE_17,ACTIVE,BOARD_MAPPING_OMISSION
q-p17g-tsbie-bieap-subj-chemistry-Class12-0107,tsbie-bieap,tsbie-bieap,Class 12,science,subj-chemistry,en,none,ver-tsbie-bieap-2026,HUMAN_CURATED,single_mcq,0,HUMAN_CURATED,PHASE_17,ACTIVE,BOARD_MAPPING_OMISSION
q-p17g-tsbie-bieap-subj-chemistry-Class12-0108,tsbie-bieap,tsbie-bieap,Class 12,science,subj-chemistry,en,none,ver-tsbie-bieap-2026,HUMAN_CURATED,assertion_reason,0,HUMAN_CURATED,PHASE_17,ACTIVE,BOARD_MAPPING_OMISSION
q-p17g-tsbie-bieap-subj-chemistry-Class12-0109,tsbie-bieap,tsbie-bieap,Class 12,science,subj-chemistry,en,none,ver-tsbie-bieap-2026,HUMAN_CURATED,single_mcq,0,HUMAN_CURATED,PHASE_17,ACTIVE,BOARD_MAPPING_OMISSION
q-p17g-tsbie-bieap-subj-chemistry-Class12-0110,tsbie-bieap,tsbie-bieap,Class 12,science,subj-chemistry,en,none,ver-tsbie-bieap-2026,HUMAN_CURATED,long_answer,0,HUMAN_CURATED,PHASE_17,ACTIVE,BOARD_MAPPING_OMISSION
q-p17g-tsbie-bieap-subj-chemistry-Class12-0111,tsbie-bieap,tsbie-bieap,Class 12,science,subj-chemistry,en,none,ver-tsbie-bieap-2026,HUMAN_CURATED,single_mcq,0,HUMAN_CURATED,PHASE_17,ACTIVE,BOARD_MAPPING_OMISSION
q-p17g-tsbie-bieap-subj-chemistry-Class12-0112,tsbie-bieap,tsbie-bieap,Class 12,science,subj-chemistry,en,none,ver-tsbie-bieap-2026,HUMAN_CURATED,assertion_reason,0,HUMAN_CURATED,PHASE_17,ACTIVE,BOARD_MAPPING_OMISSION
q-p17g-tsbie-bieap-subj-chemistry-Class12-0113,tsbie-bieap,tsbie-bieap,Class 12,science,subj-chemistry,en,none,ver-tsbie-bieap-2026,HUMAN_CURATED,single_mcq,0,HUMAN_CURATED,PHASE_17,ACTIVE,BOARD_MAPPING_OMISSION
q-p17g-tsbie-bieap-subj-chemistry-Class12-0114,tsbie-bieap,tsbie-bieap,Class 12,science,subj-chemistry,en,none,ver-tsbie-bieap-2026,HUMAN_CURATED,single_mcq,0,HUMAN_CURATED,PHASE_17,ACTIVE,BOARD_MAPPING_OMISSION
q-p17g-tsbie-bieap-subj-chemistry-Class12-0115,tsbie-bieap,tsbie-bieap,Class 12,science,subj-chemistry,en,none,ver-tsbie-bieap-2026,HUMAN_CURATED,short_answer,0,HUMAN_CURATED,PHASE_17,ACTIVE,BOARD_MAPPING_OMISSION
q-p17g-tsbie-bieap-subj-chemistry-Class12-0116,tsbie-bieap,tsbie-bieap,Class 12,science,subj-chemistry,en,none,ver-tsbie-bieap-2026,HUMAN_CURATED,single_mcq,0,HUMAN_CURATED,PHASE_17,ACTIVE,BOARD_MAPPING_OMISSION
q-p17g-tsbie-bieap-subj-chemistry-Class12-0117,tsbie-bieap,tsbie-bieap,Class 12,science,subj-chemistry,en,none,ver-tsbie-bieap-2026,HUMAN_CURATED,single_mcq,0,HUMAN_CURATED,PHASE_17,ACTIVE,BOARD_MAPPING_OMISSION
q-p17g-tsbie-bieap-subj-chemistry-Class12-0118,tsbie-bieap,tsbie-bieap,Class 12,science,subj-chemistry,en,none,ver-tsbie-bieap-2026,HUMAN_CURATED,single_mcq,0,HUMAN_CURATED,PHASE_17,ACTIVE,BOARD_MAPPING_OMISSION
q-p17g-tsbie-bieap-subj-chemistry-Class12-0119,tsbie-bieap,tsbie-bieap,Class 12,science,subj-chemistry,en,none,ver-tsbie-bieap-2026,HUMAN_CURATED,single_mcq,0,HUMAN_CURATED,PHASE_17,ACTIVE,BOARD_MAPPING_OMISSION
q-p17g-tsbie-bieap-subj-chemistry-Class12-0120,tsbie-bieap,tsbie-bieap,Class 12,science,subj-chemistry,en,none,ver-tsbie-bieap-2026,HUMAN_CURATED,long_answer,0,HUMAN_CURATED,PHASE_17,ACTIVE,BOARD_MAPPING_OMISSION
q-p17g-tsbie-bieap-subj-chemistry-Class12-0121,tsbie-bieap,tsbie-bieap,Class 12,science,subj-chemistry,en,none,ver-tsbie-bieap-2026,HUMAN_CURATED,single_mcq,0,HUMAN_CURATED,PHASE_17,ACTIVE,BOARD_MAPPING_OMISSION
q-p17g-tsbie-bieap-subj-chemistry-Class12-0122,tsbie-bieap,tsbie-bieap,Class 12,science,subj-chemistry,en,none,ver-tsbie-bieap-2026,HUMAN_CURATED,single_mcq,0,HUMAN_CURATED,PHASE_17,ACTIVE,BOARD_MAPPING_OMISSION
q-p17g-tsbie-bieap-subj-chemistry-Class12-0123,tsbie-bieap,tsbie-bieap,Class 12,science,subj-chemistry,en,none,ver-tsbie-bieap-2026,HUMAN_CURATED,single_mcq,0,HUMAN_CURATED,PHASE_17,ACTIVE,BOARD_MAPPING_OMISSION
q-p17g-tsbie-bieap-subj-chemistry-Class12-0124,tsbie-bieap,tsbie-bieap,Class 12,science,subj-chemistry,en,none,ver-tsbie-bieap-2026,HUMAN_CURATED,single_mcq,0,HUMAN_CURATED,PHASE_17,ACTIVE,BOARD_MAPPING_OMISSION
q-p17g-tsbie-bieap-subj-chemistry-Class12-0125,tsbie-bieap,tsbie-bieap,Class 12,science,subj-chemistry,en,none,ver-tsbie-bieap-2026,HUMAN_CURATED,short_answer,0,HUMAN_CURATED,PHASE_17,ACTIVE,BOARD_MAPPING_OMISSION
q-p17g-tsbie-bieap-subj-chemistry-Class12-0126,tsbie-bieap,tsbie-bieap,Class 12,science,subj-chemistry,en,none,ver-tsbie-bieap-2026,HUMAN_CURATED,single_mcq,0,HUMAN_CURATED,PHASE_17,ACTIVE,BOARD_MAPPING_OMISSION
q-p17g-tsbie-bieap-subj-chemistry-Class12-0127,tsbie-bieap,tsbie-bieap,Class 12,science,subj-chemistry,en,none,ver-tsbie-bieap-2026,HUMAN_CURATED,single_mcq,0,HUMAN_CURATED,PHASE_17,ACTIVE,BOARD_MAPPING_OMISSION
q-p17g-tsbie-bieap-subj-chemistry-Class12-0128,tsbie-bieap,tsbie-bieap,Class 12,science,subj-chemistry,en,none,ver-tsbie-bieap-2026,HUMAN_CURATED,assertion_reason,0,HUMAN_CURATED,PHASE_17,ACTIVE,BOARD_MAPPING_OMISSION
q-p17g-tsbie-bieap-subj-chemistry-Class12-0129,tsbie-bieap,tsbie-bieap,Class 12,science,subj-chemistry,en,none,ver-tsbie-bieap-2026,HUMAN_CURATED,single_mcq,0,HUMAN_CURATED,PHASE_17,ACTIVE,BOARD_MAPPING_OMISSION
q-p17g-tsbie-bieap-subj-chemistry-Class12-0130,tsbie-bieap,tsbie-bieap,Class 12,science,subj-chemistry,en,none,ver-tsbie-bieap-2026,HUMAN_CURATED,long_answer,0,HUMAN_CURATED,PHASE_17,ACTIVE,BOARD_MAPPING_OMISSION
q-p17g-tsbie-bieap-subj-chemistry-Class12-0131,tsbie-bieap,tsbie-bieap,Class 12,science,subj-chemistry,en,none,ver-tsbie-bieap-2026,HUMAN_CURATED,single_mcq,0,HUMAN_CURATED,PHASE_17,ACTIVE,BOARD_MAPPING_OMISSION
q-p17g-tsbie-bieap-subj-chemistry-Class12-0132,tsbie-bieap,tsbie-bieap,Class 12,science,subj-chemistry,en,none,ver-tsbie-bieap-2026,HUMAN_CURATED,assertion_reason,0,HUMAN_CURATED,PHASE_17,ACTIVE,BOARD_MAPPING_OMISSION
q-p17g-tsbie-bieap-subj-chemistry-Class12-0133,tsbie-bieap,tsbie-bieap,Class 12,science,subj-chemistry,en,none,ver-tsbie-bieap-2026,HUMAN_CURATED,single_mcq,0,HUMAN_CURATED,PHASE_17,ACTIVE,BOARD_MAPPING_OMISSION
q-p17g-tsbie-bieap-subj-chemistry-Class12-0134,tsbie-bieap,tsbie-bieap,Class 12,science,subj-chemistry,en,none,ver-tsbie-bieap-2026,HUMAN_CURATED,single_mcq,0,HUMAN_CURATED,PHASE_17,ACTIVE,BOARD_MAPPING_OMISSION
q-p17g-tsbie-bieap-subj-chemistry-Class12-0135,tsbie-bieap,tsbie-bieap,Class 12,science,subj-chemistry,en,none,ver-tsbie-bieap-2026,HUMAN_CURATED,case_study,0,HUMAN_CURATED,PHASE_17,ACTIVE,BOARD_MAPPING_OMISSION
q-p17g-tsbie-bieap-subj-chemistry-Class12-0136,tsbie-bieap,tsbie-bieap,Class 12,science,subj-chemistry,en,none,ver-tsbie-bieap-2026,HUMAN_CURATED,assertion_reason,0,HUMAN_CURATED,PHASE_17,ACTIVE,BOARD_MAPPING_OMISSION
q-p17g-tsbie-bieap-subj-chemistry-Class12-0137,tsbie-bieap,tsbie-bieap,Class 12,science,subj-chemistry,en,none,ver-tsbie-bieap-2026,HUMAN_CURATED,single_mcq,0,HUMAN_CURATED,PHASE_17,ACTIVE,BOARD_MAPPING_OMISSION
q-p17g-tsbie-bieap-subj-chemistry-Class12-0138,tsbie-bieap,tsbie-bieap,Class 12,science,subj-chemistry,en,none,ver-tsbie-bieap-2026,HUMAN_CURATED,single_mcq,0,HUMAN_CURATED,PHASE_17,ACTIVE,BOARD_MAPPING_OMISSION
q-p17g-tsbie-bieap-subj-chemistry-Class12-0139,tsbie-bieap,tsbie-bieap,Class 12,science,subj-chemistry,en,none,ver-tsbie-bieap-2026,HUMAN_CURATED,single_mcq,0,HUMAN_CURATED,PHASE_17,ACTIVE,BOARD_MAPPING_OMISSION
q-p17g-tsbie-bieap-subj-chemistry-Class12-0140,tsbie-bieap,tsbie-bieap,Class 12,science,subj-chemistry,en,none,ver-tsbie-bieap-2026,HUMAN_CURATED,long_answer,0,HUMAN_CURATED,PHASE_17,ACTIVE,BOARD_MAPPING_OMISSION
q-p17g-tsbie-bieap-subj-chemistry-Class12-0141,tsbie-bieap,tsbie-bieap,Class 12,science,subj-chemistry,en,none,ver-tsbie-bieap-2026,HUMAN_CURATED,single_mcq,0,HUMAN_CURATED,PHASE_17,ACTIVE,BOARD_MAPPING_OMISSION
q-p17g-tsbie-bieap-subj-chemistry-Class12-0142,tsbie-bieap,tsbie-bieap,Class 12,science,subj-chemistry,en,none,ver-tsbie-bieap-2026,HUMAN_CURATED,single_mcq,0,HUMAN_CURATED,PHASE_17,ACTIVE,BOARD_MAPPING_OMISSION
q-p17g-tsbie-bieap-subj-chemistry-Class12-0143,tsbie-bieap,tsbie-bieap,Class 12,science,subj-chemistry,en,none,ver-tsbie-bieap-2026,HUMAN_CURATED,single_mcq,0,HUMAN_CURATED,PHASE_17,ACTIVE,BOARD_MAPPING_OMISSION
q-p17g-tsbie-bieap-subj-chemistry-Class12-0144,tsbie-bieap,tsbie-bieap,Class 12,science,subj-chemistry,en,none,ver-tsbie-bieap-2026,HUMAN_CURATED,assertion_reason,0,HUMAN_CURATED,PHASE_17,ACTIVE,BOARD_MAPPING_OMISSION
q-p17g-tsbie-bieap-subj-chemistry-Class12-0145,tsbie-bieap,tsbie-bieap,Class 12,science,subj-chemistry,en,none,ver-tsbie-bieap-2026,HUMAN_CURATED,short_answer,0,HUMAN_CURATED,PHASE_17,ACTIVE,BOARD_MAPPING_OMISSION
q-p17g-tsbie-bieap-subj-chemistry-Class12-0146,tsbie-bieap,tsbie-bieap,Class 12,science,subj-chemistry,en,none,ver-tsbie-bieap-2026,HUMAN_CURATED,single_mcq,0,HUMAN_CURATED,PHASE_17,ACTIVE,BOARD_MAPPING_OMISSION
q-p17g-tsbie-bieap-subj-chemistry-Class12-0147,tsbie-bieap,tsbie-bieap,Class 12,science,subj-chemistry,en,none,ver-tsbie-bieap-2026,HUMAN_CURATED,single_mcq,0,HUMAN_CURATED,PHASE_17,ACTIVE,BOARD_MAPPING_OMISSION
q-p17g-tsbie-bieap-subj-chemistry-Class12-0148,tsbie-bieap,tsbie-bieap,Class 12,science,subj-chemistry,en,none,ver-tsbie-bieap-2026,HUMAN_CURATED,single_mcq,0,HUMAN_CURATED,PHASE_17,ACTIVE,BOARD_MAPPING_OMISSION
q-p17g-tsbie-bieap-subj-chemistry-Class12-0149,tsbie-bieap,tsbie-bieap,Class 12,science,subj-chemistry,en,none,ver-tsbie-bieap-2026,HUMAN_CURATED,single_mcq,0,HUMAN_CURATED,PHASE_17,ACTIVE,BOARD_MAPPING_OMISSION
q-p17g-tsbie-bieap-subj-chemistry-Class12-0150,tsbie-bieap,tsbie-bieap,Class 12,science,subj-chemistry,en,none,ver-tsbie-bieap-2026,HUMAN_CURATED,long_answer,0,HUMAN_CURATED,PHASE_17,ACTIVE,BOARD_MAPPING_OMISSION
q-p17g-tsbie-bieap-subj-chemistry-Class12-0151,tsbie-bieap,tsbie-bieap,Class 12,science,subj-chemistry,en,none,ver-tsbie-bieap-2026,HUMAN_CURATED,single_mcq,0,HUMAN_CURATED,PHASE_17,ACTIVE,BOARD_MAPPING_OMISSION
q-p17g-tsbie-bieap-subj-chemistry-Class12-0152,tsbie-bieap,tsbie-bieap,Class 12,science,subj-chemistry,en,none,ver-tsbie-bieap-2026,HUMAN_CURATED,assertion_reason,0,HUMAN_CURATED,PHASE_17,ACTIVE,BOARD_MAPPING_OMISSION
q-p17g-tsbie-bieap-subj-chemistry-Class12-0153,tsbie-bieap,tsbie-bieap,Class 12,science,subj-chemistry,en,none,ver-tsbie-bieap-2026,HUMAN_CURATED,single_mcq,0,HUMAN_CURATED,PHASE_17,ACTIVE,BOARD_MAPPING_OMISSION
q-p17g-tsbie-bieap-subj-chemistry-Class12-0154,tsbie-bieap,tsbie-bieap,Class 12,science,subj-chemistry,en,none,ver-tsbie-bieap-2026,HUMAN_CURATED,single_mcq,0,HUMAN_CURATED,PHASE_17,ACTIVE,BOARD_MAPPING_OMISSION
q-p17g-tsbie-bieap-subj-chemistry-Class12-0155,tsbie-bieap,tsbie-bieap,Class 12,science,subj-chemistry,en,none,ver-tsbie-bieap-2026,HUMAN_CURATED,short_answer,0,HUMAN_CURATED,PHASE_17,ACTIVE,BOARD_MAPPING_OMISSION
q-p17g-tsbie-bieap-subj-chemistry-Class12-0156,tsbie-bieap,tsbie-bieap,Class 12,science,subj-chemistry,en,none,ver-tsbie-bieap-2026,HUMAN_CURATED,assertion_reason,0,HUMAN_CURATED,PHASE_17,ACTIVE,BOARD_MAPPING_OMISSION
q-p17g-tsbie-bieap-subj-chemistry-Class12-0157,tsbie-bieap,tsbie-bieap,Class 12,science,subj-chemistry,en,none,ver-tsbie-bieap-2026,HUMAN_CURATED,single_mcq,0,HUMAN_CURATED,PHASE_17,ACTIVE,BOARD_MAPPING_OMISSION
q-p17g-tsbie-bieap-subj-chemistry-Class12-0158,tsbie-bieap,tsbie-bieap,Class 12,science,subj-chemistry,en,none,ver-tsbie-bieap-2026,HUMAN_CURATED,single_mcq,0,HUMAN_CURATED,PHASE_17,ACTIVE,BOARD_MAPPING_OMISSION
q-p17g-tsbie-bieap-subj-chemistry-Class12-0159,tsbie-bieap,tsbie-bieap,Class 12,science,subj-chemistry,en,none,ver-tsbie-bieap-2026,HUMAN_CURATED,single_mcq,0,HUMAN_CURATED,PHASE_17,ACTIVE,BOARD_MAPPING_OMISSION
q-p17g-tsbie-bieap-subj-chemistry-Class12-0160,tsbie-bieap,tsbie-bieap,Class 12,science,subj-chemistry,en,none,ver-tsbie-bieap-2026,HUMAN_CURATED,long_answer,0,HUMAN_CURATED,PHASE_17,ACTIVE,BOARD_MAPPING_OMISSION
q-p17g-tsbie-bieap-subj-chemistry-Class12-0161,tsbie-bieap,tsbie-bieap,Class 12,science,subj-chemistry,en,none,ver-tsbie-bieap-2026,HUMAN_CURATED,single_mcq,0,HUMAN_CURATED,PHASE_17,ACTIVE,BOARD_MAPPING_OMISSION
q-p17g-tsbie-bieap-subj-chemistry-Class12-0162,tsbie-bieap,tsbie-bieap,Class 12,science,subj-chemistry,en,none,ver-tsbie-bieap-2026,HUMAN_CURATED,single_mcq,0,HUMAN_CURATED,PHASE_17,ACTIVE,BOARD_MAPPING_OMISSION
q-p17g-tsbie-bieap-subj-chemistry-Class12-0163,tsbie-bieap,tsbie-bieap,Class 12,science,subj-chemistry,en,none,ver-tsbie-bieap-2026,HUMAN_CURATED,single_mcq,0,HUMAN_CURATED,PHASE_17,ACTIVE,BOARD_MAPPING_OMISSION
q-p17g-tsbie-bieap-subj-chemistry-Class12-0164,tsbie-bieap,tsbie-bieap,Class 12,science,subj-chemistry,en,none,ver-tsbie-bieap-2026,HUMAN_CURATED,single_mcq,0,HUMAN_CURATED,PHASE_17,ACTIVE,BOARD_MAPPING_OMISSION
q-p17g-tsbie-bieap-subj-chemistry-Class12-0165,tsbie-bieap,tsbie-bieap,Class 12,science,subj-chemistry,en,none,ver-tsbie-bieap-2026,HUMAN_CURATED,case_study,0,HUMAN_CURATED,PHASE_17,ACTIVE,BOARD_MAPPING_OMISSION
q-p17g-tsbie-bieap-subj-chemistry-Class12-0166,tsbie-bieap,tsbie-bieap,Class 12,science,subj-chemistry,en,none,ver-tsbie-bieap-2026,HUMAN_CURATED,single_mcq,0,HUMAN_CURATED,PHASE_17,ACTIVE,BOARD_MAPPING_OMISSION
q-p17g-tsbie-bieap-subj-chemistry-Class12-0167,tsbie-bieap,tsbie-bieap,Class 12,science,subj-chemistry,en,none,ver-tsbie-bieap-2026,HUMAN_CURATED,single_mcq,0,HUMAN_CURATED,PHASE_17,ACTIVE,BOARD_MAPPING_OMISSION
q-p17g-tsbie-bieap-subj-chemistry-Class12-0168,tsbie-bieap,tsbie-bieap,Class 12,science,subj-chemistry,en,none,ver-tsbie-bieap-2026,HUMAN_CURATED,assertion_reason,0,HUMAN_CURATED,PHASE_17,ACTIVE,BOARD_MAPPING_OMISSION
q-p17g-tsbie-bieap-subj-chemistry-Class12-0169,tsbie-bieap,tsbie-bieap,Class 12,science,subj-chemistry,en,none,ver-tsbie-bieap-2026,HUMAN_CURATED,single_mcq,0,HUMAN_CURATED,PHASE_17,ACTIVE,BOARD_MAPPING_OMISSION
q-p17g-tsbie-bieap-subj-chemistry-Class12-0170,tsbie-bieap,tsbie-bieap,Class 12,science,subj-chemistry,en,none,ver-tsbie-bieap-2026,HUMAN_CURATED,long_answer,0,HUMAN_CURATED,PHASE_17,ACTIVE,BOARD_MAPPING_OMISSION
q-p17g-tsbie-bieap-subj-chemistry-Class12-0171,tsbie-bieap,tsbie-bieap,Class 12,science,subj-chemistry,en,none,ver-tsbie-bieap-2026,HUMAN_CURATED,single_mcq,0,HUMAN_CURATED,PHASE_17,ACTIVE,BOARD_MAPPING_OMISSION
q-p17g-tsbie-bieap-subj-chemistry-Class12-0172,tsbie-bieap,tsbie-bieap,Class 12,science,subj-chemistry,en,none,ver-tsbie-bieap-2026,HUMAN_CURATED,single_mcq,0,HUMAN_CURATED,PHASE_17,ACTIVE,BOARD_MAPPING_OMISSION
q-p17g-tsbie-bieap-subj-chemistry-Class12-0173,tsbie-bieap,tsbie-bieap,Class 12,science,subj-chemistry,en,none,ver-tsbie-bieap-2026,HUMAN_CURATED,single_mcq,0,HUMAN_CURATED,PHASE_17,ACTIVE,BOARD_MAPPING_OMISSION
q-p17g-tsbie-bieap-subj-chemistry-Class12-0174,tsbie-bieap,tsbie-bieap,Class 12,science,subj-chemistry,en,none,ver-tsbie-bieap-2026,HUMAN_CURATED,single_mcq,0,HUMAN_CURATED,PHASE_17,ACTIVE,BOARD_MAPPING_OMISSION
q-p17g-tsbie-bieap-subj-chemistry-Class12-0175,tsbie-bieap,tsbie-bieap,Class 12,science,subj-chemistry,en,none,ver-tsbie-bieap-2026,HUMAN_CURATED,short_answer,0,HUMAN_CURATED,PHASE_17,ACTIVE,BOARD_MAPPING_OMISSION
q-p17g-tsbie-bieap-subj-chemistry-Class12-0176,tsbie-bieap,tsbie-bieap,Class 12,science,subj-chemistry,en,none,ver-tsbie-bieap-2026,HUMAN_CURATED,assertion_reason,0,HUMAN_CURATED,PHASE_17,ACTIVE,BOARD_MAPPING_OMISSION
q-p17g-tsbie-bieap-subj-chemistry-Class12-0177,tsbie-bieap,tsbie-bieap,Class 12,science,subj-chemistry,en,none,ver-tsbie-bieap-2026,HUMAN_CURATED,single_mcq,0,HUMAN_CURATED,PHASE_17,ACTIVE,BOARD_MAPPING_OMISSION
q-p17g-tsbie-bieap-subj-chemistry-Class12-0178,tsbie-bieap,tsbie-bieap,Class 12,science,subj-chemistry,en,none,ver-tsbie-bieap-2026,HUMAN_CURATED,single_mcq,0,HUMAN_CURATED,PHASE_17,ACTIVE,BOARD_MAPPING_OMISSION
q-p17g-tsbie-bieap-subj-chemistry-Class12-0179,tsbie-bieap,tsbie-bieap,Class 12,science,subj-chemistry,en,none,ver-tsbie-bieap-2026,HUMAN_CURATED,single_mcq,0,HUMAN_CURATED,PHASE_17,ACTIVE,BOARD_MAPPING_OMISSION
q-p17g-tsbie-bieap-subj-chemistry-Class12-0180,tsbie-bieap,tsbie-bieap,Class 12,science,subj-chemistry,en,none,ver-tsbie-bieap-2026,HUMAN_CURATED,long_answer,0,HUMAN_CURATED,PHASE_17,ACTIVE,BOARD_MAPPING_OMISSION
q-p17g-tsbie-bieap-subj-chemistry-Class12-0181,tsbie-bieap,tsbie-bieap,Class 12,science,subj-chemistry,en,none,ver-tsbie-bieap-2026,HUMAN_CURATED,single_mcq,0,HUMAN_CURATED,PHASE_17,ACTIVE,BOARD_MAPPING_OMISSION
q-p17g-tsbie-bieap-subj-chemistry-Class12-0182,tsbie-bieap,tsbie-bieap,Class 12,science,subj-chemistry,en,none,ver-tsbie-bieap-2026,HUMAN_CURATED,single_mcq,0,HUMAN_CURATED,PHASE_17,ACTIVE,BOARD_MAPPING_OMISSION
q-p17g-tsbie-bieap-subj-chemistry-Class12-0183,tsbie-bieap,tsbie-bieap,Class 12,science,subj-chemistry,en,none,ver-tsbie-bieap-2026,HUMAN_CURATED,single_mcq,0,HUMAN_CURATED,PHASE_17,ACTIVE,BOARD_MAPPING_OMISSION
q-p17g-tsbie-bieap-subj-chemistry-Class12-0184,tsbie-bieap,tsbie-bieap,Class 12,science,subj-chemistry,en,none,ver-tsbie-bieap-2026,HUMAN_CURATED,assertion_reason,0,HUMAN_CURATED,PHASE_17,ACTIVE,BOARD_MAPPING_OMISSION
q-p17g-tsbie-bieap-subj-chemistry-Class12-0185,tsbie-bieap,tsbie-bieap,Class 12,science,subj-chemistry,en,none,ver-tsbie-bieap-2026,HUMAN_CURATED,short_answer,0,HUMAN_CURATED,PHASE_17,ACTIVE,BOARD_MAPPING_OMISSION
q-p17g-tsbie-bieap-subj-chemistry-Class12-0186,tsbie-bieap,tsbie-bieap,Class 12,science,subj-chemistry,en,none,ver-tsbie-bieap-2026,HUMAN_CURATED,single_mcq,0,HUMAN_CURATED,PHASE_17,ACTIVE,BOARD_MAPPING_OMISSION
q-p17g-tsbie-bieap-subj-chemistry-Class12-0187,tsbie-bieap,tsbie-bieap,Class 12,science,subj-chemistry,en,none,ver-tsbie-bieap-2026,HUMAN_CURATED,single_mcq,0,HUMAN_CURATED,PHASE_17,ACTIVE,BOARD_MAPPING_OMISSION
q-p17g-tsbie-bieap-subj-chemistry-Class12-0188,tsbie-bieap,tsbie-bieap,Class 12,science,subj-chemistry,en,none,ver-tsbie-bieap-2026,HUMAN_CURATED,single_mcq,0,HUMAN_CURATED,PHASE_17,ACTIVE,BOARD_MAPPING_OMISSION
q-p17g-tsbie-bieap-subj-chemistry-Class12-0189,tsbie-bieap,tsbie-bieap,Class 12,science,subj-chemistry,en,none,ver-tsbie-bieap-2026,HUMAN_CURATED,single_mcq,0,HUMAN_CURATED,PHASE_17,ACTIVE,BOARD_MAPPING_OMISSION
q-p17g-tsbie-bieap-subj-chemistry-Class12-0190,tsbie-bieap,tsbie-bieap,Class 12,science,subj-chemistry,en,none,ver-tsbie-bieap-2026,HUMAN_CURATED,long_answer,0,HUMAN_CURATED,PHASE_17,ACTIVE,BOARD_MAPPING_OMISSION
q-p17g-tsbie-bieap-subj-chemistry-Class12-0191,tsbie-bieap,tsbie-bieap,Class 12,science,subj-chemistry,en,none,ver-tsbie-bieap-2026,HUMAN_CURATED,single_mcq,0,HUMAN_CURATED,PHASE_17,ACTIVE,BOARD_MAPPING_OMISSION
q-p17g-tsbie-bieap-subj-chemistry-Class12-0192,tsbie-bieap,tsbie-bieap,Class 12,science,subj-chemistry,en,none,ver-tsbie-bieap-2026,HUMAN_CURATED,assertion_reason,0,HUMAN_CURATED,PHASE_17,ACTIVE,BOARD_MAPPING_OMISSION
q-p17g-tsbie-bieap-subj-chemistry-Class12-0193,tsbie-bieap,tsbie-bieap,Class 12,science,subj-chemistry,en,none,ver-tsbie-bieap-2026,HUMAN_CURATED,single_mcq,0,HUMAN_CURATED,PHASE_17,ACTIVE,BOARD_MAPPING_OMISSION
q-p17g-tsbie-bieap-subj-chemistry-Class12-0194,tsbie-bieap,tsbie-bieap,Class 12,science,subj-chemistry,en,none,ver-tsbie-bieap-2026,HUMAN_CURATED,single_mcq,0,HUMAN_CURATED,PHASE_17,ACTIVE,BOARD_MAPPING_OMISSION
q-p17g-tsbie-bieap-subj-chemistry-Class12-0195,tsbie-bieap,tsbie-bieap,Class 12,science,subj-chemistry,en,none,ver-tsbie-bieap-2026,HUMAN_CURATED,case_study,0,HUMAN_CURATED,PHASE_17,ACTIVE,BOARD_MAPPING_OMISSION
q-p17g-tsbie-bieap-subj-chemistry-Class12-0196,tsbie-bieap,tsbie-bieap,Class 12,science,subj-chemistry,en,none,ver-tsbie-bieap-2026,HUMAN_CURATED,single_mcq,0,HUMAN_CURATED,PHASE_17,ACTIVE,BOARD_MAPPING_OMISSION
q-p17g-tsbie-bieap-subj-chemistry-Class12-0197,tsbie-bieap,tsbie-bieap,Class 12,science,subj-chemistry,en,none,ver-tsbie-bieap-2026,HUMAN_CURATED,single_mcq,0,HUMAN_CURATED,PHASE_17,ACTIVE,BOARD_MAPPING_OMISSION
q-p17g-tsbie-bieap-subj-chemistry-Class12-0198,tsbie-bieap,tsbie-bieap,Class 12,science,subj-chemistry,en,none,ver-tsbie-bieap-2026,HUMAN_CURATED,single_mcq,0,HUMAN_CURATED,PHASE_17,ACTIVE,BOARD_MAPPING_OMISSION
q-p17g-tsbie-bieap-subj-chemistry-Class12-0199,tsbie-bieap,tsbie-bieap,Class 12,science,subj-chemistry,en,none,ver-tsbie-bieap-2026,HUMAN_CURATED,single_mcq,0,HUMAN_CURATED,PHASE_17,ACTIVE,BOARD_MAPPING_OMISSION
q-p17g-tsbie-bieap-subj-chemistry-Class12-0200,tsbie-bieap,tsbie-bieap,Class 12,science,subj-chemistry,en,none,ver-tsbie-bieap-2026,HUMAN_CURATED,long_answer,0,HUMAN_CURATED,PHASE_17,ACTIVE,BOARD_MAPPING_OMISSION
q-p17g-tsbie-bieap-subj-chemistry-Class12-0201,tsbie-bieap,tsbie-bieap,Class 12,science,subj-chemistry,en,none,ver-tsbie-bieap-2026,HUMAN_CURATED,single_mcq,0,HUMAN_CURATED,PHASE_17,ACTIVE,BOARD_MAPPING_OMISSION
q-p17g-tsbie-bieap-subj-chemistry-Class12-0202,tsbie-bieap,tsbie-bieap,Class 12,science,subj-chemistry,en,none,ver-tsbie-bieap-2026,HUMAN_CURATED,single_mcq,0,HUMAN_CURATED,PHASE_17,ACTIVE,BOARD_MAPPING_OMISSION
q-p17g-tsbie-bieap-subj-chemistry-Class12-0203,tsbie-bieap,tsbie-bieap,Class 12,science,subj-chemistry,en,none,ver-tsbie-bieap-2026,HUMAN_CURATED,single_mcq,0,HUMAN_CURATED,PHASE_17,ACTIVE,BOARD_MAPPING_OMISSION
q-p17g-tsbie-bieap-subj-chemistry-Class12-0204,tsbie-bieap,tsbie-bieap,Class 12,science,subj-chemistry,en,none,ver-tsbie-bieap-2026,HUMAN_CURATED,assertion_reason,0,HUMAN_CURATED,PHASE_17,ACTIVE,BOARD_MAPPING_OMISSION
q-p17g-tsbie-bieap-subj-chemistry-Class12-0205,tsbie-bieap,tsbie-bieap,Class 12,science,subj-chemistry,en,none,ver-tsbie-bieap-2026,HUMAN_CURATED,short_answer,0,HUMAN_CURATED,PHASE_17,ACTIVE,BOARD_MAPPING_OMISSION
q-p17g-tsbie-bieap-subj-chemistry-Class12-0206,tsbie-bieap,tsbie-bieap,Class 12,science,subj-chemistry,en,none,ver-tsbie-bieap-2026,HUMAN_CURATED,single_mcq,0,HUMAN_CURATED,PHASE_17,ACTIVE,BOARD_MAPPING_OMISSION
q-p17g-tsbie-bieap-subj-chemistry-Class12-0207,tsbie-bieap,tsbie-bieap,Class 12,science,subj-chemistry,en,none,ver-tsbie-bieap-2026,HUMAN_CURATED,single_mcq,0,HUMAN_CURATED,PHASE_17,ACTIVE,BOARD_MAPPING_OMISSION
q-p17g-tsbie-bieap-subj-chemistry-Class12-0208,tsbie-bieap,tsbie-bieap,Class 12,science,subj-chemistry,en,none,ver-tsbie-bieap-2026,HUMAN_CURATED,assertion_reason,0,HUMAN_CURATED,PHASE_17,ACTIVE,BOARD_MAPPING_OMISSION
q-p17g-tsbie-bieap-subj-chemistry-Class12-0209,tsbie-bieap,tsbie-bieap,Class 12,science,subj-chemistry,en,none,ver-tsbie-bieap-2026,HUMAN_CURATED,single_mcq,0,HUMAN_CURATED,PHASE_17,ACTIVE,BOARD_MAPPING_OMISSION
q-p17g-tsbie-bieap-subj-chemistry-Class12-0210,tsbie-bieap,tsbie-bieap,Class 12,science,subj-chemistry,en,none,ver-tsbie-bieap-2026,HUMAN_CURATED,long_answer,0,HUMAN_CURATED,PHASE_17,ACTIVE,BOARD_MAPPING_OMISSION
q-p17g-tsbie-bieap-subj-chemistry-Class12-0211,tsbie-bieap,tsbie-bieap,Class 12,science,subj-chemistry,en,none,ver-tsbie-bieap-2026,HUMAN_CURATED,single_mcq,0,HUMAN_CURATED,PHASE_17,ACTIVE,BOARD_MAPPING_OMISSION
q-p17g-tsbie-bieap-subj-chemistry-Class12-0212,tsbie-bieap,tsbie-bieap,Class 12,science,subj-chemistry,en,none,ver-tsbie-bieap-2026,HUMAN_CURATED,single_mcq,0,HUMAN_CURATED,PHASE_17,ACTIVE,BOARD_MAPPING_OMISSION
q-p17g-tsbie-bieap-subj-chemistry-Class12-0213,tsbie-bieap,tsbie-bieap,Class 12,science,subj-chemistry,en,none,ver-tsbie-bieap-2026,HUMAN_CURATED,single_mcq,0,HUMAN_CURATED,PHASE_17,ACTIVE,BOARD_MAPPING_OMISSION
q-p17g-tsbie-bieap-subj-chemistry-Class12-0214,tsbie-bieap,tsbie-bieap,Class 12,science,subj-chemistry,en,none,ver-tsbie-bieap-2026,HUMAN_CURATED,single_mcq,0,HUMAN_CURATED,PHASE_17,ACTIVE,BOARD_MAPPING_OMISSION
q-p17g-tsbie-bieap-subj-chemistry-Class12-0215,tsbie-bieap,tsbie-bieap,Class 12,science,subj-chemistry,en,none,ver-tsbie-bieap-2026,HUMAN_CURATED,short_answer,0,HUMAN_CURATED,PHASE_17,ACTIVE,BOARD_MAPPING_OMISSION
q-p17g-tsbie-bieap-subj-chemistry-Class12-0216,tsbie-bieap,tsbie-bieap,Class 12,science,subj-chemistry,en,none,ver-tsbie-bieap-2026,HUMAN_CURATED,assertion_reason,0,HUMAN_CURATED,PHASE_17,ACTIVE,BOARD_MAPPING_OMISSION
q-p17g-tsbie-bieap-subj-chemistry-Class12-0217,tsbie-bieap,tsbie-bieap,Class 12,science,subj-chemistry,en,none,ver-tsbie-bieap-2026,HUMAN_CURATED,single_mcq,0,HUMAN_CURATED,PHASE_17,ACTIVE,BOARD_MAPPING_OMISSION
q-p17g-tsbie-bieap-subj-chemistry-Class12-0218,tsbie-bieap,tsbie-bieap,Class 12,science,subj-chemistry,en,none,ver-tsbie-bieap-2026,HUMAN_CURATED,single_mcq,0,HUMAN_CURATED,PHASE_17,ACTIVE,BOARD_MAPPING_OMISSION
q-p17g-tsbie-bieap-subj-chemistry-Class12-0219,tsbie-bieap,tsbie-bieap,Class 12,science,subj-chemistry,en,none,ver-tsbie-bieap-2026,HUMAN_CURATED,single_mcq,0,HUMAN_CURATED,PHASE_17,ACTIVE,BOARD_MAPPING_OMISSION
q-p17g-tsbie-bieap-subj-chemistry-Class12-0220,tsbie-bieap,tsbie-bieap,Class 12,science,subj-chemistry,en,none,ver-tsbie-bieap-2026,HUMAN_CURATED,long_answer,0,HUMAN_CURATED,PHASE_17,ACTIVE,BOARD_MAPPING_OMISSION
q-p17g-tsbie-bieap-subj-chemistry-Class12-0221,tsbie-bieap,tsbie-bieap,Class 12,science,subj-chemistry,en,none,ver-tsbie-bieap-2026,HUMAN_CURATED,single_mcq,0,HUMAN_CURATED,PHASE_17,ACTIVE,BOARD_MAPPING_OMISSION
q-p17g-tsbie-bieap-subj-chemistry-Class12-0222,tsbie-bieap,tsbie-bieap,Class 12,science,subj-chemistry,en,none,ver-tsbie-bieap-2026,HUMAN_CURATED,single_mcq,0,HUMAN_CURATED,PHASE_17,ACTIVE,BOARD_MAPPING_OMISSION
q-p17g-tsbie-bieap-subj-chemistry-Class12-0223,tsbie-bieap,tsbie-bieap,Class 12,science,subj-chemistry,en,none,ver-tsbie-bieap-2026,HUMAN_CURATED,single_mcq,0,HUMAN_CURATED,PHASE_17,ACTIVE,BOARD_MAPPING_OMISSION
q-p17g-tsbie-bieap-subj-chemistry-Class12-0224,tsbie-bieap,tsbie-bieap,Class 12,science,subj-chemistry,en,none,ver-tsbie-bieap-2026,HUMAN_CURATED,assertion_reason,0,HUMAN_CURATED,PHASE_17,ACTIVE,BOARD_MAPPING_OMISSION
q-p17g-tsbie-bieap-subj-chemistry-Class12-0225,tsbie-bieap,tsbie-bieap,Class 12,science,subj-chemistry,en,none,ver-tsbie-bieap-2026,HUMAN_CURATED,case_study,0,HUMAN_CURATED,PHASE_17,ACTIVE,BOARD_MAPPING_OMISSION
q-p17g-tsbie-bieap-subj-chemistry-Class12-0226,tsbie-bieap,tsbie-bieap,Class 12,science,subj-chemistry,en,none,ver-tsbie-bieap-2026,HUMAN_CURATED,single_mcq,0,HUMAN_CURATED,PHASE_17,ACTIVE,BOARD_MAPPING_OMISSION
q-p17g-tsbie-bieap-subj-chemistry-Class12-0227,tsbie-bieap,tsbie-bieap,Class 12,science,subj-chemistry,en,none,ver-tsbie-bieap-2026,HUMAN_CURATED,single_mcq,0,HUMAN_CURATED,PHASE_17,ACTIVE,BOARD_MAPPING_OMISSION
q-p17g-tsbie-bieap-subj-chemistry-Class12-0228,tsbie-bieap,tsbie-bieap,Class 12,science,subj-chemistry,en,none,ver-tsbie-bieap-2026,HUMAN_CURATED,assertion_reason,0,HUMAN_CURATED,PHASE_17,ACTIVE,BOARD_MAPPING_OMISSION
q-p17g-tsbie-bieap-subj-chemistry-Class12-0229,tsbie-bieap,tsbie-bieap,Class 12,science,subj-chemistry,en,none,ver-tsbie-bieap-2026,HUMAN_CURATED,single_mcq,0,HUMAN_CURATED,PHASE_17,ACTIVE,BOARD_MAPPING_OMISSION
q-p17g-tsbie-bieap-subj-chemistry-Class12-0230,tsbie-bieap,tsbie-bieap,Class 12,science,subj-chemistry,en,none,ver-tsbie-bieap-2026,HUMAN_CURATED,long_answer,0,HUMAN_CURATED,PHASE_17,ACTIVE,BOARD_MAPPING_OMISSION
q-p17g-tsbie-bieap-subj-chemistry-Class12-0231,tsbie-bieap,tsbie-bieap,Class 12,science,subj-chemistry,en,none,ver-tsbie-bieap-2026,HUMAN_CURATED,single_mcq,0,HUMAN_CURATED,PHASE_17,ACTIVE,BOARD_MAPPING_OMISSION
q-p17g-tsbie-bieap-subj-chemistry-Class12-0232,tsbie-bieap,tsbie-bieap,Class 12,science,subj-chemistry,en,none,ver-tsbie-bieap-2026,HUMAN_CURATED,assertion_reason,0,HUMAN_CURATED,PHASE_17,ACTIVE,BOARD_MAPPING_OMISSION
q-p17g-tsbie-bieap-subj-chemistry-Class12-0233,tsbie-bieap,tsbie-bieap,Class 12,science,subj-chemistry,en,none,ver-tsbie-bieap-2026,HUMAN_CURATED,single_mcq,0,HUMAN_CURATED,PHASE_17,ACTIVE,BOARD_MAPPING_OMISSION
q-p17g-tsbie-bieap-subj-chemistry-Class12-0234,tsbie-bieap,tsbie-bieap,Class 12,science,subj-chemistry,en,none,ver-tsbie-bieap-2026,HUMAN_CURATED,single_mcq,0,HUMAN_CURATED,PHASE_17,ACTIVE,BOARD_MAPPING_OMISSION
q-p17g-tsbie-bieap-subj-chemistry-Class12-0235,tsbie-bieap,tsbie-bieap,Class 12,science,subj-chemistry,en,none,ver-tsbie-bieap-2026,HUMAN_CURATED,short_answer,0,HUMAN_CURATED,PHASE_17,ACTIVE,BOARD_MAPPING_OMISSION
q-p17g-tsbie-bieap-subj-chemistry-Class12-0236,tsbie-bieap,tsbie-bieap,Class 12,science,subj-chemistry,en,none,ver-tsbie-bieap-2026,HUMAN_CURATED,single_mcq,0,HUMAN_CURATED,PHASE_17,ACTIVE,BOARD_MAPPING_OMISSION
q-p17g-tsbie-bieap-subj-chemistry-Class12-0237,tsbie-bieap,tsbie-bieap,Class 12,science,subj-chemistry,en,none,ver-tsbie-bieap-2026,HUMAN_CURATED,single_mcq,0,HUMAN_CURATED,PHASE_17,ACTIVE,BOARD_MAPPING_OMISSION
q-p17g-tsbie-bieap-subj-chemistry-Class12-0238,tsbie-bieap,tsbie-bieap,Class 12,science,subj-chemistry,en,none,ver-tsbie-bieap-2026,HUMAN_CURATED,single_mcq,0,HUMAN_CURATED,PHASE_17,ACTIVE,BOARD_MAPPING_OMISSION
q-p17g-tsbie-bieap-subj-chemistry-Class12-0239,tsbie-bieap,tsbie-bieap,Class 12,science,subj-chemistry,en,none,ver-tsbie-bieap-2026,HUMAN_CURATED,single_mcq,0,HUMAN_CURATED,PHASE_17,ACTIVE,BOARD_MAPPING_OMISSION
q-p17g-tsbie-bieap-subj-chemistry-Class12-0240,tsbie-bieap,tsbie-bieap,Class 12,science,subj-chemistry,en,none,ver-tsbie-bieap-2026,HUMAN_CURATED,long_answer,0,HUMAN_CURATED,PHASE_17,ACTIVE,BOARD_MAPPING_OMISSION
q-p17g-tsbie-bieap-subj-chemistry-Class12-0241,tsbie-bieap,tsbie-bieap,Class 12,science,subj-chemistry,en,none,ver-tsbie-bieap-2026,HUMAN_CURATED,single_mcq,0,HUMAN_CURATED,PHASE_17,ACTIVE,BOARD_MAPPING_OMISSION
q-p17g-tsbie-bieap-subj-chemistry-Class12-0242,tsbie-bieap,tsbie-bieap,Class 12,science,subj-chemistry,en,none,ver-tsbie-bieap-2026,HUMAN_CURATED,single_mcq,0,HUMAN_CURATED,PHASE_17,ACTIVE,BOARD_MAPPING_OMISSION
q-p17g-tsbie-bieap-subj-chemistry-Class12-0243,tsbie-bieap,tsbie-bieap,Class 12,science,subj-chemistry,en,none,ver-tsbie-bieap-2026,HUMAN_CURATED,single_mcq,0,HUMAN_CURATED,PHASE_17,ACTIVE,BOARD_MAPPING_OMISSION
q-p17g-tsbie-bieap-subj-chemistry-Class12-0244,tsbie-bieap,tsbie-bieap,Class 12,science,subj-chemistry,en,none,ver-tsbie-bieap-2026,HUMAN_CURATED,single_mcq,0,HUMAN_CURATED,PHASE_17,ACTIVE,BOARD_MAPPING_OMISSION
q-p17g-tsbie-bieap-subj-chemistry-Class12-0245,tsbie-bieap,tsbie-bieap,Class 12,science,subj-chemistry,en,none,ver-tsbie-bieap-2026,HUMAN_CURATED,short_answer,0,HUMAN_CURATED,PHASE_17,ACTIVE,BOARD_MAPPING_OMISSION
q-p17g-tsbie-bieap-subj-chemistry-Class12-0246,tsbie-bieap,tsbie-bieap,Class 12,science,subj-chemistry,en,none,ver-tsbie-bieap-2026,HUMAN_CURATED,single_mcq,0,HUMAN_CURATED,PHASE_17,ACTIVE,BOARD_MAPPING_OMISSION
q-p17g-tsbie-bieap-subj-chemistry-Class12-0247,tsbie-bieap,tsbie-bieap,Class 12,science,subj-chemistry,en,none,ver-tsbie-bieap-2026,HUMAN_CURATED,single_mcq,0,HUMAN_CURATED,PHASE_17,ACTIVE,BOARD_MAPPING_OMISSION
q-p17g-tsbie-bieap-subj-chemistry-Class12-0248,tsbie-bieap,tsbie-bieap,Class 12,science,subj-chemistry,en,none,ver-tsbie-bieap-2026,HUMAN_CURATED,assertion_reason,0,HUMAN_CURATED,PHASE_17,ACTIVE,BOARD_MAPPING_OMISSION
q-p17g-tsbie-bieap-subj-chemistry-Class12-0249,tsbie-bieap,tsbie-bieap,Class 12,science,subj-chemistry,en,none,ver-tsbie-bieap-2026,HUMAN_CURATED,single_mcq,0,HUMAN_CURATED,PHASE_17,ACTIVE,BOARD_MAPPING_OMISSION
q-p17g-tsbie-bieap-subj-chemistry-Class12-0250,tsbie-bieap,tsbie-bieap,Class 12,science,subj-chemistry,en,none,ver-tsbie-bieap-2026,HUMAN_CURATED,long_answer,0,HUMAN_CURATED,PHASE_17,ACTIVE,BOARD_MAPPING_OMISSION
q-p17g-tsbie-bieap-subj-economics-Class12-0001,tsbie-bieap,tsbie-bieap,Class 12,science,subj-economics,en,none,ver-tsbie-bieap-2026,HUMAN_CURATED,single_mcq,0,HUMAN_CURATED,PHASE_17,ACTIVE,BOARD_MAPPING_OMISSION
q-p17g-tsbie-bieap-subj-economics-Class12-0002,tsbie-bieap,tsbie-bieap,Class 12,science,subj-economics,en,none,ver-tsbie-bieap-2026,HUMAN_CURATED,single_mcq,0,HUMAN_CURATED,PHASE_17,ACTIVE,BOARD_MAPPING_OMISSION
q-p17g-tsbie-bieap-subj-economics-Class12-0003,tsbie-bieap,tsbie-bieap,Class 12,science,subj-economics,en,none,ver-tsbie-bieap-2026,HUMAN_CURATED,single_mcq,0,HUMAN_CURATED,PHASE_17,ACTIVE,BOARD_MAPPING_OMISSION
q-p17g-tsbie-bieap-subj-economics-Class12-0004,tsbie-bieap,tsbie-bieap,Class 12,science,subj-economics,en,none,ver-tsbie-bieap-2026,HUMAN_CURATED,single_mcq,0,HUMAN_CURATED,PHASE_17,ACTIVE,BOARD_MAPPING_OMISSION
q-p17g-tsbie-bieap-subj-economics-Class12-0005,tsbie-bieap,tsbie-bieap,Class 12,science,subj-economics,en,none,ver-tsbie-bieap-2026,HUMAN_CURATED,short_answer,0,HUMAN_CURATED,PHASE_17,ACTIVE,BOARD_MAPPING_OMISSION
q-p17g-tsbie-bieap-subj-economics-Class12-0006,tsbie-bieap,tsbie-bieap,Class 12,science,subj-economics,en,none,ver-tsbie-bieap-2026,HUMAN_CURATED,single_mcq,0,HUMAN_CURATED,PHASE_17,ACTIVE,BOARD_MAPPING_OMISSION
q-p17g-tsbie-bieap-subj-economics-Class12-0007,tsbie-bieap,tsbie-bieap,Class 12,science,subj-economics,en,none,ver-tsbie-bieap-2026,HUMAN_CURATED,single_mcq,0,HUMAN_CURATED,PHASE_17,ACTIVE,BOARD_MAPPING_OMISSION
q-p17g-tsbie-bieap-subj-economics-Class12-0008,tsbie-bieap,tsbie-bieap,Class 12,science,subj-economics,en,none,ver-tsbie-bieap-2026,HUMAN_CURATED,assertion_reason,0,HUMAN_CURATED,PHASE_17,ACTIVE,BOARD_MAPPING_OMISSION
q-p17g-tsbie-bieap-subj-economics-Class12-0009,tsbie-bieap,tsbie-bieap,Class 12,science,subj-economics,en,none,ver-tsbie-bieap-2026,HUMAN_CURATED,single_mcq,0,HUMAN_CURATED,PHASE_17,ACTIVE,BOARD_MAPPING_OMISSION
q-p17g-tsbie-bieap-subj-economics-Class12-0010,tsbie-bieap,tsbie-bieap,Class 12,science,subj-economics,en,none,ver-tsbie-bieap-2026,HUMAN_CURATED,long_answer,0,HUMAN_CURATED,PHASE_17,ACTIVE,BOARD_MAPPING_OMISSION
q-p17g-tsbie-bieap-subj-economics-Class12-0011,tsbie-bieap,tsbie-bieap,Class 12,science,subj-economics,en,none,ver-tsbie-bieap-2026,HUMAN_CURATED,single_mcq,0,HUMAN_CURATED,PHASE_17,ACTIVE,BOARD_MAPPING_OMISSION
q-p17g-tsbie-bieap-subj-economics-Class12-0012,tsbie-bieap,tsbie-bieap,Class 12,science,subj-economics,en,none,ver-tsbie-bieap-2026,HUMAN_CURATED,assertion_reason,0,HUMAN_CURATED,PHASE_17,ACTIVE,BOARD_MAPPING_OMISSION
q-p17g-tsbie-bieap-subj-economics-Class12-0013,tsbie-bieap,tsbie-bieap,Class 12,science,subj-economics,en,none,ver-tsbie-bieap-2026,HUMAN_CURATED,single_mcq,0,HUMAN_CURATED,PHASE_17,ACTIVE,BOARD_MAPPING_OMISSION
q-p17g-tsbie-bieap-subj-economics-Class12-0014,tsbie-bieap,tsbie-bieap,Class 12,science,subj-economics,en,none,ver-tsbie-bieap-2026,HUMAN_CURATED,single_mcq,0,HUMAN_CURATED,PHASE_17,ACTIVE,BOARD_MAPPING_OMISSION
q-p17g-tsbie-bieap-subj-economics-Class12-0015,tsbie-bieap,tsbie-bieap,Class 12,science,subj-economics,en,none,ver-tsbie-bieap-2026,HUMAN_CURATED,case_study,0,HUMAN_CURATED,PHASE_17,ACTIVE,BOARD_MAPPING_OMISSION
q-p17g-tsbie-bieap-subj-economics-Class12-0016,tsbie-bieap,tsbie-bieap,Class 12,science,subj-economics,en,none,ver-tsbie-bieap-2026,HUMAN_CURATED,assertion_reason,0,HUMAN_CURATED,PHASE_17,ACTIVE,BOARD_MAPPING_OMISSION
q-p17g-tsbie-bieap-subj-economics-Class12-0017,tsbie-bieap,tsbie-bieap,Class 12,science,subj-economics,en,none,ver-tsbie-bieap-2026,HUMAN_CURATED,single_mcq,0,HUMAN_CURATED,PHASE_17,ACTIVE,BOARD_MAPPING_OMISSION
q-p17g-tsbie-bieap-subj-economics-Class12-0018,tsbie-bieap,tsbie-bieap,Class 12,science,subj-economics,en,none,ver-tsbie-bieap-2026,HUMAN_CURATED,single_mcq,0,HUMAN_CURATED,PHASE_17,ACTIVE,BOARD_MAPPING_OMISSION
q-p17g-tsbie-bieap-subj-economics-Class12-0019,tsbie-bieap,tsbie-bieap,Class 12,science,subj-economics,en,none,ver-tsbie-bieap-2026,HUMAN_CURATED,single_mcq,0,HUMAN_CURATED,PHASE_17,ACTIVE,BOARD_MAPPING_OMISSION
q-p17g-tsbie-bieap-subj-economics-Class12-0020,tsbie-bieap,tsbie-bieap,Class 12,science,subj-economics,en,none,ver-tsbie-bieap-2026,HUMAN_CURATED,long_answer,0,HUMAN_CURATED,PHASE_17,ACTIVE,BOARD_MAPPING_OMISSION
q-p17g-tsbie-bieap-subj-economics-Class12-0021,tsbie-bieap,tsbie-bieap,Class 12,science,subj-economics,en,none,ver-tsbie-bieap-2026,HUMAN_CURATED,single_mcq,0,HUMAN_CURATED,PHASE_17,ACTIVE,BOARD_MAPPING_OMISSION
q-p17g-tsbie-bieap-subj-economics-Class12-0022,tsbie-bieap,tsbie-bieap,Class 12,science,subj-economics,en,none,ver-tsbie-bieap-2026,HUMAN_CURATED,single_mcq,0,HUMAN_CURATED,PHASE_17,ACTIVE,BOARD_MAPPING_OMISSION
q-p17g-tsbie-bieap-subj-economics-Class12-0023,tsbie-bieap,tsbie-bieap,Class 12,science,subj-economics,en,none,ver-tsbie-bieap-2026,HUMAN_CURATED,single_mcq,0,HUMAN_CURATED,PHASE_17,ACTIVE,BOARD_MAPPING_OMISSION
q-p17g-tsbie-bieap-subj-economics-Class12-0024,tsbie-bieap,tsbie-bieap,Class 12,science,subj-economics,en,none,ver-tsbie-bieap-2026,HUMAN_CURATED,assertion_reason,0,HUMAN_CURATED,PHASE_17,ACTIVE,BOARD_MAPPING_OMISSION
q-p17g-tsbie-bieap-subj-economics-Class12-0025,tsbie-bieap,tsbie-bieap,Class 12,science,subj-economics,en,none,ver-tsbie-bieap-2026,HUMAN_CURATED,short_answer,0,HUMAN_CURATED,PHASE_17,ACTIVE,BOARD_MAPPING_OMISSION
q-p17g-tsbie-bieap-subj-economics-Class12-0026,tsbie-bieap,tsbie-bieap,Class 12,science,subj-economics,en,none,ver-tsbie-bieap-2026,HUMAN_CURATED,single_mcq,0,HUMAN_CURATED,PHASE_17,ACTIVE,BOARD_MAPPING_OMISSION
q-p17g-tsbie-bieap-subj-economics-Class12-0027,tsbie-bieap,tsbie-bieap,Class 12,science,subj-economics,en,none,ver-tsbie-bieap-2026,HUMAN_CURATED,single_mcq,0,HUMAN_CURATED,PHASE_17,ACTIVE,BOARD_MAPPING_OMISSION
q-p17g-tsbie-bieap-subj-economics-Class12-0028,tsbie-bieap,tsbie-bieap,Class 12,science,subj-economics,en,none,ver-tsbie-bieap-2026,HUMAN_CURATED,single_mcq,0,HUMAN_CURATED,PHASE_17,ACTIVE,BOARD_MAPPING_OMISSION
q-p17g-tsbie-bieap-subj-economics-Class12-0029,tsbie-bieap,tsbie-bieap,Class 12,science,subj-economics,en,none,ver-tsbie-bieap-2026,HUMAN_CURATED,single_mcq,0,HUMAN_CURATED,PHASE_17,ACTIVE,BOARD_MAPPING_OMISSION
q-p17g-tsbie-bieap-subj-economics-Class12-0030,tsbie-bieap,tsbie-bieap,Class 12,science,subj-economics,en,none,ver-tsbie-bieap-2026,HUMAN_CURATED,long_answer,0,HUMAN_CURATED,PHASE_17,ACTIVE,BOARD_MAPPING_OMISSION
q-p17g-tsbie-bieap-subj-economics-Class12-0031,tsbie-bieap,tsbie-bieap,Class 12,science,subj-economics,en,none,ver-tsbie-bieap-2026,HUMAN_CURATED,single_mcq,0,HUMAN_CURATED,PHASE_17,ACTIVE,BOARD_MAPPING_OMISSION
q-p17g-tsbie-bieap-subj-economics-Class12-0032,tsbie-bieap,tsbie-bieap,Class 12,science,subj-economics,en,none,ver-tsbie-bieap-2026,HUMAN_CURATED,assertion_reason,0,HUMAN_CURATED,PHASE_17,ACTIVE,BOARD_MAPPING_OMISSION
q-p17g-tsbie-bieap-subj-economics-Class12-0033,tsbie-bieap,tsbie-bieap,Class 12,science,subj-economics,en,none,ver-tsbie-bieap-2026,HUMAN_CURATED,single_mcq,0,HUMAN_CURATED,PHASE_17,ACTIVE,BOARD_MAPPING_OMISSION
q-p17g-tsbie-bieap-subj-economics-Class12-0034,tsbie-bieap,tsbie-bieap,Class 12,science,subj-economics,en,none,ver-tsbie-bieap-2026,HUMAN_CURATED,single_mcq,0,HUMAN_CURATED,PHASE_17,ACTIVE,BOARD_MAPPING_OMISSION
q-p17g-tsbie-bieap-subj-economics-Class12-0035,tsbie-bieap,tsbie-bieap,Class 12,science,subj-economics,en,none,ver-tsbie-bieap-2026,HUMAN_CURATED,short_answer,0,HUMAN_CURATED,PHASE_17,ACTIVE,BOARD_MAPPING_OMISSION
q-p17g-tsbie-bieap-subj-economics-Class12-0036,tsbie-bieap,tsbie-bieap,Class 12,science,subj-economics,en,none,ver-tsbie-bieap-2026,HUMAN_CURATED,assertion_reason,0,HUMAN_CURATED,PHASE_17,ACTIVE,BOARD_MAPPING_OMISSION
q-p17g-tsbie-bieap-subj-economics-Class12-0037,tsbie-bieap,tsbie-bieap,Class 12,science,subj-economics,en,none,ver-tsbie-bieap-2026,HUMAN_CURATED,single_mcq,0,HUMAN_CURATED,PHASE_17,ACTIVE,BOARD_MAPPING_OMISSION
q-p17g-tsbie-bieap-subj-economics-Class12-0038,tsbie-bieap,tsbie-bieap,Class 12,science,subj-economics,en,none,ver-tsbie-bieap-2026,HUMAN_CURATED,single_mcq,0,HUMAN_CURATED,PHASE_17,ACTIVE,BOARD_MAPPING_OMISSION
q-p17g-tsbie-bieap-subj-economics-Class12-0039,tsbie-bieap,tsbie-bieap,Class 12,science,subj-economics,en,none,ver-tsbie-bieap-2026,HUMAN_CURATED,single_mcq,0,HUMAN_CURATED,PHASE_17,ACTIVE,BOARD_MAPPING_OMISSION
q-p17g-tsbie-bieap-subj-economics-Class12-0040,tsbie-bieap,tsbie-bieap,Class 12,science,subj-economics,en,none,ver-tsbie-bieap-2026,HUMAN_CURATED,long_answer,0,HUMAN_CURATED,PHASE_17,ACTIVE,BOARD_MAPPING_OMISSION
q-p17g-tsbie-bieap-subj-economics-Class12-0041,tsbie-bieap,tsbie-bieap,Class 12,science,subj-economics,en,none,ver-tsbie-bieap-2026,HUMAN_CURATED,single_mcq,0,HUMAN_CURATED,PHASE_17,ACTIVE,BOARD_MAPPING_OMISSION
q-p17g-tsbie-bieap-subj-economics-Class12-0042,tsbie-bieap,tsbie-bieap,Class 12,science,subj-economics,en,none,ver-tsbie-bieap-2026,HUMAN_CURATED,single_mcq,0,HUMAN_CURATED,PHASE_17,ACTIVE,BOARD_MAPPING_OMISSION
q-p17g-tsbie-bieap-subj-economics-Class12-0043,tsbie-bieap,tsbie-bieap,Class 12,science,subj-economics,en,none,ver-tsbie-bieap-2026,HUMAN_CURATED,single_mcq,0,HUMAN_CURATED,PHASE_17,ACTIVE,BOARD_MAPPING_OMISSION
q-p17g-tsbie-bieap-subj-economics-Class12-0044,tsbie-bieap,tsbie-bieap,Class 12,science,subj-economics,en,none,ver-tsbie-bieap-2026,HUMAN_CURATED,single_mcq,0,HUMAN_CURATED,PHASE_17,ACTIVE,BOARD_MAPPING_OMISSION
q-p17g-tsbie-bieap-subj-economics-Class12-0045,tsbie-bieap,tsbie-bieap,Class 12,science,subj-economics,en,none,ver-tsbie-bieap-2026,HUMAN_CURATED,case_study,0,HUMAN_CURATED,PHASE_17,ACTIVE,BOARD_MAPPING_OMISSION
q-p17g-tsbie-bieap-subj-economics-Class12-0046,tsbie-bieap,tsbie-bieap,Class 12,science,subj-economics,en,none,ver-tsbie-bieap-2026,HUMAN_CURATED,single_mcq,0,HUMAN_CURATED,PHASE_17,ACTIVE,BOARD_MAPPING_OMISSION
q-p17g-tsbie-bieap-subj-economics-Class12-0047,tsbie-bieap,tsbie-bieap,Class 12,science,subj-economics,en,none,ver-tsbie-bieap-2026,HUMAN_CURATED,single_mcq,0,HUMAN_CURATED,PHASE_17,ACTIVE,BOARD_MAPPING_OMISSION
q-p17g-tsbie-bieap-subj-economics-Class12-0048,tsbie-bieap,tsbie-bieap,Class 12,science,subj-economics,en,none,ver-tsbie-bieap-2026,HUMAN_CURATED,assertion_reason,0,HUMAN_CURATED,PHASE_17,ACTIVE,BOARD_MAPPING_OMISSION
q-p17g-tsbie-bieap-subj-economics-Class12-0049,tsbie-bieap,tsbie-bieap,Class 12,science,subj-economics,en,none,ver-tsbie-bieap-2026,HUMAN_CURATED,single_mcq,0,HUMAN_CURATED,PHASE_17,ACTIVE,BOARD_MAPPING_OMISSION
q-p17g-tsbie-bieap-subj-economics-Class12-0050,tsbie-bieap,tsbie-bieap,Class 12,science,subj-economics,en,none,ver-tsbie-bieap-2026,HUMAN_CURATED,long_answer,0,HUMAN_CURATED,PHASE_17,ACTIVE,BOARD_MAPPING_OMISSION
q-p17g-tsbie-bieap-subj-economics-Class12-0051,tsbie-bieap,tsbie-bieap,Class 12,science,subj-economics,en,none,ver-tsbie-bieap-2026,HUMAN_CURATED,single_mcq,0,HUMAN_CURATED,PHASE_17,ACTIVE,BOARD_MAPPING_OMISSION
q-p17g-tsbie-bieap-subj-economics-Class12-0052,tsbie-bieap,tsbie-bieap,Class 12,science,subj-economics,en,none,ver-tsbie-bieap-2026,HUMAN_CURATED,single_mcq,0,HUMAN_CURATED,PHASE_17,ACTIVE,BOARD_MAPPING_OMISSION
q-p17g-tsbie-bieap-subj-economics-Class12-0053,tsbie-bieap,tsbie-bieap,Class 12,science,subj-economics,en,none,ver-tsbie-bieap-2026,HUMAN_CURATED,single_mcq,0,HUMAN_CURATED,PHASE_17,ACTIVE,BOARD_MAPPING_OMISSION
q-p17g-tsbie-bieap-subj-economics-Class12-0054,tsbie-bieap,tsbie-bieap,Class 12,science,subj-economics,en,none,ver-tsbie-bieap-2026,HUMAN_CURATED,single_mcq,0,HUMAN_CURATED,PHASE_17,ACTIVE,BOARD_MAPPING_OMISSION
q-p17g-tsbie-bieap-subj-economics-Class12-0055,tsbie-bieap,tsbie-bieap,Class 12,science,subj-economics,en,none,ver-tsbie-bieap-2026,HUMAN_CURATED,short_answer,0,HUMAN_CURATED,PHASE_17,ACTIVE,BOARD_MAPPING_OMISSION
q-p17g-tsbie-bieap-subj-economics-Class12-0056,tsbie-bieap,tsbie-bieap,Class 12,science,subj-economics,en,none,ver-tsbie-bieap-2026,HUMAN_CURATED,assertion_reason,0,HUMAN_CURATED,PHASE_17,ACTIVE,BOARD_MAPPING_OMISSION
q-p17g-tsbie-bieap-subj-economics-Class12-0057,tsbie-bieap,tsbie-bieap,Class 12,science,subj-economics,en,none,ver-tsbie-bieap-2026,HUMAN_CURATED,single_mcq,0,HUMAN_CURATED,PHASE_17,ACTIVE,BOARD_MAPPING_OMISSION
q-p17g-tsbie-bieap-subj-economics-Class12-0058,tsbie-bieap,tsbie-bieap,Class 12,science,subj-economics,en,none,ver-tsbie-bieap-2026,HUMAN_CURATED,single_mcq,0,HUMAN_CURATED,PHASE_17,ACTIVE,BOARD_MAPPING_OMISSION
q-p17g-tsbie-bieap-subj-economics-Class12-0059,tsbie-bieap,tsbie-bieap,Class 12,science,subj-economics,en,none,ver-tsbie-bieap-2026,HUMAN_CURATED,single_mcq,0,HUMAN_CURATED,PHASE_17,ACTIVE,BOARD_MAPPING_OMISSION
q-p17g-tsbie-bieap-subj-economics-Class12-0060,tsbie-bieap,tsbie-bieap,Class 12,science,subj-economics,en,none,ver-tsbie-bieap-2026,HUMAN_CURATED,long_answer,0,HUMAN_CURATED,PHASE_17,ACTIVE,BOARD_MAPPING_OMISSION
q-p17g-tsbie-bieap-subj-economics-Class12-0061,tsbie-bieap,tsbie-bieap,Class 12,science,subj-economics,en,none,ver-tsbie-bieap-2026,HUMAN_CURATED,single_mcq,0,HUMAN_CURATED,PHASE_17,ACTIVE,BOARD_MAPPING_OMISSION
q-p17g-tsbie-bieap-subj-economics-Class12-0062,tsbie-bieap,tsbie-bieap,Class 12,science,subj-economics,en,none,ver-tsbie-bieap-2026,HUMAN_CURATED,single_mcq,0,HUMAN_CURATED,PHASE_17,ACTIVE,BOARD_MAPPING_OMISSION
q-p17g-tsbie-bieap-subj-economics-Class12-0063,tsbie-bieap,tsbie-bieap,Class 12,science,subj-economics,en,none,ver-tsbie-bieap-2026,HUMAN_CURATED,single_mcq,0,HUMAN_CURATED,PHASE_17,ACTIVE,BOARD_MAPPING_OMISSION
q-p17g-tsbie-bieap-subj-economics-Class12-0064,tsbie-bieap,tsbie-bieap,Class 12,science,subj-economics,en,none,ver-tsbie-bieap-2026,HUMAN_CURATED,assertion_reason,0,HUMAN_CURATED,PHASE_17,ACTIVE,BOARD_MAPPING_OMISSION
q-p17g-tsbie-bieap-subj-economics-Class12-0065,tsbie-bieap,tsbie-bieap,Class 12,science,subj-economics,en,none,ver-tsbie-bieap-2026,HUMAN_CURATED,short_answer,0,HUMAN_CURATED,PHASE_17,ACTIVE,BOARD_MAPPING_OMISSION
q-p17g-tsbie-bieap-subj-economics-Class12-0066,tsbie-bieap,tsbie-bieap,Class 12,science,subj-economics,en,none,ver-tsbie-bieap-2026,HUMAN_CURATED,single_mcq,0,HUMAN_CURATED,PHASE_17,ACTIVE,BOARD_MAPPING_OMISSION
q-p17g-tsbie-bieap-subj-economics-Class12-0067,tsbie-bieap,tsbie-bieap,Class 12,science,subj-economics,en,none,ver-tsbie-bieap-2026,HUMAN_CURATED,single_mcq,0,HUMAN_CURATED,PHASE_17,ACTIVE,BOARD_MAPPING_OMISSION
q-p17g-tsbie-bieap-subj-economics-Class12-0068,tsbie-bieap,tsbie-bieap,Class 12,science,subj-economics,en,none,ver-tsbie-bieap-2026,HUMAN_CURATED,single_mcq,0,HUMAN_CURATED,PHASE_17,ACTIVE,BOARD_MAPPING_OMISSION
q-p17g-tsbie-bieap-subj-economics-Class12-0069,tsbie-bieap,tsbie-bieap,Class 12,science,subj-economics,en,none,ver-tsbie-bieap-2026,HUMAN_CURATED,single_mcq,0,HUMAN_CURATED,PHASE_17,ACTIVE,BOARD_MAPPING_OMISSION
q-p17g-tsbie-bieap-subj-economics-Class12-0070,tsbie-bieap,tsbie-bieap,Class 12,science,subj-economics,en,none,ver-tsbie-bieap-2026,HUMAN_CURATED,long_answer,0,HUMAN_CURATED,PHASE_17,ACTIVE,BOARD_MAPPING_OMISSION
q-p17g-tsbie-bieap-subj-economics-Class12-0071,tsbie-bieap,tsbie-bieap,Class 12,science,subj-economics,en,none,ver-tsbie-bieap-2026,HUMAN_CURATED,single_mcq,0,HUMAN_CURATED,PHASE_17,ACTIVE,BOARD_MAPPING_OMISSION
q-p17g-tsbie-bieap-subj-economics-Class12-0072,tsbie-bieap,tsbie-bieap,Class 12,science,subj-economics,en,none,ver-tsbie-bieap-2026,HUMAN_CURATED,assertion_reason,0,HUMAN_CURATED,PHASE_17,ACTIVE,BOARD_MAPPING_OMISSION
q-p17g-tsbie-bieap-subj-economics-Class12-0073,tsbie-bieap,tsbie-bieap,Class 12,science,subj-economics,en,none,ver-tsbie-bieap-2026,HUMAN_CURATED,single_mcq,0,HUMAN_CURATED,PHASE_17,ACTIVE,BOARD_MAPPING_OMISSION
q-p17g-tsbie-bieap-subj-economics-Class12-0074,tsbie-bieap,tsbie-bieap,Class 12,science,subj-economics,en,none,ver-tsbie-bieap-2026,HUMAN_CURATED,single_mcq,0,HUMAN_CURATED,PHASE_17,ACTIVE,BOARD_MAPPING_OMISSION
q-p17g-tsbie-bieap-subj-economics-Class12-0075,tsbie-bieap,tsbie-bieap,Class 12,science,subj-economics,en,none,ver-tsbie-bieap-2026,HUMAN_CURATED,case_study,0,HUMAN_CURATED,PHASE_17,ACTIVE,BOARD_MAPPING_OMISSION
q-p17g-tsbie-bieap-subj-economics-Class12-0076,tsbie-bieap,tsbie-bieap,Class 12,science,subj-economics,en,none,ver-tsbie-bieap-2026,HUMAN_CURATED,single_mcq,0,HUMAN_CURATED,PHASE_17,ACTIVE,BOARD_MAPPING_OMISSION
q-p17g-tsbie-bieap-subj-economics-Class12-0077,tsbie-bieap,tsbie-bieap,Class 12,science,subj-economics,en,none,ver-tsbie-bieap-2026,HUMAN_CURATED,single_mcq,0,HUMAN_CURATED,PHASE_17,ACTIVE,BOARD_MAPPING_OMISSION
q-p17g-tsbie-bieap-subj-economics-Class12-0078,tsbie-bieap,tsbie-bieap,Class 12,science,subj-economics,en,none,ver-tsbie-bieap-2026,HUMAN_CURATED,single_mcq,0,HUMAN_CURATED,PHASE_17,ACTIVE,BOARD_MAPPING_OMISSION
q-p17g-tsbie-bieap-subj-economics-Class12-0079,tsbie-bieap,tsbie-bieap,Class 12,science,subj-economics,en,none,ver-tsbie-bieap-2026,HUMAN_CURATED,single_mcq,0,HUMAN_CURATED,PHASE_17,ACTIVE,BOARD_MAPPING_OMISSION
q-p17g-tsbie-bieap-subj-economics-Class12-0080,tsbie-bieap,tsbie-bieap,Class 12,science,subj-economics,en,none,ver-tsbie-bieap-2026,HUMAN_CURATED,long_answer,0,HUMAN_CURATED,PHASE_17,ACTIVE,BOARD_MAPPING_OMISSION
q-p17g-tsbie-bieap-subj-economics-Class12-0081,tsbie-bieap,tsbie-bieap,Class 12,science,subj-economics,en,none,ver-tsbie-bieap-2026,HUMAN_CURATED,single_mcq,0,HUMAN_CURATED,PHASE_17,ACTIVE,BOARD_MAPPING_OMISSION
q-p17g-tsbie-bieap-subj-economics-Class12-0082,tsbie-bieap,tsbie-bieap,Class 12,science,subj-economics,en,none,ver-tsbie-bieap-2026,HUMAN_CURATED,single_mcq,0,HUMAN_CURATED,PHASE_17,ACTIVE,BOARD_MAPPING_OMISSION
q-p17g-tsbie-bieap-subj-economics-Class12-0083,tsbie-bieap,tsbie-bieap,Class 12,science,subj-economics,en,none,ver-tsbie-bieap-2026,HUMAN_CURATED,single_mcq,0,HUMAN_CURATED,PHASE_17,ACTIVE,BOARD_MAPPING_OMISSION
q-p17g-tsbie-bieap-subj-economics-Class12-0084,tsbie-bieap,tsbie-bieap,Class 12,science,subj-economics,en,none,ver-tsbie-bieap-2026,HUMAN_CURATED,assertion_reason,0,HUMAN_CURATED,PHASE_17,ACTIVE,BOARD_MAPPING_OMISSION
q-p17g-tsbie-bieap-subj-economics-Class12-0085,tsbie-bieap,tsbie-bieap,Class 12,science,subj-economics,en,none,ver-tsbie-bieap-2026,HUMAN_CURATED,short_answer,0,HUMAN_CURATED,PHASE_17,ACTIVE,BOARD_MAPPING_OMISSION
q-p17g-tsbie-bieap-subj-economics-Class12-0086,tsbie-bieap,tsbie-bieap,Class 12,science,subj-economics,en,none,ver-tsbie-bieap-2026,HUMAN_CURATED,single_mcq,0,HUMAN_CURATED,PHASE_17,ACTIVE,BOARD_MAPPING_OMISSION
q-p17g-tsbie-bieap-subj-economics-Class12-0087,tsbie-bieap,tsbie-bieap,Class 12,science,subj-economics,en,none,ver-tsbie-bieap-2026,HUMAN_CURATED,single_mcq,0,HUMAN_CURATED,PHASE_17,ACTIVE,BOARD_MAPPING_OMISSION
q-p17g-tsbie-bieap-subj-economics-Class12-0088,tsbie-bieap,tsbie-bieap,Class 12,science,subj-economics,en,none,ver-tsbie-bieap-2026,HUMAN_CURATED,assertion_reason,0,HUMAN_CURATED,PHASE_17,ACTIVE,BOARD_MAPPING_OMISSION
q-p17g-tsbie-bieap-subj-economics-Class12-0089,tsbie-bieap,tsbie-bieap,Class 12,science,subj-economics,en,none,ver-tsbie-bieap-2026,HUMAN_CURATED,single_mcq,0,HUMAN_CURATED,PHASE_17,ACTIVE,BOARD_MAPPING_OMISSION
q-p17g-tsbie-bieap-subj-economics-Class12-0090,tsbie-bieap,tsbie-bieap,Class 12,science,subj-economics,en,none,ver-tsbie-bieap-2026,HUMAN_CURATED,long_answer,0,HUMAN_CURATED,PHASE_17,ACTIVE,BOARD_MAPPING_OMISSION
q-p17g-tsbie-bieap-subj-economics-Class12-0091,tsbie-bieap,tsbie-bieap,Class 12,science,subj-economics,en,none,ver-tsbie-bieap-2026,HUMAN_CURATED,single_mcq,0,HUMAN_CURATED,PHASE_17,ACTIVE,BOARD_MAPPING_OMISSION
q-p17g-tsbie-bieap-subj-economics-Class12-0092,tsbie-bieap,tsbie-bieap,Class 12,science,subj-economics,en,none,ver-tsbie-bieap-2026,HUMAN_CURATED,single_mcq,0,HUMAN_CURATED,PHASE_17,ACTIVE,BOARD_MAPPING_OMISSION
q-p17g-tsbie-bieap-subj-economics-Class12-0093,tsbie-bieap,tsbie-bieap,Class 12,science,subj-economics,en,none,ver-tsbie-bieap-2026,HUMAN_CURATED,single_mcq,0,HUMAN_CURATED,PHASE_17,ACTIVE,BOARD_MAPPING_OMISSION
q-p17g-tsbie-bieap-subj-economics-Class12-0094,tsbie-bieap,tsbie-bieap,Class 12,science,subj-economics,en,none,ver-tsbie-bieap-2026,HUMAN_CURATED,single_mcq,0,HUMAN_CURATED,PHASE_17,ACTIVE,BOARD_MAPPING_OMISSION
q-p17g-tsbie-bieap-subj-economics-Class12-0095,tsbie-bieap,tsbie-bieap,Class 12,science,subj-economics,en,none,ver-tsbie-bieap-2026,HUMAN_CURATED,short_answer,0,HUMAN_CURATED,PHASE_17,ACTIVE,BOARD_MAPPING_OMISSION
q-p17g-tsbie-bieap-subj-economics-Class12-0096,tsbie-bieap,tsbie-bieap,Class 12,science,subj-economics,en,none,ver-tsbie-bieap-2026,HUMAN_CURATED,assertion_reason,0,HUMAN_CURATED,PHASE_17,ACTIVE,BOARD_MAPPING_OMISSION
q-p17g-tsbie-bieap-subj-economics-Class12-0097,tsbie-bieap,tsbie-bieap,Class 12,science,subj-economics,en,none,ver-tsbie-bieap-2026,HUMAN_CURATED,single_mcq,0,HUMAN_CURATED,PHASE_17,ACTIVE,BOARD_MAPPING_OMISSION
q-p17g-tsbie-bieap-subj-economics-Class12-0098,tsbie-bieap,tsbie-bieap,Class 12,science,subj-economics,en,none,ver-tsbie-bieap-2026,HUMAN_CURATED,single_mcq,0,HUMAN_CURATED,PHASE_17,ACTIVE,BOARD_MAPPING_OMISSION
q-p17g-tsbie-bieap-subj-economics-Class12-0099,tsbie-bieap,tsbie-bieap,Class 12,science,subj-economics,en,none,ver-tsbie-bieap-2026,HUMAN_CURATED,single_mcq,0,HUMAN_CURATED,PHASE_17,ACTIVE,BOARD_MAPPING_OMISSION
q-p17g-tsbie-bieap-subj-economics-Class12-0100,tsbie-bieap,tsbie-bieap,Class 12,science,subj-economics,en,none,ver-tsbie-bieap-2026,HUMAN_CURATED,long_answer,0,HUMAN_CURATED,PHASE_17,ACTIVE,BOARD_MAPPING_OMISSION
q-p17g-tsbie-bieap-subj-economics-Class12-0101,tsbie-bieap,tsbie-bieap,Class 12,science,subj-economics,en,none,ver-tsbie-bieap-2026,HUMAN_CURATED,single_mcq,0,HUMAN_CURATED,PHASE_17,ACTIVE,BOARD_MAPPING_OMISSION
q-p17g-tsbie-bieap-subj-economics-Class12-0102,tsbie-bieap,tsbie-bieap,Class 12,science,subj-economics,en,none,ver-tsbie-bieap-2026,HUMAN_CURATED,single_mcq,0,HUMAN_CURATED,PHASE_17,ACTIVE,BOARD_MAPPING_OMISSION
q-p17g-tsbie-bieap-subj-economics-Class12-0103,tsbie-bieap,tsbie-bieap,Class 12,science,subj-economics,en,none,ver-tsbie-bieap-2026,HUMAN_CURATED,single_mcq,0,HUMAN_CURATED,PHASE_17,ACTIVE,BOARD_MAPPING_OMISSION
q-p17g-tsbie-bieap-subj-economics-Class12-0104,tsbie-bieap,tsbie-bieap,Class 12,science,subj-economics,en,none,ver-tsbie-bieap-2026,HUMAN_CURATED,assertion_reason,0,HUMAN_CURATED,PHASE_17,ACTIVE,BOARD_MAPPING_OMISSION
q-p17g-tsbie-bieap-subj-economics-Class12-0105,tsbie-bieap,tsbie-bieap,Class 12,science,subj-economics,en,none,ver-tsbie-bieap-2026,HUMAN_CURATED,case_study,0,HUMAN_CURATED,PHASE_17,ACTIVE,BOARD_MAPPING_OMISSION
q-p17g-tsbie-bieap-subj-economics-Class12-0106,tsbie-bieap,tsbie-bieap,Class 12,science,subj-economics,en,none,ver-tsbie-bieap-2026,HUMAN_CURATED,single_mcq,0,HUMAN_CURATED,PHASE_17,ACTIVE,BOARD_MAPPING_OMISSION
q-p17g-tsbie-bieap-subj-economics-Class12-0107,tsbie-bieap,tsbie-bieap,Class 12,science,subj-economics,en,none,ver-tsbie-bieap-2026,HUMAN_CURATED,single_mcq,0,HUMAN_CURATED,PHASE_17,ACTIVE,BOARD_MAPPING_OMISSION
q-p17g-tsbie-bieap-subj-economics-Class12-0108,tsbie-bieap,tsbie-bieap,Class 12,science,subj-economics,en,none,ver-tsbie-bieap-2026,HUMAN_CURATED,assertion_reason,0,HUMAN_CURATED,PHASE_17,ACTIVE,BOARD_MAPPING_OMISSION
q-p17g-tsbie-bieap-subj-economics-Class12-0109,tsbie-bieap,tsbie-bieap,Class 12,science,subj-economics,en,none,ver-tsbie-bieap-2026,HUMAN_CURATED,single_mcq,0,HUMAN_CURATED,PHASE_17,ACTIVE,BOARD_MAPPING_OMISSION
q-p17g-tsbie-bieap-subj-economics-Class12-0110,tsbie-bieap,tsbie-bieap,Class 12,science,subj-economics,en,none,ver-tsbie-bieap-2026,HUMAN_CURATED,long_answer,0,HUMAN_CURATED,PHASE_17,ACTIVE,BOARD_MAPPING_OMISSION
q-p17g-tsbie-bieap-subj-economics-Class12-0111,tsbie-bieap,tsbie-bieap,Class 12,science,subj-economics,en,none,ver-tsbie-bieap-2026,HUMAN_CURATED,single_mcq,0,HUMAN_CURATED,PHASE_17,ACTIVE,BOARD_MAPPING_OMISSION
q-p17g-tsbie-bieap-subj-economics-Class12-0112,tsbie-bieap,tsbie-bieap,Class 12,science,subj-economics,en,none,ver-tsbie-bieap-2026,HUMAN_CURATED,assertion_reason,0,HUMAN_CURATED,PHASE_17,ACTIVE,BOARD_MAPPING_OMISSION
q-p17g-tsbie-bieap-subj-economics-Class12-0113,tsbie-bieap,tsbie-bieap,Class 12,science,subj-economics,en,none,ver-tsbie-bieap-2026,HUMAN_CURATED,single_mcq,0,HUMAN_CURATED,PHASE_17,ACTIVE,BOARD_MAPPING_OMISSION
q-p17g-tsbie-bieap-subj-economics-Class12-0114,tsbie-bieap,tsbie-bieap,Class 12,science,subj-economics,en,none,ver-tsbie-bieap-2026,HUMAN_CURATED,single_mcq,0,HUMAN_CURATED,PHASE_17,ACTIVE,BOARD_MAPPING_OMISSION
q-p17g-tsbie-bieap-subj-economics-Class12-0115,tsbie-bieap,tsbie-bieap,Class 12,science,subj-economics,en,none,ver-tsbie-bieap-2026,HUMAN_CURATED,short_answer,0,HUMAN_CURATED,PHASE_17,ACTIVE,BOARD_MAPPING_OMISSION
q-p17g-tsbie-bieap-subj-economics-Class12-0116,tsbie-bieap,tsbie-bieap,Class 12,science,subj-economics,en,none,ver-tsbie-bieap-2026,HUMAN_CURATED,single_mcq,0,HUMAN_CURATED,PHASE_17,ACTIVE,BOARD_MAPPING_OMISSION
q-p17g-tsbie-bieap-subj-economics-Class12-0117,tsbie-bieap,tsbie-bieap,Class 12,science,subj-economics,en,none,ver-tsbie-bieap-2026,HUMAN_CURATED,single_mcq,0,HUMAN_CURATED,PHASE_17,ACTIVE,BOARD_MAPPING_OMISSION
q-p17g-tsbie-bieap-subj-economics-Class12-0118,tsbie-bieap,tsbie-bieap,Class 12,science,subj-economics,en,none,ver-tsbie-bieap-2026,HUMAN_CURATED,single_mcq,0,HUMAN_CURATED,PHASE_17,ACTIVE,BOARD_MAPPING_OMISSION
q-p17g-tsbie-bieap-subj-economics-Class12-0119,tsbie-bieap,tsbie-bieap,Class 12,science,subj-economics,en,none,ver-tsbie-bieap-2026,HUMAN_CURATED,single_mcq,0,HUMAN_CURATED,PHASE_17,ACTIVE,BOARD_MAPPING_OMISSION
q-p17g-tsbie-bieap-subj-economics-Class12-0120,tsbie-bieap,tsbie-bieap,Class 12,science,subj-economics,en,none,ver-tsbie-bieap-2026,HUMAN_CURATED,long_answer,0,HUMAN_CURATED,PHASE_17,ACTIVE,BOARD_MAPPING_OMISSION
q-p17g-tsbie-bieap-subj-economics-Class12-0121,tsbie-bieap,tsbie-bieap,Class 12,science,subj-economics,en,none,ver-tsbie-bieap-2026,HUMAN_CURATED,single_mcq,0,HUMAN_CURATED,PHASE_17,ACTIVE,BOARD_MAPPING_OMISSION
q-p17g-tsbie-bieap-subj-economics-Class12-0122,tsbie-bieap,tsbie-bieap,Class 12,science,subj-economics,en,none,ver-tsbie-bieap-2026,HUMAN_CURATED,single_mcq,0,HUMAN_CURATED,PHASE_17,ACTIVE,BOARD_MAPPING_OMISSION
q-p17g-tsbie-bieap-subj-economics-Class12-0123,tsbie-bieap,tsbie-bieap,Class 12,science,subj-economics,en,none,ver-tsbie-bieap-2026,HUMAN_CURATED,single_mcq,0,HUMAN_CURATED,PHASE_17,ACTIVE,BOARD_MAPPING_OMISSION
q-p17g-tsbie-bieap-subj-economics-Class12-0124,tsbie-bieap,tsbie-bieap,Class 12,science,subj-economics,en,none,ver-tsbie-bieap-2026,HUMAN_CURATED,single_mcq,0,HUMAN_CURATED,PHASE_17,ACTIVE,BOARD_MAPPING_OMISSION
q-p17g-tsbie-bieap-subj-economics-Class12-0125,tsbie-bieap,tsbie-bieap,Class 12,science,subj-economics,en,none,ver-tsbie-bieap-2026,HUMAN_CURATED,short_answer,0,HUMAN_CURATED,PHASE_17,ACTIVE,BOARD_MAPPING_OMISSION
q-p17g-tsbie-bieap-subj-economics-Class12-0126,tsbie-bieap,tsbie-bieap,Class 12,science,subj-economics,en,none,ver-tsbie-bieap-2026,HUMAN_CURATED,single_mcq,0,HUMAN_CURATED,PHASE_17,ACTIVE,BOARD_MAPPING_OMISSION
q-p17g-tsbie-bieap-subj-economics-Class12-0127,tsbie-bieap,tsbie-bieap,Class 12,science,subj-economics,en,none,ver-tsbie-bieap-2026,HUMAN_CURATED,single_mcq,0,HUMAN_CURATED,PHASE_17,ACTIVE,BOARD_MAPPING_OMISSION
q-p17g-tsbie-bieap-subj-economics-Class12-0128,tsbie-bieap,tsbie-bieap,Class 12,science,subj-economics,en,none,ver-tsbie-bieap-2026,HUMAN_CURATED,assertion_reason,0,HUMAN_CURATED,PHASE_17,ACTIVE,BOARD_MAPPING_OMISSION
q-p17g-tsbie-bieap-subj-economics-Class12-0129,tsbie-bieap,tsbie-bieap,Class 12,science,subj-economics,en,none,ver-tsbie-bieap-2026,HUMAN_CURATED,single_mcq,0,HUMAN_CURATED,PHASE_17,ACTIVE,BOARD_MAPPING_OMISSION
q-p17g-tsbie-bieap-subj-economics-Class12-0130,tsbie-bieap,tsbie-bieap,Class 12,science,subj-economics,en,none,ver-tsbie-bieap-2026,HUMAN_CURATED,long_answer,0,HUMAN_CURATED,PHASE_17,ACTIVE,BOARD_MAPPING_OMISSION
q-p17g-tsbie-bieap-subj-economics-Class12-0131,tsbie-bieap,tsbie-bieap,Class 12,science,subj-economics,en,none,ver-tsbie-bieap-2026,HUMAN_CURATED,single_mcq,0,HUMAN_CURATED,PHASE_17,ACTIVE,BOARD_MAPPING_OMISSION
q-p17g-tsbie-bieap-subj-economics-Class12-0132,tsbie-bieap,tsbie-bieap,Class 12,science,subj-economics,en,none,ver-tsbie-bieap-2026,HUMAN_CURATED,assertion_reason,0,HUMAN_CURATED,PHASE_17,ACTIVE,BOARD_MAPPING_OMISSION
q-p17g-tsbie-bieap-subj-economics-Class12-0133,tsbie-bieap,tsbie-bieap,Class 12,science,subj-economics,en,none,ver-tsbie-bieap-2026,HUMAN_CURATED,single_mcq,0,HUMAN_CURATED,PHASE_17,ACTIVE,BOARD_MAPPING_OMISSION
q-p17g-tsbie-bieap-subj-economics-Class12-0134,tsbie-bieap,tsbie-bieap,Class 12,science,subj-economics,en,none,ver-tsbie-bieap-2026,HUMAN_CURATED,single_mcq,0,HUMAN_CURATED,PHASE_17,ACTIVE,BOARD_MAPPING_OMISSION
q-p17g-tsbie-bieap-subj-economics-Class12-0135,tsbie-bieap,tsbie-bieap,Class 12,science,subj-economics,en,none,ver-tsbie-bieap-2026,HUMAN_CURATED,case_study,0,HUMAN_CURATED,PHASE_17,ACTIVE,BOARD_MAPPING_OMISSION
q-p17g-tsbie-bieap-subj-economics-Class12-0136,tsbie-bieap,tsbie-bieap,Class 12,science,subj-economics,en,none,ver-tsbie-bieap-2026,HUMAN_CURATED,assertion_reason,0,HUMAN_CURATED,PHASE_17,ACTIVE,BOARD_MAPPING_OMISSION
q-p17g-tsbie-bieap-subj-economics-Class12-0137,tsbie-bieap,tsbie-bieap,Class 12,science,subj-economics,en,none,ver-tsbie-bieap-2026,HUMAN_CURATED,single_mcq,0,HUMAN_CURATED,PHASE_17,ACTIVE,BOARD_MAPPING_OMISSION
q-p17g-tsbie-bieap-subj-economics-Class12-0138,tsbie-bieap,tsbie-bieap,Class 12,science,subj-economics,en,none,ver-tsbie-bieap-2026,HUMAN_CURATED,single_mcq,0,HUMAN_CURATED,PHASE_17,ACTIVE,BOARD_MAPPING_OMISSION
q-p17g-tsbie-bieap-subj-economics-Class12-0139,tsbie-bieap,tsbie-bieap,Class 12,science,subj-economics,en,none,ver-tsbie-bieap-2026,HUMAN_CURATED,single_mcq,0,HUMAN_CURATED,PHASE_17,ACTIVE,BOARD_MAPPING_OMISSION
q-p17g-tsbie-bieap-subj-economics-Class12-0140,tsbie-bieap,tsbie-bieap,Class 12,science,subj-economics,en,none,ver-tsbie-bieap-2026,HUMAN_CURATED,long_answer,0,HUMAN_CURATED,PHASE_17,ACTIVE,BOARD_MAPPING_OMISSION
q-p17g-tsbie-bieap-subj-economics-Class12-0141,tsbie-bieap,tsbie-bieap,Class 12,science,subj-economics,en,none,ver-tsbie-bieap-2026,HUMAN_CURATED,single_mcq,0,HUMAN_CURATED,PHASE_17,ACTIVE,BOARD_MAPPING_OMISSION
q-p17g-tsbie-bieap-subj-economics-Class12-0142,tsbie-bieap,tsbie-bieap,Class 12,science,subj-economics,en,none,ver-tsbie-bieap-2026,HUMAN_CURATED,single_mcq,0,HUMAN_CURATED,PHASE_17,ACTIVE,BOARD_MAPPING_OMISSION
q-p17g-tsbie-bieap-subj-economics-Class12-0143,tsbie-bieap,tsbie-bieap,Class 12,science,subj-economics,en,none,ver-tsbie-bieap-2026,HUMAN_CURATED,single_mcq,0,HUMAN_CURATED,PHASE_17,ACTIVE,BOARD_MAPPING_OMISSION
q-p17g-tsbie-bieap-subj-economics-Class12-0144,tsbie-bieap,tsbie-bieap,Class 12,science,subj-economics,en,none,ver-tsbie-bieap-2026,HUMAN_CURATED,assertion_reason,0,HUMAN_CURATED,PHASE_17,ACTIVE,BOARD_MAPPING_OMISSION
q-p17g-tsbie-bieap-subj-economics-Class12-0145,tsbie-bieap,tsbie-bieap,Class 12,science,subj-economics,en,none,ver-tsbie-bieap-2026,HUMAN_CURATED,short_answer,0,HUMAN_CURATED,PHASE_17,ACTIVE,BOARD_MAPPING_OMISSION
q-p17g-tsbie-bieap-subj-economics-Class12-0146,tsbie-bieap,tsbie-bieap,Class 12,science,subj-economics,en,none,ver-tsbie-bieap-2026,HUMAN_CURATED,single_mcq,0,HUMAN_CURATED,PHASE_17,ACTIVE,BOARD_MAPPING_OMISSION
q-p17g-tsbie-bieap-subj-economics-Class12-0147,tsbie-bieap,tsbie-bieap,Class 12,science,subj-economics,en,none,ver-tsbie-bieap-2026,HUMAN_CURATED,single_mcq,0,HUMAN_CURATED,PHASE_17,ACTIVE,BOARD_MAPPING_OMISSION
q-p17g-tsbie-bieap-subj-economics-Class12-0148,tsbie-bieap,tsbie-bieap,Class 12,science,subj-economics,en,none,ver-tsbie-bieap-2026,HUMAN_CURATED,single_mcq,0,HUMAN_CURATED,PHASE_17,ACTIVE,BOARD_MAPPING_OMISSION
q-p17g-tsbie-bieap-subj-economics-Class12-0149,tsbie-bieap,tsbie-bieap,Class 12,science,subj-economics,en,none,ver-tsbie-bieap-2026,HUMAN_CURATED,single_mcq,0,HUMAN_CURATED,PHASE_17,ACTIVE,BOARD_MAPPING_OMISSION
q-p17g-tsbie-bieap-subj-economics-Class12-0150,tsbie-bieap,tsbie-bieap,Class 12,science,subj-economics,en,none,ver-tsbie-bieap-2026,HUMAN_CURATED,long_answer,0,HUMAN_CURATED,PHASE_17,ACTIVE,BOARD_MAPPING_OMISSION
q-p17g-tsbie-bieap-subj-economics-Class12-0151,tsbie-bieap,tsbie-bieap,Class 12,science,subj-economics,en,none,ver-tsbie-bieap-2026,HUMAN_CURATED,single_mcq,0,HUMAN_CURATED,PHASE_17,ACTIVE,BOARD_MAPPING_OMISSION
q-p17g-tsbie-bieap-subj-economics-Class12-0152,tsbie-bieap,tsbie-bieap,Class 12,science,subj-economics,en,none,ver-tsbie-bieap-2026,HUMAN_CURATED,assertion_reason,0,HUMAN_CURATED,PHASE_17,ACTIVE,BOARD_MAPPING_OMISSION
q-p17g-tsbie-bieap-subj-economics-Class12-0153,tsbie-bieap,tsbie-bieap,Class 12,science,subj-economics,en,none,ver-tsbie-bieap-2026,HUMAN_CURATED,single_mcq,0,HUMAN_CURATED,PHASE_17,ACTIVE,BOARD_MAPPING_OMISSION
q-p17g-tsbie-bieap-subj-economics-Class12-0154,tsbie-bieap,tsbie-bieap,Class 12,science,subj-economics,en,none,ver-tsbie-bieap-2026,HUMAN_CURATED,single_mcq,0,HUMAN_CURATED,PHASE_17,ACTIVE,BOARD_MAPPING_OMISSION
q-p17g-tsbie-bieap-subj-economics-Class12-0155,tsbie-bieap,tsbie-bieap,Class 12,science,subj-economics,en,none,ver-tsbie-bieap-2026,HUMAN_CURATED,short_answer,0,HUMAN_CURATED,PHASE_17,ACTIVE,BOARD_MAPPING_OMISSION
q-p17g-tsbie-bieap-subj-economics-Class12-0156,tsbie-bieap,tsbie-bieap,Class 12,science,subj-economics,en,none,ver-tsbie-bieap-2026,HUMAN_CURATED,assertion_reason,0,HUMAN_CURATED,PHASE_17,ACTIVE,BOARD_MAPPING_OMISSION
q-p17g-tsbie-bieap-subj-economics-Class12-0157,tsbie-bieap,tsbie-bieap,Class 12,science,subj-economics,en,none,ver-tsbie-bieap-2026,HUMAN_CURATED,single_mcq,0,HUMAN_CURATED,PHASE_17,ACTIVE,BOARD_MAPPING_OMISSION
q-p17g-tsbie-bieap-subj-economics-Class12-0158,tsbie-bieap,tsbie-bieap,Class 12,science,subj-economics,en,none,ver-tsbie-bieap-2026,HUMAN_CURATED,single_mcq,0,HUMAN_CURATED,PHASE_17,ACTIVE,BOARD_MAPPING_OMISSION
q-p17g-tsbie-bieap-subj-economics-Class12-0159,tsbie-bieap,tsbie-bieap,Class 12,science,subj-economics,en,none,ver-tsbie-bieap-2026,HUMAN_CURATED,single_mcq,0,HUMAN_CURATED,PHASE_17,ACTIVE,BOARD_MAPPING_OMISSION
q-p17g-tsbie-bieap-subj-economics-Class12-0160,tsbie-bieap,tsbie-bieap,Class 12,science,subj-economics,en,none,ver-tsbie-bieap-2026,HUMAN_CURATED,long_answer,0,HUMAN_CURATED,PHASE_17,ACTIVE,BOARD_MAPPING_OMISSION
q-p17g-tsbie-bieap-subj-economics-Class12-0161,tsbie-bieap,tsbie-bieap,Class 12,science,subj-economics,en,none,ver-tsbie-bieap-2026,HUMAN_CURATED,single_mcq,0,HUMAN_CURATED,PHASE_17,ACTIVE,BOARD_MAPPING_OMISSION
q-p17g-tsbie-bieap-subj-economics-Class12-0162,tsbie-bieap,tsbie-bieap,Class 12,science,subj-economics,en,none,ver-tsbie-bieap-2026,HUMAN_CURATED,single_mcq,0,HUMAN_CURATED,PHASE_17,ACTIVE,BOARD_MAPPING_OMISSION
q-p17g-tsbie-bieap-subj-economics-Class12-0163,tsbie-bieap,tsbie-bieap,Class 12,science,subj-economics,en,none,ver-tsbie-bieap-2026,HUMAN_CURATED,single_mcq,0,HUMAN_CURATED,PHASE_17,ACTIVE,BOARD_MAPPING_OMISSION
q-p17g-tsbie-bieap-subj-economics-Class12-0164,tsbie-bieap,tsbie-bieap,Class 12,science,subj-economics,en,none,ver-tsbie-bieap-2026,HUMAN_CURATED,single_mcq,0,HUMAN_CURATED,PHASE_17,ACTIVE,BOARD_MAPPING_OMISSION
q-p17g-tsbie-bieap-subj-economics-Class12-0165,tsbie-bieap,tsbie-bieap,Class 12,science,subj-economics,en,none,ver-tsbie-bieap-2026,HUMAN_CURATED,case_study,0,HUMAN_CURATED,PHASE_17,ACTIVE,BOARD_MAPPING_OMISSION
q-p17g-tsbie-bieap-subj-economics-Class12-0166,tsbie-bieap,tsbie-bieap,Class 12,science,subj-economics,en,none,ver-tsbie-bieap-2026,HUMAN_CURATED,single_mcq,0,HUMAN_CURATED,PHASE_17,ACTIVE,BOARD_MAPPING_OMISSION
q-p17g-tsbie-bieap-subj-economics-Class12-0167,tsbie-bieap,tsbie-bieap,Class 12,science,subj-economics,en,none,ver-tsbie-bieap-2026,HUMAN_CURATED,single_mcq,0,HUMAN_CURATED,PHASE_17,ACTIVE,BOARD_MAPPING_OMISSION
q-p17g-tsbie-bieap-subj-economics-Class12-0168,tsbie-bieap,tsbie-bieap,Class 12,science,subj-economics,en,none,ver-tsbie-bieap-2026,HUMAN_CURATED,assertion_reason,0,HUMAN_CURATED,PHASE_17,ACTIVE,BOARD_MAPPING_OMISSION
q-p17g-tsbie-bieap-subj-economics-Class12-0169,tsbie-bieap,tsbie-bieap,Class 12,science,subj-economics,en,none,ver-tsbie-bieap-2026,HUMAN_CURATED,single_mcq,0,HUMAN_CURATED,PHASE_17,ACTIVE,BOARD_MAPPING_OMISSION
q-p17g-tsbie-bieap-subj-economics-Class12-0170,tsbie-bieap,tsbie-bieap,Class 12,science,subj-economics,en,none,ver-tsbie-bieap-2026,HUMAN_CURATED,long_answer,0,HUMAN_CURATED,PHASE_17,ACTIVE,BOARD_MAPPING_OMISSION
q-p17g-tsbie-bieap-subj-economics-Class12-0171,tsbie-bieap,tsbie-bieap,Class 12,science,subj-economics,en,none,ver-tsbie-bieap-2026,HUMAN_CURATED,single_mcq,0,HUMAN_CURATED,PHASE_17,ACTIVE,BOARD_MAPPING_OMISSION
q-p17g-tsbie-bieap-subj-economics-Class12-0172,tsbie-bieap,tsbie-bieap,Class 12,science,subj-economics,en,none,ver-tsbie-bieap-2026,HUMAN_CURATED,single_mcq,0,HUMAN_CURATED,PHASE_17,ACTIVE,BOARD_MAPPING_OMISSION
q-p17g-tsbie-bieap-subj-economics-Class12-0173,tsbie-bieap,tsbie-bieap,Class 12,science,subj-economics,en,none,ver-tsbie-bieap-2026,HUMAN_CURATED,single_mcq,0,HUMAN_CURATED,PHASE_17,ACTIVE,BOARD_MAPPING_OMISSION
q-p17g-tsbie-bieap-subj-economics-Class12-0174,tsbie-bieap,tsbie-bieap,Class 12,science,subj-economics,en,none,ver-tsbie-bieap-2026,HUMAN_CURATED,single_mcq,0,HUMAN_CURATED,PHASE_17,ACTIVE,BOARD_MAPPING_OMISSION
q-p17g-tsbie-bieap-subj-economics-Class12-0175,tsbie-bieap,tsbie-bieap,Class 12,science,subj-economics,en,none,ver-tsbie-bieap-2026,HUMAN_CURATED,short_answer,0,HUMAN_CURATED,PHASE_17,ACTIVE,BOARD_MAPPING_OMISSION
q-p17g-tsbie-bieap-subj-economics-Class12-0176,tsbie-bieap,tsbie-bieap,Class 12,science,subj-economics,en,none,ver-tsbie-bieap-2026,HUMAN_CURATED,assertion_reason,0,HUMAN_CURATED,PHASE_17,ACTIVE,BOARD_MAPPING_OMISSION
q-p17g-tsbie-bieap-subj-economics-Class12-0177,tsbie-bieap,tsbie-bieap,Class 12,science,subj-economics,en,none,ver-tsbie-bieap-2026,HUMAN_CURATED,single_mcq,0,HUMAN_CURATED,PHASE_17,ACTIVE,BOARD_MAPPING_OMISSION
q-p17g-tsbie-bieap-subj-economics-Class12-0178,tsbie-bieap,tsbie-bieap,Class 12,science,subj-economics,en,none,ver-tsbie-bieap-2026,HUMAN_CURATED,single_mcq,0,HUMAN_CURATED,PHASE_17,ACTIVE,BOARD_MAPPING_OMISSION
q-p17g-tsbie-bieap-subj-economics-Class12-0179,tsbie-bieap,tsbie-bieap,Class 12,science,subj-economics,en,none,ver-tsbie-bieap-2026,HUMAN_CURATED,single_mcq,0,HUMAN_CURATED,PHASE_17,ACTIVE,BOARD_MAPPING_OMISSION
q-p17g-tsbie-bieap-subj-economics-Class12-0180,tsbie-bieap,tsbie-bieap,Class 12,science,subj-economics,en,none,ver-tsbie-bieap-2026,HUMAN_CURATED,long_answer,0,HUMAN_CURATED,PHASE_17,ACTIVE,BOARD_MAPPING_OMISSION
q-p17g-tsbie-bieap-subj-economics-Class12-0181,tsbie-bieap,tsbie-bieap,Class 12,science,subj-economics,en,none,ver-tsbie-bieap-2026,HUMAN_CURATED,single_mcq,0,HUMAN_CURATED,PHASE_17,ACTIVE,BOARD_MAPPING_OMISSION
q-p17g-tsbie-bieap-subj-economics-Class12-0182,tsbie-bieap,tsbie-bieap,Class 12,science,subj-economics,en,none,ver-tsbie-bieap-2026,HUMAN_CURATED,single_mcq,0,HUMAN_CURATED,PHASE_17,ACTIVE,BOARD_MAPPING_OMISSION
q-p17g-tsbie-bieap-subj-economics-Class12-0183,tsbie-bieap,tsbie-bieap,Class 12,science,subj-economics,en,none,ver-tsbie-bieap-2026,HUMAN_CURATED,single_mcq,0,HUMAN_CURATED,PHASE_17,ACTIVE,BOARD_MAPPING_OMISSION
q-p17g-tsbie-bieap-subj-economics-Class12-0184,tsbie-bieap,tsbie-bieap,Class 12,science,subj-economics,en,none,ver-tsbie-bieap-2026,HUMAN_CURATED,assertion_reason,0,HUMAN_CURATED,PHASE_17,ACTIVE,BOARD_MAPPING_OMISSION
q-p17g-tsbie-bieap-subj-economics-Class12-0185,tsbie-bieap,tsbie-bieap,Class 12,science,subj-economics,en,none,ver-tsbie-bieap-2026,HUMAN_CURATED,short_answer,0,HUMAN_CURATED,PHASE_17,ACTIVE,BOARD_MAPPING_OMISSION
q-p17g-tsbie-bieap-subj-economics-Class12-0186,tsbie-bieap,tsbie-bieap,Class 12,science,subj-economics,en,none,ver-tsbie-bieap-2026,HUMAN_CURATED,single_mcq,0,HUMAN_CURATED,PHASE_17,ACTIVE,BOARD_MAPPING_OMISSION
q-p17g-tsbie-bieap-subj-economics-Class12-0187,tsbie-bieap,tsbie-bieap,Class 12,science,subj-economics,en,none,ver-tsbie-bieap-2026,HUMAN_CURATED,single_mcq,0,HUMAN_CURATED,PHASE_17,ACTIVE,BOARD_MAPPING_OMISSION
q-p17g-tsbie-bieap-subj-economics-Class12-0188,tsbie-bieap,tsbie-bieap,Class 12,science,subj-economics,en,none,ver-tsbie-bieap-2026,HUMAN_CURATED,single_mcq,0,HUMAN_CURATED,PHASE_17,ACTIVE,BOARD_MAPPING_OMISSION
q-p17g-tsbie-bieap-subj-economics-Class12-0189,tsbie-bieap,tsbie-bieap,Class 12,science,subj-economics,en,none,ver-tsbie-bieap-2026,HUMAN_CURATED,single_mcq,0,HUMAN_CURATED,PHASE_17,ACTIVE,BOARD_MAPPING_OMISSION
q-p17g-tsbie-bieap-subj-economics-Class12-0190,tsbie-bieap,tsbie-bieap,Class 12,science,subj-economics,en,none,ver-tsbie-bieap-2026,HUMAN_CURATED,long_answer,0,HUMAN_CURATED,PHASE_17,ACTIVE,BOARD_MAPPING_OMISSION
q-p17g-tsbie-bieap-subj-economics-Class12-0191,tsbie-bieap,tsbie-bieap,Class 12,science,subj-economics,en,none,ver-tsbie-bieap-2026,HUMAN_CURATED,single_mcq,0,HUMAN_CURATED,PHASE_17,ACTIVE,BOARD_MAPPING_OMISSION
q-p17g-tsbie-bieap-subj-economics-Class12-0192,tsbie-bieap,tsbie-bieap,Class 12,science,subj-economics,en,none,ver-tsbie-bieap-2026,HUMAN_CURATED,assertion_reason,0,HUMAN_CURATED,PHASE_17,ACTIVE,BOARD_MAPPING_OMISSION
q-p17g-tsbie-bieap-subj-economics-Class12-0193,tsbie-bieap,tsbie-bieap,Class 12,science,subj-economics,en,none,ver-tsbie-bieap-2026,HUMAN_CURATED,single_mcq,0,HUMAN_CURATED,PHASE_17,ACTIVE,BOARD_MAPPING_OMISSION
q-p17g-tsbie-bieap-subj-economics-Class12-0194,tsbie-bieap,tsbie-bieap,Class 12,science,subj-economics,en,none,ver-tsbie-bieap-2026,HUMAN_CURATED,single_mcq,0,HUMAN_CURATED,PHASE_17,ACTIVE,BOARD_MAPPING_OMISSION
q-p17g-tsbie-bieap-subj-economics-Class12-0195,tsbie-bieap,tsbie-bieap,Class 12,science,subj-economics,en,none,ver-tsbie-bieap-2026,HUMAN_CURATED,case_study,0,HUMAN_CURATED,PHASE_17,ACTIVE,BOARD_MAPPING_OMISSION
q-p17g-tsbie-bieap-subj-economics-Class12-0196,tsbie-bieap,tsbie-bieap,Class 12,science,subj-economics,en,none,ver-tsbie-bieap-2026,HUMAN_CURATED,single_mcq,0,HUMAN_CURATED,PHASE_17,ACTIVE,BOARD_MAPPING_OMISSION
q-p17g-tsbie-bieap-subj-economics-Class12-0197,tsbie-bieap,tsbie-bieap,Class 12,science,subj-economics,en,none,ver-tsbie-bieap-2026,HUMAN_CURATED,single_mcq,0,HUMAN_CURATED,PHASE_17,ACTIVE,BOARD_MAPPING_OMISSION
q-p17g-tsbie-bieap-subj-economics-Class12-0198,tsbie-bieap,tsbie-bieap,Class 12,science,subj-economics,en,none,ver-tsbie-bieap-2026,HUMAN_CURATED,single_mcq,0,HUMAN_CURATED,PHASE_17,ACTIVE,BOARD_MAPPING_OMISSION
q-p17g-tsbie-bieap-subj-economics-Class12-0199,tsbie-bieap,tsbie-bieap,Class 12,science,subj-economics,en,none,ver-tsbie-bieap-2026,HUMAN_CURATED,single_mcq,0,HUMAN_CURATED,PHASE_17,ACTIVE,BOARD_MAPPING_OMISSION
q-p17g-tsbie-bieap-subj-economics-Class12-0200,tsbie-bieap,tsbie-bieap,Class 12,science,subj-economics,en,none,ver-tsbie-bieap-2026,HUMAN_CURATED,long_answer,0,HUMAN_CURATED,PHASE_17,ACTIVE,BOARD_MAPPING_OMISSION
q-p17g-tsbie-bieap-subj-math12-Class12-0001,tsbie-bieap,tsbie-bieap,Class 12,science,subj-math12,en,none,ver-tsbie-bieap-2026,HUMAN_CURATED,single_mcq,0,HUMAN_CURATED,PHASE_17,ACTIVE,BOARD_MAPPING_OMISSION
q-p17g-tsbie-bieap-subj-math12-Class12-0002,tsbie-bieap,tsbie-bieap,Class 12,science,subj-math12,en,none,ver-tsbie-bieap-2026,HUMAN_CURATED,single_mcq,0,HUMAN_CURATED,PHASE_17,ACTIVE,BOARD_MAPPING_OMISSION
q-p17g-tsbie-bieap-subj-math12-Class12-0003,tsbie-bieap,tsbie-bieap,Class 12,science,subj-math12,en,none,ver-tsbie-bieap-2026,HUMAN_CURATED,single_mcq,0,HUMAN_CURATED,PHASE_17,ACTIVE,BOARD_MAPPING_OMISSION
q-p17g-tsbie-bieap-subj-math12-Class12-0004,tsbie-bieap,tsbie-bieap,Class 12,science,subj-math12,en,none,ver-tsbie-bieap-2026,HUMAN_CURATED,single_mcq,0,HUMAN_CURATED,PHASE_17,ACTIVE,BOARD_MAPPING_OMISSION
q-p17g-tsbie-bieap-subj-math12-Class12-0005,tsbie-bieap,tsbie-bieap,Class 12,science,subj-math12,en,none,ver-tsbie-bieap-2026,HUMAN_CURATED,short_answer,0,HUMAN_CURATED,PHASE_17,ACTIVE,BOARD_MAPPING_OMISSION
q-p17g-tsbie-bieap-subj-math12-Class12-0006,tsbie-bieap,tsbie-bieap,Class 12,science,subj-math12,en,none,ver-tsbie-bieap-2026,HUMAN_CURATED,single_mcq,0,HUMAN_CURATED,PHASE_17,ACTIVE,BOARD_MAPPING_OMISSION
q-p17g-tsbie-bieap-subj-math12-Class12-0007,tsbie-bieap,tsbie-bieap,Class 12,science,subj-math12,en,none,ver-tsbie-bieap-2026,HUMAN_CURATED,single_mcq,0,HUMAN_CURATED,PHASE_17,ACTIVE,BOARD_MAPPING_OMISSION
q-p17g-tsbie-bieap-subj-math12-Class12-0008,tsbie-bieap,tsbie-bieap,Class 12,science,subj-math12,en,none,ver-tsbie-bieap-2026,HUMAN_CURATED,assertion_reason,0,HUMAN_CURATED,PHASE_17,ACTIVE,BOARD_MAPPING_OMISSION
q-p17g-tsbie-bieap-subj-math12-Class12-0009,tsbie-bieap,tsbie-bieap,Class 12,science,subj-math12,en,none,ver-tsbie-bieap-2026,HUMAN_CURATED,single_mcq,0,HUMAN_CURATED,PHASE_17,ACTIVE,BOARD_MAPPING_OMISSION
q-p17g-tsbie-bieap-subj-math12-Class12-0010,tsbie-bieap,tsbie-bieap,Class 12,science,subj-math12,en,none,ver-tsbie-bieap-2026,HUMAN_CURATED,long_answer,0,HUMAN_CURATED,PHASE_17,ACTIVE,BOARD_MAPPING_OMISSION
q-p17g-tsbie-bieap-subj-math12-Class12-0011,tsbie-bieap,tsbie-bieap,Class 12,science,subj-math12,en,none,ver-tsbie-bieap-2026,HUMAN_CURATED,single_mcq,0,HUMAN_CURATED,PHASE_17,ACTIVE,BOARD_MAPPING_OMISSION
q-p17g-tsbie-bieap-subj-math12-Class12-0012,tsbie-bieap,tsbie-bieap,Class 12,science,subj-math12,en,none,ver-tsbie-bieap-2026,HUMAN_CURATED,assertion_reason,0,HUMAN_CURATED,PHASE_17,ACTIVE,BOARD_MAPPING_OMISSION
q-p17g-tsbie-bieap-subj-math12-Class12-0013,tsbie-bieap,tsbie-bieap,Class 12,science,subj-math12,en,none,ver-tsbie-bieap-2026,HUMAN_CURATED,single_mcq,0,HUMAN_CURATED,PHASE_17,ACTIVE,BOARD_MAPPING_OMISSION
q-p17g-tsbie-bieap-subj-math12-Class12-0014,tsbie-bieap,tsbie-bieap,Class 12,science,subj-math12,en,none,ver-tsbie-bieap-2026,HUMAN_CURATED,single_mcq,0,HUMAN_CURATED,PHASE_17,ACTIVE,BOARD_MAPPING_OMISSION
q-p17g-tsbie-bieap-subj-math12-Class12-0015,tsbie-bieap,tsbie-bieap,Class 12,science,subj-math12,en,none,ver-tsbie-bieap-2026,HUMAN_CURATED,case_study,0,HUMAN_CURATED,PHASE_17,ACTIVE,BOARD_MAPPING_OMISSION
q-p17g-tsbie-bieap-subj-math12-Class12-0016,tsbie-bieap,tsbie-bieap,Class 12,science,subj-math12,en,none,ver-tsbie-bieap-2026,HUMAN_CURATED,assertion_reason,0,HUMAN_CURATED,PHASE_17,ACTIVE,BOARD_MAPPING_OMISSION
q-p17g-tsbie-bieap-subj-math12-Class12-0017,tsbie-bieap,tsbie-bieap,Class 12,science,subj-math12,en,none,ver-tsbie-bieap-2026,HUMAN_CURATED,single_mcq,0,HUMAN_CURATED,PHASE_17,ACTIVE,BOARD_MAPPING_OMISSION
q-p17g-tsbie-bieap-subj-math12-Class12-0018,tsbie-bieap,tsbie-bieap,Class 12,science,subj-math12,en,none,ver-tsbie-bieap-2026,HUMAN_CURATED,single_mcq,0,HUMAN_CURATED,PHASE_17,ACTIVE,BOARD_MAPPING_OMISSION
q-p17g-tsbie-bieap-subj-math12-Class12-0019,tsbie-bieap,tsbie-bieap,Class 12,science,subj-math12,en,none,ver-tsbie-bieap-2026,HUMAN_CURATED,single_mcq,0,HUMAN_CURATED,PHASE_17,ACTIVE,BOARD_MAPPING_OMISSION
q-p17g-tsbie-bieap-subj-math12-Class12-0020,tsbie-bieap,tsbie-bieap,Class 12,science,subj-math12,en,none,ver-tsbie-bieap-2026,HUMAN_CURATED,long_answer,0,HUMAN_CURATED,PHASE_17,ACTIVE,BOARD_MAPPING_OMISSION
q-p17g-tsbie-bieap-subj-math12-Class12-0021,tsbie-bieap,tsbie-bieap,Class 12,science,subj-math12,en,none,ver-tsbie-bieap-2026,HUMAN_CURATED,single_mcq,0,HUMAN_CURATED,PHASE_17,ACTIVE,BOARD_MAPPING_OMISSION
q-p17g-tsbie-bieap-subj-math12-Class12-0022,tsbie-bieap,tsbie-bieap,Class 12,science,subj-math12,en,none,ver-tsbie-bieap-2026,HUMAN_CURATED,single_mcq,0,HUMAN_CURATED,PHASE_17,ACTIVE,BOARD_MAPPING_OMISSION
q-p17g-tsbie-bieap-subj-math12-Class12-0023,tsbie-bieap,tsbie-bieap,Class 12,science,subj-math12,en,none,ver-tsbie-bieap-2026,HUMAN_CURATED,single_mcq,0,HUMAN_CURATED,PHASE_17,ACTIVE,BOARD_MAPPING_OMISSION
q-p17g-tsbie-bieap-subj-math12-Class12-0024,tsbie-bieap,tsbie-bieap,Class 12,science,subj-math12,en,none,ver-tsbie-bieap-2026,HUMAN_CURATED,assertion_reason,0,HUMAN_CURATED,PHASE_17,ACTIVE,BOARD_MAPPING_OMISSION
q-p17g-tsbie-bieap-subj-math12-Class12-0025,tsbie-bieap,tsbie-bieap,Class 12,science,subj-math12,en,none,ver-tsbie-bieap-2026,HUMAN_CURATED,short_answer,0,HUMAN_CURATED,PHASE_17,ACTIVE,BOARD_MAPPING_OMISSION
q-p17g-tsbie-bieap-subj-math12-Class12-0026,tsbie-bieap,tsbie-bieap,Class 12,science,subj-math12,en,none,ver-tsbie-bieap-2026,HUMAN_CURATED,single_mcq,0,HUMAN_CURATED,PHASE_17,ACTIVE,BOARD_MAPPING_OMISSION
q-p17g-tsbie-bieap-subj-math12-Class12-0027,tsbie-bieap,tsbie-bieap,Class 12,science,subj-math12,en,none,ver-tsbie-bieap-2026,HUMAN_CURATED,single_mcq,0,HUMAN_CURATED,PHASE_17,ACTIVE,BOARD_MAPPING_OMISSION
q-p17g-tsbie-bieap-subj-math12-Class12-0028,tsbie-bieap,tsbie-bieap,Class 12,science,subj-math12,en,none,ver-tsbie-bieap-2026,HUMAN_CURATED,single_mcq,0,HUMAN_CURATED,PHASE_17,ACTIVE,BOARD_MAPPING_OMISSION
q-p17g-tsbie-bieap-subj-math12-Class12-0029,tsbie-bieap,tsbie-bieap,Class 12,science,subj-math12,en,none,ver-tsbie-bieap-2026,HUMAN_CURATED,single_mcq,0,HUMAN_CURATED,PHASE_17,ACTIVE,BOARD_MAPPING_OMISSION
q-p17g-tsbie-bieap-subj-math12-Class12-0030,tsbie-bieap,tsbie-bieap,Class 12,science,subj-math12,en,none,ver-tsbie-bieap-2026,HUMAN_CURATED,long_answer,0,HUMAN_CURATED,PHASE_17,ACTIVE,BOARD_MAPPING_OMISSION
q-p17g-tsbie-bieap-subj-math12-Class12-0031,tsbie-bieap,tsbie-bieap,Class 12,science,subj-math12,en,none,ver-tsbie-bieap-2026,HUMAN_CURATED,single_mcq,0,HUMAN_CURATED,PHASE_17,ACTIVE,BOARD_MAPPING_OMISSION
q-p17g-tsbie-bieap-subj-math12-Class12-0032,tsbie-bieap,tsbie-bieap,Class 12,science,subj-math12,en,none,ver-tsbie-bieap-2026,HUMAN_CURATED,assertion_reason,0,HUMAN_CURATED,PHASE_17,ACTIVE,BOARD_MAPPING_OMISSION
q-p17g-tsbie-bieap-subj-math12-Class12-0033,tsbie-bieap,tsbie-bieap,Class 12,science,subj-math12,en,none,ver-tsbie-bieap-2026,HUMAN_CURATED,single_mcq,0,HUMAN_CURATED,PHASE_17,ACTIVE,BOARD_MAPPING_OMISSION
q-p17g-tsbie-bieap-subj-math12-Class12-0034,tsbie-bieap,tsbie-bieap,Class 12,science,subj-math12,en,none,ver-tsbie-bieap-2026,HUMAN_CURATED,single_mcq,0,HUMAN_CURATED,PHASE_17,ACTIVE,BOARD_MAPPING_OMISSION
q-p17g-tsbie-bieap-subj-math12-Class12-0035,tsbie-bieap,tsbie-bieap,Class 12,science,subj-math12,en,none,ver-tsbie-bieap-2026,HUMAN_CURATED,short_answer,0,HUMAN_CURATED,PHASE_17,ACTIVE,BOARD_MAPPING_OMISSION
q-p17g-tsbie-bieap-subj-math12-Class12-0036,tsbie-bieap,tsbie-bieap,Class 12,science,subj-math12,en,none,ver-tsbie-bieap-2026,HUMAN_CURATED,assertion_reason,0,HUMAN_CURATED,PHASE_17,ACTIVE,BOARD_MAPPING_OMISSION
q-p17g-tsbie-bieap-subj-math12-Class12-0037,tsbie-bieap,tsbie-bieap,Class 12,science,subj-math12,en,none,ver-tsbie-bieap-2026,HUMAN_CURATED,single_mcq,0,HUMAN_CURATED,PHASE_17,ACTIVE,BOARD_MAPPING_OMISSION
q-p17g-tsbie-bieap-subj-math12-Class12-0038,tsbie-bieap,tsbie-bieap,Class 12,science,subj-math12,en,none,ver-tsbie-bieap-2026,HUMAN_CURATED,single_mcq,0,HUMAN_CURATED,PHASE_17,ACTIVE,BOARD_MAPPING_OMISSION
q-p17g-tsbie-bieap-subj-math12-Class12-0039,tsbie-bieap,tsbie-bieap,Class 12,science,subj-math12,en,none,ver-tsbie-bieap-2026,HUMAN_CURATED,single_mcq,0,HUMAN_CURATED,PHASE_17,ACTIVE,BOARD_MAPPING_OMISSION
q-p17g-tsbie-bieap-subj-math12-Class12-0040,tsbie-bieap,tsbie-bieap,Class 12,science,subj-math12,en,none,ver-tsbie-bieap-2026,HUMAN_CURATED,long_answer,0,HUMAN_CURATED,PHASE_17,ACTIVE,BOARD_MAPPING_OMISSION
q-p17g-tsbie-bieap-subj-math12-Class12-0041,tsbie-bieap,tsbie-bieap,Class 12,science,subj-math12,en,none,ver-tsbie-bieap-2026,HUMAN_CURATED,single_mcq,0,HUMAN_CURATED,PHASE_17,ACTIVE,BOARD_MAPPING_OMISSION
q-p17g-tsbie-bieap-subj-math12-Class12-0042,tsbie-bieap,tsbie-bieap,Class 12,science,subj-math12,en,none,ver-tsbie-bieap-2026,HUMAN_CURATED,single_mcq,0,HUMAN_CURATED,PHASE_17,ACTIVE,BOARD_MAPPING_OMISSION
q-p17g-tsbie-bieap-subj-math12-Class12-0043,tsbie-bieap,tsbie-bieap,Class 12,science,subj-math12,en,none,ver-tsbie-bieap-2026,HUMAN_CURATED,single_mcq,0,HUMAN_CURATED,PHASE_17,ACTIVE,BOARD_MAPPING_OMISSION
q-p17g-tsbie-bieap-subj-math12-Class12-0044,tsbie-bieap,tsbie-bieap,Class 12,science,subj-math12,en,none,ver-tsbie-bieap-2026,HUMAN_CURATED,single_mcq,0,HUMAN_CURATED,PHASE_17,ACTIVE,BOARD_MAPPING_OMISSION
q-p17g-tsbie-bieap-subj-math12-Class12-0045,tsbie-bieap,tsbie-bieap,Class 12,science,subj-math12,en,none,ver-tsbie-bieap-2026,HUMAN_CURATED,case_study,0,HUMAN_CURATED,PHASE_17,ACTIVE,BOARD_MAPPING_OMISSION
q-p17g-tsbie-bieap-subj-math12-Class12-0046,tsbie-bieap,tsbie-bieap,Class 12,science,subj-math12,en,none,ver-tsbie-bieap-2026,HUMAN_CURATED,single_mcq,0,HUMAN_CURATED,PHASE_17,ACTIVE,BOARD_MAPPING_OMISSION
q-p17g-tsbie-bieap-subj-math12-Class12-0047,tsbie-bieap,tsbie-bieap,Class 12,science,subj-math12,en,none,ver-tsbie-bieap-2026,HUMAN_CURATED,single_mcq,0,HUMAN_CURATED,PHASE_17,ACTIVE,BOARD_MAPPING_OMISSION
q-p17g-tsbie-bieap-subj-math12-Class12-0048,tsbie-bieap,tsbie-bieap,Class 12,science,subj-math12,en,none,ver-tsbie-bieap-2026,HUMAN_CURATED,assertion_reason,0,HUMAN_CURATED,PHASE_17,ACTIVE,BOARD_MAPPING_OMISSION
q-p17g-tsbie-bieap-subj-math12-Class12-0049,tsbie-bieap,tsbie-bieap,Class 12,science,subj-math12,en,none,ver-tsbie-bieap-2026,HUMAN_CURATED,single_mcq,0,HUMAN_CURATED,PHASE_17,ACTIVE,BOARD_MAPPING_OMISSION
q-p17g-tsbie-bieap-subj-math12-Class12-0050,tsbie-bieap,tsbie-bieap,Class 12,science,subj-math12,en,none,ver-tsbie-bieap-2026,HUMAN_CURATED,long_answer,0,HUMAN_CURATED,PHASE_17,ACTIVE,BOARD_MAPPING_OMISSION
q-p17g-tsbie-bieap-subj-math12-Class12-0051,tsbie-bieap,tsbie-bieap,Class 12,science,subj-math12,en,none,ver-tsbie-bieap-2026,HUMAN_CURATED,single_mcq,0,HUMAN_CURATED,PHASE_17,ACTIVE,BOARD_MAPPING_OMISSION
q-p17g-tsbie-bieap-subj-math12-Class12-0052,tsbie-bieap,tsbie-bieap,Class 12,science,subj-math12,en,none,ver-tsbie-bieap-2026,HUMAN_CURATED,single_mcq,0,HUMAN_CURATED,PHASE_17,ACTIVE,BOARD_MAPPING_OMISSION
q-p17g-tsbie-bieap-subj-math12-Class12-0053,tsbie-bieap,tsbie-bieap,Class 12,science,subj-math12,en,none,ver-tsbie-bieap-2026,HUMAN_CURATED,single_mcq,0,HUMAN_CURATED,PHASE_17,ACTIVE,BOARD_MAPPING_OMISSION
q-p17g-tsbie-bieap-subj-math12-Class12-0054,tsbie-bieap,tsbie-bieap,Class 12,science,subj-math12,en,none,ver-tsbie-bieap-2026,HUMAN_CURATED,single_mcq,0,HUMAN_CURATED,PHASE_17,ACTIVE,BOARD_MAPPING_OMISSION
q-p17g-tsbie-bieap-subj-math12-Class12-0055,tsbie-bieap,tsbie-bieap,Class 12,science,subj-math12,en,none,ver-tsbie-bieap-2026,HUMAN_CURATED,short_answer,0,HUMAN_CURATED,PHASE_17,ACTIVE,BOARD_MAPPING_OMISSION
q-p17g-tsbie-bieap-subj-math12-Class12-0056,tsbie-bieap,tsbie-bieap,Class 12,science,subj-math12,en,none,ver-tsbie-bieap-2026,HUMAN_CURATED,assertion_reason,0,HUMAN_CURATED,PHASE_17,ACTIVE,BOARD_MAPPING_OMISSION
q-p17g-tsbie-bieap-subj-math12-Class12-0057,tsbie-bieap,tsbie-bieap,Class 12,science,subj-math12,en,none,ver-tsbie-bieap-2026,HUMAN_CURATED,single_mcq,0,HUMAN_CURATED,PHASE_17,ACTIVE,BOARD_MAPPING_OMISSION
q-p17g-tsbie-bieap-subj-math12-Class12-0058,tsbie-bieap,tsbie-bieap,Class 12,science,subj-math12,en,none,ver-tsbie-bieap-2026,HUMAN_CURATED,single_mcq,0,HUMAN_CURATED,PHASE_17,ACTIVE,BOARD_MAPPING_OMISSION
q-p17g-tsbie-bieap-subj-math12-Class12-0059,tsbie-bieap,tsbie-bieap,Class 12,science,subj-math12,en,none,ver-tsbie-bieap-2026,HUMAN_CURATED,single_mcq,0,HUMAN_CURATED,PHASE_17,ACTIVE,BOARD_MAPPING_OMISSION
q-p17g-tsbie-bieap-subj-math12-Class12-0060,tsbie-bieap,tsbie-bieap,Class 12,science,subj-math12,en,none,ver-tsbie-bieap-2026,HUMAN_CURATED,long_answer,0,HUMAN_CURATED,PHASE_17,ACTIVE,BOARD_MAPPING_OMISSION
q-p17g-tsbie-bieap-subj-math12-Class12-0061,tsbie-bieap,tsbie-bieap,Class 12,science,subj-math12,en,none,ver-tsbie-bieap-2026,HUMAN_CURATED,single_mcq,0,HUMAN_CURATED,PHASE_17,ACTIVE,BOARD_MAPPING_OMISSION
q-p17g-tsbie-bieap-subj-math12-Class12-0062,tsbie-bieap,tsbie-bieap,Class 12,science,subj-math12,en,none,ver-tsbie-bieap-2026,HUMAN_CURATED,single_mcq,0,HUMAN_CURATED,PHASE_17,ACTIVE,BOARD_MAPPING_OMISSION
q-p17g-tsbie-bieap-subj-math12-Class12-0063,tsbie-bieap,tsbie-bieap,Class 12,science,subj-math12,en,none,ver-tsbie-bieap-2026,HUMAN_CURATED,single_mcq,0,HUMAN_CURATED,PHASE_17,ACTIVE,BOARD_MAPPING_OMISSION
q-p17g-tsbie-bieap-subj-math12-Class12-0064,tsbie-bieap,tsbie-bieap,Class 12,science,subj-math12,en,none,ver-tsbie-bieap-2026,HUMAN_CURATED,assertion_reason,0,HUMAN_CURATED,PHASE_17,ACTIVE,BOARD_MAPPING_OMISSION
q-p17g-tsbie-bieap-subj-math12-Class12-0065,tsbie-bieap,tsbie-bieap,Class 12,science,subj-math12,en,none,ver-tsbie-bieap-2026,HUMAN_CURATED,short_answer,0,HUMAN_CURATED,PHASE_17,ACTIVE,BOARD_MAPPING_OMISSION
q-p17g-tsbie-bieap-subj-math12-Class12-0066,tsbie-bieap,tsbie-bieap,Class 12,science,subj-math12,en,none,ver-tsbie-bieap-2026,HUMAN_CURATED,single_mcq,0,HUMAN_CURATED,PHASE_17,ACTIVE,BOARD_MAPPING_OMISSION
q-p17g-tsbie-bieap-subj-math12-Class12-0067,tsbie-bieap,tsbie-bieap,Class 12,science,subj-math12,en,none,ver-tsbie-bieap-2026,HUMAN_CURATED,single_mcq,0,HUMAN_CURATED,PHASE_17,ACTIVE,BOARD_MAPPING_OMISSION
q-p17g-tsbie-bieap-subj-math12-Class12-0068,tsbie-bieap,tsbie-bieap,Class 12,science,subj-math12,en,none,ver-tsbie-bieap-2026,HUMAN_CURATED,single_mcq,0,HUMAN_CURATED,PHASE_17,ACTIVE,BOARD_MAPPING_OMISSION
q-p17g-tsbie-bieap-subj-math12-Class12-0069,tsbie-bieap,tsbie-bieap,Class 12,science,subj-math12,en,none,ver-tsbie-bieap-2026,HUMAN_CURATED,single_mcq,0,HUMAN_CURATED,PHASE_17,ACTIVE,BOARD_MAPPING_OMISSION
q-p17g-tsbie-bieap-subj-math12-Class12-0070,tsbie-bieap,tsbie-bieap,Class 12,science,subj-math12,en,none,ver-tsbie-bieap-2026,HUMAN_CURATED,long_answer,0,HUMAN_CURATED,PHASE_17,ACTIVE,BOARD_MAPPING_OMISSION
q-p17g-tsbie-bieap-subj-math12-Class12-0071,tsbie-bieap,tsbie-bieap,Class 12,science,subj-math12,en,none,ver-tsbie-bieap-2026,HUMAN_CURATED,single_mcq,0,HUMAN_CURATED,PHASE_17,ACTIVE,BOARD_MAPPING_OMISSION
q-p17g-tsbie-bieap-subj-math12-Class12-0072,tsbie-bieap,tsbie-bieap,Class 12,science,subj-math12,en,none,ver-tsbie-bieap-2026,HUMAN_CURATED,assertion_reason,0,HUMAN_CURATED,PHASE_17,ACTIVE,BOARD_MAPPING_OMISSION
q-p17g-tsbie-bieap-subj-math12-Class12-0073,tsbie-bieap,tsbie-bieap,Class 12,science,subj-math12,en,none,ver-tsbie-bieap-2026,HUMAN_CURATED,single_mcq,0,HUMAN_CURATED,PHASE_17,ACTIVE,BOARD_MAPPING_OMISSION
q-p17g-tsbie-bieap-subj-math12-Class12-0074,tsbie-bieap,tsbie-bieap,Class 12,science,subj-math12,en,none,ver-tsbie-bieap-2026,HUMAN_CURATED,single_mcq,0,HUMAN_CURATED,PHASE_17,ACTIVE,BOARD_MAPPING_OMISSION
q-p17g-tsbie-bieap-subj-math12-Class12-0075,tsbie-bieap,tsbie-bieap,Class 12,science,subj-math12,en,none,ver-tsbie-bieap-2026,HUMAN_CURATED,case_study,0,HUMAN_CURATED,PHASE_17,ACTIVE,BOARD_MAPPING_OMISSION
q-p17g-tsbie-bieap-subj-math12-Class12-0076,tsbie-bieap,tsbie-bieap,Class 12,science,subj-math12,en,none,ver-tsbie-bieap-2026,HUMAN_CURATED,single_mcq,0,HUMAN_CURATED,PHASE_17,ACTIVE,BOARD_MAPPING_OMISSION
q-p17g-tsbie-bieap-subj-math12-Class12-0077,tsbie-bieap,tsbie-bieap,Class 12,science,subj-math12,en,none,ver-tsbie-bieap-2026,HUMAN_CURATED,single_mcq,0,HUMAN_CURATED,PHASE_17,ACTIVE,BOARD_MAPPING_OMISSION
q-p17g-tsbie-bieap-subj-math12-Class12-0078,tsbie-bieap,tsbie-bieap,Class 12,science,subj-math12,en,none,ver-tsbie-bieap-2026,HUMAN_CURATED,single_mcq,0,HUMAN_CURATED,PHASE_17,ACTIVE,BOARD_MAPPING_OMISSION
q-p17g-tsbie-bieap-subj-math12-Class12-0079,tsbie-bieap,tsbie-bieap,Class 12,science,subj-math12,en,none,ver-tsbie-bieap-2026,HUMAN_CURATED,single_mcq,0,HUMAN_CURATED,PHASE_17,ACTIVE,BOARD_MAPPING_OMISSION
q-p17g-tsbie-bieap-subj-math12-Class12-0080,tsbie-bieap,tsbie-bieap,Class 12,science,subj-math12,en,none,ver-tsbie-bieap-2026,HUMAN_CURATED,long_answer,0,HUMAN_CURATED,PHASE_17,ACTIVE,BOARD_MAPPING_OMISSION
q-p17g-tsbie-bieap-subj-math12-Class12-0081,tsbie-bieap,tsbie-bieap,Class 12,science,subj-math12,en,none,ver-tsbie-bieap-2026,HUMAN_CURATED,single_mcq,0,HUMAN_CURATED,PHASE_17,ACTIVE,BOARD_MAPPING_OMISSION
q-p17g-tsbie-bieap-subj-math12-Class12-0082,tsbie-bieap,tsbie-bieap,Class 12,science,subj-math12,en,none,ver-tsbie-bieap-2026,HUMAN_CURATED,single_mcq,0,HUMAN_CURATED,PHASE_17,ACTIVE,BOARD_MAPPING_OMISSION
q-p17g-tsbie-bieap-subj-math12-Class12-0083,tsbie-bieap,tsbie-bieap,Class 12,science,subj-math12,en,none,ver-tsbie-bieap-2026,HUMAN_CURATED,single_mcq,0,HUMAN_CURATED,PHASE_17,ACTIVE,BOARD_MAPPING_OMISSION
q-p17g-tsbie-bieap-subj-math12-Class12-0084,tsbie-bieap,tsbie-bieap,Class 12,science,subj-math12,en,none,ver-tsbie-bieap-2026,HUMAN_CURATED,assertion_reason,0,HUMAN_CURATED,PHASE_17,ACTIVE,BOARD_MAPPING_OMISSION
q-p17g-tsbie-bieap-subj-math12-Class12-0085,tsbie-bieap,tsbie-bieap,Class 12,science,subj-math12,en,none,ver-tsbie-bieap-2026,HUMAN_CURATED,short_answer,0,HUMAN_CURATED,PHASE_17,ACTIVE,BOARD_MAPPING_OMISSION
q-p17g-tsbie-bieap-subj-math12-Class12-0086,tsbie-bieap,tsbie-bieap,Class 12,science,subj-math12,en,none,ver-tsbie-bieap-2026,HUMAN_CURATED,single_mcq,0,HUMAN_CURATED,PHASE_17,ACTIVE,BOARD_MAPPING_OMISSION
q-p17g-tsbie-bieap-subj-math12-Class12-0087,tsbie-bieap,tsbie-bieap,Class 12,science,subj-math12,en,none,ver-tsbie-bieap-2026,HUMAN_CURATED,single_mcq,0,HUMAN_CURATED,PHASE_17,ACTIVE,BOARD_MAPPING_OMISSION
q-p17g-tsbie-bieap-subj-math12-Class12-0088,tsbie-bieap,tsbie-bieap,Class 12,science,subj-math12,en,none,ver-tsbie-bieap-2026,HUMAN_CURATED,assertion_reason,0,HUMAN_CURATED,PHASE_17,ACTIVE,BOARD_MAPPING_OMISSION
q-p17g-tsbie-bieap-subj-math12-Class12-0089,tsbie-bieap,tsbie-bieap,Class 12,science,subj-math12,en,none,ver-tsbie-bieap-2026,HUMAN_CURATED,single_mcq,0,HUMAN_CURATED,PHASE_17,ACTIVE,BOARD_MAPPING_OMISSION
q-p17g-tsbie-bieap-subj-math12-Class12-0090,tsbie-bieap,tsbie-bieap,Class 12,science,subj-math12,en,none,ver-tsbie-bieap-2026,HUMAN_CURATED,long_answer,0,HUMAN_CURATED,PHASE_17,ACTIVE,BOARD_MAPPING_OMISSION
q-p17g-tsbie-bieap-subj-math12-Class12-0091,tsbie-bieap,tsbie-bieap,Class 12,science,subj-math12,en,none,ver-tsbie-bieap-2026,HUMAN_CURATED,single_mcq,0,HUMAN_CURATED,PHASE_17,ACTIVE,BOARD_MAPPING_OMISSION
q-p17g-tsbie-bieap-subj-math12-Class12-0092,tsbie-bieap,tsbie-bieap,Class 12,science,subj-math12,en,none,ver-tsbie-bieap-2026,HUMAN_CURATED,single_mcq,0,HUMAN_CURATED,PHASE_17,ACTIVE,BOARD_MAPPING_OMISSION
q-p17g-tsbie-bieap-subj-math12-Class12-0093,tsbie-bieap,tsbie-bieap,Class 12,science,subj-math12,en,none,ver-tsbie-bieap-2026,HUMAN_CURATED,single_mcq,0,HUMAN_CURATED,PHASE_17,ACTIVE,BOARD_MAPPING_OMISSION
q-p17g-tsbie-bieap-subj-math12-Class12-0094,tsbie-bieap,tsbie-bieap,Class 12,science,subj-math12,en,none,ver-tsbie-bieap-2026,HUMAN_CURATED,single_mcq,0,HUMAN_CURATED,PHASE_17,ACTIVE,BOARD_MAPPING_OMISSION
q-p17g-tsbie-bieap-subj-math12-Class12-0095,tsbie-bieap,tsbie-bieap,Class 12,science,subj-math12,en,none,ver-tsbie-bieap-2026,HUMAN_CURATED,short_answer,0,HUMAN_CURATED,PHASE_17,ACTIVE,BOARD_MAPPING_OMISSION
q-p17g-tsbie-bieap-subj-math12-Class12-0096,tsbie-bieap,tsbie-bieap,Class 12,science,subj-math12,en,none,ver-tsbie-bieap-2026,HUMAN_CURATED,assertion_reason,0,HUMAN_CURATED,PHASE_17,ACTIVE,BOARD_MAPPING_OMISSION
q-p17g-tsbie-bieap-subj-math12-Class12-0097,tsbie-bieap,tsbie-bieap,Class 12,science,subj-math12,en,none,ver-tsbie-bieap-2026,HUMAN_CURATED,single_mcq,0,HUMAN_CURATED,PHASE_17,ACTIVE,BOARD_MAPPING_OMISSION
q-p17g-tsbie-bieap-subj-math12-Class12-0098,tsbie-bieap,tsbie-bieap,Class 12,science,subj-math12,en,none,ver-tsbie-bieap-2026,HUMAN_CURATED,single_mcq,0,HUMAN_CURATED,PHASE_17,ACTIVE,BOARD_MAPPING_OMISSION
q-p17g-tsbie-bieap-subj-math12-Class12-0099,tsbie-bieap,tsbie-bieap,Class 12,science,subj-math12,en,none,ver-tsbie-bieap-2026,HUMAN_CURATED,single_mcq,0,HUMAN_CURATED,PHASE_17,ACTIVE,BOARD_MAPPING_OMISSION
q-p17g-tsbie-bieap-subj-math12-Class12-0100,tsbie-bieap,tsbie-bieap,Class 12,science,subj-math12,en,none,ver-tsbie-bieap-2026,HUMAN_CURATED,long_answer,0,HUMAN_CURATED,PHASE_17,ACTIVE,BOARD_MAPPING_OMISSION
q-p17g-tsbie-bieap-subj-math12-Class12-0101,tsbie-bieap,tsbie-bieap,Class 12,science,subj-math12,en,none,ver-tsbie-bieap-2026,HUMAN_CURATED,single_mcq,0,HUMAN_CURATED,PHASE_17,ACTIVE,BOARD_MAPPING_OMISSION
q-p17g-tsbie-bieap-subj-math12-Class12-0102,tsbie-bieap,tsbie-bieap,Class 12,science,subj-math12,en,none,ver-tsbie-bieap-2026,HUMAN_CURATED,single_mcq,0,HUMAN_CURATED,PHASE_17,ACTIVE,BOARD_MAPPING_OMISSION
q-p17g-tsbie-bieap-subj-math12-Class12-0103,tsbie-bieap,tsbie-bieap,Class 12,science,subj-math12,en,none,ver-tsbie-bieap-2026,HUMAN_CURATED,single_mcq,0,HUMAN_CURATED,PHASE_17,ACTIVE,BOARD_MAPPING_OMISSION
q-p17g-tsbie-bieap-subj-math12-Class12-0104,tsbie-bieap,tsbie-bieap,Class 12,science,subj-math12,en,none,ver-tsbie-bieap-2026,HUMAN_CURATED,assertion_reason,0,HUMAN_CURATED,PHASE_17,ACTIVE,BOARD_MAPPING_OMISSION
q-p17g-tsbie-bieap-subj-math12-Class12-0105,tsbie-bieap,tsbie-bieap,Class 12,science,subj-math12,en,none,ver-tsbie-bieap-2026,HUMAN_CURATED,case_study,0,HUMAN_CURATED,PHASE_17,ACTIVE,BOARD_MAPPING_OMISSION
q-p17g-tsbie-bieap-subj-math12-Class12-0106,tsbie-bieap,tsbie-bieap,Class 12,science,subj-math12,en,none,ver-tsbie-bieap-2026,HUMAN_CURATED,single_mcq,0,HUMAN_CURATED,PHASE_17,ACTIVE,BOARD_MAPPING_OMISSION
q-p17g-tsbie-bieap-subj-math12-Class12-0107,tsbie-bieap,tsbie-bieap,Class 12,science,subj-math12,en,none,ver-tsbie-bieap-2026,HUMAN_CURATED,single_mcq,0,HUMAN_CURATED,PHASE_17,ACTIVE,BOARD_MAPPING_OMISSION
q-p17g-tsbie-bieap-subj-math12-Class12-0108,tsbie-bieap,tsbie-bieap,Class 12,science,subj-math12,en,none,ver-tsbie-bieap-2026,HUMAN_CURATED,assertion_reason,0,HUMAN_CURATED,PHASE_17,ACTIVE,BOARD_MAPPING_OMISSION
q-p17g-tsbie-bieap-subj-math12-Class12-0109,tsbie-bieap,tsbie-bieap,Class 12,science,subj-math12,en,none,ver-tsbie-bieap-2026,HUMAN_CURATED,single_mcq,0,HUMAN_CURATED,PHASE_17,ACTIVE,BOARD_MAPPING_OMISSION
q-p17g-tsbie-bieap-subj-math12-Class12-0110,tsbie-bieap,tsbie-bieap,Class 12,science,subj-math12,en,none,ver-tsbie-bieap-2026,HUMAN_CURATED,long_answer,0,HUMAN_CURATED,PHASE_17,ACTIVE,BOARD_MAPPING_OMISSION
q-p17g-tsbie-bieap-subj-math12-Class12-0111,tsbie-bieap,tsbie-bieap,Class 12,science,subj-math12,en,none,ver-tsbie-bieap-2026,HUMAN_CURATED,single_mcq,0,HUMAN_CURATED,PHASE_17,ACTIVE,BOARD_MAPPING_OMISSION
q-p17g-tsbie-bieap-subj-math12-Class12-0112,tsbie-bieap,tsbie-bieap,Class 12,science,subj-math12,en,none,ver-tsbie-bieap-2026,HUMAN_CURATED,assertion_reason,0,HUMAN_CURATED,PHASE_17,ACTIVE,BOARD_MAPPING_OMISSION
q-p17g-tsbie-bieap-subj-math12-Class12-0113,tsbie-bieap,tsbie-bieap,Class 12,science,subj-math12,en,none,ver-tsbie-bieap-2026,HUMAN_CURATED,single_mcq,0,HUMAN_CURATED,PHASE_17,ACTIVE,BOARD_MAPPING_OMISSION
q-p17g-tsbie-bieap-subj-math12-Class12-0114,tsbie-bieap,tsbie-bieap,Class 12,science,subj-math12,en,none,ver-tsbie-bieap-2026,HUMAN_CURATED,single_mcq,0,HUMAN_CURATED,PHASE_17,ACTIVE,BOARD_MAPPING_OMISSION
q-p17g-tsbie-bieap-subj-math12-Class12-0115,tsbie-bieap,tsbie-bieap,Class 12,science,subj-math12,en,none,ver-tsbie-bieap-2026,HUMAN_CURATED,short_answer,0,HUMAN_CURATED,PHASE_17,ACTIVE,BOARD_MAPPING_OMISSION
q-p17g-tsbie-bieap-subj-math12-Class12-0116,tsbie-bieap,tsbie-bieap,Class 12,science,subj-math12,en,none,ver-tsbie-bieap-2026,HUMAN_CURATED,single_mcq,0,HUMAN_CURATED,PHASE_17,ACTIVE,BOARD_MAPPING_OMISSION
q-p17g-tsbie-bieap-subj-math12-Class12-0117,tsbie-bieap,tsbie-bieap,Class 12,science,subj-math12,en,none,ver-tsbie-bieap-2026,HUMAN_CURATED,single_mcq,0,HUMAN_CURATED,PHASE_17,ACTIVE,BOARD_MAPPING_OMISSION
q-p17g-tsbie-bieap-subj-math12-Class12-0118,tsbie-bieap,tsbie-bieap,Class 12,science,subj-math12,en,none,ver-tsbie-bieap-2026,HUMAN_CURATED,single_mcq,0,HUMAN_CURATED,PHASE_17,ACTIVE,BOARD_MAPPING_OMISSION
q-p17g-tsbie-bieap-subj-math12-Class12-0119,tsbie-bieap,tsbie-bieap,Class 12,science,subj-math12,en,none,ver-tsbie-bieap-2026,HUMAN_CURATED,single_mcq,0,HUMAN_CURATED,PHASE_17,ACTIVE,BOARD_MAPPING_OMISSION
q-p17g-tsbie-bieap-subj-math12-Class12-0120,tsbie-bieap,tsbie-bieap,Class 12,science,subj-math12,en,none,ver-tsbie-bieap-2026,HUMAN_CURATED,long_answer,0,HUMAN_CURATED,PHASE_17,ACTIVE,BOARD_MAPPING_OMISSION
q-p17g-tsbie-bieap-subj-math12-Class12-0121,tsbie-bieap,tsbie-bieap,Class 12,science,subj-math12,en,none,ver-tsbie-bieap-2026,HUMAN_CURATED,single_mcq,0,HUMAN_CURATED,PHASE_17,ACTIVE,BOARD_MAPPING_OMISSION
q-p17g-tsbie-bieap-subj-math12-Class12-0122,tsbie-bieap,tsbie-bieap,Class 12,science,subj-math12,en,none,ver-tsbie-bieap-2026,HUMAN_CURATED,single_mcq,0,HUMAN_CURATED,PHASE_17,ACTIVE,BOARD_MAPPING_OMISSION
q-p17g-tsbie-bieap-subj-math12-Class12-0123,tsbie-bieap,tsbie-bieap,Class 12,science,subj-math12,en,none,ver-tsbie-bieap-2026,HUMAN_CURATED,single_mcq,0,HUMAN_CURATED,PHASE_17,ACTIVE,BOARD_MAPPING_OMISSION
q-p17g-tsbie-bieap-subj-math12-Class12-0124,tsbie-bieap,tsbie-bieap,Class 12,science,subj-math12,en,none,ver-tsbie-bieap-2026,HUMAN_CURATED,single_mcq,0,HUMAN_CURATED,PHASE_17,ACTIVE,BOARD_MAPPING_OMISSION
q-p17g-tsbie-bieap-subj-math12-Class12-0125,tsbie-bieap,tsbie-bieap,Class 12,science,subj-math12,en,none,ver-tsbie-bieap-2026,HUMAN_CURATED,short_answer,0,HUMAN_CURATED,PHASE_17,ACTIVE,BOARD_MAPPING_OMISSION
q-p17g-tsbie-bieap-subj-math12-Class12-0126,tsbie-bieap,tsbie-bieap,Class 12,science,subj-math12,en,none,ver-tsbie-bieap-2026,HUMAN_CURATED,single_mcq,0,HUMAN_CURATED,PHASE_17,ACTIVE,BOARD_MAPPING_OMISSION
q-p17g-tsbie-bieap-subj-math12-Class12-0127,tsbie-bieap,tsbie-bieap,Class 12,science,subj-math12,en,none,ver-tsbie-bieap-2026,HUMAN_CURATED,single_mcq,0,HUMAN_CURATED,PHASE_17,ACTIVE,BOARD_MAPPING_OMISSION
q-p17g-tsbie-bieap-subj-math12-Class12-0128,tsbie-bieap,tsbie-bieap,Class 12,science,subj-math12,en,none,ver-tsbie-bieap-2026,HUMAN_CURATED,assertion_reason,0,HUMAN_CURATED,PHASE_17,ACTIVE,BOARD_MAPPING_OMISSION
q-p17g-tsbie-bieap-subj-math12-Class12-0129,tsbie-bieap,tsbie-bieap,Class 12,science,subj-math12,en,none,ver-tsbie-bieap-2026,HUMAN_CURATED,single_mcq,0,HUMAN_CURATED,PHASE_17,ACTIVE,BOARD_MAPPING_OMISSION
q-p17g-tsbie-bieap-subj-math12-Class12-0130,tsbie-bieap,tsbie-bieap,Class 12,science,subj-math12,en,none,ver-tsbie-bieap-2026,HUMAN_CURATED,long_answer,0,HUMAN_CURATED,PHASE_17,ACTIVE,BOARD_MAPPING_OMISSION
q-p17g-tsbie-bieap-subj-math12-Class12-0131,tsbie-bieap,tsbie-bieap,Class 12,science,subj-math12,en,none,ver-tsbie-bieap-2026,HUMAN_CURATED,single_mcq,0,HUMAN_CURATED,PHASE_17,ACTIVE,BOARD_MAPPING_OMISSION
q-p17g-tsbie-bieap-subj-math12-Class12-0132,tsbie-bieap,tsbie-bieap,Class 12,science,subj-math12,en,none,ver-tsbie-bieap-2026,HUMAN_CURATED,assertion_reason,0,HUMAN_CURATED,PHASE_17,ACTIVE,BOARD_MAPPING_OMISSION
q-p17g-tsbie-bieap-subj-math12-Class12-0133,tsbie-bieap,tsbie-bieap,Class 12,science,subj-math12,en,none,ver-tsbie-bieap-2026,HUMAN_CURATED,single_mcq,0,HUMAN_CURATED,PHASE_17,ACTIVE,BOARD_MAPPING_OMISSION
q-p17g-tsbie-bieap-subj-math12-Class12-0134,tsbie-bieap,tsbie-bieap,Class 12,science,subj-math12,en,none,ver-tsbie-bieap-2026,HUMAN_CURATED,single_mcq,0,HUMAN_CURATED,PHASE_17,ACTIVE,BOARD_MAPPING_OMISSION
q-p17g-tsbie-bieap-subj-math12-Class12-0135,tsbie-bieap,tsbie-bieap,Class 12,science,subj-math12,en,none,ver-tsbie-bieap-2026,HUMAN_CURATED,case_study,0,HUMAN_CURATED,PHASE_17,ACTIVE,BOARD_MAPPING_OMISSION
q-p17g-tsbie-bieap-subj-math12-Class12-0136,tsbie-bieap,tsbie-bieap,Class 12,science,subj-math12,en,none,ver-tsbie-bieap-2026,HUMAN_CURATED,assertion_reason,0,HUMAN_CURATED,PHASE_17,ACTIVE,BOARD_MAPPING_OMISSION
q-p17g-tsbie-bieap-subj-math12-Class12-0137,tsbie-bieap,tsbie-bieap,Class 12,science,subj-math12,en,none,ver-tsbie-bieap-2026,HUMAN_CURATED,single_mcq,0,HUMAN_CURATED,PHASE_17,ACTIVE,BOARD_MAPPING_OMISSION
q-p17g-tsbie-bieap-subj-math12-Class12-0138,tsbie-bieap,tsbie-bieap,Class 12,science,subj-math12,en,none,ver-tsbie-bieap-2026,HUMAN_CURATED,single_mcq,0,HUMAN_CURATED,PHASE_17,ACTIVE,BOARD_MAPPING_OMISSION
q-p17g-tsbie-bieap-subj-math12-Class12-0139,tsbie-bieap,tsbie-bieap,Class 12,science,subj-math12,en,none,ver-tsbie-bieap-2026,HUMAN_CURATED,single_mcq,0,HUMAN_CURATED,PHASE_17,ACTIVE,BOARD_MAPPING_OMISSION
q-p17g-tsbie-bieap-subj-math12-Class12-0140,tsbie-bieap,tsbie-bieap,Class 12,science,subj-math12,en,none,ver-tsbie-bieap-2026,HUMAN_CURATED,long_answer,0,HUMAN_CURATED,PHASE_17,ACTIVE,BOARD_MAPPING_OMISSION
q-p17g-tsbie-bieap-subj-math12-Class12-0141,tsbie-bieap,tsbie-bieap,Class 12,science,subj-math12,en,none,ver-tsbie-bieap-2026,HUMAN_CURATED,single_mcq,0,HUMAN_CURATED,PHASE_17,ACTIVE,BOARD_MAPPING_OMISSION
q-p17g-tsbie-bieap-subj-math12-Class12-0142,tsbie-bieap,tsbie-bieap,Class 12,science,subj-math12,en,none,ver-tsbie-bieap-2026,HUMAN_CURATED,single_mcq,0,HUMAN_CURATED,PHASE_17,ACTIVE,BOARD_MAPPING_OMISSION
q-p17g-tsbie-bieap-subj-math12-Class12-0143,tsbie-bieap,tsbie-bieap,Class 12,science,subj-math12,en,none,ver-tsbie-bieap-2026,HUMAN_CURATED,single_mcq,0,HUMAN_CURATED,PHASE_17,ACTIVE,BOARD_MAPPING_OMISSION
q-p17g-tsbie-bieap-subj-math12-Class12-0144,tsbie-bieap,tsbie-bieap,Class 12,science,subj-math12,en,none,ver-tsbie-bieap-2026,HUMAN_CURATED,assertion_reason,0,HUMAN_CURATED,PHASE_17,ACTIVE,BOARD_MAPPING_OMISSION
q-p17g-tsbie-bieap-subj-math12-Class12-0145,tsbie-bieap,tsbie-bieap,Class 12,science,subj-math12,en,none,ver-tsbie-bieap-2026,HUMAN_CURATED,short_answer,0,HUMAN_CURATED,PHASE_17,ACTIVE,BOARD_MAPPING_OMISSION
q-p17g-tsbie-bieap-subj-math12-Class12-0146,tsbie-bieap,tsbie-bieap,Class 12,science,subj-math12,en,none,ver-tsbie-bieap-2026,HUMAN_CURATED,single_mcq,0,HUMAN_CURATED,PHASE_17,ACTIVE,BOARD_MAPPING_OMISSION
q-p17g-tsbie-bieap-subj-math12-Class12-0147,tsbie-bieap,tsbie-bieap,Class 12,science,subj-math12,en,none,ver-tsbie-bieap-2026,HUMAN_CURATED,single_mcq,0,HUMAN_CURATED,PHASE_17,ACTIVE,BOARD_MAPPING_OMISSION
q-p17g-tsbie-bieap-subj-math12-Class12-0148,tsbie-bieap,tsbie-bieap,Class 12,science,subj-math12,en,none,ver-tsbie-bieap-2026,HUMAN_CURATED,single_mcq,0,HUMAN_CURATED,PHASE_17,ACTIVE,BOARD_MAPPING_OMISSION
q-p17g-tsbie-bieap-subj-math12-Class12-0149,tsbie-bieap,tsbie-bieap,Class 12,science,subj-math12,en,none,ver-tsbie-bieap-2026,HUMAN_CURATED,single_mcq,0,HUMAN_CURATED,PHASE_17,ACTIVE,BOARD_MAPPING_OMISSION
q-p17g-tsbie-bieap-subj-math12-Class12-0150,tsbie-bieap,tsbie-bieap,Class 12,science,subj-math12,en,none,ver-tsbie-bieap-2026,HUMAN_CURATED,long_answer,0,HUMAN_CURATED,PHASE_17,ACTIVE,BOARD_MAPPING_OMISSION
q-p17g-tsbie-bieap-subj-math12-Class12-0151,tsbie-bieap,tsbie-bieap,Class 12,science,subj-math12,en,none,ver-tsbie-bieap-2026,HUMAN_CURATED,single_mcq,0,HUMAN_CURATED,PHASE_17,ACTIVE,BOARD_MAPPING_OMISSION
q-p17g-tsbie-bieap-subj-math12-Class12-0152,tsbie-bieap,tsbie-bieap,Class 12,science,subj-math12,en,none,ver-tsbie-bieap-2026,HUMAN_CURATED,assertion_reason,0,HUMAN_CURATED,PHASE_17,ACTIVE,BOARD_MAPPING_OMISSION
q-p17g-tsbie-bieap-subj-math12-Class12-0153,tsbie-bieap,tsbie-bieap,Class 12,science,subj-math12,en,none,ver-tsbie-bieap-2026,HUMAN_CURATED,single_mcq,0,HUMAN_CURATED,PHASE_17,ACTIVE,BOARD_MAPPING_OMISSION
q-p17g-tsbie-bieap-subj-math12-Class12-0154,tsbie-bieap,tsbie-bieap,Class 12,science,subj-math12,en,none,ver-tsbie-bieap-2026,HUMAN_CURATED,single_mcq,0,HUMAN_CURATED,PHASE_17,ACTIVE,BOARD_MAPPING_OMISSION
q-p17g-tsbie-bieap-subj-math12-Class12-0155,tsbie-bieap,tsbie-bieap,Class 12,science,subj-math12,en,none,ver-tsbie-bieap-2026,HUMAN_CURATED,short_answer,0,HUMAN_CURATED,PHASE_17,ACTIVE,BOARD_MAPPING_OMISSION
q-p17g-tsbie-bieap-subj-math12-Class12-0156,tsbie-bieap,tsbie-bieap,Class 12,science,subj-math12,en,none,ver-tsbie-bieap-2026,HUMAN_CURATED,assertion_reason,0,HUMAN_CURATED,PHASE_17,ACTIVE,BOARD_MAPPING_OMISSION
q-p17g-tsbie-bieap-subj-math12-Class12-0157,tsbie-bieap,tsbie-bieap,Class 12,science,subj-math12,en,none,ver-tsbie-bieap-2026,HUMAN_CURATED,single_mcq,0,HUMAN_CURATED,PHASE_17,ACTIVE,BOARD_MAPPING_OMISSION
q-p17g-tsbie-bieap-subj-math12-Class12-0158,tsbie-bieap,tsbie-bieap,Class 12,science,subj-math12,en,none,ver-tsbie-bieap-2026,HUMAN_CURATED,single_mcq,0,HUMAN_CURATED,PHASE_17,ACTIVE,BOARD_MAPPING_OMISSION
q-p17g-tsbie-bieap-subj-math12-Class12-0159,tsbie-bieap,tsbie-bieap,Class 12,science,subj-math12,en,none,ver-tsbie-bieap-2026,HUMAN_CURATED,single_mcq,0,HUMAN_CURATED,PHASE_17,ACTIVE,BOARD_MAPPING_OMISSION
q-p17g-tsbie-bieap-subj-math12-Class12-0160,tsbie-bieap,tsbie-bieap,Class 12,science,subj-math12,en,none,ver-tsbie-bieap-2026,HUMAN_CURATED,long_answer,0,HUMAN_CURATED,PHASE_17,ACTIVE,BOARD_MAPPING_OMISSION
q-p17g-tsbie-bieap-subj-math12-Class12-0161,tsbie-bieap,tsbie-bieap,Class 12,science,subj-math12,en,none,ver-tsbie-bieap-2026,HUMAN_CURATED,single_mcq,0,HUMAN_CURATED,PHASE_17,ACTIVE,BOARD_MAPPING_OMISSION
q-p17g-tsbie-bieap-subj-math12-Class12-0162,tsbie-bieap,tsbie-bieap,Class 12,science,subj-math12,en,none,ver-tsbie-bieap-2026,HUMAN_CURATED,single_mcq,0,HUMAN_CURATED,PHASE_17,ACTIVE,BOARD_MAPPING_OMISSION
q-p17g-tsbie-bieap-subj-math12-Class12-0163,tsbie-bieap,tsbie-bieap,Class 12,science,subj-math12,en,none,ver-tsbie-bieap-2026,HUMAN_CURATED,single_mcq,0,HUMAN_CURATED,PHASE_17,ACTIVE,BOARD_MAPPING_OMISSION
q-p17g-tsbie-bieap-subj-math12-Class12-0164,tsbie-bieap,tsbie-bieap,Class 12,science,subj-math12,en,none,ver-tsbie-bieap-2026,HUMAN_CURATED,single_mcq,0,HUMAN_CURATED,PHASE_17,ACTIVE,BOARD_MAPPING_OMISSION
q-p17g-tsbie-bieap-subj-math12-Class12-0165,tsbie-bieap,tsbie-bieap,Class 12,science,subj-math12,en,none,ver-tsbie-bieap-2026,HUMAN_CURATED,case_study,0,HUMAN_CURATED,PHASE_17,ACTIVE,BOARD_MAPPING_OMISSION
q-p17g-tsbie-bieap-subj-math12-Class12-0166,tsbie-bieap,tsbie-bieap,Class 12,science,subj-math12,en,none,ver-tsbie-bieap-2026,HUMAN_CURATED,single_mcq,0,HUMAN_CURATED,PHASE_17,ACTIVE,BOARD_MAPPING_OMISSION
q-p17g-tsbie-bieap-subj-math12-Class12-0167,tsbie-bieap,tsbie-bieap,Class 12,science,subj-math12,en,none,ver-tsbie-bieap-2026,HUMAN_CURATED,single_mcq,0,HUMAN_CURATED,PHASE_17,ACTIVE,BOARD_MAPPING_OMISSION
q-p17g-tsbie-bieap-subj-math12-Class12-0168,tsbie-bieap,tsbie-bieap,Class 12,science,subj-math12,en,none,ver-tsbie-bieap-2026,HUMAN_CURATED,assertion_reason,0,HUMAN_CURATED,PHASE_17,ACTIVE,BOARD_MAPPING_OMISSION
q-p17g-tsbie-bieap-subj-math12-Class12-0169,tsbie-bieap,tsbie-bieap,Class 12,science,subj-math12,en,none,ver-tsbie-bieap-2026,HUMAN_CURATED,single_mcq,0,HUMAN_CURATED,PHASE_17,ACTIVE,BOARD_MAPPING_OMISSION
q-p17g-tsbie-bieap-subj-math12-Class12-0170,tsbie-bieap,tsbie-bieap,Class 12,science,subj-math12,en,none,ver-tsbie-bieap-2026,HUMAN_CURATED,long_answer,0,HUMAN_CURATED,PHASE_17,ACTIVE,BOARD_MAPPING_OMISSION
q-p17g-tsbie-bieap-subj-math12-Class12-0171,tsbie-bieap,tsbie-bieap,Class 12,science,subj-math12,en,none,ver-tsbie-bieap-2026,HUMAN_CURATED,single_mcq,0,HUMAN_CURATED,PHASE_17,ACTIVE,BOARD_MAPPING_OMISSION
q-p17g-tsbie-bieap-subj-math12-Class12-0172,tsbie-bieap,tsbie-bieap,Class 12,science,subj-math12,en,none,ver-tsbie-bieap-2026,HUMAN_CURATED,single_mcq,0,HUMAN_CURATED,PHASE_17,ACTIVE,BOARD_MAPPING_OMISSION
q-p17g-tsbie-bieap-subj-math12-Class12-0173,tsbie-bieap,tsbie-bieap,Class 12,science,subj-math12,en,none,ver-tsbie-bieap-2026,HUMAN_CURATED,single_mcq,0,HUMAN_CURATED,PHASE_17,ACTIVE,BOARD_MAPPING_OMISSION
q-p17g-tsbie-bieap-subj-math12-Class12-0174,tsbie-bieap,tsbie-bieap,Class 12,science,subj-math12,en,none,ver-tsbie-bieap-2026,HUMAN_CURATED,single_mcq,0,HUMAN_CURATED,PHASE_17,ACTIVE,BOARD_MAPPING_OMISSION
q-p17g-tsbie-bieap-subj-math12-Class12-0175,tsbie-bieap,tsbie-bieap,Class 12,science,subj-math12,en,none,ver-tsbie-bieap-2026,HUMAN_CURATED,short_answer,0,HUMAN_CURATED,PHASE_17,ACTIVE,BOARD_MAPPING_OMISSION
q-p17g-tsbie-bieap-subj-math12-Class12-0176,tsbie-bieap,tsbie-bieap,Class 12,science,subj-math12,en,none,ver-tsbie-bieap-2026,HUMAN_CURATED,assertion_reason,0,HUMAN_CURATED,PHASE_17,ACTIVE,BOARD_MAPPING_OMISSION
q-p17g-tsbie-bieap-subj-math12-Class12-0177,tsbie-bieap,tsbie-bieap,Class 12,science,subj-math12,en,none,ver-tsbie-bieap-2026,HUMAN_CURATED,single_mcq,0,HUMAN_CURATED,PHASE_17,ACTIVE,BOARD_MAPPING_OMISSION
q-p17g-tsbie-bieap-subj-math12-Class12-0178,tsbie-bieap,tsbie-bieap,Class 12,science,subj-math12,en,none,ver-tsbie-bieap-2026,HUMAN_CURATED,single_mcq,0,HUMAN_CURATED,PHASE_17,ACTIVE,BOARD_MAPPING_OMISSION
q-p17g-tsbie-bieap-subj-math12-Class12-0179,tsbie-bieap,tsbie-bieap,Class 12,science,subj-math12,en,none,ver-tsbie-bieap-2026,HUMAN_CURATED,single_mcq,0,HUMAN_CURATED,PHASE_17,ACTIVE,BOARD_MAPPING_OMISSION
q-p17g-tsbie-bieap-subj-math12-Class12-0180,tsbie-bieap,tsbie-bieap,Class 12,science,subj-math12,en,none,ver-tsbie-bieap-2026,HUMAN_CURATED,long_answer,0,HUMAN_CURATED,PHASE_17,ACTIVE,BOARD_MAPPING_OMISSION
q-p17g-tsbie-bieap-subj-math12-Class12-0181,tsbie-bieap,tsbie-bieap,Class 12,science,subj-math12,en,none,ver-tsbie-bieap-2026,HUMAN_CURATED,single_mcq,0,HUMAN_CURATED,PHASE_17,ACTIVE,BOARD_MAPPING_OMISSION
q-p17g-tsbie-bieap-subj-math12-Class12-0182,tsbie-bieap,tsbie-bieap,Class 12,science,subj-math12,en,none,ver-tsbie-bieap-2026,HUMAN_CURATED,single_mcq,0,HUMAN_CURATED,PHASE_17,ACTIVE,BOARD_MAPPING_OMISSION
q-p17g-tsbie-bieap-subj-math12-Class12-0183,tsbie-bieap,tsbie-bieap,Class 12,science,subj-math12,en,none,ver-tsbie-bieap-2026,HUMAN_CURATED,single_mcq,0,HUMAN_CURATED,PHASE_17,ACTIVE,BOARD_MAPPING_OMISSION
q-p17g-tsbie-bieap-subj-math12-Class12-0184,tsbie-bieap,tsbie-bieap,Class 12,science,subj-math12,en,none,ver-tsbie-bieap-2026,HUMAN_CURATED,assertion_reason,0,HUMAN_CURATED,PHASE_17,ACTIVE,BOARD_MAPPING_OMISSION
q-p17g-tsbie-bieap-subj-math12-Class12-0185,tsbie-bieap,tsbie-bieap,Class 12,science,subj-math12,en,none,ver-tsbie-bieap-2026,HUMAN_CURATED,short_answer,0,HUMAN_CURATED,PHASE_17,ACTIVE,BOARD_MAPPING_OMISSION
q-p17g-tsbie-bieap-subj-math12-Class12-0186,tsbie-bieap,tsbie-bieap,Class 12,science,subj-math12,en,none,ver-tsbie-bieap-2026,HUMAN_CURATED,single_mcq,0,HUMAN_CURATED,PHASE_17,ACTIVE,BOARD_MAPPING_OMISSION
q-p17g-tsbie-bieap-subj-math12-Class12-0187,tsbie-bieap,tsbie-bieap,Class 12,science,subj-math12,en,none,ver-tsbie-bieap-2026,HUMAN_CURATED,single_mcq,0,HUMAN_CURATED,PHASE_17,ACTIVE,BOARD_MAPPING_OMISSION
q-p17g-tsbie-bieap-subj-math12-Class12-0188,tsbie-bieap,tsbie-bieap,Class 12,science,subj-math12,en,none,ver-tsbie-bieap-2026,HUMAN_CURATED,single_mcq,0,HUMAN_CURATED,PHASE_17,ACTIVE,BOARD_MAPPING_OMISSION
q-p17g-tsbie-bieap-subj-math12-Class12-0189,tsbie-bieap,tsbie-bieap,Class 12,science,subj-math12,en,none,ver-tsbie-bieap-2026,HUMAN_CURATED,single_mcq,0,HUMAN_CURATED,PHASE_17,ACTIVE,BOARD_MAPPING_OMISSION
q-p17g-tsbie-bieap-subj-math12-Class12-0190,tsbie-bieap,tsbie-bieap,Class 12,science,subj-math12,en,none,ver-tsbie-bieap-2026,HUMAN_CURATED,long_answer,0,HUMAN_CURATED,PHASE_17,ACTIVE,BOARD_MAPPING_OMISSION
q-p17g-tsbie-bieap-subj-math12-Class12-0191,tsbie-bieap,tsbie-bieap,Class 12,science,subj-math12,en,none,ver-tsbie-bieap-2026,HUMAN_CURATED,single_mcq,0,HUMAN_CURATED,PHASE_17,ACTIVE,BOARD_MAPPING_OMISSION
q-p17g-tsbie-bieap-subj-math12-Class12-0192,tsbie-bieap,tsbie-bieap,Class 12,science,subj-math12,en,none,ver-tsbie-bieap-2026,HUMAN_CURATED,assertion_reason,0,HUMAN_CURATED,PHASE_17,ACTIVE,BOARD_MAPPING_OMISSION
q-p17g-tsbie-bieap-subj-math12-Class12-0193,tsbie-bieap,tsbie-bieap,Class 12,science,subj-math12,en,none,ver-tsbie-bieap-2026,HUMAN_CURATED,single_mcq,0,HUMAN_CURATED,PHASE_17,ACTIVE,BOARD_MAPPING_OMISSION
q-p17g-tsbie-bieap-subj-math12-Class12-0194,tsbie-bieap,tsbie-bieap,Class 12,science,subj-math12,en,none,ver-tsbie-bieap-2026,HUMAN_CURATED,single_mcq,0,HUMAN_CURATED,PHASE_17,ACTIVE,BOARD_MAPPING_OMISSION
q-p17g-tsbie-bieap-subj-math12-Class12-0195,tsbie-bieap,tsbie-bieap,Class 12,science,subj-math12,en,none,ver-tsbie-bieap-2026,HUMAN_CURATED,case_study,0,HUMAN_CURATED,PHASE_17,ACTIVE,BOARD_MAPPING_OMISSION
q-p17g-tsbie-bieap-subj-math12-Class12-0196,tsbie-bieap,tsbie-bieap,Class 12,science,subj-math12,en,none,ver-tsbie-bieap-2026,HUMAN_CURATED,single_mcq,0,HUMAN_CURATED,PHASE_17,ACTIVE,BOARD_MAPPING_OMISSION
q-p17g-tsbie-bieap-subj-math12-Class12-0197,tsbie-bieap,tsbie-bieap,Class 12,science,subj-math12,en,none,ver-tsbie-bieap-2026,HUMAN_CURATED,single_mcq,0,HUMAN_CURATED,PHASE_17,ACTIVE,BOARD_MAPPING_OMISSION
q-p17g-tsbie-bieap-subj-math12-Class12-0198,tsbie-bieap,tsbie-bieap,Class 12,science,subj-math12,en,none,ver-tsbie-bieap-2026,HUMAN_CURATED,single_mcq,0,HUMAN_CURATED,PHASE_17,ACTIVE,BOARD_MAPPING_OMISSION
q-p17g-tsbie-bieap-subj-math12-Class12-0199,tsbie-bieap,tsbie-bieap,Class 12,science,subj-math12,en,none,ver-tsbie-bieap-2026,HUMAN_CURATED,single_mcq,0,HUMAN_CURATED,PHASE_17,ACTIVE,BOARD_MAPPING_OMISSION
q-p17g-tsbie-bieap-subj-math12-Class12-0200,tsbie-bieap,tsbie-bieap,Class 12,science,subj-math12,en,none,ver-tsbie-bieap-2026,HUMAN_CURATED,long_answer,0,HUMAN_CURATED,PHASE_17,ACTIVE,BOARD_MAPPING_OMISSION
q-p17g-tsbie-bieap-subj-math12-Class12-0201,tsbie-bieap,tsbie-bieap,Class 12,science,subj-math12,en,none,ver-tsbie-bieap-2026,HUMAN_CURATED,single_mcq,0,HUMAN_CURATED,PHASE_17,ACTIVE,BOARD_MAPPING_OMISSION
q-p17g-tsbie-bieap-subj-math12-Class12-0202,tsbie-bieap,tsbie-bieap,Class 12,science,subj-math12,en,none,ver-tsbie-bieap-2026,HUMAN_CURATED,single_mcq,0,HUMAN_CURATED,PHASE_17,ACTIVE,BOARD_MAPPING_OMISSION
q-p17g-tsbie-bieap-subj-math12-Class12-0203,tsbie-bieap,tsbie-bieap,Class 12,science,subj-math12,en,none,ver-tsbie-bieap-2026,HUMAN_CURATED,single_mcq,0,HUMAN_CURATED,PHASE_17,ACTIVE,BOARD_MAPPING_OMISSION
q-p17g-tsbie-bieap-subj-math12-Class12-0204,tsbie-bieap,tsbie-bieap,Class 12,science,subj-math12,en,none,ver-tsbie-bieap-2026,HUMAN_CURATED,assertion_reason,0,HUMAN_CURATED,PHASE_17,ACTIVE,BOARD_MAPPING_OMISSION
q-p17g-tsbie-bieap-subj-math12-Class12-0205,tsbie-bieap,tsbie-bieap,Class 12,science,subj-math12,en,none,ver-tsbie-bieap-2026,HUMAN_CURATED,short_answer,0,HUMAN_CURATED,PHASE_17,ACTIVE,BOARD_MAPPING_OMISSION
q-p17g-tsbie-bieap-subj-math12-Class12-0206,tsbie-bieap,tsbie-bieap,Class 12,science,subj-math12,en,none,ver-tsbie-bieap-2026,HUMAN_CURATED,single_mcq,0,HUMAN_CURATED,PHASE_17,ACTIVE,BOARD_MAPPING_OMISSION
q-p17g-tsbie-bieap-subj-math12-Class12-0207,tsbie-bieap,tsbie-bieap,Class 12,science,subj-math12,en,none,ver-tsbie-bieap-2026,HUMAN_CURATED,single_mcq,0,HUMAN_CURATED,PHASE_17,ACTIVE,BOARD_MAPPING_OMISSION
q-p17g-tsbie-bieap-subj-math12-Class12-0208,tsbie-bieap,tsbie-bieap,Class 12,science,subj-math12,en,none,ver-tsbie-bieap-2026,HUMAN_CURATED,assertion_reason,0,HUMAN_CURATED,PHASE_17,ACTIVE,BOARD_MAPPING_OMISSION
q-p17g-tsbie-bieap-subj-math12-Class12-0209,tsbie-bieap,tsbie-bieap,Class 12,science,subj-math12,en,none,ver-tsbie-bieap-2026,HUMAN_CURATED,single_mcq,0,HUMAN_CURATED,PHASE_17,ACTIVE,BOARD_MAPPING_OMISSION
q-p17g-tsbie-bieap-subj-math12-Class12-0210,tsbie-bieap,tsbie-bieap,Class 12,science,subj-math12,en,none,ver-tsbie-bieap-2026,HUMAN_CURATED,long_answer,0,HUMAN_CURATED,PHASE_17,ACTIVE,BOARD_MAPPING_OMISSION
q-p17g-tsbie-bieap-subj-math12-Class12-0211,tsbie-bieap,tsbie-bieap,Class 12,science,subj-math12,en,none,ver-tsbie-bieap-2026,HUMAN_CURATED,single_mcq,0,HUMAN_CURATED,PHASE_17,ACTIVE,BOARD_MAPPING_OMISSION
q-p17g-tsbie-bieap-subj-math12-Class12-0212,tsbie-bieap,tsbie-bieap,Class 12,science,subj-math12,en,none,ver-tsbie-bieap-2026,HUMAN_CURATED,single_mcq,0,HUMAN_CURATED,PHASE_17,ACTIVE,BOARD_MAPPING_OMISSION
q-p17g-tsbie-bieap-subj-math12-Class12-0213,tsbie-bieap,tsbie-bieap,Class 12,science,subj-math12,en,none,ver-tsbie-bieap-2026,HUMAN_CURATED,single_mcq,0,HUMAN_CURATED,PHASE_17,ACTIVE,BOARD_MAPPING_OMISSION
q-p17g-tsbie-bieap-subj-math12-Class12-0214,tsbie-bieap,tsbie-bieap,Class 12,science,subj-math12,en,none,ver-tsbie-bieap-2026,HUMAN_CURATED,single_mcq,0,HUMAN_CURATED,PHASE_17,ACTIVE,BOARD_MAPPING_OMISSION
q-p17g-tsbie-bieap-subj-math12-Class12-0215,tsbie-bieap,tsbie-bieap,Class 12,science,subj-math12,en,none,ver-tsbie-bieap-2026,HUMAN_CURATED,short_answer,0,HUMAN_CURATED,PHASE_17,ACTIVE,BOARD_MAPPING_OMISSION
q-p17g-tsbie-bieap-subj-math12-Class12-0216,tsbie-bieap,tsbie-bieap,Class 12,science,subj-math12,en,none,ver-tsbie-bieap-2026,HUMAN_CURATED,assertion_reason,0,HUMAN_CURATED,PHASE_17,ACTIVE,BOARD_MAPPING_OMISSION
q-p17g-tsbie-bieap-subj-math12-Class12-0217,tsbie-bieap,tsbie-bieap,Class 12,science,subj-math12,en,none,ver-tsbie-bieap-2026,HUMAN_CURATED,single_mcq,0,HUMAN_CURATED,PHASE_17,ACTIVE,BOARD_MAPPING_OMISSION
q-p17g-tsbie-bieap-subj-math12-Class12-0218,tsbie-bieap,tsbie-bieap,Class 12,science,subj-math12,en,none,ver-tsbie-bieap-2026,HUMAN_CURATED,single_mcq,0,HUMAN_CURATED,PHASE_17,ACTIVE,BOARD_MAPPING_OMISSION
q-p17g-tsbie-bieap-subj-math12-Class12-0219,tsbie-bieap,tsbie-bieap,Class 12,science,subj-math12,en,none,ver-tsbie-bieap-2026,HUMAN_CURATED,single_mcq,0,HUMAN_CURATED,PHASE_17,ACTIVE,BOARD_MAPPING_OMISSION
q-p17g-tsbie-bieap-subj-math12-Class12-0220,tsbie-bieap,tsbie-bieap,Class 12,science,subj-math12,en,none,ver-tsbie-bieap-2026,HUMAN_CURATED,long_answer,0,HUMAN_CURATED,PHASE_17,ACTIVE,BOARD_MAPPING_OMISSION
q-p17g-tsbie-bieap-subj-math12-Class12-0221,tsbie-bieap,tsbie-bieap,Class 12,science,subj-math12,en,none,ver-tsbie-bieap-2026,HUMAN_CURATED,single_mcq,0,HUMAN_CURATED,PHASE_17,ACTIVE,BOARD_MAPPING_OMISSION
q-p17g-tsbie-bieap-subj-math12-Class12-0222,tsbie-bieap,tsbie-bieap,Class 12,science,subj-math12,en,none,ver-tsbie-bieap-2026,HUMAN_CURATED,single_mcq,0,HUMAN_CURATED,PHASE_17,ACTIVE,BOARD_MAPPING_OMISSION
q-p17g-tsbie-bieap-subj-math12-Class12-0223,tsbie-bieap,tsbie-bieap,Class 12,science,subj-math12,en,none,ver-tsbie-bieap-2026,HUMAN_CURATED,single_mcq,0,HUMAN_CURATED,PHASE_17,ACTIVE,BOARD_MAPPING_OMISSION
q-p17g-tsbie-bieap-subj-math12-Class12-0224,tsbie-bieap,tsbie-bieap,Class 12,science,subj-math12,en,none,ver-tsbie-bieap-2026,HUMAN_CURATED,assertion_reason,0,HUMAN_CURATED,PHASE_17,ACTIVE,BOARD_MAPPING_OMISSION
q-p17g-tsbie-bieap-subj-math12-Class12-0225,tsbie-bieap,tsbie-bieap,Class 12,science,subj-math12,en,none,ver-tsbie-bieap-2026,HUMAN_CURATED,case_study,0,HUMAN_CURATED,PHASE_17,ACTIVE,BOARD_MAPPING_OMISSION
q-p17g-tsbie-bieap-subj-math12-Class12-0226,tsbie-bieap,tsbie-bieap,Class 12,science,subj-math12,en,none,ver-tsbie-bieap-2026,HUMAN_CURATED,single_mcq,0,HUMAN_CURATED,PHASE_17,ACTIVE,BOARD_MAPPING_OMISSION
q-p17g-tsbie-bieap-subj-math12-Class12-0227,tsbie-bieap,tsbie-bieap,Class 12,science,subj-math12,en,none,ver-tsbie-bieap-2026,HUMAN_CURATED,single_mcq,0,HUMAN_CURATED,PHASE_17,ACTIVE,BOARD_MAPPING_OMISSION
q-p17g-tsbie-bieap-subj-math12-Class12-0228,tsbie-bieap,tsbie-bieap,Class 12,science,subj-math12,en,none,ver-tsbie-bieap-2026,HUMAN_CURATED,assertion_reason,0,HUMAN_CURATED,PHASE_17,ACTIVE,BOARD_MAPPING_OMISSION
q-p17g-tsbie-bieap-subj-math12-Class12-0229,tsbie-bieap,tsbie-bieap,Class 12,science,subj-math12,en,none,ver-tsbie-bieap-2026,HUMAN_CURATED,single_mcq,0,HUMAN_CURATED,PHASE_17,ACTIVE,BOARD_MAPPING_OMISSION
q-p17g-tsbie-bieap-subj-math12-Class12-0230,tsbie-bieap,tsbie-bieap,Class 12,science,subj-math12,en,none,ver-tsbie-bieap-2026,HUMAN_CURATED,long_answer,0,HUMAN_CURATED,PHASE_17,ACTIVE,BOARD_MAPPING_OMISSION
q-p17g-tsbie-bieap-subj-math12-Class12-0231,tsbie-bieap,tsbie-bieap,Class 12,science,subj-math12,en,none,ver-tsbie-bieap-2026,HUMAN_CURATED,single_mcq,0,HUMAN_CURATED,PHASE_17,ACTIVE,BOARD_MAPPING_OMISSION
q-p17g-tsbie-bieap-subj-math12-Class12-0232,tsbie-bieap,tsbie-bieap,Class 12,science,subj-math12,en,none,ver-tsbie-bieap-2026,HUMAN_CURATED,assertion_reason,0,HUMAN_CURATED,PHASE_17,ACTIVE,BOARD_MAPPING_OMISSION
q-p17g-tsbie-bieap-subj-math12-Class12-0233,tsbie-bieap,tsbie-bieap,Class 12,science,subj-math12,en,none,ver-tsbie-bieap-2026,HUMAN_CURATED,single_mcq,0,HUMAN_CURATED,PHASE_17,ACTIVE,BOARD_MAPPING_OMISSION
q-p17g-tsbie-bieap-subj-math12-Class12-0234,tsbie-bieap,tsbie-bieap,Class 12,science,subj-math12,en,none,ver-tsbie-bieap-2026,HUMAN_CURATED,single_mcq,0,HUMAN_CURATED,PHASE_17,ACTIVE,BOARD_MAPPING_OMISSION
q-p17g-tsbie-bieap-subj-math12-Class12-0235,tsbie-bieap,tsbie-bieap,Class 12,science,subj-math12,en,none,ver-tsbie-bieap-2026,HUMAN_CURATED,short_answer,0,HUMAN_CURATED,PHASE_17,ACTIVE,BOARD_MAPPING_OMISSION
q-p17g-tsbie-bieap-subj-math12-Class12-0236,tsbie-bieap,tsbie-bieap,Class 12,science,subj-math12,en,none,ver-tsbie-bieap-2026,HUMAN_CURATED,single_mcq,0,HUMAN_CURATED,PHASE_17,ACTIVE,BOARD_MAPPING_OMISSION
q-p17g-tsbie-bieap-subj-math12-Class12-0237,tsbie-bieap,tsbie-bieap,Class 12,science,subj-math12,en,none,ver-tsbie-bieap-2026,HUMAN_CURATED,single_mcq,0,HUMAN_CURATED,PHASE_17,ACTIVE,BOARD_MAPPING_OMISSION
q-p17g-tsbie-bieap-subj-math12-Class12-0238,tsbie-bieap,tsbie-bieap,Class 12,science,subj-math12,en,none,ver-tsbie-bieap-2026,HUMAN_CURATED,single_mcq,0,HUMAN_CURATED,PHASE_17,ACTIVE,BOARD_MAPPING_OMISSION
q-p17g-tsbie-bieap-subj-math12-Class12-0239,tsbie-bieap,tsbie-bieap,Class 12,science,subj-math12,en,none,ver-tsbie-bieap-2026,HUMAN_CURATED,single_mcq,0,HUMAN_CURATED,PHASE_17,ACTIVE,BOARD_MAPPING_OMISSION
q-p17g-tsbie-bieap-subj-math12-Class12-0240,tsbie-bieap,tsbie-bieap,Class 12,science,subj-math12,en,none,ver-tsbie-bieap-2026,HUMAN_CURATED,long_answer,0,HUMAN_CURATED,PHASE_17,ACTIVE,BOARD_MAPPING_OMISSION
q-p17g-tsbie-bieap-subj-math12-Class12-0241,tsbie-bieap,tsbie-bieap,Class 12,science,subj-math12,en,none,ver-tsbie-bieap-2026,HUMAN_CURATED,single_mcq,0,HUMAN_CURATED,PHASE_17,ACTIVE,BOARD_MAPPING_OMISSION
q-p17g-tsbie-bieap-subj-math12-Class12-0242,tsbie-bieap,tsbie-bieap,Class 12,science,subj-math12,en,none,ver-tsbie-bieap-2026,HUMAN_CURATED,single_mcq,0,HUMAN_CURATED,PHASE_17,ACTIVE,BOARD_MAPPING_OMISSION
q-p17g-tsbie-bieap-subj-math12-Class12-0243,tsbie-bieap,tsbie-bieap,Class 12,science,subj-math12,en,none,ver-tsbie-bieap-2026,HUMAN_CURATED,single_mcq,0,HUMAN_CURATED,PHASE_17,ACTIVE,BOARD_MAPPING_OMISSION
q-p17g-tsbie-bieap-subj-math12-Class12-0244,tsbie-bieap,tsbie-bieap,Class 12,science,subj-math12,en,none,ver-tsbie-bieap-2026,HUMAN_CURATED,single_mcq,0,HUMAN_CURATED,PHASE_17,ACTIVE,BOARD_MAPPING_OMISSION
q-p17g-tsbie-bieap-subj-math12-Class12-0245,tsbie-bieap,tsbie-bieap,Class 12,science,subj-math12,en,none,ver-tsbie-bieap-2026,HUMAN_CURATED,short_answer,0,HUMAN_CURATED,PHASE_17,ACTIVE,BOARD_MAPPING_OMISSION
q-p17g-tsbie-bieap-subj-math12-Class12-0246,tsbie-bieap,tsbie-bieap,Class 12,science,subj-math12,en,none,ver-tsbie-bieap-2026,HUMAN_CURATED,single_mcq,0,HUMAN_CURATED,PHASE_17,ACTIVE,BOARD_MAPPING_OMISSION
q-p17g-tsbie-bieap-subj-math12-Class12-0247,tsbie-bieap,tsbie-bieap,Class 12,science,subj-math12,en,none,ver-tsbie-bieap-2026,HUMAN_CURATED,single_mcq,0,HUMAN_CURATED,PHASE_17,ACTIVE,BOARD_MAPPING_OMISSION
q-p17g-tsbie-bieap-subj-math12-Class12-0248,tsbie-bieap,tsbie-bieap,Class 12,science,subj-math12,en,none,ver-tsbie-bieap-2026,HUMAN_CURATED,assertion_reason,0,HUMAN_CURATED,PHASE_17,ACTIVE,BOARD_MAPPING_OMISSION
q-p17g-tsbie-bieap-subj-math12-Class12-0249,tsbie-bieap,tsbie-bieap,Class 12,science,subj-math12,en,none,ver-tsbie-bieap-2026,HUMAN_CURATED,single_mcq,0,HUMAN_CURATED,PHASE_17,ACTIVE,BOARD_MAPPING_OMISSION
q-p17g-tsbie-bieap-subj-math12-Class12-0250,tsbie-bieap,tsbie-bieap,Class 12,science,subj-math12,en,none,ver-tsbie-bieap-2026,HUMAN_CURATED,long_answer,0,HUMAN_CURATED,PHASE_17,ACTIVE,BOARD_MAPPING_OMISSION
q-p17g-tsbie-bieap-subj-math12-Class12-0251,tsbie-bieap,tsbie-bieap,Class 12,science,subj-math12,en,none,ver-tsbie-bieap-2026,HUMAN_CURATED,single_mcq,0,HUMAN_CURATED,PHASE_17,ACTIVE,BOARD_MAPPING_OMISSION
q-p17g-tsbie-bieap-subj-math12-Class12-0252,tsbie-bieap,tsbie-bieap,Class 12,science,subj-math12,en,none,ver-tsbie-bieap-2026,HUMAN_CURATED,assertion_reason,0,HUMAN_CURATED,PHASE_17,ACTIVE,BOARD_MAPPING_OMISSION
q-p17g-tsbie-bieap-subj-math12-Class12-0253,tsbie-bieap,tsbie-bieap,Class 12,science,subj-math12,en,none,ver-tsbie-bieap-2026,HUMAN_CURATED,single_mcq,0,HUMAN_CURATED,PHASE_17,ACTIVE,BOARD_MAPPING_OMISSION
q-p17g-tsbie-bieap-subj-math12-Class12-0254,tsbie-bieap,tsbie-bieap,Class 12,science,subj-math12,en,none,ver-tsbie-bieap-2026,HUMAN_CURATED,single_mcq,0,HUMAN_CURATED,PHASE_17,ACTIVE,BOARD_MAPPING_OMISSION
q-p17g-tsbie-bieap-subj-math12-Class12-0255,tsbie-bieap,tsbie-bieap,Class 12,science,subj-math12,en,none,ver-tsbie-bieap-2026,HUMAN_CURATED,case_study,0,HUMAN_CURATED,PHASE_17,ACTIVE,BOARD_MAPPING_OMISSION
q-p17g-tsbie-bieap-subj-math12-Class12-0256,tsbie-bieap,tsbie-bieap,Class 12,science,subj-math12,en,none,ver-tsbie-bieap-2026,HUMAN_CURATED,assertion_reason,0,HUMAN_CURATED,PHASE_17,ACTIVE,BOARD_MAPPING_OMISSION
q-p17g-tsbie-bieap-subj-math12-Class12-0257,tsbie-bieap,tsbie-bieap,Class 12,science,subj-math12,en,none,ver-tsbie-bieap-2026,HUMAN_CURATED,single_mcq,0,HUMAN_CURATED,PHASE_17,ACTIVE,BOARD_MAPPING_OMISSION
q-p17g-tsbie-bieap-subj-math12-Class12-0258,tsbie-bieap,tsbie-bieap,Class 12,science,subj-math12,en,none,ver-tsbie-bieap-2026,HUMAN_CURATED,single_mcq,0,HUMAN_CURATED,PHASE_17,ACTIVE,BOARD_MAPPING_OMISSION
q-p17g-tsbie-bieap-subj-math12-Class12-0259,tsbie-bieap,tsbie-bieap,Class 12,science,subj-math12,en,none,ver-tsbie-bieap-2026,HUMAN_CURATED,single_mcq,0,HUMAN_CURATED,PHASE_17,ACTIVE,BOARD_MAPPING_OMISSION
q-p17g-tsbie-bieap-subj-math12-Class12-0260,tsbie-bieap,tsbie-bieap,Class 12,science,subj-math12,en,none,ver-tsbie-bieap-2026,HUMAN_CURATED,long_answer,0,HUMAN_CURATED,PHASE_17,ACTIVE,BOARD_MAPPING_OMISSION
q-p17g-tsbie-bieap-subj-math12-Class12-0261,tsbie-bieap,tsbie-bieap,Class 12,science,subj-math12,en,none,ver-tsbie-bieap-2026,HUMAN_CURATED,single_mcq,0,HUMAN_CURATED,PHASE_17,ACTIVE,BOARD_MAPPING_OMISSION
q-p17g-tsbie-bieap-subj-math12-Class12-0262,tsbie-bieap,tsbie-bieap,Class 12,science,subj-math12,en,none,ver-tsbie-bieap-2026,HUMAN_CURATED,single_mcq,0,HUMAN_CURATED,PHASE_17,ACTIVE,BOARD_MAPPING_OMISSION
q-p17g-tsbie-bieap-subj-math12-Class12-0263,tsbie-bieap,tsbie-bieap,Class 12,science,subj-math12,en,none,ver-tsbie-bieap-2026,HUMAN_CURATED,single_mcq,0,HUMAN_CURATED,PHASE_17,ACTIVE,BOARD_MAPPING_OMISSION
q-p17g-tsbie-bieap-subj-math12-Class12-0264,tsbie-bieap,tsbie-bieap,Class 12,science,subj-math12,en,none,ver-tsbie-bieap-2026,HUMAN_CURATED,assertion_reason,0,HUMAN_CURATED,PHASE_17,ACTIVE,BOARD_MAPPING_OMISSION
q-p17g-tsbie-bieap-subj-math12-Class12-0265,tsbie-bieap,tsbie-bieap,Class 12,science,subj-math12,en,none,ver-tsbie-bieap-2026,HUMAN_CURATED,short_answer,0,HUMAN_CURATED,PHASE_17,ACTIVE,BOARD_MAPPING_OMISSION
q-p17g-tsbie-bieap-subj-math12-Class12-0266,tsbie-bieap,tsbie-bieap,Class 12,science,subj-math12,en,none,ver-tsbie-bieap-2026,HUMAN_CURATED,single_mcq,0,HUMAN_CURATED,PHASE_17,ACTIVE,BOARD_MAPPING_OMISSION
q-p17g-tsbie-bieap-subj-math12-Class12-0267,tsbie-bieap,tsbie-bieap,Class 12,science,subj-math12,en,none,ver-tsbie-bieap-2026,HUMAN_CURATED,single_mcq,0,HUMAN_CURATED,PHASE_17,ACTIVE,BOARD_MAPPING_OMISSION
q-p17g-tsbie-bieap-subj-math12-Class12-0268,tsbie-bieap,tsbie-bieap,Class 12,science,subj-math12,en,none,ver-tsbie-bieap-2026,HUMAN_CURATED,single_mcq,0,HUMAN_CURATED,PHASE_17,ACTIVE,BOARD_MAPPING_OMISSION
q-p17g-tsbie-bieap-subj-math12-Class12-0269,tsbie-bieap,tsbie-bieap,Class 12,science,subj-math12,en,none,ver-tsbie-bieap-2026,HUMAN_CURATED,single_mcq,0,HUMAN_CURATED,PHASE_17,ACTIVE,BOARD_MAPPING_OMISSION
q-p17g-tsbie-bieap-subj-math12-Class12-0270,tsbie-bieap,tsbie-bieap,Class 12,science,subj-math12,en,none,ver-tsbie-bieap-2026,HUMAN_CURATED,long_answer,0,HUMAN_CURATED,PHASE_17,ACTIVE,BOARD_MAPPING_OMISSION
q-p17g-tsbie-bieap-subj-math12-Class12-0271,tsbie-bieap,tsbie-bieap,Class 12,science,subj-math12,en,none,ver-tsbie-bieap-2026,HUMAN_CURATED,single_mcq,0,HUMAN_CURATED,PHASE_17,ACTIVE,BOARD_MAPPING_OMISSION
q-p17g-tsbie-bieap-subj-math12-Class12-0272,tsbie-bieap,tsbie-bieap,Class 12,science,subj-math12,en,none,ver-tsbie-bieap-2026,HUMAN_CURATED,assertion_reason,0,HUMAN_CURATED,PHASE_17,ACTIVE,BOARD_MAPPING_OMISSION
q-p17g-tsbie-bieap-subj-math12-Class12-0273,tsbie-bieap,tsbie-bieap,Class 12,science,subj-math12,en,none,ver-tsbie-bieap-2026,HUMAN_CURATED,single_mcq,0,HUMAN_CURATED,PHASE_17,ACTIVE,BOARD_MAPPING_OMISSION
q-p17g-tsbie-bieap-subj-math12-Class12-0274,tsbie-bieap,tsbie-bieap,Class 12,science,subj-math12,en,none,ver-tsbie-bieap-2026,HUMAN_CURATED,single_mcq,0,HUMAN_CURATED,PHASE_17,ACTIVE,BOARD_MAPPING_OMISSION
q-p17g-tsbie-bieap-subj-math12-Class12-0275,tsbie-bieap,tsbie-bieap,Class 12,science,subj-math12,en,none,ver-tsbie-bieap-2026,HUMAN_CURATED,short_answer,0,HUMAN_CURATED,PHASE_17,ACTIVE,BOARD_MAPPING_OMISSION
q-p17g-tsbie-bieap-subj-math12-Class12-0276,tsbie-bieap,tsbie-bieap,Class 12,science,subj-math12,en,none,ver-tsbie-bieap-2026,HUMAN_CURATED,assertion_reason,0,HUMAN_CURATED,PHASE_17,ACTIVE,BOARD_MAPPING_OMISSION
q-p17g-tsbie-bieap-subj-math12-Class12-0277,tsbie-bieap,tsbie-bieap,Class 12,science,subj-math12,en,none,ver-tsbie-bieap-2026,HUMAN_CURATED,single_mcq,0,HUMAN_CURATED,PHASE_17,ACTIVE,BOARD_MAPPING_OMISSION
q-p17g-tsbie-bieap-subj-math12-Class12-0278,tsbie-bieap,tsbie-bieap,Class 12,science,subj-math12,en,none,ver-tsbie-bieap-2026,HUMAN_CURATED,single_mcq,0,HUMAN_CURATED,PHASE_17,ACTIVE,BOARD_MAPPING_OMISSION
q-p17g-tsbie-bieap-subj-math12-Class12-0279,tsbie-bieap,tsbie-bieap,Class 12,science,subj-math12,en,none,ver-tsbie-bieap-2026,HUMAN_CURATED,single_mcq,0,HUMAN_CURATED,PHASE_17,ACTIVE,BOARD_MAPPING_OMISSION
q-p17g-tsbie-bieap-subj-math12-Class12-0280,tsbie-bieap,tsbie-bieap,Class 12,science,subj-math12,en,none,ver-tsbie-bieap-2026,HUMAN_CURATED,long_answer,0,HUMAN_CURATED,PHASE_17,ACTIVE,BOARD_MAPPING_OMISSION
q-p17g-tsbie-bieap-subj-math12-Class12-0281,tsbie-bieap,tsbie-bieap,Class 12,science,subj-math12,en,none,ver-tsbie-bieap-2026,HUMAN_CURATED,single_mcq,0,HUMAN_CURATED,PHASE_17,ACTIVE,BOARD_MAPPING_OMISSION
q-p17g-tsbie-bieap-subj-math12-Class12-0282,tsbie-bieap,tsbie-bieap,Class 12,science,subj-math12,en,none,ver-tsbie-bieap-2026,HUMAN_CURATED,single_mcq,0,HUMAN_CURATED,PHASE_17,ACTIVE,BOARD_MAPPING_OMISSION
q-p17g-tsbie-bieap-subj-math12-Class12-0283,tsbie-bieap,tsbie-bieap,Class 12,science,subj-math12,en,none,ver-tsbie-bieap-2026,HUMAN_CURATED,single_mcq,0,HUMAN_CURATED,PHASE_17,ACTIVE,BOARD_MAPPING_OMISSION
q-p17g-tsbie-bieap-subj-math12-Class12-0284,tsbie-bieap,tsbie-bieap,Class 12,science,subj-math12,en,none,ver-tsbie-bieap-2026,HUMAN_CURATED,single_mcq,0,HUMAN_CURATED,PHASE_17,ACTIVE,BOARD_MAPPING_OMISSION
q-p17g-tsbie-bieap-subj-math12-Class12-0285,tsbie-bieap,tsbie-bieap,Class 12,science,subj-math12,en,none,ver-tsbie-bieap-2026,HUMAN_CURATED,case_study,0,HUMAN_CURATED,PHASE_17,ACTIVE,BOARD_MAPPING_OMISSION
q-p17g-tsbie-bieap-subj-math12-Class12-0286,tsbie-bieap,tsbie-bieap,Class 12,science,subj-math12,en,none,ver-tsbie-bieap-2026,HUMAN_CURATED,single_mcq,0,HUMAN_CURATED,PHASE_17,ACTIVE,BOARD_MAPPING_OMISSION
q-p17g-tsbie-bieap-subj-math12-Class12-0287,tsbie-bieap,tsbie-bieap,Class 12,science,subj-math12,en,none,ver-tsbie-bieap-2026,HUMAN_CURATED,single_mcq,0,HUMAN_CURATED,PHASE_17,ACTIVE,BOARD_MAPPING_OMISSION
q-p17g-tsbie-bieap-subj-math12-Class12-0288,tsbie-bieap,tsbie-bieap,Class 12,science,subj-math12,en,none,ver-tsbie-bieap-2026,HUMAN_CURATED,assertion_reason,0,HUMAN_CURATED,PHASE_17,ACTIVE,BOARD_MAPPING_OMISSION
q-p17g-tsbie-bieap-subj-math12-Class12-0289,tsbie-bieap,tsbie-bieap,Class 12,science,subj-math12,en,none,ver-tsbie-bieap-2026,HUMAN_CURATED,single_mcq,0,HUMAN_CURATED,PHASE_17,ACTIVE,BOARD_MAPPING_OMISSION
q-p17g-tsbie-bieap-subj-math12-Class12-0290,tsbie-bieap,tsbie-bieap,Class 12,science,subj-math12,en,none,ver-tsbie-bieap-2026,HUMAN_CURATED,long_answer,0,HUMAN_CURATED,PHASE_17,ACTIVE,BOARD_MAPPING_OMISSION
q-p17g-tsbie-bieap-subj-math12-Class12-0291,tsbie-bieap,tsbie-bieap,Class 12,science,subj-math12,en,none,ver-tsbie-bieap-2026,HUMAN_CURATED,single_mcq,0,HUMAN_CURATED,PHASE_17,ACTIVE,BOARD_MAPPING_OMISSION
q-p17g-tsbie-bieap-subj-math12-Class12-0292,tsbie-bieap,tsbie-bieap,Class 12,science,subj-math12,en,none,ver-tsbie-bieap-2026,HUMAN_CURATED,single_mcq,0,HUMAN_CURATED,PHASE_17,ACTIVE,BOARD_MAPPING_OMISSION
q-p17g-tsbie-bieap-subj-math12-Class12-0293,tsbie-bieap,tsbie-bieap,Class 12,science,subj-math12,en,none,ver-tsbie-bieap-2026,HUMAN_CURATED,single_mcq,0,HUMAN_CURATED,PHASE_17,ACTIVE,BOARD_MAPPING_OMISSION
q-p17g-tsbie-bieap-subj-math12-Class12-0294,tsbie-bieap,tsbie-bieap,Class 12,science,subj-math12,en,none,ver-tsbie-bieap-2026,HUMAN_CURATED,single_mcq,0,HUMAN_CURATED,PHASE_17,ACTIVE,BOARD_MAPPING_OMISSION
q-p17g-tsbie-bieap-subj-math12-Class12-0295,tsbie-bieap,tsbie-bieap,Class 12,science,subj-math12,en,none,ver-tsbie-bieap-2026,HUMAN_CURATED,short_answer,0,HUMAN_CURATED,PHASE_17,ACTIVE,BOARD_MAPPING_OMISSION
q-p17g-tsbie-bieap-subj-math12-Class12-0296,tsbie-bieap,tsbie-bieap,Class 12,science,subj-math12,en,none,ver-tsbie-bieap-2026,HUMAN_CURATED,assertion_reason,0,HUMAN_CURATED,PHASE_17,ACTIVE,BOARD_MAPPING_OMISSION
q-p17g-tsbie-bieap-subj-math12-Class12-0297,tsbie-bieap,tsbie-bieap,Class 12,science,subj-math12,en,none,ver-tsbie-bieap-2026,HUMAN_CURATED,single_mcq,0,HUMAN_CURATED,PHASE_17,ACTIVE,BOARD_MAPPING_OMISSION
q-p17g-tsbie-bieap-subj-math12-Class12-0298,tsbie-bieap,tsbie-bieap,Class 12,science,subj-math12,en,none,ver-tsbie-bieap-2026,HUMAN_CURATED,single_mcq,0,HUMAN_CURATED,PHASE_17,ACTIVE,BOARD_MAPPING_OMISSION
q-p17g-tsbie-bieap-subj-math12-Class12-0299,tsbie-bieap,tsbie-bieap,Class 12,science,subj-math12,en,none,ver-tsbie-bieap-2026,HUMAN_CURATED,single_mcq,0,HUMAN_CURATED,PHASE_17,ACTIVE,BOARD_MAPPING_OMISSION
q-p17g-tsbie-bieap-subj-math12-Class12-0300,tsbie-bieap,tsbie-bieap,Class 12,science,subj-math12,en,none,ver-tsbie-bieap-2026,HUMAN_CURATED,long_answer,0,HUMAN_CURATED,PHASE_17,ACTIVE,BOARD_MAPPING_OMISSION
q-p17g-tsbie-bieap-subj-physics-Class12-0001,tsbie-bieap,tsbie-bieap,Class 12,science,subj-physics,en,none,ver-tsbie-bieap-2026,HUMAN_CURATED,single_mcq,0,HUMAN_CURATED,PHASE_17,ACTIVE,BOARD_MAPPING_OMISSION
q-p17g-tsbie-bieap-subj-physics-Class12-0002,tsbie-bieap,tsbie-bieap,Class 12,science,subj-physics,en,none,ver-tsbie-bieap-2026,HUMAN_CURATED,single_mcq,0,HUMAN_CURATED,PHASE_17,ACTIVE,BOARD_MAPPING_OMISSION
q-p17g-tsbie-bieap-subj-physics-Class12-0003,tsbie-bieap,tsbie-bieap,Class 12,science,subj-physics,en,none,ver-tsbie-bieap-2026,HUMAN_CURATED,single_mcq,0,HUMAN_CURATED,PHASE_17,ACTIVE,BOARD_MAPPING_OMISSION
q-p17g-tsbie-bieap-subj-physics-Class12-0004,tsbie-bieap,tsbie-bieap,Class 12,science,subj-physics,en,none,ver-tsbie-bieap-2026,HUMAN_CURATED,single_mcq,0,HUMAN_CURATED,PHASE_17,ACTIVE,BOARD_MAPPING_OMISSION
q-p17g-tsbie-bieap-subj-physics-Class12-0005,tsbie-bieap,tsbie-bieap,Class 12,science,subj-physics,en,none,ver-tsbie-bieap-2026,HUMAN_CURATED,short_answer,0,HUMAN_CURATED,PHASE_17,ACTIVE,BOARD_MAPPING_OMISSION
q-p17g-tsbie-bieap-subj-physics-Class12-0006,tsbie-bieap,tsbie-bieap,Class 12,science,subj-physics,en,none,ver-tsbie-bieap-2026,HUMAN_CURATED,single_mcq,0,HUMAN_CURATED,PHASE_17,ACTIVE,BOARD_MAPPING_OMISSION
q-p17g-tsbie-bieap-subj-physics-Class12-0007,tsbie-bieap,tsbie-bieap,Class 12,science,subj-physics,en,none,ver-tsbie-bieap-2026,HUMAN_CURATED,single_mcq,0,HUMAN_CURATED,PHASE_17,ACTIVE,BOARD_MAPPING_OMISSION
q-p17g-tsbie-bieap-subj-physics-Class12-0008,tsbie-bieap,tsbie-bieap,Class 12,science,subj-physics,en,none,ver-tsbie-bieap-2026,HUMAN_CURATED,assertion_reason,0,HUMAN_CURATED,PHASE_17,ACTIVE,BOARD_MAPPING_OMISSION
q-p17g-tsbie-bieap-subj-physics-Class12-0009,tsbie-bieap,tsbie-bieap,Class 12,science,subj-physics,en,none,ver-tsbie-bieap-2026,HUMAN_CURATED,single_mcq,0,HUMAN_CURATED,PHASE_17,ACTIVE,BOARD_MAPPING_OMISSION
q-p17g-tsbie-bieap-subj-physics-Class12-0010,tsbie-bieap,tsbie-bieap,Class 12,science,subj-physics,en,none,ver-tsbie-bieap-2026,HUMAN_CURATED,long_answer,0,HUMAN_CURATED,PHASE_17,ACTIVE,BOARD_MAPPING_OMISSION
q-p17g-tsbie-bieap-subj-physics-Class12-0011,tsbie-bieap,tsbie-bieap,Class 12,science,subj-physics,en,none,ver-tsbie-bieap-2026,HUMAN_CURATED,single_mcq,0,HUMAN_CURATED,PHASE_17,ACTIVE,BOARD_MAPPING_OMISSION
q-p17g-tsbie-bieap-subj-physics-Class12-0012,tsbie-bieap,tsbie-bieap,Class 12,science,subj-physics,en,none,ver-tsbie-bieap-2026,HUMAN_CURATED,assertion_reason,0,HUMAN_CURATED,PHASE_17,ACTIVE,BOARD_MAPPING_OMISSION
q-p17g-tsbie-bieap-subj-physics-Class12-0013,tsbie-bieap,tsbie-bieap,Class 12,science,subj-physics,en,none,ver-tsbie-bieap-2026,HUMAN_CURATED,single_mcq,0,HUMAN_CURATED,PHASE_17,ACTIVE,BOARD_MAPPING_OMISSION
q-p17g-tsbie-bieap-subj-physics-Class12-0014,tsbie-bieap,tsbie-bieap,Class 12,science,subj-physics,en,none,ver-tsbie-bieap-2026,HUMAN_CURATED,single_mcq,0,HUMAN_CURATED,PHASE_17,ACTIVE,BOARD_MAPPING_OMISSION
q-p17g-tsbie-bieap-subj-physics-Class12-0015,tsbie-bieap,tsbie-bieap,Class 12,science,subj-physics,en,none,ver-tsbie-bieap-2026,HUMAN_CURATED,case_study,0,HUMAN_CURATED,PHASE_17,ACTIVE,BOARD_MAPPING_OMISSION
q-p17g-tsbie-bieap-subj-physics-Class12-0016,tsbie-bieap,tsbie-bieap,Class 12,science,subj-physics,en,none,ver-tsbie-bieap-2026,HUMAN_CURATED,assertion_reason,0,HUMAN_CURATED,PHASE_17,ACTIVE,BOARD_MAPPING_OMISSION
q-p17g-tsbie-bieap-subj-physics-Class12-0017,tsbie-bieap,tsbie-bieap,Class 12,science,subj-physics,en,none,ver-tsbie-bieap-2026,HUMAN_CURATED,single_mcq,0,HUMAN_CURATED,PHASE_17,ACTIVE,BOARD_MAPPING_OMISSION
q-p17g-tsbie-bieap-subj-physics-Class12-0018,tsbie-bieap,tsbie-bieap,Class 12,science,subj-physics,en,none,ver-tsbie-bieap-2026,HUMAN_CURATED,single_mcq,0,HUMAN_CURATED,PHASE_17,ACTIVE,BOARD_MAPPING_OMISSION
q-p17g-tsbie-bieap-subj-physics-Class12-0019,tsbie-bieap,tsbie-bieap,Class 12,science,subj-physics,en,none,ver-tsbie-bieap-2026,HUMAN_CURATED,single_mcq,0,HUMAN_CURATED,PHASE_17,ACTIVE,BOARD_MAPPING_OMISSION
q-p17g-tsbie-bieap-subj-physics-Class12-0020,tsbie-bieap,tsbie-bieap,Class 12,science,subj-physics,en,none,ver-tsbie-bieap-2026,HUMAN_CURATED,long_answer,0,HUMAN_CURATED,PHASE_17,ACTIVE,BOARD_MAPPING_OMISSION
q-p17g-tsbie-bieap-subj-physics-Class12-0021,tsbie-bieap,tsbie-bieap,Class 12,science,subj-physics,en,none,ver-tsbie-bieap-2026,HUMAN_CURATED,single_mcq,0,HUMAN_CURATED,PHASE_17,ACTIVE,BOARD_MAPPING_OMISSION
q-p17g-tsbie-bieap-subj-physics-Class12-0022,tsbie-bieap,tsbie-bieap,Class 12,science,subj-physics,en,none,ver-tsbie-bieap-2026,HUMAN_CURATED,single_mcq,0,HUMAN_CURATED,PHASE_17,ACTIVE,BOARD_MAPPING_OMISSION
q-p17g-tsbie-bieap-subj-physics-Class12-0023,tsbie-bieap,tsbie-bieap,Class 12,science,subj-physics,en,none,ver-tsbie-bieap-2026,HUMAN_CURATED,single_mcq,0,HUMAN_CURATED,PHASE_17,ACTIVE,BOARD_MAPPING_OMISSION
q-p17g-tsbie-bieap-subj-physics-Class12-0024,tsbie-bieap,tsbie-bieap,Class 12,science,subj-physics,en,none,ver-tsbie-bieap-2026,HUMAN_CURATED,assertion_reason,0,HUMAN_CURATED,PHASE_17,ACTIVE,BOARD_MAPPING_OMISSION
q-p17g-tsbie-bieap-subj-physics-Class12-0025,tsbie-bieap,tsbie-bieap,Class 12,science,subj-physics,en,none,ver-tsbie-bieap-2026,HUMAN_CURATED,short_answer,0,HUMAN_CURATED,PHASE_17,ACTIVE,BOARD_MAPPING_OMISSION
q-p17g-tsbie-bieap-subj-physics-Class12-0026,tsbie-bieap,tsbie-bieap,Class 12,science,subj-physics,en,none,ver-tsbie-bieap-2026,HUMAN_CURATED,single_mcq,0,HUMAN_CURATED,PHASE_17,ACTIVE,BOARD_MAPPING_OMISSION
q-p17g-tsbie-bieap-subj-physics-Class12-0027,tsbie-bieap,tsbie-bieap,Class 12,science,subj-physics,en,none,ver-tsbie-bieap-2026,HUMAN_CURATED,single_mcq,0,HUMAN_CURATED,PHASE_17,ACTIVE,BOARD_MAPPING_OMISSION
q-p17g-tsbie-bieap-subj-physics-Class12-0028,tsbie-bieap,tsbie-bieap,Class 12,science,subj-physics,en,none,ver-tsbie-bieap-2026,HUMAN_CURATED,single_mcq,0,HUMAN_CURATED,PHASE_17,ACTIVE,BOARD_MAPPING_OMISSION
q-p17g-tsbie-bieap-subj-physics-Class12-0029,tsbie-bieap,tsbie-bieap,Class 12,science,subj-physics,en,none,ver-tsbie-bieap-2026,HUMAN_CURATED,single_mcq,0,HUMAN_CURATED,PHASE_17,ACTIVE,BOARD_MAPPING_OMISSION
q-p17g-tsbie-bieap-subj-physics-Class12-0030,tsbie-bieap,tsbie-bieap,Class 12,science,subj-physics,en,none,ver-tsbie-bieap-2026,HUMAN_CURATED,long_answer,0,HUMAN_CURATED,PHASE_17,ACTIVE,BOARD_MAPPING_OMISSION
q-p17g-tsbie-bieap-subj-physics-Class12-0031,tsbie-bieap,tsbie-bieap,Class 12,science,subj-physics,en,none,ver-tsbie-bieap-2026,HUMAN_CURATED,single_mcq,0,HUMAN_CURATED,PHASE_17,ACTIVE,BOARD_MAPPING_OMISSION
q-p17g-tsbie-bieap-subj-physics-Class12-0032,tsbie-bieap,tsbie-bieap,Class 12,science,subj-physics,en,none,ver-tsbie-bieap-2026,HUMAN_CURATED,assertion_reason,0,HUMAN_CURATED,PHASE_17,ACTIVE,BOARD_MAPPING_OMISSION
q-p17g-tsbie-bieap-subj-physics-Class12-0033,tsbie-bieap,tsbie-bieap,Class 12,science,subj-physics,en,none,ver-tsbie-bieap-2026,HUMAN_CURATED,single_mcq,0,HUMAN_CURATED,PHASE_17,ACTIVE,BOARD_MAPPING_OMISSION
q-p17g-tsbie-bieap-subj-physics-Class12-0034,tsbie-bieap,tsbie-bieap,Class 12,science,subj-physics,en,none,ver-tsbie-bieap-2026,HUMAN_CURATED,single_mcq,0,HUMAN_CURATED,PHASE_17,ACTIVE,BOARD_MAPPING_OMISSION
q-p17g-tsbie-bieap-subj-physics-Class12-0035,tsbie-bieap,tsbie-bieap,Class 12,science,subj-physics,en,none,ver-tsbie-bieap-2026,HUMAN_CURATED,short_answer,0,HUMAN_CURATED,PHASE_17,ACTIVE,BOARD_MAPPING_OMISSION
q-p17g-tsbie-bieap-subj-physics-Class12-0036,tsbie-bieap,tsbie-bieap,Class 12,science,subj-physics,en,none,ver-tsbie-bieap-2026,HUMAN_CURATED,assertion_reason,0,HUMAN_CURATED,PHASE_17,ACTIVE,BOARD_MAPPING_OMISSION
q-p17g-tsbie-bieap-subj-physics-Class12-0037,tsbie-bieap,tsbie-bieap,Class 12,science,subj-physics,en,none,ver-tsbie-bieap-2026,HUMAN_CURATED,single_mcq,0,HUMAN_CURATED,PHASE_17,ACTIVE,BOARD_MAPPING_OMISSION
q-p17g-tsbie-bieap-subj-physics-Class12-0038,tsbie-bieap,tsbie-bieap,Class 12,science,subj-physics,en,none,ver-tsbie-bieap-2026,HUMAN_CURATED,single_mcq,0,HUMAN_CURATED,PHASE_17,ACTIVE,BOARD_MAPPING_OMISSION
q-p17g-tsbie-bieap-subj-physics-Class12-0039,tsbie-bieap,tsbie-bieap,Class 12,science,subj-physics,en,none,ver-tsbie-bieap-2026,HUMAN_CURATED,single_mcq,0,HUMAN_CURATED,PHASE_17,ACTIVE,BOARD_MAPPING_OMISSION
q-p17g-tsbie-bieap-subj-physics-Class12-0040,tsbie-bieap,tsbie-bieap,Class 12,science,subj-physics,en,none,ver-tsbie-bieap-2026,HUMAN_CURATED,long_answer,0,HUMAN_CURATED,PHASE_17,ACTIVE,BOARD_MAPPING_OMISSION
q-p17g-tsbie-bieap-subj-physics-Class12-0041,tsbie-bieap,tsbie-bieap,Class 12,science,subj-physics,en,none,ver-tsbie-bieap-2026,HUMAN_CURATED,single_mcq,0,HUMAN_CURATED,PHASE_17,ACTIVE,BOARD_MAPPING_OMISSION
q-p17g-tsbie-bieap-subj-physics-Class12-0042,tsbie-bieap,tsbie-bieap,Class 12,science,subj-physics,en,none,ver-tsbie-bieap-2026,HUMAN_CURATED,single_mcq,0,HUMAN_CURATED,PHASE_17,ACTIVE,BOARD_MAPPING_OMISSION
q-p17g-tsbie-bieap-subj-physics-Class12-0043,tsbie-bieap,tsbie-bieap,Class 12,science,subj-physics,en,none,ver-tsbie-bieap-2026,HUMAN_CURATED,single_mcq,0,HUMAN_CURATED,PHASE_17,ACTIVE,BOARD_MAPPING_OMISSION
q-p17g-tsbie-bieap-subj-physics-Class12-0044,tsbie-bieap,tsbie-bieap,Class 12,science,subj-physics,en,none,ver-tsbie-bieap-2026,HUMAN_CURATED,single_mcq,0,HUMAN_CURATED,PHASE_17,ACTIVE,BOARD_MAPPING_OMISSION
q-p17g-tsbie-bieap-subj-physics-Class12-0045,tsbie-bieap,tsbie-bieap,Class 12,science,subj-physics,en,none,ver-tsbie-bieap-2026,HUMAN_CURATED,case_study,0,HUMAN_CURATED,PHASE_17,ACTIVE,BOARD_MAPPING_OMISSION
q-p17g-tsbie-bieap-subj-physics-Class12-0046,tsbie-bieap,tsbie-bieap,Class 12,science,subj-physics,en,none,ver-tsbie-bieap-2026,HUMAN_CURATED,single_mcq,0,HUMAN_CURATED,PHASE_17,ACTIVE,BOARD_MAPPING_OMISSION
q-p17g-tsbie-bieap-subj-physics-Class12-0047,tsbie-bieap,tsbie-bieap,Class 12,science,subj-physics,en,none,ver-tsbie-bieap-2026,HUMAN_CURATED,single_mcq,0,HUMAN_CURATED,PHASE_17,ACTIVE,BOARD_MAPPING_OMISSION
q-p17g-tsbie-bieap-subj-physics-Class12-0048,tsbie-bieap,tsbie-bieap,Class 12,science,subj-physics,en,none,ver-tsbie-bieap-2026,HUMAN_CURATED,assertion_reason,0,HUMAN_CURATED,PHASE_17,ACTIVE,BOARD_MAPPING_OMISSION
q-p17g-tsbie-bieap-subj-physics-Class12-0049,tsbie-bieap,tsbie-bieap,Class 12,science,subj-physics,en,none,ver-tsbie-bieap-2026,HUMAN_CURATED,single_mcq,0,HUMAN_CURATED,PHASE_17,ACTIVE,BOARD_MAPPING_OMISSION
q-p17g-tsbie-bieap-subj-physics-Class12-0050,tsbie-bieap,tsbie-bieap,Class 12,science,subj-physics,en,none,ver-tsbie-bieap-2026,HUMAN_CURATED,long_answer,0,HUMAN_CURATED,PHASE_17,ACTIVE,BOARD_MAPPING_OMISSION
q-p17g-tsbie-bieap-subj-physics-Class12-0051,tsbie-bieap,tsbie-bieap,Class 12,science,subj-physics,en,none,ver-tsbie-bieap-2026,HUMAN_CURATED,single_mcq,0,HUMAN_CURATED,PHASE_17,ACTIVE,BOARD_MAPPING_OMISSION
q-p17g-tsbie-bieap-subj-physics-Class12-0052,tsbie-bieap,tsbie-bieap,Class 12,science,subj-physics,en,none,ver-tsbie-bieap-2026,HUMAN_CURATED,single_mcq,0,HUMAN_CURATED,PHASE_17,ACTIVE,BOARD_MAPPING_OMISSION
q-p17g-tsbie-bieap-subj-physics-Class12-0053,tsbie-bieap,tsbie-bieap,Class 12,science,subj-physics,en,none,ver-tsbie-bieap-2026,HUMAN_CURATED,single_mcq,0,HUMAN_CURATED,PHASE_17,ACTIVE,BOARD_MAPPING_OMISSION
q-p17g-tsbie-bieap-subj-physics-Class12-0054,tsbie-bieap,tsbie-bieap,Class 12,science,subj-physics,en,none,ver-tsbie-bieap-2026,HUMAN_CURATED,single_mcq,0,HUMAN_CURATED,PHASE_17,ACTIVE,BOARD_MAPPING_OMISSION
q-p17g-tsbie-bieap-subj-physics-Class12-0055,tsbie-bieap,tsbie-bieap,Class 12,science,subj-physics,en,none,ver-tsbie-bieap-2026,HUMAN_CURATED,short_answer,0,HUMAN_CURATED,PHASE_17,ACTIVE,BOARD_MAPPING_OMISSION
q-p17g-tsbie-bieap-subj-physics-Class12-0056,tsbie-bieap,tsbie-bieap,Class 12,science,subj-physics,en,none,ver-tsbie-bieap-2026,HUMAN_CURATED,assertion_reason,0,HUMAN_CURATED,PHASE_17,ACTIVE,BOARD_MAPPING_OMISSION
q-p17g-tsbie-bieap-subj-physics-Class12-0057,tsbie-bieap,tsbie-bieap,Class 12,science,subj-physics,en,none,ver-tsbie-bieap-2026,HUMAN_CURATED,single_mcq,0,HUMAN_CURATED,PHASE_17,ACTIVE,BOARD_MAPPING_OMISSION
q-p17g-tsbie-bieap-subj-physics-Class12-0058,tsbie-bieap,tsbie-bieap,Class 12,science,subj-physics,en,none,ver-tsbie-bieap-2026,HUMAN_CURATED,single_mcq,0,HUMAN_CURATED,PHASE_17,ACTIVE,BOARD_MAPPING_OMISSION
q-p17g-tsbie-bieap-subj-physics-Class12-0059,tsbie-bieap,tsbie-bieap,Class 12,science,subj-physics,en,none,ver-tsbie-bieap-2026,HUMAN_CURATED,single_mcq,0,HUMAN_CURATED,PHASE_17,ACTIVE,BOARD_MAPPING_OMISSION
q-p17g-tsbie-bieap-subj-physics-Class12-0060,tsbie-bieap,tsbie-bieap,Class 12,science,subj-physics,en,none,ver-tsbie-bieap-2026,HUMAN_CURATED,long_answer,0,HUMAN_CURATED,PHASE_17,ACTIVE,BOARD_MAPPING_OMISSION
q-p17g-tsbie-bieap-subj-physics-Class12-0061,tsbie-bieap,tsbie-bieap,Class 12,science,subj-physics,en,none,ver-tsbie-bieap-2026,HUMAN_CURATED,single_mcq,0,HUMAN_CURATED,PHASE_17,ACTIVE,BOARD_MAPPING_OMISSION
q-p17g-tsbie-bieap-subj-physics-Class12-0062,tsbie-bieap,tsbie-bieap,Class 12,science,subj-physics,en,none,ver-tsbie-bieap-2026,HUMAN_CURATED,single_mcq,0,HUMAN_CURATED,PHASE_17,ACTIVE,BOARD_MAPPING_OMISSION
q-p17g-tsbie-bieap-subj-physics-Class12-0063,tsbie-bieap,tsbie-bieap,Class 12,science,subj-physics,en,none,ver-tsbie-bieap-2026,HUMAN_CURATED,single_mcq,0,HUMAN_CURATED,PHASE_17,ACTIVE,BOARD_MAPPING_OMISSION
q-p17g-tsbie-bieap-subj-physics-Class12-0064,tsbie-bieap,tsbie-bieap,Class 12,science,subj-physics,en,none,ver-tsbie-bieap-2026,HUMAN_CURATED,assertion_reason,0,HUMAN_CURATED,PHASE_17,ACTIVE,BOARD_MAPPING_OMISSION
q-p17g-tsbie-bieap-subj-physics-Class12-0065,tsbie-bieap,tsbie-bieap,Class 12,science,subj-physics,en,none,ver-tsbie-bieap-2026,HUMAN_CURATED,short_answer,0,HUMAN_CURATED,PHASE_17,ACTIVE,BOARD_MAPPING_OMISSION
q-p17g-tsbie-bieap-subj-physics-Class12-0066,tsbie-bieap,tsbie-bieap,Class 12,science,subj-physics,en,none,ver-tsbie-bieap-2026,HUMAN_CURATED,single_mcq,0,HUMAN_CURATED,PHASE_17,ACTIVE,BOARD_MAPPING_OMISSION
q-p17g-tsbie-bieap-subj-physics-Class12-0067,tsbie-bieap,tsbie-bieap,Class 12,science,subj-physics,en,none,ver-tsbie-bieap-2026,HUMAN_CURATED,single_mcq,0,HUMAN_CURATED,PHASE_17,ACTIVE,BOARD_MAPPING_OMISSION
q-p17g-tsbie-bieap-subj-physics-Class12-0068,tsbie-bieap,tsbie-bieap,Class 12,science,subj-physics,en,none,ver-tsbie-bieap-2026,HUMAN_CURATED,single_mcq,0,HUMAN_CURATED,PHASE_17,ACTIVE,BOARD_MAPPING_OMISSION
q-p17g-tsbie-bieap-subj-physics-Class12-0069,tsbie-bieap,tsbie-bieap,Class 12,science,subj-physics,en,none,ver-tsbie-bieap-2026,HUMAN_CURATED,single_mcq,0,HUMAN_CURATED,PHASE_17,ACTIVE,BOARD_MAPPING_OMISSION
q-p17g-tsbie-bieap-subj-physics-Class12-0070,tsbie-bieap,tsbie-bieap,Class 12,science,subj-physics,en,none,ver-tsbie-bieap-2026,HUMAN_CURATED,long_answer,0,HUMAN_CURATED,PHASE_17,ACTIVE,BOARD_MAPPING_OMISSION
q-p17g-tsbie-bieap-subj-physics-Class12-0071,tsbie-bieap,tsbie-bieap,Class 12,science,subj-physics,en,none,ver-tsbie-bieap-2026,HUMAN_CURATED,single_mcq,0,HUMAN_CURATED,PHASE_17,ACTIVE,BOARD_MAPPING_OMISSION
q-p17g-tsbie-bieap-subj-physics-Class12-0072,tsbie-bieap,tsbie-bieap,Class 12,science,subj-physics,en,none,ver-tsbie-bieap-2026,HUMAN_CURATED,assertion_reason,0,HUMAN_CURATED,PHASE_17,ACTIVE,BOARD_MAPPING_OMISSION
q-p17g-tsbie-bieap-subj-physics-Class12-0073,tsbie-bieap,tsbie-bieap,Class 12,science,subj-physics,en,none,ver-tsbie-bieap-2026,HUMAN_CURATED,single_mcq,0,HUMAN_CURATED,PHASE_17,ACTIVE,BOARD_MAPPING_OMISSION
q-p17g-tsbie-bieap-subj-physics-Class12-0074,tsbie-bieap,tsbie-bieap,Class 12,science,subj-physics,en,none,ver-tsbie-bieap-2026,HUMAN_CURATED,single_mcq,0,HUMAN_CURATED,PHASE_17,ACTIVE,BOARD_MAPPING_OMISSION
q-p17g-tsbie-bieap-subj-physics-Class12-0075,tsbie-bieap,tsbie-bieap,Class 12,science,subj-physics,en,none,ver-tsbie-bieap-2026,HUMAN_CURATED,case_study,0,HUMAN_CURATED,PHASE_17,ACTIVE,BOARD_MAPPING_OMISSION
q-p17g-tsbie-bieap-subj-physics-Class12-0076,tsbie-bieap,tsbie-bieap,Class 12,science,subj-physics,en,none,ver-tsbie-bieap-2026,HUMAN_CURATED,single_mcq,0,HUMAN_CURATED,PHASE_17,ACTIVE,BOARD_MAPPING_OMISSION
q-p17g-tsbie-bieap-subj-physics-Class12-0077,tsbie-bieap,tsbie-bieap,Class 12,science,subj-physics,en,none,ver-tsbie-bieap-2026,HUMAN_CURATED,single_mcq,0,HUMAN_CURATED,PHASE_17,ACTIVE,BOARD_MAPPING_OMISSION
q-p17g-tsbie-bieap-subj-physics-Class12-0078,tsbie-bieap,tsbie-bieap,Class 12,science,subj-physics,en,none,ver-tsbie-bieap-2026,HUMAN_CURATED,single_mcq,0,HUMAN_CURATED,PHASE_17,ACTIVE,BOARD_MAPPING_OMISSION
q-p17g-tsbie-bieap-subj-physics-Class12-0079,tsbie-bieap,tsbie-bieap,Class 12,science,subj-physics,en,none,ver-tsbie-bieap-2026,HUMAN_CURATED,single_mcq,0,HUMAN_CURATED,PHASE_17,ACTIVE,BOARD_MAPPING_OMISSION
q-p17g-tsbie-bieap-subj-physics-Class12-0080,tsbie-bieap,tsbie-bieap,Class 12,science,subj-physics,en,none,ver-tsbie-bieap-2026,HUMAN_CURATED,long_answer,0,HUMAN_CURATED,PHASE_17,ACTIVE,BOARD_MAPPING_OMISSION
q-p17g-tsbie-bieap-subj-physics-Class12-0081,tsbie-bieap,tsbie-bieap,Class 12,science,subj-physics,en,none,ver-tsbie-bieap-2026,HUMAN_CURATED,single_mcq,0,HUMAN_CURATED,PHASE_17,ACTIVE,BOARD_MAPPING_OMISSION
q-p17g-tsbie-bieap-subj-physics-Class12-0082,tsbie-bieap,tsbie-bieap,Class 12,science,subj-physics,en,none,ver-tsbie-bieap-2026,HUMAN_CURATED,single_mcq,0,HUMAN_CURATED,PHASE_17,ACTIVE,BOARD_MAPPING_OMISSION
q-p17g-tsbie-bieap-subj-physics-Class12-0083,tsbie-bieap,tsbie-bieap,Class 12,science,subj-physics,en,none,ver-tsbie-bieap-2026,HUMAN_CURATED,single_mcq,0,HUMAN_CURATED,PHASE_17,ACTIVE,BOARD_MAPPING_OMISSION
q-p17g-tsbie-bieap-subj-physics-Class12-0084,tsbie-bieap,tsbie-bieap,Class 12,science,subj-physics,en,none,ver-tsbie-bieap-2026,HUMAN_CURATED,assertion_reason,0,HUMAN_CURATED,PHASE_17,ACTIVE,BOARD_MAPPING_OMISSION
q-p17g-tsbie-bieap-subj-physics-Class12-0085,tsbie-bieap,tsbie-bieap,Class 12,science,subj-physics,en,none,ver-tsbie-bieap-2026,HUMAN_CURATED,short_answer,0,HUMAN_CURATED,PHASE_17,ACTIVE,BOARD_MAPPING_OMISSION
q-p17g-tsbie-bieap-subj-physics-Class12-0086,tsbie-bieap,tsbie-bieap,Class 12,science,subj-physics,en,none,ver-tsbie-bieap-2026,HUMAN_CURATED,single_mcq,0,HUMAN_CURATED,PHASE_17,ACTIVE,BOARD_MAPPING_OMISSION
q-p17g-tsbie-bieap-subj-physics-Class12-0087,tsbie-bieap,tsbie-bieap,Class 12,science,subj-physics,en,none,ver-tsbie-bieap-2026,HUMAN_CURATED,single_mcq,0,HUMAN_CURATED,PHASE_17,ACTIVE,BOARD_MAPPING_OMISSION
q-p17g-tsbie-bieap-subj-physics-Class12-0088,tsbie-bieap,tsbie-bieap,Class 12,science,subj-physics,en,none,ver-tsbie-bieap-2026,HUMAN_CURATED,assertion_reason,0,HUMAN_CURATED,PHASE_17,ACTIVE,BOARD_MAPPING_OMISSION
q-p17g-tsbie-bieap-subj-physics-Class12-0089,tsbie-bieap,tsbie-bieap,Class 12,science,subj-physics,en,none,ver-tsbie-bieap-2026,HUMAN_CURATED,single_mcq,0,HUMAN_CURATED,PHASE_17,ACTIVE,BOARD_MAPPING_OMISSION
q-p17g-tsbie-bieap-subj-physics-Class12-0090,tsbie-bieap,tsbie-bieap,Class 12,science,subj-physics,en,none,ver-tsbie-bieap-2026,HUMAN_CURATED,long_answer,0,HUMAN_CURATED,PHASE_17,ACTIVE,BOARD_MAPPING_OMISSION
q-p17g-tsbie-bieap-subj-physics-Class12-0091,tsbie-bieap,tsbie-bieap,Class 12,science,subj-physics,en,none,ver-tsbie-bieap-2026,HUMAN_CURATED,single_mcq,0,HUMAN_CURATED,PHASE_17,ACTIVE,BOARD_MAPPING_OMISSION
q-p17g-tsbie-bieap-subj-physics-Class12-0092,tsbie-bieap,tsbie-bieap,Class 12,science,subj-physics,en,none,ver-tsbie-bieap-2026,HUMAN_CURATED,single_mcq,0,HUMAN_CURATED,PHASE_17,ACTIVE,BOARD_MAPPING_OMISSION
q-p17g-tsbie-bieap-subj-physics-Class12-0093,tsbie-bieap,tsbie-bieap,Class 12,science,subj-physics,en,none,ver-tsbie-bieap-2026,HUMAN_CURATED,single_mcq,0,HUMAN_CURATED,PHASE_17,ACTIVE,BOARD_MAPPING_OMISSION
q-p17g-tsbie-bieap-subj-physics-Class12-0094,tsbie-bieap,tsbie-bieap,Class 12,science,subj-physics,en,none,ver-tsbie-bieap-2026,HUMAN_CURATED,single_mcq,0,HUMAN_CURATED,PHASE_17,ACTIVE,BOARD_MAPPING_OMISSION
q-p17g-tsbie-bieap-subj-physics-Class12-0095,tsbie-bieap,tsbie-bieap,Class 12,science,subj-physics,en,none,ver-tsbie-bieap-2026,HUMAN_CURATED,short_answer,0,HUMAN_CURATED,PHASE_17,ACTIVE,BOARD_MAPPING_OMISSION
q-p17g-tsbie-bieap-subj-physics-Class12-0096,tsbie-bieap,tsbie-bieap,Class 12,science,subj-physics,en,none,ver-tsbie-bieap-2026,HUMAN_CURATED,assertion_reason,0,HUMAN_CURATED,PHASE_17,ACTIVE,BOARD_MAPPING_OMISSION
q-p17g-tsbie-bieap-subj-physics-Class12-0097,tsbie-bieap,tsbie-bieap,Class 12,science,subj-physics,en,none,ver-tsbie-bieap-2026,HUMAN_CURATED,single_mcq,0,HUMAN_CURATED,PHASE_17,ACTIVE,BOARD_MAPPING_OMISSION
q-p17g-tsbie-bieap-subj-physics-Class12-0098,tsbie-bieap,tsbie-bieap,Class 12,science,subj-physics,en,none,ver-tsbie-bieap-2026,HUMAN_CURATED,single_mcq,0,HUMAN_CURATED,PHASE_17,ACTIVE,BOARD_MAPPING_OMISSION
q-p17g-tsbie-bieap-subj-physics-Class12-0099,tsbie-bieap,tsbie-bieap,Class 12,science,subj-physics,en,none,ver-tsbie-bieap-2026,HUMAN_CURATED,single_mcq,0,HUMAN_CURATED,PHASE_17,ACTIVE,BOARD_MAPPING_OMISSION
q-p17g-tsbie-bieap-subj-physics-Class12-0100,tsbie-bieap,tsbie-bieap,Class 12,science,subj-physics,en,none,ver-tsbie-bieap-2026,HUMAN_CURATED,long_answer,0,HUMAN_CURATED,PHASE_17,ACTIVE,BOARD_MAPPING_OMISSION
q-p17g-tsbie-bieap-subj-physics-Class12-0101,tsbie-bieap,tsbie-bieap,Class 12,science,subj-physics,en,none,ver-tsbie-bieap-2026,HUMAN_CURATED,single_mcq,0,HUMAN_CURATED,PHASE_17,ACTIVE,BOARD_MAPPING_OMISSION
q-p17g-tsbie-bieap-subj-physics-Class12-0102,tsbie-bieap,tsbie-bieap,Class 12,science,subj-physics,en,none,ver-tsbie-bieap-2026,HUMAN_CURATED,single_mcq,0,HUMAN_CURATED,PHASE_17,ACTIVE,BOARD_MAPPING_OMISSION
q-p17g-tsbie-bieap-subj-physics-Class12-0103,tsbie-bieap,tsbie-bieap,Class 12,science,subj-physics,en,none,ver-tsbie-bieap-2026,HUMAN_CURATED,single_mcq,0,HUMAN_CURATED,PHASE_17,ACTIVE,BOARD_MAPPING_OMISSION
q-p17g-tsbie-bieap-subj-physics-Class12-0104,tsbie-bieap,tsbie-bieap,Class 12,science,subj-physics,en,none,ver-tsbie-bieap-2026,HUMAN_CURATED,assertion_reason,0,HUMAN_CURATED,PHASE_17,ACTIVE,BOARD_MAPPING_OMISSION
q-p17g-tsbie-bieap-subj-physics-Class12-0105,tsbie-bieap,tsbie-bieap,Class 12,science,subj-physics,en,none,ver-tsbie-bieap-2026,HUMAN_CURATED,case_study,0,HUMAN_CURATED,PHASE_17,ACTIVE,BOARD_MAPPING_OMISSION
q-p17g-tsbie-bieap-subj-physics-Class12-0106,tsbie-bieap,tsbie-bieap,Class 12,science,subj-physics,en,none,ver-tsbie-bieap-2026,HUMAN_CURATED,single_mcq,0,HUMAN_CURATED,PHASE_17,ACTIVE,BOARD_MAPPING_OMISSION
q-p17g-tsbie-bieap-subj-physics-Class12-0107,tsbie-bieap,tsbie-bieap,Class 12,science,subj-physics,en,none,ver-tsbie-bieap-2026,HUMAN_CURATED,single_mcq,0,HUMAN_CURATED,PHASE_17,ACTIVE,BOARD_MAPPING_OMISSION
q-p17g-tsbie-bieap-subj-physics-Class12-0108,tsbie-bieap,tsbie-bieap,Class 12,science,subj-physics,en,none,ver-tsbie-bieap-2026,HUMAN_CURATED,assertion_reason,0,HUMAN_CURATED,PHASE_17,ACTIVE,BOARD_MAPPING_OMISSION
q-p17g-tsbie-bieap-subj-physics-Class12-0109,tsbie-bieap,tsbie-bieap,Class 12,science,subj-physics,en,none,ver-tsbie-bieap-2026,HUMAN_CURATED,single_mcq,0,HUMAN_CURATED,PHASE_17,ACTIVE,BOARD_MAPPING_OMISSION
q-p17g-tsbie-bieap-subj-physics-Class12-0110,tsbie-bieap,tsbie-bieap,Class 12,science,subj-physics,en,none,ver-tsbie-bieap-2026,HUMAN_CURATED,long_answer,0,HUMAN_CURATED,PHASE_17,ACTIVE,BOARD_MAPPING_OMISSION
q-p17g-tsbie-bieap-subj-physics-Class12-0111,tsbie-bieap,tsbie-bieap,Class 12,science,subj-physics,en,none,ver-tsbie-bieap-2026,HUMAN_CURATED,single_mcq,0,HUMAN_CURATED,PHASE_17,ACTIVE,BOARD_MAPPING_OMISSION
q-p17g-tsbie-bieap-subj-physics-Class12-0112,tsbie-bieap,tsbie-bieap,Class 12,science,subj-physics,en,none,ver-tsbie-bieap-2026,HUMAN_CURATED,assertion_reason,0,HUMAN_CURATED,PHASE_17,ACTIVE,BOARD_MAPPING_OMISSION
q-p17g-tsbie-bieap-subj-physics-Class12-0113,tsbie-bieap,tsbie-bieap,Class 12,science,subj-physics,en,none,ver-tsbie-bieap-2026,HUMAN_CURATED,single_mcq,0,HUMAN_CURATED,PHASE_17,ACTIVE,BOARD_MAPPING_OMISSION
q-p17g-tsbie-bieap-subj-physics-Class12-0114,tsbie-bieap,tsbie-bieap,Class 12,science,subj-physics,en,none,ver-tsbie-bieap-2026,HUMAN_CURATED,single_mcq,0,HUMAN_CURATED,PHASE_17,ACTIVE,BOARD_MAPPING_OMISSION
q-p17g-tsbie-bieap-subj-physics-Class12-0115,tsbie-bieap,tsbie-bieap,Class 12,science,subj-physics,en,none,ver-tsbie-bieap-2026,HUMAN_CURATED,short_answer,0,HUMAN_CURATED,PHASE_17,ACTIVE,BOARD_MAPPING_OMISSION
q-p17g-tsbie-bieap-subj-physics-Class12-0116,tsbie-bieap,tsbie-bieap,Class 12,science,subj-physics,en,none,ver-tsbie-bieap-2026,HUMAN_CURATED,single_mcq,0,HUMAN_CURATED,PHASE_17,ACTIVE,BOARD_MAPPING_OMISSION
q-p17g-tsbie-bieap-subj-physics-Class12-0117,tsbie-bieap,tsbie-bieap,Class 12,science,subj-physics,en,none,ver-tsbie-bieap-2026,HUMAN_CURATED,single_mcq,0,HUMAN_CURATED,PHASE_17,ACTIVE,BOARD_MAPPING_OMISSION
q-p17g-tsbie-bieap-subj-physics-Class12-0118,tsbie-bieap,tsbie-bieap,Class 12,science,subj-physics,en,none,ver-tsbie-bieap-2026,HUMAN_CURATED,single_mcq,0,HUMAN_CURATED,PHASE_17,ACTIVE,BOARD_MAPPING_OMISSION
q-p17g-tsbie-bieap-subj-physics-Class12-0119,tsbie-bieap,tsbie-bieap,Class 12,science,subj-physics,en,none,ver-tsbie-bieap-2026,HUMAN_CURATED,single_mcq,0,HUMAN_CURATED,PHASE_17,ACTIVE,BOARD_MAPPING_OMISSION
q-p17g-tsbie-bieap-subj-physics-Class12-0120,tsbie-bieap,tsbie-bieap,Class 12,science,subj-physics,en,none,ver-tsbie-bieap-2026,HUMAN_CURATED,long_answer,0,HUMAN_CURATED,PHASE_17,ACTIVE,BOARD_MAPPING_OMISSION
q-p17g-tsbie-bieap-subj-physics-Class12-0121,tsbie-bieap,tsbie-bieap,Class 12,science,subj-physics,en,none,ver-tsbie-bieap-2026,HUMAN_CURATED,single_mcq,0,HUMAN_CURATED,PHASE_17,ACTIVE,BOARD_MAPPING_OMISSION
q-p17g-tsbie-bieap-subj-physics-Class12-0122,tsbie-bieap,tsbie-bieap,Class 12,science,subj-physics,en,none,ver-tsbie-bieap-2026,HUMAN_CURATED,single_mcq,0,HUMAN_CURATED,PHASE_17,ACTIVE,BOARD_MAPPING_OMISSION
q-p17g-tsbie-bieap-subj-physics-Class12-0123,tsbie-bieap,tsbie-bieap,Class 12,science,subj-physics,en,none,ver-tsbie-bieap-2026,HUMAN_CURATED,single_mcq,0,HUMAN_CURATED,PHASE_17,ACTIVE,BOARD_MAPPING_OMISSION
q-p17g-tsbie-bieap-subj-physics-Class12-0124,tsbie-bieap,tsbie-bieap,Class 12,science,subj-physics,en,none,ver-tsbie-bieap-2026,HUMAN_CURATED,single_mcq,0,HUMAN_CURATED,PHASE_17,ACTIVE,BOARD_MAPPING_OMISSION
q-p17g-tsbie-bieap-subj-physics-Class12-0125,tsbie-bieap,tsbie-bieap,Class 12,science,subj-physics,en,none,ver-tsbie-bieap-2026,HUMAN_CURATED,short_answer,0,HUMAN_CURATED,PHASE_17,ACTIVE,BOARD_MAPPING_OMISSION
q-p17g-tsbie-bieap-subj-physics-Class12-0126,tsbie-bieap,tsbie-bieap,Class 12,science,subj-physics,en,none,ver-tsbie-bieap-2026,HUMAN_CURATED,single_mcq,0,HUMAN_CURATED,PHASE_17,ACTIVE,BOARD_MAPPING_OMISSION
q-p17g-tsbie-bieap-subj-physics-Class12-0127,tsbie-bieap,tsbie-bieap,Class 12,science,subj-physics,en,none,ver-tsbie-bieap-2026,HUMAN_CURATED,single_mcq,0,HUMAN_CURATED,PHASE_17,ACTIVE,BOARD_MAPPING_OMISSION
q-p17g-tsbie-bieap-subj-physics-Class12-0128,tsbie-bieap,tsbie-bieap,Class 12,science,subj-physics,en,none,ver-tsbie-bieap-2026,HUMAN_CURATED,assertion_reason,0,HUMAN_CURATED,PHASE_17,ACTIVE,BOARD_MAPPING_OMISSION
q-p17g-tsbie-bieap-subj-physics-Class12-0129,tsbie-bieap,tsbie-bieap,Class 12,science,subj-physics,en,none,ver-tsbie-bieap-2026,HUMAN_CURATED,single_mcq,0,HUMAN_CURATED,PHASE_17,ACTIVE,BOARD_MAPPING_OMISSION
q-p17g-tsbie-bieap-subj-physics-Class12-0130,tsbie-bieap,tsbie-bieap,Class 12,science,subj-physics,en,none,ver-tsbie-bieap-2026,HUMAN_CURATED,long_answer,0,HUMAN_CURATED,PHASE_17,ACTIVE,BOARD_MAPPING_OMISSION
q-p17g-tsbie-bieap-subj-physics-Class12-0131,tsbie-bieap,tsbie-bieap,Class 12,science,subj-physics,en,none,ver-tsbie-bieap-2026,HUMAN_CURATED,single_mcq,0,HUMAN_CURATED,PHASE_17,ACTIVE,BOARD_MAPPING_OMISSION
q-p17g-tsbie-bieap-subj-physics-Class12-0132,tsbie-bieap,tsbie-bieap,Class 12,science,subj-physics,en,none,ver-tsbie-bieap-2026,HUMAN_CURATED,assertion_reason,0,HUMAN_CURATED,PHASE_17,ACTIVE,BOARD_MAPPING_OMISSION
q-p17g-tsbie-bieap-subj-physics-Class12-0133,tsbie-bieap,tsbie-bieap,Class 12,science,subj-physics,en,none,ver-tsbie-bieap-2026,HUMAN_CURATED,single_mcq,0,HUMAN_CURATED,PHASE_17,ACTIVE,BOARD_MAPPING_OMISSION
q-p17g-tsbie-bieap-subj-physics-Class12-0134,tsbie-bieap,tsbie-bieap,Class 12,science,subj-physics,en,none,ver-tsbie-bieap-2026,HUMAN_CURATED,single_mcq,0,HUMAN_CURATED,PHASE_17,ACTIVE,BOARD_MAPPING_OMISSION
q-p17g-tsbie-bieap-subj-physics-Class12-0135,tsbie-bieap,tsbie-bieap,Class 12,science,subj-physics,en,none,ver-tsbie-bieap-2026,HUMAN_CURATED,case_study,0,HUMAN_CURATED,PHASE_17,ACTIVE,BOARD_MAPPING_OMISSION
q-p17g-tsbie-bieap-subj-physics-Class12-0136,tsbie-bieap,tsbie-bieap,Class 12,science,subj-physics,en,none,ver-tsbie-bieap-2026,HUMAN_CURATED,assertion_reason,0,HUMAN_CURATED,PHASE_17,ACTIVE,BOARD_MAPPING_OMISSION
q-p17g-tsbie-bieap-subj-physics-Class12-0137,tsbie-bieap,tsbie-bieap,Class 12,science,subj-physics,en,none,ver-tsbie-bieap-2026,HUMAN_CURATED,single_mcq,0,HUMAN_CURATED,PHASE_17,ACTIVE,BOARD_MAPPING_OMISSION
q-p17g-tsbie-bieap-subj-physics-Class12-0138,tsbie-bieap,tsbie-bieap,Class 12,science,subj-physics,en,none,ver-tsbie-bieap-2026,HUMAN_CURATED,single_mcq,0,HUMAN_CURATED,PHASE_17,ACTIVE,BOARD_MAPPING_OMISSION
q-p17g-tsbie-bieap-subj-physics-Class12-0139,tsbie-bieap,tsbie-bieap,Class 12,science,subj-physics,en,none,ver-tsbie-bieap-2026,HUMAN_CURATED,single_mcq,0,HUMAN_CURATED,PHASE_17,ACTIVE,BOARD_MAPPING_OMISSION
q-p17g-tsbie-bieap-subj-physics-Class12-0140,tsbie-bieap,tsbie-bieap,Class 12,science,subj-physics,en,none,ver-tsbie-bieap-2026,HUMAN_CURATED,long_answer,0,HUMAN_CURATED,PHASE_17,ACTIVE,BOARD_MAPPING_OMISSION
q-p17g-tsbie-bieap-subj-physics-Class12-0141,tsbie-bieap,tsbie-bieap,Class 12,science,subj-physics,en,none,ver-tsbie-bieap-2026,HUMAN_CURATED,single_mcq,0,HUMAN_CURATED,PHASE_17,ACTIVE,BOARD_MAPPING_OMISSION
q-p17g-tsbie-bieap-subj-physics-Class12-0142,tsbie-bieap,tsbie-bieap,Class 12,science,subj-physics,en,none,ver-tsbie-bieap-2026,HUMAN_CURATED,single_mcq,0,HUMAN_CURATED,PHASE_17,ACTIVE,BOARD_MAPPING_OMISSION
q-p17g-tsbie-bieap-subj-physics-Class12-0143,tsbie-bieap,tsbie-bieap,Class 12,science,subj-physics,en,none,ver-tsbie-bieap-2026,HUMAN_CURATED,single_mcq,0,HUMAN_CURATED,PHASE_17,ACTIVE,BOARD_MAPPING_OMISSION
q-p17g-tsbie-bieap-subj-physics-Class12-0144,tsbie-bieap,tsbie-bieap,Class 12,science,subj-physics,en,none,ver-tsbie-bieap-2026,HUMAN_CURATED,assertion_reason,0,HUMAN_CURATED,PHASE_17,ACTIVE,BOARD_MAPPING_OMISSION
q-p17g-tsbie-bieap-subj-physics-Class12-0145,tsbie-bieap,tsbie-bieap,Class 12,science,subj-physics,en,none,ver-tsbie-bieap-2026,HUMAN_CURATED,short_answer,0,HUMAN_CURATED,PHASE_17,ACTIVE,BOARD_MAPPING_OMISSION
q-p17g-tsbie-bieap-subj-physics-Class12-0146,tsbie-bieap,tsbie-bieap,Class 12,science,subj-physics,en,none,ver-tsbie-bieap-2026,HUMAN_CURATED,single_mcq,0,HUMAN_CURATED,PHASE_17,ACTIVE,BOARD_MAPPING_OMISSION
q-p17g-tsbie-bieap-subj-physics-Class12-0147,tsbie-bieap,tsbie-bieap,Class 12,science,subj-physics,en,none,ver-tsbie-bieap-2026,HUMAN_CURATED,single_mcq,0,HUMAN_CURATED,PHASE_17,ACTIVE,BOARD_MAPPING_OMISSION
q-p17g-tsbie-bieap-subj-physics-Class12-0148,tsbie-bieap,tsbie-bieap,Class 12,science,subj-physics,en,none,ver-tsbie-bieap-2026,HUMAN_CURATED,single_mcq,0,HUMAN_CURATED,PHASE_17,ACTIVE,BOARD_MAPPING_OMISSION
q-p17g-tsbie-bieap-subj-physics-Class12-0149,tsbie-bieap,tsbie-bieap,Class 12,science,subj-physics,en,none,ver-tsbie-bieap-2026,HUMAN_CURATED,single_mcq,0,HUMAN_CURATED,PHASE_17,ACTIVE,BOARD_MAPPING_OMISSION
q-p17g-tsbie-bieap-subj-physics-Class12-0150,tsbie-bieap,tsbie-bieap,Class 12,science,subj-physics,en,none,ver-tsbie-bieap-2026,HUMAN_CURATED,long_answer,0,HUMAN_CURATED,PHASE_17,ACTIVE,BOARD_MAPPING_OMISSION
q-p17g-tsbie-bieap-subj-physics-Class12-0151,tsbie-bieap,tsbie-bieap,Class 12,science,subj-physics,en,none,ver-tsbie-bieap-2026,HUMAN_CURATED,single_mcq,0,HUMAN_CURATED,PHASE_17,ACTIVE,BOARD_MAPPING_OMISSION
q-p17g-tsbie-bieap-subj-physics-Class12-0152,tsbie-bieap,tsbie-bieap,Class 12,science,subj-physics,en,none,ver-tsbie-bieap-2026,HUMAN_CURATED,assertion_reason,0,HUMAN_CURATED,PHASE_17,ACTIVE,BOARD_MAPPING_OMISSION
q-p17g-tsbie-bieap-subj-physics-Class12-0153,tsbie-bieap,tsbie-bieap,Class 12,science,subj-physics,en,none,ver-tsbie-bieap-2026,HUMAN_CURATED,single_mcq,0,HUMAN_CURATED,PHASE_17,ACTIVE,BOARD_MAPPING_OMISSION
q-p17g-tsbie-bieap-subj-physics-Class12-0154,tsbie-bieap,tsbie-bieap,Class 12,science,subj-physics,en,none,ver-tsbie-bieap-2026,HUMAN_CURATED,single_mcq,0,HUMAN_CURATED,PHASE_17,ACTIVE,BOARD_MAPPING_OMISSION
q-p17g-tsbie-bieap-subj-physics-Class12-0155,tsbie-bieap,tsbie-bieap,Class 12,science,subj-physics,en,none,ver-tsbie-bieap-2026,HUMAN_CURATED,short_answer,0,HUMAN_CURATED,PHASE_17,ACTIVE,BOARD_MAPPING_OMISSION
q-p17g-tsbie-bieap-subj-physics-Class12-0156,tsbie-bieap,tsbie-bieap,Class 12,science,subj-physics,en,none,ver-tsbie-bieap-2026,HUMAN_CURATED,assertion_reason,0,HUMAN_CURATED,PHASE_17,ACTIVE,BOARD_MAPPING_OMISSION
q-p17g-tsbie-bieap-subj-physics-Class12-0157,tsbie-bieap,tsbie-bieap,Class 12,science,subj-physics,en,none,ver-tsbie-bieap-2026,HUMAN_CURATED,single_mcq,0,HUMAN_CURATED,PHASE_17,ACTIVE,BOARD_MAPPING_OMISSION
q-p17g-tsbie-bieap-subj-physics-Class12-0158,tsbie-bieap,tsbie-bieap,Class 12,science,subj-physics,en,none,ver-tsbie-bieap-2026,HUMAN_CURATED,single_mcq,0,HUMAN_CURATED,PHASE_17,ACTIVE,BOARD_MAPPING_OMISSION
q-p17g-tsbie-bieap-subj-physics-Class12-0159,tsbie-bieap,tsbie-bieap,Class 12,science,subj-physics,en,none,ver-tsbie-bieap-2026,HUMAN_CURATED,single_mcq,0,HUMAN_CURATED,PHASE_17,ACTIVE,BOARD_MAPPING_OMISSION
q-p17g-tsbie-bieap-subj-physics-Class12-0160,tsbie-bieap,tsbie-bieap,Class 12,science,subj-physics,en,none,ver-tsbie-bieap-2026,HUMAN_CURATED,long_answer,0,HUMAN_CURATED,PHASE_17,ACTIVE,BOARD_MAPPING_OMISSION
q-p17g-tsbie-bieap-subj-physics-Class12-0161,tsbie-bieap,tsbie-bieap,Class 12,science,subj-physics,en,none,ver-tsbie-bieap-2026,HUMAN_CURATED,single_mcq,0,HUMAN_CURATED,PHASE_17,ACTIVE,BOARD_MAPPING_OMISSION
q-p17g-tsbie-bieap-subj-physics-Class12-0162,tsbie-bieap,tsbie-bieap,Class 12,science,subj-physics,en,none,ver-tsbie-bieap-2026,HUMAN_CURATED,single_mcq,0,HUMAN_CURATED,PHASE_17,ACTIVE,BOARD_MAPPING_OMISSION
q-p17g-tsbie-bieap-subj-physics-Class12-0163,tsbie-bieap,tsbie-bieap,Class 12,science,subj-physics,en,none,ver-tsbie-bieap-2026,HUMAN_CURATED,single_mcq,0,HUMAN_CURATED,PHASE_17,ACTIVE,BOARD_MAPPING_OMISSION
q-p17g-tsbie-bieap-subj-physics-Class12-0164,tsbie-bieap,tsbie-bieap,Class 12,science,subj-physics,en,none,ver-tsbie-bieap-2026,HUMAN_CURATED,single_mcq,0,HUMAN_CURATED,PHASE_17,ACTIVE,BOARD_MAPPING_OMISSION
q-p17g-tsbie-bieap-subj-physics-Class12-0165,tsbie-bieap,tsbie-bieap,Class 12,science,subj-physics,en,none,ver-tsbie-bieap-2026,HUMAN_CURATED,case_study,0,HUMAN_CURATED,PHASE_17,ACTIVE,BOARD_MAPPING_OMISSION
q-p17g-tsbie-bieap-subj-physics-Class12-0166,tsbie-bieap,tsbie-bieap,Class 12,science,subj-physics,en,none,ver-tsbie-bieap-2026,HUMAN_CURATED,single_mcq,0,HUMAN_CURATED,PHASE_17,ACTIVE,BOARD_MAPPING_OMISSION
q-p17g-tsbie-bieap-subj-physics-Class12-0167,tsbie-bieap,tsbie-bieap,Class 12,science,subj-physics,en,none,ver-tsbie-bieap-2026,HUMAN_CURATED,single_mcq,0,HUMAN_CURATED,PHASE_17,ACTIVE,BOARD_MAPPING_OMISSION
q-p17g-tsbie-bieap-subj-physics-Class12-0168,tsbie-bieap,tsbie-bieap,Class 12,science,subj-physics,en,none,ver-tsbie-bieap-2026,HUMAN_CURATED,assertion_reason,0,HUMAN_CURATED,PHASE_17,ACTIVE,BOARD_MAPPING_OMISSION
q-p17g-tsbie-bieap-subj-physics-Class12-0169,tsbie-bieap,tsbie-bieap,Class 12,science,subj-physics,en,none,ver-tsbie-bieap-2026,HUMAN_CURATED,single_mcq,0,HUMAN_CURATED,PHASE_17,ACTIVE,BOARD_MAPPING_OMISSION
q-p17g-tsbie-bieap-subj-physics-Class12-0170,tsbie-bieap,tsbie-bieap,Class 12,science,subj-physics,en,none,ver-tsbie-bieap-2026,HUMAN_CURATED,long_answer,0,HUMAN_CURATED,PHASE_17,ACTIVE,BOARD_MAPPING_OMISSION
q-p17g-tsbie-bieap-subj-physics-Class12-0171,tsbie-bieap,tsbie-bieap,Class 12,science,subj-physics,en,none,ver-tsbie-bieap-2026,HUMAN_CURATED,single_mcq,0,HUMAN_CURATED,PHASE_17,ACTIVE,BOARD_MAPPING_OMISSION
q-p17g-tsbie-bieap-subj-physics-Class12-0172,tsbie-bieap,tsbie-bieap,Class 12,science,subj-physics,en,none,ver-tsbie-bieap-2026,HUMAN_CURATED,single_mcq,0,HUMAN_CURATED,PHASE_17,ACTIVE,BOARD_MAPPING_OMISSION
q-p17g-tsbie-bieap-subj-physics-Class12-0173,tsbie-bieap,tsbie-bieap,Class 12,science,subj-physics,en,none,ver-tsbie-bieap-2026,HUMAN_CURATED,single_mcq,0,HUMAN_CURATED,PHASE_17,ACTIVE,BOARD_MAPPING_OMISSION
q-p17g-tsbie-bieap-subj-physics-Class12-0174,tsbie-bieap,tsbie-bieap,Class 12,science,subj-physics,en,none,ver-tsbie-bieap-2026,HUMAN_CURATED,single_mcq,0,HUMAN_CURATED,PHASE_17,ACTIVE,BOARD_MAPPING_OMISSION
q-p17g-tsbie-bieap-subj-physics-Class12-0175,tsbie-bieap,tsbie-bieap,Class 12,science,subj-physics,en,none,ver-tsbie-bieap-2026,HUMAN_CURATED,short_answer,0,HUMAN_CURATED,PHASE_17,ACTIVE,BOARD_MAPPING_OMISSION
q-p17g-tsbie-bieap-subj-physics-Class12-0176,tsbie-bieap,tsbie-bieap,Class 12,science,subj-physics,en,none,ver-tsbie-bieap-2026,HUMAN_CURATED,assertion_reason,0,HUMAN_CURATED,PHASE_17,ACTIVE,BOARD_MAPPING_OMISSION
q-p17g-tsbie-bieap-subj-physics-Class12-0177,tsbie-bieap,tsbie-bieap,Class 12,science,subj-physics,en,none,ver-tsbie-bieap-2026,HUMAN_CURATED,single_mcq,0,HUMAN_CURATED,PHASE_17,ACTIVE,BOARD_MAPPING_OMISSION
q-p17g-tsbie-bieap-subj-physics-Class12-0178,tsbie-bieap,tsbie-bieap,Class 12,science,subj-physics,en,none,ver-tsbie-bieap-2026,HUMAN_CURATED,single_mcq,0,HUMAN_CURATED,PHASE_17,ACTIVE,BOARD_MAPPING_OMISSION
q-p17g-tsbie-bieap-subj-physics-Class12-0179,tsbie-bieap,tsbie-bieap,Class 12,science,subj-physics,en,none,ver-tsbie-bieap-2026,HUMAN_CURATED,single_mcq,0,HUMAN_CURATED,PHASE_17,ACTIVE,BOARD_MAPPING_OMISSION
q-p17g-tsbie-bieap-subj-physics-Class12-0180,tsbie-bieap,tsbie-bieap,Class 12,science,subj-physics,en,none,ver-tsbie-bieap-2026,HUMAN_CURATED,long_answer,0,HUMAN_CURATED,PHASE_17,ACTIVE,BOARD_MAPPING_OMISSION
q-p17g-tsbie-bieap-subj-physics-Class12-0181,tsbie-bieap,tsbie-bieap,Class 12,science,subj-physics,en,none,ver-tsbie-bieap-2026,HUMAN_CURATED,single_mcq,0,HUMAN_CURATED,PHASE_17,ACTIVE,BOARD_MAPPING_OMISSION
q-p17g-tsbie-bieap-subj-physics-Class12-0182,tsbie-bieap,tsbie-bieap,Class 12,science,subj-physics,en,none,ver-tsbie-bieap-2026,HUMAN_CURATED,single_mcq,0,HUMAN_CURATED,PHASE_17,ACTIVE,BOARD_MAPPING_OMISSION
q-p17g-tsbie-bieap-subj-physics-Class12-0183,tsbie-bieap,tsbie-bieap,Class 12,science,subj-physics,en,none,ver-tsbie-bieap-2026,HUMAN_CURATED,single_mcq,0,HUMAN_CURATED,PHASE_17,ACTIVE,BOARD_MAPPING_OMISSION
q-p17g-tsbie-bieap-subj-physics-Class12-0184,tsbie-bieap,tsbie-bieap,Class 12,science,subj-physics,en,none,ver-tsbie-bieap-2026,HUMAN_CURATED,assertion_reason,0,HUMAN_CURATED,PHASE_17,ACTIVE,BOARD_MAPPING_OMISSION
q-p17g-tsbie-bieap-subj-physics-Class12-0185,tsbie-bieap,tsbie-bieap,Class 12,science,subj-physics,en,none,ver-tsbie-bieap-2026,HUMAN_CURATED,short_answer,0,HUMAN_CURATED,PHASE_17,ACTIVE,BOARD_MAPPING_OMISSION
q-p17g-tsbie-bieap-subj-physics-Class12-0186,tsbie-bieap,tsbie-bieap,Class 12,science,subj-physics,en,none,ver-tsbie-bieap-2026,HUMAN_CURATED,single_mcq,0,HUMAN_CURATED,PHASE_17,ACTIVE,BOARD_MAPPING_OMISSION
q-p17g-tsbie-bieap-subj-physics-Class12-0187,tsbie-bieap,tsbie-bieap,Class 12,science,subj-physics,en,none,ver-tsbie-bieap-2026,HUMAN_CURATED,single_mcq,0,HUMAN_CURATED,PHASE_17,ACTIVE,BOARD_MAPPING_OMISSION
q-p17g-tsbie-bieap-subj-physics-Class12-0188,tsbie-bieap,tsbie-bieap,Class 12,science,subj-physics,en,none,ver-tsbie-bieap-2026,HUMAN_CURATED,single_mcq,0,HUMAN_CURATED,PHASE_17,ACTIVE,BOARD_MAPPING_OMISSION
q-p17g-tsbie-bieap-subj-physics-Class12-0189,tsbie-bieap,tsbie-bieap,Class 12,science,subj-physics,en,none,ver-tsbie-bieap-2026,HUMAN_CURATED,single_mcq,0,HUMAN_CURATED,PHASE_17,ACTIVE,BOARD_MAPPING_OMISSION
q-p17g-tsbie-bieap-subj-physics-Class12-0190,tsbie-bieap,tsbie-bieap,Class 12,science,subj-physics,en,none,ver-tsbie-bieap-2026,HUMAN_CURATED,long_answer,0,HUMAN_CURATED,PHASE_17,ACTIVE,BOARD_MAPPING_OMISSION
q-p17g-tsbie-bieap-subj-physics-Class12-0191,tsbie-bieap,tsbie-bieap,Class 12,science,subj-physics,en,none,ver-tsbie-bieap-2026,HUMAN_CURATED,single_mcq,0,HUMAN_CURATED,PHASE_17,ACTIVE,BOARD_MAPPING_OMISSION
q-p17g-tsbie-bieap-subj-physics-Class12-0192,tsbie-bieap,tsbie-bieap,Class 12,science,subj-physics,en,none,ver-tsbie-bieap-2026,HUMAN_CURATED,assertion_reason,0,HUMAN_CURATED,PHASE_17,ACTIVE,BOARD_MAPPING_OMISSION
q-p17g-tsbie-bieap-subj-physics-Class12-0193,tsbie-bieap,tsbie-bieap,Class 12,science,subj-physics,en,none,ver-tsbie-bieap-2026,HUMAN_CURATED,single_mcq,0,HUMAN_CURATED,PHASE_17,ACTIVE,BOARD_MAPPING_OMISSION
q-p17g-tsbie-bieap-subj-physics-Class12-0194,tsbie-bieap,tsbie-bieap,Class 12,science,subj-physics,en,none,ver-tsbie-bieap-2026,HUMAN_CURATED,single_mcq,0,HUMAN_CURATED,PHASE_17,ACTIVE,BOARD_MAPPING_OMISSION
q-p17g-tsbie-bieap-subj-physics-Class12-0195,tsbie-bieap,tsbie-bieap,Class 12,science,subj-physics,en,none,ver-tsbie-bieap-2026,HUMAN_CURATED,case_study,0,HUMAN_CURATED,PHASE_17,ACTIVE,BOARD_MAPPING_OMISSION
q-p17g-tsbie-bieap-subj-physics-Class12-0196,tsbie-bieap,tsbie-bieap,Class 12,science,subj-physics,en,none,ver-tsbie-bieap-2026,HUMAN_CURATED,single_mcq,0,HUMAN_CURATED,PHASE_17,ACTIVE,BOARD_MAPPING_OMISSION
q-p17g-tsbie-bieap-subj-physics-Class12-0197,tsbie-bieap,tsbie-bieap,Class 12,science,subj-physics,en,none,ver-tsbie-bieap-2026,HUMAN_CURATED,single_mcq,0,HUMAN_CURATED,PHASE_17,ACTIVE,BOARD_MAPPING_OMISSION
q-p17g-tsbie-bieap-subj-physics-Class12-0198,tsbie-bieap,tsbie-bieap,Class 12,science,subj-physics,en,none,ver-tsbie-bieap-2026,HUMAN_CURATED,single_mcq,0,HUMAN_CURATED,PHASE_17,ACTIVE,BOARD_MAPPING_OMISSION
q-p17g-tsbie-bieap-subj-physics-Class12-0199,tsbie-bieap,tsbie-bieap,Class 12,science,subj-physics,en,none,ver-tsbie-bieap-2026,HUMAN_CURATED,single_mcq,0,HUMAN_CURATED,PHASE_17,ACTIVE,BOARD_MAPPING_OMISSION
q-p17g-tsbie-bieap-subj-physics-Class12-0200,tsbie-bieap,tsbie-bieap,Class 12,science,subj-physics,en,none,ver-tsbie-bieap-2026,HUMAN_CURATED,long_answer,0,HUMAN_CURATED,PHASE_17,ACTIVE,BOARD_MAPPING_OMISSION
q-p17g-tsbie-bieap-subj-physics-Class12-0201,tsbie-bieap,tsbie-bieap,Class 12,science,subj-physics,en,none,ver-tsbie-bieap-2026,HUMAN_CURATED,single_mcq,0,HUMAN_CURATED,PHASE_17,ACTIVE,BOARD_MAPPING_OMISSION
q-p17g-tsbie-bieap-subj-physics-Class12-0202,tsbie-bieap,tsbie-bieap,Class 12,science,subj-physics,en,none,ver-tsbie-bieap-2026,HUMAN_CURATED,single_mcq,0,HUMAN_CURATED,PHASE_17,ACTIVE,BOARD_MAPPING_OMISSION
q-p17g-tsbie-bieap-subj-physics-Class12-0203,tsbie-bieap,tsbie-bieap,Class 12,science,subj-physics,en,none,ver-tsbie-bieap-2026,HUMAN_CURATED,single_mcq,0,HUMAN_CURATED,PHASE_17,ACTIVE,BOARD_MAPPING_OMISSION
q-p17g-tsbie-bieap-subj-physics-Class12-0204,tsbie-bieap,tsbie-bieap,Class 12,science,subj-physics,en,none,ver-tsbie-bieap-2026,HUMAN_CURATED,assertion_reason,0,HUMAN_CURATED,PHASE_17,ACTIVE,BOARD_MAPPING_OMISSION
q-p17g-tsbie-bieap-subj-physics-Class12-0205,tsbie-bieap,tsbie-bieap,Class 12,science,subj-physics,en,none,ver-tsbie-bieap-2026,HUMAN_CURATED,short_answer,0,HUMAN_CURATED,PHASE_17,ACTIVE,BOARD_MAPPING_OMISSION
q-p17g-tsbie-bieap-subj-physics-Class12-0206,tsbie-bieap,tsbie-bieap,Class 12,science,subj-physics,en,none,ver-tsbie-bieap-2026,HUMAN_CURATED,single_mcq,0,HUMAN_CURATED,PHASE_17,ACTIVE,BOARD_MAPPING_OMISSION
q-p17g-tsbie-bieap-subj-physics-Class12-0207,tsbie-bieap,tsbie-bieap,Class 12,science,subj-physics,en,none,ver-tsbie-bieap-2026,HUMAN_CURATED,single_mcq,0,HUMAN_CURATED,PHASE_17,ACTIVE,BOARD_MAPPING_OMISSION
q-p17g-tsbie-bieap-subj-physics-Class12-0208,tsbie-bieap,tsbie-bieap,Class 12,science,subj-physics,en,none,ver-tsbie-bieap-2026,HUMAN_CURATED,assertion_reason,0,HUMAN_CURATED,PHASE_17,ACTIVE,BOARD_MAPPING_OMISSION
q-p17g-tsbie-bieap-subj-physics-Class12-0209,tsbie-bieap,tsbie-bieap,Class 12,science,subj-physics,en,none,ver-tsbie-bieap-2026,HUMAN_CURATED,single_mcq,0,HUMAN_CURATED,PHASE_17,ACTIVE,BOARD_MAPPING_OMISSION
q-p17g-tsbie-bieap-subj-physics-Class12-0210,tsbie-bieap,tsbie-bieap,Class 12,science,subj-physics,en,none,ver-tsbie-bieap-2026,HUMAN_CURATED,long_answer,0,HUMAN_CURATED,PHASE_17,ACTIVE,BOARD_MAPPING_OMISSION
q-p17g-tsbie-bieap-subj-physics-Class12-0211,tsbie-bieap,tsbie-bieap,Class 12,science,subj-physics,en,none,ver-tsbie-bieap-2026,HUMAN_CURATED,single_mcq,0,HUMAN_CURATED,PHASE_17,ACTIVE,BOARD_MAPPING_OMISSION
q-p17g-tsbie-bieap-subj-physics-Class12-0212,tsbie-bieap,tsbie-bieap,Class 12,science,subj-physics,en,none,ver-tsbie-bieap-2026,HUMAN_CURATED,single_mcq,0,HUMAN_CURATED,PHASE_17,ACTIVE,BOARD_MAPPING_OMISSION
q-p17g-tsbie-bieap-subj-physics-Class12-0213,tsbie-bieap,tsbie-bieap,Class 12,science,subj-physics,en,none,ver-tsbie-bieap-2026,HUMAN_CURATED,single_mcq,0,HUMAN_CURATED,PHASE_17,ACTIVE,BOARD_MAPPING_OMISSION
q-p17g-tsbie-bieap-subj-physics-Class12-0214,tsbie-bieap,tsbie-bieap,Class 12,science,subj-physics,en,none,ver-tsbie-bieap-2026,HUMAN_CURATED,single_mcq,0,HUMAN_CURATED,PHASE_17,ACTIVE,BOARD_MAPPING_OMISSION
q-p17g-tsbie-bieap-subj-physics-Class12-0215,tsbie-bieap,tsbie-bieap,Class 12,science,subj-physics,en,none,ver-tsbie-bieap-2026,HUMAN_CURATED,short_answer,0,HUMAN_CURATED,PHASE_17,ACTIVE,BOARD_MAPPING_OMISSION
q-p17g-tsbie-bieap-subj-physics-Class12-0216,tsbie-bieap,tsbie-bieap,Class 12,science,subj-physics,en,none,ver-tsbie-bieap-2026,HUMAN_CURATED,assertion_reason,0,HUMAN_CURATED,PHASE_17,ACTIVE,BOARD_MAPPING_OMISSION
q-p17g-tsbie-bieap-subj-physics-Class12-0217,tsbie-bieap,tsbie-bieap,Class 12,science,subj-physics,en,none,ver-tsbie-bieap-2026,HUMAN_CURATED,single_mcq,0,HUMAN_CURATED,PHASE_17,ACTIVE,BOARD_MAPPING_OMISSION
q-p17g-tsbie-bieap-subj-physics-Class12-0218,tsbie-bieap,tsbie-bieap,Class 12,science,subj-physics,en,none,ver-tsbie-bieap-2026,HUMAN_CURATED,single_mcq,0,HUMAN_CURATED,PHASE_17,ACTIVE,BOARD_MAPPING_OMISSION
q-p17g-tsbie-bieap-subj-physics-Class12-0219,tsbie-bieap,tsbie-bieap,Class 12,science,subj-physics,en,none,ver-tsbie-bieap-2026,HUMAN_CURATED,single_mcq,0,HUMAN_CURATED,PHASE_17,ACTIVE,BOARD_MAPPING_OMISSION
q-p17g-tsbie-bieap-subj-physics-Class12-0220,tsbie-bieap,tsbie-bieap,Class 12,science,subj-physics,en,none,ver-tsbie-bieap-2026,HUMAN_CURATED,long_answer,0,HUMAN_CURATED,PHASE_17,ACTIVE,BOARD_MAPPING_OMISSION
q-p17g-tsbie-bieap-subj-physics-Class12-0221,tsbie-bieap,tsbie-bieap,Class 12,science,subj-physics,en,none,ver-tsbie-bieap-2026,HUMAN_CURATED,single_mcq,0,HUMAN_CURATED,PHASE_17,ACTIVE,BOARD_MAPPING_OMISSION
q-p17g-tsbie-bieap-subj-physics-Class12-0222,tsbie-bieap,tsbie-bieap,Class 12,science,subj-physics,en,none,ver-tsbie-bieap-2026,HUMAN_CURATED,single_mcq,0,HUMAN_CURATED,PHASE_17,ACTIVE,BOARD_MAPPING_OMISSION
q-p17g-tsbie-bieap-subj-physics-Class12-0223,tsbie-bieap,tsbie-bieap,Class 12,science,subj-physics,en,none,ver-tsbie-bieap-2026,HUMAN_CURATED,single_mcq,0,HUMAN_CURATED,PHASE_17,ACTIVE,BOARD_MAPPING_OMISSION
q-p17g-tsbie-bieap-subj-physics-Class12-0224,tsbie-bieap,tsbie-bieap,Class 12,science,subj-physics,en,none,ver-tsbie-bieap-2026,HUMAN_CURATED,assertion_reason,0,HUMAN_CURATED,PHASE_17,ACTIVE,BOARD_MAPPING_OMISSION
q-p17g-tsbie-bieap-subj-physics-Class12-0225,tsbie-bieap,tsbie-bieap,Class 12,science,subj-physics,en,none,ver-tsbie-bieap-2026,HUMAN_CURATED,case_study,0,HUMAN_CURATED,PHASE_17,ACTIVE,BOARD_MAPPING_OMISSION
q-p17g-tsbie-bieap-subj-physics-Class12-0226,tsbie-bieap,tsbie-bieap,Class 12,science,subj-physics,en,none,ver-tsbie-bieap-2026,HUMAN_CURATED,single_mcq,0,HUMAN_CURATED,PHASE_17,ACTIVE,BOARD_MAPPING_OMISSION
q-p17g-tsbie-bieap-subj-physics-Class12-0227,tsbie-bieap,tsbie-bieap,Class 12,science,subj-physics,en,none,ver-tsbie-bieap-2026,HUMAN_CURATED,single_mcq,0,HUMAN_CURATED,PHASE_17,ACTIVE,BOARD_MAPPING_OMISSION
q-p17g-tsbie-bieap-subj-physics-Class12-0228,tsbie-bieap,tsbie-bieap,Class 12,science,subj-physics,en,none,ver-tsbie-bieap-2026,HUMAN_CURATED,assertion_reason,0,HUMAN_CURATED,PHASE_17,ACTIVE,BOARD_MAPPING_OMISSION
q-p17g-tsbie-bieap-subj-physics-Class12-0229,tsbie-bieap,tsbie-bieap,Class 12,science,subj-physics,en,none,ver-tsbie-bieap-2026,HUMAN_CURATED,single_mcq,0,HUMAN_CURATED,PHASE_17,ACTIVE,BOARD_MAPPING_OMISSION
q-p17g-tsbie-bieap-subj-physics-Class12-0230,tsbie-bieap,tsbie-bieap,Class 12,science,subj-physics,en,none,ver-tsbie-bieap-2026,HUMAN_CURATED,long_answer,0,HUMAN_CURATED,PHASE_17,ACTIVE,BOARD_MAPPING_OMISSION
q-p17g-tsbie-bieap-subj-physics-Class12-0231,tsbie-bieap,tsbie-bieap,Class 12,science,subj-physics,en,none,ver-tsbie-bieap-2026,HUMAN_CURATED,single_mcq,0,HUMAN_CURATED,PHASE_17,ACTIVE,BOARD_MAPPING_OMISSION
q-p17g-tsbie-bieap-subj-physics-Class12-0232,tsbie-bieap,tsbie-bieap,Class 12,science,subj-physics,en,none,ver-tsbie-bieap-2026,HUMAN_CURATED,assertion_reason,0,HUMAN_CURATED,PHASE_17,ACTIVE,BOARD_MAPPING_OMISSION
q-p17g-tsbie-bieap-subj-physics-Class12-0233,tsbie-bieap,tsbie-bieap,Class 12,science,subj-physics,en,none,ver-tsbie-bieap-2026,HUMAN_CURATED,single_mcq,0,HUMAN_CURATED,PHASE_17,ACTIVE,BOARD_MAPPING_OMISSION
q-p17g-tsbie-bieap-subj-physics-Class12-0234,tsbie-bieap,tsbie-bieap,Class 12,science,subj-physics,en,none,ver-tsbie-bieap-2026,HUMAN_CURATED,single_mcq,0,HUMAN_CURATED,PHASE_17,ACTIVE,BOARD_MAPPING_OMISSION
q-p17g-tsbie-bieap-subj-physics-Class12-0235,tsbie-bieap,tsbie-bieap,Class 12,science,subj-physics,en,none,ver-tsbie-bieap-2026,HUMAN_CURATED,short_answer,0,HUMAN_CURATED,PHASE_17,ACTIVE,BOARD_MAPPING_OMISSION
q-p17g-tsbie-bieap-subj-physics-Class12-0236,tsbie-bieap,tsbie-bieap,Class 12,science,subj-physics,en,none,ver-tsbie-bieap-2026,HUMAN_CURATED,single_mcq,0,HUMAN_CURATED,PHASE_17,ACTIVE,BOARD_MAPPING_OMISSION
q-p17g-tsbie-bieap-subj-physics-Class12-0237,tsbie-bieap,tsbie-bieap,Class 12,science,subj-physics,en,none,ver-tsbie-bieap-2026,HUMAN_CURATED,single_mcq,0,HUMAN_CURATED,PHASE_17,ACTIVE,BOARD_MAPPING_OMISSION
q-p17g-tsbie-bieap-subj-physics-Class12-0238,tsbie-bieap,tsbie-bieap,Class 12,science,subj-physics,en,none,ver-tsbie-bieap-2026,HUMAN_CURATED,single_mcq,0,HUMAN_CURATED,PHASE_17,ACTIVE,BOARD_MAPPING_OMISSION
q-p17g-tsbie-bieap-subj-physics-Class12-0239,tsbie-bieap,tsbie-bieap,Class 12,science,subj-physics,en,none,ver-tsbie-bieap-2026,HUMAN_CURATED,single_mcq,0,HUMAN_CURATED,PHASE_17,ACTIVE,BOARD_MAPPING_OMISSION
q-p17g-tsbie-bieap-subj-physics-Class12-0240,tsbie-bieap,tsbie-bieap,Class 12,science,subj-physics,en,none,ver-tsbie-bieap-2026,HUMAN_CURATED,long_answer,0,HUMAN_CURATED,PHASE_17,ACTIVE,BOARD_MAPPING_OMISSION
q-p17g-tsbie-bieap-subj-physics-Class12-0241,tsbie-bieap,tsbie-bieap,Class 12,science,subj-physics,en,none,ver-tsbie-bieap-2026,HUMAN_CURATED,single_mcq,0,HUMAN_CURATED,PHASE_17,ACTIVE,BOARD_MAPPING_OMISSION
q-p17g-tsbie-bieap-subj-physics-Class12-0242,tsbie-bieap,tsbie-bieap,Class 12,science,subj-physics,en,none,ver-tsbie-bieap-2026,HUMAN_CURATED,single_mcq,0,HUMAN_CURATED,PHASE_17,ACTIVE,BOARD_MAPPING_OMISSION
q-p17g-tsbie-bieap-subj-physics-Class12-0243,tsbie-bieap,tsbie-bieap,Class 12,science,subj-physics,en,none,ver-tsbie-bieap-2026,HUMAN_CURATED,single_mcq,0,HUMAN_CURATED,PHASE_17,ACTIVE,BOARD_MAPPING_OMISSION
q-p17g-tsbie-bieap-subj-physics-Class12-0244,tsbie-bieap,tsbie-bieap,Class 12,science,subj-physics,en,none,ver-tsbie-bieap-2026,HUMAN_CURATED,single_mcq,0,HUMAN_CURATED,PHASE_17,ACTIVE,BOARD_MAPPING_OMISSION
q-p17g-tsbie-bieap-subj-physics-Class12-0245,tsbie-bieap,tsbie-bieap,Class 12,science,subj-physics,en,none,ver-tsbie-bieap-2026,HUMAN_CURATED,short_answer,0,HUMAN_CURATED,PHASE_17,ACTIVE,BOARD_MAPPING_OMISSION
q-p17g-tsbie-bieap-subj-physics-Class12-0246,tsbie-bieap,tsbie-bieap,Class 12,science,subj-physics,en,none,ver-tsbie-bieap-2026,HUMAN_CURATED,single_mcq,0,HUMAN_CURATED,PHASE_17,ACTIVE,BOARD_MAPPING_OMISSION
q-p17g-tsbie-bieap-subj-physics-Class12-0247,tsbie-bieap,tsbie-bieap,Class 12,science,subj-physics,en,none,ver-tsbie-bieap-2026,HUMAN_CURATED,single_mcq,0,HUMAN_CURATED,PHASE_17,ACTIVE,BOARD_MAPPING_OMISSION
q-p17g-tsbie-bieap-subj-physics-Class12-0248,tsbie-bieap,tsbie-bieap,Class 12,science,subj-physics,en,none,ver-tsbie-bieap-2026,HUMAN_CURATED,assertion_reason,0,HUMAN_CURATED,PHASE_17,ACTIVE,BOARD_MAPPING_OMISSION
q-p17g-tsbie-bieap-subj-physics-Class12-0249,tsbie-bieap,tsbie-bieap,Class 12,science,subj-physics,en,none,ver-tsbie-bieap-2026,HUMAN_CURATED,single_mcq,0,HUMAN_CURATED,PHASE_17,ACTIVE,BOARD_MAPPING_OMISSION
q-p17g-tsbie-bieap-subj-physics-Class12-0250,tsbie-bieap,tsbie-bieap,Class 12,science,subj-physics,en,none,ver-tsbie-bieap-2026,HUMAN_CURATED,long_answer,0,HUMAN_CURATED,PHASE_17,ACTIVE,BOARD_MAPPING_OMISSION
q-subj-telugu-p17c-096901,tsbie-bieap,tsbie-bieap,NULL,science,subj-telugu,en,none,ver-tsbie-bieap-2026,HUMAN_CURATED,short_answer,0,HUMAN_CURATED,PHASE_17,ACTIVE,BOARD_MAPPING_OMISSION
q-subj-telugu-p17c-096902,tsbie-bieap,tsbie-bieap,NULL,science,subj-telugu,en,none,ver-tsbie-bieap-2026,HUMAN_CURATED,single_mcq,0,HUMAN_CURATED,PHASE_17,ACTIVE,BOARD_MAPPING_OMISSION
q-subj-telugu-p17c-096903,tsbie-bieap,tsbie-bieap,NULL,science,subj-telugu,en,none,ver-tsbie-bieap-2026,HUMAN_CURATED,short_answer,0,HUMAN_CURATED,PHASE_17,ACTIVE,BOARD_MAPPING_OMISSION
q-subj-telugu-p17c-096904,tsbie-bieap,tsbie-bieap,NULL,science,subj-telugu,en,none,ver-tsbie-bieap-2026,HUMAN_CURATED,single_mcq,0,HUMAN_CURATED,PHASE_17,ACTIVE,BOARD_MAPPING_OMISSION
q-subj-telugu-p17c-096905,tsbie-bieap,tsbie-bieap,NULL,science,subj-telugu,en,none,ver-tsbie-bieap-2026,HUMAN_CURATED,short_answer,0,HUMAN_CURATED,PHASE_17,ACTIVE,BOARD_MAPPING_OMISSION
q-subj-telugu-p17c-096906,tsbie-bieap,tsbie-bieap,NULL,science,subj-telugu,en,none,ver-tsbie-bieap-2026,HUMAN_CURATED,single_mcq,0,HUMAN_CURATED,PHASE_17,ACTIVE,BOARD_MAPPING_OMISSION
q-subj-telugu-p17c-096907,tsbie-bieap,tsbie-bieap,NULL,science,subj-telugu,en,none,ver-tsbie-bieap-2026,HUMAN_CURATED,short_answer,0,HUMAN_CURATED,PHASE_17,ACTIVE,BOARD_MAPPING_OMISSION
q-subj-telugu-p17c-096908,tsbie-bieap,tsbie-bieap,NULL,science,subj-telugu,en,none,ver-tsbie-bieap-2026,HUMAN_CURATED,single_mcq,0,HUMAN_CURATED,PHASE_17,ACTIVE,BOARD_MAPPING_OMISSION
q-subj-telugu-p17c-096909,tsbie-bieap,tsbie-bieap,NULL,science,subj-telugu,en,none,ver-tsbie-bieap-2026,HUMAN_CURATED,short_answer,0,HUMAN_CURATED,PHASE_17,ACTIVE,BOARD_MAPPING_OMISSION
q-subj-telugu-p17c-096910,tsbie-bieap,tsbie-bieap,NULL,science,subj-telugu,en,none,ver-tsbie-bieap-2026,HUMAN_CURATED,single_mcq,0,HUMAN_CURATED,PHASE_17,ACTIVE,BOARD_MAPPING_OMISSION
q-subj-telugu-p17c-096911,tsbie-bieap,tsbie-bieap,NULL,science,subj-telugu,en,none,ver-tsbie-bieap-2026,HUMAN_CURATED,short_answer,0,HUMAN_CURATED,PHASE_17,ACTIVE,BOARD_MAPPING_OMISSION
q-subj-telugu-p17c-096912,tsbie-bieap,tsbie-bieap,NULL,science,subj-telugu,en,none,ver-tsbie-bieap-2026,HUMAN_CURATED,single_mcq,0,HUMAN_CURATED,PHASE_17,ACTIVE,BOARD_MAPPING_OMISSION
q-subj-telugu-p17c-096913,tsbie-bieap,tsbie-bieap,NULL,science,subj-telugu,en,none,ver-tsbie-bieap-2026,HUMAN_CURATED,short_answer,0,HUMAN_CURATED,PHASE_17,ACTIVE,BOARD_MAPPING_OMISSION
q-subj-telugu-p17c-096914,tsbie-bieap,tsbie-bieap,NULL,science,subj-telugu,en,none,ver-tsbie-bieap-2026,HUMAN_CURATED,single_mcq,0,HUMAN_CURATED,PHASE_17,ACTIVE,BOARD_MAPPING_OMISSION
q-subj-telugu-p17c-096915,tsbie-bieap,tsbie-bieap,NULL,science,subj-telugu,en,none,ver-tsbie-bieap-2026,HUMAN_CURATED,short_answer,0,HUMAN_CURATED,PHASE_17,ACTIVE,BOARD_MAPPING_OMISSION
q-subj-telugu-p17c-096916,tsbie-bieap,tsbie-bieap,NULL,science,subj-telugu,en,none,ver-tsbie-bieap-2026,HUMAN_CURATED,single_mcq,0,HUMAN_CURATED,PHASE_17,ACTIVE,BOARD_MAPPING_OMISSION
q-subj-telugu-p17c-096917,tsbie-bieap,tsbie-bieap,NULL,science,subj-telugu,en,none,ver-tsbie-bieap-2026,HUMAN_CURATED,short_answer,0,HUMAN_CURATED,PHASE_17,ACTIVE,BOARD_MAPPING_OMISSION
q-subj-telugu-p17c-096918,tsbie-bieap,tsbie-bieap,NULL,science,subj-telugu,en,none,ver-tsbie-bieap-2026,HUMAN_CURATED,single_mcq,0,HUMAN_CURATED,PHASE_17,ACTIVE,BOARD_MAPPING_OMISSION
q-subj-telugu-p17c-096919,tsbie-bieap,tsbie-bieap,NULL,science,subj-telugu,en,none,ver-tsbie-bieap-2026,HUMAN_CURATED,short_answer,0,HUMAN_CURATED,PHASE_17,ACTIVE,BOARD_MAPPING_OMISSION
q-subj-telugu-p17c-096920,tsbie-bieap,tsbie-bieap,NULL,science,subj-telugu,en,none,ver-tsbie-bieap-2026,HUMAN_CURATED,single_mcq,0,HUMAN_CURATED,PHASE_17,ACTIVE,BOARD_MAPPING_OMISSION
q-subj-telugu-p17c-096921,tsbie-bieap,tsbie-bieap,NULL,science,subj-telugu,en,none,ver-tsbie-bieap-2026,HUMAN_CURATED,short_answer,0,HUMAN_CURATED,PHASE_17,ACTIVE,BOARD_MAPPING_OMISSION
q-subj-telugu-p17c-096922,tsbie-bieap,tsbie-bieap,NULL,science,subj-telugu,en,none,ver-tsbie-bieap-2026,HUMAN_CURATED,single_mcq,0,HUMAN_CURATED,PHASE_17,ACTIVE,BOARD_MAPPING_OMISSION
q-subj-telugu-p17c-096923,tsbie-bieap,tsbie-bieap,NULL,science,subj-telugu,en,none,ver-tsbie-bieap-2026,HUMAN_CURATED,short_answer,0,HUMAN_CURATED,PHASE_17,ACTIVE,BOARD_MAPPING_OMISSION
q-subj-telugu-p17c-096924,tsbie-bieap,tsbie-bieap,NULL,science,subj-telugu,en,none,ver-tsbie-bieap-2026,HUMAN_CURATED,single_mcq,0,HUMAN_CURATED,PHASE_17,ACTIVE,BOARD_MAPPING_OMISSION
q-subj-telugu-p17c-096925,tsbie-bieap,tsbie-bieap,NULL,science,subj-telugu,en,none,ver-tsbie-bieap-2026,HUMAN_CURATED,short_answer,0,HUMAN_CURATED,PHASE_17,ACTIVE,BOARD_MAPPING_OMISSION
q-subj-telugu-p17c-096926,tsbie-bieap,tsbie-bieap,NULL,science,subj-telugu,en,none,ver-tsbie-bieap-2026,HUMAN_CURATED,single_mcq,0,HUMAN_CURATED,PHASE_17,ACTIVE,BOARD_MAPPING_OMISSION
q-subj-telugu-p17c-096927,tsbie-bieap,tsbie-bieap,NULL,science,subj-telugu,en,none,ver-tsbie-bieap-2026,HUMAN_CURATED,short_answer,0,HUMAN_CURATED,PHASE_17,ACTIVE,BOARD_MAPPING_OMISSION
q-subj-telugu-p17c-096928,tsbie-bieap,tsbie-bieap,NULL,science,subj-telugu,en,none,ver-tsbie-bieap-2026,HUMAN_CURATED,single_mcq,0,HUMAN_CURATED,PHASE_17,ACTIVE,BOARD_MAPPING_OMISSION
q-subj-telugu-p17c-096929,tsbie-bieap,tsbie-bieap,NULL,science,subj-telugu,en,none,ver-tsbie-bieap-2026,HUMAN_CURATED,short_answer,0,HUMAN_CURATED,PHASE_17,ACTIVE,BOARD_MAPPING_OMISSION
q-subj-telugu-p17c-096930,tsbie-bieap,tsbie-bieap,NULL,science,subj-telugu,en,none,ver-tsbie-bieap-2026,HUMAN_CURATED,single_mcq,0,HUMAN_CURATED,PHASE_17,ACTIVE,BOARD_MAPPING_OMISSION
q-subj-telugu-p17c-096931,tsbie-bieap,tsbie-bieap,NULL,science,subj-telugu,en,none,ver-tsbie-bieap-2026,HUMAN_CURATED,short_answer,0,HUMAN_CURATED,PHASE_17,ACTIVE,BOARD_MAPPING_OMISSION
q-subj-telugu-p17c-096932,tsbie-bieap,tsbie-bieap,NULL,science,subj-telugu,en,none,ver-tsbie-bieap-2026,HUMAN_CURATED,single_mcq,0,HUMAN_CURATED,PHASE_17,ACTIVE,BOARD_MAPPING_OMISSION
q-subj-telugu-p17c-096933,tsbie-bieap,tsbie-bieap,NULL,science,subj-telugu,en,none,ver-tsbie-bieap-2026,HUMAN_CURATED,short_answer,0,HUMAN_CURATED,PHASE_17,ACTIVE,BOARD_MAPPING_OMISSION
q-subj-telugu-p17c-096934,tsbie-bieap,tsbie-bieap,NULL,science,subj-telugu,en,none,ver-tsbie-bieap-2026,HUMAN_CURATED,single_mcq,0,HUMAN_CURATED,PHASE_17,ACTIVE,BOARD_MAPPING_OMISSION
q-subj-telugu-p17c-096935,tsbie-bieap,tsbie-bieap,NULL,science,subj-telugu,en,none,ver-tsbie-bieap-2026,HUMAN_CURATED,short_answer,0,HUMAN_CURATED,PHASE_17,ACTIVE,BOARD_MAPPING_OMISSION
q-subj-telugu-p17c-096936,tsbie-bieap,tsbie-bieap,NULL,science,subj-telugu,en,none,ver-tsbie-bieap-2026,HUMAN_CURATED,single_mcq,0,HUMAN_CURATED,PHASE_17,ACTIVE,BOARD_MAPPING_OMISSION
q-subj-telugu-p17c-096937,tsbie-bieap,tsbie-bieap,NULL,science,subj-telugu,en,none,ver-tsbie-bieap-2026,HUMAN_CURATED,short_answer,0,HUMAN_CURATED,PHASE_17,ACTIVE,BOARD_MAPPING_OMISSION
q-subj-telugu-p17c-096938,tsbie-bieap,tsbie-bieap,NULL,science,subj-telugu,en,none,ver-tsbie-bieap-2026,HUMAN_CURATED,single_mcq,0,HUMAN_CURATED,PHASE_17,ACTIVE,BOARD_MAPPING_OMISSION
q-subj-telugu-p17c-096939,tsbie-bieap,tsbie-bieap,NULL,science,subj-telugu,en,none,ver-tsbie-bieap-2026,HUMAN_CURATED,short_answer,0,HUMAN_CURATED,PHASE_17,ACTIVE,BOARD_MAPPING_OMISSION
q-subj-telugu-p17c-096940,tsbie-bieap,tsbie-bieap,NULL,science,subj-telugu,en,none,ver-tsbie-bieap-2026,HUMAN_CURATED,single_mcq,0,HUMAN_CURATED,PHASE_17,ACTIVE,BOARD_MAPPING_OMISSION
q-subj-telugu-p17c-096941,tsbie-bieap,tsbie-bieap,NULL,science,subj-telugu,en,none,ver-tsbie-bieap-2026,HUMAN_CURATED,short_answer,0,HUMAN_CURATED,PHASE_17,ACTIVE,BOARD_MAPPING_OMISSION
q-subj-telugu-p17c-096942,tsbie-bieap,tsbie-bieap,NULL,science,subj-telugu,en,none,ver-tsbie-bieap-2026,HUMAN_CURATED,single_mcq,0,HUMAN_CURATED,PHASE_17,ACTIVE,BOARD_MAPPING_OMISSION
q-subj-telugu-p17c-096943,tsbie-bieap,tsbie-bieap,NULL,science,subj-telugu,en,none,ver-tsbie-bieap-2026,HUMAN_CURATED,short_answer,0,HUMAN_CURATED,PHASE_17,ACTIVE,BOARD_MAPPING_OMISSION
q-subj-telugu-p17c-096944,tsbie-bieap,tsbie-bieap,NULL,science,subj-telugu,en,none,ver-tsbie-bieap-2026,HUMAN_CURATED,single_mcq,0,HUMAN_CURATED,PHASE_17,ACTIVE,BOARD_MAPPING_OMISSION
q-subj-telugu-p17c-096945,tsbie-bieap,tsbie-bieap,NULL,science,subj-telugu,en,none,ver-tsbie-bieap-2026,HUMAN_CURATED,short_answer,0,HUMAN_CURATED,PHASE_17,ACTIVE,BOARD_MAPPING_OMISSION
q-subj-telugu-p17c-096946,tsbie-bieap,tsbie-bieap,NULL,science,subj-telugu,en,none,ver-tsbie-bieap-2026,HUMAN_CURATED,single_mcq,0,HUMAN_CURATED,PHASE_17,ACTIVE,BOARD_MAPPING_OMISSION
q-subj-telugu-p17c-096947,tsbie-bieap,tsbie-bieap,NULL,science,subj-telugu,en,none,ver-tsbie-bieap-2026,HUMAN_CURATED,short_answer,0,HUMAN_CURATED,PHASE_17,ACTIVE,BOARD_MAPPING_OMISSION
q-subj-telugu-p17c-096948,tsbie-bieap,tsbie-bieap,NULL,science,subj-telugu,en,none,ver-tsbie-bieap-2026,HUMAN_CURATED,single_mcq,0,HUMAN_CURATED,PHASE_17,ACTIVE,BOARD_MAPPING_OMISSION
q-subj-telugu-p17c-096949,tsbie-bieap,tsbie-bieap,NULL,science,subj-telugu,en,none,ver-tsbie-bieap-2026,HUMAN_CURATED,short_answer,0,HUMAN_CURATED,PHASE_17,ACTIVE,BOARD_MAPPING_OMISSION
q-subj-telugu-p17c-096950,tsbie-bieap,tsbie-bieap,NULL,science,subj-telugu,en,none,ver-tsbie-bieap-2026,HUMAN_CURATED,single_mcq,0,HUMAN_CURATED,PHASE_17,ACTIVE,BOARD_MAPPING_OMISSION
q-subj-telugu-p17c-096951,tsbie-bieap,tsbie-bieap,NULL,science,subj-telugu,en,none,ver-tsbie-bieap-2026,HUMAN_CURATED,short_answer,0,HUMAN_CURATED,PHASE_17,ACTIVE,BOARD_MAPPING_OMISSION
q-subj-telugu-p17c-096952,tsbie-bieap,tsbie-bieap,NULL,science,subj-telugu,en,none,ver-tsbie-bieap-2026,HUMAN_CURATED,single_mcq,0,HUMAN_CURATED,PHASE_17,ACTIVE,BOARD_MAPPING_OMISSION
q-subj-telugu-p17c-096953,tsbie-bieap,tsbie-bieap,NULL,science,subj-telugu,en,none,ver-tsbie-bieap-2026,HUMAN_CURATED,short_answer,0,HUMAN_CURATED,PHASE_17,ACTIVE,BOARD_MAPPING_OMISSION
q-subj-telugu-p17c-096954,tsbie-bieap,tsbie-bieap,NULL,science,subj-telugu,en,none,ver-tsbie-bieap-2026,HUMAN_CURATED,single_mcq,0,HUMAN_CURATED,PHASE_17,ACTIVE,BOARD_MAPPING_OMISSION
q-subj-telugu-p17c-096955,tsbie-bieap,tsbie-bieap,NULL,science,subj-telugu,en,none,ver-tsbie-bieap-2026,HUMAN_CURATED,short_answer,0,HUMAN_CURATED,PHASE_17,ACTIVE,BOARD_MAPPING_OMISSION
q-subj-telugu-p17c-096956,tsbie-bieap,tsbie-bieap,NULL,science,subj-telugu,en,none,ver-tsbie-bieap-2026,HUMAN_CURATED,single_mcq,0,HUMAN_CURATED,PHASE_17,ACTIVE,BOARD_MAPPING_OMISSION
q-subj-telugu-p17c-096957,tsbie-bieap,tsbie-bieap,NULL,science,subj-telugu,en,none,ver-tsbie-bieap-2026,HUMAN_CURATED,short_answer,0,HUMAN_CURATED,PHASE_17,ACTIVE,BOARD_MAPPING_OMISSION
q-subj-telugu-p17c-096958,tsbie-bieap,tsbie-bieap,NULL,science,subj-telugu,en,none,ver-tsbie-bieap-2026,HUMAN_CURATED,single_mcq,0,HUMAN_CURATED,PHASE_17,ACTIVE,BOARD_MAPPING_OMISSION
q-subj-telugu-p17c-096959,tsbie-bieap,tsbie-bieap,NULL,science,subj-telugu,en,none,ver-tsbie-bieap-2026,HUMAN_CURATED,short_answer,0,HUMAN_CURATED,PHASE_17,ACTIVE,BOARD_MAPPING_OMISSION
q-subj-telugu-p17c-096960,tsbie-bieap,tsbie-bieap,NULL,science,subj-telugu,en,none,ver-tsbie-bieap-2026,HUMAN_CURATED,single_mcq,0,HUMAN_CURATED,PHASE_17,ACTIVE,BOARD_MAPPING_OMISSION
q-subj-telugu-p17c-096961,tsbie-bieap,tsbie-bieap,NULL,science,subj-telugu,en,none,ver-tsbie-bieap-2026,HUMAN_CURATED,short_answer,0,HUMAN_CURATED,PHASE_17,ACTIVE,BOARD_MAPPING_OMISSION
q-subj-telugu-p17c-096962,tsbie-bieap,tsbie-bieap,NULL,science,subj-telugu,en,none,ver-tsbie-bieap-2026,HUMAN_CURATED,single_mcq,0,HUMAN_CURATED,PHASE_17,ACTIVE,BOARD_MAPPING_OMISSION
q-subj-telugu-p17c-096963,tsbie-bieap,tsbie-bieap,NULL,science,subj-telugu,en,none,ver-tsbie-bieap-2026,HUMAN_CURATED,short_answer,0,HUMAN_CURATED,PHASE_17,ACTIVE,BOARD_MAPPING_OMISSION
q-subj-telugu-p17c-096964,tsbie-bieap,tsbie-bieap,NULL,science,subj-telugu,en,none,ver-tsbie-bieap-2026,HUMAN_CURATED,single_mcq,0,HUMAN_CURATED,PHASE_17,ACTIVE,BOARD_MAPPING_OMISSION
q-subj-telugu-p17c-096965,tsbie-bieap,tsbie-bieap,NULL,science,subj-telugu,en,none,ver-tsbie-bieap-2026,HUMAN_CURATED,short_answer,0,HUMAN_CURATED,PHASE_17,ACTIVE,BOARD_MAPPING_OMISSION
q-subj-telugu-p17c-096966,tsbie-bieap,tsbie-bieap,NULL,science,subj-telugu,en,none,ver-tsbie-bieap-2026,HUMAN_CURATED,single_mcq,0,HUMAN_CURATED,PHASE_17,ACTIVE,BOARD_MAPPING_OMISSION
q-subj-telugu-p17c-096967,tsbie-bieap,tsbie-bieap,NULL,science,subj-telugu,en,none,ver-tsbie-bieap-2026,HUMAN_CURATED,short_answer,0,HUMAN_CURATED,PHASE_17,ACTIVE,BOARD_MAPPING_OMISSION
q-subj-telugu-p17c-096968,tsbie-bieap,tsbie-bieap,NULL,science,subj-telugu,en,none,ver-tsbie-bieap-2026,HUMAN_CURATED,single_mcq,0,HUMAN_CURATED,PHASE_17,ACTIVE,BOARD_MAPPING_OMISSION
q-subj-telugu-p17c-096969,tsbie-bieap,tsbie-bieap,NULL,science,subj-telugu,en,none,ver-tsbie-bieap-2026,HUMAN_CURATED,short_answer,0,HUMAN_CURATED,PHASE_17,ACTIVE,BOARD_MAPPING_OMISSION
q-subj-telugu-p17c-096970,tsbie-bieap,tsbie-bieap,NULL,science,subj-telugu,en,none,ver-tsbie-bieap-2026,HUMAN_CURATED,single_mcq,0,HUMAN_CURATED,PHASE_17,ACTIVE,BOARD_MAPPING_OMISSION
q-subj-telugu-p17c-096971,tsbie-bieap,tsbie-bieap,NULL,science,subj-telugu,en,none,ver-tsbie-bieap-2026,HUMAN_CURATED,short_answer,0,HUMAN_CURATED,PHASE_17,ACTIVE,BOARD_MAPPING_OMISSION
q-subj-telugu-p17c-096972,tsbie-bieap,tsbie-bieap,NULL,science,subj-telugu,en,none,ver-tsbie-bieap-2026,HUMAN_CURATED,single_mcq,0,HUMAN_CURATED,PHASE_17,ACTIVE,BOARD_MAPPING_OMISSION
q-subj-telugu-p17c-096973,tsbie-bieap,tsbie-bieap,NULL,science,subj-telugu,en,none,ver-tsbie-bieap-2026,HUMAN_CURATED,short_answer,0,HUMAN_CURATED,PHASE_17,ACTIVE,BOARD_MAPPING_OMISSION
q-subj-telugu-p17c-096974,tsbie-bieap,tsbie-bieap,NULL,science,subj-telugu,en,none,ver-tsbie-bieap-2026,HUMAN_CURATED,single_mcq,0,HUMAN_CURATED,PHASE_17,ACTIVE,BOARD_MAPPING_OMISSION
q-subj-telugu-p17c-096975,tsbie-bieap,tsbie-bieap,NULL,science,subj-telugu,en,none,ver-tsbie-bieap-2026,HUMAN_CURATED,short_answer,0,HUMAN_CURATED,PHASE_17,ACTIVE,BOARD_MAPPING_OMISSION
q-subj-telugu-p17c-096976,tsbie-bieap,tsbie-bieap,NULL,science,subj-telugu,en,none,ver-tsbie-bieap-2026,HUMAN_CURATED,single_mcq,0,HUMAN_CURATED,PHASE_17,ACTIVE,BOARD_MAPPING_OMISSION
q-subj-telugu-p17c-096977,tsbie-bieap,tsbie-bieap,NULL,science,subj-telugu,en,none,ver-tsbie-bieap-2026,HUMAN_CURATED,short_answer,0,HUMAN_CURATED,PHASE_17,ACTIVE,BOARD_MAPPING_OMISSION
q-subj-telugu-p17c-096978,tsbie-bieap,tsbie-bieap,NULL,science,subj-telugu,en,none,ver-tsbie-bieap-2026,HUMAN_CURATED,single_mcq,0,HUMAN_CURATED,PHASE_17,ACTIVE,BOARD_MAPPING_OMISSION
q-subj-telugu-p17c-096979,tsbie-bieap,tsbie-bieap,NULL,science,subj-telugu,en,none,ver-tsbie-bieap-2026,HUMAN_CURATED,short_answer,0,HUMAN_CURATED,PHASE_17,ACTIVE,BOARD_MAPPING_OMISSION
q-subj-telugu-p17c-096980,tsbie-bieap,tsbie-bieap,NULL,science,subj-telugu,en,none,ver-tsbie-bieap-2026,HUMAN_CURATED,single_mcq,0,HUMAN_CURATED,PHASE_17,ACTIVE,BOARD_MAPPING_OMISSION
q-subj-telugu-p17c-096981,tsbie-bieap,tsbie-bieap,NULL,science,subj-telugu,en,none,ver-tsbie-bieap-2026,HUMAN_CURATED,short_answer,0,HUMAN_CURATED,PHASE_17,ACTIVE,BOARD_MAPPING_OMISSION
q-subj-telugu-p17c-096982,tsbie-bieap,tsbie-bieap,NULL,science,subj-telugu,en,none,ver-tsbie-bieap-2026,HUMAN_CURATED,single_mcq,0,HUMAN_CURATED,PHASE_17,ACTIVE,BOARD_MAPPING_OMISSION
q-subj-telugu-p17c-096983,tsbie-bieap,tsbie-bieap,NULL,science,subj-telugu,en,none,ver-tsbie-bieap-2026,HUMAN_CURATED,short_answer,0,HUMAN_CURATED,PHASE_17,ACTIVE,BOARD_MAPPING_OMISSION
q-subj-telugu-p17c-096984,tsbie-bieap,tsbie-bieap,NULL,science,subj-telugu,en,none,ver-tsbie-bieap-2026,HUMAN_CURATED,single_mcq,0,HUMAN_CURATED,PHASE_17,ACTIVE,BOARD_MAPPING_OMISSION
q-subj-telugu-p17c-096985,tsbie-bieap,tsbie-bieap,NULL,science,subj-telugu,en,none,ver-tsbie-bieap-2026,HUMAN_CURATED,short_answer,0,HUMAN_CURATED,PHASE_17,ACTIVE,BOARD_MAPPING_OMISSION
q-subj-telugu-p17c-096986,tsbie-bieap,tsbie-bieap,NULL,science,subj-telugu,en,none,ver-tsbie-bieap-2026,HUMAN_CURATED,single_mcq,0,HUMAN_CURATED,PHASE_17,ACTIVE,BOARD_MAPPING_OMISSION
q-subj-telugu-p17c-096987,tsbie-bieap,tsbie-bieap,NULL,science,subj-telugu,en,none,ver-tsbie-bieap-2026,HUMAN_CURATED,short_answer,0,HUMAN_CURATED,PHASE_17,ACTIVE,BOARD_MAPPING_OMISSION
q-subj-telugu-p17c-096988,tsbie-bieap,tsbie-bieap,NULL,science,subj-telugu,en,none,ver-tsbie-bieap-2026,HUMAN_CURATED,single_mcq,0,HUMAN_CURATED,PHASE_17,ACTIVE,BOARD_MAPPING_OMISSION
q-subj-telugu-p17c-096989,tsbie-bieap,tsbie-bieap,NULL,science,subj-telugu,en,none,ver-tsbie-bieap-2026,HUMAN_CURATED,short_answer,0,HUMAN_CURATED,PHASE_17,ACTIVE,BOARD_MAPPING_OMISSION
q-subj-telugu-p17c-096990,tsbie-bieap,tsbie-bieap,NULL,science,subj-telugu,en,none,ver-tsbie-bieap-2026,HUMAN_CURATED,single_mcq,0,HUMAN_CURATED,PHASE_17,ACTIVE,BOARD_MAPPING_OMISSION
q-subj-telugu-p17c-096991,tsbie-bieap,tsbie-bieap,NULL,science,subj-telugu,en,none,ver-tsbie-bieap-2026,HUMAN_CURATED,short_answer,0,HUMAN_CURATED,PHASE_17,ACTIVE,BOARD_MAPPING_OMISSION
q-subj-telugu-p17c-096992,tsbie-bieap,tsbie-bieap,NULL,science,subj-telugu,en,none,ver-tsbie-bieap-2026,HUMAN_CURATED,single_mcq,0,HUMAN_CURATED,PHASE_17,ACTIVE,BOARD_MAPPING_OMISSION
q-subj-telugu-p17c-096993,tsbie-bieap,tsbie-bieap,NULL,science,subj-telugu,en,none,ver-tsbie-bieap-2026,HUMAN_CURATED,short_answer,0,HUMAN_CURATED,PHASE_17,ACTIVE,BOARD_MAPPING_OMISSION
q-subj-telugu-p17c-096994,tsbie-bieap,tsbie-bieap,NULL,science,subj-telugu,en,none,ver-tsbie-bieap-2026,HUMAN_CURATED,single_mcq,0,HUMAN_CURATED,PHASE_17,ACTIVE,BOARD_MAPPING_OMISSION
q-subj-telugu-p17c-096995,tsbie-bieap,tsbie-bieap,NULL,science,subj-telugu,en,none,ver-tsbie-bieap-2026,HUMAN_CURATED,short_answer,0,HUMAN_CURATED,PHASE_17,ACTIVE,BOARD_MAPPING_OMISSION
q-subj-telugu-p17c-096996,tsbie-bieap,tsbie-bieap,NULL,science,subj-telugu,en,none,ver-tsbie-bieap-2026,HUMAN_CURATED,single_mcq,0,HUMAN_CURATED,PHASE_17,ACTIVE,BOARD_MAPPING_OMISSION
q-subj-telugu-p17c-096997,tsbie-bieap,tsbie-bieap,NULL,science,subj-telugu,en,none,ver-tsbie-bieap-2026,HUMAN_CURATED,short_answer,0,HUMAN_CURATED,PHASE_17,ACTIVE,BOARD_MAPPING_OMISSION
q-subj-telugu-p17c-096998,tsbie-bieap,tsbie-bieap,NULL,science,subj-telugu,en,none,ver-tsbie-bieap-2026,HUMAN_CURATED,single_mcq,0,HUMAN_CURATED,PHASE_17,ACTIVE,BOARD_MAPPING_OMISSION
q-subj-telugu-p17c-096999,tsbie-bieap,tsbie-bieap,NULL,science,subj-telugu,en,none,ver-tsbie-bieap-2026,HUMAN_CURATED,short_answer,0,HUMAN_CURATED,PHASE_17,ACTIVE,BOARD_MAPPING_OMISSION
q-subj-telugu-p17c-097000,tsbie-bieap,tsbie-bieap,NULL,science,subj-telugu,en,none,ver-tsbie-bieap-2026,HUMAN_CURATED,single_mcq,0,HUMAN_CURATED,PHASE_17,ACTIVE,BOARD_MAPPING_OMISSION
q-subj-telugu-p17c-097001,tsbie-bieap,tsbie-bieap,NULL,science,subj-telugu,en,none,ver-tsbie-bieap-2026,HUMAN_CURATED,short_answer,0,HUMAN_CURATED,PHASE_17,ACTIVE,BOARD_MAPPING_OMISSION
q-subj-telugu-p17c-097002,tsbie-bieap,tsbie-bieap,NULL,science,subj-telugu,en,none,ver-tsbie-bieap-2026,HUMAN_CURATED,single_mcq,0,HUMAN_CURATED,PHASE_17,ACTIVE,BOARD_MAPPING_OMISSION
q-subj-telugu-p17c-097003,tsbie-bieap,tsbie-bieap,NULL,science,subj-telugu,en,none,ver-tsbie-bieap-2026,HUMAN_CURATED,short_answer,0,HUMAN_CURATED,PHASE_17,ACTIVE,BOARD_MAPPING_OMISSION
q-subj-telugu-p17c-097004,tsbie-bieap,tsbie-bieap,NULL,science,subj-telugu,en,none,ver-tsbie-bieap-2026,HUMAN_CURATED,single_mcq,0,HUMAN_CURATED,PHASE_17,ACTIVE,BOARD_MAPPING_OMISSION
q-subj-telugu-p17c-097005,tsbie-bieap,tsbie-bieap,NULL,science,subj-telugu,en,none,ver-tsbie-bieap-2026,HUMAN_CURATED,short_answer,0,HUMAN_CURATED,PHASE_17,ACTIVE,BOARD_MAPPING_OMISSION
q-subj-telugu-p17c-097006,tsbie-bieap,tsbie-bieap,NULL,science,subj-telugu,en,none,ver-tsbie-bieap-2026,HUMAN_CURATED,single_mcq,0,HUMAN_CURATED,PHASE_17,ACTIVE,BOARD_MAPPING_OMISSION
q-subj-telugu-p17c-097007,tsbie-bieap,tsbie-bieap,NULL,science,subj-telugu,en,none,ver-tsbie-bieap-2026,HUMAN_CURATED,short_answer,0,HUMAN_CURATED,PHASE_17,ACTIVE,BOARD_MAPPING_OMISSION
q-subj-telugu-p17c-097008,tsbie-bieap,tsbie-bieap,NULL,science,subj-telugu,en,none,ver-tsbie-bieap-2026,HUMAN_CURATED,single_mcq,0,HUMAN_CURATED,PHASE_17,ACTIVE,BOARD_MAPPING_OMISSION
q-subj-telugu-p17c-097009,tsbie-bieap,tsbie-bieap,NULL,science,subj-telugu,en,none,ver-tsbie-bieap-2026,HUMAN_CURATED,short_answer,0,HUMAN_CURATED,PHASE_17,ACTIVE,BOARD_MAPPING_OMISSION
q-subj-telugu-p17c-097010,tsbie-bieap,tsbie-bieap,NULL,science,subj-telugu,en,none,ver-tsbie-bieap-2026,HUMAN_CURATED,single_mcq,0,HUMAN_CURATED,PHASE_17,ACTIVE,BOARD_MAPPING_OMISSION
q-subj-telugu-p17c-097011,tsbie-bieap,tsbie-bieap,NULL,science,subj-telugu,en,none,ver-tsbie-bieap-2026,HUMAN_CURATED,short_answer,0,HUMAN_CURATED,PHASE_17,ACTIVE,BOARD_MAPPING_OMISSION
q-subj-telugu-p17c-097012,tsbie-bieap,tsbie-bieap,NULL,science,subj-telugu,en,none,ver-tsbie-bieap-2026,HUMAN_CURATED,single_mcq,0,HUMAN_CURATED,PHASE_17,ACTIVE,BOARD_MAPPING_OMISSION
q-subj-telugu-p17c-097013,tsbie-bieap,tsbie-bieap,NULL,science,subj-telugu,en,none,ver-tsbie-bieap-2026,HUMAN_CURATED,short_answer,0,HUMAN_CURATED,PHASE_17,ACTIVE,BOARD_MAPPING_OMISSION
q-subj-telugu-p17c-097014,tsbie-bieap,tsbie-bieap,NULL,science,subj-telugu,en,none,ver-tsbie-bieap-2026,HUMAN_CURATED,single_mcq,0,HUMAN_CURATED,PHASE_17,ACTIVE,BOARD_MAPPING_OMISSION
q-subj-telugu-p17c-097015,tsbie-bieap,tsbie-bieap,NULL,science,subj-telugu,en,none,ver-tsbie-bieap-2026,HUMAN_CURATED,short_answer,0,HUMAN_CURATED,PHASE_17,ACTIVE,BOARD_MAPPING_OMISSION
q-subj-telugu-p17c-097016,tsbie-bieap,tsbie-bieap,NULL,science,subj-telugu,en,none,ver-tsbie-bieap-2026,HUMAN_CURATED,single_mcq,0,HUMAN_CURATED,PHASE_17,ACTIVE,BOARD_MAPPING_OMISSION
q-subj-telugu-p17c-097017,tsbie-bieap,tsbie-bieap,NULL,science,subj-telugu,en,none,ver-tsbie-bieap-2026,HUMAN_CURATED,short_answer,0,HUMAN_CURATED,PHASE_17,ACTIVE,BOARD_MAPPING_OMISSION
q-subj-telugu-p17c-097018,tsbie-bieap,tsbie-bieap,NULL,science,subj-telugu,en,none,ver-tsbie-bieap-2026,HUMAN_CURATED,single_mcq,0,HUMAN_CURATED,PHASE_17,ACTIVE,BOARD_MAPPING_OMISSION
q-subj-telugu-p17c-097019,tsbie-bieap,tsbie-bieap,NULL,science,subj-telugu,en,none,ver-tsbie-bieap-2026,HUMAN_CURATED,short_answer,0,HUMAN_CURATED,PHASE_17,ACTIVE,BOARD_MAPPING_OMISSION
q-subj-telugu-p17c-097020,tsbie-bieap,tsbie-bieap,NULL,science,subj-telugu,en,none,ver-tsbie-bieap-2026,HUMAN_CURATED,single_mcq,0,HUMAN_CURATED,PHASE_17,ACTIVE,BOARD_MAPPING_OMISSION
q-subj-telugu-p17c-097021,tsbie-bieap,tsbie-bieap,NULL,science,subj-telugu,en,none,ver-tsbie-bieap-2026,HUMAN_CURATED,short_answer,0,HUMAN_CURATED,PHASE_17,ACTIVE,BOARD_MAPPING_OMISSION
q-subj-telugu-p17c-097022,tsbie-bieap,tsbie-bieap,NULL,science,subj-telugu,en,none,ver-tsbie-bieap-2026,HUMAN_CURATED,single_mcq,0,HUMAN_CURATED,PHASE_17,ACTIVE,BOARD_MAPPING_OMISSION
q-subj-telugu-p17c-097023,tsbie-bieap,tsbie-bieap,NULL,science,subj-telugu,en,none,ver-tsbie-bieap-2026,HUMAN_CURATED,short_answer,0,HUMAN_CURATED,PHASE_17,ACTIVE,BOARD_MAPPING_OMISSION
q-subj-telugu-p17c-097024,tsbie-bieap,tsbie-bieap,NULL,science,subj-telugu,en,none,ver-tsbie-bieap-2026,HUMAN_CURATED,single_mcq,0,HUMAN_CURATED,PHASE_17,ACTIVE,BOARD_MAPPING_OMISSION
q-subj-telugu-p17c-097025,tsbie-bieap,tsbie-bieap,NULL,science,subj-telugu,en,none,ver-tsbie-bieap-2026,HUMAN_CURATED,short_answer,0,HUMAN_CURATED,PHASE_17,ACTIVE,BOARD_MAPPING_OMISSION
q-subj-telugu-p17c-097026,tsbie-bieap,tsbie-bieap,NULL,science,subj-telugu,en,none,ver-tsbie-bieap-2026,HUMAN_CURATED,single_mcq,0,HUMAN_CURATED,PHASE_17,ACTIVE,BOARD_MAPPING_OMISSION
q-subj-telugu-p17c-097027,tsbie-bieap,tsbie-bieap,NULL,science,subj-telugu,en,none,ver-tsbie-bieap-2026,HUMAN_CURATED,short_answer,0,HUMAN_CURATED,PHASE_17,ACTIVE,BOARD_MAPPING_OMISSION
q-subj-telugu-p17c-097028,tsbie-bieap,tsbie-bieap,NULL,science,subj-telugu,en,none,ver-tsbie-bieap-2026,HUMAN_CURATED,single_mcq,0,HUMAN_CURATED,PHASE_17,ACTIVE,BOARD_MAPPING_OMISSION
q-subj-telugu-p17c-097029,tsbie-bieap,tsbie-bieap,NULL,science,subj-telugu,en,none,ver-tsbie-bieap-2026,HUMAN_CURATED,short_answer,0,HUMAN_CURATED,PHASE_17,ACTIVE,BOARD_MAPPING_OMISSION
q-subj-telugu-p17c-097030,tsbie-bieap,tsbie-bieap,NULL,science,subj-telugu,en,none,ver-tsbie-bieap-2026,HUMAN_CURATED,single_mcq,0,HUMAN_CURATED,PHASE_17,ACTIVE,BOARD_MAPPING_OMISSION
q-subj-telugu-p17c-097031,tsbie-bieap,tsbie-bieap,NULL,science,subj-telugu,en,none,ver-tsbie-bieap-2026,HUMAN_CURATED,short_answer,0,HUMAN_CURATED,PHASE_17,ACTIVE,BOARD_MAPPING_OMISSION
q-subj-telugu-p17c-097032,tsbie-bieap,tsbie-bieap,NULL,science,subj-telugu,en,none,ver-tsbie-bieap-2026,HUMAN_CURATED,single_mcq,0,HUMAN_CURATED,PHASE_17,ACTIVE,BOARD_MAPPING_OMISSION
q-subj-telugu-p17c-097033,tsbie-bieap,tsbie-bieap,NULL,science,subj-telugu,en,none,ver-tsbie-bieap-2026,HUMAN_CURATED,short_answer,0,HUMAN_CURATED,PHASE_17,ACTIVE,BOARD_MAPPING_OMISSION
q-subj-telugu-p17c-097034,tsbie-bieap,tsbie-bieap,NULL,science,subj-telugu,en,none,ver-tsbie-bieap-2026,HUMAN_CURATED,single_mcq,0,HUMAN_CURATED,PHASE_17,ACTIVE,BOARD_MAPPING_OMISSION
q-subj-telugu-p17c-097035,tsbie-bieap,tsbie-bieap,NULL,science,subj-telugu,en,none,ver-tsbie-bieap-2026,HUMAN_CURATED,short_answer,0,HUMAN_CURATED,PHASE_17,ACTIVE,BOARD_MAPPING_OMISSION
q-subj-telugu-p17c-097036,tsbie-bieap,tsbie-bieap,NULL,science,subj-telugu,en,none,ver-tsbie-bieap-2026,HUMAN_CURATED,single_mcq,0,HUMAN_CURATED,PHASE_17,ACTIVE,BOARD_MAPPING_OMISSION
q-subj-telugu-p17c-097037,tsbie-bieap,tsbie-bieap,NULL,science,subj-telugu,en,none,ver-tsbie-bieap-2026,HUMAN_CURATED,short_answer,0,HUMAN_CURATED,PHASE_17,ACTIVE,BOARD_MAPPING_OMISSION
q-subj-telugu-p17c-097038,tsbie-bieap,tsbie-bieap,NULL,science,subj-telugu,en,none,ver-tsbie-bieap-2026,HUMAN_CURATED,single_mcq,0,HUMAN_CURATED,PHASE_17,ACTIVE,BOARD_MAPPING_OMISSION
q-subj-telugu-p17c-097039,tsbie-bieap,tsbie-bieap,NULL,science,subj-telugu,en,none,ver-tsbie-bieap-2026,HUMAN_CURATED,short_answer,0,HUMAN_CURATED,PHASE_17,ACTIVE,BOARD_MAPPING_OMISSION
q-subj-telugu-p17c-097040,tsbie-bieap,tsbie-bieap,NULL,science,subj-telugu,en,none,ver-tsbie-bieap-2026,HUMAN_CURATED,single_mcq,0,HUMAN_CURATED,PHASE_17,ACTIVE,BOARD_MAPPING_OMISSION
q-subj-telugu-p17c-097041,tsbie-bieap,tsbie-bieap,NULL,science,subj-telugu,en,none,ver-tsbie-bieap-2026,HUMAN_CURATED,short_answer,0,HUMAN_CURATED,PHASE_17,ACTIVE,BOARD_MAPPING_OMISSION
q-subj-telugu-p17c-097042,tsbie-bieap,tsbie-bieap,NULL,science,subj-telugu,en,none,ver-tsbie-bieap-2026,HUMAN_CURATED,single_mcq,0,HUMAN_CURATED,PHASE_17,ACTIVE,BOARD_MAPPING_OMISSION
q-subj-telugu-p17c-097043,tsbie-bieap,tsbie-bieap,NULL,science,subj-telugu,en,none,ver-tsbie-bieap-2026,HUMAN_CURATED,short_answer,0,HUMAN_CURATED,PHASE_17,ACTIVE,BOARD_MAPPING_OMISSION
q-subj-telugu-p17c-097044,tsbie-bieap,tsbie-bieap,NULL,science,subj-telugu,en,none,ver-tsbie-bieap-2026,HUMAN_CURATED,single_mcq,0,HUMAN_CURATED,PHASE_17,ACTIVE,BOARD_MAPPING_OMISSION
q-subj-telugu-p17c-097045,tsbie-bieap,tsbie-bieap,NULL,science,subj-telugu,en,none,ver-tsbie-bieap-2026,HUMAN_CURATED,short_answer,0,HUMAN_CURATED,PHASE_17,ACTIVE,BOARD_MAPPING_OMISSION
q-subj-telugu-p17c-097046,tsbie-bieap,tsbie-bieap,NULL,science,subj-telugu,en,none,ver-tsbie-bieap-2026,HUMAN_CURATED,single_mcq,0,HUMAN_CURATED,PHASE_17,ACTIVE,BOARD_MAPPING_OMISSION
q-subj-telugu-p17c-097047,tsbie-bieap,tsbie-bieap,NULL,science,subj-telugu,en,none,ver-tsbie-bieap-2026,HUMAN_CURATED,short_answer,0,HUMAN_CURATED,PHASE_17,ACTIVE,BOARD_MAPPING_OMISSION
q-subj-telugu-p17c-097048,tsbie-bieap,tsbie-bieap,NULL,science,subj-telugu,en,none,ver-tsbie-bieap-2026,HUMAN_CURATED,single_mcq,0,HUMAN_CURATED,PHASE_17,ACTIVE,BOARD_MAPPING_OMISSION
q-subj-telugu-p17c-097049,tsbie-bieap,tsbie-bieap,NULL,science,subj-telugu,en,none,ver-tsbie-bieap-2026,HUMAN_CURATED,short_answer,0,HUMAN_CURATED,PHASE_17,ACTIVE,BOARD_MAPPING_OMISSION
q-subj-telugu-p17c-097050,tsbie-bieap,tsbie-bieap,NULL,science,subj-telugu,en,none,ver-tsbie-bieap-2026,HUMAN_CURATED,single_mcq,0,HUMAN_CURATED,PHASE_17,ACTIVE,BOARD_MAPPING_OMISSION
q-subj-telugu-p17c-097051,tsbie-bieap,tsbie-bieap,NULL,science,subj-telugu,en,none,ver-tsbie-bieap-2026,HUMAN_CURATED,short_answer,0,HUMAN_CURATED,PHASE_17,ACTIVE,BOARD_MAPPING_OMISSION
q-subj-telugu-p17c-097052,tsbie-bieap,tsbie-bieap,NULL,science,subj-telugu,en,none,ver-tsbie-bieap-2026,HUMAN_CURATED,single_mcq,0,HUMAN_CURATED,PHASE_17,ACTIVE,BOARD_MAPPING_OMISSION
q-subj-telugu-p17c-097053,tsbie-bieap,tsbie-bieap,NULL,science,subj-telugu,en,none,ver-tsbie-bieap-2026,HUMAN_CURATED,short_answer,0,HUMAN_CURATED,PHASE_17,ACTIVE,BOARD_MAPPING_OMISSION
q-subj-telugu-p17c-097054,tsbie-bieap,tsbie-bieap,NULL,science,subj-telugu,en,none,ver-tsbie-bieap-2026,HUMAN_CURATED,single_mcq,0,HUMAN_CURATED,PHASE_17,ACTIVE,BOARD_MAPPING_OMISSION
q-subj-telugu-p17c-097055,tsbie-bieap,tsbie-bieap,NULL,science,subj-telugu,en,none,ver-tsbie-bieap-2026,HUMAN_CURATED,short_answer,0,HUMAN_CURATED,PHASE_17,ACTIVE,BOARD_MAPPING_OMISSION
q-subj-telugu-p17c-097056,tsbie-bieap,tsbie-bieap,NULL,science,subj-telugu,en,none,ver-tsbie-bieap-2026,HUMAN_CURATED,single_mcq,0,HUMAN_CURATED,PHASE_17,ACTIVE,BOARD_MAPPING_OMISSION
q-subj-telugu-p17c-097057,tsbie-bieap,tsbie-bieap,NULL,science,subj-telugu,en,none,ver-tsbie-bieap-2026,HUMAN_CURATED,short_answer,0,HUMAN_CURATED,PHASE_17,ACTIVE,BOARD_MAPPING_OMISSION
q-subj-telugu-p17c-097058,tsbie-bieap,tsbie-bieap,NULL,science,subj-telugu,en,none,ver-tsbie-bieap-2026,HUMAN_CURATED,single_mcq,0,HUMAN_CURATED,PHASE_17,ACTIVE,BOARD_MAPPING_OMISSION
q-subj-telugu-p17c-097059,tsbie-bieap,tsbie-bieap,NULL,science,subj-telugu,en,none,ver-tsbie-bieap-2026,HUMAN_CURATED,short_answer,0,HUMAN_CURATED,PHASE_17,ACTIVE,BOARD_MAPPING_OMISSION
q-subj-telugu-p17c-097060,tsbie-bieap,tsbie-bieap,NULL,science,subj-telugu,en,none,ver-tsbie-bieap-2026,HUMAN_CURATED,single_mcq,0,HUMAN_CURATED,PHASE_17,ACTIVE,BOARD_MAPPING_OMISSION
q-subj-telugu-p17c-097061,tsbie-bieap,tsbie-bieap,NULL,science,subj-telugu,en,none,ver-tsbie-bieap-2026,HUMAN_CURATED,short_answer,0,HUMAN_CURATED,PHASE_17,ACTIVE,BOARD_MAPPING_OMISSION
q-subj-telugu-p17c-097062,tsbie-bieap,tsbie-bieap,NULL,science,subj-telugu,en,none,ver-tsbie-bieap-2026,HUMAN_CURATED,single_mcq,0,HUMAN_CURATED,PHASE_17,ACTIVE,BOARD_MAPPING_OMISSION
q-subj-telugu-p17c-097063,tsbie-bieap,tsbie-bieap,NULL,science,subj-telugu,en,none,ver-tsbie-bieap-2026,HUMAN_CURATED,short_answer,0,HUMAN_CURATED,PHASE_17,ACTIVE,BOARD_MAPPING_OMISSION
q-subj-telugu-p17c-097064,tsbie-bieap,tsbie-bieap,NULL,science,subj-telugu,en,none,ver-tsbie-bieap-2026,HUMAN_CURATED,single_mcq,0,HUMAN_CURATED,PHASE_17,ACTIVE,BOARD_MAPPING_OMISSION
q-subj-telugu-p17c-097065,tsbie-bieap,tsbie-bieap,NULL,science,subj-telugu,en,none,ver-tsbie-bieap-2026,HUMAN_CURATED,short_answer,0,HUMAN_CURATED,PHASE_17,ACTIVE,BOARD_MAPPING_OMISSION
q-subj-telugu-p17c-097066,tsbie-bieap,tsbie-bieap,NULL,science,subj-telugu,en,none,ver-tsbie-bieap-2026,HUMAN_CURATED,single_mcq,0,HUMAN_CURATED,PHASE_17,ACTIVE,BOARD_MAPPING_OMISSION
q-subj-telugu-p17c-097067,tsbie-bieap,tsbie-bieap,NULL,science,subj-telugu,en,none,ver-tsbie-bieap-2026,HUMAN_CURATED,short_answer,0,HUMAN_CURATED,PHASE_17,ACTIVE,BOARD_MAPPING_OMISSION
q-subj-telugu-p17c-097068,tsbie-bieap,tsbie-bieap,NULL,science,subj-telugu,en,none,ver-tsbie-bieap-2026,HUMAN_CURATED,single_mcq,0,HUMAN_CURATED,PHASE_17,ACTIVE,BOARD_MAPPING_OMISSION
q-subj-telugu-p17c-097069,tsbie-bieap,tsbie-bieap,NULL,science,subj-telugu,en,none,ver-tsbie-bieap-2026,HUMAN_CURATED,short_answer,0,HUMAN_CURATED,PHASE_17,ACTIVE,BOARD_MAPPING_OMISSION
q-subj-telugu-p17c-097070,tsbie-bieap,tsbie-bieap,NULL,science,subj-telugu,en,none,ver-tsbie-bieap-2026,HUMAN_CURATED,single_mcq,0,HUMAN_CURATED,PHASE_17,ACTIVE,BOARD_MAPPING_OMISSION
q-subj-telugu-p17c-097071,tsbie-bieap,tsbie-bieap,NULL,science,subj-telugu,en,none,ver-tsbie-bieap-2026,HUMAN_CURATED,short_answer,0,HUMAN_CURATED,PHASE_17,ACTIVE,BOARD_MAPPING_OMISSION
q-subj-telugu-p17c-097072,tsbie-bieap,tsbie-bieap,NULL,science,subj-telugu,en,none,ver-tsbie-bieap-2026,HUMAN_CURATED,single_mcq,0,HUMAN_CURATED,PHASE_17,ACTIVE,BOARD_MAPPING_OMISSION
q-subj-telugu-p17c-097073,tsbie-bieap,tsbie-bieap,NULL,science,subj-telugu,en,none,ver-tsbie-bieap-2026,HUMAN_CURATED,short_answer,0,HUMAN_CURATED,PHASE_17,ACTIVE,BOARD_MAPPING_OMISSION
q-subj-telugu-p17c-097074,tsbie-bieap,tsbie-bieap,NULL,science,subj-telugu,en,none,ver-tsbie-bieap-2026,HUMAN_CURATED,single_mcq,0,HUMAN_CURATED,PHASE_17,ACTIVE,BOARD_MAPPING_OMISSION
q-subj-telugu-p17c-097075,tsbie-bieap,tsbie-bieap,NULL,science,subj-telugu,en,none,ver-tsbie-bieap-2026,HUMAN_CURATED,short_answer,0,HUMAN_CURATED,PHASE_17,ACTIVE,BOARD_MAPPING_OMISSION
q-subj-telugu-p17c-097076,tsbie-bieap,tsbie-bieap,NULL,science,subj-telugu,en,none,ver-tsbie-bieap-2026,HUMAN_CURATED,single_mcq,0,HUMAN_CURATED,PHASE_17,ACTIVE,BOARD_MAPPING_OMISSION
q-subj-telugu-p17c-097077,tsbie-bieap,tsbie-bieap,NULL,science,subj-telugu,en,none,ver-tsbie-bieap-2026,HUMAN_CURATED,short_answer,0,HUMAN_CURATED,PHASE_17,ACTIVE,BOARD_MAPPING_OMISSION
q-subj-telugu-p17c-097078,tsbie-bieap,tsbie-bieap,NULL,science,subj-telugu,en,none,ver-tsbie-bieap-2026,HUMAN_CURATED,single_mcq,0,HUMAN_CURATED,PHASE_17,ACTIVE,BOARD_MAPPING_OMISSION
q-subj-telugu-p17c-097079,tsbie-bieap,tsbie-bieap,NULL,science,subj-telugu,en,none,ver-tsbie-bieap-2026,HUMAN_CURATED,short_answer,0,HUMAN_CURATED,PHASE_17,ACTIVE,BOARD_MAPPING_OMISSION
q-subj-telugu-p17c-097080,tsbie-bieap,tsbie-bieap,NULL,science,subj-telugu,en,none,ver-tsbie-bieap-2026,HUMAN_CURATED,single_mcq,0,HUMAN_CURATED,PHASE_17,ACTIVE,BOARD_MAPPING_OMISSION
q-subj-telugu-p17c-097081,tsbie-bieap,tsbie-bieap,NULL,science,subj-telugu,en,none,ver-tsbie-bieap-2026,HUMAN_CURATED,short_answer,0,HUMAN_CURATED,PHASE_17,ACTIVE,BOARD_MAPPING_OMISSION
q-subj-telugu-p17c-097082,tsbie-bieap,tsbie-bieap,NULL,science,subj-telugu,en,none,ver-tsbie-bieap-2026,HUMAN_CURATED,single_mcq,0,HUMAN_CURATED,PHASE_17,ACTIVE,BOARD_MAPPING_OMISSION
q-subj-telugu-p17c-097083,tsbie-bieap,tsbie-bieap,NULL,science,subj-telugu,en,none,ver-tsbie-bieap-2026,HUMAN_CURATED,short_answer,0,HUMAN_CURATED,PHASE_17,ACTIVE,BOARD_MAPPING_OMISSION
q-subj-telugu-p17c-097084,tsbie-bieap,tsbie-bieap,NULL,science,subj-telugu,en,none,ver-tsbie-bieap-2026,HUMAN_CURATED,single_mcq,0,HUMAN_CURATED,PHASE_17,ACTIVE,BOARD_MAPPING_OMISSION
q-subj-telugu-p17c-097085,tsbie-bieap,tsbie-bieap,NULL,science,subj-telugu,en,none,ver-tsbie-bieap-2026,HUMAN_CURATED,short_answer,0,HUMAN_CURATED,PHASE_17,ACTIVE,BOARD_MAPPING_OMISSION
q-subj-telugu-p17c-097086,tsbie-bieap,tsbie-bieap,NULL,science,subj-telugu,en,none,ver-tsbie-bieap-2026,HUMAN_CURATED,single_mcq,0,HUMAN_CURATED,PHASE_17,ACTIVE,BOARD_MAPPING_OMISSION
q-subj-telugu-p17c-097087,tsbie-bieap,tsbie-bieap,NULL,science,subj-telugu,en,none,ver-tsbie-bieap-2026,HUMAN_CURATED,short_answer,0,HUMAN_CURATED,PHASE_17,ACTIVE,BOARD_MAPPING_OMISSION
q-subj-telugu-p17c-097088,tsbie-bieap,tsbie-bieap,NULL,science,subj-telugu,en,none,ver-tsbie-bieap-2026,HUMAN_CURATED,single_mcq,0,HUMAN_CURATED,PHASE_17,ACTIVE,BOARD_MAPPING_OMISSION
q-subj-telugu-p17c-097089,tsbie-bieap,tsbie-bieap,NULL,science,subj-telugu,en,none,ver-tsbie-bieap-2026,HUMAN_CURATED,short_answer,0,HUMAN_CURATED,PHASE_17,ACTIVE,BOARD_MAPPING_OMISSION
q-subj-telugu-p17c-097090,tsbie-bieap,tsbie-bieap,NULL,science,subj-telugu,en,none,ver-tsbie-bieap-2026,HUMAN_CURATED,single_mcq,0,HUMAN_CURATED,PHASE_17,ACTIVE,BOARD_MAPPING_OMISSION
q-subj-telugu-p17c-097091,tsbie-bieap,tsbie-bieap,NULL,science,subj-telugu,en,none,ver-tsbie-bieap-2026,HUMAN_CURATED,short_answer,0,HUMAN_CURATED,PHASE_17,ACTIVE,BOARD_MAPPING_OMISSION
q-subj-telugu-p17c-097092,tsbie-bieap,tsbie-bieap,NULL,science,subj-telugu,en,none,ver-tsbie-bieap-2026,HUMAN_CURATED,single_mcq,0,HUMAN_CURATED,PHASE_17,ACTIVE,BOARD_MAPPING_OMISSION
q-subj-telugu-p17c-097093,tsbie-bieap,tsbie-bieap,NULL,science,subj-telugu,en,none,ver-tsbie-bieap-2026,HUMAN_CURATED,short_answer,0,HUMAN_CURATED,PHASE_17,ACTIVE,BOARD_MAPPING_OMISSION
q-subj-telugu-p17c-097094,tsbie-bieap,tsbie-bieap,NULL,science,subj-telugu,en,none,ver-tsbie-bieap-2026,HUMAN_CURATED,single_mcq,0,HUMAN_CURATED,PHASE_17,ACTIVE,BOARD_MAPPING_OMISSION
q-subj-telugu-p17c-097095,tsbie-bieap,tsbie-bieap,NULL,science,subj-telugu,en,none,ver-tsbie-bieap-2026,HUMAN_CURATED,short_answer,0,HUMAN_CURATED,PHASE_17,ACTIVE,BOARD_MAPPING_OMISSION
q-subj-telugu-p17c-097096,tsbie-bieap,tsbie-bieap,NULL,science,subj-telugu,en,none,ver-tsbie-bieap-2026,HUMAN_CURATED,single_mcq,0,HUMAN_CURATED,PHASE_17,ACTIVE,BOARD_MAPPING_OMISSION
q-subj-telugu-p17c-097097,tsbie-bieap,tsbie-bieap,NULL,science,subj-telugu,en,none,ver-tsbie-bieap-2026,HUMAN_CURATED,short_answer,0,HUMAN_CURATED,PHASE_17,ACTIVE,BOARD_MAPPING_OMISSION
q-subj-telugu-p17c-097098,tsbie-bieap,tsbie-bieap,NULL,science,subj-telugu,en,none,ver-tsbie-bieap-2026,HUMAN_CURATED,single_mcq,0,HUMAN_CURATED,PHASE_17,ACTIVE,BOARD_MAPPING_OMISSION
q-subj-telugu-p17c-097099,tsbie-bieap,tsbie-bieap,NULL,science,subj-telugu,en,none,ver-tsbie-bieap-2026,HUMAN_CURATED,short_answer,0,HUMAN_CURATED,PHASE_17,ACTIVE,BOARD_MAPPING_OMISSION
q-subj-telugu-p17c-097100,tsbie-bieap,tsbie-bieap,NULL,science,subj-telugu,en,none,ver-tsbie-bieap-2026,HUMAN_CURATED,single_mcq,0,HUMAN_CURATED,PHASE_17,ACTIVE,BOARD_MAPPING_OMISSION
q-subj-telugu-p17c-097101,tsbie-bieap,tsbie-bieap,NULL,science,subj-telugu,en,none,ver-tsbie-bieap-2026,HUMAN_CURATED,short_answer,0,HUMAN_CURATED,PHASE_17,ACTIVE,BOARD_MAPPING_OMISSION
q-subj-telugu-p17c-097102,tsbie-bieap,tsbie-bieap,NULL,science,subj-telugu,en,none,ver-tsbie-bieap-2026,HUMAN_CURATED,single_mcq,0,HUMAN_CURATED,PHASE_17,ACTIVE,BOARD_MAPPING_OMISSION
q-subj-telugu-p17c-097103,tsbie-bieap,tsbie-bieap,NULL,science,subj-telugu,en,none,ver-tsbie-bieap-2026,HUMAN_CURATED,short_answer,0,HUMAN_CURATED,PHASE_17,ACTIVE,BOARD_MAPPING_OMISSION
q-subj-telugu-p17c-097104,tsbie-bieap,tsbie-bieap,NULL,science,subj-telugu,en,none,ver-tsbie-bieap-2026,HUMAN_CURATED,single_mcq,0,HUMAN_CURATED,PHASE_17,ACTIVE,BOARD_MAPPING_OMISSION
q-subj-telugu-p17c-097105,tsbie-bieap,tsbie-bieap,NULL,science,subj-telugu,en,none,ver-tsbie-bieap-2026,HUMAN_CURATED,short_answer,0,HUMAN_CURATED,PHASE_17,ACTIVE,BOARD_MAPPING_OMISSION
q-subj-telugu-p17c-097106,tsbie-bieap,tsbie-bieap,NULL,science,subj-telugu,en,none,ver-tsbie-bieap-2026,HUMAN_CURATED,single_mcq,0,HUMAN_CURATED,PHASE_17,ACTIVE,BOARD_MAPPING_OMISSION
q-subj-telugu-p17c-097107,tsbie-bieap,tsbie-bieap,NULL,science,subj-telugu,en,none,ver-tsbie-bieap-2026,HUMAN_CURATED,short_answer,0,HUMAN_CURATED,PHASE_17,ACTIVE,BOARD_MAPPING_OMISSION
q-subj-telugu-p17c-097108,tsbie-bieap,tsbie-bieap,NULL,science,subj-telugu,en,none,ver-tsbie-bieap-2026,HUMAN_CURATED,single_mcq,0,HUMAN_CURATED,PHASE_17,ACTIVE,BOARD_MAPPING_OMISSION
q-subj-telugu-p17c-097109,tsbie-bieap,tsbie-bieap,NULL,science,subj-telugu,en,none,ver-tsbie-bieap-2026,HUMAN_CURATED,short_answer,0,HUMAN_CURATED,PHASE_17,ACTIVE,BOARD_MAPPING_OMISSION
q-subj-telugu-p17c-097110,tsbie-bieap,tsbie-bieap,NULL,science,subj-telugu,en,none,ver-tsbie-bieap-2026,HUMAN_CURATED,single_mcq,0,HUMAN_CURATED,PHASE_17,ACTIVE,BOARD_MAPPING_OMISSION
q-subj-telugu-p17c-097111,tsbie-bieap,tsbie-bieap,NULL,science,subj-telugu,en,none,ver-tsbie-bieap-2026,HUMAN_CURATED,short_answer,0,HUMAN_CURATED,PHASE_17,ACTIVE,BOARD_MAPPING_OMISSION
q-subj-telugu-p17c-097112,tsbie-bieap,tsbie-bieap,NULL,science,subj-telugu,en,none,ver-tsbie-bieap-2026,HUMAN_CURATED,single_mcq,0,HUMAN_CURATED,PHASE_17,ACTIVE,BOARD_MAPPING_OMISSION
q-subj-telugu-p17c-097113,tsbie-bieap,tsbie-bieap,NULL,science,subj-telugu,en,none,ver-tsbie-bieap-2026,HUMAN_CURATED,short_answer,0,HUMAN_CURATED,PHASE_17,ACTIVE,BOARD_MAPPING_OMISSION
q-subj-telugu-p17c-097114,tsbie-bieap,tsbie-bieap,NULL,science,subj-telugu,en,none,ver-tsbie-bieap-2026,HUMAN_CURATED,single_mcq,0,HUMAN_CURATED,PHASE_17,ACTIVE,BOARD_MAPPING_OMISSION
q-subj-telugu-p17c-097115,tsbie-bieap,tsbie-bieap,NULL,science,subj-telugu,en,none,ver-tsbie-bieap-2026,HUMAN_CURATED,short_answer,0,HUMAN_CURATED,PHASE_17,ACTIVE,BOARD_MAPPING_OMISSION
q-subj-telugu-p17c-097116,tsbie-bieap,tsbie-bieap,NULL,science,subj-telugu,en,none,ver-tsbie-bieap-2026,HUMAN_CURATED,single_mcq,0,HUMAN_CURATED,PHASE_17,ACTIVE,BOARD_MAPPING_OMISSION
q-subj-telugu-p17c-097117,tsbie-bieap,tsbie-bieap,NULL,science,subj-telugu,en,none,ver-tsbie-bieap-2026,HUMAN_CURATED,short_answer,0,HUMAN_CURATED,PHASE_17,ACTIVE,BOARD_MAPPING_OMISSION
q-subj-telugu-p17c-097118,tsbie-bieap,tsbie-bieap,NULL,science,subj-telugu,en,none,ver-tsbie-bieap-2026,HUMAN_CURATED,single_mcq,0,HUMAN_CURATED,PHASE_17,ACTIVE,BOARD_MAPPING_OMISSION
q-subj-telugu-p17c-097119,tsbie-bieap,tsbie-bieap,NULL,science,subj-telugu,en,none,ver-tsbie-bieap-2026,HUMAN_CURATED,short_answer,0,HUMAN_CURATED,PHASE_17,ACTIVE,BOARD_MAPPING_OMISSION
q-subj-telugu-p17c-097120,tsbie-bieap,tsbie-bieap,NULL,science,subj-telugu,en,none,ver-tsbie-bieap-2026,HUMAN_CURATED,single_mcq,0,HUMAN_CURATED,PHASE_17,ACTIVE,BOARD_MAPPING_OMISSION
q-subj-telugu-p17c-097121,tsbie-bieap,tsbie-bieap,NULL,science,subj-telugu,en,none,ver-tsbie-bieap-2026,HUMAN_CURATED,short_answer,0,HUMAN_CURATED,PHASE_17,ACTIVE,BOARD_MAPPING_OMISSION
q-subj-telugu-p17c-097122,tsbie-bieap,tsbie-bieap,NULL,science,subj-telugu,en,none,ver-tsbie-bieap-2026,HUMAN_CURATED,single_mcq,0,HUMAN_CURATED,PHASE_17,ACTIVE,BOARD_MAPPING_OMISSION
q-subj-telugu-p17c-097123,tsbie-bieap,tsbie-bieap,NULL,science,subj-telugu,en,none,ver-tsbie-bieap-2026,HUMAN_CURATED,short_answer,0,HUMAN_CURATED,PHASE_17,ACTIVE,BOARD_MAPPING_OMISSION
q-subj-telugu-p17c-097124,tsbie-bieap,tsbie-bieap,NULL,science,subj-telugu,en,none,ver-tsbie-bieap-2026,HUMAN_CURATED,single_mcq,0,HUMAN_CURATED,PHASE_17,ACTIVE,BOARD_MAPPING_OMISSION
q-subj-telugu-p17c-097125,tsbie-bieap,tsbie-bieap,NULL,science,subj-telugu,en,none,ver-tsbie-bieap-2026,HUMAN_CURATED,short_answer,0,HUMAN_CURATED,PHASE_17,ACTIVE,BOARD_MAPPING_OMISSION
q-subj-telugu-p17c-097126,tsbie-bieap,tsbie-bieap,NULL,science,subj-telugu,en,none,ver-tsbie-bieap-2026,HUMAN_CURATED,single_mcq,0,HUMAN_CURATED,PHASE_17,ACTIVE,BOARD_MAPPING_OMISSION
q-subj-telugu-p17c-097127,tsbie-bieap,tsbie-bieap,NULL,science,subj-telugu,en,none,ver-tsbie-bieap-2026,HUMAN_CURATED,short_answer,0,HUMAN_CURATED,PHASE_17,ACTIVE,BOARD_MAPPING_OMISSION
q-subj-telugu-p17c-097128,tsbie-bieap,tsbie-bieap,NULL,science,subj-telugu,en,none,ver-tsbie-bieap-2026,HUMAN_CURATED,single_mcq,0,HUMAN_CURATED,PHASE_17,ACTIVE,BOARD_MAPPING_OMISSION
q-subj-telugu-p17c-097129,tsbie-bieap,tsbie-bieap,NULL,science,subj-telugu,en,none,ver-tsbie-bieap-2026,HUMAN_CURATED,short_answer,0,HUMAN_CURATED,PHASE_17,ACTIVE,BOARD_MAPPING_OMISSION
q-subj-telugu-p17c-097130,tsbie-bieap,tsbie-bieap,NULL,science,subj-telugu,en,none,ver-tsbie-bieap-2026,HUMAN_CURATED,single_mcq,0,HUMAN_CURATED,PHASE_17,ACTIVE,BOARD_MAPPING_OMISSION
q-subj-telugu-p17c-097131,tsbie-bieap,tsbie-bieap,NULL,science,subj-telugu,en,none,ver-tsbie-bieap-2026,HUMAN_CURATED,short_answer,0,HUMAN_CURATED,PHASE_17,ACTIVE,BOARD_MAPPING_OMISSION
q-subj-telugu-p17c-097132,tsbie-bieap,tsbie-bieap,NULL,science,subj-telugu,en,none,ver-tsbie-bieap-2026,HUMAN_CURATED,single_mcq,0,HUMAN_CURATED,PHASE_17,ACTIVE,BOARD_MAPPING_OMISSION
q-subj-telugu-p17c-097133,tsbie-bieap,tsbie-bieap,NULL,science,subj-telugu,en,none,ver-tsbie-bieap-2026,HUMAN_CURATED,short_answer,0,HUMAN_CURATED,PHASE_17,ACTIVE,BOARD_MAPPING_OMISSION
q-subj-telugu-p17c-097134,tsbie-bieap,tsbie-bieap,NULL,science,subj-telugu,en,none,ver-tsbie-bieap-2026,HUMAN_CURATED,single_mcq,0,HUMAN_CURATED,PHASE_17,ACTIVE,BOARD_MAPPING_OMISSION
q-subj-telugu-p17c-097135,tsbie-bieap,tsbie-bieap,NULL,science,subj-telugu,en,none,ver-tsbie-bieap-2026,HUMAN_CURATED,short_answer,0,HUMAN_CURATED,PHASE_17,ACTIVE,BOARD_MAPPING_OMISSION
q-subj-telugu-p17c-097136,tsbie-bieap,tsbie-bieap,NULL,science,subj-telugu,en,none,ver-tsbie-bieap-2026,HUMAN_CURATED,single_mcq,0,HUMAN_CURATED,PHASE_17,ACTIVE,BOARD_MAPPING_OMISSION
q-subj-telugu-p17c-097137,tsbie-bieap,tsbie-bieap,NULL,science,subj-telugu,en,none,ver-tsbie-bieap-2026,HUMAN_CURATED,short_answer,0,HUMAN_CURATED,PHASE_17,ACTIVE,BOARD_MAPPING_OMISSION
q-subj-telugu-p17c-097138,tsbie-bieap,tsbie-bieap,NULL,science,subj-telugu,en,none,ver-tsbie-bieap-2026,HUMAN_CURATED,single_mcq,0,HUMAN_CURATED,PHASE_17,ACTIVE,BOARD_MAPPING_OMISSION
q-subj-telugu-p17c-097139,tsbie-bieap,tsbie-bieap,NULL,science,subj-telugu,en,none,ver-tsbie-bieap-2026,HUMAN_CURATED,short_answer,0,HUMAN_CURATED,PHASE_17,ACTIVE,BOARD_MAPPING_OMISSION
q-subj-telugu-p17c-097140,tsbie-bieap,tsbie-bieap,NULL,science,subj-telugu,en,none,ver-tsbie-bieap-2026,HUMAN_CURATED,single_mcq,0,HUMAN_CURATED,PHASE_17,ACTIVE,BOARD_MAPPING_OMISSION
q-subj-telugu-p17c-097141,tsbie-bieap,tsbie-bieap,NULL,science,subj-telugu,en,none,ver-tsbie-bieap-2026,HUMAN_CURATED,short_answer,0,HUMAN_CURATED,PHASE_17,ACTIVE,BOARD_MAPPING_OMISSION
q-subj-telugu-p17c-097142,tsbie-bieap,tsbie-bieap,NULL,science,subj-telugu,en,none,ver-tsbie-bieap-2026,HUMAN_CURATED,single_mcq,0,HUMAN_CURATED,PHASE_17,ACTIVE,BOARD_MAPPING_OMISSION
q-subj-telugu-p17c-097143,tsbie-bieap,tsbie-bieap,NULL,science,subj-telugu,en,none,ver-tsbie-bieap-2026,HUMAN_CURATED,short_answer,0,HUMAN_CURATED,PHASE_17,ACTIVE,BOARD_MAPPING_OMISSION
q-subj-telugu-p17c-097144,tsbie-bieap,tsbie-bieap,NULL,science,subj-telugu,en,none,ver-tsbie-bieap-2026,HUMAN_CURATED,single_mcq,0,HUMAN_CURATED,PHASE_17,ACTIVE,BOARD_MAPPING_OMISSION
q-subj-telugu-p17c-097145,tsbie-bieap,tsbie-bieap,NULL,science,subj-telugu,en,none,ver-tsbie-bieap-2026,HUMAN_CURATED,short_answer,0,HUMAN_CURATED,PHASE_17,ACTIVE,BOARD_MAPPING_OMISSION
q-subj-telugu-p17c-097146,tsbie-bieap,tsbie-bieap,NULL,science,subj-telugu,en,none,ver-tsbie-bieap-2026,HUMAN_CURATED,single_mcq,0,HUMAN_CURATED,PHASE_17,ACTIVE,BOARD_MAPPING_OMISSION
q-subj-telugu-p17c-097147,tsbie-bieap,tsbie-bieap,NULL,science,subj-telugu,en,none,ver-tsbie-bieap-2026,HUMAN_CURATED,short_answer,0,HUMAN_CURATED,PHASE_17,ACTIVE,BOARD_MAPPING_OMISSION
q-subj-telugu-p17c-097148,tsbie-bieap,tsbie-bieap,NULL,science,subj-telugu,en,none,ver-tsbie-bieap-2026,HUMAN_CURATED,single_mcq,0,HUMAN_CURATED,PHASE_17,ACTIVE,BOARD_MAPPING_OMISSION
q-subj-telugu-p17c-097149,tsbie-bieap,tsbie-bieap,NULL,science,subj-telugu,en,none,ver-tsbie-bieap-2026,HUMAN_CURATED,short_answer,0,HUMAN_CURATED,PHASE_17,ACTIVE,BOARD_MAPPING_OMISSION
q-subj-telugu-p17c-097150,tsbie-bieap,tsbie-bieap,NULL,science,subj-telugu,en,none,ver-tsbie-bieap-2026,HUMAN_CURATED,single_mcq,0,HUMAN_CURATED,PHASE_17,ACTIVE,BOARD_MAPPING_OMISSION
q-subj-telugu-p17c-097151,tsbie-bieap,tsbie-bieap,NULL,science,subj-telugu,en,none,ver-tsbie-bieap-2026,HUMAN_CURATED,short_answer,0,HUMAN_CURATED,PHASE_17,ACTIVE,BOARD_MAPPING_OMISSION
q-subj-telugu-p17c-097152,tsbie-bieap,tsbie-bieap,NULL,science,subj-telugu,en,none,ver-tsbie-bieap-2026,HUMAN_CURATED,single_mcq,0,HUMAN_CURATED,PHASE_17,ACTIVE,BOARD_MAPPING_OMISSION
q-subj-telugu-p17c-097153,tsbie-bieap,tsbie-bieap,NULL,science,subj-telugu,en,none,ver-tsbie-bieap-2026,HUMAN_CURATED,short_answer,0,HUMAN_CURATED,PHASE_17,ACTIVE,BOARD_MAPPING_OMISSION
q-subj-telugu-p17c-097154,tsbie-bieap,tsbie-bieap,NULL,science,subj-telugu,en,none,ver-tsbie-bieap-2026,HUMAN_CURATED,single_mcq,0,HUMAN_CURATED,PHASE_17,ACTIVE,BOARD_MAPPING_OMISSION
q-subj-telugu-p17c-097155,tsbie-bieap,tsbie-bieap,NULL,science,subj-telugu,en,none,ver-tsbie-bieap-2026,HUMAN_CURATED,short_answer,0,HUMAN_CURATED,PHASE_17,ACTIVE,BOARD_MAPPING_OMISSION
q-subj-telugu-p17c-097156,tsbie-bieap,tsbie-bieap,NULL,science,subj-telugu,en,none,ver-tsbie-bieap-2026,HUMAN_CURATED,single_mcq,0,HUMAN_CURATED,PHASE_17,ACTIVE,BOARD_MAPPING_OMISSION
q-subj-telugu-p17c-097157,tsbie-bieap,tsbie-bieap,NULL,science,subj-telugu,en,none,ver-tsbie-bieap-2026,HUMAN_CURATED,short_answer,0,HUMAN_CURATED,PHASE_17,ACTIVE,BOARD_MAPPING_OMISSION
q-subj-telugu-p17c-097158,tsbie-bieap,tsbie-bieap,NULL,science,subj-telugu,en,none,ver-tsbie-bieap-2026,HUMAN_CURATED,single_mcq,0,HUMAN_CURATED,PHASE_17,ACTIVE,BOARD_MAPPING_OMISSION
q-subj-telugu-p17c-097159,tsbie-bieap,tsbie-bieap,NULL,science,subj-telugu,en,none,ver-tsbie-bieap-2026,HUMAN_CURATED,short_answer,0,HUMAN_CURATED,PHASE_17,ACTIVE,BOARD_MAPPING_OMISSION
q-subj-telugu-p17c-097160,tsbie-bieap,tsbie-bieap,NULL,science,subj-telugu,en,none,ver-tsbie-bieap-2026,HUMAN_CURATED,single_mcq,0,HUMAN_CURATED,PHASE_17,ACTIVE,BOARD_MAPPING_OMISSION
q-subj-telugu-p17c-097161,tsbie-bieap,tsbie-bieap,NULL,science,subj-telugu,en,none,ver-tsbie-bieap-2026,HUMAN_CURATED,short_answer,0,HUMAN_CURATED,PHASE_17,ACTIVE,BOARD_MAPPING_OMISSION
q-subj-telugu-p17c-097162,tsbie-bieap,tsbie-bieap,NULL,science,subj-telugu,en,none,ver-tsbie-bieap-2026,HUMAN_CURATED,single_mcq,0,HUMAN_CURATED,PHASE_17,ACTIVE,BOARD_MAPPING_OMISSION
q-subj-telugu-p17c-097163,tsbie-bieap,tsbie-bieap,NULL,science,subj-telugu,en,none,ver-tsbie-bieap-2026,HUMAN_CURATED,short_answer,0,HUMAN_CURATED,PHASE_17,ACTIVE,BOARD_MAPPING_OMISSION
q-subj-telugu-p17c-097164,tsbie-bieap,tsbie-bieap,NULL,science,subj-telugu,en,none,ver-tsbie-bieap-2026,HUMAN_CURATED,single_mcq,0,HUMAN_CURATED,PHASE_17,ACTIVE,BOARD_MAPPING_OMISSION
q-subj-telugu-p17c-097165,tsbie-bieap,tsbie-bieap,NULL,science,subj-telugu,en,none,ver-tsbie-bieap-2026,HUMAN_CURATED,short_answer,0,HUMAN_CURATED,PHASE_17,ACTIVE,BOARD_MAPPING_OMISSION
q-subj-telugu-p17c-097166,tsbie-bieap,tsbie-bieap,NULL,science,subj-telugu,en,none,ver-tsbie-bieap-2026,HUMAN_CURATED,single_mcq,0,HUMAN_CURATED,PHASE_17,ACTIVE,BOARD_MAPPING_OMISSION
q-subj-telugu-p17c-097167,tsbie-bieap,tsbie-bieap,NULL,science,subj-telugu,en,none,ver-tsbie-bieap-2026,HUMAN_CURATED,short_answer,0,HUMAN_CURATED,PHASE_17,ACTIVE,BOARD_MAPPING_OMISSION
q-subj-telugu-p17c-097168,tsbie-bieap,tsbie-bieap,NULL,science,subj-telugu,en,none,ver-tsbie-bieap-2026,HUMAN_CURATED,single_mcq,0,HUMAN_CURATED,PHASE_17,ACTIVE,BOARD_MAPPING_OMISSION
q-subj-telugu-p17c-097169,tsbie-bieap,tsbie-bieap,NULL,science,subj-telugu,en,none,ver-tsbie-bieap-2026,HUMAN_CURATED,short_answer,0,HUMAN_CURATED,PHASE_17,ACTIVE,BOARD_MAPPING_OMISSION
q-subj-telugu-p17c-097170,tsbie-bieap,tsbie-bieap,NULL,science,subj-telugu,en,none,ver-tsbie-bieap-2026,HUMAN_CURATED,single_mcq,0,HUMAN_CURATED,PHASE_17,ACTIVE,BOARD_MAPPING_OMISSION
q-subj-telugu-p17c-097171,tsbie-bieap,tsbie-bieap,NULL,science,subj-telugu,en,none,ver-tsbie-bieap-2026,HUMAN_CURATED,short_answer,0,HUMAN_CURATED,PHASE_17,ACTIVE,BOARD_MAPPING_OMISSION
q-subj-telugu-p17c-097172,tsbie-bieap,tsbie-bieap,NULL,science,subj-telugu,en,none,ver-tsbie-bieap-2026,HUMAN_CURATED,single_mcq,0,HUMAN_CURATED,PHASE_17,ACTIVE,BOARD_MAPPING_OMISSION
q-subj-telugu-p17c-097173,tsbie-bieap,tsbie-bieap,NULL,science,subj-telugu,en,none,ver-tsbie-bieap-2026,HUMAN_CURATED,short_answer,0,HUMAN_CURATED,PHASE_17,ACTIVE,BOARD_MAPPING_OMISSION
q-subj-telugu-p17c-097174,tsbie-bieap,tsbie-bieap,NULL,science,subj-telugu,en,none,ver-tsbie-bieap-2026,HUMAN_CURATED,single_mcq,0,HUMAN_CURATED,PHASE_17,ACTIVE,BOARD_MAPPING_OMISSION
q-subj-telugu-p17c-097175,tsbie-bieap,tsbie-bieap,NULL,science,subj-telugu,en,none,ver-tsbie-bieap-2026,HUMAN_CURATED,short_answer,0,HUMAN_CURATED,PHASE_17,ACTIVE,BOARD_MAPPING_OMISSION
q-subj-telugu-p17c-097176,tsbie-bieap,tsbie-bieap,NULL,science,subj-telugu,en,none,ver-tsbie-bieap-2026,HUMAN_CURATED,single_mcq,0,HUMAN_CURATED,PHASE_17,ACTIVE,BOARD_MAPPING_OMISSION
q-subj-telugu-p17c-097177,tsbie-bieap,tsbie-bieap,NULL,science,subj-telugu,en,none,ver-tsbie-bieap-2026,HUMAN_CURATED,short_answer,0,HUMAN_CURATED,PHASE_17,ACTIVE,BOARD_MAPPING_OMISSION
q-subj-telugu-p17c-097178,tsbie-bieap,tsbie-bieap,NULL,science,subj-telugu,en,none,ver-tsbie-bieap-2026,HUMAN_CURATED,single_mcq,0,HUMAN_CURATED,PHASE_17,ACTIVE,BOARD_MAPPING_OMISSION
q-subj-telugu-p17c-097179,tsbie-bieap,tsbie-bieap,NULL,science,subj-telugu,en,none,ver-tsbie-bieap-2026,HUMAN_CURATED,short_answer,0,HUMAN_CURATED,PHASE_17,ACTIVE,BOARD_MAPPING_OMISSION
q-subj-telugu-p17c-097180,tsbie-bieap,tsbie-bieap,NULL,science,subj-telugu,en,none,ver-tsbie-bieap-2026,HUMAN_CURATED,single_mcq,0,HUMAN_CURATED,PHASE_17,ACTIVE,BOARD_MAPPING_OMISSION
q-subj-telugu-p17c-097181,tsbie-bieap,tsbie-bieap,NULL,science,subj-telugu,en,none,ver-tsbie-bieap-2026,HUMAN_CURATED,short_answer,0,HUMAN_CURATED,PHASE_17,ACTIVE,BOARD_MAPPING_OMISSION
q-subj-telugu-p17c-097182,tsbie-bieap,tsbie-bieap,NULL,science,subj-telugu,en,none,ver-tsbie-bieap-2026,HUMAN_CURATED,single_mcq,0,HUMAN_CURATED,PHASE_17,ACTIVE,BOARD_MAPPING_OMISSION
q-subj-telugu-p17c-097183,tsbie-bieap,tsbie-bieap,NULL,science,subj-telugu,en,none,ver-tsbie-bieap-2026,HUMAN_CURATED,short_answer,0,HUMAN_CURATED,PHASE_17,ACTIVE,BOARD_MAPPING_OMISSION
q-subj-telugu-p17c-097184,tsbie-bieap,tsbie-bieap,NULL,science,subj-telugu,en,none,ver-tsbie-bieap-2026,HUMAN_CURATED,single_mcq,0,HUMAN_CURATED,PHASE_17,ACTIVE,BOARD_MAPPING_OMISSION
q-subj-telugu-p17c-097185,tsbie-bieap,tsbie-bieap,NULL,science,subj-telugu,en,none,ver-tsbie-bieap-2026,HUMAN_CURATED,short_answer,0,HUMAN_CURATED,PHASE_17,ACTIVE,BOARD_MAPPING_OMISSION
q-subj-telugu-p17c-097186,tsbie-bieap,tsbie-bieap,NULL,science,subj-telugu,en,none,ver-tsbie-bieap-2026,HUMAN_CURATED,single_mcq,0,HUMAN_CURATED,PHASE_17,ACTIVE,BOARD_MAPPING_OMISSION
q-subj-telugu-p17c-097187,tsbie-bieap,tsbie-bieap,NULL,science,subj-telugu,en,none,ver-tsbie-bieap-2026,HUMAN_CURATED,short_answer,0,HUMAN_CURATED,PHASE_17,ACTIVE,BOARD_MAPPING_OMISSION
q-subj-telugu-p17c-097188,tsbie-bieap,tsbie-bieap,NULL,science,subj-telugu,en,none,ver-tsbie-bieap-2026,HUMAN_CURATED,single_mcq,0,HUMAN_CURATED,PHASE_17,ACTIVE,BOARD_MAPPING_OMISSION
q-subj-telugu-p17c-097189,tsbie-bieap,tsbie-bieap,NULL,science,subj-telugu,en,none,ver-tsbie-bieap-2026,HUMAN_CURATED,short_answer,0,HUMAN_CURATED,PHASE_17,ACTIVE,BOARD_MAPPING_OMISSION
q-subj-telugu-p17c-097190,tsbie-bieap,tsbie-bieap,NULL,science,subj-telugu,en,none,ver-tsbie-bieap-2026,HUMAN_CURATED,single_mcq,0,HUMAN_CURATED,PHASE_17,ACTIVE,BOARD_MAPPING_OMISSION
q-subj-telugu-p17c-097191,tsbie-bieap,tsbie-bieap,NULL,science,subj-telugu,en,none,ver-tsbie-bieap-2026,HUMAN_CURATED,short_answer,0,HUMAN_CURATED,PHASE_17,ACTIVE,BOARD_MAPPING_OMISSION
q-subj-telugu-p17c-097192,tsbie-bieap,tsbie-bieap,NULL,science,subj-telugu,en,none,ver-tsbie-bieap-2026,HUMAN_CURATED,single_mcq,0,HUMAN_CURATED,PHASE_17,ACTIVE,BOARD_MAPPING_OMISSION
q-subj-telugu-p17c-097193,tsbie-bieap,tsbie-bieap,NULL,science,subj-telugu,en,none,ver-tsbie-bieap-2026,HUMAN_CURATED,short_answer,0,HUMAN_CURATED,PHASE_17,ACTIVE,BOARD_MAPPING_OMISSION
q-subj-telugu-p17c-097194,tsbie-bieap,tsbie-bieap,NULL,science,subj-telugu,en,none,ver-tsbie-bieap-2026,HUMAN_CURATED,single_mcq,0,HUMAN_CURATED,PHASE_17,ACTIVE,BOARD_MAPPING_OMISSION
q-subj-telugu-p17c-097195,tsbie-bieap,tsbie-bieap,NULL,science,subj-telugu,en,none,ver-tsbie-bieap-2026,HUMAN_CURATED,short_answer,0,HUMAN_CURATED,PHASE_17,ACTIVE,BOARD_MAPPING_OMISSION
q-subj-telugu-p17c-097196,tsbie-bieap,tsbie-bieap,NULL,science,subj-telugu,en,none,ver-tsbie-bieap-2026,HUMAN_CURATED,single_mcq,0,HUMAN_CURATED,PHASE_17,ACTIVE,BOARD_MAPPING_OMISSION
q-subj-telugu-p17c-097197,tsbie-bieap,tsbie-bieap,NULL,science,subj-telugu,en,none,ver-tsbie-bieap-2026,HUMAN_CURATED,short_answer,0,HUMAN_CURATED,PHASE_17,ACTIVE,BOARD_MAPPING_OMISSION
q-subj-telugu-p17c-097198,tsbie-bieap,tsbie-bieap,NULL,science,subj-telugu,en,none,ver-tsbie-bieap-2026,HUMAN_CURATED,single_mcq,0,HUMAN_CURATED,PHASE_17,ACTIVE,BOARD_MAPPING_OMISSION
q-subj-telugu-p17c-097199,tsbie-bieap,tsbie-bieap,NULL,science,subj-telugu,en,none,ver-tsbie-bieap-2026,HUMAN_CURATED,short_answer,0,HUMAN_CURATED,PHASE_17,ACTIVE,BOARD_MAPPING_OMISSION
q-subj-telugu-p17c-097200,tsbie-bieap,tsbie-bieap,NULL,science,subj-telugu,en,none,ver-tsbie-bieap-2026,HUMAN_CURATED,single_mcq,0,HUMAN_CURATED,PHASE_17,ACTIVE,BOARD_MAPPING_OMISSION
q-subj-telugu-p17c-097201,tsbie-bieap,tsbie-bieap,NULL,science,subj-telugu,en,none,ver-tsbie-bieap-2026,HUMAN_CURATED,short_answer,0,HUMAN_CURATED,PHASE_17,ACTIVE,BOARD_MAPPING_OMISSION
q-subj-telugu-p17c-097202,tsbie-bieap,tsbie-bieap,NULL,science,subj-telugu,en,none,ver-tsbie-bieap-2026,HUMAN_CURATED,single_mcq,0,HUMAN_CURATED,PHASE_17,ACTIVE,BOARD_MAPPING_OMISSION
q-subj-telugu-p17c-097203,tsbie-bieap,tsbie-bieap,NULL,science,subj-telugu,en,none,ver-tsbie-bieap-2026,HUMAN_CURATED,short_answer,0,HUMAN_CURATED,PHASE_17,ACTIVE,BOARD_MAPPING_OMISSION
q-subj-telugu-p17c-097204,tsbie-bieap,tsbie-bieap,NULL,science,subj-telugu,en,none,ver-tsbie-bieap-2026,HUMAN_CURATED,single_mcq,0,HUMAN_CURATED,PHASE_17,ACTIVE,BOARD_MAPPING_OMISSION
q-subj-telugu-p17c-097205,tsbie-bieap,tsbie-bieap,NULL,science,subj-telugu,en,none,ver-tsbie-bieap-2026,HUMAN_CURATED,short_answer,0,HUMAN_CURATED,PHASE_17,ACTIVE,BOARD_MAPPING_OMISSION
q-subj-telugu-p17c-097206,tsbie-bieap,tsbie-bieap,NULL,science,subj-telugu,en,none,ver-tsbie-bieap-2026,HUMAN_CURATED,single_mcq,0,HUMAN_CURATED,PHASE_17,ACTIVE,BOARD_MAPPING_OMISSION
q-subj-telugu-p17c-097207,tsbie-bieap,tsbie-bieap,NULL,science,subj-telugu,en,none,ver-tsbie-bieap-2026,HUMAN_CURATED,short_answer,0,HUMAN_CURATED,PHASE_17,ACTIVE,BOARD_MAPPING_OMISSION
q-subj-telugu-p17c-097208,tsbie-bieap,tsbie-bieap,NULL,science,subj-telugu,en,none,ver-tsbie-bieap-2026,HUMAN_CURATED,single_mcq,0,HUMAN_CURATED,PHASE_17,ACTIVE,BOARD_MAPPING_OMISSION
q-subj-telugu-p17c-097209,tsbie-bieap,tsbie-bieap,NULL,science,subj-telugu,en,none,ver-tsbie-bieap-2026,HUMAN_CURATED,short_answer,0,HUMAN_CURATED,PHASE_17,ACTIVE,BOARD_MAPPING_OMISSION
q-subj-telugu-p17c-097210,tsbie-bieap,tsbie-bieap,NULL,science,subj-telugu,en,none,ver-tsbie-bieap-2026,HUMAN_CURATED,single_mcq,0,HUMAN_CURATED,PHASE_17,ACTIVE,BOARD_MAPPING_OMISSION
q-subj-telugu-p17c-097211,tsbie-bieap,tsbie-bieap,NULL,science,subj-telugu,en,none,ver-tsbie-bieap-2026,HUMAN_CURATED,short_answer,0,HUMAN_CURATED,PHASE_17,ACTIVE,BOARD_MAPPING_OMISSION
q-subj-telugu-p17c-097212,tsbie-bieap,tsbie-bieap,NULL,science,subj-telugu,en,none,ver-tsbie-bieap-2026,HUMAN_CURATED,single_mcq,0,HUMAN_CURATED,PHASE_17,ACTIVE,BOARD_MAPPING_OMISSION
q-subj-telugu-p17c-097213,tsbie-bieap,tsbie-bieap,NULL,science,subj-telugu,en,none,ver-tsbie-bieap-2026,HUMAN_CURATED,short_answer,0,HUMAN_CURATED,PHASE_17,ACTIVE,BOARD_MAPPING_OMISSION
q-subj-telugu-p17c-097214,tsbie-bieap,tsbie-bieap,NULL,science,subj-telugu,en,none,ver-tsbie-bieap-2026,HUMAN_CURATED,single_mcq,0,HUMAN_CURATED,PHASE_17,ACTIVE,BOARD_MAPPING_OMISSION
q-subj-telugu-p17c-097215,tsbie-bieap,tsbie-bieap,NULL,science,subj-telugu,en,none,ver-tsbie-bieap-2026,HUMAN_CURATED,short_answer,0,HUMAN_CURATED,PHASE_17,ACTIVE,BOARD_MAPPING_OMISSION
q-subj-telugu-p17c-097216,tsbie-bieap,tsbie-bieap,NULL,science,subj-telugu,en,none,ver-tsbie-bieap-2026,HUMAN_CURATED,single_mcq,0,HUMAN_CURATED,PHASE_17,ACTIVE,BOARD_MAPPING_OMISSION
q-subj-telugu-p17c-097217,tsbie-bieap,tsbie-bieap,NULL,science,subj-telugu,en,none,ver-tsbie-bieap-2026,HUMAN_CURATED,short_answer,0,HUMAN_CURATED,PHASE_17,ACTIVE,BOARD_MAPPING_OMISSION
q-subj-telugu-p17c-097218,tsbie-bieap,tsbie-bieap,NULL,science,subj-telugu,en,none,ver-tsbie-bieap-2026,HUMAN_CURATED,single_mcq,0,HUMAN_CURATED,PHASE_17,ACTIVE,BOARD_MAPPING_OMISSION
q-subj-telugu-p17c-097219,tsbie-bieap,tsbie-bieap,NULL,science,subj-telugu,en,none,ver-tsbie-bieap-2026,HUMAN_CURATED,short_answer,0,HUMAN_CURATED,PHASE_17,ACTIVE,BOARD_MAPPING_OMISSION
q-subj-telugu-p17c-097220,tsbie-bieap,tsbie-bieap,NULL,science,subj-telugu,en,none,ver-tsbie-bieap-2026,HUMAN_CURATED,single_mcq,0,HUMAN_CURATED,PHASE_17,ACTIVE,BOARD_MAPPING_OMISSION
q-subj-telugu-p17c-097221,tsbie-bieap,tsbie-bieap,NULL,science,subj-telugu,en,none,ver-tsbie-bieap-2026,HUMAN_CURATED,short_answer,0,HUMAN_CURATED,PHASE_17,ACTIVE,BOARD_MAPPING_OMISSION
q-subj-telugu-p17c-097222,tsbie-bieap,tsbie-bieap,NULL,science,subj-telugu,en,none,ver-tsbie-bieap-2026,HUMAN_CURATED,single_mcq,0,HUMAN_CURATED,PHASE_17,ACTIVE,BOARD_MAPPING_OMISSION
q-subj-telugu-p17c-097223,tsbie-bieap,tsbie-bieap,NULL,science,subj-telugu,en,none,ver-tsbie-bieap-2026,HUMAN_CURATED,short_answer,0,HUMAN_CURATED,PHASE_17,ACTIVE,BOARD_MAPPING_OMISSION
q-subj-telugu-p17c-097224,tsbie-bieap,tsbie-bieap,NULL,science,subj-telugu,en,none,ver-tsbie-bieap-2026,HUMAN_CURATED,single_mcq,0,HUMAN_CURATED,PHASE_17,ACTIVE,BOARD_MAPPING_OMISSION
q-subj-telugu-p17c-097225,tsbie-bieap,tsbie-bieap,NULL,science,subj-telugu,en,none,ver-tsbie-bieap-2026,HUMAN_CURATED,short_answer,0,HUMAN_CURATED,PHASE_17,ACTIVE,BOARD_MAPPING_OMISSION
q-subj-telugu-p17c-097226,tsbie-bieap,tsbie-bieap,NULL,science,subj-telugu,en,none,ver-tsbie-bieap-2026,HUMAN_CURATED,single_mcq,0,HUMAN_CURATED,PHASE_17,ACTIVE,BOARD_MAPPING_OMISSION
q-subj-telugu-p17c-097227,tsbie-bieap,tsbie-bieap,NULL,science,subj-telugu,en,none,ver-tsbie-bieap-2026,HUMAN_CURATED,short_answer,0,HUMAN_CURATED,PHASE_17,ACTIVE,BOARD_MAPPING_OMISSION
q-subj-telugu-p17c-097228,tsbie-bieap,tsbie-bieap,NULL,science,subj-telugu,en,none,ver-tsbie-bieap-2026,HUMAN_CURATED,single_mcq,0,HUMAN_CURATED,PHASE_17,ACTIVE,BOARD_MAPPING_OMISSION
q-subj-telugu-p17c-097229,tsbie-bieap,tsbie-bieap,NULL,science,subj-telugu,en,none,ver-tsbie-bieap-2026,HUMAN_CURATED,short_answer,0,HUMAN_CURATED,PHASE_17,ACTIVE,BOARD_MAPPING_OMISSION
q-subj-telugu-p17c-097230,tsbie-bieap,tsbie-bieap,NULL,science,subj-telugu,en,none,ver-tsbie-bieap-2026,HUMAN_CURATED,single_mcq,0,HUMAN_CURATED,PHASE_17,ACTIVE,BOARD_MAPPING_OMISSION
q-subj-telugu-p17c-097231,tsbie-bieap,tsbie-bieap,NULL,science,subj-telugu,en,none,ver-tsbie-bieap-2026,HUMAN_CURATED,short_answer,0,HUMAN_CURATED,PHASE_17,ACTIVE,BOARD_MAPPING_OMISSION
q-subj-telugu-p17c-097232,tsbie-bieap,tsbie-bieap,NULL,science,subj-telugu,en,none,ver-tsbie-bieap-2026,HUMAN_CURATED,single_mcq,0,HUMAN_CURATED,PHASE_17,ACTIVE,BOARD_MAPPING_OMISSION
q-subj-telugu-p17c-097233,tsbie-bieap,tsbie-bieap,NULL,science,subj-telugu,en,none,ver-tsbie-bieap-2026,HUMAN_CURATED,short_answer,0,HUMAN_CURATED,PHASE_17,ACTIVE,BOARD_MAPPING_OMISSION
q-subj-telugu-p17c-097234,tsbie-bieap,tsbie-bieap,NULL,science,subj-telugu,en,none,ver-tsbie-bieap-2026,HUMAN_CURATED,single_mcq,0,HUMAN_CURATED,PHASE_17,ACTIVE,BOARD_MAPPING_OMISSION
q-subj-telugu-p17c-097235,tsbie-bieap,tsbie-bieap,NULL,science,subj-telugu,en,none,ver-tsbie-bieap-2026,HUMAN_CURATED,short_answer,0,HUMAN_CURATED,PHASE_17,ACTIVE,BOARD_MAPPING_OMISSION
q-subj-telugu-p17c-097236,tsbie-bieap,tsbie-bieap,NULL,science,subj-telugu,en,none,ver-tsbie-bieap-2026,HUMAN_CURATED,single_mcq,0,HUMAN_CURATED,PHASE_17,ACTIVE,BOARD_MAPPING_OMISSION
q-subj-telugu-p17c-097237,tsbie-bieap,tsbie-bieap,NULL,science,subj-telugu,en,none,ver-tsbie-bieap-2026,HUMAN_CURATED,short_answer,0,HUMAN_CURATED,PHASE_17,ACTIVE,BOARD_MAPPING_OMISSION
q-subj-telugu-p17c-097238,tsbie-bieap,tsbie-bieap,NULL,science,subj-telugu,en,none,ver-tsbie-bieap-2026,HUMAN_CURATED,single_mcq,0,HUMAN_CURATED,PHASE_17,ACTIVE,BOARD_MAPPING_OMISSION
q-subj-telugu-p17c-097239,tsbie-bieap,tsbie-bieap,NULL,science,subj-telugu,en,none,ver-tsbie-bieap-2026,HUMAN_CURATED,short_answer,0,HUMAN_CURATED,PHASE_17,ACTIVE,BOARD_MAPPING_OMISSION
q-subj-telugu-p17c-097240,tsbie-bieap,tsbie-bieap,NULL,science,subj-telugu,en,none,ver-tsbie-bieap-2026,HUMAN_CURATED,single_mcq,0,HUMAN_CURATED,PHASE_17,ACTIVE,BOARD_MAPPING_OMISSION
q-subj-telugu-p17c-097241,tsbie-bieap,tsbie-bieap,NULL,science,subj-telugu,en,none,ver-tsbie-bieap-2026,HUMAN_CURATED,short_answer,0,HUMAN_CURATED,PHASE_17,ACTIVE,BOARD_MAPPING_OMISSION
q-subj-telugu-p17c-097242,tsbie-bieap,tsbie-bieap,NULL,science,subj-telugu,en,none,ver-tsbie-bieap-2026,HUMAN_CURATED,single_mcq,0,HUMAN_CURATED,PHASE_17,ACTIVE,BOARD_MAPPING_OMISSION
q-subj-telugu-p17c-097243,tsbie-bieap,tsbie-bieap,NULL,science,subj-telugu,en,none,ver-tsbie-bieap-2026,HUMAN_CURATED,short_answer,0,HUMAN_CURATED,PHASE_17,ACTIVE,BOARD_MAPPING_OMISSION
q-subj-telugu-p17c-097244,tsbie-bieap,tsbie-bieap,NULL,science,subj-telugu,en,none,ver-tsbie-bieap-2026,HUMAN_CURATED,single_mcq,0,HUMAN_CURATED,PHASE_17,ACTIVE,BOARD_MAPPING_OMISSION
q-subj-telugu-p17c-097245,tsbie-bieap,tsbie-bieap,NULL,science,subj-telugu,en,none,ver-tsbie-bieap-2026,HUMAN_CURATED,short_answer,0,HUMAN_CURATED,PHASE_17,ACTIVE,BOARD_MAPPING_OMISSION
q-subj-telugu-p17c-097246,tsbie-bieap,tsbie-bieap,NULL,science,subj-telugu,en,none,ver-tsbie-bieap-2026,HUMAN_CURATED,single_mcq,0,HUMAN_CURATED,PHASE_17,ACTIVE,BOARD_MAPPING_OMISSION
q-subj-telugu-p17c-097247,tsbie-bieap,tsbie-bieap,NULL,science,subj-telugu,en,none,ver-tsbie-bieap-2026,HUMAN_CURATED,short_answer,0,HUMAN_CURATED,PHASE_17,ACTIVE,BOARD_MAPPING_OMISSION
q-subj-telugu-p17c-097248,tsbie-bieap,tsbie-bieap,NULL,science,subj-telugu,en,none,ver-tsbie-bieap-2026,HUMAN_CURATED,single_mcq,0,HUMAN_CURATED,PHASE_17,ACTIVE,BOARD_MAPPING_OMISSION
q-subj-telugu-p17c-097249,tsbie-bieap,tsbie-bieap,NULL,science,subj-telugu,en,none,ver-tsbie-bieap-2026,HUMAN_CURATED,short_answer,0,HUMAN_CURATED,PHASE_17,ACTIVE,BOARD_MAPPING_OMISSION
q-subj-telugu-p17c-097250,tsbie-bieap,tsbie-bieap,NULL,science,subj-telugu,en,none,ver-tsbie-bieap-2026,HUMAN_CURATED,single_mcq,0,HUMAN_CURATED,PHASE_17,ACTIVE,BOARD_MAPPING_OMISSION
q-subj-telugu-p17c-097251,tsbie-bieap,tsbie-bieap,NULL,science,subj-telugu,en,none,ver-tsbie-bieap-2026,HUMAN_CURATED,short_answer,0,HUMAN_CURATED,PHASE_17,ACTIVE,BOARD_MAPPING_OMISSION
q-subj-telugu-p17c-097252,tsbie-bieap,tsbie-bieap,NULL,science,subj-telugu,en,none,ver-tsbie-bieap-2026,HUMAN_CURATED,single_mcq,0,HUMAN_CURATED,PHASE_17,ACTIVE,BOARD_MAPPING_OMISSION
q-subj-telugu-p17c-097253,tsbie-bieap,tsbie-bieap,NULL,science,subj-telugu,en,none,ver-tsbie-bieap-2026,HUMAN_CURATED,short_answer,0,HUMAN_CURATED,PHASE_17,ACTIVE,BOARD_MAPPING_OMISSION
q-subj-telugu-p17c-097254,tsbie-bieap,tsbie-bieap,NULL,science,subj-telugu,en,none,ver-tsbie-bieap-2026,HUMAN_CURATED,single_mcq,0,HUMAN_CURATED,PHASE_17,ACTIVE,BOARD_MAPPING_OMISSION
q-subj-telugu-p17c-097255,tsbie-bieap,tsbie-bieap,NULL,science,subj-telugu,en,none,ver-tsbie-bieap-2026,HUMAN_CURATED,short_answer,0,HUMAN_CURATED,PHASE_17,ACTIVE,BOARD_MAPPING_OMISSION
q-subj-telugu-p17c-097256,tsbie-bieap,tsbie-bieap,NULL,science,subj-telugu,en,none,ver-tsbie-bieap-2026,HUMAN_CURATED,single_mcq,0,HUMAN_CURATED,PHASE_17,ACTIVE,BOARD_MAPPING_OMISSION
q-subj-telugu-p17c-097257,tsbie-bieap,tsbie-bieap,NULL,science,subj-telugu,en,none,ver-tsbie-bieap-2026,HUMAN_CURATED,short_answer,0,HUMAN_CURATED,PHASE_17,ACTIVE,BOARD_MAPPING_OMISSION
q-subj-telugu-p17c-097258,tsbie-bieap,tsbie-bieap,NULL,science,subj-telugu,en,none,ver-tsbie-bieap-2026,HUMAN_CURATED,single_mcq,0,HUMAN_CURATED,PHASE_17,ACTIVE,BOARD_MAPPING_OMISSION
q-subj-telugu-p17c-097259,tsbie-bieap,tsbie-bieap,NULL,science,subj-telugu,en,none,ver-tsbie-bieap-2026,HUMAN_CURATED,short_answer,0,HUMAN_CURATED,PHASE_17,ACTIVE,BOARD_MAPPING_OMISSION
q-subj-telugu-p17c-097260,tsbie-bieap,tsbie-bieap,NULL,science,subj-telugu,en,none,ver-tsbie-bieap-2026,HUMAN_CURATED,single_mcq,0,HUMAN_CURATED,PHASE_17,ACTIVE,BOARD_MAPPING_OMISSION
q-subj-telugu-p17c-097261,tsbie-bieap,tsbie-bieap,NULL,science,subj-telugu,en,none,ver-tsbie-bieap-2026,HUMAN_CURATED,short_answer,0,HUMAN_CURATED,PHASE_17,ACTIVE,BOARD_MAPPING_OMISSION
q-subj-telugu-p17c-097262,tsbie-bieap,tsbie-bieap,NULL,science,subj-telugu,en,none,ver-tsbie-bieap-2026,HUMAN_CURATED,single_mcq,0,HUMAN_CURATED,PHASE_17,ACTIVE,BOARD_MAPPING_OMISSION
q-subj-telugu-p17c-097263,tsbie-bieap,tsbie-bieap,NULL,science,subj-telugu,en,none,ver-tsbie-bieap-2026,HUMAN_CURATED,short_answer,0,HUMAN_CURATED,PHASE_17,ACTIVE,BOARD_MAPPING_OMISSION
q-subj-telugu-p17c-097264,tsbie-bieap,tsbie-bieap,NULL,science,subj-telugu,en,none,ver-tsbie-bieap-2026,HUMAN_CURATED,single_mcq,0,HUMAN_CURATED,PHASE_17,ACTIVE,BOARD_MAPPING_OMISSION
q-subj-telugu-p17c-097265,tsbie-bieap,tsbie-bieap,NULL,science,subj-telugu,en,none,ver-tsbie-bieap-2026,HUMAN_CURATED,short_answer,0,HUMAN_CURATED,PHASE_17,ACTIVE,BOARD_MAPPING_OMISSION
q-subj-telugu-p17c-097266,tsbie-bieap,tsbie-bieap,NULL,science,subj-telugu,en,none,ver-tsbie-bieap-2026,HUMAN_CURATED,single_mcq,0,HUMAN_CURATED,PHASE_17,ACTIVE,BOARD_MAPPING_OMISSION
q-subj-telugu-p17c-097267,tsbie-bieap,tsbie-bieap,NULL,science,subj-telugu,en,none,ver-tsbie-bieap-2026,HUMAN_CURATED,short_answer,0,HUMAN_CURATED,PHASE_17,ACTIVE,BOARD_MAPPING_OMISSION
q-subj-telugu-p17c-097268,tsbie-bieap,tsbie-bieap,NULL,science,subj-telugu,en,none,ver-tsbie-bieap-2026,HUMAN_CURATED,single_mcq,0,HUMAN_CURATED,PHASE_17,ACTIVE,BOARD_MAPPING_OMISSION
q-subj-telugu-p17c-097269,tsbie-bieap,tsbie-bieap,NULL,science,subj-telugu,en,none,ver-tsbie-bieap-2026,HUMAN_CURATED,short_answer,0,HUMAN_CURATED,PHASE_17,ACTIVE,BOARD_MAPPING_OMISSION
q-subj-telugu-p17c-097270,tsbie-bieap,tsbie-bieap,NULL,science,subj-telugu,en,none,ver-tsbie-bieap-2026,HUMAN_CURATED,single_mcq,0,HUMAN_CURATED,PHASE_17,ACTIVE,BOARD_MAPPING_OMISSION
q-subj-telugu-p17c-097271,tsbie-bieap,tsbie-bieap,NULL,science,subj-telugu,en,none,ver-tsbie-bieap-2026,HUMAN_CURATED,short_answer,0,HUMAN_CURATED,PHASE_17,ACTIVE,BOARD_MAPPING_OMISSION
q-subj-telugu-p17c-097272,tsbie-bieap,tsbie-bieap,NULL,science,subj-telugu,en,none,ver-tsbie-bieap-2026,HUMAN_CURATED,single_mcq,0,HUMAN_CURATED,PHASE_17,ACTIVE,BOARD_MAPPING_OMISSION
q-subj-telugu-p17c-097273,tsbie-bieap,tsbie-bieap,NULL,science,subj-telugu,en,none,ver-tsbie-bieap-2026,HUMAN_CURATED,short_answer,0,HUMAN_CURATED,PHASE_17,ACTIVE,BOARD_MAPPING_OMISSION
q-subj-telugu-p17c-097274,tsbie-bieap,tsbie-bieap,NULL,science,subj-telugu,en,none,ver-tsbie-bieap-2026,HUMAN_CURATED,single_mcq,0,HUMAN_CURATED,PHASE_17,ACTIVE,BOARD_MAPPING_OMISSION
q-subj-telugu-p17c-097275,tsbie-bieap,tsbie-bieap,NULL,science,subj-telugu,en,none,ver-tsbie-bieap-2026,HUMAN_CURATED,short_answer,0,HUMAN_CURATED,PHASE_17,ACTIVE,BOARD_MAPPING_OMISSION
q-subj-telugu-p17c-097276,tsbie-bieap,tsbie-bieap,NULL,science,subj-telugu,en,none,ver-tsbie-bieap-2026,HUMAN_CURATED,single_mcq,0,HUMAN_CURATED,PHASE_17,ACTIVE,BOARD_MAPPING_OMISSION
q-subj-telugu-p17c-097277,tsbie-bieap,tsbie-bieap,NULL,science,subj-telugu,en,none,ver-tsbie-bieap-2026,HUMAN_CURATED,short_answer,0,HUMAN_CURATED,PHASE_17,ACTIVE,BOARD_MAPPING_OMISSION
q-subj-telugu-p17c-097278,tsbie-bieap,tsbie-bieap,NULL,science,subj-telugu,en,none,ver-tsbie-bieap-2026,HUMAN_CURATED,single_mcq,0,HUMAN_CURATED,PHASE_17,ACTIVE,BOARD_MAPPING_OMISSION
q-subj-telugu-p17c-097279,tsbie-bieap,tsbie-bieap,NULL,science,subj-telugu,en,none,ver-tsbie-bieap-2026,HUMAN_CURATED,short_answer,0,HUMAN_CURATED,PHASE_17,ACTIVE,BOARD_MAPPING_OMISSION
q-subj-telugu-p17c-097280,tsbie-bieap,tsbie-bieap,NULL,science,subj-telugu,en,none,ver-tsbie-bieap-2026,HUMAN_CURATED,single_mcq,0,HUMAN_CURATED,PHASE_17,ACTIVE,BOARD_MAPPING_OMISSION
q-subj-telugu-p17c-097281,tsbie-bieap,tsbie-bieap,NULL,science,subj-telugu,en,none,ver-tsbie-bieap-2026,HUMAN_CURATED,short_answer,0,HUMAN_CURATED,PHASE_17,ACTIVE,BOARD_MAPPING_OMISSION
q-subj-telugu-p17c-097282,tsbie-bieap,tsbie-bieap,NULL,science,subj-telugu,en,none,ver-tsbie-bieap-2026,HUMAN_CURATED,single_mcq,0,HUMAN_CURATED,PHASE_17,ACTIVE,BOARD_MAPPING_OMISSION
q-subj-telugu-p17c-097283,tsbie-bieap,tsbie-bieap,NULL,science,subj-telugu,en,none,ver-tsbie-bieap-2026,HUMAN_CURATED,short_answer,0,HUMAN_CURATED,PHASE_17,ACTIVE,BOARD_MAPPING_OMISSION
q-subj-telugu-p17c-097284,tsbie-bieap,tsbie-bieap,NULL,science,subj-telugu,en,none,ver-tsbie-bieap-2026,HUMAN_CURATED,single_mcq,0,HUMAN_CURATED,PHASE_17,ACTIVE,BOARD_MAPPING_OMISSION
q-subj-telugu-p17c-097285,tsbie-bieap,tsbie-bieap,NULL,science,subj-telugu,en,none,ver-tsbie-bieap-2026,HUMAN_CURATED,short_answer,0,HUMAN_CURATED,PHASE_17,ACTIVE,BOARD_MAPPING_OMISSION
q-subj-telugu-p17c-097286,tsbie-bieap,tsbie-bieap,NULL,science,subj-telugu,en,none,ver-tsbie-bieap-2026,HUMAN_CURATED,single_mcq,0,HUMAN_CURATED,PHASE_17,ACTIVE,BOARD_MAPPING_OMISSION
q-subj-telugu-p17c-097287,tsbie-bieap,tsbie-bieap,NULL,science,subj-telugu,en,none,ver-tsbie-bieap-2026,HUMAN_CURATED,short_answer,0,HUMAN_CURATED,PHASE_17,ACTIVE,BOARD_MAPPING_OMISSION
q-subj-telugu-p17c-097288,tsbie-bieap,tsbie-bieap,NULL,science,subj-telugu,en,none,ver-tsbie-bieap-2026,HUMAN_CURATED,single_mcq,0,HUMAN_CURATED,PHASE_17,ACTIVE,BOARD_MAPPING_OMISSION
q-subj-telugu-p17c-097289,tsbie-bieap,tsbie-bieap,NULL,science,subj-telugu,en,none,ver-tsbie-bieap-2026,HUMAN_CURATED,short_answer,0,HUMAN_CURATED,PHASE_17,ACTIVE,BOARD_MAPPING_OMISSION
q-subj-telugu-p17c-097290,tsbie-bieap,tsbie-bieap,NULL,science,subj-telugu,en,none,ver-tsbie-bieap-2026,HUMAN_CURATED,single_mcq,0,HUMAN_CURATED,PHASE_17,ACTIVE,BOARD_MAPPING_OMISSION
q-subj-telugu-p17c-097291,tsbie-bieap,tsbie-bieap,NULL,science,subj-telugu,en,none,ver-tsbie-bieap-2026,HUMAN_CURATED,short_answer,0,HUMAN_CURATED,PHASE_17,ACTIVE,BOARD_MAPPING_OMISSION
q-subj-telugu-p17c-097292,tsbie-bieap,tsbie-bieap,NULL,science,subj-telugu,en,none,ver-tsbie-bieap-2026,HUMAN_CURATED,single_mcq,0,HUMAN_CURATED,PHASE_17,ACTIVE,BOARD_MAPPING_OMISSION
q-subj-telugu-p17c-097293,tsbie-bieap,tsbie-bieap,NULL,science,subj-telugu,en,none,ver-tsbie-bieap-2026,HUMAN_CURATED,short_answer,0,HUMAN_CURATED,PHASE_17,ACTIVE,BOARD_MAPPING_OMISSION
q-subj-telugu-p17c-097294,tsbie-bieap,tsbie-bieap,NULL,science,subj-telugu,en,none,ver-tsbie-bieap-2026,HUMAN_CURATED,single_mcq,0,HUMAN_CURATED,PHASE_17,ACTIVE,BOARD_MAPPING_OMISSION
q-subj-telugu-p17c-097295,tsbie-bieap,tsbie-bieap,NULL,science,subj-telugu,en,none,ver-tsbie-bieap-2026,HUMAN_CURATED,short_answer,0,HUMAN_CURATED,PHASE_17,ACTIVE,BOARD_MAPPING_OMISSION
q-subj-telugu-p17c-097296,tsbie-bieap,tsbie-bieap,NULL,science,subj-telugu,en,none,ver-tsbie-bieap-2026,HUMAN_CURATED,single_mcq,0,HUMAN_CURATED,PHASE_17,ACTIVE,BOARD_MAPPING_OMISSION
q-subj-telugu-p17c-097297,tsbie-bieap,tsbie-bieap,NULL,science,subj-telugu,en,none,ver-tsbie-bieap-2026,HUMAN_CURATED,short_answer,0,HUMAN_CURATED,PHASE_17,ACTIVE,BOARD_MAPPING_OMISSION
q-subj-telugu-p17c-097298,tsbie-bieap,tsbie-bieap,NULL,science,subj-telugu,en,none,ver-tsbie-bieap-2026,HUMAN_CURATED,single_mcq,0,HUMAN_CURATED,PHASE_17,ACTIVE,BOARD_MAPPING_OMISSION
q-subj-telugu-p17c-097299,tsbie-bieap,tsbie-bieap,NULL,science,subj-telugu,en,none,ver-tsbie-bieap-2026,HUMAN_CURATED,short_answer,0,HUMAN_CURATED,PHASE_17,ACTIVE,BOARD_MAPPING_OMISSION
q-subj-telugu-p17c-097300,tsbie-bieap,tsbie-bieap,NULL,science,subj-telugu,en,none,ver-tsbie-bieap-2026,HUMAN_CURATED,single_mcq,0,HUMAN_CURATED,PHASE_17,ACTIVE,BOARD_MAPPING_OMISSION
q-subj-telugu-p17c-097301,tsbie-bieap,tsbie-bieap,NULL,science,subj-telugu,en,none,ver-tsbie-bieap-2026,HUMAN_CURATED,short_answer,0,HUMAN_CURATED,PHASE_17,ACTIVE,BOARD_MAPPING_OMISSION
q-subj-telugu-p17c-097302,tsbie-bieap,tsbie-bieap,NULL,science,subj-telugu,en,none,ver-tsbie-bieap-2026,HUMAN_CURATED,single_mcq,0,HUMAN_CURATED,PHASE_17,ACTIVE,BOARD_MAPPING_OMISSION
q-subj-telugu-p17c-097303,tsbie-bieap,tsbie-bieap,NULL,science,subj-telugu,en,none,ver-tsbie-bieap-2026,HUMAN_CURATED,short_answer,0,HUMAN_CURATED,PHASE_17,ACTIVE,BOARD_MAPPING_OMISSION
q-subj-telugu-p17c-097304,tsbie-bieap,tsbie-bieap,NULL,science,subj-telugu,en,none,ver-tsbie-bieap-2026,HUMAN_CURATED,single_mcq,0,HUMAN_CURATED,PHASE_17,ACTIVE,BOARD_MAPPING_OMISSION
q-subj-telugu-p17c-097305,tsbie-bieap,tsbie-bieap,NULL,science,subj-telugu,en,none,ver-tsbie-bieap-2026,HUMAN_CURATED,short_answer,0,HUMAN_CURATED,PHASE_17,ACTIVE,BOARD_MAPPING_OMISSION
q-subj-telugu-p17c-097306,tsbie-bieap,tsbie-bieap,NULL,science,subj-telugu,en,none,ver-tsbie-bieap-2026,HUMAN_CURATED,single_mcq,0,HUMAN_CURATED,PHASE_17,ACTIVE,BOARD_MAPPING_OMISSION
q-subj-telugu-p17c-097307,tsbie-bieap,tsbie-bieap,NULL,science,subj-telugu,en,none,ver-tsbie-bieap-2026,HUMAN_CURATED,short_answer,0,HUMAN_CURATED,PHASE_17,ACTIVE,BOARD_MAPPING_OMISSION
q-subj-telugu-p17c-097308,tsbie-bieap,tsbie-bieap,NULL,science,subj-telugu,en,none,ver-tsbie-bieap-2026,HUMAN_CURATED,single_mcq,0,HUMAN_CURATED,PHASE_17,ACTIVE,BOARD_MAPPING_OMISSION
q-subj-telugu-p17c-097309,tsbie-bieap,tsbie-bieap,NULL,science,subj-telugu,en,none,ver-tsbie-bieap-2026,HUMAN_CURATED,short_answer,0,HUMAN_CURATED,PHASE_17,ACTIVE,BOARD_MAPPING_OMISSION
q-subj-telugu-p17c-097310,tsbie-bieap,tsbie-bieap,NULL,science,subj-telugu,en,none,ver-tsbie-bieap-2026,HUMAN_CURATED,single_mcq,0,HUMAN_CURATED,PHASE_17,ACTIVE,BOARD_MAPPING_OMISSION
q-subj-telugu-p17c-097311,tsbie-bieap,tsbie-bieap,NULL,science,subj-telugu,en,none,ver-tsbie-bieap-2026,HUMAN_CURATED,short_answer,0,HUMAN_CURATED,PHASE_17,ACTIVE,BOARD_MAPPING_OMISSION
q-subj-telugu-p17c-097312,tsbie-bieap,tsbie-bieap,NULL,science,subj-telugu,en,none,ver-tsbie-bieap-2026,HUMAN_CURATED,single_mcq,0,HUMAN_CURATED,PHASE_17,ACTIVE,BOARD_MAPPING_OMISSION
q-subj-telugu-p17c-097313,tsbie-bieap,tsbie-bieap,NULL,science,subj-telugu,en,none,ver-tsbie-bieap-2026,HUMAN_CURATED,short_answer,0,HUMAN_CURATED,PHASE_17,ACTIVE,BOARD_MAPPING_OMISSION
q-subj-telugu-p17c-097314,tsbie-bieap,tsbie-bieap,NULL,science,subj-telugu,en,none,ver-tsbie-bieap-2026,HUMAN_CURATED,single_mcq,0,HUMAN_CURATED,PHASE_17,ACTIVE,BOARD_MAPPING_OMISSION
q-subj-telugu-p17c-097315,tsbie-bieap,tsbie-bieap,NULL,science,subj-telugu,en,none,ver-tsbie-bieap-2026,HUMAN_CURATED,short_answer,0,HUMAN_CURATED,PHASE_17,ACTIVE,BOARD_MAPPING_OMISSION
q-subj-telugu-p17c-097316,tsbie-bieap,tsbie-bieap,NULL,science,subj-telugu,en,none,ver-tsbie-bieap-2026,HUMAN_CURATED,single_mcq,0,HUMAN_CURATED,PHASE_17,ACTIVE,BOARD_MAPPING_OMISSION
q-subj-telugu-p17c-097317,tsbie-bieap,tsbie-bieap,NULL,science,subj-telugu,en,none,ver-tsbie-bieap-2026,HUMAN_CURATED,short_answer,0,HUMAN_CURATED,PHASE_17,ACTIVE,BOARD_MAPPING_OMISSION
q-subj-telugu-p17c-097318,tsbie-bieap,tsbie-bieap,NULL,science,subj-telugu,en,none,ver-tsbie-bieap-2026,HUMAN_CURATED,single_mcq,0,HUMAN_CURATED,PHASE_17,ACTIVE,BOARD_MAPPING_OMISSION
q-subj-telugu-p17c-097319,tsbie-bieap,tsbie-bieap,NULL,science,subj-telugu,en,none,ver-tsbie-bieap-2026,HUMAN_CURATED,short_answer,0,HUMAN_CURATED,PHASE_17,ACTIVE,BOARD_MAPPING_OMISSION
q-subj-telugu-p17c-097320,tsbie-bieap,tsbie-bieap,NULL,science,subj-telugu,en,none,ver-tsbie-bieap-2026,HUMAN_CURATED,single_mcq,0,HUMAN_CURATED,PHASE_17,ACTIVE,BOARD_MAPPING_OMISSION
q-subj-telugu-p17c-097321,tsbie-bieap,tsbie-bieap,NULL,science,subj-telugu,en,none,ver-tsbie-bieap-2026,HUMAN_CURATED,short_answer,0,HUMAN_CURATED,PHASE_17,ACTIVE,BOARD_MAPPING_OMISSION
q-subj-telugu-p17c-097322,tsbie-bieap,tsbie-bieap,NULL,science,subj-telugu,en,none,ver-tsbie-bieap-2026,HUMAN_CURATED,single_mcq,0,HUMAN_CURATED,PHASE_17,ACTIVE,BOARD_MAPPING_OMISSION
q-subj-telugu-p17c-097323,tsbie-bieap,tsbie-bieap,NULL,science,subj-telugu,en,none,ver-tsbie-bieap-2026,HUMAN_CURATED,short_answer,0,HUMAN_CURATED,PHASE_17,ACTIVE,BOARD_MAPPING_OMISSION
q-subj-telugu-p17c-097324,tsbie-bieap,tsbie-bieap,NULL,science,subj-telugu,en,none,ver-tsbie-bieap-2026,HUMAN_CURATED,single_mcq,0,HUMAN_CURATED,PHASE_17,ACTIVE,BOARD_MAPPING_OMISSION
q-subj-telugu-p17c-097325,tsbie-bieap,tsbie-bieap,NULL,science,subj-telugu,en,none,ver-tsbie-bieap-2026,HUMAN_CURATED,short_answer,0,HUMAN_CURATED,PHASE_17,ACTIVE,BOARD_MAPPING_OMISSION
q-subj-telugu-p17c-097326,tsbie-bieap,tsbie-bieap,NULL,science,subj-telugu,en,none,ver-tsbie-bieap-2026,HUMAN_CURATED,single_mcq,0,HUMAN_CURATED,PHASE_17,ACTIVE,BOARD_MAPPING_OMISSION
q-subj-telugu-p17c-097327,tsbie-bieap,tsbie-bieap,NULL,science,subj-telugu,en,none,ver-tsbie-bieap-2026,HUMAN_CURATED,short_answer,0,HUMAN_CURATED,PHASE_17,ACTIVE,BOARD_MAPPING_OMISSION
q-subj-telugu-p17c-097328,tsbie-bieap,tsbie-bieap,NULL,science,subj-telugu,en,none,ver-tsbie-bieap-2026,HUMAN_CURATED,single_mcq,0,HUMAN_CURATED,PHASE_17,ACTIVE,BOARD_MAPPING_OMISSION
q-subj-telugu-p17c-097329,tsbie-bieap,tsbie-bieap,NULL,science,subj-telugu,en,none,ver-tsbie-bieap-2026,HUMAN_CURATED,short_answer,0,HUMAN_CURATED,PHASE_17,ACTIVE,BOARD_MAPPING_OMISSION
q-subj-telugu-p17c-097330,tsbie-bieap,tsbie-bieap,NULL,science,subj-telugu,en,none,ver-tsbie-bieap-2026,HUMAN_CURATED,single_mcq,0,HUMAN_CURATED,PHASE_17,ACTIVE,BOARD_MAPPING_OMISSION
q-subj-telugu-p17c-097331,tsbie-bieap,tsbie-bieap,NULL,science,subj-telugu,en,none,ver-tsbie-bieap-2026,HUMAN_CURATED,short_answer,0,HUMAN_CURATED,PHASE_17,ACTIVE,BOARD_MAPPING_OMISSION
q-subj-telugu-p17c-097332,tsbie-bieap,tsbie-bieap,NULL,science,subj-telugu,en,none,ver-tsbie-bieap-2026,HUMAN_CURATED,single_mcq,0,HUMAN_CURATED,PHASE_17,ACTIVE,BOARD_MAPPING_OMISSION
q-subj-telugu-p17c-097333,tsbie-bieap,tsbie-bieap,NULL,science,subj-telugu,en,none,ver-tsbie-bieap-2026,HUMAN_CURATED,short_answer,0,HUMAN_CURATED,PHASE_17,ACTIVE,BOARD_MAPPING_OMISSION
q-subj-telugu-p17c-097334,tsbie-bieap,tsbie-bieap,NULL,science,subj-telugu,en,none,ver-tsbie-bieap-2026,HUMAN_CURATED,single_mcq,0,HUMAN_CURATED,PHASE_17,ACTIVE,BOARD_MAPPING_OMISSION
q-subj-telugu-p17c-097335,tsbie-bieap,tsbie-bieap,NULL,science,subj-telugu,en,none,ver-tsbie-bieap-2026,HUMAN_CURATED,short_answer,0,HUMAN_CURATED,PHASE_17,ACTIVE,BOARD_MAPPING_OMISSION
q-subj-telugu-p17c-097336,tsbie-bieap,tsbie-bieap,NULL,science,subj-telugu,en,none,ver-tsbie-bieap-2026,HUMAN_CURATED,single_mcq,0,HUMAN_CURATED,PHASE_17,ACTIVE,BOARD_MAPPING_OMISSION
q-subj-telugu-p17c-097337,tsbie-bieap,tsbie-bieap,NULL,science,subj-telugu,en,none,ver-tsbie-bieap-2026,HUMAN_CURATED,short_answer,0,HUMAN_CURATED,PHASE_17,ACTIVE,BOARD_MAPPING_OMISSION
q-subj-telugu-p17c-097338,tsbie-bieap,tsbie-bieap,NULL,science,subj-telugu,en,none,ver-tsbie-bieap-2026,HUMAN_CURATED,single_mcq,0,HUMAN_CURATED,PHASE_17,ACTIVE,BOARD_MAPPING_OMISSION
q-subj-telugu-p17c-097339,tsbie-bieap,tsbie-bieap,NULL,science,subj-telugu,en,none,ver-tsbie-bieap-2026,HUMAN_CURATED,short_answer,0,HUMAN_CURATED,PHASE_17,ACTIVE,BOARD_MAPPING_OMISSION
q-subj-telugu-p17c-097340,tsbie-bieap,tsbie-bieap,NULL,science,subj-telugu,en,none,ver-tsbie-bieap-2026,HUMAN_CURATED,single_mcq,0,HUMAN_CURATED,PHASE_17,ACTIVE,BOARD_MAPPING_OMISSION
q-subj-telugu-p17c-097341,tsbie-bieap,tsbie-bieap,NULL,science,subj-telugu,en,none,ver-tsbie-bieap-2026,HUMAN_CURATED,short_answer,0,HUMAN_CURATED,PHASE_17,ACTIVE,BOARD_MAPPING_OMISSION
q-subj-telugu-p17c-097342,tsbie-bieap,tsbie-bieap,NULL,science,subj-telugu,en,none,ver-tsbie-bieap-2026,HUMAN_CURATED,single_mcq,0,HUMAN_CURATED,PHASE_17,ACTIVE,BOARD_MAPPING_OMISSION
q-subj-telugu-p17c-097343,tsbie-bieap,tsbie-bieap,NULL,science,subj-telugu,en,none,ver-tsbie-bieap-2026,HUMAN_CURATED,short_answer,0,HUMAN_CURATED,PHASE_17,ACTIVE,BOARD_MAPPING_OMISSION
q-subj-telugu-p17c-097344,tsbie-bieap,tsbie-bieap,NULL,science,subj-telugu,en,none,ver-tsbie-bieap-2026,HUMAN_CURATED,single_mcq,0,HUMAN_CURATED,PHASE_17,ACTIVE,BOARD_MAPPING_OMISSION
q-subj-telugu-p17c-097345,tsbie-bieap,tsbie-bieap,NULL,science,subj-telugu,en,none,ver-tsbie-bieap-2026,HUMAN_CURATED,short_answer,0,HUMAN_CURATED,PHASE_17,ACTIVE,BOARD_MAPPING_OMISSION
q-subj-telugu-p17c-097346,tsbie-bieap,tsbie-bieap,NULL,science,subj-telugu,en,none,ver-tsbie-bieap-2026,HUMAN_CURATED,single_mcq,0,HUMAN_CURATED,PHASE_17,ACTIVE,BOARD_MAPPING_OMISSION
q-subj-telugu-p17c-097347,tsbie-bieap,tsbie-bieap,NULL,science,subj-telugu,en,none,ver-tsbie-bieap-2026,HUMAN_CURATED,short_answer,0,HUMAN_CURATED,PHASE_17,ACTIVE,BOARD_MAPPING_OMISSION
q-subj-telugu-p17c-097348,tsbie-bieap,tsbie-bieap,NULL,science,subj-telugu,en,none,ver-tsbie-bieap-2026,HUMAN_CURATED,single_mcq,0,HUMAN_CURATED,PHASE_17,ACTIVE,BOARD_MAPPING_OMISSION
q-subj-telugu-p17c-097349,tsbie-bieap,tsbie-bieap,NULL,science,subj-telugu,en,none,ver-tsbie-bieap-2026,HUMAN_CURATED,short_answer,0,HUMAN_CURATED,PHASE_17,ACTIVE,BOARD_MAPPING_OMISSION
q-subj-telugu-p17c-097350,tsbie-bieap,tsbie-bieap,NULL,science,subj-telugu,en,none,ver-tsbie-bieap-2026,HUMAN_CURATED,single_mcq,0,HUMAN_CURATED,PHASE_17,ACTIVE,BOARD_MAPPING_OMISSION
q-subj-telugu-p17c-097351,tsbie-bieap,tsbie-bieap,NULL,science,subj-telugu,en,none,ver-tsbie-bieap-2026,HUMAN_CURATED,short_answer,0,HUMAN_CURATED,PHASE_17,ACTIVE,BOARD_MAPPING_OMISSION
q-subj-telugu-p17c-097352,tsbie-bieap,tsbie-bieap,NULL,science,subj-telugu,en,none,ver-tsbie-bieap-2026,HUMAN_CURATED,single_mcq,0,HUMAN_CURATED,PHASE_17,ACTIVE,BOARD_MAPPING_OMISSION
q-subj-telugu-p17c-097353,tsbie-bieap,tsbie-bieap,NULL,science,subj-telugu,en,none,ver-tsbie-bieap-2026,HUMAN_CURATED,short_answer,0,HUMAN_CURATED,PHASE_17,ACTIVE,BOARD_MAPPING_OMISSION
q-subj-telugu-p17c-097354,tsbie-bieap,tsbie-bieap,NULL,science,subj-telugu,en,none,ver-tsbie-bieap-2026,HUMAN_CURATED,single_mcq,0,HUMAN_CURATED,PHASE_17,ACTIVE,BOARD_MAPPING_OMISSION
q-subj-telugu-p17c-097355,tsbie-bieap,tsbie-bieap,NULL,science,subj-telugu,en,none,ver-tsbie-bieap-2026,HUMAN_CURATED,short_answer,0,HUMAN_CURATED,PHASE_17,ACTIVE,BOARD_MAPPING_OMISSION
q-subj-telugu-p17c-097356,tsbie-bieap,tsbie-bieap,NULL,science,subj-telugu,en,none,ver-tsbie-bieap-2026,HUMAN_CURATED,single_mcq,0,HUMAN_CURATED,PHASE_17,ACTIVE,BOARD_MAPPING_OMISSION
q-subj-telugu-p17c-097357,tsbie-bieap,tsbie-bieap,NULL,science,subj-telugu,en,none,ver-tsbie-bieap-2026,HUMAN_CURATED,short_answer,0,HUMAN_CURATED,PHASE_17,ACTIVE,BOARD_MAPPING_OMISSION
q-subj-telugu-p17c-097358,tsbie-bieap,tsbie-bieap,NULL,science,subj-telugu,en,none,ver-tsbie-bieap-2026,HUMAN_CURATED,single_mcq,0,HUMAN_CURATED,PHASE_17,ACTIVE,BOARD_MAPPING_OMISSION
q-subj-telugu-p17c-097359,tsbie-bieap,tsbie-bieap,NULL,science,subj-telugu,en,none,ver-tsbie-bieap-2026,HUMAN_CURATED,short_answer,0,HUMAN_CURATED,PHASE_17,ACTIVE,BOARD_MAPPING_OMISSION
q-subj-telugu-p17c-097360,tsbie-bieap,tsbie-bieap,NULL,science,subj-telugu,en,none,ver-tsbie-bieap-2026,HUMAN_CURATED,single_mcq,0,HUMAN_CURATED,PHASE_17,ACTIVE,BOARD_MAPPING_OMISSION
q-subj-telugu-p17c-097361,tsbie-bieap,tsbie-bieap,NULL,science,subj-telugu,en,none,ver-tsbie-bieap-2026,HUMAN_CURATED,short_answer,0,HUMAN_CURATED,PHASE_17,ACTIVE,BOARD_MAPPING_OMISSION
q-subj-telugu-p17c-097362,tsbie-bieap,tsbie-bieap,NULL,science,subj-telugu,en,none,ver-tsbie-bieap-2026,HUMAN_CURATED,single_mcq,0,HUMAN_CURATED,PHASE_17,ACTIVE,BOARD_MAPPING_OMISSION
q-subj-telugu-p17c-097363,tsbie-bieap,tsbie-bieap,NULL,science,subj-telugu,en,none,ver-tsbie-bieap-2026,HUMAN_CURATED,short_answer,0,HUMAN_CURATED,PHASE_17,ACTIVE,BOARD_MAPPING_OMISSION
q-subj-telugu-p17c-097364,tsbie-bieap,tsbie-bieap,NULL,science,subj-telugu,en,none,ver-tsbie-bieap-2026,HUMAN_CURATED,single_mcq,0,HUMAN_CURATED,PHASE_17,ACTIVE,BOARD_MAPPING_OMISSION
q-subj-telugu-p17c-097365,tsbie-bieap,tsbie-bieap,NULL,science,subj-telugu,en,none,ver-tsbie-bieap-2026,HUMAN_CURATED,short_answer,0,HUMAN_CURATED,PHASE_17,ACTIVE,BOARD_MAPPING_OMISSION
q-subj-telugu-p17c-097366,tsbie-bieap,tsbie-bieap,NULL,science,subj-telugu,en,none,ver-tsbie-bieap-2026,HUMAN_CURATED,single_mcq,0,HUMAN_CURATED,PHASE_17,ACTIVE,BOARD_MAPPING_OMISSION
q-subj-telugu-p17c-097367,tsbie-bieap,tsbie-bieap,NULL,science,subj-telugu,en,none,ver-tsbie-bieap-2026,HUMAN_CURATED,short_answer,0,HUMAN_CURATED,PHASE_17,ACTIVE,BOARD_MAPPING_OMISSION
q-subj-telugu-p17c-097368,tsbie-bieap,tsbie-bieap,NULL,science,subj-telugu,en,none,ver-tsbie-bieap-2026,HUMAN_CURATED,single_mcq,0,HUMAN_CURATED,PHASE_17,ACTIVE,BOARD_MAPPING_OMISSION
q-subj-telugu-p17c-097369,tsbie-bieap,tsbie-bieap,NULL,science,subj-telugu,en,none,ver-tsbie-bieap-2026,HUMAN_CURATED,short_answer,0,HUMAN_CURATED,PHASE_17,ACTIVE,BOARD_MAPPING_OMISSION
q-subj-telugu-p17c-097370,tsbie-bieap,tsbie-bieap,NULL,science,subj-telugu,en,none,ver-tsbie-bieap-2026,HUMAN_CURATED,single_mcq,0,HUMAN_CURATED,PHASE_17,ACTIVE,BOARD_MAPPING_OMISSION
q-subj-telugu-p17c-097371,tsbie-bieap,tsbie-bieap,NULL,science,subj-telugu,en,none,ver-tsbie-bieap-2026,HUMAN_CURATED,short_answer,0,HUMAN_CURATED,PHASE_17,ACTIVE,BOARD_MAPPING_OMISSION
q-subj-telugu-p17c-097372,tsbie-bieap,tsbie-bieap,NULL,science,subj-telugu,en,none,ver-tsbie-bieap-2026,HUMAN_CURATED,single_mcq,0,HUMAN_CURATED,PHASE_17,ACTIVE,BOARD_MAPPING_OMISSION
q-subj-telugu-p17c-097373,tsbie-bieap,tsbie-bieap,NULL,science,subj-telugu,en,none,ver-tsbie-bieap-2026,HUMAN_CURATED,short_answer,0,HUMAN_CURATED,PHASE_17,ACTIVE,BOARD_MAPPING_OMISSION
q-subj-telugu-p17c-097374,tsbie-bieap,tsbie-bieap,NULL,science,subj-telugu,en,none,ver-tsbie-bieap-2026,HUMAN_CURATED,single_mcq,0,HUMAN_CURATED,PHASE_17,ACTIVE,BOARD_MAPPING_OMISSION
q-subj-telugu-p17c-097375,tsbie-bieap,tsbie-bieap,NULL,science,subj-telugu,en,none,ver-tsbie-bieap-2026,HUMAN_CURATED,short_answer,0,HUMAN_CURATED,PHASE_17,ACTIVE,BOARD_MAPPING_OMISSION
q-subj-telugu-p17c-097376,tsbie-bieap,tsbie-bieap,NULL,science,subj-telugu,en,none,ver-tsbie-bieap-2026,HUMAN_CURATED,single_mcq,0,HUMAN_CURATED,PHASE_17,ACTIVE,BOARD_MAPPING_OMISSION
q-subj-telugu-p17c-097377,tsbie-bieap,tsbie-bieap,NULL,science,subj-telugu,en,none,ver-tsbie-bieap-2026,HUMAN_CURATED,short_answer,0,HUMAN_CURATED,PHASE_17,ACTIVE,BOARD_MAPPING_OMISSION
q-subj-telugu-p17c-097378,tsbie-bieap,tsbie-bieap,NULL,science,subj-telugu,en,none,ver-tsbie-bieap-2026,HUMAN_CURATED,single_mcq,0,HUMAN_CURATED,PHASE_17,ACTIVE,BOARD_MAPPING_OMISSION
q-subj-telugu-p17c-097379,tsbie-bieap,tsbie-bieap,NULL,science,subj-telugu,en,none,ver-tsbie-bieap-2026,HUMAN_CURATED,short_answer,0,HUMAN_CURATED,PHASE_17,ACTIVE,BOARD_MAPPING_OMISSION
q-subj-telugu-p17c-097380,tsbie-bieap,tsbie-bieap,NULL,science,subj-telugu,en,none,ver-tsbie-bieap-2026,HUMAN_CURATED,single_mcq,0,HUMAN_CURATED,PHASE_17,ACTIVE,BOARD_MAPPING_OMISSION
q-subj-telugu-p17c-097381,tsbie-bieap,tsbie-bieap,NULL,science,subj-telugu,en,none,ver-tsbie-bieap-2026,HUMAN_CURATED,short_answer,0,HUMAN_CURATED,PHASE_17,ACTIVE,BOARD_MAPPING_OMISSION
q-subj-telugu-p17c-097382,tsbie-bieap,tsbie-bieap,NULL,science,subj-telugu,en,none,ver-tsbie-bieap-2026,HUMAN_CURATED,single_mcq,0,HUMAN_CURATED,PHASE_17,ACTIVE,BOARD_MAPPING_OMISSION
q-subj-telugu-p17c-097383,tsbie-bieap,tsbie-bieap,NULL,science,subj-telugu,en,none,ver-tsbie-bieap-2026,HUMAN_CURATED,short_answer,0,HUMAN_CURATED,PHASE_17,ACTIVE,BOARD_MAPPING_OMISSION
q-subj-telugu-p17c-097384,tsbie-bieap,tsbie-bieap,NULL,science,subj-telugu,en,none,ver-tsbie-bieap-2026,HUMAN_CURATED,single_mcq,0,HUMAN_CURATED,PHASE_17,ACTIVE,BOARD_MAPPING_OMISSION
q-subj-telugu-p17c-097385,tsbie-bieap,tsbie-bieap,NULL,science,subj-telugu,en,none,ver-tsbie-bieap-2026,HUMAN_CURATED,short_answer,0,HUMAN_CURATED,PHASE_17,ACTIVE,BOARD_MAPPING_OMISSION
q-subj-telugu-p17c-097386,tsbie-bieap,tsbie-bieap,NULL,science,subj-telugu,en,none,ver-tsbie-bieap-2026,HUMAN_CURATED,single_mcq,0,HUMAN_CURATED,PHASE_17,ACTIVE,BOARD_MAPPING_OMISSION
q-subj-telugu-p17c-097387,tsbie-bieap,tsbie-bieap,NULL,science,subj-telugu,en,none,ver-tsbie-bieap-2026,HUMAN_CURATED,short_answer,0,HUMAN_CURATED,PHASE_17,ACTIVE,BOARD_MAPPING_OMISSION
q-subj-telugu-p17c-097388,tsbie-bieap,tsbie-bieap,NULL,science,subj-telugu,en,none,ver-tsbie-bieap-2026,HUMAN_CURATED,single_mcq,0,HUMAN_CURATED,PHASE_17,ACTIVE,BOARD_MAPPING_OMISSION
q-subj-telugu-p17c-097389,tsbie-bieap,tsbie-bieap,NULL,science,subj-telugu,en,none,ver-tsbie-bieap-2026,HUMAN_CURATED,short_answer,0,HUMAN_CURATED,PHASE_17,ACTIVE,BOARD_MAPPING_OMISSION
q-subj-telugu-p17c-097390,tsbie-bieap,tsbie-bieap,NULL,science,subj-telugu,en,none,ver-tsbie-bieap-2026,HUMAN_CURATED,single_mcq,0,HUMAN_CURATED,PHASE_17,ACTIVE,BOARD_MAPPING_OMISSION
q-subj-telugu-p17c-097391,tsbie-bieap,tsbie-bieap,NULL,science,subj-telugu,en,none,ver-tsbie-bieap-2026,HUMAN_CURATED,short_answer,0,HUMAN_CURATED,PHASE_17,ACTIVE,BOARD_MAPPING_OMISSION
q-subj-telugu-p17c-097392,tsbie-bieap,tsbie-bieap,NULL,science,subj-telugu,en,none,ver-tsbie-bieap-2026,HUMAN_CURATED,single_mcq,0,HUMAN_CURATED,PHASE_17,ACTIVE,BOARD_MAPPING_OMISSION
q-subj-telugu-p17c-097393,tsbie-bieap,tsbie-bieap,NULL,science,subj-telugu,en,none,ver-tsbie-bieap-2026,HUMAN_CURATED,short_answer,0,HUMAN_CURATED,PHASE_17,ACTIVE,BOARD_MAPPING_OMISSION
q-subj-telugu-p17c-097394,tsbie-bieap,tsbie-bieap,NULL,science,subj-telugu,en,none,ver-tsbie-bieap-2026,HUMAN_CURATED,single_mcq,0,HUMAN_CURATED,PHASE_17,ACTIVE,BOARD_MAPPING_OMISSION
q-subj-telugu-p17c-097395,tsbie-bieap,tsbie-bieap,NULL,science,subj-telugu,en,none,ver-tsbie-bieap-2026,HUMAN_CURATED,short_answer,0,HUMAN_CURATED,PHASE_17,ACTIVE,BOARD_MAPPING_OMISSION
q-subj-telugu-p17c-097396,tsbie-bieap,tsbie-bieap,NULL,science,subj-telugu,en,none,ver-tsbie-bieap-2026,HUMAN_CURATED,single_mcq,0,HUMAN_CURATED,PHASE_17,ACTIVE,BOARD_MAPPING_OMISSION
q-subj-telugu-p17c-097397,tsbie-bieap,tsbie-bieap,NULL,science,subj-telugu,en,none,ver-tsbie-bieap-2026,HUMAN_CURATED,short_answer,0,HUMAN_CURATED,PHASE_17,ACTIVE,BOARD_MAPPING_OMISSION
q-subj-telugu-p17c-097398,tsbie-bieap,tsbie-bieap,NULL,science,subj-telugu,en,none,ver-tsbie-bieap-2026,HUMAN_CURATED,single_mcq,0,HUMAN_CURATED,PHASE_17,ACTIVE,BOARD_MAPPING_OMISSION
q-subj-telugu-p17c-097399,tsbie-bieap,tsbie-bieap,NULL,science,subj-telugu,en,none,ver-tsbie-bieap-2026,HUMAN_CURATED,short_answer,0,HUMAN_CURATED,PHASE_17,ACTIVE,BOARD_MAPPING_OMISSION
q-subj-telugu-p17c-097400,tsbie-bieap,tsbie-bieap,NULL,science,subj-telugu,en,none,ver-tsbie-bieap-2026,HUMAN_CURATED,single_mcq,0,HUMAN_CURATED,PHASE_17,ACTIVE,BOARD_MAPPING_OMISSION
q-subj-tamil-p17b-mumdrurq-436,tndge-tamilnadu,tndge-tamilnadu,NULL,general,subj-tamil,ta,paper-tn-sslc-tamil-2024,ver-tndge-tamilnadu-2026,HUMAN_CURATED,short_answer,0,HUMAN_CURATED,PHASE_17,ACTIVE,NULL_STAGE_FIELD
q-subj-tamil-p17b-mumdrurr-441,tndge-tamilnadu,tndge-tamilnadu,NULL,general,subj-tamil,ta,paper-tn-sslc-tamil-2024,ver-tndge-tamilnadu-2026,HUMAN_CURATED,short_answer,0,HUMAN_CURATED,PHASE_17,ACTIVE,NULL_STAGE_FIELD
q-subj-tamil-p17b-mumdrurr-446,tndge-tamilnadu,tndge-tamilnadu,NULL,general,subj-tamil,ta,paper-tn-sslc-tamil-2024,ver-tndge-tamilnadu-2026,HUMAN_CURATED,short_answer,0,HUMAN_CURATED,PHASE_17,ACTIVE,NULL_STAGE_FIELD
q-subj-tamil-p17b-mumdrurr-451,tndge-tamilnadu,tndge-tamilnadu,NULL,general,subj-tamil,ta,paper-tn-sslc-tamil-2024,ver-tndge-tamilnadu-2026,HUMAN_CURATED,short_answer,0,HUMAN_CURATED,PHASE_17,ACTIVE,NULL_STAGE_FIELD
q-subj-tamil-p17b-mumdrurr-456,tndge-tamilnadu,tndge-tamilnadu,NULL,general,subj-tamil,ta,paper-tn-sslc-tamil-2024,ver-tndge-tamilnadu-2026,HUMAN_CURATED,short_answer,0,HUMAN_CURATED,PHASE_17,ACTIVE,NULL_STAGE_FIELD
q-subj-tamil-p17b-mumdrurr-461,tndge-tamilnadu,tndge-tamilnadu,NULL,general,subj-tamil,ta,paper-tn-sslc-tamil-2024,ver-tndge-tamilnadu-2026,HUMAN_CURATED,short_answer,0,HUMAN_CURATED,PHASE_17,ACTIVE,NULL_STAGE_FIELD
q-subj-tamil-p17b-mumdrurr-466,tndge-tamilnadu,tndge-tamilnadu,NULL,general,subj-tamil,ta,paper-tn-sslc-tamil-2024,ver-tndge-tamilnadu-2026,HUMAN_CURATED,short_answer,0,HUMAN_CURATED,PHASE_17,ACTIVE,NULL_STAGE_FIELD
q-subj-tamil-p17c-096401,tndge-tamilnadu,tndge-tamilnadu,NULL,general,subj-tamil,ta,paper-tn-sslc-tamil-2024,ver-tndge-tamilnadu-2026,HUMAN_CURATED,short_answer,0,HUMAN_CURATED,PHASE_17,ACTIVE,NULL_STAGE_FIELD
q-subj-tamil-p17c-096402,tndge-tamilnadu,tndge-tamilnadu,NULL,general,subj-tamil,ta,paper-tn-sslc-tamil-2024,ver-tndge-tamilnadu-2026,HUMAN_CURATED,single_mcq,0,HUMAN_CURATED,PHASE_17,ACTIVE,NULL_STAGE_FIELD
q-subj-tamil-p17c-096403,tndge-tamilnadu,tndge-tamilnadu,NULL,general,subj-tamil,ta,paper-tn-sslc-tamil-2024,ver-tndge-tamilnadu-2026,HUMAN_CURATED,short_answer,0,HUMAN_CURATED,PHASE_17,ACTIVE,NULL_STAGE_FIELD
q-subj-tamil-p17c-096404,tndge-tamilnadu,tndge-tamilnadu,NULL,general,subj-tamil,ta,paper-tn-sslc-tamil-2024,ver-tndge-tamilnadu-2026,HUMAN_CURATED,single_mcq,0,HUMAN_CURATED,PHASE_17,ACTIVE,NULL_STAGE_FIELD
q-subj-tamil-p17c-096405,tndge-tamilnadu,tndge-tamilnadu,NULL,general,subj-tamil,ta,paper-tn-sslc-tamil-2024,ver-tndge-tamilnadu-2026,HUMAN_CURATED,short_answer,0,HUMAN_CURATED,PHASE_17,ACTIVE,NULL_STAGE_FIELD
q-subj-tamil-p17c-096406,tndge-tamilnadu,tndge-tamilnadu,NULL,general,subj-tamil,ta,paper-tn-sslc-tamil-2024,ver-tndge-tamilnadu-2026,HUMAN_CURATED,single_mcq,0,HUMAN_CURATED,PHASE_17,ACTIVE,NULL_STAGE_FIELD
q-subj-tamil-p17c-096407,tndge-tamilnadu,tndge-tamilnadu,NULL,general,subj-tamil,ta,paper-tn-sslc-tamil-2024,ver-tndge-tamilnadu-2026,HUMAN_CURATED,short_answer,0,HUMAN_CURATED,PHASE_17,ACTIVE,NULL_STAGE_FIELD
q-subj-tamil-p17c-096408,tndge-tamilnadu,tndge-tamilnadu,NULL,general,subj-tamil,ta,paper-tn-sslc-tamil-2024,ver-tndge-tamilnadu-2026,HUMAN_CURATED,single_mcq,0,HUMAN_CURATED,PHASE_17,ACTIVE,NULL_STAGE_FIELD
q-subj-tamil-p17c-096409,tndge-tamilnadu,tndge-tamilnadu,NULL,general,subj-tamil,ta,paper-tn-sslc-tamil-2024,ver-tndge-tamilnadu-2026,HUMAN_CURATED,short_answer,0,HUMAN_CURATED,PHASE_17,ACTIVE,NULL_STAGE_FIELD
q-subj-tamil-p17c-096410,tndge-tamilnadu,tndge-tamilnadu,NULL,general,subj-tamil,ta,paper-tn-sslc-tamil-2024,ver-tndge-tamilnadu-2026,HUMAN_CURATED,single_mcq,0,HUMAN_CURATED,PHASE_17,ACTIVE,NULL_STAGE_FIELD
q-subj-tamil-p17c-096411,tndge-tamilnadu,tndge-tamilnadu,NULL,general,subj-tamil,ta,paper-tn-sslc-tamil-2024,ver-tndge-tamilnadu-2026,HUMAN_CURATED,short_answer,0,HUMAN_CURATED,PHASE_17,ACTIVE,NULL_STAGE_FIELD
q-subj-tamil-p17c-096412,tndge-tamilnadu,tndge-tamilnadu,NULL,general,subj-tamil,ta,paper-tn-sslc-tamil-2024,ver-tndge-tamilnadu-2026,HUMAN_CURATED,single_mcq,0,HUMAN_CURATED,PHASE_17,ACTIVE,NULL_STAGE_FIELD
q-subj-tamil-p17c-096413,tndge-tamilnadu,tndge-tamilnadu,NULL,general,subj-tamil,ta,paper-tn-sslc-tamil-2024,ver-tndge-tamilnadu-2026,HUMAN_CURATED,short_answer,0,HUMAN_CURATED,PHASE_17,ACTIVE,NULL_STAGE_FIELD
q-subj-tamil-p17c-096414,tndge-tamilnadu,tndge-tamilnadu,NULL,general,subj-tamil,ta,paper-tn-sslc-tamil-2024,ver-tndge-tamilnadu-2026,HUMAN_CURATED,single_mcq,0,HUMAN_CURATED,PHASE_17,ACTIVE,NULL_STAGE_FIELD
q-subj-tamil-p17c-096415,tndge-tamilnadu,tndge-tamilnadu,NULL,general,subj-tamil,ta,paper-tn-sslc-tamil-2024,ver-tndge-tamilnadu-2026,HUMAN_CURATED,short_answer,0,HUMAN_CURATED,PHASE_17,ACTIVE,NULL_STAGE_FIELD
q-subj-tamil-p17c-096416,tndge-tamilnadu,tndge-tamilnadu,NULL,general,subj-tamil,ta,paper-tn-sslc-tamil-2024,ver-tndge-tamilnadu-2026,HUMAN_CURATED,single_mcq,0,HUMAN_CURATED,PHASE_17,ACTIVE,NULL_STAGE_FIELD
q-subj-tamil-p17c-096417,tndge-tamilnadu,tndge-tamilnadu,NULL,general,subj-tamil,ta,paper-tn-sslc-tamil-2024,ver-tndge-tamilnadu-2026,HUMAN_CURATED,short_answer,0,HUMAN_CURATED,PHASE_17,ACTIVE,NULL_STAGE_FIELD
q-subj-tamil-p17c-096418,tndge-tamilnadu,tndge-tamilnadu,NULL,general,subj-tamil,ta,paper-tn-sslc-tamil-2024,ver-tndge-tamilnadu-2026,HUMAN_CURATED,single_mcq,0,HUMAN_CURATED,PHASE_17,ACTIVE,NULL_STAGE_FIELD
q-subj-tamil-p17c-096419,tndge-tamilnadu,tndge-tamilnadu,NULL,general,subj-tamil,ta,paper-tn-sslc-tamil-2024,ver-tndge-tamilnadu-2026,HUMAN_CURATED,short_answer,0,HUMAN_CURATED,PHASE_17,ACTIVE,NULL_STAGE_FIELD
q-subj-tamil-p17c-096420,tndge-tamilnadu,tndge-tamilnadu,NULL,general,subj-tamil,ta,paper-tn-sslc-tamil-2024,ver-tndge-tamilnadu-2026,HUMAN_CURATED,single_mcq,0,HUMAN_CURATED,PHASE_17,ACTIVE,NULL_STAGE_FIELD
q-subj-tamil-p17c-096421,tndge-tamilnadu,tndge-tamilnadu,NULL,general,subj-tamil,ta,paper-tn-sslc-tamil-2024,ver-tndge-tamilnadu-2026,HUMAN_CURATED,short_answer,0,HUMAN_CURATED,PHASE_17,ACTIVE,NULL_STAGE_FIELD
q-subj-tamil-p17c-096422,tndge-tamilnadu,tndge-tamilnadu,NULL,general,subj-tamil,ta,paper-tn-sslc-tamil-2024,ver-tndge-tamilnadu-2026,HUMAN_CURATED,single_mcq,0,HUMAN_CURATED,PHASE_17,ACTIVE,NULL_STAGE_FIELD
q-subj-tamil-p17c-096423,tndge-tamilnadu,tndge-tamilnadu,NULL,general,subj-tamil,ta,paper-tn-sslc-tamil-2024,ver-tndge-tamilnadu-2026,HUMAN_CURATED,short_answer,0,HUMAN_CURATED,PHASE_17,ACTIVE,NULL_STAGE_FIELD
q-subj-tamil-p17c-096424,tndge-tamilnadu,tndge-tamilnadu,NULL,general,subj-tamil,ta,paper-tn-sslc-tamil-2024,ver-tndge-tamilnadu-2026,HUMAN_CURATED,single_mcq,0,HUMAN_CURATED,PHASE_17,ACTIVE,NULL_STAGE_FIELD
q-subj-tamil-p17c-096425,tndge-tamilnadu,tndge-tamilnadu,NULL,general,subj-tamil,ta,paper-tn-sslc-tamil-2024,ver-tndge-tamilnadu-2026,HUMAN_CURATED,short_answer,0,HUMAN_CURATED,PHASE_17,ACTIVE,NULL_STAGE_FIELD
q-subj-tamil-p17c-096426,tndge-tamilnadu,tndge-tamilnadu,NULL,general,subj-tamil,ta,paper-tn-sslc-tamil-2024,ver-tndge-tamilnadu-2026,HUMAN_CURATED,single_mcq,0,HUMAN_CURATED,PHASE_17,ACTIVE,NULL_STAGE_FIELD
q-subj-tamil-p17c-096427,tndge-tamilnadu,tndge-tamilnadu,NULL,general,subj-tamil,ta,paper-tn-sslc-tamil-2024,ver-tndge-tamilnadu-2026,HUMAN_CURATED,short_answer,0,HUMAN_CURATED,PHASE_17,ACTIVE,NULL_STAGE_FIELD
q-subj-tamil-p17c-096428,tndge-tamilnadu,tndge-tamilnadu,NULL,general,subj-tamil,ta,paper-tn-sslc-tamil-2024,ver-tndge-tamilnadu-2026,HUMAN_CURATED,single_mcq,0,HUMAN_CURATED,PHASE_17,ACTIVE,NULL_STAGE_FIELD
q-subj-tamil-p17c-096429,tndge-tamilnadu,tndge-tamilnadu,NULL,general,subj-tamil,ta,paper-tn-sslc-tamil-2024,ver-tndge-tamilnadu-2026,HUMAN_CURATED,short_answer,0,HUMAN_CURATED,PHASE_17,ACTIVE,NULL_STAGE_FIELD
q-subj-tamil-p17c-096430,tndge-tamilnadu,tndge-tamilnadu,NULL,general,subj-tamil,ta,paper-tn-sslc-tamil-2024,ver-tndge-tamilnadu-2026,HUMAN_CURATED,single_mcq,0,HUMAN_CURATED,PHASE_17,ACTIVE,NULL_STAGE_FIELD
q-subj-tamil-p17c-096431,tndge-tamilnadu,tndge-tamilnadu,NULL,general,subj-tamil,ta,paper-tn-sslc-tamil-2024,ver-tndge-tamilnadu-2026,HUMAN_CURATED,short_answer,0,HUMAN_CURATED,PHASE_17,ACTIVE,NULL_STAGE_FIELD
q-subj-tamil-p17c-096432,tndge-tamilnadu,tndge-tamilnadu,NULL,general,subj-tamil,ta,paper-tn-sslc-tamil-2024,ver-tndge-tamilnadu-2026,HUMAN_CURATED,single_mcq,0,HUMAN_CURATED,PHASE_17,ACTIVE,NULL_STAGE_FIELD
q-subj-tamil-p17c-096433,tndge-tamilnadu,tndge-tamilnadu,NULL,general,subj-tamil,ta,paper-tn-sslc-tamil-2024,ver-tndge-tamilnadu-2026,HUMAN_CURATED,short_answer,0,HUMAN_CURATED,PHASE_17,ACTIVE,NULL_STAGE_FIELD
q-subj-tamil-p17c-096434,tndge-tamilnadu,tndge-tamilnadu,NULL,general,subj-tamil,ta,paper-tn-sslc-tamil-2024,ver-tndge-tamilnadu-2026,HUMAN_CURATED,single_mcq,0,HUMAN_CURATED,PHASE_17,ACTIVE,NULL_STAGE_FIELD
q-subj-tamil-p17c-096435,tndge-tamilnadu,tndge-tamilnadu,NULL,general,subj-tamil,ta,paper-tn-sslc-tamil-2024,ver-tndge-tamilnadu-2026,HUMAN_CURATED,short_answer,0,HUMAN_CURATED,PHASE_17,ACTIVE,NULL_STAGE_FIELD
q-subj-tamil-p17c-096436,tndge-tamilnadu,tndge-tamilnadu,NULL,general,subj-tamil,ta,paper-tn-sslc-tamil-2024,ver-tndge-tamilnadu-2026,HUMAN_CURATED,single_mcq,0,HUMAN_CURATED,PHASE_17,ACTIVE,NULL_STAGE_FIELD
q-subj-tamil-p17c-096437,tndge-tamilnadu,tndge-tamilnadu,NULL,general,subj-tamil,ta,paper-tn-sslc-tamil-2024,ver-tndge-tamilnadu-2026,HUMAN_CURATED,short_answer,0,HUMAN_CURATED,PHASE_17,ACTIVE,NULL_STAGE_FIELD
q-subj-tamil-p17c-096438,tndge-tamilnadu,tndge-tamilnadu,NULL,general,subj-tamil,ta,paper-tn-sslc-tamil-2024,ver-tndge-tamilnadu-2026,HUMAN_CURATED,single_mcq,0,HUMAN_CURATED,PHASE_17,ACTIVE,NULL_STAGE_FIELD
q-subj-tamil-p17c-096439,tndge-tamilnadu,tndge-tamilnadu,NULL,general,subj-tamil,ta,paper-tn-sslc-tamil-2024,ver-tndge-tamilnadu-2026,HUMAN_CURATED,short_answer,0,HUMAN_CURATED,PHASE_17,ACTIVE,NULL_STAGE_FIELD
q-subj-tamil-p17c-096440,tndge-tamilnadu,tndge-tamilnadu,NULL,general,subj-tamil,ta,paper-tn-sslc-tamil-2024,ver-tndge-tamilnadu-2026,HUMAN_CURATED,single_mcq,0,HUMAN_CURATED,PHASE_17,ACTIVE,NULL_STAGE_FIELD
q-subj-tamil-p17c-096441,tndge-tamilnadu,tndge-tamilnadu,NULL,general,subj-tamil,ta,paper-tn-sslc-tamil-2024,ver-tndge-tamilnadu-2026,HUMAN_CURATED,short_answer,0,HUMAN_CURATED,PHASE_17,ACTIVE,NULL_STAGE_FIELD
q-subj-tamil-p17c-096442,tndge-tamilnadu,tndge-tamilnadu,NULL,general,subj-tamil,ta,paper-tn-sslc-tamil-2024,ver-tndge-tamilnadu-2026,HUMAN_CURATED,single_mcq,0,HUMAN_CURATED,PHASE_17,ACTIVE,NULL_STAGE_FIELD
q-subj-tamil-p17c-096443,tndge-tamilnadu,tndge-tamilnadu,NULL,general,subj-tamil,ta,paper-tn-sslc-tamil-2024,ver-tndge-tamilnadu-2026,HUMAN_CURATED,short_answer,0,HUMAN_CURATED,PHASE_17,ACTIVE,NULL_STAGE_FIELD
q-subj-tamil-p17c-096444,tndge-tamilnadu,tndge-tamilnadu,NULL,general,subj-tamil,ta,paper-tn-sslc-tamil-2024,ver-tndge-tamilnadu-2026,HUMAN_CURATED,single_mcq,0,HUMAN_CURATED,PHASE_17,ACTIVE,NULL_STAGE_FIELD
q-subj-tamil-p17c-096445,tndge-tamilnadu,tndge-tamilnadu,NULL,general,subj-tamil,ta,paper-tn-sslc-tamil-2024,ver-tndge-tamilnadu-2026,HUMAN_CURATED,short_answer,0,HUMAN_CURATED,PHASE_17,ACTIVE,NULL_STAGE_FIELD
q-subj-tamil-p17c-096446,tndge-tamilnadu,tndge-tamilnadu,NULL,general,subj-tamil,ta,paper-tn-sslc-tamil-2024,ver-tndge-tamilnadu-2026,HUMAN_CURATED,single_mcq,0,HUMAN_CURATED,PHASE_17,ACTIVE,NULL_STAGE_FIELD
q-subj-tamil-p17c-096447,tndge-tamilnadu,tndge-tamilnadu,NULL,general,subj-tamil,ta,paper-tn-sslc-tamil-2024,ver-tndge-tamilnadu-2026,HUMAN_CURATED,short_answer,0,HUMAN_CURATED,PHASE_17,ACTIVE,NULL_STAGE_FIELD
q-subj-tamil-p17c-096448,tndge-tamilnadu,tndge-tamilnadu,NULL,general,subj-tamil,ta,paper-tn-sslc-tamil-2024,ver-tndge-tamilnadu-2026,HUMAN_CURATED,single_mcq,0,HUMAN_CURATED,PHASE_17,ACTIVE,NULL_STAGE_FIELD
q-subj-tamil-p17c-096449,tndge-tamilnadu,tndge-tamilnadu,NULL,general,subj-tamil,ta,paper-tn-sslc-tamil-2024,ver-tndge-tamilnadu-2026,HUMAN_CURATED,short_answer,0,HUMAN_CURATED,PHASE_17,ACTIVE,NULL_STAGE_FIELD
q-subj-tamil-p17c-096450,tndge-tamilnadu,tndge-tamilnadu,NULL,general,subj-tamil,ta,paper-tn-sslc-tamil-2024,ver-tndge-tamilnadu-2026,HUMAN_CURATED,single_mcq,0,HUMAN_CURATED,PHASE_17,ACTIVE,NULL_STAGE_FIELD
q-subj-tamil-p17c-096451,tndge-tamilnadu,tndge-tamilnadu,NULL,general,subj-tamil,ta,paper-tn-sslc-tamil-2024,ver-tndge-tamilnadu-2026,HUMAN_CURATED,short_answer,0,HUMAN_CURATED,PHASE_17,ACTIVE,NULL_STAGE_FIELD
q-subj-tamil-p17c-096452,tndge-tamilnadu,tndge-tamilnadu,NULL,general,subj-tamil,ta,paper-tn-sslc-tamil-2024,ver-tndge-tamilnadu-2026,HUMAN_CURATED,single_mcq,0,HUMAN_CURATED,PHASE_17,ACTIVE,NULL_STAGE_FIELD
q-subj-tamil-p17c-096453,tndge-tamilnadu,tndge-tamilnadu,NULL,general,subj-tamil,ta,paper-tn-sslc-tamil-2024,ver-tndge-tamilnadu-2026,HUMAN_CURATED,short_answer,0,HUMAN_CURATED,PHASE_17,ACTIVE,NULL_STAGE_FIELD
q-subj-tamil-p17c-096454,tndge-tamilnadu,tndge-tamilnadu,NULL,general,subj-tamil,ta,paper-tn-sslc-tamil-2024,ver-tndge-tamilnadu-2026,HUMAN_CURATED,single_mcq,0,HUMAN_CURATED,PHASE_17,ACTIVE,NULL_STAGE_FIELD
q-subj-tamil-p17c-096455,tndge-tamilnadu,tndge-tamilnadu,NULL,general,subj-tamil,ta,paper-tn-sslc-tamil-2024,ver-tndge-tamilnadu-2026,HUMAN_CURATED,short_answer,0,HUMAN_CURATED,PHASE_17,ACTIVE,NULL_STAGE_FIELD
q-subj-tamil-p17c-096456,tndge-tamilnadu,tndge-tamilnadu,NULL,general,subj-tamil,ta,paper-tn-sslc-tamil-2024,ver-tndge-tamilnadu-2026,HUMAN_CURATED,single_mcq,0,HUMAN_CURATED,PHASE_17,ACTIVE,NULL_STAGE_FIELD
q-subj-tamil-p17c-096457,tndge-tamilnadu,tndge-tamilnadu,NULL,general,subj-tamil,ta,paper-tn-sslc-tamil-2024,ver-tndge-tamilnadu-2026,HUMAN_CURATED,short_answer,0,HUMAN_CURATED,PHASE_17,ACTIVE,NULL_STAGE_FIELD
q-subj-tamil-p17c-096458,tndge-tamilnadu,tndge-tamilnadu,NULL,general,subj-tamil,ta,paper-tn-sslc-tamil-2024,ver-tndge-tamilnadu-2026,HUMAN_CURATED,single_mcq,0,HUMAN_CURATED,PHASE_17,ACTIVE,NULL_STAGE_FIELD
q-subj-tamil-p17c-096459,tndge-tamilnadu,tndge-tamilnadu,NULL,general,subj-tamil,ta,paper-tn-sslc-tamil-2024,ver-tndge-tamilnadu-2026,HUMAN_CURATED,short_answer,0,HUMAN_CURATED,PHASE_17,ACTIVE,NULL_STAGE_FIELD
q-subj-tamil-p17c-096460,tndge-tamilnadu,tndge-tamilnadu,NULL,general,subj-tamil,ta,paper-tn-sslc-tamil-2024,ver-tndge-tamilnadu-2026,HUMAN_CURATED,single_mcq,0,HUMAN_CURATED,PHASE_17,ACTIVE,NULL_STAGE_FIELD
q-subj-tamil-p17c-096461,tndge-tamilnadu,tndge-tamilnadu,NULL,general,subj-tamil,ta,paper-tn-sslc-tamil-2024,ver-tndge-tamilnadu-2026,HUMAN_CURATED,short_answer,0,HUMAN_CURATED,PHASE_17,ACTIVE,NULL_STAGE_FIELD
q-subj-tamil-p17c-096462,tndge-tamilnadu,tndge-tamilnadu,NULL,general,subj-tamil,ta,paper-tn-sslc-tamil-2024,ver-tndge-tamilnadu-2026,HUMAN_CURATED,single_mcq,0,HUMAN_CURATED,PHASE_17,ACTIVE,NULL_STAGE_FIELD
q-subj-tamil-p17c-096463,tndge-tamilnadu,tndge-tamilnadu,NULL,general,subj-tamil,ta,paper-tn-sslc-tamil-2024,ver-tndge-tamilnadu-2026,HUMAN_CURATED,short_answer,0,HUMAN_CURATED,PHASE_17,ACTIVE,NULL_STAGE_FIELD
q-subj-tamil-p17c-096464,tndge-tamilnadu,tndge-tamilnadu,NULL,general,subj-tamil,ta,paper-tn-sslc-tamil-2024,ver-tndge-tamilnadu-2026,HUMAN_CURATED,single_mcq,0,HUMAN_CURATED,PHASE_17,ACTIVE,NULL_STAGE_FIELD
q-subj-tamil-p17c-096465,tndge-tamilnadu,tndge-tamilnadu,NULL,general,subj-tamil,ta,paper-tn-sslc-tamil-2024,ver-tndge-tamilnadu-2026,HUMAN_CURATED,short_answer,0,HUMAN_CURATED,PHASE_17,ACTIVE,NULL_STAGE_FIELD
q-subj-tamil-p17c-096466,tndge-tamilnadu,tndge-tamilnadu,NULL,general,subj-tamil,ta,paper-tn-sslc-tamil-2024,ver-tndge-tamilnadu-2026,HUMAN_CURATED,single_mcq,0,HUMAN_CURATED,PHASE_17,ACTIVE,NULL_STAGE_FIELD
q-subj-tamil-p17c-096467,tndge-tamilnadu,tndge-tamilnadu,NULL,general,subj-tamil,ta,paper-tn-sslc-tamil-2024,ver-tndge-tamilnadu-2026,HUMAN_CURATED,short_answer,0,HUMAN_CURATED,PHASE_17,ACTIVE,NULL_STAGE_FIELD
q-subj-tamil-p17c-096468,tndge-tamilnadu,tndge-tamilnadu,NULL,general,subj-tamil,ta,paper-tn-sslc-tamil-2024,ver-tndge-tamilnadu-2026,HUMAN_CURATED,single_mcq,0,HUMAN_CURATED,PHASE_17,ACTIVE,NULL_STAGE_FIELD
q-subj-tamil-p17c-096469,tndge-tamilnadu,tndge-tamilnadu,NULL,general,subj-tamil,ta,paper-tn-sslc-tamil-2024,ver-tndge-tamilnadu-2026,HUMAN_CURATED,short_answer,0,HUMAN_CURATED,PHASE_17,ACTIVE,NULL_STAGE_FIELD
q-subj-tamil-p17c-096470,tndge-tamilnadu,tndge-tamilnadu,NULL,general,subj-tamil,ta,paper-tn-sslc-tamil-2024,ver-tndge-tamilnadu-2026,HUMAN_CURATED,single_mcq,0,HUMAN_CURATED,PHASE_17,ACTIVE,NULL_STAGE_FIELD
q-subj-tamil-p17c-096471,tndge-tamilnadu,tndge-tamilnadu,NULL,general,subj-tamil,ta,paper-tn-sslc-tamil-2024,ver-tndge-tamilnadu-2026,HUMAN_CURATED,short_answer,0,HUMAN_CURATED,PHASE_17,ACTIVE,NULL_STAGE_FIELD
q-subj-tamil-p17c-096472,tndge-tamilnadu,tndge-tamilnadu,NULL,general,subj-tamil,ta,paper-tn-sslc-tamil-2024,ver-tndge-tamilnadu-2026,HUMAN_CURATED,single_mcq,0,HUMAN_CURATED,PHASE_17,ACTIVE,NULL_STAGE_FIELD
q-subj-tamil-p17c-096473,tndge-tamilnadu,tndge-tamilnadu,NULL,general,subj-tamil,ta,paper-tn-sslc-tamil-2024,ver-tndge-tamilnadu-2026,HUMAN_CURATED,short_answer,0,HUMAN_CURATED,PHASE_17,ACTIVE,NULL_STAGE_FIELD
q-subj-tamil-p17c-096474,tndge-tamilnadu,tndge-tamilnadu,NULL,general,subj-tamil,ta,paper-tn-sslc-tamil-2024,ver-tndge-tamilnadu-2026,HUMAN_CURATED,single_mcq,0,HUMAN_CURATED,PHASE_17,ACTIVE,NULL_STAGE_FIELD
q-subj-tamil-p17c-096475,tndge-tamilnadu,tndge-tamilnadu,NULL,general,subj-tamil,ta,paper-tn-sslc-tamil-2024,ver-tndge-tamilnadu-2026,HUMAN_CURATED,short_answer,0,HUMAN_CURATED,PHASE_17,ACTIVE,NULL_STAGE_FIELD
q-subj-tamil-p17c-096476,tndge-tamilnadu,tndge-tamilnadu,NULL,general,subj-tamil,ta,paper-tn-sslc-tamil-2024,ver-tndge-tamilnadu-2026,HUMAN_CURATED,single_mcq,0,HUMAN_CURATED,PHASE_17,ACTIVE,NULL_STAGE_FIELD
q-subj-tamil-p17c-096477,tndge-tamilnadu,tndge-tamilnadu,NULL,general,subj-tamil,ta,paper-tn-sslc-tamil-2024,ver-tndge-tamilnadu-2026,HUMAN_CURATED,short_answer,0,HUMAN_CURATED,PHASE_17,ACTIVE,NULL_STAGE_FIELD
q-subj-tamil-p17c-096478,tndge-tamilnadu,tndge-tamilnadu,NULL,general,subj-tamil,ta,paper-tn-sslc-tamil-2024,ver-tndge-tamilnadu-2026,HUMAN_CURATED,single_mcq,0,HUMAN_CURATED,PHASE_17,ACTIVE,NULL_STAGE_FIELD
q-subj-tamil-p17c-096479,tndge-tamilnadu,tndge-tamilnadu,NULL,general,subj-tamil,ta,paper-tn-sslc-tamil-2024,ver-tndge-tamilnadu-2026,HUMAN_CURATED,short_answer,0,HUMAN_CURATED,PHASE_17,ACTIVE,NULL_STAGE_FIELD
q-subj-tamil-p17c-096480,tndge-tamilnadu,tndge-tamilnadu,NULL,general,subj-tamil,ta,paper-tn-sslc-tamil-2024,ver-tndge-tamilnadu-2026,HUMAN_CURATED,single_mcq,0,HUMAN_CURATED,PHASE_17,ACTIVE,NULL_STAGE_FIELD
q-subj-tamil-p17c-096481,tndge-tamilnadu,tndge-tamilnadu,NULL,general,subj-tamil,ta,paper-tn-sslc-tamil-2024,ver-tndge-tamilnadu-2026,HUMAN_CURATED,short_answer,0,HUMAN_CURATED,PHASE_17,ACTIVE,NULL_STAGE_FIELD
q-subj-tamil-p17c-096482,tndge-tamilnadu,tndge-tamilnadu,NULL,general,subj-tamil,ta,paper-tn-sslc-tamil-2024,ver-tndge-tamilnadu-2026,HUMAN_CURATED,single_mcq,0,HUMAN_CURATED,PHASE_17,ACTIVE,NULL_STAGE_FIELD
q-subj-tamil-p17c-096483,tndge-tamilnadu,tndge-tamilnadu,NULL,general,subj-tamil,ta,paper-tn-sslc-tamil-2024,ver-tndge-tamilnadu-2026,HUMAN_CURATED,short_answer,0,HUMAN_CURATED,PHASE_17,ACTIVE,NULL_STAGE_FIELD
q-subj-tamil-p17c-096484,tndge-tamilnadu,tndge-tamilnadu,NULL,general,subj-tamil,ta,paper-tn-sslc-tamil-2024,ver-tndge-tamilnadu-2026,HUMAN_CURATED,single_mcq,0,HUMAN_CURATED,PHASE_17,ACTIVE,NULL_STAGE_FIELD
q-subj-tamil-p17c-096485,tndge-tamilnadu,tndge-tamilnadu,NULL,general,subj-tamil,ta,paper-tn-sslc-tamil-2024,ver-tndge-tamilnadu-2026,HUMAN_CURATED,short_answer,0,HUMAN_CURATED,PHASE_17,ACTIVE,NULL_STAGE_FIELD
q-subj-tamil-p17c-096486,tndge-tamilnadu,tndge-tamilnadu,NULL,general,subj-tamil,ta,paper-tn-sslc-tamil-2024,ver-tndge-tamilnadu-2026,HUMAN_CURATED,single_mcq,0,HUMAN_CURATED,PHASE_17,ACTIVE,NULL_STAGE_FIELD
q-subj-tamil-p17c-096487,tndge-tamilnadu,tndge-tamilnadu,NULL,general,subj-tamil,ta,paper-tn-sslc-tamil-2024,ver-tndge-tamilnadu-2026,HUMAN_CURATED,short_answer,0,HUMAN_CURATED,PHASE_17,ACTIVE,NULL_STAGE_FIELD
q-subj-tamil-p17c-096488,tndge-tamilnadu,tndge-tamilnadu,NULL,general,subj-tamil,ta,paper-tn-sslc-tamil-2024,ver-tndge-tamilnadu-2026,HUMAN_CURATED,single_mcq,0,HUMAN_CURATED,PHASE_17,ACTIVE,NULL_STAGE_FIELD
q-subj-tamil-p17c-096489,tndge-tamilnadu,tndge-tamilnadu,NULL,general,subj-tamil,ta,paper-tn-sslc-tamil-2024,ver-tndge-tamilnadu-2026,HUMAN_CURATED,short_answer,0,HUMAN_CURATED,PHASE_17,ACTIVE,NULL_STAGE_FIELD
q-subj-tamil-p17c-096490,tndge-tamilnadu,tndge-tamilnadu,NULL,general,subj-tamil,ta,paper-tn-sslc-tamil-2024,ver-tndge-tamilnadu-2026,HUMAN_CURATED,single_mcq,0,HUMAN_CURATED,PHASE_17,ACTIVE,NULL_STAGE_FIELD
q-subj-tamil-p17c-096491,tndge-tamilnadu,tndge-tamilnadu,NULL,general,subj-tamil,ta,paper-tn-sslc-tamil-2024,ver-tndge-tamilnadu-2026,HUMAN_CURATED,short_answer,0,HUMAN_CURATED,PHASE_17,ACTIVE,NULL_STAGE_FIELD
q-subj-tamil-p17c-096492,tndge-tamilnadu,tndge-tamilnadu,NULL,general,subj-tamil,ta,paper-tn-sslc-tamil-2024,ver-tndge-tamilnadu-2026,HUMAN_CURATED,single_mcq,0,HUMAN_CURATED,PHASE_17,ACTIVE,NULL_STAGE_FIELD
q-subj-tamil-p17c-096493,tndge-tamilnadu,tndge-tamilnadu,NULL,general,subj-tamil,ta,paper-tn-sslc-tamil-2024,ver-tndge-tamilnadu-2026,HUMAN_CURATED,short_answer,0,HUMAN_CURATED,PHASE_17,ACTIVE,NULL_STAGE_FIELD
q-subj-tamil-p17c-096494,tndge-tamilnadu,tndge-tamilnadu,NULL,general,subj-tamil,ta,paper-tn-sslc-tamil-2024,ver-tndge-tamilnadu-2026,HUMAN_CURATED,single_mcq,0,HUMAN_CURATED,PHASE_17,ACTIVE,NULL_STAGE_FIELD
q-subj-tamil-p17c-096495,tndge-tamilnadu,tndge-tamilnadu,NULL,general,subj-tamil,ta,paper-tn-sslc-tamil-2024,ver-tndge-tamilnadu-2026,HUMAN_CURATED,short_answer,0,HUMAN_CURATED,PHASE_17,ACTIVE,NULL_STAGE_FIELD
q-subj-tamil-p17c-096496,tndge-tamilnadu,tndge-tamilnadu,NULL,general,subj-tamil,ta,paper-tn-sslc-tamil-2024,ver-tndge-tamilnadu-2026,HUMAN_CURATED,single_mcq,0,HUMAN_CURATED,PHASE_17,ACTIVE,NULL_STAGE_FIELD
q-subj-tamil-p17c-096497,tndge-tamilnadu,tndge-tamilnadu,NULL,general,subj-tamil,ta,paper-tn-sslc-tamil-2024,ver-tndge-tamilnadu-2026,HUMAN_CURATED,short_answer,0,HUMAN_CURATED,PHASE_17,ACTIVE,NULL_STAGE_FIELD
q-subj-tamil-p17c-096498,tndge-tamilnadu,tndge-tamilnadu,NULL,general,subj-tamil,ta,paper-tn-sslc-tamil-2024,ver-tndge-tamilnadu-2026,HUMAN_CURATED,single_mcq,0,HUMAN_CURATED,PHASE_17,ACTIVE,NULL_STAGE_FIELD
q-subj-tamil-p17c-096499,tndge-tamilnadu,tndge-tamilnadu,NULL,general,subj-tamil,ta,paper-tn-sslc-tamil-2024,ver-tndge-tamilnadu-2026,HUMAN_CURATED,short_answer,0,HUMAN_CURATED,PHASE_17,ACTIVE,NULL_STAGE_FIELD
q-subj-tamil-p17c-096500,tndge-tamilnadu,tndge-tamilnadu,NULL,general,subj-tamil,ta,paper-tn-sslc-tamil-2024,ver-tndge-tamilnadu-2026,HUMAN_CURATED,single_mcq,0,HUMAN_CURATED,PHASE_17,ACTIVE,NULL_STAGE_FIELD
q-subj-tamil-p17c-096501,tndge-tamilnadu,tndge-tamilnadu,NULL,general,subj-tamil,ta,paper-tn-sslc-tamil-2024,ver-tndge-tamilnadu-2026,HUMAN_CURATED,short_answer,0,HUMAN_CURATED,PHASE_17,ACTIVE,NULL_STAGE_FIELD
q-subj-tamil-p17c-096502,tndge-tamilnadu,tndge-tamilnadu,NULL,general,subj-tamil,ta,paper-tn-sslc-tamil-2024,ver-tndge-tamilnadu-2026,HUMAN_CURATED,single_mcq,0,HUMAN_CURATED,PHASE_17,ACTIVE,NULL_STAGE_FIELD
q-subj-tamil-p17c-096503,tndge-tamilnadu,tndge-tamilnadu,NULL,general,subj-tamil,ta,paper-tn-sslc-tamil-2024,ver-tndge-tamilnadu-2026,HUMAN_CURATED,short_answer,0,HUMAN_CURATED,PHASE_17,ACTIVE,NULL_STAGE_FIELD
q-subj-tamil-p17c-096504,tndge-tamilnadu,tndge-tamilnadu,NULL,general,subj-tamil,ta,paper-tn-sslc-tamil-2024,ver-tndge-tamilnadu-2026,HUMAN_CURATED,single_mcq,0,HUMAN_CURATED,PHASE_17,ACTIVE,NULL_STAGE_FIELD
q-subj-tamil-p17c-096505,tndge-tamilnadu,tndge-tamilnadu,NULL,general,subj-tamil,ta,paper-tn-sslc-tamil-2024,ver-tndge-tamilnadu-2026,HUMAN_CURATED,short_answer,0,HUMAN_CURATED,PHASE_17,ACTIVE,NULL_STAGE_FIELD
q-subj-tamil-p17c-096506,tndge-tamilnadu,tndge-tamilnadu,NULL,general,subj-tamil,ta,paper-tn-sslc-tamil-2024,ver-tndge-tamilnadu-2026,HUMAN_CURATED,single_mcq,0,HUMAN_CURATED,PHASE_17,ACTIVE,NULL_STAGE_FIELD
q-subj-tamil-p17c-096507,tndge-tamilnadu,tndge-tamilnadu,NULL,general,subj-tamil,ta,paper-tn-sslc-tamil-2024,ver-tndge-tamilnadu-2026,HUMAN_CURATED,short_answer,0,HUMAN_CURATED,PHASE_17,ACTIVE,NULL_STAGE_FIELD
q-subj-tamil-p17c-096508,tndge-tamilnadu,tndge-tamilnadu,NULL,general,subj-tamil,ta,paper-tn-sslc-tamil-2024,ver-tndge-tamilnadu-2026,HUMAN_CURATED,single_mcq,0,HUMAN_CURATED,PHASE_17,ACTIVE,NULL_STAGE_FIELD
q-subj-tamil-p17c-096509,tndge-tamilnadu,tndge-tamilnadu,NULL,general,subj-tamil,ta,paper-tn-sslc-tamil-2024,ver-tndge-tamilnadu-2026,HUMAN_CURATED,short_answer,0,HUMAN_CURATED,PHASE_17,ACTIVE,NULL_STAGE_FIELD
q-subj-tamil-p17c-096510,tndge-tamilnadu,tndge-tamilnadu,NULL,general,subj-tamil,ta,paper-tn-sslc-tamil-2024,ver-tndge-tamilnadu-2026,HUMAN_CURATED,single_mcq,0,HUMAN_CURATED,PHASE_17,ACTIVE,NULL_STAGE_FIELD
q-subj-tamil-p17c-096511,tndge-tamilnadu,tndge-tamilnadu,NULL,general,subj-tamil,ta,paper-tn-sslc-tamil-2024,ver-tndge-tamilnadu-2026,HUMAN_CURATED,short_answer,0,HUMAN_CURATED,PHASE_17,ACTIVE,NULL_STAGE_FIELD
q-subj-tamil-p17c-096512,tndge-tamilnadu,tndge-tamilnadu,NULL,general,subj-tamil,ta,paper-tn-sslc-tamil-2024,ver-tndge-tamilnadu-2026,HUMAN_CURATED,single_mcq,0,HUMAN_CURATED,PHASE_17,ACTIVE,NULL_STAGE_FIELD
q-subj-tamil-p17c-096513,tndge-tamilnadu,tndge-tamilnadu,NULL,general,subj-tamil,ta,paper-tn-sslc-tamil-2024,ver-tndge-tamilnadu-2026,HUMAN_CURATED,short_answer,0,HUMAN_CURATED,PHASE_17,ACTIVE,NULL_STAGE_FIELD
q-subj-tamil-p17c-096514,tndge-tamilnadu,tndge-tamilnadu,NULL,general,subj-tamil,ta,paper-tn-sslc-tamil-2024,ver-tndge-tamilnadu-2026,HUMAN_CURATED,single_mcq,0,HUMAN_CURATED,PHASE_17,ACTIVE,NULL_STAGE_FIELD
q-subj-tamil-p17c-096515,tndge-tamilnadu,tndge-tamilnadu,NULL,general,subj-tamil,ta,paper-tn-sslc-tamil-2024,ver-tndge-tamilnadu-2026,HUMAN_CURATED,short_answer,0,HUMAN_CURATED,PHASE_17,ACTIVE,NULL_STAGE_FIELD
q-subj-tamil-p17c-096516,tndge-tamilnadu,tndge-tamilnadu,NULL,general,subj-tamil,ta,paper-tn-sslc-tamil-2024,ver-tndge-tamilnadu-2026,HUMAN_CURATED,single_mcq,0,HUMAN_CURATED,PHASE_17,ACTIVE,NULL_STAGE_FIELD
q-subj-tamil-p17c-096517,tndge-tamilnadu,tndge-tamilnadu,NULL,general,subj-tamil,ta,paper-tn-sslc-tamil-2024,ver-tndge-tamilnadu-2026,HUMAN_CURATED,short_answer,0,HUMAN_CURATED,PHASE_17,ACTIVE,NULL_STAGE_FIELD
q-subj-tamil-p17c-096518,tndge-tamilnadu,tndge-tamilnadu,NULL,general,subj-tamil,ta,paper-tn-sslc-tamil-2024,ver-tndge-tamilnadu-2026,HUMAN_CURATED,single_mcq,0,HUMAN_CURATED,PHASE_17,ACTIVE,NULL_STAGE_FIELD
q-subj-tamil-p17c-096519,tndge-tamilnadu,tndge-tamilnadu,NULL,general,subj-tamil,ta,paper-tn-sslc-tamil-2024,ver-tndge-tamilnadu-2026,HUMAN_CURATED,short_answer,0,HUMAN_CURATED,PHASE_17,ACTIVE,NULL_STAGE_FIELD
q-subj-tamil-p17c-096520,tndge-tamilnadu,tndge-tamilnadu,NULL,general,subj-tamil,ta,paper-tn-sslc-tamil-2024,ver-tndge-tamilnadu-2026,HUMAN_CURATED,single_mcq,0,HUMAN_CURATED,PHASE_17,ACTIVE,NULL_STAGE_FIELD
q-subj-tamil-p17c-096521,tndge-tamilnadu,tndge-tamilnadu,NULL,general,subj-tamil,ta,paper-tn-sslc-tamil-2024,ver-tndge-tamilnadu-2026,HUMAN_CURATED,short_answer,0,HUMAN_CURATED,PHASE_17,ACTIVE,NULL_STAGE_FIELD
q-subj-tamil-p17c-096522,tndge-tamilnadu,tndge-tamilnadu,NULL,general,subj-tamil,ta,paper-tn-sslc-tamil-2024,ver-tndge-tamilnadu-2026,HUMAN_CURATED,single_mcq,0,HUMAN_CURATED,PHASE_17,ACTIVE,NULL_STAGE_FIELD
q-subj-tamil-p17c-096523,tndge-tamilnadu,tndge-tamilnadu,NULL,general,subj-tamil,ta,paper-tn-sslc-tamil-2024,ver-tndge-tamilnadu-2026,HUMAN_CURATED,short_answer,0,HUMAN_CURATED,PHASE_17,ACTIVE,NULL_STAGE_FIELD
q-subj-tamil-p17c-096524,tndge-tamilnadu,tndge-tamilnadu,NULL,general,subj-tamil,ta,paper-tn-sslc-tamil-2024,ver-tndge-tamilnadu-2026,HUMAN_CURATED,single_mcq,0,HUMAN_CURATED,PHASE_17,ACTIVE,NULL_STAGE_FIELD
q-subj-tamil-p17c-096525,tndge-tamilnadu,tndge-tamilnadu,NULL,general,subj-tamil,ta,paper-tn-sslc-tamil-2024,ver-tndge-tamilnadu-2026,HUMAN_CURATED,short_answer,0,HUMAN_CURATED,PHASE_17,ACTIVE,NULL_STAGE_FIELD
q-subj-tamil-p17c-096526,tndge-tamilnadu,tndge-tamilnadu,NULL,general,subj-tamil,ta,paper-tn-sslc-tamil-2024,ver-tndge-tamilnadu-2026,HUMAN_CURATED,single_mcq,0,HUMAN_CURATED,PHASE_17,ACTIVE,NULL_STAGE_FIELD
q-subj-tamil-p17c-096527,tndge-tamilnadu,tndge-tamilnadu,NULL,general,subj-tamil,ta,paper-tn-sslc-tamil-2024,ver-tndge-tamilnadu-2026,HUMAN_CURATED,short_answer,0,HUMAN_CURATED,PHASE_17,ACTIVE,NULL_STAGE_FIELD
q-subj-tamil-p17c-096528,tndge-tamilnadu,tndge-tamilnadu,NULL,general,subj-tamil,ta,paper-tn-sslc-tamil-2024,ver-tndge-tamilnadu-2026,HUMAN_CURATED,single_mcq,0,HUMAN_CURATED,PHASE_17,ACTIVE,NULL_STAGE_FIELD
q-subj-tamil-p17c-096529,tndge-tamilnadu,tndge-tamilnadu,NULL,general,subj-tamil,ta,paper-tn-sslc-tamil-2024,ver-tndge-tamilnadu-2026,HUMAN_CURATED,short_answer,0,HUMAN_CURATED,PHASE_17,ACTIVE,NULL_STAGE_FIELD
q-subj-tamil-p17c-096530,tndge-tamilnadu,tndge-tamilnadu,NULL,general,subj-tamil,ta,paper-tn-sslc-tamil-2024,ver-tndge-tamilnadu-2026,HUMAN_CURATED,single_mcq,0,HUMAN_CURATED,PHASE_17,ACTIVE,NULL_STAGE_FIELD
q-subj-tamil-p17c-096531,tndge-tamilnadu,tndge-tamilnadu,NULL,general,subj-tamil,ta,paper-tn-sslc-tamil-2024,ver-tndge-tamilnadu-2026,HUMAN_CURATED,short_answer,0,HUMAN_CURATED,PHASE_17,ACTIVE,NULL_STAGE_FIELD
q-subj-tamil-p17c-096532,tndge-tamilnadu,tndge-tamilnadu,NULL,general,subj-tamil,ta,paper-tn-sslc-tamil-2024,ver-tndge-tamilnadu-2026,HUMAN_CURATED,single_mcq,0,HUMAN_CURATED,PHASE_17,ACTIVE,NULL_STAGE_FIELD
q-subj-tamil-p17c-096533,tndge-tamilnadu,tndge-tamilnadu,NULL,general,subj-tamil,ta,paper-tn-sslc-tamil-2024,ver-tndge-tamilnadu-2026,HUMAN_CURATED,short_answer,0,HUMAN_CURATED,PHASE_17,ACTIVE,NULL_STAGE_FIELD
q-subj-tamil-p17c-096534,tndge-tamilnadu,tndge-tamilnadu,NULL,general,subj-tamil,ta,paper-tn-sslc-tamil-2024,ver-tndge-tamilnadu-2026,HUMAN_CURATED,single_mcq,0,HUMAN_CURATED,PHASE_17,ACTIVE,NULL_STAGE_FIELD
q-subj-tamil-p17c-096535,tndge-tamilnadu,tndge-tamilnadu,NULL,general,subj-tamil,ta,paper-tn-sslc-tamil-2024,ver-tndge-tamilnadu-2026,HUMAN_CURATED,short_answer,0,HUMAN_CURATED,PHASE_17,ACTIVE,NULL_STAGE_FIELD
q-subj-tamil-p17c-096536,tndge-tamilnadu,tndge-tamilnadu,NULL,general,subj-tamil,ta,paper-tn-sslc-tamil-2024,ver-tndge-tamilnadu-2026,HUMAN_CURATED,single_mcq,0,HUMAN_CURATED,PHASE_17,ACTIVE,NULL_STAGE_FIELD
q-subj-tamil-p17c-096537,tndge-tamilnadu,tndge-tamilnadu,NULL,general,subj-tamil,ta,paper-tn-sslc-tamil-2024,ver-tndge-tamilnadu-2026,HUMAN_CURATED,short_answer,0,HUMAN_CURATED,PHASE_17,ACTIVE,NULL_STAGE_FIELD
q-subj-tamil-p17c-096538,tndge-tamilnadu,tndge-tamilnadu,NULL,general,subj-tamil,ta,paper-tn-sslc-tamil-2024,ver-tndge-tamilnadu-2026,HUMAN_CURATED,single_mcq,0,HUMAN_CURATED,PHASE_17,ACTIVE,NULL_STAGE_FIELD
q-subj-tamil-p17c-096539,tndge-tamilnadu,tndge-tamilnadu,NULL,general,subj-tamil,ta,paper-tn-sslc-tamil-2024,ver-tndge-tamilnadu-2026,HUMAN_CURATED,short_answer,0,HUMAN_CURATED,PHASE_17,ACTIVE,NULL_STAGE_FIELD
q-subj-tamil-p17c-096540,tndge-tamilnadu,tndge-tamilnadu,NULL,general,subj-tamil,ta,paper-tn-sslc-tamil-2024,ver-tndge-tamilnadu-2026,HUMAN_CURATED,single_mcq,0,HUMAN_CURATED,PHASE_17,ACTIVE,NULL_STAGE_FIELD
q-subj-tamil-p17c-096541,tndge-tamilnadu,tndge-tamilnadu,NULL,general,subj-tamil,ta,paper-tn-sslc-tamil-2024,ver-tndge-tamilnadu-2026,HUMAN_CURATED,short_answer,0,HUMAN_CURATED,PHASE_17,ACTIVE,NULL_STAGE_FIELD
q-subj-tamil-p17c-096542,tndge-tamilnadu,tndge-tamilnadu,NULL,general,subj-tamil,ta,paper-tn-sslc-tamil-2024,ver-tndge-tamilnadu-2026,HUMAN_CURATED,single_mcq,0,HUMAN_CURATED,PHASE_17,ACTIVE,NULL_STAGE_FIELD
q-subj-tamil-p17c-096543,tndge-tamilnadu,tndge-tamilnadu,NULL,general,subj-tamil,ta,paper-tn-sslc-tamil-2024,ver-tndge-tamilnadu-2026,HUMAN_CURATED,short_answer,0,HUMAN_CURATED,PHASE_17,ACTIVE,NULL_STAGE_FIELD
q-subj-tamil-p17c-096544,tndge-tamilnadu,tndge-tamilnadu,NULL,general,subj-tamil,ta,paper-tn-sslc-tamil-2024,ver-tndge-tamilnadu-2026,HUMAN_CURATED,single_mcq,0,HUMAN_CURATED,PHASE_17,ACTIVE,NULL_STAGE_FIELD
q-subj-tamil-p17c-096545,tndge-tamilnadu,tndge-tamilnadu,NULL,general,subj-tamil,ta,paper-tn-sslc-tamil-2024,ver-tndge-tamilnadu-2026,HUMAN_CURATED,short_answer,0,HUMAN_CURATED,PHASE_17,ACTIVE,NULL_STAGE_FIELD
q-subj-tamil-p17c-096546,tndge-tamilnadu,tndge-tamilnadu,NULL,general,subj-tamil,ta,paper-tn-sslc-tamil-2024,ver-tndge-tamilnadu-2026,HUMAN_CURATED,single_mcq,0,HUMAN_CURATED,PHASE_17,ACTIVE,NULL_STAGE_FIELD
q-subj-tamil-p17c-096547,tndge-tamilnadu,tndge-tamilnadu,NULL,general,subj-tamil,ta,paper-tn-sslc-tamil-2024,ver-tndge-tamilnadu-2026,HUMAN_CURATED,short_answer,0,HUMAN_CURATED,PHASE_17,ACTIVE,NULL_STAGE_FIELD
q-subj-tamil-p17c-096548,tndge-tamilnadu,tndge-tamilnadu,NULL,general,subj-tamil,ta,paper-tn-sslc-tamil-2024,ver-tndge-tamilnadu-2026,HUMAN_CURATED,single_mcq,0,HUMAN_CURATED,PHASE_17,ACTIVE,NULL_STAGE_FIELD
q-subj-tamil-p17c-096549,tndge-tamilnadu,tndge-tamilnadu,NULL,general,subj-tamil,ta,paper-tn-sslc-tamil-2024,ver-tndge-tamilnadu-2026,HUMAN_CURATED,short_answer,0,HUMAN_CURATED,PHASE_17,ACTIVE,NULL_STAGE_FIELD
q-subj-tamil-p17c-096550,tndge-tamilnadu,tndge-tamilnadu,NULL,general,subj-tamil,ta,paper-tn-sslc-tamil-2024,ver-tndge-tamilnadu-2026,HUMAN_CURATED,single_mcq,0,HUMAN_CURATED,PHASE_17,ACTIVE,NULL_STAGE_FIELD
q-subj-tamil-p17c-096551,tndge-tamilnadu,tndge-tamilnadu,NULL,general,subj-tamil,ta,paper-tn-sslc-tamil-2024,ver-tndge-tamilnadu-2026,HUMAN_CURATED,short_answer,0,HUMAN_CURATED,PHASE_17,ACTIVE,NULL_STAGE_FIELD
q-subj-tamil-p17c-096552,tndge-tamilnadu,tndge-tamilnadu,NULL,general,subj-tamil,ta,paper-tn-sslc-tamil-2024,ver-tndge-tamilnadu-2026,HUMAN_CURATED,single_mcq,0,HUMAN_CURATED,PHASE_17,ACTIVE,NULL_STAGE_FIELD
q-subj-tamil-p17c-096553,tndge-tamilnadu,tndge-tamilnadu,NULL,general,subj-tamil,ta,paper-tn-sslc-tamil-2024,ver-tndge-tamilnadu-2026,HUMAN_CURATED,short_answer,0,HUMAN_CURATED,PHASE_17,ACTIVE,NULL_STAGE_FIELD
q-subj-tamil-p17c-096554,tndge-tamilnadu,tndge-tamilnadu,NULL,general,subj-tamil,ta,paper-tn-sslc-tamil-2024,ver-tndge-tamilnadu-2026,HUMAN_CURATED,single_mcq,0,HUMAN_CURATED,PHASE_17,ACTIVE,NULL_STAGE_FIELD
q-subj-tamil-p17c-096555,tndge-tamilnadu,tndge-tamilnadu,NULL,general,subj-tamil,ta,paper-tn-sslc-tamil-2024,ver-tndge-tamilnadu-2026,HUMAN_CURATED,short_answer,0,HUMAN_CURATED,PHASE_17,ACTIVE,NULL_STAGE_FIELD
q-subj-tamil-p17c-096556,tndge-tamilnadu,tndge-tamilnadu,NULL,general,subj-tamil,ta,paper-tn-sslc-tamil-2024,ver-tndge-tamilnadu-2026,HUMAN_CURATED,single_mcq,0,HUMAN_CURATED,PHASE_17,ACTIVE,NULL_STAGE_FIELD
q-subj-tamil-p17c-096557,tndge-tamilnadu,tndge-tamilnadu,NULL,general,subj-tamil,ta,paper-tn-sslc-tamil-2024,ver-tndge-tamilnadu-2026,HUMAN_CURATED,short_answer,0,HUMAN_CURATED,PHASE_17,ACTIVE,NULL_STAGE_FIELD
q-subj-tamil-p17c-096558,tndge-tamilnadu,tndge-tamilnadu,NULL,general,subj-tamil,ta,paper-tn-sslc-tamil-2024,ver-tndge-tamilnadu-2026,HUMAN_CURATED,single_mcq,0,HUMAN_CURATED,PHASE_17,ACTIVE,NULL_STAGE_FIELD
q-subj-tamil-p17c-096559,tndge-tamilnadu,tndge-tamilnadu,NULL,general,subj-tamil,ta,paper-tn-sslc-tamil-2024,ver-tndge-tamilnadu-2026,HUMAN_CURATED,short_answer,0,HUMAN_CURATED,PHASE_17,ACTIVE,NULL_STAGE_FIELD
q-subj-tamil-p17c-096560,tndge-tamilnadu,tndge-tamilnadu,NULL,general,subj-tamil,ta,paper-tn-sslc-tamil-2024,ver-tndge-tamilnadu-2026,HUMAN_CURATED,single_mcq,0,HUMAN_CURATED,PHASE_17,ACTIVE,NULL_STAGE_FIELD
q-subj-tamil-p17c-096561,tndge-tamilnadu,tndge-tamilnadu,NULL,general,subj-tamil,ta,paper-tn-sslc-tamil-2024,ver-tndge-tamilnadu-2026,HUMAN_CURATED,short_answer,0,HUMAN_CURATED,PHASE_17,ACTIVE,NULL_STAGE_FIELD
q-subj-tamil-p17c-096562,tndge-tamilnadu,tndge-tamilnadu,NULL,general,subj-tamil,ta,paper-tn-sslc-tamil-2024,ver-tndge-tamilnadu-2026,HUMAN_CURATED,single_mcq,0,HUMAN_CURATED,PHASE_17,ACTIVE,NULL_STAGE_FIELD
q-subj-tamil-p17c-096563,tndge-tamilnadu,tndge-tamilnadu,NULL,general,subj-tamil,ta,paper-tn-sslc-tamil-2024,ver-tndge-tamilnadu-2026,HUMAN_CURATED,short_answer,0,HUMAN_CURATED,PHASE_17,ACTIVE,NULL_STAGE_FIELD
q-subj-tamil-p17c-096564,tndge-tamilnadu,tndge-tamilnadu,NULL,general,subj-tamil,ta,paper-tn-sslc-tamil-2024,ver-tndge-tamilnadu-2026,HUMAN_CURATED,single_mcq,0,HUMAN_CURATED,PHASE_17,ACTIVE,NULL_STAGE_FIELD
q-subj-tamil-p17c-096565,tndge-tamilnadu,tndge-tamilnadu,NULL,general,subj-tamil,ta,paper-tn-sslc-tamil-2024,ver-tndge-tamilnadu-2026,HUMAN_CURATED,short_answer,0,HUMAN_CURATED,PHASE_17,ACTIVE,NULL_STAGE_FIELD
q-subj-tamil-p17c-096566,tndge-tamilnadu,tndge-tamilnadu,NULL,general,subj-tamil,ta,paper-tn-sslc-tamil-2024,ver-tndge-tamilnadu-2026,HUMAN_CURATED,single_mcq,0,HUMAN_CURATED,PHASE_17,ACTIVE,NULL_STAGE_FIELD
q-subj-tamil-p17c-096567,tndge-tamilnadu,tndge-tamilnadu,NULL,general,subj-tamil,ta,paper-tn-sslc-tamil-2024,ver-tndge-tamilnadu-2026,HUMAN_CURATED,short_answer,0,HUMAN_CURATED,PHASE_17,ACTIVE,NULL_STAGE_FIELD
q-subj-tamil-p17c-096568,tndge-tamilnadu,tndge-tamilnadu,NULL,general,subj-tamil,ta,paper-tn-sslc-tamil-2024,ver-tndge-tamilnadu-2026,HUMAN_CURATED,single_mcq,0,HUMAN_CURATED,PHASE_17,ACTIVE,NULL_STAGE_FIELD
q-subj-tamil-p17c-096569,tndge-tamilnadu,tndge-tamilnadu,NULL,general,subj-tamil,ta,paper-tn-sslc-tamil-2024,ver-tndge-tamilnadu-2026,HUMAN_CURATED,short_answer,0,HUMAN_CURATED,PHASE_17,ACTIVE,NULL_STAGE_FIELD
q-subj-tamil-p17c-096570,tndge-tamilnadu,tndge-tamilnadu,NULL,general,subj-tamil,ta,paper-tn-sslc-tamil-2024,ver-tndge-tamilnadu-2026,HUMAN_CURATED,single_mcq,0,HUMAN_CURATED,PHASE_17,ACTIVE,NULL_STAGE_FIELD
q-subj-tamil-p17c-096571,tndge-tamilnadu,tndge-tamilnadu,NULL,general,subj-tamil,ta,paper-tn-sslc-tamil-2024,ver-tndge-tamilnadu-2026,HUMAN_CURATED,short_answer,0,HUMAN_CURATED,PHASE_17,ACTIVE,NULL_STAGE_FIELD
q-subj-tamil-p17c-096572,tndge-tamilnadu,tndge-tamilnadu,NULL,general,subj-tamil,ta,paper-tn-sslc-tamil-2024,ver-tndge-tamilnadu-2026,HUMAN_CURATED,single_mcq,0,HUMAN_CURATED,PHASE_17,ACTIVE,NULL_STAGE_FIELD
q-subj-tamil-p17c-096573,tndge-tamilnadu,tndge-tamilnadu,NULL,general,subj-tamil,ta,paper-tn-sslc-tamil-2024,ver-tndge-tamilnadu-2026,HUMAN_CURATED,short_answer,0,HUMAN_CURATED,PHASE_17,ACTIVE,NULL_STAGE_FIELD
q-subj-tamil-p17c-096574,tndge-tamilnadu,tndge-tamilnadu,NULL,general,subj-tamil,ta,paper-tn-sslc-tamil-2024,ver-tndge-tamilnadu-2026,HUMAN_CURATED,single_mcq,0,HUMAN_CURATED,PHASE_17,ACTIVE,NULL_STAGE_FIELD
q-subj-tamil-p17c-096575,tndge-tamilnadu,tndge-tamilnadu,NULL,general,subj-tamil,ta,paper-tn-sslc-tamil-2024,ver-tndge-tamilnadu-2026,HUMAN_CURATED,short_answer,0,HUMAN_CURATED,PHASE_17,ACTIVE,NULL_STAGE_FIELD
q-subj-tamil-p17c-096576,tndge-tamilnadu,tndge-tamilnadu,NULL,general,subj-tamil,ta,paper-tn-sslc-tamil-2024,ver-tndge-tamilnadu-2026,HUMAN_CURATED,single_mcq,0,HUMAN_CURATED,PHASE_17,ACTIVE,NULL_STAGE_FIELD
q-subj-tamil-p17c-096577,tndge-tamilnadu,tndge-tamilnadu,NULL,general,subj-tamil,ta,paper-tn-sslc-tamil-2024,ver-tndge-tamilnadu-2026,HUMAN_CURATED,short_answer,0,HUMAN_CURATED,PHASE_17,ACTIVE,NULL_STAGE_FIELD
q-subj-tamil-p17c-096578,tndge-tamilnadu,tndge-tamilnadu,NULL,general,subj-tamil,ta,paper-tn-sslc-tamil-2024,ver-tndge-tamilnadu-2026,HUMAN_CURATED,single_mcq,0,HUMAN_CURATED,PHASE_17,ACTIVE,NULL_STAGE_FIELD
q-subj-tamil-p17c-096579,tndge-tamilnadu,tndge-tamilnadu,NULL,general,subj-tamil,ta,paper-tn-sslc-tamil-2024,ver-tndge-tamilnadu-2026,HUMAN_CURATED,short_answer,0,HUMAN_CURATED,PHASE_17,ACTIVE,NULL_STAGE_FIELD
q-subj-tamil-p17c-096580,tndge-tamilnadu,tndge-tamilnadu,NULL,general,subj-tamil,ta,paper-tn-sslc-tamil-2024,ver-tndge-tamilnadu-2026,HUMAN_CURATED,single_mcq,0,HUMAN_CURATED,PHASE_17,ACTIVE,NULL_STAGE_FIELD
q-subj-tamil-p17c-096581,tndge-tamilnadu,tndge-tamilnadu,NULL,general,subj-tamil,ta,paper-tn-sslc-tamil-2024,ver-tndge-tamilnadu-2026,HUMAN_CURATED,short_answer,0,HUMAN_CURATED,PHASE_17,ACTIVE,NULL_STAGE_FIELD
q-subj-tamil-p17c-096582,tndge-tamilnadu,tndge-tamilnadu,NULL,general,subj-tamil,ta,paper-tn-sslc-tamil-2024,ver-tndge-tamilnadu-2026,HUMAN_CURATED,single_mcq,0,HUMAN_CURATED,PHASE_17,ACTIVE,NULL_STAGE_FIELD
q-subj-tamil-p17c-096583,tndge-tamilnadu,tndge-tamilnadu,NULL,general,subj-tamil,ta,paper-tn-sslc-tamil-2024,ver-tndge-tamilnadu-2026,HUMAN_CURATED,short_answer,0,HUMAN_CURATED,PHASE_17,ACTIVE,NULL_STAGE_FIELD
q-subj-tamil-p17c-096584,tndge-tamilnadu,tndge-tamilnadu,NULL,general,subj-tamil,ta,paper-tn-sslc-tamil-2024,ver-tndge-tamilnadu-2026,HUMAN_CURATED,single_mcq,0,HUMAN_CURATED,PHASE_17,ACTIVE,NULL_STAGE_FIELD
q-subj-tamil-p17c-096585,tndge-tamilnadu,tndge-tamilnadu,NULL,general,subj-tamil,ta,paper-tn-sslc-tamil-2024,ver-tndge-tamilnadu-2026,HUMAN_CURATED,short_answer,0,HUMAN_CURATED,PHASE_17,ACTIVE,NULL_STAGE_FIELD
q-subj-tamil-p17c-096586,tndge-tamilnadu,tndge-tamilnadu,NULL,general,subj-tamil,ta,paper-tn-sslc-tamil-2024,ver-tndge-tamilnadu-2026,HUMAN_CURATED,single_mcq,0,HUMAN_CURATED,PHASE_17,ACTIVE,NULL_STAGE_FIELD
q-subj-tamil-p17c-096587,tndge-tamilnadu,tndge-tamilnadu,NULL,general,subj-tamil,ta,paper-tn-sslc-tamil-2024,ver-tndge-tamilnadu-2026,HUMAN_CURATED,short_answer,0,HUMAN_CURATED,PHASE_17,ACTIVE,NULL_STAGE_FIELD
q-subj-tamil-p17c-096588,tndge-tamilnadu,tndge-tamilnadu,NULL,general,subj-tamil,ta,paper-tn-sslc-tamil-2024,ver-tndge-tamilnadu-2026,HUMAN_CURATED,single_mcq,0,HUMAN_CURATED,PHASE_17,ACTIVE,NULL_STAGE_FIELD
q-subj-tamil-p17c-096589,tndge-tamilnadu,tndge-tamilnadu,NULL,general,subj-tamil,ta,paper-tn-sslc-tamil-2024,ver-tndge-tamilnadu-2026,HUMAN_CURATED,short_answer,0,HUMAN_CURATED,PHASE_17,ACTIVE,NULL_STAGE_FIELD
q-subj-tamil-p17c-096590,tndge-tamilnadu,tndge-tamilnadu,NULL,general,subj-tamil,ta,paper-tn-sslc-tamil-2024,ver-tndge-tamilnadu-2026,HUMAN_CURATED,single_mcq,0,HUMAN_CURATED,PHASE_17,ACTIVE,NULL_STAGE_FIELD
q-subj-tamil-p17c-096591,tndge-tamilnadu,tndge-tamilnadu,NULL,general,subj-tamil,ta,paper-tn-sslc-tamil-2024,ver-tndge-tamilnadu-2026,HUMAN_CURATED,short_answer,0,HUMAN_CURATED,PHASE_17,ACTIVE,NULL_STAGE_FIELD
q-subj-tamil-p17c-096592,tndge-tamilnadu,tndge-tamilnadu,NULL,general,subj-tamil,ta,paper-tn-sslc-tamil-2024,ver-tndge-tamilnadu-2026,HUMAN_CURATED,single_mcq,0,HUMAN_CURATED,PHASE_17,ACTIVE,NULL_STAGE_FIELD
q-subj-tamil-p17c-096593,tndge-tamilnadu,tndge-tamilnadu,NULL,general,subj-tamil,ta,paper-tn-sslc-tamil-2024,ver-tndge-tamilnadu-2026,HUMAN_CURATED,short_answer,0,HUMAN_CURATED,PHASE_17,ACTIVE,NULL_STAGE_FIELD
q-subj-tamil-p17c-096594,tndge-tamilnadu,tndge-tamilnadu,NULL,general,subj-tamil,ta,paper-tn-sslc-tamil-2024,ver-tndge-tamilnadu-2026,HUMAN_CURATED,single_mcq,0,HUMAN_CURATED,PHASE_17,ACTIVE,NULL_STAGE_FIELD
q-subj-tamil-p17c-096595,tndge-tamilnadu,tndge-tamilnadu,NULL,general,subj-tamil,ta,paper-tn-sslc-tamil-2024,ver-tndge-tamilnadu-2026,HUMAN_CURATED,short_answer,0,HUMAN_CURATED,PHASE_17,ACTIVE,NULL_STAGE_FIELD
q-subj-tamil-p17c-096596,tndge-tamilnadu,tndge-tamilnadu,NULL,general,subj-tamil,ta,paper-tn-sslc-tamil-2024,ver-tndge-tamilnadu-2026,HUMAN_CURATED,single_mcq,0,HUMAN_CURATED,PHASE_17,ACTIVE,NULL_STAGE_FIELD
q-subj-tamil-p17c-096597,tndge-tamilnadu,tndge-tamilnadu,NULL,general,subj-tamil,ta,paper-tn-sslc-tamil-2024,ver-tndge-tamilnadu-2026,HUMAN_CURATED,short_answer,0,HUMAN_CURATED,PHASE_17,ACTIVE,NULL_STAGE_FIELD
q-subj-tamil-p17c-096598,tndge-tamilnadu,tndge-tamilnadu,NULL,general,subj-tamil,ta,paper-tn-sslc-tamil-2024,ver-tndge-tamilnadu-2026,HUMAN_CURATED,single_mcq,0,HUMAN_CURATED,PHASE_17,ACTIVE,NULL_STAGE_FIELD
q-subj-tamil-p17c-096599,tndge-tamilnadu,tndge-tamilnadu,NULL,general,subj-tamil,ta,paper-tn-sslc-tamil-2024,ver-tndge-tamilnadu-2026,HUMAN_CURATED,short_answer,0,HUMAN_CURATED,PHASE_17,ACTIVE,NULL_STAGE_FIELD
q-subj-tamil-p17c-096600,tndge-tamilnadu,tndge-tamilnadu,NULL,general,subj-tamil,ta,paper-tn-sslc-tamil-2024,ver-tndge-tamilnadu-2026,HUMAN_CURATED,single_mcq,0,HUMAN_CURATED,PHASE_17,ACTIVE,NULL_STAGE_FIELD
q-subj-tamil-p17c-096601,tndge-tamilnadu,tndge-tamilnadu,NULL,general,subj-tamil,ta,paper-tn-sslc-tamil-2024,ver-tndge-tamilnadu-2026,HUMAN_CURATED,short_answer,0,HUMAN_CURATED,PHASE_17,ACTIVE,NULL_STAGE_FIELD
q-subj-tamil-p17c-096602,tndge-tamilnadu,tndge-tamilnadu,NULL,general,subj-tamil,ta,paper-tn-sslc-tamil-2024,ver-tndge-tamilnadu-2026,HUMAN_CURATED,single_mcq,0,HUMAN_CURATED,PHASE_17,ACTIVE,NULL_STAGE_FIELD
q-subj-tamil-p17c-096603,tndge-tamilnadu,tndge-tamilnadu,NULL,general,subj-tamil,ta,paper-tn-sslc-tamil-2024,ver-tndge-tamilnadu-2026,HUMAN_CURATED,short_answer,0,HUMAN_CURATED,PHASE_17,ACTIVE,NULL_STAGE_FIELD
q-subj-tamil-p17c-096604,tndge-tamilnadu,tndge-tamilnadu,NULL,general,subj-tamil,ta,paper-tn-sslc-tamil-2024,ver-tndge-tamilnadu-2026,HUMAN_CURATED,single_mcq,0,HUMAN_CURATED,PHASE_17,ACTIVE,NULL_STAGE_FIELD
q-subj-tamil-p17c-096605,tndge-tamilnadu,tndge-tamilnadu,NULL,general,subj-tamil,ta,paper-tn-sslc-tamil-2024,ver-tndge-tamilnadu-2026,HUMAN_CURATED,short_answer,0,HUMAN_CURATED,PHASE_17,ACTIVE,NULL_STAGE_FIELD
q-subj-tamil-p17c-096606,tndge-tamilnadu,tndge-tamilnadu,NULL,general,subj-tamil,ta,paper-tn-sslc-tamil-2024,ver-tndge-tamilnadu-2026,HUMAN_CURATED,single_mcq,0,HUMAN_CURATED,PHASE_17,ACTIVE,NULL_STAGE_FIELD
q-subj-tamil-p17c-096607,tndge-tamilnadu,tndge-tamilnadu,NULL,general,subj-tamil,ta,paper-tn-sslc-tamil-2024,ver-tndge-tamilnadu-2026,HUMAN_CURATED,short_answer,0,HUMAN_CURATED,PHASE_17,ACTIVE,NULL_STAGE_FIELD
q-subj-tamil-p17c-096608,tndge-tamilnadu,tndge-tamilnadu,NULL,general,subj-tamil,ta,paper-tn-sslc-tamil-2024,ver-tndge-tamilnadu-2026,HUMAN_CURATED,single_mcq,0,HUMAN_CURATED,PHASE_17,ACTIVE,NULL_STAGE_FIELD
q-subj-tamil-p17c-096609,tndge-tamilnadu,tndge-tamilnadu,NULL,general,subj-tamil,ta,paper-tn-sslc-tamil-2024,ver-tndge-tamilnadu-2026,HUMAN_CURATED,short_answer,0,HUMAN_CURATED,PHASE_17,ACTIVE,NULL_STAGE_FIELD
q-subj-tamil-p17c-096610,tndge-tamilnadu,tndge-tamilnadu,NULL,general,subj-tamil,ta,paper-tn-sslc-tamil-2024,ver-tndge-tamilnadu-2026,HUMAN_CURATED,single_mcq,0,HUMAN_CURATED,PHASE_17,ACTIVE,NULL_STAGE_FIELD
q-subj-tamil-p17c-096611,tndge-tamilnadu,tndge-tamilnadu,NULL,general,subj-tamil,ta,paper-tn-sslc-tamil-2024,ver-tndge-tamilnadu-2026,HUMAN_CURATED,short_answer,0,HUMAN_CURATED,PHASE_17,ACTIVE,NULL_STAGE_FIELD
q-subj-tamil-p17c-096612,tndge-tamilnadu,tndge-tamilnadu,NULL,general,subj-tamil,ta,paper-tn-sslc-tamil-2024,ver-tndge-tamilnadu-2026,HUMAN_CURATED,single_mcq,0,HUMAN_CURATED,PHASE_17,ACTIVE,NULL_STAGE_FIELD
q-subj-tamil-p17c-096613,tndge-tamilnadu,tndge-tamilnadu,NULL,general,subj-tamil,ta,paper-tn-sslc-tamil-2024,ver-tndge-tamilnadu-2026,HUMAN_CURATED,short_answer,0,HUMAN_CURATED,PHASE_17,ACTIVE,NULL_STAGE_FIELD
q-subj-tamil-p17c-096614,tndge-tamilnadu,tndge-tamilnadu,NULL,general,subj-tamil,ta,paper-tn-sslc-tamil-2024,ver-tndge-tamilnadu-2026,HUMAN_CURATED,single_mcq,0,HUMAN_CURATED,PHASE_17,ACTIVE,NULL_STAGE_FIELD
q-subj-tamil-p17c-096615,tndge-tamilnadu,tndge-tamilnadu,NULL,general,subj-tamil,ta,paper-tn-sslc-tamil-2024,ver-tndge-tamilnadu-2026,HUMAN_CURATED,short_answer,0,HUMAN_CURATED,PHASE_17,ACTIVE,NULL_STAGE_FIELD
q-subj-tamil-p17c-096616,tndge-tamilnadu,tndge-tamilnadu,NULL,general,subj-tamil,ta,paper-tn-sslc-tamil-2024,ver-tndge-tamilnadu-2026,HUMAN_CURATED,single_mcq,0,HUMAN_CURATED,PHASE_17,ACTIVE,NULL_STAGE_FIELD
q-subj-tamil-p17c-096617,tndge-tamilnadu,tndge-tamilnadu,NULL,general,subj-tamil,ta,paper-tn-sslc-tamil-2024,ver-tndge-tamilnadu-2026,HUMAN_CURATED,short_answer,0,HUMAN_CURATED,PHASE_17,ACTIVE,NULL_STAGE_FIELD
q-subj-tamil-p17c-096618,tndge-tamilnadu,tndge-tamilnadu,NULL,general,subj-tamil,ta,paper-tn-sslc-tamil-2024,ver-tndge-tamilnadu-2026,HUMAN_CURATED,single_mcq,0,HUMAN_CURATED,PHASE_17,ACTIVE,NULL_STAGE_FIELD
q-subj-tamil-p17c-096619,tndge-tamilnadu,tndge-tamilnadu,NULL,general,subj-tamil,ta,paper-tn-sslc-tamil-2024,ver-tndge-tamilnadu-2026,HUMAN_CURATED,short_answer,0,HUMAN_CURATED,PHASE_17,ACTIVE,NULL_STAGE_FIELD
q-subj-tamil-p17c-096620,tndge-tamilnadu,tndge-tamilnadu,NULL,general,subj-tamil,ta,paper-tn-sslc-tamil-2024,ver-tndge-tamilnadu-2026,HUMAN_CURATED,single_mcq,0,HUMAN_CURATED,PHASE_17,ACTIVE,NULL_STAGE_FIELD
q-subj-tamil-p17c-096621,tndge-tamilnadu,tndge-tamilnadu,NULL,general,subj-tamil,ta,paper-tn-sslc-tamil-2024,ver-tndge-tamilnadu-2026,HUMAN_CURATED,short_answer,0,HUMAN_CURATED,PHASE_17,ACTIVE,NULL_STAGE_FIELD
q-subj-tamil-p17c-096622,tndge-tamilnadu,tndge-tamilnadu,NULL,general,subj-tamil,ta,paper-tn-sslc-tamil-2024,ver-tndge-tamilnadu-2026,HUMAN_CURATED,single_mcq,0,HUMAN_CURATED,PHASE_17,ACTIVE,NULL_STAGE_FIELD
q-subj-tamil-p17c-096623,tndge-tamilnadu,tndge-tamilnadu,NULL,general,subj-tamil,ta,paper-tn-sslc-tamil-2024,ver-tndge-tamilnadu-2026,HUMAN_CURATED,short_answer,0,HUMAN_CURATED,PHASE_17,ACTIVE,NULL_STAGE_FIELD
q-subj-tamil-p17c-096624,tndge-tamilnadu,tndge-tamilnadu,NULL,general,subj-tamil,ta,paper-tn-sslc-tamil-2024,ver-tndge-tamilnadu-2026,HUMAN_CURATED,single_mcq,0,HUMAN_CURATED,PHASE_17,ACTIVE,NULL_STAGE_FIELD
q-subj-tamil-p17c-096625,tndge-tamilnadu,tndge-tamilnadu,NULL,general,subj-tamil,ta,paper-tn-sslc-tamil-2024,ver-tndge-tamilnadu-2026,HUMAN_CURATED,short_answer,0,HUMAN_CURATED,PHASE_17,ACTIVE,NULL_STAGE_FIELD
q-subj-tamil-p17c-096626,tndge-tamilnadu,tndge-tamilnadu,NULL,general,subj-tamil,ta,paper-tn-sslc-tamil-2024,ver-tndge-tamilnadu-2026,HUMAN_CURATED,single_mcq,0,HUMAN_CURATED,PHASE_17,ACTIVE,NULL_STAGE_FIELD
q-subj-tamil-p17c-096627,tndge-tamilnadu,tndge-tamilnadu,NULL,general,subj-tamil,ta,paper-tn-sslc-tamil-2024,ver-tndge-tamilnadu-2026,HUMAN_CURATED,short_answer,0,HUMAN_CURATED,PHASE_17,ACTIVE,NULL_STAGE_FIELD
q-subj-tamil-p17c-096628,tndge-tamilnadu,tndge-tamilnadu,NULL,general,subj-tamil,ta,paper-tn-sslc-tamil-2024,ver-tndge-tamilnadu-2026,HUMAN_CURATED,single_mcq,0,HUMAN_CURATED,PHASE_17,ACTIVE,NULL_STAGE_FIELD
q-subj-tamil-p17c-096629,tndge-tamilnadu,tndge-tamilnadu,NULL,general,subj-tamil,ta,paper-tn-sslc-tamil-2024,ver-tndge-tamilnadu-2026,HUMAN_CURATED,short_answer,0,HUMAN_CURATED,PHASE_17,ACTIVE,NULL_STAGE_FIELD
q-subj-tamil-p17c-096630,tndge-tamilnadu,tndge-tamilnadu,NULL,general,subj-tamil,ta,paper-tn-sslc-tamil-2024,ver-tndge-tamilnadu-2026,HUMAN_CURATED,single_mcq,0,HUMAN_CURATED,PHASE_17,ACTIVE,NULL_STAGE_FIELD
q-subj-tamil-p17c-096631,tndge-tamilnadu,tndge-tamilnadu,NULL,general,subj-tamil,ta,paper-tn-sslc-tamil-2024,ver-tndge-tamilnadu-2026,HUMAN_CURATED,short_answer,0,HUMAN_CURATED,PHASE_17,ACTIVE,NULL_STAGE_FIELD
q-subj-tamil-p17c-096632,tndge-tamilnadu,tndge-tamilnadu,NULL,general,subj-tamil,ta,paper-tn-sslc-tamil-2024,ver-tndge-tamilnadu-2026,HUMAN_CURATED,single_mcq,0,HUMAN_CURATED,PHASE_17,ACTIVE,NULL_STAGE_FIELD
q-subj-tamil-p17c-096633,tndge-tamilnadu,tndge-tamilnadu,NULL,general,subj-tamil,ta,paper-tn-sslc-tamil-2024,ver-tndge-tamilnadu-2026,HUMAN_CURATED,short_answer,0,HUMAN_CURATED,PHASE_17,ACTIVE,NULL_STAGE_FIELD
q-subj-tamil-p17c-096634,tndge-tamilnadu,tndge-tamilnadu,NULL,general,subj-tamil,ta,paper-tn-sslc-tamil-2024,ver-tndge-tamilnadu-2026,HUMAN_CURATED,single_mcq,0,HUMAN_CURATED,PHASE_17,ACTIVE,NULL_STAGE_FIELD
q-subj-tamil-p17c-096635,tndge-tamilnadu,tndge-tamilnadu,NULL,general,subj-tamil,ta,paper-tn-sslc-tamil-2024,ver-tndge-tamilnadu-2026,HUMAN_CURATED,short_answer,0,HUMAN_CURATED,PHASE_17,ACTIVE,NULL_STAGE_FIELD
q-subj-tamil-p17c-096636,tndge-tamilnadu,tndge-tamilnadu,NULL,general,subj-tamil,ta,paper-tn-sslc-tamil-2024,ver-tndge-tamilnadu-2026,HUMAN_CURATED,single_mcq,0,HUMAN_CURATED,PHASE_17,ACTIVE,NULL_STAGE_FIELD
q-subj-tamil-p17c-096637,tndge-tamilnadu,tndge-tamilnadu,NULL,general,subj-tamil,ta,paper-tn-sslc-tamil-2024,ver-tndge-tamilnadu-2026,HUMAN_CURATED,short_answer,0,HUMAN_CURATED,PHASE_17,ACTIVE,NULL_STAGE_FIELD
q-subj-tamil-p17c-096638,tndge-tamilnadu,tndge-tamilnadu,NULL,general,subj-tamil,ta,paper-tn-sslc-tamil-2024,ver-tndge-tamilnadu-2026,HUMAN_CURATED,single_mcq,0,HUMAN_CURATED,PHASE_17,ACTIVE,NULL_STAGE_FIELD
q-subj-tamil-p17c-096639,tndge-tamilnadu,tndge-tamilnadu,NULL,general,subj-tamil,ta,paper-tn-sslc-tamil-2024,ver-tndge-tamilnadu-2026,HUMAN_CURATED,short_answer,0,HUMAN_CURATED,PHASE_17,ACTIVE,NULL_STAGE_FIELD
q-subj-tamil-p17c-096640,tndge-tamilnadu,tndge-tamilnadu,NULL,general,subj-tamil,ta,paper-tn-sslc-tamil-2024,ver-tndge-tamilnadu-2026,HUMAN_CURATED,single_mcq,0,HUMAN_CURATED,PHASE_17,ACTIVE,NULL_STAGE_FIELD
q-subj-tamil-p17c-096641,tndge-tamilnadu,tndge-tamilnadu,NULL,general,subj-tamil,ta,paper-tn-sslc-tamil-2024,ver-tndge-tamilnadu-2026,HUMAN_CURATED,short_answer,0,HUMAN_CURATED,PHASE_17,ACTIVE,NULL_STAGE_FIELD
q-subj-tamil-p17c-096642,tndge-tamilnadu,tndge-tamilnadu,NULL,general,subj-tamil,ta,paper-tn-sslc-tamil-2024,ver-tndge-tamilnadu-2026,HUMAN_CURATED,single_mcq,0,HUMAN_CURATED,PHASE_17,ACTIVE,NULL_STAGE_FIELD
q-subj-tamil-p17c-096643,tndge-tamilnadu,tndge-tamilnadu,NULL,general,subj-tamil,ta,paper-tn-sslc-tamil-2024,ver-tndge-tamilnadu-2026,HUMAN_CURATED,short_answer,0,HUMAN_CURATED,PHASE_17,ACTIVE,NULL_STAGE_FIELD
q-subj-tamil-p17c-096644,tndge-tamilnadu,tndge-tamilnadu,NULL,general,subj-tamil,ta,paper-tn-sslc-tamil-2024,ver-tndge-tamilnadu-2026,HUMAN_CURATED,single_mcq,0,HUMAN_CURATED,PHASE_17,ACTIVE,NULL_STAGE_FIELD
q-subj-tamil-p17c-096645,tndge-tamilnadu,tndge-tamilnadu,NULL,general,subj-tamil,ta,paper-tn-sslc-tamil-2024,ver-tndge-tamilnadu-2026,HUMAN_CURATED,short_answer,0,HUMAN_CURATED,PHASE_17,ACTIVE,NULL_STAGE_FIELD
q-subj-tamil-p17c-096646,tndge-tamilnadu,tndge-tamilnadu,NULL,general,subj-tamil,ta,paper-tn-sslc-tamil-2024,ver-tndge-tamilnadu-2026,HUMAN_CURATED,single_mcq,0,HUMAN_CURATED,PHASE_17,ACTIVE,NULL_STAGE_FIELD
q-subj-tamil-p17c-096647,tndge-tamilnadu,tndge-tamilnadu,NULL,general,subj-tamil,ta,paper-tn-sslc-tamil-2024,ver-tndge-tamilnadu-2026,HUMAN_CURATED,short_answer,0,HUMAN_CURATED,PHASE_17,ACTIVE,NULL_STAGE_FIELD
q-subj-tamil-p17c-096648,tndge-tamilnadu,tndge-tamilnadu,NULL,general,subj-tamil,ta,paper-tn-sslc-tamil-2024,ver-tndge-tamilnadu-2026,HUMAN_CURATED,single_mcq,0,HUMAN_CURATED,PHASE_17,ACTIVE,NULL_STAGE_FIELD
q-subj-tamil-p17c-096649,tndge-tamilnadu,tndge-tamilnadu,NULL,general,subj-tamil,ta,paper-tn-sslc-tamil-2024,ver-tndge-tamilnadu-2026,HUMAN_CURATED,short_answer,0,HUMAN_CURATED,PHASE_17,ACTIVE,NULL_STAGE_FIELD
q-subj-tamil-p17c-096650,tndge-tamilnadu,tndge-tamilnadu,NULL,general,subj-tamil,ta,paper-tn-sslc-tamil-2024,ver-tndge-tamilnadu-2026,HUMAN_CURATED,single_mcq,0,HUMAN_CURATED,PHASE_17,ACTIVE,NULL_STAGE_FIELD
q-subj-tamil-p17c-096651,tndge-tamilnadu,tndge-tamilnadu,NULL,general,subj-tamil,ta,paper-tn-sslc-tamil-2024,ver-tndge-tamilnadu-2026,HUMAN_CURATED,short_answer,0,HUMAN_CURATED,PHASE_17,ACTIVE,NULL_STAGE_FIELD
q-subj-tamil-p17c-096652,tndge-tamilnadu,tndge-tamilnadu,NULL,general,subj-tamil,ta,paper-tn-sslc-tamil-2024,ver-tndge-tamilnadu-2026,HUMAN_CURATED,single_mcq,0,HUMAN_CURATED,PHASE_17,ACTIVE,NULL_STAGE_FIELD
q-subj-tamil-p17c-096653,tndge-tamilnadu,tndge-tamilnadu,NULL,general,subj-tamil,ta,paper-tn-sslc-tamil-2024,ver-tndge-tamilnadu-2026,HUMAN_CURATED,short_answer,0,HUMAN_CURATED,PHASE_17,ACTIVE,NULL_STAGE_FIELD
q-subj-tamil-p17c-096654,tndge-tamilnadu,tndge-tamilnadu,NULL,general,subj-tamil,ta,paper-tn-sslc-tamil-2024,ver-tndge-tamilnadu-2026,HUMAN_CURATED,single_mcq,0,HUMAN_CURATED,PHASE_17,ACTIVE,NULL_STAGE_FIELD
q-subj-tamil-p17c-096655,tndge-tamilnadu,tndge-tamilnadu,NULL,general,subj-tamil,ta,paper-tn-sslc-tamil-2024,ver-tndge-tamilnadu-2026,HUMAN_CURATED,short_answer,0,HUMAN_CURATED,PHASE_17,ACTIVE,NULL_STAGE_FIELD
q-subj-tamil-p17c-096656,tndge-tamilnadu,tndge-tamilnadu,NULL,general,subj-tamil,ta,paper-tn-sslc-tamil-2024,ver-tndge-tamilnadu-2026,HUMAN_CURATED,single_mcq,0,HUMAN_CURATED,PHASE_17,ACTIVE,NULL_STAGE_FIELD
q-subj-tamil-p17c-096657,tndge-tamilnadu,tndge-tamilnadu,NULL,general,subj-tamil,ta,paper-tn-sslc-tamil-2024,ver-tndge-tamilnadu-2026,HUMAN_CURATED,short_answer,0,HUMAN_CURATED,PHASE_17,ACTIVE,NULL_STAGE_FIELD
q-subj-tamil-p17c-096658,tndge-tamilnadu,tndge-tamilnadu,NULL,general,subj-tamil,ta,paper-tn-sslc-tamil-2024,ver-tndge-tamilnadu-2026,HUMAN_CURATED,single_mcq,0,HUMAN_CURATED,PHASE_17,ACTIVE,NULL_STAGE_FIELD
q-subj-tamil-p17c-096659,tndge-tamilnadu,tndge-tamilnadu,NULL,general,subj-tamil,ta,paper-tn-sslc-tamil-2024,ver-tndge-tamilnadu-2026,HUMAN_CURATED,short_answer,0,HUMAN_CURATED,PHASE_17,ACTIVE,NULL_STAGE_FIELD
q-subj-tamil-p17c-096660,tndge-tamilnadu,tndge-tamilnadu,NULL,general,subj-tamil,ta,paper-tn-sslc-tamil-2024,ver-tndge-tamilnadu-2026,HUMAN_CURATED,single_mcq,0,HUMAN_CURATED,PHASE_17,ACTIVE,NULL_STAGE_FIELD
q-subj-tamil-p17c-096661,tndge-tamilnadu,tndge-tamilnadu,NULL,general,subj-tamil,ta,paper-tn-sslc-tamil-2024,ver-tndge-tamilnadu-2026,HUMAN_CURATED,short_answer,0,HUMAN_CURATED,PHASE_17,ACTIVE,NULL_STAGE_FIELD
q-subj-tamil-p17c-096662,tndge-tamilnadu,tndge-tamilnadu,NULL,general,subj-tamil,ta,paper-tn-sslc-tamil-2024,ver-tndge-tamilnadu-2026,HUMAN_CURATED,single_mcq,0,HUMAN_CURATED,PHASE_17,ACTIVE,NULL_STAGE_FIELD
q-subj-tamil-p17c-096663,tndge-tamilnadu,tndge-tamilnadu,NULL,general,subj-tamil,ta,paper-tn-sslc-tamil-2024,ver-tndge-tamilnadu-2026,HUMAN_CURATED,short_answer,0,HUMAN_CURATED,PHASE_17,ACTIVE,NULL_STAGE_FIELD
q-subj-tamil-p17c-096664,tndge-tamilnadu,tndge-tamilnadu,NULL,general,subj-tamil,ta,paper-tn-sslc-tamil-2024,ver-tndge-tamilnadu-2026,HUMAN_CURATED,single_mcq,0,HUMAN_CURATED,PHASE_17,ACTIVE,NULL_STAGE_FIELD
q-subj-tamil-p17c-096665,tndge-tamilnadu,tndge-tamilnadu,NULL,general,subj-tamil,ta,paper-tn-sslc-tamil-2024,ver-tndge-tamilnadu-2026,HUMAN_CURATED,short_answer,0,HUMAN_CURATED,PHASE_17,ACTIVE,NULL_STAGE_FIELD
q-subj-tamil-p17c-096666,tndge-tamilnadu,tndge-tamilnadu,NULL,general,subj-tamil,ta,paper-tn-sslc-tamil-2024,ver-tndge-tamilnadu-2026,HUMAN_CURATED,single_mcq,0,HUMAN_CURATED,PHASE_17,ACTIVE,NULL_STAGE_FIELD
q-subj-tamil-p17c-096667,tndge-tamilnadu,tndge-tamilnadu,NULL,general,subj-tamil,ta,paper-tn-sslc-tamil-2024,ver-tndge-tamilnadu-2026,HUMAN_CURATED,short_answer,0,HUMAN_CURATED,PHASE_17,ACTIVE,NULL_STAGE_FIELD
q-subj-tamil-p17c-096668,tndge-tamilnadu,tndge-tamilnadu,NULL,general,subj-tamil,ta,paper-tn-sslc-tamil-2024,ver-tndge-tamilnadu-2026,HUMAN_CURATED,single_mcq,0,HUMAN_CURATED,PHASE_17,ACTIVE,NULL_STAGE_FIELD
q-subj-tamil-p17c-096669,tndge-tamilnadu,tndge-tamilnadu,NULL,general,subj-tamil,ta,paper-tn-sslc-tamil-2024,ver-tndge-tamilnadu-2026,HUMAN_CURATED,short_answer,0,HUMAN_CURATED,PHASE_17,ACTIVE,NULL_STAGE_FIELD
q-subj-tamil-p17c-096670,tndge-tamilnadu,tndge-tamilnadu,NULL,general,subj-tamil,ta,paper-tn-sslc-tamil-2024,ver-tndge-tamilnadu-2026,HUMAN_CURATED,single_mcq,0,HUMAN_CURATED,PHASE_17,ACTIVE,NULL_STAGE_FIELD
q-subj-tamil-p17c-096671,tndge-tamilnadu,tndge-tamilnadu,NULL,general,subj-tamil,ta,paper-tn-sslc-tamil-2024,ver-tndge-tamilnadu-2026,HUMAN_CURATED,short_answer,0,HUMAN_CURATED,PHASE_17,ACTIVE,NULL_STAGE_FIELD
q-subj-tamil-p17c-096672,tndge-tamilnadu,tndge-tamilnadu,NULL,general,subj-tamil,ta,paper-tn-sslc-tamil-2024,ver-tndge-tamilnadu-2026,HUMAN_CURATED,single_mcq,0,HUMAN_CURATED,PHASE_17,ACTIVE,NULL_STAGE_FIELD
q-subj-tamil-p17c-096673,tndge-tamilnadu,tndge-tamilnadu,NULL,general,subj-tamil,ta,paper-tn-sslc-tamil-2024,ver-tndge-tamilnadu-2026,HUMAN_CURATED,short_answer,0,HUMAN_CURATED,PHASE_17,ACTIVE,NULL_STAGE_FIELD
q-subj-tamil-p17c-096674,tndge-tamilnadu,tndge-tamilnadu,NULL,general,subj-tamil,ta,paper-tn-sslc-tamil-2024,ver-tndge-tamilnadu-2026,HUMAN_CURATED,single_mcq,0,HUMAN_CURATED,PHASE_17,ACTIVE,NULL_STAGE_FIELD
q-subj-tamil-p17c-096675,tndge-tamilnadu,tndge-tamilnadu,NULL,general,subj-tamil,ta,paper-tn-sslc-tamil-2024,ver-tndge-tamilnadu-2026,HUMAN_CURATED,short_answer,0,HUMAN_CURATED,PHASE_17,ACTIVE,NULL_STAGE_FIELD
q-subj-tamil-p17c-096676,tndge-tamilnadu,tndge-tamilnadu,NULL,general,subj-tamil,ta,paper-tn-sslc-tamil-2024,ver-tndge-tamilnadu-2026,HUMAN_CURATED,single_mcq,0,HUMAN_CURATED,PHASE_17,ACTIVE,NULL_STAGE_FIELD
q-subj-tamil-p17c-096677,tndge-tamilnadu,tndge-tamilnadu,NULL,general,subj-tamil,ta,paper-tn-sslc-tamil-2024,ver-tndge-tamilnadu-2026,HUMAN_CURATED,short_answer,0,HUMAN_CURATED,PHASE_17,ACTIVE,NULL_STAGE_FIELD
q-subj-tamil-p17c-096678,tndge-tamilnadu,tndge-tamilnadu,NULL,general,subj-tamil,ta,paper-tn-sslc-tamil-2024,ver-tndge-tamilnadu-2026,HUMAN_CURATED,single_mcq,0,HUMAN_CURATED,PHASE_17,ACTIVE,NULL_STAGE_FIELD
q-subj-tamil-p17c-096679,tndge-tamilnadu,tndge-tamilnadu,NULL,general,subj-tamil,ta,paper-tn-sslc-tamil-2024,ver-tndge-tamilnadu-2026,HUMAN_CURATED,short_answer,0,HUMAN_CURATED,PHASE_17,ACTIVE,NULL_STAGE_FIELD
q-subj-tamil-p17c-096680,tndge-tamilnadu,tndge-tamilnadu,NULL,general,subj-tamil,ta,paper-tn-sslc-tamil-2024,ver-tndge-tamilnadu-2026,HUMAN_CURATED,single_mcq,0,HUMAN_CURATED,PHASE_17,ACTIVE,NULL_STAGE_FIELD
q-subj-tamil-p17c-096681,tndge-tamilnadu,tndge-tamilnadu,NULL,general,subj-tamil,ta,paper-tn-sslc-tamil-2024,ver-tndge-tamilnadu-2026,HUMAN_CURATED,short_answer,0,HUMAN_CURATED,PHASE_17,ACTIVE,NULL_STAGE_FIELD
q-subj-tamil-p17c-096682,tndge-tamilnadu,tndge-tamilnadu,NULL,general,subj-tamil,ta,paper-tn-sslc-tamil-2024,ver-tndge-tamilnadu-2026,HUMAN_CURATED,single_mcq,0,HUMAN_CURATED,PHASE_17,ACTIVE,NULL_STAGE_FIELD
q-subj-tamil-p17c-096683,tndge-tamilnadu,tndge-tamilnadu,NULL,general,subj-tamil,ta,paper-tn-sslc-tamil-2024,ver-tndge-tamilnadu-2026,HUMAN_CURATED,short_answer,0,HUMAN_CURATED,PHASE_17,ACTIVE,NULL_STAGE_FIELD
q-subj-tamil-p17c-096684,tndge-tamilnadu,tndge-tamilnadu,NULL,general,subj-tamil,ta,paper-tn-sslc-tamil-2024,ver-tndge-tamilnadu-2026,HUMAN_CURATED,single_mcq,0,HUMAN_CURATED,PHASE_17,ACTIVE,NULL_STAGE_FIELD
q-subj-tamil-p17c-096685,tndge-tamilnadu,tndge-tamilnadu,NULL,general,subj-tamil,ta,paper-tn-sslc-tamil-2024,ver-tndge-tamilnadu-2026,HUMAN_CURATED,short_answer,0,HUMAN_CURATED,PHASE_17,ACTIVE,NULL_STAGE_FIELD
q-subj-tamil-p17c-096686,tndge-tamilnadu,tndge-tamilnadu,NULL,general,subj-tamil,ta,paper-tn-sslc-tamil-2024,ver-tndge-tamilnadu-2026,HUMAN_CURATED,single_mcq,0,HUMAN_CURATED,PHASE_17,ACTIVE,NULL_STAGE_FIELD
q-subj-tamil-p17c-096687,tndge-tamilnadu,tndge-tamilnadu,NULL,general,subj-tamil,ta,paper-tn-sslc-tamil-2024,ver-tndge-tamilnadu-2026,HUMAN_CURATED,short_answer,0,HUMAN_CURATED,PHASE_17,ACTIVE,NULL_STAGE_FIELD
q-subj-tamil-p17c-096688,tndge-tamilnadu,tndge-tamilnadu,NULL,general,subj-tamil,ta,paper-tn-sslc-tamil-2024,ver-tndge-tamilnadu-2026,HUMAN_CURATED,single_mcq,0,HUMAN_CURATED,PHASE_17,ACTIVE,NULL_STAGE_FIELD
q-subj-tamil-p17c-096689,tndge-tamilnadu,tndge-tamilnadu,NULL,general,subj-tamil,ta,paper-tn-sslc-tamil-2024,ver-tndge-tamilnadu-2026,HUMAN_CURATED,short_answer,0,HUMAN_CURATED,PHASE_17,ACTIVE,NULL_STAGE_FIELD
q-subj-tamil-p17c-096690,tndge-tamilnadu,tndge-tamilnadu,NULL,general,subj-tamil,ta,paper-tn-sslc-tamil-2024,ver-tndge-tamilnadu-2026,HUMAN_CURATED,single_mcq,0,HUMAN_CURATED,PHASE_17,ACTIVE,NULL_STAGE_FIELD
q-subj-tamil-p17c-096691,tndge-tamilnadu,tndge-tamilnadu,NULL,general,subj-tamil,ta,paper-tn-sslc-tamil-2024,ver-tndge-tamilnadu-2026,HUMAN_CURATED,short_answer,0,HUMAN_CURATED,PHASE_17,ACTIVE,NULL_STAGE_FIELD
q-subj-tamil-p17c-096692,tndge-tamilnadu,tndge-tamilnadu,NULL,general,subj-tamil,ta,paper-tn-sslc-tamil-2024,ver-tndge-tamilnadu-2026,HUMAN_CURATED,single_mcq,0,HUMAN_CURATED,PHASE_17,ACTIVE,NULL_STAGE_FIELD
q-subj-tamil-p17c-096693,tndge-tamilnadu,tndge-tamilnadu,NULL,general,subj-tamil,ta,paper-tn-sslc-tamil-2024,ver-tndge-tamilnadu-2026,HUMAN_CURATED,short_answer,0,HUMAN_CURATED,PHASE_17,ACTIVE,NULL_STAGE_FIELD
q-subj-tamil-p17c-096694,tndge-tamilnadu,tndge-tamilnadu,NULL,general,subj-tamil,ta,paper-tn-sslc-tamil-2024,ver-tndge-tamilnadu-2026,HUMAN_CURATED,single_mcq,0,HUMAN_CURATED,PHASE_17,ACTIVE,NULL_STAGE_FIELD
q-subj-tamil-p17c-096695,tndge-tamilnadu,tndge-tamilnadu,NULL,general,subj-tamil,ta,paper-tn-sslc-tamil-2024,ver-tndge-tamilnadu-2026,HUMAN_CURATED,short_answer,0,HUMAN_CURATED,PHASE_17,ACTIVE,NULL_STAGE_FIELD
q-subj-tamil-p17c-096696,tndge-tamilnadu,tndge-tamilnadu,NULL,general,subj-tamil,ta,paper-tn-sslc-tamil-2024,ver-tndge-tamilnadu-2026,HUMAN_CURATED,single_mcq,0,HUMAN_CURATED,PHASE_17,ACTIVE,NULL_STAGE_FIELD
q-subj-tamil-p17c-096697,tndge-tamilnadu,tndge-tamilnadu,NULL,general,subj-tamil,ta,paper-tn-sslc-tamil-2024,ver-tndge-tamilnadu-2026,HUMAN_CURATED,short_answer,0,HUMAN_CURATED,PHASE_17,ACTIVE,NULL_STAGE_FIELD
q-subj-tamil-p17c-096698,tndge-tamilnadu,tndge-tamilnadu,NULL,general,subj-tamil,ta,paper-tn-sslc-tamil-2024,ver-tndge-tamilnadu-2026,HUMAN_CURATED,single_mcq,0,HUMAN_CURATED,PHASE_17,ACTIVE,NULL_STAGE_FIELD
q-subj-tamil-p17c-096699,tndge-tamilnadu,tndge-tamilnadu,NULL,general,subj-tamil,ta,paper-tn-sslc-tamil-2024,ver-tndge-tamilnadu-2026,HUMAN_CURATED,short_answer,0,HUMAN_CURATED,PHASE_17,ACTIVE,NULL_STAGE_FIELD
q-subj-tamil-p17c-096700,tndge-tamilnadu,tndge-tamilnadu,NULL,general,subj-tamil,ta,paper-tn-sslc-tamil-2024,ver-tndge-tamilnadu-2026,HUMAN_CURATED,single_mcq,0,HUMAN_CURATED,PHASE_17,ACTIVE,NULL_STAGE_FIELD
q-subj-tamil-p17c-096701,tndge-tamilnadu,tndge-tamilnadu,NULL,general,subj-tamil,ta,paper-tn-sslc-tamil-2024,ver-tndge-tamilnadu-2026,HUMAN_CURATED,short_answer,0,HUMAN_CURATED,PHASE_17,ACTIVE,NULL_STAGE_FIELD
q-subj-tamil-p17c-096702,tndge-tamilnadu,tndge-tamilnadu,NULL,general,subj-tamil,ta,paper-tn-sslc-tamil-2024,ver-tndge-tamilnadu-2026,HUMAN_CURATED,single_mcq,0,HUMAN_CURATED,PHASE_17,ACTIVE,NULL_STAGE_FIELD
q-subj-tamil-p17c-096703,tndge-tamilnadu,tndge-tamilnadu,NULL,general,subj-tamil,ta,paper-tn-sslc-tamil-2024,ver-tndge-tamilnadu-2026,HUMAN_CURATED,short_answer,0,HUMAN_CURATED,PHASE_17,ACTIVE,NULL_STAGE_FIELD
q-subj-tamil-p17c-096704,tndge-tamilnadu,tndge-tamilnadu,NULL,general,subj-tamil,ta,paper-tn-sslc-tamil-2024,ver-tndge-tamilnadu-2026,HUMAN_CURATED,single_mcq,0,HUMAN_CURATED,PHASE_17,ACTIVE,NULL_STAGE_FIELD
q-subj-tamil-p17c-096705,tndge-tamilnadu,tndge-tamilnadu,NULL,general,subj-tamil,ta,paper-tn-sslc-tamil-2024,ver-tndge-tamilnadu-2026,HUMAN_CURATED,short_answer,0,HUMAN_CURATED,PHASE_17,ACTIVE,NULL_STAGE_FIELD
q-subj-tamil-p17c-096706,tndge-tamilnadu,tndge-tamilnadu,NULL,general,subj-tamil,ta,paper-tn-sslc-tamil-2024,ver-tndge-tamilnadu-2026,HUMAN_CURATED,single_mcq,0,HUMAN_CURATED,PHASE_17,ACTIVE,NULL_STAGE_FIELD
q-subj-tamil-p17c-096707,tndge-tamilnadu,tndge-tamilnadu,NULL,general,subj-tamil,ta,paper-tn-sslc-tamil-2024,ver-tndge-tamilnadu-2026,HUMAN_CURATED,short_answer,0,HUMAN_CURATED,PHASE_17,ACTIVE,NULL_STAGE_FIELD
q-subj-tamil-p17c-096708,tndge-tamilnadu,tndge-tamilnadu,NULL,general,subj-tamil,ta,paper-tn-sslc-tamil-2024,ver-tndge-tamilnadu-2026,HUMAN_CURATED,single_mcq,0,HUMAN_CURATED,PHASE_17,ACTIVE,NULL_STAGE_FIELD
q-subj-tamil-p17c-096709,tndge-tamilnadu,tndge-tamilnadu,NULL,general,subj-tamil,ta,paper-tn-sslc-tamil-2024,ver-tndge-tamilnadu-2026,HUMAN_CURATED,short_answer,0,HUMAN_CURATED,PHASE_17,ACTIVE,NULL_STAGE_FIELD
q-subj-tamil-p17c-096710,tndge-tamilnadu,tndge-tamilnadu,NULL,general,subj-tamil,ta,paper-tn-sslc-tamil-2024,ver-tndge-tamilnadu-2026,HUMAN_CURATED,single_mcq,0,HUMAN_CURATED,PHASE_17,ACTIVE,NULL_STAGE_FIELD
q-subj-tamil-p17c-096711,tndge-tamilnadu,tndge-tamilnadu,NULL,general,subj-tamil,ta,paper-tn-sslc-tamil-2024,ver-tndge-tamilnadu-2026,HUMAN_CURATED,short_answer,0,HUMAN_CURATED,PHASE_17,ACTIVE,NULL_STAGE_FIELD
q-subj-tamil-p17c-096712,tndge-tamilnadu,tndge-tamilnadu,NULL,general,subj-tamil,ta,paper-tn-sslc-tamil-2024,ver-tndge-tamilnadu-2026,HUMAN_CURATED,single_mcq,0,HUMAN_CURATED,PHASE_17,ACTIVE,NULL_STAGE_FIELD
q-subj-tamil-p17c-096713,tndge-tamilnadu,tndge-tamilnadu,NULL,general,subj-tamil,ta,paper-tn-sslc-tamil-2024,ver-tndge-tamilnadu-2026,HUMAN_CURATED,short_answer,0,HUMAN_CURATED,PHASE_17,ACTIVE,NULL_STAGE_FIELD
q-subj-tamil-p17c-096714,tndge-tamilnadu,tndge-tamilnadu,NULL,general,subj-tamil,ta,paper-tn-sslc-tamil-2024,ver-tndge-tamilnadu-2026,HUMAN_CURATED,single_mcq,0,HUMAN_CURATED,PHASE_17,ACTIVE,NULL_STAGE_FIELD
q-subj-tamil-p17c-096715,tndge-tamilnadu,tndge-tamilnadu,NULL,general,subj-tamil,ta,paper-tn-sslc-tamil-2024,ver-tndge-tamilnadu-2026,HUMAN_CURATED,short_answer,0,HUMAN_CURATED,PHASE_17,ACTIVE,NULL_STAGE_FIELD
q-subj-tamil-p17c-096716,tndge-tamilnadu,tndge-tamilnadu,NULL,general,subj-tamil,ta,paper-tn-sslc-tamil-2024,ver-tndge-tamilnadu-2026,HUMAN_CURATED,single_mcq,0,HUMAN_CURATED,PHASE_17,ACTIVE,NULL_STAGE_FIELD
q-subj-tamil-p17c-096717,tndge-tamilnadu,tndge-tamilnadu,NULL,general,subj-tamil,ta,paper-tn-sslc-tamil-2024,ver-tndge-tamilnadu-2026,HUMAN_CURATED,short_answer,0,HUMAN_CURATED,PHASE_17,ACTIVE,NULL_STAGE_FIELD
q-subj-tamil-p17c-096718,tndge-tamilnadu,tndge-tamilnadu,NULL,general,subj-tamil,ta,paper-tn-sslc-tamil-2024,ver-tndge-tamilnadu-2026,HUMAN_CURATED,single_mcq,0,HUMAN_CURATED,PHASE_17,ACTIVE,NULL_STAGE_FIELD
q-subj-tamil-p17c-096719,tndge-tamilnadu,tndge-tamilnadu,NULL,general,subj-tamil,ta,paper-tn-sslc-tamil-2024,ver-tndge-tamilnadu-2026,HUMAN_CURATED,short_answer,0,HUMAN_CURATED,PHASE_17,ACTIVE,NULL_STAGE_FIELD
q-subj-tamil-p17c-096720,tndge-tamilnadu,tndge-tamilnadu,NULL,general,subj-tamil,ta,paper-tn-sslc-tamil-2024,ver-tndge-tamilnadu-2026,HUMAN_CURATED,single_mcq,0,HUMAN_CURATED,PHASE_17,ACTIVE,NULL_STAGE_FIELD
q-subj-tamil-p17c-096721,tndge-tamilnadu,tndge-tamilnadu,NULL,general,subj-tamil,ta,paper-tn-sslc-tamil-2024,ver-tndge-tamilnadu-2026,HUMAN_CURATED,short_answer,0,HUMAN_CURATED,PHASE_17,ACTIVE,NULL_STAGE_FIELD
q-subj-tamil-p17c-096722,tndge-tamilnadu,tndge-tamilnadu,NULL,general,subj-tamil,ta,paper-tn-sslc-tamil-2024,ver-tndge-tamilnadu-2026,HUMAN_CURATED,single_mcq,0,HUMAN_CURATED,PHASE_17,ACTIVE,NULL_STAGE_FIELD
q-subj-tamil-p17c-096723,tndge-tamilnadu,tndge-tamilnadu,NULL,general,subj-tamil,ta,paper-tn-sslc-tamil-2024,ver-tndge-tamilnadu-2026,HUMAN_CURATED,short_answer,0,HUMAN_CURATED,PHASE_17,ACTIVE,NULL_STAGE_FIELD
q-subj-tamil-p17c-096724,tndge-tamilnadu,tndge-tamilnadu,NULL,general,subj-tamil,ta,paper-tn-sslc-tamil-2024,ver-tndge-tamilnadu-2026,HUMAN_CURATED,single_mcq,0,HUMAN_CURATED,PHASE_17,ACTIVE,NULL_STAGE_FIELD
q-subj-tamil-p17c-096725,tndge-tamilnadu,tndge-tamilnadu,NULL,general,subj-tamil,ta,paper-tn-sslc-tamil-2024,ver-tndge-tamilnadu-2026,HUMAN_CURATED,short_answer,0,HUMAN_CURATED,PHASE_17,ACTIVE,NULL_STAGE_FIELD
q-subj-tamil-p17c-096726,tndge-tamilnadu,tndge-tamilnadu,NULL,general,subj-tamil,ta,paper-tn-sslc-tamil-2024,ver-tndge-tamilnadu-2026,HUMAN_CURATED,single_mcq,0,HUMAN_CURATED,PHASE_17,ACTIVE,NULL_STAGE_FIELD
q-subj-tamil-p17c-096727,tndge-tamilnadu,tndge-tamilnadu,NULL,general,subj-tamil,ta,paper-tn-sslc-tamil-2024,ver-tndge-tamilnadu-2026,HUMAN_CURATED,short_answer,0,HUMAN_CURATED,PHASE_17,ACTIVE,NULL_STAGE_FIELD
q-subj-tamil-p17c-096728,tndge-tamilnadu,tndge-tamilnadu,NULL,general,subj-tamil,ta,paper-tn-sslc-tamil-2024,ver-tndge-tamilnadu-2026,HUMAN_CURATED,single_mcq,0,HUMAN_CURATED,PHASE_17,ACTIVE,NULL_STAGE_FIELD
q-subj-tamil-p17c-096729,tndge-tamilnadu,tndge-tamilnadu,NULL,general,subj-tamil,ta,paper-tn-sslc-tamil-2024,ver-tndge-tamilnadu-2026,HUMAN_CURATED,short_answer,0,HUMAN_CURATED,PHASE_17,ACTIVE,NULL_STAGE_FIELD
q-subj-tamil-p17c-096730,tndge-tamilnadu,tndge-tamilnadu,NULL,general,subj-tamil,ta,paper-tn-sslc-tamil-2024,ver-tndge-tamilnadu-2026,HUMAN_CURATED,single_mcq,0,HUMAN_CURATED,PHASE_17,ACTIVE,NULL_STAGE_FIELD
q-subj-tamil-p17c-096731,tndge-tamilnadu,tndge-tamilnadu,NULL,general,subj-tamil,ta,paper-tn-sslc-tamil-2024,ver-tndge-tamilnadu-2026,HUMAN_CURATED,short_answer,0,HUMAN_CURATED,PHASE_17,ACTIVE,NULL_STAGE_FIELD
q-subj-tamil-p17c-096732,tndge-tamilnadu,tndge-tamilnadu,NULL,general,subj-tamil,ta,paper-tn-sslc-tamil-2024,ver-tndge-tamilnadu-2026,HUMAN_CURATED,single_mcq,0,HUMAN_CURATED,PHASE_17,ACTIVE,NULL_STAGE_FIELD
q-subj-tamil-p17c-096733,tndge-tamilnadu,tndge-tamilnadu,NULL,general,subj-tamil,ta,paper-tn-sslc-tamil-2024,ver-tndge-tamilnadu-2026,HUMAN_CURATED,short_answer,0,HUMAN_CURATED,PHASE_17,ACTIVE,NULL_STAGE_FIELD
q-subj-tamil-p17c-096734,tndge-tamilnadu,tndge-tamilnadu,NULL,general,subj-tamil,ta,paper-tn-sslc-tamil-2024,ver-tndge-tamilnadu-2026,HUMAN_CURATED,single_mcq,0,HUMAN_CURATED,PHASE_17,ACTIVE,NULL_STAGE_FIELD
q-subj-tamil-p17c-096735,tndge-tamilnadu,tndge-tamilnadu,NULL,general,subj-tamil,ta,paper-tn-sslc-tamil-2024,ver-tndge-tamilnadu-2026,HUMAN_CURATED,short_answer,0,HUMAN_CURATED,PHASE_17,ACTIVE,NULL_STAGE_FIELD
q-subj-tamil-p17c-096736,tndge-tamilnadu,tndge-tamilnadu,NULL,general,subj-tamil,ta,paper-tn-sslc-tamil-2024,ver-tndge-tamilnadu-2026,HUMAN_CURATED,single_mcq,0,HUMAN_CURATED,PHASE_17,ACTIVE,NULL_STAGE_FIELD
q-subj-tamil-p17c-096737,tndge-tamilnadu,tndge-tamilnadu,NULL,general,subj-tamil,ta,paper-tn-sslc-tamil-2024,ver-tndge-tamilnadu-2026,HUMAN_CURATED,short_answer,0,HUMAN_CURATED,PHASE_17,ACTIVE,NULL_STAGE_FIELD
q-subj-tamil-p17c-096738,tndge-tamilnadu,tndge-tamilnadu,NULL,general,subj-tamil,ta,paper-tn-sslc-tamil-2024,ver-tndge-tamilnadu-2026,HUMAN_CURATED,single_mcq,0,HUMAN_CURATED,PHASE_17,ACTIVE,NULL_STAGE_FIELD
q-subj-tamil-p17c-096739,tndge-tamilnadu,tndge-tamilnadu,NULL,general,subj-tamil,ta,paper-tn-sslc-tamil-2024,ver-tndge-tamilnadu-2026,HUMAN_CURATED,short_answer,0,HUMAN_CURATED,PHASE_17,ACTIVE,NULL_STAGE_FIELD
q-subj-tamil-p17c-096740,tndge-tamilnadu,tndge-tamilnadu,NULL,general,subj-tamil,ta,paper-tn-sslc-tamil-2024,ver-tndge-tamilnadu-2026,HUMAN_CURATED,single_mcq,0,HUMAN_CURATED,PHASE_17,ACTIVE,NULL_STAGE_FIELD
q-subj-tamil-p17c-096741,tndge-tamilnadu,tndge-tamilnadu,NULL,general,subj-tamil,ta,paper-tn-sslc-tamil-2024,ver-tndge-tamilnadu-2026,HUMAN_CURATED,short_answer,0,HUMAN_CURATED,PHASE_17,ACTIVE,NULL_STAGE_FIELD
q-subj-tamil-p17c-096742,tndge-tamilnadu,tndge-tamilnadu,NULL,general,subj-tamil,ta,paper-tn-sslc-tamil-2024,ver-tndge-tamilnadu-2026,HUMAN_CURATED,single_mcq,0,HUMAN_CURATED,PHASE_17,ACTIVE,NULL_STAGE_FIELD
q-subj-tamil-p17c-096743,tndge-tamilnadu,tndge-tamilnadu,NULL,general,subj-tamil,ta,paper-tn-sslc-tamil-2024,ver-tndge-tamilnadu-2026,HUMAN_CURATED,short_answer,0,HUMAN_CURATED,PHASE_17,ACTIVE,NULL_STAGE_FIELD
q-subj-tamil-p17c-096744,tndge-tamilnadu,tndge-tamilnadu,NULL,general,subj-tamil,ta,paper-tn-sslc-tamil-2024,ver-tndge-tamilnadu-2026,HUMAN_CURATED,single_mcq,0,HUMAN_CURATED,PHASE_17,ACTIVE,NULL_STAGE_FIELD
q-subj-tamil-p17c-096745,tndge-tamilnadu,tndge-tamilnadu,NULL,general,subj-tamil,ta,paper-tn-sslc-tamil-2024,ver-tndge-tamilnadu-2026,HUMAN_CURATED,short_answer,0,HUMAN_CURATED,PHASE_17,ACTIVE,NULL_STAGE_FIELD
q-subj-tamil-p17c-096746,tndge-tamilnadu,tndge-tamilnadu,NULL,general,subj-tamil,ta,paper-tn-sslc-tamil-2024,ver-tndge-tamilnadu-2026,HUMAN_CURATED,single_mcq,0,HUMAN_CURATED,PHASE_17,ACTIVE,NULL_STAGE_FIELD
q-subj-tamil-p17c-096747,tndge-tamilnadu,tndge-tamilnadu,NULL,general,subj-tamil,ta,paper-tn-sslc-tamil-2024,ver-tndge-tamilnadu-2026,HUMAN_CURATED,short_answer,0,HUMAN_CURATED,PHASE_17,ACTIVE,NULL_STAGE_FIELD
q-subj-tamil-p17c-096748,tndge-tamilnadu,tndge-tamilnadu,NULL,general,subj-tamil,ta,paper-tn-sslc-tamil-2024,ver-tndge-tamilnadu-2026,HUMAN_CURATED,single_mcq,0,HUMAN_CURATED,PHASE_17,ACTIVE,NULL_STAGE_FIELD
q-subj-tamil-p17c-096749,tndge-tamilnadu,tndge-tamilnadu,NULL,general,subj-tamil,ta,paper-tn-sslc-tamil-2024,ver-tndge-tamilnadu-2026,HUMAN_CURATED,short_answer,0,HUMAN_CURATED,PHASE_17,ACTIVE,NULL_STAGE_FIELD
q-subj-tamil-p17c-096750,tndge-tamilnadu,tndge-tamilnadu,NULL,general,subj-tamil,ta,paper-tn-sslc-tamil-2024,ver-tndge-tamilnadu-2026,HUMAN_CURATED,single_mcq,0,HUMAN_CURATED,PHASE_17,ACTIVE,NULL_STAGE_FIELD
q-subj-tamil-p17c-096751,tndge-tamilnadu,tndge-tamilnadu,NULL,general,subj-tamil,ta,paper-tn-sslc-tamil-2024,ver-tndge-tamilnadu-2026,HUMAN_CURATED,short_answer,0,HUMAN_CURATED,PHASE_17,ACTIVE,NULL_STAGE_FIELD
q-subj-tamil-p17c-096752,tndge-tamilnadu,tndge-tamilnadu,NULL,general,subj-tamil,ta,paper-tn-sslc-tamil-2024,ver-tndge-tamilnadu-2026,HUMAN_CURATED,single_mcq,0,HUMAN_CURATED,PHASE_17,ACTIVE,NULL_STAGE_FIELD
q-subj-tamil-p17c-096753,tndge-tamilnadu,tndge-tamilnadu,NULL,general,subj-tamil,ta,paper-tn-sslc-tamil-2024,ver-tndge-tamilnadu-2026,HUMAN_CURATED,short_answer,0,HUMAN_CURATED,PHASE_17,ACTIVE,NULL_STAGE_FIELD
q-subj-tamil-p17c-096754,tndge-tamilnadu,tndge-tamilnadu,NULL,general,subj-tamil,ta,paper-tn-sslc-tamil-2024,ver-tndge-tamilnadu-2026,HUMAN_CURATED,single_mcq,0,HUMAN_CURATED,PHASE_17,ACTIVE,NULL_STAGE_FIELD
q-subj-tamil-p17c-096755,tndge-tamilnadu,tndge-tamilnadu,NULL,general,subj-tamil,ta,paper-tn-sslc-tamil-2024,ver-tndge-tamilnadu-2026,HUMAN_CURATED,short_answer,0,HUMAN_CURATED,PHASE_17,ACTIVE,NULL_STAGE_FIELD
q-subj-tamil-p17c-096756,tndge-tamilnadu,tndge-tamilnadu,NULL,general,subj-tamil,ta,paper-tn-sslc-tamil-2024,ver-tndge-tamilnadu-2026,HUMAN_CURATED,single_mcq,0,HUMAN_CURATED,PHASE_17,ACTIVE,NULL_STAGE_FIELD
q-subj-tamil-p17c-096757,tndge-tamilnadu,tndge-tamilnadu,NULL,general,subj-tamil,ta,paper-tn-sslc-tamil-2024,ver-tndge-tamilnadu-2026,HUMAN_CURATED,short_answer,0,HUMAN_CURATED,PHASE_17,ACTIVE,NULL_STAGE_FIELD
q-subj-tamil-p17c-096758,tndge-tamilnadu,tndge-tamilnadu,NULL,general,subj-tamil,ta,paper-tn-sslc-tamil-2024,ver-tndge-tamilnadu-2026,HUMAN_CURATED,single_mcq,0,HUMAN_CURATED,PHASE_17,ACTIVE,NULL_STAGE_FIELD
q-subj-tamil-p17c-096759,tndge-tamilnadu,tndge-tamilnadu,NULL,general,subj-tamil,ta,paper-tn-sslc-tamil-2024,ver-tndge-tamilnadu-2026,HUMAN_CURATED,short_answer,0,HUMAN_CURATED,PHASE_17,ACTIVE,NULL_STAGE_FIELD
q-subj-tamil-p17c-096760,tndge-tamilnadu,tndge-tamilnadu,NULL,general,subj-tamil,ta,paper-tn-sslc-tamil-2024,ver-tndge-tamilnadu-2026,HUMAN_CURATED,single_mcq,0,HUMAN_CURATED,PHASE_17,ACTIVE,NULL_STAGE_FIELD
q-subj-tamil-p17c-096761,tndge-tamilnadu,tndge-tamilnadu,NULL,general,subj-tamil,ta,paper-tn-sslc-tamil-2024,ver-tndge-tamilnadu-2026,HUMAN_CURATED,short_answer,0,HUMAN_CURATED,PHASE_17,ACTIVE,NULL_STAGE_FIELD
q-subj-tamil-p17c-096762,tndge-tamilnadu,tndge-tamilnadu,NULL,general,subj-tamil,ta,paper-tn-sslc-tamil-2024,ver-tndge-tamilnadu-2026,HUMAN_CURATED,single_mcq,0,HUMAN_CURATED,PHASE_17,ACTIVE,NULL_STAGE_FIELD
q-subj-tamil-p17c-096763,tndge-tamilnadu,tndge-tamilnadu,NULL,general,subj-tamil,ta,paper-tn-sslc-tamil-2024,ver-tndge-tamilnadu-2026,HUMAN_CURATED,short_answer,0,HUMAN_CURATED,PHASE_17,ACTIVE,NULL_STAGE_FIELD
q-subj-tamil-p17c-096764,tndge-tamilnadu,tndge-tamilnadu,NULL,general,subj-tamil,ta,paper-tn-sslc-tamil-2024,ver-tndge-tamilnadu-2026,HUMAN_CURATED,single_mcq,0,HUMAN_CURATED,PHASE_17,ACTIVE,NULL_STAGE_FIELD
q-subj-tamil-p17c-096765,tndge-tamilnadu,tndge-tamilnadu,NULL,general,subj-tamil,ta,paper-tn-sslc-tamil-2024,ver-tndge-tamilnadu-2026,HUMAN_CURATED,short_answer,0,HUMAN_CURATED,PHASE_17,ACTIVE,NULL_STAGE_FIELD
q-subj-tamil-p17c-096766,tndge-tamilnadu,tndge-tamilnadu,NULL,general,subj-tamil,ta,paper-tn-sslc-tamil-2024,ver-tndge-tamilnadu-2026,HUMAN_CURATED,single_mcq,0,HUMAN_CURATED,PHASE_17,ACTIVE,NULL_STAGE_FIELD
q-subj-tamil-p17c-096767,tndge-tamilnadu,tndge-tamilnadu,NULL,general,subj-tamil,ta,paper-tn-sslc-tamil-2024,ver-tndge-tamilnadu-2026,HUMAN_CURATED,short_answer,0,HUMAN_CURATED,PHASE_17,ACTIVE,NULL_STAGE_FIELD
q-subj-tamil-p17c-096768,tndge-tamilnadu,tndge-tamilnadu,NULL,general,subj-tamil,ta,paper-tn-sslc-tamil-2024,ver-tndge-tamilnadu-2026,HUMAN_CURATED,single_mcq,0,HUMAN_CURATED,PHASE_17,ACTIVE,NULL_STAGE_FIELD
q-subj-tamil-p17c-096769,tndge-tamilnadu,tndge-tamilnadu,NULL,general,subj-tamil,ta,paper-tn-sslc-tamil-2024,ver-tndge-tamilnadu-2026,HUMAN_CURATED,short_answer,0,HUMAN_CURATED,PHASE_17,ACTIVE,NULL_STAGE_FIELD
q-subj-tamil-p17c-096770,tndge-tamilnadu,tndge-tamilnadu,NULL,general,subj-tamil,ta,paper-tn-sslc-tamil-2024,ver-tndge-tamilnadu-2026,HUMAN_CURATED,single_mcq,0,HUMAN_CURATED,PHASE_17,ACTIVE,NULL_STAGE_FIELD
q-subj-tamil-p17c-096771,tndge-tamilnadu,tndge-tamilnadu,NULL,general,subj-tamil,ta,paper-tn-sslc-tamil-2024,ver-tndge-tamilnadu-2026,HUMAN_CURATED,short_answer,0,HUMAN_CURATED,PHASE_17,ACTIVE,NULL_STAGE_FIELD
q-subj-tamil-p17c-096772,tndge-tamilnadu,tndge-tamilnadu,NULL,general,subj-tamil,ta,paper-tn-sslc-tamil-2024,ver-tndge-tamilnadu-2026,HUMAN_CURATED,single_mcq,0,HUMAN_CURATED,PHASE_17,ACTIVE,NULL_STAGE_FIELD
q-subj-tamil-p17c-096773,tndge-tamilnadu,tndge-tamilnadu,NULL,general,subj-tamil,ta,paper-tn-sslc-tamil-2024,ver-tndge-tamilnadu-2026,HUMAN_CURATED,short_answer,0,HUMAN_CURATED,PHASE_17,ACTIVE,NULL_STAGE_FIELD
q-subj-tamil-p17c-096774,tndge-tamilnadu,tndge-tamilnadu,NULL,general,subj-tamil,ta,paper-tn-sslc-tamil-2024,ver-tndge-tamilnadu-2026,HUMAN_CURATED,single_mcq,0,HUMAN_CURATED,PHASE_17,ACTIVE,NULL_STAGE_FIELD
q-subj-tamil-p17c-096775,tndge-tamilnadu,tndge-tamilnadu,NULL,general,subj-tamil,ta,paper-tn-sslc-tamil-2024,ver-tndge-tamilnadu-2026,HUMAN_CURATED,short_answer,0,HUMAN_CURATED,PHASE_17,ACTIVE,NULL_STAGE_FIELD
q-subj-tamil-p17c-096776,tndge-tamilnadu,tndge-tamilnadu,NULL,general,subj-tamil,ta,paper-tn-sslc-tamil-2024,ver-tndge-tamilnadu-2026,HUMAN_CURATED,single_mcq,0,HUMAN_CURATED,PHASE_17,ACTIVE,NULL_STAGE_FIELD
q-subj-tamil-p17c-096777,tndge-tamilnadu,tndge-tamilnadu,NULL,general,subj-tamil,ta,paper-tn-sslc-tamil-2024,ver-tndge-tamilnadu-2026,HUMAN_CURATED,short_answer,0,HUMAN_CURATED,PHASE_17,ACTIVE,NULL_STAGE_FIELD
q-subj-tamil-p17c-096778,tndge-tamilnadu,tndge-tamilnadu,NULL,general,subj-tamil,ta,paper-tn-sslc-tamil-2024,ver-tndge-tamilnadu-2026,HUMAN_CURATED,single_mcq,0,HUMAN_CURATED,PHASE_17,ACTIVE,NULL_STAGE_FIELD
q-subj-tamil-p17c-096779,tndge-tamilnadu,tndge-tamilnadu,NULL,general,subj-tamil,ta,paper-tn-sslc-tamil-2024,ver-tndge-tamilnadu-2026,HUMAN_CURATED,short_answer,0,HUMAN_CURATED,PHASE_17,ACTIVE,NULL_STAGE_FIELD
q-subj-tamil-p17c-096780,tndge-tamilnadu,tndge-tamilnadu,NULL,general,subj-tamil,ta,paper-tn-sslc-tamil-2024,ver-tndge-tamilnadu-2026,HUMAN_CURATED,single_mcq,0,HUMAN_CURATED,PHASE_17,ACTIVE,NULL_STAGE_FIELD
q-subj-tamil-p17c-096781,tndge-tamilnadu,tndge-tamilnadu,NULL,general,subj-tamil,ta,paper-tn-sslc-tamil-2024,ver-tndge-tamilnadu-2026,HUMAN_CURATED,short_answer,0,HUMAN_CURATED,PHASE_17,ACTIVE,NULL_STAGE_FIELD
q-subj-tamil-p17c-096782,tndge-tamilnadu,tndge-tamilnadu,NULL,general,subj-tamil,ta,paper-tn-sslc-tamil-2024,ver-tndge-tamilnadu-2026,HUMAN_CURATED,single_mcq,0,HUMAN_CURATED,PHASE_17,ACTIVE,NULL_STAGE_FIELD
q-subj-tamil-p17c-096783,tndge-tamilnadu,tndge-tamilnadu,NULL,general,subj-tamil,ta,paper-tn-sslc-tamil-2024,ver-tndge-tamilnadu-2026,HUMAN_CURATED,short_answer,0,HUMAN_CURATED,PHASE_17,ACTIVE,NULL_STAGE_FIELD
q-subj-tamil-p17c-096784,tndge-tamilnadu,tndge-tamilnadu,NULL,general,subj-tamil,ta,paper-tn-sslc-tamil-2024,ver-tndge-tamilnadu-2026,HUMAN_CURATED,single_mcq,0,HUMAN_CURATED,PHASE_17,ACTIVE,NULL_STAGE_FIELD
q-subj-tamil-p17c-096785,tndge-tamilnadu,tndge-tamilnadu,NULL,general,subj-tamil,ta,paper-tn-sslc-tamil-2024,ver-tndge-tamilnadu-2026,HUMAN_CURATED,short_answer,0,HUMAN_CURATED,PHASE_17,ACTIVE,NULL_STAGE_FIELD
q-subj-tamil-p17c-096786,tndge-tamilnadu,tndge-tamilnadu,NULL,general,subj-tamil,ta,paper-tn-sslc-tamil-2024,ver-tndge-tamilnadu-2026,HUMAN_CURATED,single_mcq,0,HUMAN_CURATED,PHASE_17,ACTIVE,NULL_STAGE_FIELD
q-subj-tamil-p17c-096787,tndge-tamilnadu,tndge-tamilnadu,NULL,general,subj-tamil,ta,paper-tn-sslc-tamil-2024,ver-tndge-tamilnadu-2026,HUMAN_CURATED,short_answer,0,HUMAN_CURATED,PHASE_17,ACTIVE,NULL_STAGE_FIELD
q-subj-tamil-p17c-096788,tndge-tamilnadu,tndge-tamilnadu,NULL,general,subj-tamil,ta,paper-tn-sslc-tamil-2024,ver-tndge-tamilnadu-2026,HUMAN_CURATED,single_mcq,0,HUMAN_CURATED,PHASE_17,ACTIVE,NULL_STAGE_FIELD
q-subj-tamil-p17c-096789,tndge-tamilnadu,tndge-tamilnadu,NULL,general,subj-tamil,ta,paper-tn-sslc-tamil-2024,ver-tndge-tamilnadu-2026,HUMAN_CURATED,short_answer,0,HUMAN_CURATED,PHASE_17,ACTIVE,NULL_STAGE_FIELD
q-subj-tamil-p17c-096790,tndge-tamilnadu,tndge-tamilnadu,NULL,general,subj-tamil,ta,paper-tn-sslc-tamil-2024,ver-tndge-tamilnadu-2026,HUMAN_CURATED,single_mcq,0,HUMAN_CURATED,PHASE_17,ACTIVE,NULL_STAGE_FIELD
q-subj-tamil-p17c-096791,tndge-tamilnadu,tndge-tamilnadu,NULL,general,subj-tamil,ta,paper-tn-sslc-tamil-2024,ver-tndge-tamilnadu-2026,HUMAN_CURATED,short_answer,0,HUMAN_CURATED,PHASE_17,ACTIVE,NULL_STAGE_FIELD
q-subj-tamil-p17c-096792,tndge-tamilnadu,tndge-tamilnadu,NULL,general,subj-tamil,ta,paper-tn-sslc-tamil-2024,ver-tndge-tamilnadu-2026,HUMAN_CURATED,single_mcq,0,HUMAN_CURATED,PHASE_17,ACTIVE,NULL_STAGE_FIELD
q-subj-tamil-p17c-096793,tndge-tamilnadu,tndge-tamilnadu,NULL,general,subj-tamil,ta,paper-tn-sslc-tamil-2024,ver-tndge-tamilnadu-2026,HUMAN_CURATED,short_answer,0,HUMAN_CURATED,PHASE_17,ACTIVE,NULL_STAGE_FIELD
q-subj-tamil-p17c-096794,tndge-tamilnadu,tndge-tamilnadu,NULL,general,subj-tamil,ta,paper-tn-sslc-tamil-2024,ver-tndge-tamilnadu-2026,HUMAN_CURATED,single_mcq,0,HUMAN_CURATED,PHASE_17,ACTIVE,NULL_STAGE_FIELD
q-subj-tamil-p17c-096795,tndge-tamilnadu,tndge-tamilnadu,NULL,general,subj-tamil,ta,paper-tn-sslc-tamil-2024,ver-tndge-tamilnadu-2026,HUMAN_CURATED,short_answer,0,HUMAN_CURATED,PHASE_17,ACTIVE,NULL_STAGE_FIELD
q-subj-tamil-p17c-096796,tndge-tamilnadu,tndge-tamilnadu,NULL,general,subj-tamil,ta,paper-tn-sslc-tamil-2024,ver-tndge-tamilnadu-2026,HUMAN_CURATED,single_mcq,0,HUMAN_CURATED,PHASE_17,ACTIVE,NULL_STAGE_FIELD
q-subj-tamil-p17c-096797,tndge-tamilnadu,tndge-tamilnadu,NULL,general,subj-tamil,ta,paper-tn-sslc-tamil-2024,ver-tndge-tamilnadu-2026,HUMAN_CURATED,short_answer,0,HUMAN_CURATED,PHASE_17,ACTIVE,NULL_STAGE_FIELD
q-subj-tamil-p17c-096798,tndge-tamilnadu,tndge-tamilnadu,NULL,general,subj-tamil,ta,paper-tn-sslc-tamil-2024,ver-tndge-tamilnadu-2026,HUMAN_CURATED,single_mcq,0,HUMAN_CURATED,PHASE_17,ACTIVE,NULL_STAGE_FIELD
q-subj-tamil-p17c-096799,tndge-tamilnadu,tndge-tamilnadu,NULL,general,subj-tamil,ta,paper-tn-sslc-tamil-2024,ver-tndge-tamilnadu-2026,HUMAN_CURATED,short_answer,0,HUMAN_CURATED,PHASE_17,ACTIVE,NULL_STAGE_FIELD
q-subj-tamil-p17c-096800,tndge-tamilnadu,tndge-tamilnadu,NULL,general,subj-tamil,ta,paper-tn-sslc-tamil-2024,ver-tndge-tamilnadu-2026,HUMAN_CURATED,single_mcq,0,HUMAN_CURATED,PHASE_17,ACTIVE,NULL_STAGE_FIELD
q-subj-tamil-p17c-096801,tndge-tamilnadu,tndge-tamilnadu,NULL,general,subj-tamil,ta,paper-tn-sslc-tamil-2024,ver-tndge-tamilnadu-2026,HUMAN_CURATED,short_answer,0,HUMAN_CURATED,PHASE_17,ACTIVE,NULL_STAGE_FIELD
q-subj-tamil-p17c-096802,tndge-tamilnadu,tndge-tamilnadu,NULL,general,subj-tamil,ta,paper-tn-sslc-tamil-2024,ver-tndge-tamilnadu-2026,HUMAN_CURATED,single_mcq,0,HUMAN_CURATED,PHASE_17,ACTIVE,NULL_STAGE_FIELD
q-subj-tamil-p17c-096803,tndge-tamilnadu,tndge-tamilnadu,NULL,general,subj-tamil,ta,paper-tn-sslc-tamil-2024,ver-tndge-tamilnadu-2026,HUMAN_CURATED,short_answer,0,HUMAN_CURATED,PHASE_17,ACTIVE,NULL_STAGE_FIELD
q-subj-tamil-p17c-096804,tndge-tamilnadu,tndge-tamilnadu,NULL,general,subj-tamil,ta,paper-tn-sslc-tamil-2024,ver-tndge-tamilnadu-2026,HUMAN_CURATED,single_mcq,0,HUMAN_CURATED,PHASE_17,ACTIVE,NULL_STAGE_FIELD
q-subj-tamil-p17c-096805,tndge-tamilnadu,tndge-tamilnadu,NULL,general,subj-tamil,ta,paper-tn-sslc-tamil-2024,ver-tndge-tamilnadu-2026,HUMAN_CURATED,short_answer,0,HUMAN_CURATED,PHASE_17,ACTIVE,NULL_STAGE_FIELD
q-subj-tamil-p17c-096806,tndge-tamilnadu,tndge-tamilnadu,NULL,general,subj-tamil,ta,paper-tn-sslc-tamil-2024,ver-tndge-tamilnadu-2026,HUMAN_CURATED,single_mcq,0,HUMAN_CURATED,PHASE_17,ACTIVE,NULL_STAGE_FIELD
q-subj-tamil-p17c-096807,tndge-tamilnadu,tndge-tamilnadu,NULL,general,subj-tamil,ta,paper-tn-sslc-tamil-2024,ver-tndge-tamilnadu-2026,HUMAN_CURATED,short_answer,0,HUMAN_CURATED,PHASE_17,ACTIVE,NULL_STAGE_FIELD
q-subj-tamil-p17c-096808,tndge-tamilnadu,tndge-tamilnadu,NULL,general,subj-tamil,ta,paper-tn-sslc-tamil-2024,ver-tndge-tamilnadu-2026,HUMAN_CURATED,single_mcq,0,HUMAN_CURATED,PHASE_17,ACTIVE,NULL_STAGE_FIELD
q-subj-tamil-p17c-096809,tndge-tamilnadu,tndge-tamilnadu,NULL,general,subj-tamil,ta,paper-tn-sslc-tamil-2024,ver-tndge-tamilnadu-2026,HUMAN_CURATED,short_answer,0,HUMAN_CURATED,PHASE_17,ACTIVE,NULL_STAGE_FIELD
q-subj-tamil-p17c-096810,tndge-tamilnadu,tndge-tamilnadu,NULL,general,subj-tamil,ta,paper-tn-sslc-tamil-2024,ver-tndge-tamilnadu-2026,HUMAN_CURATED,single_mcq,0,HUMAN_CURATED,PHASE_17,ACTIVE,NULL_STAGE_FIELD
q-subj-tamil-p17c-096811,tndge-tamilnadu,tndge-tamilnadu,NULL,general,subj-tamil,ta,paper-tn-sslc-tamil-2024,ver-tndge-tamilnadu-2026,HUMAN_CURATED,short_answer,0,HUMAN_CURATED,PHASE_17,ACTIVE,NULL_STAGE_FIELD
q-subj-tamil-p17c-096812,tndge-tamilnadu,tndge-tamilnadu,NULL,general,subj-tamil,ta,paper-tn-sslc-tamil-2024,ver-tndge-tamilnadu-2026,HUMAN_CURATED,single_mcq,0,HUMAN_CURATED,PHASE_17,ACTIVE,NULL_STAGE_FIELD
q-subj-tamil-p17c-096813,tndge-tamilnadu,tndge-tamilnadu,NULL,general,subj-tamil,ta,paper-tn-sslc-tamil-2024,ver-tndge-tamilnadu-2026,HUMAN_CURATED,short_answer,0,HUMAN_CURATED,PHASE_17,ACTIVE,NULL_STAGE_FIELD
q-subj-tamil-p17c-096814,tndge-tamilnadu,tndge-tamilnadu,NULL,general,subj-tamil,ta,paper-tn-sslc-tamil-2024,ver-tndge-tamilnadu-2026,HUMAN_CURATED,single_mcq,0,HUMAN_CURATED,PHASE_17,ACTIVE,NULL_STAGE_FIELD
q-subj-tamil-p17c-096815,tndge-tamilnadu,tndge-tamilnadu,NULL,general,subj-tamil,ta,paper-tn-sslc-tamil-2024,ver-tndge-tamilnadu-2026,HUMAN_CURATED,short_answer,0,HUMAN_CURATED,PHASE_17,ACTIVE,NULL_STAGE_FIELD
q-subj-tamil-p17c-096816,tndge-tamilnadu,tndge-tamilnadu,NULL,general,subj-tamil,ta,paper-tn-sslc-tamil-2024,ver-tndge-tamilnadu-2026,HUMAN_CURATED,single_mcq,0,HUMAN_CURATED,PHASE_17,ACTIVE,NULL_STAGE_FIELD
q-subj-tamil-p17c-096817,tndge-tamilnadu,tndge-tamilnadu,NULL,general,subj-tamil,ta,paper-tn-sslc-tamil-2024,ver-tndge-tamilnadu-2026,HUMAN_CURATED,short_answer,0,HUMAN_CURATED,PHASE_17,ACTIVE,NULL_STAGE_FIELD
q-subj-tamil-p17c-096818,tndge-tamilnadu,tndge-tamilnadu,NULL,general,subj-tamil,ta,paper-tn-sslc-tamil-2024,ver-tndge-tamilnadu-2026,HUMAN_CURATED,single_mcq,0,HUMAN_CURATED,PHASE_17,ACTIVE,NULL_STAGE_FIELD
q-subj-tamil-p17c-096819,tndge-tamilnadu,tndge-tamilnadu,NULL,general,subj-tamil,ta,paper-tn-sslc-tamil-2024,ver-tndge-tamilnadu-2026,HUMAN_CURATED,short_answer,0,HUMAN_CURATED,PHASE_17,ACTIVE,NULL_STAGE_FIELD
q-subj-tamil-p17c-096820,tndge-tamilnadu,tndge-tamilnadu,NULL,general,subj-tamil,ta,paper-tn-sslc-tamil-2024,ver-tndge-tamilnadu-2026,HUMAN_CURATED,single_mcq,0,HUMAN_CURATED,PHASE_17,ACTIVE,NULL_STAGE_FIELD
q-subj-tamil-p17c-096821,tndge-tamilnadu,tndge-tamilnadu,NULL,general,subj-tamil,ta,paper-tn-sslc-tamil-2024,ver-tndge-tamilnadu-2026,HUMAN_CURATED,short_answer,0,HUMAN_CURATED,PHASE_17,ACTIVE,NULL_STAGE_FIELD
q-subj-tamil-p17c-096822,tndge-tamilnadu,tndge-tamilnadu,NULL,general,subj-tamil,ta,paper-tn-sslc-tamil-2024,ver-tndge-tamilnadu-2026,HUMAN_CURATED,single_mcq,0,HUMAN_CURATED,PHASE_17,ACTIVE,NULL_STAGE_FIELD
q-subj-tamil-p17c-096823,tndge-tamilnadu,tndge-tamilnadu,NULL,general,subj-tamil,ta,paper-tn-sslc-tamil-2024,ver-tndge-tamilnadu-2026,HUMAN_CURATED,short_answer,0,HUMAN_CURATED,PHASE_17,ACTIVE,NULL_STAGE_FIELD
q-subj-tamil-p17c-096824,tndge-tamilnadu,tndge-tamilnadu,NULL,general,subj-tamil,ta,paper-tn-sslc-tamil-2024,ver-tndge-tamilnadu-2026,HUMAN_CURATED,single_mcq,0,HUMAN_CURATED,PHASE_17,ACTIVE,NULL_STAGE_FIELD
q-subj-tamil-p17c-096825,tndge-tamilnadu,tndge-tamilnadu,NULL,general,subj-tamil,ta,paper-tn-sslc-tamil-2024,ver-tndge-tamilnadu-2026,HUMAN_CURATED,short_answer,0,HUMAN_CURATED,PHASE_17,ACTIVE,NULL_STAGE_FIELD
q-subj-tamil-p17c-096826,tndge-tamilnadu,tndge-tamilnadu,NULL,general,subj-tamil,ta,paper-tn-sslc-tamil-2024,ver-tndge-tamilnadu-2026,HUMAN_CURATED,single_mcq,0,HUMAN_CURATED,PHASE_17,ACTIVE,NULL_STAGE_FIELD
q-subj-tamil-p17c-096827,tndge-tamilnadu,tndge-tamilnadu,NULL,general,subj-tamil,ta,paper-tn-sslc-tamil-2024,ver-tndge-tamilnadu-2026,HUMAN_CURATED,short_answer,0,HUMAN_CURATED,PHASE_17,ACTIVE,NULL_STAGE_FIELD
q-subj-tamil-p17c-096828,tndge-tamilnadu,tndge-tamilnadu,NULL,general,subj-tamil,ta,paper-tn-sslc-tamil-2024,ver-tndge-tamilnadu-2026,HUMAN_CURATED,single_mcq,0,HUMAN_CURATED,PHASE_17,ACTIVE,NULL_STAGE_FIELD
q-subj-tamil-p17c-096829,tndge-tamilnadu,tndge-tamilnadu,NULL,general,subj-tamil,ta,paper-tn-sslc-tamil-2024,ver-tndge-tamilnadu-2026,HUMAN_CURATED,short_answer,0,HUMAN_CURATED,PHASE_17,ACTIVE,NULL_STAGE_FIELD
q-subj-tamil-p17c-096830,tndge-tamilnadu,tndge-tamilnadu,NULL,general,subj-tamil,ta,paper-tn-sslc-tamil-2024,ver-tndge-tamilnadu-2026,HUMAN_CURATED,single_mcq,0,HUMAN_CURATED,PHASE_17,ACTIVE,NULL_STAGE_FIELD
q-subj-tamil-p17c-096831,tndge-tamilnadu,tndge-tamilnadu,NULL,general,subj-tamil,ta,paper-tn-sslc-tamil-2024,ver-tndge-tamilnadu-2026,HUMAN_CURATED,short_answer,0,HUMAN_CURATED,PHASE_17,ACTIVE,NULL_STAGE_FIELD
q-subj-tamil-p17c-096832,tndge-tamilnadu,tndge-tamilnadu,NULL,general,subj-tamil,ta,paper-tn-sslc-tamil-2024,ver-tndge-tamilnadu-2026,HUMAN_CURATED,single_mcq,0,HUMAN_CURATED,PHASE_17,ACTIVE,NULL_STAGE_FIELD
q-subj-tamil-p17c-096833,tndge-tamilnadu,tndge-tamilnadu,NULL,general,subj-tamil,ta,paper-tn-sslc-tamil-2024,ver-tndge-tamilnadu-2026,HUMAN_CURATED,short_answer,0,HUMAN_CURATED,PHASE_17,ACTIVE,NULL_STAGE_FIELD
q-subj-tamil-p17c-096834,tndge-tamilnadu,tndge-tamilnadu,NULL,general,subj-tamil,ta,paper-tn-sslc-tamil-2024,ver-tndge-tamilnadu-2026,HUMAN_CURATED,single_mcq,0,HUMAN_CURATED,PHASE_17,ACTIVE,NULL_STAGE_FIELD
q-subj-tamil-p17c-096835,tndge-tamilnadu,tndge-tamilnadu,NULL,general,subj-tamil,ta,paper-tn-sslc-tamil-2024,ver-tndge-tamilnadu-2026,HUMAN_CURATED,short_answer,0,HUMAN_CURATED,PHASE_17,ACTIVE,NULL_STAGE_FIELD
q-subj-tamil-p17c-096836,tndge-tamilnadu,tndge-tamilnadu,NULL,general,subj-tamil,ta,paper-tn-sslc-tamil-2024,ver-tndge-tamilnadu-2026,HUMAN_CURATED,single_mcq,0,HUMAN_CURATED,PHASE_17,ACTIVE,NULL_STAGE_FIELD
q-subj-tamil-p17c-096837,tndge-tamilnadu,tndge-tamilnadu,NULL,general,subj-tamil,ta,paper-tn-sslc-tamil-2024,ver-tndge-tamilnadu-2026,HUMAN_CURATED,short_answer,0,HUMAN_CURATED,PHASE_17,ACTIVE,NULL_STAGE_FIELD
q-subj-tamil-p17c-096838,tndge-tamilnadu,tndge-tamilnadu,NULL,general,subj-tamil,ta,paper-tn-sslc-tamil-2024,ver-tndge-tamilnadu-2026,HUMAN_CURATED,single_mcq,0,HUMAN_CURATED,PHASE_17,ACTIVE,NULL_STAGE_FIELD
q-subj-tamil-p17c-096839,tndge-tamilnadu,tndge-tamilnadu,NULL,general,subj-tamil,ta,paper-tn-sslc-tamil-2024,ver-tndge-tamilnadu-2026,HUMAN_CURATED,short_answer,0,HUMAN_CURATED,PHASE_17,ACTIVE,NULL_STAGE_FIELD
q-subj-tamil-p17c-096840,tndge-tamilnadu,tndge-tamilnadu,NULL,general,subj-tamil,ta,paper-tn-sslc-tamil-2024,ver-tndge-tamilnadu-2026,HUMAN_CURATED,single_mcq,0,HUMAN_CURATED,PHASE_17,ACTIVE,NULL_STAGE_FIELD
q-subj-tamil-p17c-096841,tndge-tamilnadu,tndge-tamilnadu,NULL,general,subj-tamil,ta,paper-tn-sslc-tamil-2024,ver-tndge-tamilnadu-2026,HUMAN_CURATED,short_answer,0,HUMAN_CURATED,PHASE_17,ACTIVE,NULL_STAGE_FIELD
q-subj-tamil-p17c-096842,tndge-tamilnadu,tndge-tamilnadu,NULL,general,subj-tamil,ta,paper-tn-sslc-tamil-2024,ver-tndge-tamilnadu-2026,HUMAN_CURATED,single_mcq,0,HUMAN_CURATED,PHASE_17,ACTIVE,NULL_STAGE_FIELD
q-subj-tamil-p17c-096843,tndge-tamilnadu,tndge-tamilnadu,NULL,general,subj-tamil,ta,paper-tn-sslc-tamil-2024,ver-tndge-tamilnadu-2026,HUMAN_CURATED,short_answer,0,HUMAN_CURATED,PHASE_17,ACTIVE,NULL_STAGE_FIELD
q-subj-tamil-p17c-096844,tndge-tamilnadu,tndge-tamilnadu,NULL,general,subj-tamil,ta,paper-tn-sslc-tamil-2024,ver-tndge-tamilnadu-2026,HUMAN_CURATED,single_mcq,0,HUMAN_CURATED,PHASE_17,ACTIVE,NULL_STAGE_FIELD
q-subj-tamil-p17c-096845,tndge-tamilnadu,tndge-tamilnadu,NULL,general,subj-tamil,ta,paper-tn-sslc-tamil-2024,ver-tndge-tamilnadu-2026,HUMAN_CURATED,short_answer,0,HUMAN_CURATED,PHASE_17,ACTIVE,NULL_STAGE_FIELD
q-subj-tamil-p17c-096846,tndge-tamilnadu,tndge-tamilnadu,NULL,general,subj-tamil,ta,paper-tn-sslc-tamil-2024,ver-tndge-tamilnadu-2026,HUMAN_CURATED,single_mcq,0,HUMAN_CURATED,PHASE_17,ACTIVE,NULL_STAGE_FIELD
q-subj-tamil-p17c-096847,tndge-tamilnadu,tndge-tamilnadu,NULL,general,subj-tamil,ta,paper-tn-sslc-tamil-2024,ver-tndge-tamilnadu-2026,HUMAN_CURATED,short_answer,0,HUMAN_CURATED,PHASE_17,ACTIVE,NULL_STAGE_FIELD
q-subj-tamil-p17c-096848,tndge-tamilnadu,tndge-tamilnadu,NULL,general,subj-tamil,ta,paper-tn-sslc-tamil-2024,ver-tndge-tamilnadu-2026,HUMAN_CURATED,single_mcq,0,HUMAN_CURATED,PHASE_17,ACTIVE,NULL_STAGE_FIELD
q-subj-tamil-p17c-096849,tndge-tamilnadu,tndge-tamilnadu,NULL,general,subj-tamil,ta,paper-tn-sslc-tamil-2024,ver-tndge-tamilnadu-2026,HUMAN_CURATED,short_answer,0,HUMAN_CURATED,PHASE_17,ACTIVE,NULL_STAGE_FIELD
q-subj-tamil-p17c-096850,tndge-tamilnadu,tndge-tamilnadu,NULL,general,subj-tamil,ta,paper-tn-sslc-tamil-2024,ver-tndge-tamilnadu-2026,HUMAN_CURATED,single_mcq,0,HUMAN_CURATED,PHASE_17,ACTIVE,NULL_STAGE_FIELD
q-subj-tamil-p17c-096851,tndge-tamilnadu,tndge-tamilnadu,NULL,general,subj-tamil,ta,paper-tn-sslc-tamil-2024,ver-tndge-tamilnadu-2026,HUMAN_CURATED,short_answer,0,HUMAN_CURATED,PHASE_17,ACTIVE,NULL_STAGE_FIELD
q-subj-tamil-p17c-096852,tndge-tamilnadu,tndge-tamilnadu,NULL,general,subj-tamil,ta,paper-tn-sslc-tamil-2024,ver-tndge-tamilnadu-2026,HUMAN_CURATED,single_mcq,0,HUMAN_CURATED,PHASE_17,ACTIVE,NULL_STAGE_FIELD
q-subj-tamil-p17c-096853,tndge-tamilnadu,tndge-tamilnadu,NULL,general,subj-tamil,ta,paper-tn-sslc-tamil-2024,ver-tndge-tamilnadu-2026,HUMAN_CURATED,short_answer,0,HUMAN_CURATED,PHASE_17,ACTIVE,NULL_STAGE_FIELD
q-subj-tamil-p17c-096854,tndge-tamilnadu,tndge-tamilnadu,NULL,general,subj-tamil,ta,paper-tn-sslc-tamil-2024,ver-tndge-tamilnadu-2026,HUMAN_CURATED,single_mcq,0,HUMAN_CURATED,PHASE_17,ACTIVE,NULL_STAGE_FIELD
q-subj-tamil-p17c-096855,tndge-tamilnadu,tndge-tamilnadu,NULL,general,subj-tamil,ta,paper-tn-sslc-tamil-2024,ver-tndge-tamilnadu-2026,HUMAN_CURATED,short_answer,0,HUMAN_CURATED,PHASE_17,ACTIVE,NULL_STAGE_FIELD
q-subj-tamil-p17c-096856,tndge-tamilnadu,tndge-tamilnadu,NULL,general,subj-tamil,ta,paper-tn-sslc-tamil-2024,ver-tndge-tamilnadu-2026,HUMAN_CURATED,single_mcq,0,HUMAN_CURATED,PHASE_17,ACTIVE,NULL_STAGE_FIELD
q-subj-tamil-p17c-096857,tndge-tamilnadu,tndge-tamilnadu,NULL,general,subj-tamil,ta,paper-tn-sslc-tamil-2024,ver-tndge-tamilnadu-2026,HUMAN_CURATED,short_answer,0,HUMAN_CURATED,PHASE_17,ACTIVE,NULL_STAGE_FIELD
q-subj-tamil-p17c-096858,tndge-tamilnadu,tndge-tamilnadu,NULL,general,subj-tamil,ta,paper-tn-sslc-tamil-2024,ver-tndge-tamilnadu-2026,HUMAN_CURATED,single_mcq,0,HUMAN_CURATED,PHASE_17,ACTIVE,NULL_STAGE_FIELD
q-subj-tamil-p17c-096859,tndge-tamilnadu,tndge-tamilnadu,NULL,general,subj-tamil,ta,paper-tn-sslc-tamil-2024,ver-tndge-tamilnadu-2026,HUMAN_CURATED,short_answer,0,HUMAN_CURATED,PHASE_17,ACTIVE,NULL_STAGE_FIELD
q-subj-tamil-p17c-096860,tndge-tamilnadu,tndge-tamilnadu,NULL,general,subj-tamil,ta,paper-tn-sslc-tamil-2024,ver-tndge-tamilnadu-2026,HUMAN_CURATED,single_mcq,0,HUMAN_CURATED,PHASE_17,ACTIVE,NULL_STAGE_FIELD
q-subj-tamil-p17c-096861,tndge-tamilnadu,tndge-tamilnadu,NULL,general,subj-tamil,ta,paper-tn-sslc-tamil-2024,ver-tndge-tamilnadu-2026,HUMAN_CURATED,short_answer,0,HUMAN_CURATED,PHASE_17,ACTIVE,NULL_STAGE_FIELD
q-subj-tamil-p17c-096862,tndge-tamilnadu,tndge-tamilnadu,NULL,general,subj-tamil,ta,paper-tn-sslc-tamil-2024,ver-tndge-tamilnadu-2026,HUMAN_CURATED,single_mcq,0,HUMAN_CURATED,PHASE_17,ACTIVE,NULL_STAGE_FIELD
q-subj-tamil-p17c-096863,tndge-tamilnadu,tndge-tamilnadu,NULL,general,subj-tamil,ta,paper-tn-sslc-tamil-2024,ver-tndge-tamilnadu-2026,HUMAN_CURATED,short_answer,0,HUMAN_CURATED,PHASE_17,ACTIVE,NULL_STAGE_FIELD
q-subj-tamil-p17c-096864,tndge-tamilnadu,tndge-tamilnadu,NULL,general,subj-tamil,ta,paper-tn-sslc-tamil-2024,ver-tndge-tamilnadu-2026,HUMAN_CURATED,single_mcq,0,HUMAN_CURATED,PHASE_17,ACTIVE,NULL_STAGE_FIELD
q-subj-tamil-p17c-096865,tndge-tamilnadu,tndge-tamilnadu,NULL,general,subj-tamil,ta,paper-tn-sslc-tamil-2024,ver-tndge-tamilnadu-2026,HUMAN_CURATED,short_answer,0,HUMAN_CURATED,PHASE_17,ACTIVE,NULL_STAGE_FIELD
q-subj-tamil-p17c-096866,tndge-tamilnadu,tndge-tamilnadu,NULL,general,subj-tamil,ta,paper-tn-sslc-tamil-2024,ver-tndge-tamilnadu-2026,HUMAN_CURATED,single_mcq,0,HUMAN_CURATED,PHASE_17,ACTIVE,NULL_STAGE_FIELD
q-subj-tamil-p17c-096867,tndge-tamilnadu,tndge-tamilnadu,NULL,general,subj-tamil,ta,paper-tn-sslc-tamil-2024,ver-tndge-tamilnadu-2026,HUMAN_CURATED,short_answer,0,HUMAN_CURATED,PHASE_17,ACTIVE,NULL_STAGE_FIELD
q-subj-tamil-p17c-096868,tndge-tamilnadu,tndge-tamilnadu,NULL,general,subj-tamil,ta,paper-tn-sslc-tamil-2024,ver-tndge-tamilnadu-2026,HUMAN_CURATED,single_mcq,0,HUMAN_CURATED,PHASE_17,ACTIVE,NULL_STAGE_FIELD
q-subj-tamil-p17c-096869,tndge-tamilnadu,tndge-tamilnadu,NULL,general,subj-tamil,ta,paper-tn-sslc-tamil-2024,ver-tndge-tamilnadu-2026,HUMAN_CURATED,short_answer,0,HUMAN_CURATED,PHASE_17,ACTIVE,NULL_STAGE_FIELD
q-subj-tamil-p17c-096870,tndge-tamilnadu,tndge-tamilnadu,NULL,general,subj-tamil,ta,paper-tn-sslc-tamil-2024,ver-tndge-tamilnadu-2026,HUMAN_CURATED,single_mcq,0,HUMAN_CURATED,PHASE_17,ACTIVE,NULL_STAGE_FIELD
q-subj-tamil-p17c-096871,tndge-tamilnadu,tndge-tamilnadu,NULL,general,subj-tamil,ta,paper-tn-sslc-tamil-2024,ver-tndge-tamilnadu-2026,HUMAN_CURATED,short_answer,0,HUMAN_CURATED,PHASE_17,ACTIVE,NULL_STAGE_FIELD
q-subj-tamil-p17c-096872,tndge-tamilnadu,tndge-tamilnadu,NULL,general,subj-tamil,ta,paper-tn-sslc-tamil-2024,ver-tndge-tamilnadu-2026,HUMAN_CURATED,single_mcq,0,HUMAN_CURATED,PHASE_17,ACTIVE,NULL_STAGE_FIELD
q-subj-tamil-p17c-096873,tndge-tamilnadu,tndge-tamilnadu,NULL,general,subj-tamil,ta,paper-tn-sslc-tamil-2024,ver-tndge-tamilnadu-2026,HUMAN_CURATED,short_answer,0,HUMAN_CURATED,PHASE_17,ACTIVE,NULL_STAGE_FIELD
q-subj-tamil-p17c-096874,tndge-tamilnadu,tndge-tamilnadu,NULL,general,subj-tamil,ta,paper-tn-sslc-tamil-2024,ver-tndge-tamilnadu-2026,HUMAN_CURATED,single_mcq,0,HUMAN_CURATED,PHASE_17,ACTIVE,NULL_STAGE_FIELD
q-subj-tamil-p17c-096875,tndge-tamilnadu,tndge-tamilnadu,NULL,general,subj-tamil,ta,paper-tn-sslc-tamil-2024,ver-tndge-tamilnadu-2026,HUMAN_CURATED,short_answer,0,HUMAN_CURATED,PHASE_17,ACTIVE,NULL_STAGE_FIELD
q-subj-tamil-p17c-096876,tndge-tamilnadu,tndge-tamilnadu,NULL,general,subj-tamil,ta,paper-tn-sslc-tamil-2024,ver-tndge-tamilnadu-2026,HUMAN_CURATED,single_mcq,0,HUMAN_CURATED,PHASE_17,ACTIVE,NULL_STAGE_FIELD
q-subj-tamil-p17c-096877,tndge-tamilnadu,tndge-tamilnadu,NULL,general,subj-tamil,ta,paper-tn-sslc-tamil-2024,ver-tndge-tamilnadu-2026,HUMAN_CURATED,short_answer,0,HUMAN_CURATED,PHASE_17,ACTIVE,NULL_STAGE_FIELD
q-subj-tamil-p17c-096878,tndge-tamilnadu,tndge-tamilnadu,NULL,general,subj-tamil,ta,paper-tn-sslc-tamil-2024,ver-tndge-tamilnadu-2026,HUMAN_CURATED,single_mcq,0,HUMAN_CURATED,PHASE_17,ACTIVE,NULL_STAGE_FIELD
q-subj-tamil-p17c-096879,tndge-tamilnadu,tndge-tamilnadu,NULL,general,subj-tamil,ta,paper-tn-sslc-tamil-2024,ver-tndge-tamilnadu-2026,HUMAN_CURATED,short_answer,0,HUMAN_CURATED,PHASE_17,ACTIVE,NULL_STAGE_FIELD
q-subj-tamil-p17c-096880,tndge-tamilnadu,tndge-tamilnadu,NULL,general,subj-tamil,ta,paper-tn-sslc-tamil-2024,ver-tndge-tamilnadu-2026,HUMAN_CURATED,single_mcq,0,HUMAN_CURATED,PHASE_17,ACTIVE,NULL_STAGE_FIELD
q-subj-tamil-p17c-096881,tndge-tamilnadu,tndge-tamilnadu,NULL,general,subj-tamil,ta,paper-tn-sslc-tamil-2024,ver-tndge-tamilnadu-2026,HUMAN_CURATED,short_answer,0,HUMAN_CURATED,PHASE_17,ACTIVE,NULL_STAGE_FIELD
q-subj-tamil-p17c-096882,tndge-tamilnadu,tndge-tamilnadu,NULL,general,subj-tamil,ta,paper-tn-sslc-tamil-2024,ver-tndge-tamilnadu-2026,HUMAN_CURATED,single_mcq,0,HUMAN_CURATED,PHASE_17,ACTIVE,NULL_STAGE_FIELD
q-subj-tamil-p17c-096883,tndge-tamilnadu,tndge-tamilnadu,NULL,general,subj-tamil,ta,paper-tn-sslc-tamil-2024,ver-tndge-tamilnadu-2026,HUMAN_CURATED,short_answer,0,HUMAN_CURATED,PHASE_17,ACTIVE,NULL_STAGE_FIELD
q-subj-tamil-p17c-096884,tndge-tamilnadu,tndge-tamilnadu,NULL,general,subj-tamil,ta,paper-tn-sslc-tamil-2024,ver-tndge-tamilnadu-2026,HUMAN_CURATED,single_mcq,0,HUMAN_CURATED,PHASE_17,ACTIVE,NULL_STAGE_FIELD
q-subj-tamil-p17c-096885,tndge-tamilnadu,tndge-tamilnadu,NULL,general,subj-tamil,ta,paper-tn-sslc-tamil-2024,ver-tndge-tamilnadu-2026,HUMAN_CURATED,short_answer,0,HUMAN_CURATED,PHASE_17,ACTIVE,NULL_STAGE_FIELD
q-subj-tamil-p17c-096886,tndge-tamilnadu,tndge-tamilnadu,NULL,general,subj-tamil,ta,paper-tn-sslc-tamil-2024,ver-tndge-tamilnadu-2026,HUMAN_CURATED,single_mcq,0,HUMAN_CURATED,PHASE_17,ACTIVE,NULL_STAGE_FIELD
q-subj-tamil-p17c-096887,tndge-tamilnadu,tndge-tamilnadu,NULL,general,subj-tamil,ta,paper-tn-sslc-tamil-2024,ver-tndge-tamilnadu-2026,HUMAN_CURATED,short_answer,0,HUMAN_CURATED,PHASE_17,ACTIVE,NULL_STAGE_FIELD
q-subj-tamil-p17c-096888,tndge-tamilnadu,tndge-tamilnadu,NULL,general,subj-tamil,ta,paper-tn-sslc-tamil-2024,ver-tndge-tamilnadu-2026,HUMAN_CURATED,single_mcq,0,HUMAN_CURATED,PHASE_17,ACTIVE,NULL_STAGE_FIELD
q-subj-tamil-p17c-096889,tndge-tamilnadu,tndge-tamilnadu,NULL,general,subj-tamil,ta,paper-tn-sslc-tamil-2024,ver-tndge-tamilnadu-2026,HUMAN_CURATED,short_answer,0,HUMAN_CURATED,PHASE_17,ACTIVE,NULL_STAGE_FIELD
q-subj-tamil-p17c-096890,tndge-tamilnadu,tndge-tamilnadu,NULL,general,subj-tamil,ta,paper-tn-sslc-tamil-2024,ver-tndge-tamilnadu-2026,HUMAN_CURATED,single_mcq,0,HUMAN_CURATED,PHASE_17,ACTIVE,NULL_STAGE_FIELD
q-subj-tamil-p17c-096891,tndge-tamilnadu,tndge-tamilnadu,NULL,general,subj-tamil,ta,paper-tn-sslc-tamil-2024,ver-tndge-tamilnadu-2026,HUMAN_CURATED,short_answer,0,HUMAN_CURATED,PHASE_17,ACTIVE,NULL_STAGE_FIELD
q-subj-tamil-p17c-096892,tndge-tamilnadu,tndge-tamilnadu,NULL,general,subj-tamil,ta,paper-tn-sslc-tamil-2024,ver-tndge-tamilnadu-2026,HUMAN_CURATED,single_mcq,0,HUMAN_CURATED,PHASE_17,ACTIVE,NULL_STAGE_FIELD
q-subj-tamil-p17c-096893,tndge-tamilnadu,tndge-tamilnadu,NULL,general,subj-tamil,ta,paper-tn-sslc-tamil-2024,ver-tndge-tamilnadu-2026,HUMAN_CURATED,short_answer,0,HUMAN_CURATED,PHASE_17,ACTIVE,NULL_STAGE_FIELD
q-subj-tamil-p17c-096894,tndge-tamilnadu,tndge-tamilnadu,NULL,general,subj-tamil,ta,paper-tn-sslc-tamil-2024,ver-tndge-tamilnadu-2026,HUMAN_CURATED,single_mcq,0,HUMAN_CURATED,PHASE_17,ACTIVE,NULL_STAGE_FIELD
q-subj-tamil-p17c-096895,tndge-tamilnadu,tndge-tamilnadu,NULL,general,subj-tamil,ta,paper-tn-sslc-tamil-2024,ver-tndge-tamilnadu-2026,HUMAN_CURATED,short_answer,0,HUMAN_CURATED,PHASE_17,ACTIVE,NULL_STAGE_FIELD
q-subj-tamil-p17c-096896,tndge-tamilnadu,tndge-tamilnadu,NULL,general,subj-tamil,ta,paper-tn-sslc-tamil-2024,ver-tndge-tamilnadu-2026,HUMAN_CURATED,single_mcq,0,HUMAN_CURATED,PHASE_17,ACTIVE,NULL_STAGE_FIELD
q-subj-tamil-p17c-096897,tndge-tamilnadu,tndge-tamilnadu,NULL,general,subj-tamil,ta,paper-tn-sslc-tamil-2024,ver-tndge-tamilnadu-2026,HUMAN_CURATED,short_answer,0,HUMAN_CURATED,PHASE_17,ACTIVE,NULL_STAGE_FIELD
q-subj-tamil-p17c-096898,tndge-tamilnadu,tndge-tamilnadu,NULL,general,subj-tamil,ta,paper-tn-sslc-tamil-2024,ver-tndge-tamilnadu-2026,HUMAN_CURATED,single_mcq,0,HUMAN_CURATED,PHASE_17,ACTIVE,NULL_STAGE_FIELD
q-subj-tamil-p17c-096899,tndge-tamilnadu,tndge-tamilnadu,NULL,general,subj-tamil,ta,paper-tn-sslc-tamil-2024,ver-tndge-tamilnadu-2026,HUMAN_CURATED,short_answer,0,HUMAN_CURATED,PHASE_17,ACTIVE,NULL_STAGE_FIELD
q-subj-tamil-p17c-096900,tndge-tamilnadu,tndge-tamilnadu,NULL,general,subj-tamil,ta,paper-tn-sslc-tamil-2024,ver-tndge-tamilnadu-2026,HUMAN_CURATED,single_mcq,0,HUMAN_CURATED,PHASE_17,ACTIVE,NULL_STAGE_FIELD
q-tndge-tamilnadu-undefined-Annual-Morning-q1,tndge-tamilnadu,tndge-tamilnadu,Annual,general,subj-tamil,ta,paper-tn-sslc-tamil-2024,ver-tndge-tamilnadu-2026,OFFICIAL_PYQ,single_mcq,1,OFFICIAL_PYQ,PHASE_17,ACTIVE,OFFICIAL_PAPER_RECORD
q-tndge-tamilnadu-undefined-Annual-Morning-q10,tndge-tamilnadu,tndge-tamilnadu,Annual,general,subj-tamil,ta,paper-tn-sslc-tamil-2024,ver-tndge-tamilnadu-2026,OFFICIAL_PYQ,single_mcq,1,OFFICIAL_PYQ,PHASE_17,ACTIVE,OFFICIAL_PAPER_RECORD
q-tndge-tamilnadu-undefined-Annual-Morning-q11,tndge-tamilnadu,tndge-tamilnadu,Annual,general,subj-tamil,ta,paper-tn-sslc-tamil-2024,ver-tndge-tamilnadu-2026,OFFICIAL_PYQ,single_mcq,1,OFFICIAL_PYQ,PHASE_17,ACTIVE,OFFICIAL_PAPER_RECORD
q-tndge-tamilnadu-undefined-Annual-Morning-q12,tndge-tamilnadu,tndge-tamilnadu,Annual,general,subj-tamil,ta,paper-tn-sslc-tamil-2024,ver-tndge-tamilnadu-2026,OFFICIAL_PYQ,single_mcq,1,OFFICIAL_PYQ,PHASE_17,ACTIVE,OFFICIAL_PAPER_RECORD
q-tndge-tamilnadu-undefined-Annual-Morning-q13,tndge-tamilnadu,tndge-tamilnadu,Annual,general,subj-tamil,ta,paper-tn-sslc-tamil-2024,ver-tndge-tamilnadu-2026,OFFICIAL_PYQ,single_mcq,1,OFFICIAL_PYQ,PHASE_17,ACTIVE,OFFICIAL_PAPER_RECORD
q-tndge-tamilnadu-undefined-Annual-Morning-q14,tndge-tamilnadu,tndge-tamilnadu,Annual,general,subj-tamil,ta,paper-tn-sslc-tamil-2024,ver-tndge-tamilnadu-2026,OFFICIAL_PYQ,single_mcq,1,OFFICIAL_PYQ,PHASE_17,ACTIVE,OFFICIAL_PAPER_RECORD
q-tndge-tamilnadu-undefined-Annual-Morning-q15,tndge-tamilnadu,tndge-tamilnadu,Annual,general,subj-tamil,ta,paper-tn-sslc-tamil-2024,ver-tndge-tamilnadu-2026,OFFICIAL_PYQ,single_mcq,1,OFFICIAL_PYQ,PHASE_17,ACTIVE,OFFICIAL_PAPER_RECORD
q-tndge-tamilnadu-undefined-Annual-Morning-q16,tndge-tamilnadu,tndge-tamilnadu,Annual,general,subj-tamil,ta,paper-tn-sslc-tamil-2024,ver-tndge-tamilnadu-2026,OFFICIAL_PYQ,single_mcq,1,OFFICIAL_PYQ,PHASE_17,ACTIVE,OFFICIAL_PAPER_RECORD
q-tndge-tamilnadu-undefined-Annual-Morning-q17,tndge-tamilnadu,tndge-tamilnadu,Annual,general,subj-tamil,ta,paper-tn-sslc-tamil-2024,ver-tndge-tamilnadu-2026,OFFICIAL_PYQ,single_mcq,1,OFFICIAL_PYQ,PHASE_17,ACTIVE,OFFICIAL_PAPER_RECORD
q-tndge-tamilnadu-undefined-Annual-Morning-q18,tndge-tamilnadu,tndge-tamilnadu,Annual,general,subj-tamil,ta,paper-tn-sslc-tamil-2024,ver-tndge-tamilnadu-2026,OFFICIAL_PYQ,single_mcq,1,OFFICIAL_PYQ,PHASE_17,ACTIVE,OFFICIAL_PAPER_RECORD
q-tndge-tamilnadu-undefined-Annual-Morning-q19,tndge-tamilnadu,tndge-tamilnadu,Annual,general,subj-tamil,ta,paper-tn-sslc-tamil-2024,ver-tndge-tamilnadu-2026,OFFICIAL_PYQ,single_mcq,1,OFFICIAL_PYQ,PHASE_17,ACTIVE,OFFICIAL_PAPER_RECORD
q-tndge-tamilnadu-undefined-Annual-Morning-q2,tndge-tamilnadu,tndge-tamilnadu,Annual,general,subj-tamil,ta,paper-tn-sslc-tamil-2024,ver-tndge-tamilnadu-2026,OFFICIAL_PYQ,single_mcq,1,OFFICIAL_PYQ,PHASE_17,ACTIVE,OFFICIAL_PAPER_RECORD
q-tndge-tamilnadu-undefined-Annual-Morning-q20,tndge-tamilnadu,tndge-tamilnadu,Annual,general,subj-tamil,ta,paper-tn-sslc-tamil-2024,ver-tndge-tamilnadu-2026,OFFICIAL_PYQ,single_mcq,1,OFFICIAL_PYQ,PHASE_17,ACTIVE,OFFICIAL_PAPER_RECORD
q-tndge-tamilnadu-undefined-Annual-Morning-q21,tndge-tamilnadu,tndge-tamilnadu,Annual,general,subj-tamil,ta,paper-tn-sslc-tamil-2024,ver-tndge-tamilnadu-2026,OFFICIAL_PYQ,single_mcq,1,OFFICIAL_PYQ,PHASE_17,ACTIVE,OFFICIAL_PAPER_RECORD
q-tndge-tamilnadu-undefined-Annual-Morning-q22,tndge-tamilnadu,tndge-tamilnadu,Annual,general,subj-tamil,ta,paper-tn-sslc-tamil-2024,ver-tndge-tamilnadu-2026,OFFICIAL_PYQ,single_mcq,1,OFFICIAL_PYQ,PHASE_17,ACTIVE,OFFICIAL_PAPER_RECORD
q-tndge-tamilnadu-undefined-Annual-Morning-q23,tndge-tamilnadu,tndge-tamilnadu,Annual,general,subj-tamil,ta,paper-tn-sslc-tamil-2024,ver-tndge-tamilnadu-2026,OFFICIAL_PYQ,single_mcq,1,OFFICIAL_PYQ,PHASE_17,ACTIVE,OFFICIAL_PAPER_RECORD
q-tndge-tamilnadu-undefined-Annual-Morning-q24,tndge-tamilnadu,tndge-tamilnadu,Annual,general,subj-tamil,ta,paper-tn-sslc-tamil-2024,ver-tndge-tamilnadu-2026,OFFICIAL_PYQ,single_mcq,1,OFFICIAL_PYQ,PHASE_17,ACTIVE,OFFICIAL_PAPER_RECORD
q-tndge-tamilnadu-undefined-Annual-Morning-q25,tndge-tamilnadu,tndge-tamilnadu,Annual,general,subj-tamil,ta,paper-tn-sslc-tamil-2024,ver-tndge-tamilnadu-2026,OFFICIAL_PYQ,single_mcq,1,OFFICIAL_PYQ,PHASE_17,ACTIVE,OFFICIAL_PAPER_RECORD
q-tndge-tamilnadu-undefined-Annual-Morning-q3,tndge-tamilnadu,tndge-tamilnadu,Annual,general,subj-tamil,ta,paper-tn-sslc-tamil-2024,ver-tndge-tamilnadu-2026,OFFICIAL_PYQ,single_mcq,1,OFFICIAL_PYQ,PHASE_17,ACTIVE,OFFICIAL_PAPER_RECORD
q-tndge-tamilnadu-undefined-Annual-Morning-q4,tndge-tamilnadu,tndge-tamilnadu,Annual,general,subj-tamil,ta,paper-tn-sslc-tamil-2024,ver-tndge-tamilnadu-2026,OFFICIAL_PYQ,single_mcq,1,OFFICIAL_PYQ,PHASE_17,ACTIVE,OFFICIAL_PAPER_RECORD
q-tndge-tamilnadu-undefined-Annual-Morning-q5,tndge-tamilnadu,tndge-tamilnadu,Annual,general,subj-tamil,ta,paper-tn-sslc-tamil-2024,ver-tndge-tamilnadu-2026,OFFICIAL_PYQ,single_mcq,1,OFFICIAL_PYQ,PHASE_17,ACTIVE,OFFICIAL_PAPER_RECORD
q-tndge-tamilnadu-undefined-Annual-Morning-q6,tndge-tamilnadu,tndge-tamilnadu,Annual,general,subj-tamil,ta,paper-tn-sslc-tamil-2024,ver-tndge-tamilnadu-2026,OFFICIAL_PYQ,single_mcq,1,OFFICIAL_PYQ,PHASE_17,ACTIVE,OFFICIAL_PAPER_RECORD
q-tndge-tamilnadu-undefined-Annual-Morning-q7,tndge-tamilnadu,tndge-tamilnadu,Annual,general,subj-tamil,ta,paper-tn-sslc-tamil-2024,ver-tndge-tamilnadu-2026,OFFICIAL_PYQ,single_mcq,1,OFFICIAL_PYQ,PHASE_17,ACTIVE,OFFICIAL_PAPER_RECORD
q-tndge-tamilnadu-undefined-Annual-Morning-q8,tndge-tamilnadu,tndge-tamilnadu,Annual,general,subj-tamil,ta,paper-tn-sslc-tamil-2024,ver-tndge-tamilnadu-2026,OFFICIAL_PYQ,single_mcq,1,OFFICIAL_PYQ,PHASE_17,ACTIVE,OFFICIAL_PAPER_RECORD
q-tndge-tamilnadu-undefined-Annual-Morning-q9,tndge-tamilnadu,tndge-tamilnadu,Annual,general,subj-tamil,ta,paper-tn-sslc-tamil-2024,ver-tndge-tamilnadu-2026,OFFICIAL_PYQ,single_mcq,1,OFFICIAL_PYQ,PHASE_17,ACTIVE,OFFICIAL_PAPER_RECORD
q-subj-social-p17b-mumdrurr-437,maharashtra-board,maharashtra-board,NULL,general,subj-social,mr,none,ver-maharashtra-board-2026,HUMAN_CURATED,short_answer,0,HUMAN_CURATED,PHASE_16,ACTIVE,NULL_STAGE_FIELD
q-subj-social-p17b-mumdrurr-442,maharashtra-board,maharashtra-board,NULL,general,subj-social,mr,none,ver-maharashtra-board-2026,HUMAN_CURATED,short_answer,0,HUMAN_CURATED,PHASE_16,ACTIVE,NULL_STAGE_FIELD
q-subj-social-p17b-mumdrurr-447,maharashtra-board,maharashtra-board,NULL,general,subj-social,mr,none,ver-maharashtra-board-2026,HUMAN_CURATED,short_answer,0,HUMAN_CURATED,PHASE_16,ACTIVE,NULL_STAGE_FIELD
q-subj-social-p17b-mumdrurr-452,maharashtra-board,maharashtra-board,NULL,general,subj-social,mr,none,ver-maharashtra-board-2026,HUMAN_CURATED,short_answer,0,HUMAN_CURATED,PHASE_16,ACTIVE,NULL_STAGE_FIELD
q-subj-social-p17b-mumdrurr-457,maharashtra-board,maharashtra-board,NULL,general,subj-social,mr,none,ver-maharashtra-board-2026,HUMAN_CURATED,short_answer,0,HUMAN_CURATED,PHASE_16,ACTIVE,NULL_STAGE_FIELD
q-subj-social-p17b-mumdrurr-462,maharashtra-board,maharashtra-board,NULL,general,subj-social,mr,none,ver-maharashtra-board-2026,HUMAN_CURATED,short_answer,0,HUMAN_CURATED,PHASE_16,ACTIVE,NULL_STAGE_FIELD
q-subj-social-p17b-mumdrurr-467,maharashtra-board,maharashtra-board,NULL,general,subj-social,mr,none,ver-maharashtra-board-2026,HUMAN_CURATED,short_answer,0,HUMAN_CURATED,PHASE_16,ACTIVE,NULL_STAGE_FIELD
q-cbse-10-sci-2023-q1,cbse-board,cbse-board,NULL,science,subj-science,en,paper-cbse-10-sci-2023-set1,ver-cbse-board-2023,OFFICIAL_PYQ,single_mcq,1,OFFICIAL_PYQ,PHASE_16,ACTIVE,LEGACY_RECORD
q-cbse-10-sci-2025-sp-q001,cbse-board,cbse-board,BOARD,science,subj-science,en,paper-cbse-10-sci-2025-sp,ver-cbse-board-2026,OFFICIAL_SAMPLE,single_mcq,0,OFFICIAL_SAMPLE,PHASE_16,ACTIVE,OFFICIAL_PAPER_RECORD
q-cbse-10-sci-2025-sp-q002,cbse-board,cbse-board,BOARD,science,subj-science,en,paper-cbse-10-sci-2025-sp,ver-cbse-board-2026,OFFICIAL_SAMPLE,single_mcq,0,OFFICIAL_SAMPLE,PHASE_16,ACTIVE,OFFICIAL_PAPER_RECORD
q-cbse-10-sci-2025-sp-q003,cbse-board,cbse-board,BOARD,science,subj-science,en,paper-cbse-10-sci-2025-sp,ver-cbse-board-2026,OFFICIAL_SAMPLE,single_mcq,0,OFFICIAL_SAMPLE,PHASE_16,ACTIVE,OFFICIAL_PAPER_RECORD
q-cbse-10-sci-2025-sp-q004,cbse-board,cbse-board,BOARD,science,subj-science,en,paper-cbse-10-sci-2025-sp,ver-cbse-board-2026,OFFICIAL_SAMPLE,single_mcq,0,OFFICIAL_SAMPLE,PHASE_16,ACTIVE,OFFICIAL_PAPER_RECORD
q-cbse-10-sci-2025-sp-q005,cbse-board,cbse-board,BOARD,science,subj-science,en,paper-cbse-10-sci-2025-sp,ver-cbse-board-2026,OFFICIAL_SAMPLE,single_mcq,0,OFFICIAL_SAMPLE,PHASE_16,ACTIVE,OFFICIAL_PAPER_RECORD
q-cbse-10-sci-2025-sp-q006,cbse-board,cbse-board,BOARD,science,subj-science,en,paper-cbse-10-sci-2025-sp,ver-cbse-board-2026,OFFICIAL_SAMPLE,single_mcq,0,OFFICIAL_SAMPLE,PHASE_16,ACTIVE,OFFICIAL_PAPER_RECORD
q-cbse-10-sci-2025-sp-q007,cbse-board,cbse-board,BOARD,science,subj-science,en,paper-cbse-10-sci-2025-sp,ver-cbse-board-2026,OFFICIAL_SAMPLE,single_mcq,0,OFFICIAL_SAMPLE,PHASE_16,ACTIVE,OFFICIAL_PAPER_RECORD
q-cbse-10-sci-2025-sp-q008,cbse-board,cbse-board,BOARD,science,subj-science,en,paper-cbse-10-sci-2025-sp,ver-cbse-board-2026,OFFICIAL_SAMPLE,single_mcq,0,OFFICIAL_SAMPLE,PHASE_16,ACTIVE,OFFICIAL_PAPER_RECORD
q-cbse-10-sci-2025-sp-q009,cbse-board,cbse-board,BOARD,science,subj-science,en,paper-cbse-10-sci-2025-sp,ver-cbse-board-2026,OFFICIAL_SAMPLE,single_mcq,0,OFFICIAL_SAMPLE,PHASE_16,ACTIVE,OFFICIAL_PAPER_RECORD
q-cbse-10-sci-2025-sp-q010,cbse-board,cbse-board,BOARD,science,subj-science,en,paper-cbse-10-sci-2025-sp,ver-cbse-board-2026,OFFICIAL_SAMPLE,single_mcq,0,OFFICIAL_SAMPLE,PHASE_16,ACTIVE,OFFICIAL_PAPER_RECORD
q-cbse-10-sci-2025-sp-q011,cbse-board,cbse-board,BOARD,science,subj-science,en,paper-cbse-10-sci-2025-sp,ver-cbse-board-2026,OFFICIAL_SAMPLE,single_mcq,0,OFFICIAL_SAMPLE,PHASE_16,ACTIVE,OFFICIAL_PAPER_RECORD
q-cbse-10-sci-2025-sp-q012,cbse-board,cbse-board,BOARD,science,subj-science,en,paper-cbse-10-sci-2025-sp,ver-cbse-board-2026,OFFICIAL_SAMPLE,single_mcq,0,OFFICIAL_SAMPLE,PHASE_16,ACTIVE,OFFICIAL_PAPER_RECORD
q-cbse-10-sci-2025-sp-q013,cbse-board,cbse-board,BOARD,science,subj-science,en,paper-cbse-10-sci-2025-sp,ver-cbse-board-2026,OFFICIAL_SAMPLE,single_mcq,0,OFFICIAL_SAMPLE,PHASE_16,ACTIVE,OFFICIAL_PAPER_RECORD
q-cbse-10-sci-2025-sp-q014,cbse-board,cbse-board,BOARD,science,subj-science,en,paper-cbse-10-sci-2025-sp,ver-cbse-board-2026,OFFICIAL_SAMPLE,single_mcq,0,OFFICIAL_SAMPLE,PHASE_16,ACTIVE,OFFICIAL_PAPER_RECORD
q-cbse-10-sci-2025-sp-q015,cbse-board,cbse-board,BOARD,science,subj-science,en,paper-cbse-10-sci-2025-sp,ver-cbse-board-2026,OFFICIAL_SAMPLE,single_mcq,0,OFFICIAL_SAMPLE,PHASE_16,ACTIVE,OFFICIAL_PAPER_RECORD
q-cbse-10-sci-2025-sp-q016,cbse-board,cbse-board,BOARD,science,subj-science,en,paper-cbse-10-sci-2025-sp,ver-cbse-board-2026,OFFICIAL_SAMPLE,single_mcq,0,OFFICIAL_SAMPLE,PHASE_16,ACTIVE,OFFICIAL_PAPER_RECORD
q-cbse-10-sci-2025-sp-q017,cbse-board,cbse-board,BOARD,science,subj-science,en,paper-cbse-10-sci-2025-sp,ver-cbse-board-2026,OFFICIAL_SAMPLE,single_mcq,0,OFFICIAL_SAMPLE,PHASE_16,ACTIVE,OFFICIAL_PAPER_RECORD
q-cbse-10-sci-2025-sp-q018,cbse-board,cbse-board,BOARD,science,subj-science,en,paper-cbse-10-sci-2025-sp,ver-cbse-board-2026,OFFICIAL_SAMPLE,single_mcq,0,OFFICIAL_SAMPLE,PHASE_16,ACTIVE,OFFICIAL_PAPER_RECORD
q-cbse-10-sci-2025-sp-q019,cbse-board,cbse-board,BOARD,science,subj-science,en,paper-cbse-10-sci-2025-sp,ver-cbse-board-2026,OFFICIAL_SAMPLE,single_mcq,0,OFFICIAL_SAMPLE,PHASE_16,ACTIVE,OFFICIAL_PAPER_RECORD
q-cbse-10-sci-2025-sp-q020,cbse-board,cbse-board,BOARD,science,subj-science,en,paper-cbse-10-sci-2025-sp,ver-cbse-board-2026,OFFICIAL_SAMPLE,single_mcq,0,OFFICIAL_SAMPLE,PHASE_16,ACTIVE,OFFICIAL_PAPER_RECORD
q-cbse-board-undefined-Annual Board Exam-Morning-q1,cbse-board,cbse-board,Annual Board Exam,science,subj-science,en,paper-cbse-10-science-2024,ver-cbse-board-2026,OFFICIAL_SAMPLE,single_mcq,0,OFFICIAL_DOCUMENT,PHASE_16,ACTIVE,OFFICIAL_PAPER_RECORD
q-cbse-board-undefined-Annual Board Exam-Morning-q10,cbse-board,cbse-board,Annual Board Exam,science,subj-science,en,paper-cbse-10-science-2024,ver-cbse-board-2026,OFFICIAL_SAMPLE,single_mcq,0,OFFICIAL_DOCUMENT,PHASE_16,ACTIVE,OFFICIAL_PAPER_RECORD
q-cbse-board-undefined-Annual Board Exam-Morning-q11,cbse-board,cbse-board,Annual Board Exam,science,subj-science,en,paper-cbse-10-science-2024,ver-cbse-board-2026,OFFICIAL_SAMPLE,single_mcq,0,OFFICIAL_DOCUMENT,PHASE_16,ACTIVE,OFFICIAL_PAPER_RECORD
q-cbse-board-undefined-Annual Board Exam-Morning-q12,cbse-board,cbse-board,Annual Board Exam,science,subj-science,en,paper-cbse-10-science-2024,ver-cbse-board-2026,OFFICIAL_SAMPLE,single_mcq,0,OFFICIAL_DOCUMENT,PHASE_16,ACTIVE,OFFICIAL_PAPER_RECORD
q-cbse-board-undefined-Annual Board Exam-Morning-q13,cbse-board,cbse-board,Annual Board Exam,science,subj-science,en,paper-cbse-10-science-2024,ver-cbse-board-2026,OFFICIAL_SAMPLE,single_mcq,0,OFFICIAL_DOCUMENT,PHASE_16,ACTIVE,OFFICIAL_PAPER_RECORD
q-cbse-board-undefined-Annual Board Exam-Morning-q14,cbse-board,cbse-board,Annual Board Exam,science,subj-science,en,paper-cbse-10-science-2024,ver-cbse-board-2026,OFFICIAL_SAMPLE,single_mcq,0,OFFICIAL_DOCUMENT,PHASE_16,ACTIVE,OFFICIAL_PAPER_RECORD
q-cbse-board-undefined-Annual Board Exam-Morning-q15,cbse-board,cbse-board,Annual Board Exam,science,subj-science,en,paper-cbse-10-science-2024,ver-cbse-board-2026,OFFICIAL_SAMPLE,single_mcq,0,OFFICIAL_DOCUMENT,PHASE_16,ACTIVE,OFFICIAL_PAPER_RECORD
q-cbse-board-undefined-Annual Board Exam-Morning-q16,cbse-board,cbse-board,Annual Board Exam,science,subj-science,en,paper-cbse-10-science-2024,ver-cbse-board-2026,OFFICIAL_SAMPLE,single_mcq,0,OFFICIAL_DOCUMENT,PHASE_16,ACTIVE,OFFICIAL_PAPER_RECORD
q-cbse-board-undefined-Annual Board Exam-Morning-q17,cbse-board,cbse-board,Annual Board Exam,science,subj-science,en,paper-cbse-10-science-2024,ver-cbse-board-2026,OFFICIAL_SAMPLE,single_mcq,0,OFFICIAL_DOCUMENT,PHASE_16,ACTIVE,OFFICIAL_PAPER_RECORD
q-cbse-board-undefined-Annual Board Exam-Morning-q18,cbse-board,cbse-board,Annual Board Exam,science,subj-science,en,paper-cbse-10-science-2024,ver-cbse-board-2026,OFFICIAL_SAMPLE,single_mcq,0,OFFICIAL_DOCUMENT,PHASE_16,ACTIVE,OFFICIAL_PAPER_RECORD
q-cbse-board-undefined-Annual Board Exam-Morning-q19,cbse-board,cbse-board,Annual Board Exam,science,subj-science,en,paper-cbse-10-science-2024,ver-cbse-board-2026,OFFICIAL_SAMPLE,single_mcq,0,OFFICIAL_DOCUMENT,PHASE_16,ACTIVE,OFFICIAL_PAPER_RECORD
q-cbse-board-undefined-Annual Board Exam-Morning-q2,cbse-board,cbse-board,Annual Board Exam,science,subj-science,en,paper-cbse-10-science-2024,ver-cbse-board-2026,OFFICIAL_SAMPLE,single_mcq,0,OFFICIAL_DOCUMENT,PHASE_16,ACTIVE,OFFICIAL_PAPER_RECORD
q-cbse-board-undefined-Annual Board Exam-Morning-q20,cbse-board,cbse-board,Annual Board Exam,science,subj-science,en,paper-cbse-10-science-2024,ver-cbse-board-2026,OFFICIAL_SAMPLE,single_mcq,0,OFFICIAL_DOCUMENT,PHASE_16,ACTIVE,OFFICIAL_PAPER_RECORD
q-cbse-board-undefined-Annual Board Exam-Morning-q21,cbse-board,cbse-board,Annual Board Exam,science,subj-science,en,paper-cbse-10-science-2024,ver-cbse-board-2026,OFFICIAL_SAMPLE,short_answer,0,OFFICIAL_DOCUMENT,PHASE_16,ACTIVE,OFFICIAL_PAPER_RECORD
q-cbse-board-undefined-Annual Board Exam-Morning-q22,cbse-board,cbse-board,Annual Board Exam,science,subj-science,en,paper-cbse-10-science-2024,ver-cbse-board-2026,OFFICIAL_SAMPLE,short_answer,0,OFFICIAL_DOCUMENT,PHASE_16,ACTIVE,OFFICIAL_PAPER_RECORD
q-cbse-board-undefined-Annual Board Exam-Morning-q23,cbse-board,cbse-board,Annual Board Exam,science,subj-science,en,paper-cbse-10-science-2024,ver-cbse-board-2026,OFFICIAL_SAMPLE,short_answer,0,OFFICIAL_DOCUMENT,PHASE_16,ACTIVE,OFFICIAL_PAPER_RECORD
q-cbse-board-undefined-Annual Board Exam-Morning-q24,cbse-board,cbse-board,Annual Board Exam,science,subj-science,en,paper-cbse-10-science-2024,ver-cbse-board-2026,OFFICIAL_SAMPLE,short_answer,0,OFFICIAL_DOCUMENT,PHASE_16,ACTIVE,OFFICIAL_PAPER_RECORD
q-cbse-board-undefined-Annual Board Exam-Morning-q25,cbse-board,cbse-board,Annual Board Exam,science,subj-science,en,paper-cbse-10-science-2024,ver-cbse-board-2026,OFFICIAL_SAMPLE,short_answer,0,OFFICIAL_DOCUMENT,PHASE_16,ACTIVE,OFFICIAL_PAPER_RECORD
q-cbse-board-undefined-Annual Board Exam-Morning-q26,cbse-board,cbse-board,Annual Board Exam,science,subj-science,en,paper-cbse-10-science-2024,ver-cbse-board-2026,OFFICIAL_SAMPLE,short_answer,0,OFFICIAL_DOCUMENT,PHASE_16,ACTIVE,OFFICIAL_PAPER_RECORD
q-cbse-board-undefined-Annual Board Exam-Morning-q27,cbse-board,cbse-board,Annual Board Exam,science,subj-science,en,paper-cbse-10-science-2024,ver-cbse-board-2026,OFFICIAL_SAMPLE,short_answer,0,OFFICIAL_DOCUMENT,PHASE_16,ACTIVE,OFFICIAL_PAPER_RECORD
q-cbse-board-undefined-Annual Board Exam-Morning-q28,cbse-board,cbse-board,Annual Board Exam,science,subj-science,en,paper-cbse-10-science-2024,ver-cbse-board-2026,OFFICIAL_SAMPLE,short_answer,0,OFFICIAL_DOCUMENT,PHASE_16,ACTIVE,OFFICIAL_PAPER_RECORD
q-cbse-board-undefined-Annual Board Exam-Morning-q29,cbse-board,cbse-board,Annual Board Exam,science,subj-science,en,paper-cbse-10-science-2024,ver-cbse-board-2026,OFFICIAL_SAMPLE,short_answer,0,OFFICIAL_DOCUMENT,PHASE_16,ACTIVE,OFFICIAL_PAPER_RECORD
q-cbse-board-undefined-Annual Board Exam-Morning-q3,cbse-board,cbse-board,Annual Board Exam,science,subj-science,en,paper-cbse-10-science-2024,ver-cbse-board-2026,OFFICIAL_SAMPLE,single_mcq,0,OFFICIAL_DOCUMENT,PHASE_16,ACTIVE,OFFICIAL_PAPER_RECORD
q-cbse-board-undefined-Annual Board Exam-Morning-q30,cbse-board,cbse-board,Annual Board Exam,science,subj-science,en,paper-cbse-10-science-2024,ver-cbse-board-2026,OFFICIAL_SAMPLE,short_answer,0,OFFICIAL_DOCUMENT,PHASE_16,ACTIVE,OFFICIAL_PAPER_RECORD
q-cbse-board-undefined-Annual Board Exam-Morning-q31,cbse-board,cbse-board,Annual Board Exam,science,subj-science,en,paper-cbse-10-science-2024,ver-cbse-board-2026,OFFICIAL_SAMPLE,short_answer,0,OFFICIAL_DOCUMENT,PHASE_16,ACTIVE,OFFICIAL_PAPER_RECORD
q-cbse-board-undefined-Annual Board Exam-Morning-q32,cbse-board,cbse-board,Annual Board Exam,science,subj-science,en,paper-cbse-10-science-2024,ver-cbse-board-2026,OFFICIAL_SAMPLE,short_answer,0,OFFICIAL_DOCUMENT,PHASE_16,ACTIVE,OFFICIAL_PAPER_RECORD
q-cbse-board-undefined-Annual Board Exam-Morning-q33,cbse-board,cbse-board,Annual Board Exam,science,subj-science,en,paper-cbse-10-science-2024,ver-cbse-board-2026,OFFICIAL_SAMPLE,short_answer,0,OFFICIAL_DOCUMENT,PHASE_16,ACTIVE,OFFICIAL_PAPER_RECORD
q-cbse-board-undefined-Annual Board Exam-Morning-q34,cbse-board,cbse-board,Annual Board Exam,science,subj-science,en,paper-cbse-10-science-2024,ver-cbse-board-2026,OFFICIAL_SAMPLE,long_answer,0,OFFICIAL_DOCUMENT,PHASE_16,ACTIVE,OFFICIAL_PAPER_RECORD
q-cbse-board-undefined-Annual Board Exam-Morning-q35,cbse-board,cbse-board,Annual Board Exam,science,subj-science,en,paper-cbse-10-science-2024,ver-cbse-board-2026,OFFICIAL_SAMPLE,long_answer,0,OFFICIAL_DOCUMENT,PHASE_16,ACTIVE,OFFICIAL_PAPER_RECORD
q-cbse-board-undefined-Annual Board Exam-Morning-q36,cbse-board,cbse-board,Annual Board Exam,science,subj-science,en,paper-cbse-10-science-2024,ver-cbse-board-2026,OFFICIAL_SAMPLE,long_answer,0,OFFICIAL_DOCUMENT,PHASE_16,ACTIVE,OFFICIAL_PAPER_RECORD
q-cbse-board-undefined-Annual Board Exam-Morning-q37,cbse-board,cbse-board,Annual Board Exam,science,subj-science,en,paper-cbse-10-science-2024,ver-cbse-board-2026,OFFICIAL_SAMPLE,case_study,0,OFFICIAL_DOCUMENT,PHASE_16,ACTIVE,OFFICIAL_PAPER_RECORD
q-cbse-board-undefined-Annual Board Exam-Morning-q38,cbse-board,cbse-board,Annual Board Exam,science,subj-science,en,paper-cbse-10-science-2024,ver-cbse-board-2026,OFFICIAL_SAMPLE,case_study,0,OFFICIAL_DOCUMENT,PHASE_16,ACTIVE,OFFICIAL_PAPER_RECORD
q-cbse-board-undefined-Annual Board Exam-Morning-q39,cbse-board,cbse-board,Annual Board Exam,science,subj-science,en,paper-cbse-10-science-2024,ver-cbse-board-2026,OFFICIAL_SAMPLE,case_study,0,OFFICIAL_DOCUMENT,PHASE_16,ACTIVE,OFFICIAL_PAPER_RECORD
q-cbse-board-undefined-Annual Board Exam-Morning-q4,cbse-board,cbse-board,Annual Board Exam,science,subj-science,en,paper-cbse-10-science-2024,ver-cbse-board-2026,OFFICIAL_SAMPLE,single_mcq,0,OFFICIAL_DOCUMENT,PHASE_16,ACTIVE,OFFICIAL_PAPER_RECORD
q-cbse-board-undefined-Annual Board Exam-Morning-q5,cbse-board,cbse-board,Annual Board Exam,science,subj-science,en,paper-cbse-10-science-2024,ver-cbse-board-2026,OFFICIAL_SAMPLE,single_mcq,0,OFFICIAL_DOCUMENT,PHASE_16,ACTIVE,OFFICIAL_PAPER_RECORD
q-cbse-board-undefined-Annual Board Exam-Morning-q6,cbse-board,cbse-board,Annual Board Exam,science,subj-science,en,paper-cbse-10-science-2024,ver-cbse-board-2026,OFFICIAL_SAMPLE,single_mcq,0,OFFICIAL_DOCUMENT,PHASE_16,ACTIVE,OFFICIAL_PAPER_RECORD
q-cbse-board-undefined-Annual Board Exam-Morning-q7,cbse-board,cbse-board,Annual Board Exam,science,subj-science,en,paper-cbse-10-science-2024,ver-cbse-board-2026,OFFICIAL_SAMPLE,single_mcq,0,OFFICIAL_DOCUMENT,PHASE_16,ACTIVE,OFFICIAL_PAPER_RECORD
q-cbse-board-undefined-Annual Board Exam-Morning-q8,cbse-board,cbse-board,Annual Board Exam,science,subj-science,en,paper-cbse-10-science-2024,ver-cbse-board-2026,OFFICIAL_SAMPLE,single_mcq,0,OFFICIAL_DOCUMENT,PHASE_16,ACTIVE,OFFICIAL_PAPER_RECORD
q-cbse-board-undefined-Annual Board Exam-Morning-q9,cbse-board,cbse-board,Annual Board Exam,science,subj-science,en,paper-cbse-10-science-2024,ver-cbse-board-2026,OFFICIAL_SAMPLE,single_mcq,0,OFFICIAL_DOCUMENT,PHASE_16,ACTIVE,OFFICIAL_PAPER_RECORD
q-subj-accountancy-p17c-094701,cbse-board,cbse-board,NULL,science,subj-accountancy,en,none,ver-cbse-board-2026,HUMAN_CURATED,numerical,0,HUMAN_CURATED,PHASE_16,ACTIVE,LEGACY_RECORD
q-subj-accountancy-p17c-094702,cbse-board,cbse-board,NULL,science,subj-accountancy,en,none,ver-cbse-board-2026,HUMAN_CURATED,short_answer,0,HUMAN_CURATED,PHASE_16,ACTIVE,LEGACY_RECORD
q-subj-accountancy-p17c-094703,cbse-board,cbse-board,NULL,science,subj-accountancy,en,none,ver-cbse-board-2026,HUMAN_CURATED,single_mcq,0,HUMAN_CURATED,PHASE_16,ACTIVE,LEGACY_RECORD
q-subj-accountancy-p17c-094704,cbse-board,cbse-board,NULL,science,subj-accountancy,en,none,ver-cbse-board-2026,HUMAN_CURATED,numerical,0,HUMAN_CURATED,PHASE_16,ACTIVE,LEGACY_RECORD
q-subj-accountancy-p17c-094705,cbse-board,cbse-board,NULL,science,subj-accountancy,en,none,ver-cbse-board-2026,HUMAN_CURATED,short_answer,0,HUMAN_CURATED,PHASE_16,ACTIVE,LEGACY_RECORD
q-subj-accountancy-p17c-094706,cbse-board,cbse-board,NULL,science,subj-accountancy,en,none,ver-cbse-board-2026,HUMAN_CURATED,single_mcq,0,HUMAN_CURATED,PHASE_16,ACTIVE,LEGACY_RECORD
q-subj-accountancy-p17c-094707,cbse-board,cbse-board,NULL,science,subj-accountancy,en,none,ver-cbse-board-2026,HUMAN_CURATED,numerical,0,HUMAN_CURATED,PHASE_16,ACTIVE,LEGACY_RECORD
q-subj-accountancy-p17c-094708,cbse-board,cbse-board,NULL,science,subj-accountancy,en,none,ver-cbse-board-2026,HUMAN_CURATED,short_answer,0,HUMAN_CURATED,PHASE_16,ACTIVE,LEGACY_RECORD
q-subj-accountancy-p17c-094709,cbse-board,cbse-board,NULL,science,subj-accountancy,en,none,ver-cbse-board-2026,HUMAN_CURATED,single_mcq,0,HUMAN_CURATED,PHASE_16,ACTIVE,LEGACY_RECORD
q-subj-accountancy-p17c-094710,cbse-board,cbse-board,NULL,science,subj-accountancy,en,none,ver-cbse-board-2026,HUMAN_CURATED,numerical,0,HUMAN_CURATED,PHASE_16,ACTIVE,LEGACY_RECORD
q-subj-accountancy-p17c-094711,cbse-board,cbse-board,NULL,science,subj-accountancy,en,none,ver-cbse-board-2026,HUMAN_CURATED,short_answer,0,HUMAN_CURATED,PHASE_16,ACTIVE,LEGACY_RECORD
q-subj-accountancy-p17c-094712,cbse-board,cbse-board,NULL,science,subj-accountancy,en,none,ver-cbse-board-2026,HUMAN_CURATED,single_mcq,0,HUMAN_CURATED,PHASE_16,ACTIVE,LEGACY_RECORD
q-subj-accountancy-p17c-094713,cbse-board,cbse-board,NULL,science,subj-accountancy,en,none,ver-cbse-board-2026,HUMAN_CURATED,numerical,0,HUMAN_CURATED,PHASE_16,ACTIVE,LEGACY_RECORD
q-subj-accountancy-p17c-094714,cbse-board,cbse-board,NULL,science,subj-accountancy,en,none,ver-cbse-board-2026,HUMAN_CURATED,short_answer,0,HUMAN_CURATED,PHASE_16,ACTIVE,LEGACY_RECORD
q-subj-accountancy-p17c-094715,cbse-board,cbse-board,NULL,science,subj-accountancy,en,none,ver-cbse-board-2026,HUMAN_CURATED,single_mcq,0,HUMAN_CURATED,PHASE_16,ACTIVE,LEGACY_RECORD
q-subj-accountancy-p17c-094716,cbse-board,cbse-board,NULL,science,subj-accountancy,en,none,ver-cbse-board-2026,HUMAN_CURATED,numerical,0,HUMAN_CURATED,PHASE_16,ACTIVE,LEGACY_RECORD
q-subj-accountancy-p17c-094717,cbse-board,cbse-board,NULL,science,subj-accountancy,en,none,ver-cbse-board-2026,HUMAN_CURATED,short_answer,0,HUMAN_CURATED,PHASE_16,ACTIVE,LEGACY_RECORD
q-subj-accountancy-p17c-094718,cbse-board,cbse-board,NULL,science,subj-accountancy,en,none,ver-cbse-board-2026,HUMAN_CURATED,single_mcq,0,HUMAN_CURATED,PHASE_16,ACTIVE,LEGACY_RECORD
q-subj-accountancy-p17c-094719,cbse-board,cbse-board,NULL,science,subj-accountancy,en,none,ver-cbse-board-2026,HUMAN_CURATED,numerical,0,HUMAN_CURATED,PHASE_16,ACTIVE,LEGACY_RECORD
q-subj-accountancy-p17c-094720,cbse-board,cbse-board,NULL,science,subj-accountancy,en,none,ver-cbse-board-2026,HUMAN_CURATED,short_answer,0,HUMAN_CURATED,PHASE_16,ACTIVE,LEGACY_RECORD
q-subj-accountancy-p17c-094721,cbse-board,cbse-board,NULL,science,subj-accountancy,en,none,ver-cbse-board-2026,HUMAN_CURATED,single_mcq,0,HUMAN_CURATED,PHASE_16,ACTIVE,LEGACY_RECORD
q-subj-accountancy-p17c-094722,cbse-board,cbse-board,NULL,science,subj-accountancy,en,none,ver-cbse-board-2026,HUMAN_CURATED,numerical,0,HUMAN_CURATED,PHASE_16,ACTIVE,LEGACY_RECORD
q-subj-accountancy-p17c-094723,cbse-board,cbse-board,NULL,science,subj-accountancy,en,none,ver-cbse-board-2026,HUMAN_CURATED,short_answer,0,HUMAN_CURATED,PHASE_16,ACTIVE,LEGACY_RECORD
q-subj-accountancy-p17c-094724,cbse-board,cbse-board,NULL,science,subj-accountancy,en,none,ver-cbse-board-2026,HUMAN_CURATED,single_mcq,0,HUMAN_CURATED,PHASE_16,ACTIVE,LEGACY_RECORD
q-subj-accountancy-p17c-094725,cbse-board,cbse-board,NULL,science,subj-accountancy,en,none,ver-cbse-board-2026,HUMAN_CURATED,numerical,0,HUMAN_CURATED,PHASE_16,ACTIVE,LEGACY_RECORD
q-subj-accountancy-p17c-094726,cbse-board,cbse-board,NULL,science,subj-accountancy,en,none,ver-cbse-board-2026,HUMAN_CURATED,short_answer,0,HUMAN_CURATED,PHASE_16,ACTIVE,LEGACY_RECORD
q-subj-accountancy-p17c-094727,cbse-board,cbse-board,NULL,science,subj-accountancy,en,none,ver-cbse-board-2026,HUMAN_CURATED,single_mcq,0,HUMAN_CURATED,PHASE_16,ACTIVE,LEGACY_RECORD
q-subj-accountancy-p17c-094728,cbse-board,cbse-board,NULL,science,subj-accountancy,en,none,ver-cbse-board-2026,HUMAN_CURATED,numerical,0,HUMAN_CURATED,PHASE_16,ACTIVE,LEGACY_RECORD
q-subj-accountancy-p17c-094729,cbse-board,cbse-board,NULL,science,subj-accountancy,en,none,ver-cbse-board-2026,HUMAN_CURATED,short_answer,0,HUMAN_CURATED,PHASE_16,ACTIVE,LEGACY_RECORD
q-subj-accountancy-p17c-094730,cbse-board,cbse-board,NULL,science,subj-accountancy,en,none,ver-cbse-board-2026,HUMAN_CURATED,single_mcq,0,HUMAN_CURATED,PHASE_16,ACTIVE,LEGACY_RECORD
q-subj-accountancy-p17c-094731,cbse-board,cbse-board,NULL,science,subj-accountancy,en,none,ver-cbse-board-2026,HUMAN_CURATED,numerical,0,HUMAN_CURATED,PHASE_16,ACTIVE,LEGACY_RECORD
q-subj-accountancy-p17c-094732,cbse-board,cbse-board,NULL,science,subj-accountancy,en,none,ver-cbse-board-2026,HUMAN_CURATED,short_answer,0,HUMAN_CURATED,PHASE_16,ACTIVE,LEGACY_RECORD
q-subj-accountancy-p17c-094733,cbse-board,cbse-board,NULL,science,subj-accountancy,en,none,ver-cbse-board-2026,HUMAN_CURATED,single_mcq,0,HUMAN_CURATED,PHASE_16,ACTIVE,LEGACY_RECORD
q-subj-accountancy-p17c-094734,cbse-board,cbse-board,NULL,science,subj-accountancy,en,none,ver-cbse-board-2026,HUMAN_CURATED,numerical,0,HUMAN_CURATED,PHASE_16,ACTIVE,LEGACY_RECORD
q-subj-accountancy-p17c-094735,cbse-board,cbse-board,NULL,science,subj-accountancy,en,none,ver-cbse-board-2026,HUMAN_CURATED,short_answer,0,HUMAN_CURATED,PHASE_16,ACTIVE,LEGACY_RECORD
q-subj-accountancy-p17c-094736,cbse-board,cbse-board,NULL,science,subj-accountancy,en,none,ver-cbse-board-2026,HUMAN_CURATED,single_mcq,0,HUMAN_CURATED,PHASE_16,ACTIVE,LEGACY_RECORD
q-subj-accountancy-p17c-094737,cbse-board,cbse-board,NULL,science,subj-accountancy,en,none,ver-cbse-board-2026,HUMAN_CURATED,numerical,0,HUMAN_CURATED,PHASE_16,ACTIVE,LEGACY_RECORD
q-subj-accountancy-p17c-094738,cbse-board,cbse-board,NULL,science,subj-accountancy,en,none,ver-cbse-board-2026,HUMAN_CURATED,short_answer,0,HUMAN_CURATED,PHASE_16,ACTIVE,LEGACY_RECORD
q-subj-accountancy-p17c-094739,cbse-board,cbse-board,NULL,science,subj-accountancy,en,none,ver-cbse-board-2026,HUMAN_CURATED,single_mcq,0,HUMAN_CURATED,PHASE_16,ACTIVE,LEGACY_RECORD
q-subj-accountancy-p17c-094740,cbse-board,cbse-board,NULL,science,subj-accountancy,en,none,ver-cbse-board-2026,HUMAN_CURATED,numerical,0,HUMAN_CURATED,PHASE_16,ACTIVE,LEGACY_RECORD
q-subj-accountancy-p17c-094741,cbse-board,cbse-board,NULL,science,subj-accountancy,en,none,ver-cbse-board-2026,HUMAN_CURATED,short_answer,0,HUMAN_CURATED,PHASE_16,ACTIVE,LEGACY_RECORD
q-subj-accountancy-p17c-094742,cbse-board,cbse-board,NULL,science,subj-accountancy,en,none,ver-cbse-board-2026,HUMAN_CURATED,single_mcq,0,HUMAN_CURATED,PHASE_16,ACTIVE,LEGACY_RECORD
q-subj-accountancy-p17c-094743,cbse-board,cbse-board,NULL,science,subj-accountancy,en,none,ver-cbse-board-2026,HUMAN_CURATED,numerical,0,HUMAN_CURATED,PHASE_16,ACTIVE,LEGACY_RECORD
q-subj-accountancy-p17c-094744,cbse-board,cbse-board,NULL,science,subj-accountancy,en,none,ver-cbse-board-2026,HUMAN_CURATED,short_answer,0,HUMAN_CURATED,PHASE_16,ACTIVE,LEGACY_RECORD
q-subj-accountancy-p17c-094745,cbse-board,cbse-board,NULL,science,subj-accountancy,en,none,ver-cbse-board-2026,HUMAN_CURATED,single_mcq,0,HUMAN_CURATED,PHASE_16,ACTIVE,LEGACY_RECORD
q-subj-accountancy-p17c-094746,cbse-board,cbse-board,NULL,science,subj-accountancy,en,none,ver-cbse-board-2026,HUMAN_CURATED,numerical,0,HUMAN_CURATED,PHASE_16,ACTIVE,LEGACY_RECORD
q-subj-accountancy-p17c-094747,cbse-board,cbse-board,NULL,science,subj-accountancy,en,none,ver-cbse-board-2026,HUMAN_CURATED,short_answer,0,HUMAN_CURATED,PHASE_16,ACTIVE,LEGACY_RECORD
q-subj-accountancy-p17c-094748,cbse-board,cbse-board,NULL,science,subj-accountancy,en,none,ver-cbse-board-2026,HUMAN_CURATED,single_mcq,0,HUMAN_CURATED,PHASE_16,ACTIVE,LEGACY_RECORD
q-subj-accountancy-p17c-094749,cbse-board,cbse-board,NULL,science,subj-accountancy,en,none,ver-cbse-board-2026,HUMAN_CURATED,numerical,0,HUMAN_CURATED,PHASE_16,ACTIVE,LEGACY_RECORD
q-subj-accountancy-p17c-094750,cbse-board,cbse-board,NULL,science,subj-accountancy,en,none,ver-cbse-board-2026,HUMAN_CURATED,short_answer,0,HUMAN_CURATED,PHASE_16,ACTIVE,LEGACY_RECORD
q-subj-accountancy-p17c-094751,cbse-board,cbse-board,NULL,science,subj-accountancy,en,none,ver-cbse-board-2026,HUMAN_CURATED,single_mcq,0,HUMAN_CURATED,PHASE_16,ACTIVE,LEGACY_RECORD
q-subj-accountancy-p17c-094752,cbse-board,cbse-board,NULL,science,subj-accountancy,en,none,ver-cbse-board-2026,HUMAN_CURATED,numerical,0,HUMAN_CURATED,PHASE_16,ACTIVE,LEGACY_RECORD
q-subj-accountancy-p17c-094753,cbse-board,cbse-board,NULL,science,subj-accountancy,en,none,ver-cbse-board-2026,HUMAN_CURATED,short_answer,0,HUMAN_CURATED,PHASE_16,ACTIVE,LEGACY_RECORD
q-subj-accountancy-p17c-094754,cbse-board,cbse-board,NULL,science,subj-accountancy,en,none,ver-cbse-board-2026,HUMAN_CURATED,single_mcq,0,HUMAN_CURATED,PHASE_16,ACTIVE,LEGACY_RECORD
q-subj-accountancy-p17c-094755,cbse-board,cbse-board,NULL,science,subj-accountancy,en,none,ver-cbse-board-2026,HUMAN_CURATED,numerical,0,HUMAN_CURATED,PHASE_16,ACTIVE,LEGACY_RECORD
q-subj-accountancy-p17c-094756,cbse-board,cbse-board,NULL,science,subj-accountancy,en,none,ver-cbse-board-2026,HUMAN_CURATED,short_answer,0,HUMAN_CURATED,PHASE_16,ACTIVE,LEGACY_RECORD
q-subj-accountancy-p17c-094757,cbse-board,cbse-board,NULL,science,subj-accountancy,en,none,ver-cbse-board-2026,HUMAN_CURATED,single_mcq,0,HUMAN_CURATED,PHASE_16,ACTIVE,LEGACY_RECORD
q-subj-accountancy-p17c-094758,cbse-board,cbse-board,NULL,science,subj-accountancy,en,none,ver-cbse-board-2026,HUMAN_CURATED,numerical,0,HUMAN_CURATED,PHASE_16,ACTIVE,LEGACY_RECORD
q-subj-accountancy-p17c-094759,cbse-board,cbse-board,NULL,science,subj-accountancy,en,none,ver-cbse-board-2026,HUMAN_CURATED,short_answer,0,HUMAN_CURATED,PHASE_16,ACTIVE,LEGACY_RECORD
q-subj-accountancy-p17c-094760,cbse-board,cbse-board,NULL,science,subj-accountancy,en,none,ver-cbse-board-2026,HUMAN_CURATED,single_mcq,0,HUMAN_CURATED,PHASE_16,ACTIVE,LEGACY_RECORD
q-subj-accountancy-p17c-094761,cbse-board,cbse-board,NULL,science,subj-accountancy,en,none,ver-cbse-board-2026,HUMAN_CURATED,numerical,0,HUMAN_CURATED,PHASE_16,ACTIVE,LEGACY_RECORD
q-subj-accountancy-p17c-094762,cbse-board,cbse-board,NULL,science,subj-accountancy,en,none,ver-cbse-board-2026,HUMAN_CURATED,short_answer,0,HUMAN_CURATED,PHASE_16,ACTIVE,LEGACY_RECORD
q-subj-accountancy-p17c-094763,cbse-board,cbse-board,NULL,science,subj-accountancy,en,none,ver-cbse-board-2026,HUMAN_CURATED,single_mcq,0,HUMAN_CURATED,PHASE_16,ACTIVE,LEGACY_RECORD
q-subj-accountancy-p17c-094764,cbse-board,cbse-board,NULL,science,subj-accountancy,en,none,ver-cbse-board-2026,HUMAN_CURATED,numerical,0,HUMAN_CURATED,PHASE_16,ACTIVE,LEGACY_RECORD
q-subj-accountancy-p17c-094765,cbse-board,cbse-board,NULL,science,subj-accountancy,en,none,ver-cbse-board-2026,HUMAN_CURATED,short_answer,0,HUMAN_CURATED,PHASE_16,ACTIVE,LEGACY_RECORD
q-subj-accountancy-p17c-094766,cbse-board,cbse-board,NULL,science,subj-accountancy,en,none,ver-cbse-board-2026,HUMAN_CURATED,single_mcq,0,HUMAN_CURATED,PHASE_16,ACTIVE,LEGACY_RECORD
q-subj-accountancy-p17c-094767,cbse-board,cbse-board,NULL,science,subj-accountancy,en,none,ver-cbse-board-2026,HUMAN_CURATED,numerical,0,HUMAN_CURATED,PHASE_16,ACTIVE,LEGACY_RECORD
q-subj-accountancy-p17c-094768,cbse-board,cbse-board,NULL,science,subj-accountancy,en,none,ver-cbse-board-2026,HUMAN_CURATED,short_answer,0,HUMAN_CURATED,PHASE_16,ACTIVE,LEGACY_RECORD
q-subj-accountancy-p17c-094769,cbse-board,cbse-board,NULL,science,subj-accountancy,en,none,ver-cbse-board-2026,HUMAN_CURATED,single_mcq,0,HUMAN_CURATED,PHASE_16,ACTIVE,LEGACY_RECORD
q-subj-accountancy-p17c-094770,cbse-board,cbse-board,NULL,science,subj-accountancy,en,none,ver-cbse-board-2026,HUMAN_CURATED,numerical,0,HUMAN_CURATED,PHASE_16,ACTIVE,LEGACY_RECORD
q-subj-accountancy-p17c-094771,cbse-board,cbse-board,NULL,science,subj-accountancy,en,none,ver-cbse-board-2026,HUMAN_CURATED,short_answer,0,HUMAN_CURATED,PHASE_16,ACTIVE,LEGACY_RECORD
q-subj-accountancy-p17c-094772,cbse-board,cbse-board,NULL,science,subj-accountancy,en,none,ver-cbse-board-2026,HUMAN_CURATED,single_mcq,0,HUMAN_CURATED,PHASE_16,ACTIVE,LEGACY_RECORD
q-subj-accountancy-p17c-094773,cbse-board,cbse-board,NULL,science,subj-accountancy,en,none,ver-cbse-board-2026,HUMAN_CURATED,numerical,0,HUMAN_CURATED,PHASE_16,ACTIVE,LEGACY_RECORD
q-subj-accountancy-p17c-094774,cbse-board,cbse-board,NULL,science,subj-accountancy,en,none,ver-cbse-board-2026,HUMAN_CURATED,short_answer,0,HUMAN_CURATED,PHASE_16,ACTIVE,LEGACY_RECORD
q-subj-accountancy-p17c-094775,cbse-board,cbse-board,NULL,science,subj-accountancy,en,none,ver-cbse-board-2026,HUMAN_CURATED,single_mcq,0,HUMAN_CURATED,PHASE_16,ACTIVE,LEGACY_RECORD
q-subj-accountancy-p17c-094776,cbse-board,cbse-board,NULL,science,subj-accountancy,en,none,ver-cbse-board-2026,HUMAN_CURATED,numerical,0,HUMAN_CURATED,PHASE_16,ACTIVE,LEGACY_RECORD
q-subj-accountancy-p17c-094777,cbse-board,cbse-board,NULL,science,subj-accountancy,en,none,ver-cbse-board-2026,HUMAN_CURATED,short_answer,0,HUMAN_CURATED,PHASE_16,ACTIVE,LEGACY_RECORD
q-subj-accountancy-p17c-094778,cbse-board,cbse-board,NULL,science,subj-accountancy,en,none,ver-cbse-board-2026,HUMAN_CURATED,single_mcq,0,HUMAN_CURATED,PHASE_16,ACTIVE,LEGACY_RECORD
q-subj-accountancy-p17c-094779,cbse-board,cbse-board,NULL,science,subj-accountancy,en,none,ver-cbse-board-2026,HUMAN_CURATED,numerical,0,HUMAN_CURATED,PHASE_16,ACTIVE,LEGACY_RECORD
q-subj-accountancy-p17c-094780,cbse-board,cbse-board,NULL,science,subj-accountancy,en,none,ver-cbse-board-2026,HUMAN_CURATED,short_answer,0,HUMAN_CURATED,PHASE_16,ACTIVE,LEGACY_RECORD
q-subj-accountancy-p17c-094781,cbse-board,cbse-board,NULL,science,subj-accountancy,en,none,ver-cbse-board-2026,HUMAN_CURATED,single_mcq,0,HUMAN_CURATED,PHASE_16,ACTIVE,LEGACY_RECORD
q-subj-accountancy-p17c-094782,cbse-board,cbse-board,NULL,science,subj-accountancy,en,none,ver-cbse-board-2026,HUMAN_CURATED,numerical,0,HUMAN_CURATED,PHASE_16,ACTIVE,LEGACY_RECORD
q-subj-accountancy-p17c-094783,cbse-board,cbse-board,NULL,science,subj-accountancy,en,none,ver-cbse-board-2026,HUMAN_CURATED,short_answer,0,HUMAN_CURATED,PHASE_16,ACTIVE,LEGACY_RECORD
q-subj-accountancy-p17c-094784,cbse-board,cbse-board,NULL,science,subj-accountancy,en,none,ver-cbse-board-2026,HUMAN_CURATED,single_mcq,0,HUMAN_CURATED,PHASE_16,ACTIVE,LEGACY_RECORD
q-subj-accountancy-p17c-094785,cbse-board,cbse-board,NULL,science,subj-accountancy,en,none,ver-cbse-board-2026,HUMAN_CURATED,numerical,0,HUMAN_CURATED,PHASE_16,ACTIVE,LEGACY_RECORD
q-subj-accountancy-p17c-094786,cbse-board,cbse-board,NULL,science,subj-accountancy,en,none,ver-cbse-board-2026,HUMAN_CURATED,short_answer,0,HUMAN_CURATED,PHASE_16,ACTIVE,LEGACY_RECORD
q-subj-accountancy-p17c-094787,cbse-board,cbse-board,NULL,science,subj-accountancy,en,none,ver-cbse-board-2026,HUMAN_CURATED,single_mcq,0,HUMAN_CURATED,PHASE_16,ACTIVE,LEGACY_RECORD
q-subj-accountancy-p17c-094788,cbse-board,cbse-board,NULL,science,subj-accountancy,en,none,ver-cbse-board-2026,HUMAN_CURATED,numerical,0,HUMAN_CURATED,PHASE_16,ACTIVE,LEGACY_RECORD
q-subj-accountancy-p17c-094789,cbse-board,cbse-board,NULL,science,subj-accountancy,en,none,ver-cbse-board-2026,HUMAN_CURATED,short_answer,0,HUMAN_CURATED,PHASE_16,ACTIVE,LEGACY_RECORD
q-subj-accountancy-p17c-094790,cbse-board,cbse-board,NULL,science,subj-accountancy,en,none,ver-cbse-board-2026,HUMAN_CURATED,single_mcq,0,HUMAN_CURATED,PHASE_16,ACTIVE,LEGACY_RECORD
q-subj-accountancy-p17c-094791,cbse-board,cbse-board,NULL,science,subj-accountancy,en,none,ver-cbse-board-2026,HUMAN_CURATED,numerical,0,HUMAN_CURATED,PHASE_16,ACTIVE,LEGACY_RECORD
q-subj-accountancy-p17c-094792,cbse-board,cbse-board,NULL,science,subj-accountancy,en,none,ver-cbse-board-2026,HUMAN_CURATED,short_answer,0,HUMAN_CURATED,PHASE_16,ACTIVE,LEGACY_RECORD
q-subj-accountancy-p17c-094793,cbse-board,cbse-board,NULL,science,subj-accountancy,en,none,ver-cbse-board-2026,HUMAN_CURATED,single_mcq,0,HUMAN_CURATED,PHASE_16,ACTIVE,LEGACY_RECORD
q-subj-accountancy-p17c-094794,cbse-board,cbse-board,NULL,science,subj-accountancy,en,none,ver-cbse-board-2026,HUMAN_CURATED,numerical,0,HUMAN_CURATED,PHASE_16,ACTIVE,LEGACY_RECORD
q-subj-accountancy-p17c-094795,cbse-board,cbse-board,NULL,science,subj-accountancy,en,none,ver-cbse-board-2026,HUMAN_CURATED,short_answer,0,HUMAN_CURATED,PHASE_16,ACTIVE,LEGACY_RECORD
q-subj-accountancy-p17c-094796,cbse-board,cbse-board,NULL,science,subj-accountancy,en,none,ver-cbse-board-2026,HUMAN_CURATED,single_mcq,0,HUMAN_CURATED,PHASE_16,ACTIVE,LEGACY_RECORD
q-subj-accountancy-p17c-094797,cbse-board,cbse-board,NULL,science,subj-accountancy,en,none,ver-cbse-board-2026,HUMAN_CURATED,numerical,0,HUMAN_CURATED,PHASE_16,ACTIVE,LEGACY_RECORD
q-subj-accountancy-p17c-094798,cbse-board,cbse-board,NULL,science,subj-accountancy,en,none,ver-cbse-board-2026,HUMAN_CURATED,short_answer,0,HUMAN_CURATED,PHASE_16,ACTIVE,LEGACY_RECORD
q-subj-accountancy-p17c-094799,cbse-board,cbse-board,NULL,science,subj-accountancy,en,none,ver-cbse-board-2026,HUMAN_CURATED,single_mcq,0,HUMAN_CURATED,PHASE_16,ACTIVE,LEGACY_RECORD
q-subj-accountancy-p17c-094800,cbse-board,cbse-board,NULL,science,subj-accountancy,en,none,ver-cbse-board-2026,HUMAN_CURATED,numerical,0,HUMAN_CURATED,PHASE_16,ACTIVE,LEGACY_RECORD
q-subj-accountancy-p17c-094801,cbse-board,cbse-board,NULL,science,subj-accountancy,en,none,ver-cbse-board-2026,HUMAN_CURATED,short_answer,0,HUMAN_CURATED,PHASE_16,ACTIVE,LEGACY_RECORD
q-subj-accountancy-p17c-094802,cbse-board,cbse-board,NULL,science,subj-accountancy,en,none,ver-cbse-board-2026,HUMAN_CURATED,single_mcq,0,HUMAN_CURATED,PHASE_16,ACTIVE,LEGACY_RECORD
q-subj-accountancy-p17c-094803,cbse-board,cbse-board,NULL,science,subj-accountancy,en,none,ver-cbse-board-2026,HUMAN_CURATED,numerical,0,HUMAN_CURATED,PHASE_16,ACTIVE,LEGACY_RECORD
q-subj-accountancy-p17c-094804,cbse-board,cbse-board,NULL,science,subj-accountancy,en,none,ver-cbse-board-2026,HUMAN_CURATED,short_answer,0,HUMAN_CURATED,PHASE_16,ACTIVE,LEGACY_RECORD
q-subj-accountancy-p17c-094805,cbse-board,cbse-board,NULL,science,subj-accountancy,en,none,ver-cbse-board-2026,HUMAN_CURATED,single_mcq,0,HUMAN_CURATED,PHASE_16,ACTIVE,LEGACY_RECORD
q-subj-accountancy-p17c-094806,cbse-board,cbse-board,NULL,science,subj-accountancy,en,none,ver-cbse-board-2026,HUMAN_CURATED,numerical,0,HUMAN_CURATED,PHASE_16,ACTIVE,LEGACY_RECORD
q-subj-accountancy-p17c-094807,cbse-board,cbse-board,NULL,science,subj-accountancy,en,none,ver-cbse-board-2026,HUMAN_CURATED,short_answer,0,HUMAN_CURATED,PHASE_16,ACTIVE,LEGACY_RECORD
q-subj-accountancy-p17c-094808,cbse-board,cbse-board,NULL,science,subj-accountancy,en,none,ver-cbse-board-2026,HUMAN_CURATED,single_mcq,0,HUMAN_CURATED,PHASE_16,ACTIVE,LEGACY_RECORD
q-subj-accountancy-p17c-094809,cbse-board,cbse-board,NULL,science,subj-accountancy,en,none,ver-cbse-board-2026,HUMAN_CURATED,numerical,0,HUMAN_CURATED,PHASE_16,ACTIVE,LEGACY_RECORD
q-subj-accountancy-p17c-094810,cbse-board,cbse-board,NULL,science,subj-accountancy,en,none,ver-cbse-board-2026,HUMAN_CURATED,short_answer,0,HUMAN_CURATED,PHASE_16,ACTIVE,LEGACY_RECORD
q-subj-accountancy-p17c-094811,cbse-board,cbse-board,NULL,science,subj-accountancy,en,none,ver-cbse-board-2026,HUMAN_CURATED,single_mcq,0,HUMAN_CURATED,PHASE_16,ACTIVE,LEGACY_RECORD
q-subj-accountancy-p17c-094812,cbse-board,cbse-board,NULL,science,subj-accountancy,en,none,ver-cbse-board-2026,HUMAN_CURATED,numerical,0,HUMAN_CURATED,PHASE_16,ACTIVE,LEGACY_RECORD
q-subj-accountancy-p17c-094813,cbse-board,cbse-board,NULL,science,subj-accountancy,en,none,ver-cbse-board-2026,HUMAN_CURATED,short_answer,0,HUMAN_CURATED,PHASE_16,ACTIVE,LEGACY_RECORD
q-subj-accountancy-p17c-094814,cbse-board,cbse-board,NULL,science,subj-accountancy,en,none,ver-cbse-board-2026,HUMAN_CURATED,single_mcq,0,HUMAN_CURATED,PHASE_16,ACTIVE,LEGACY_RECORD
q-subj-accountancy-p17c-094815,cbse-board,cbse-board,NULL,science,subj-accountancy,en,none,ver-cbse-board-2026,HUMAN_CURATED,numerical,0,HUMAN_CURATED,PHASE_16,ACTIVE,LEGACY_RECORD
q-subj-accountancy-p17c-094816,cbse-board,cbse-board,NULL,science,subj-accountancy,en,none,ver-cbse-board-2026,HUMAN_CURATED,short_answer,0,HUMAN_CURATED,PHASE_16,ACTIVE,LEGACY_RECORD
q-subj-accountancy-p17c-094817,cbse-board,cbse-board,NULL,science,subj-accountancy,en,none,ver-cbse-board-2026,HUMAN_CURATED,single_mcq,0,HUMAN_CURATED,PHASE_16,ACTIVE,LEGACY_RECORD
q-subj-accountancy-p17c-094818,cbse-board,cbse-board,NULL,science,subj-accountancy,en,none,ver-cbse-board-2026,HUMAN_CURATED,numerical,0,HUMAN_CURATED,PHASE_16,ACTIVE,LEGACY_RECORD
q-subj-accountancy-p17c-094819,cbse-board,cbse-board,NULL,science,subj-accountancy,en,none,ver-cbse-board-2026,HUMAN_CURATED,short_answer,0,HUMAN_CURATED,PHASE_16,ACTIVE,LEGACY_RECORD
q-subj-accountancy-p17c-094820,cbse-board,cbse-board,NULL,science,subj-accountancy,en,none,ver-cbse-board-2026,HUMAN_CURATED,single_mcq,0,HUMAN_CURATED,PHASE_16,ACTIVE,LEGACY_RECORD
q-subj-accountancy-p17c-094821,cbse-board,cbse-board,NULL,science,subj-accountancy,en,none,ver-cbse-board-2026,HUMAN_CURATED,numerical,0,HUMAN_CURATED,PHASE_16,ACTIVE,LEGACY_RECORD
q-subj-accountancy-p17c-094822,cbse-board,cbse-board,NULL,science,subj-accountancy,en,none,ver-cbse-board-2026,HUMAN_CURATED,short_answer,0,HUMAN_CURATED,PHASE_16,ACTIVE,LEGACY_RECORD
q-subj-accountancy-p17c-094823,cbse-board,cbse-board,NULL,science,subj-accountancy,en,none,ver-cbse-board-2026,HUMAN_CURATED,single_mcq,0,HUMAN_CURATED,PHASE_16,ACTIVE,LEGACY_RECORD
q-subj-accountancy-p17c-094824,cbse-board,cbse-board,NULL,science,subj-accountancy,en,none,ver-cbse-board-2026,HUMAN_CURATED,numerical,0,HUMAN_CURATED,PHASE_16,ACTIVE,LEGACY_RECORD
q-subj-accountancy-p17c-094825,cbse-board,cbse-board,NULL,science,subj-accountancy,en,none,ver-cbse-board-2026,HUMAN_CURATED,short_answer,0,HUMAN_CURATED,PHASE_16,ACTIVE,LEGACY_RECORD
q-subj-accountancy-p17c-094826,cbse-board,cbse-board,NULL,science,subj-accountancy,en,none,ver-cbse-board-2026,HUMAN_CURATED,single_mcq,0,HUMAN_CURATED,PHASE_16,ACTIVE,LEGACY_RECORD
q-subj-accountancy-p17c-094827,cbse-board,cbse-board,NULL,science,subj-accountancy,en,none,ver-cbse-board-2026,HUMAN_CURATED,numerical,0,HUMAN_CURATED,PHASE_16,ACTIVE,LEGACY_RECORD
q-subj-accountancy-p17c-094828,cbse-board,cbse-board,NULL,science,subj-accountancy,en,none,ver-cbse-board-2026,HUMAN_CURATED,short_answer,0,HUMAN_CURATED,PHASE_16,ACTIVE,LEGACY_RECORD
q-subj-accountancy-p17c-094829,cbse-board,cbse-board,NULL,science,subj-accountancy,en,none,ver-cbse-board-2026,HUMAN_CURATED,single_mcq,0,HUMAN_CURATED,PHASE_16,ACTIVE,LEGACY_RECORD
q-subj-accountancy-p17c-094830,cbse-board,cbse-board,NULL,science,subj-accountancy,en,none,ver-cbse-board-2026,HUMAN_CURATED,numerical,0,HUMAN_CURATED,PHASE_16,ACTIVE,LEGACY_RECORD
q-subj-accountancy-p17c-094831,cbse-board,cbse-board,NULL,science,subj-accountancy,en,none,ver-cbse-board-2026,HUMAN_CURATED,short_answer,0,HUMAN_CURATED,PHASE_16,ACTIVE,LEGACY_RECORD
q-subj-accountancy-p17c-094832,cbse-board,cbse-board,NULL,science,subj-accountancy,en,none,ver-cbse-board-2026,HUMAN_CURATED,single_mcq,0,HUMAN_CURATED,PHASE_16,ACTIVE,LEGACY_RECORD
q-subj-accountancy-p17c-094833,cbse-board,cbse-board,NULL,science,subj-accountancy,en,none,ver-cbse-board-2026,HUMAN_CURATED,numerical,0,HUMAN_CURATED,PHASE_16,ACTIVE,LEGACY_RECORD
q-subj-accountancy-p17c-094834,cbse-board,cbse-board,NULL,science,subj-accountancy,en,none,ver-cbse-board-2026,HUMAN_CURATED,short_answer,0,HUMAN_CURATED,PHASE_16,ACTIVE,LEGACY_RECORD
q-subj-accountancy-p17c-094835,cbse-board,cbse-board,NULL,science,subj-accountancy,en,none,ver-cbse-board-2026,HUMAN_CURATED,single_mcq,0,HUMAN_CURATED,PHASE_16,ACTIVE,LEGACY_RECORD
q-subj-accountancy-p17c-094836,cbse-board,cbse-board,NULL,science,subj-accountancy,en,none,ver-cbse-board-2026,HUMAN_CURATED,numerical,0,HUMAN_CURATED,PHASE_16,ACTIVE,LEGACY_RECORD
q-subj-accountancy-p17c-094837,cbse-board,cbse-board,NULL,science,subj-accountancy,en,none,ver-cbse-board-2026,HUMAN_CURATED,short_answer,0,HUMAN_CURATED,PHASE_16,ACTIVE,LEGACY_RECORD
q-subj-accountancy-p17c-094838,cbse-board,cbse-board,NULL,science,subj-accountancy,en,none,ver-cbse-board-2026,HUMAN_CURATED,single_mcq,0,HUMAN_CURATED,PHASE_16,ACTIVE,LEGACY_RECORD
q-subj-accountancy-p17c-094839,cbse-board,cbse-board,NULL,science,subj-accountancy,en,none,ver-cbse-board-2026,HUMAN_CURATED,numerical,0,HUMAN_CURATED,PHASE_16,ACTIVE,LEGACY_RECORD
q-subj-accountancy-p17c-094840,cbse-board,cbse-board,NULL,science,subj-accountancy,en,none,ver-cbse-board-2026,HUMAN_CURATED,short_answer,0,HUMAN_CURATED,PHASE_16,ACTIVE,LEGACY_RECORD
q-subj-accountancy-p17c-094841,cbse-board,cbse-board,NULL,science,subj-accountancy,en,none,ver-cbse-board-2026,HUMAN_CURATED,single_mcq,0,HUMAN_CURATED,PHASE_16,ACTIVE,LEGACY_RECORD
q-subj-accountancy-p17c-094842,cbse-board,cbse-board,NULL,science,subj-accountancy,en,none,ver-cbse-board-2026,HUMAN_CURATED,numerical,0,HUMAN_CURATED,PHASE_16,ACTIVE,LEGACY_RECORD
q-subj-accountancy-p17c-094843,cbse-board,cbse-board,NULL,science,subj-accountancy,en,none,ver-cbse-board-2026,HUMAN_CURATED,short_answer,0,HUMAN_CURATED,PHASE_16,ACTIVE,LEGACY_RECORD
q-subj-accountancy-p17c-094844,cbse-board,cbse-board,NULL,science,subj-accountancy,en,none,ver-cbse-board-2026,HUMAN_CURATED,single_mcq,0,HUMAN_CURATED,PHASE_16,ACTIVE,LEGACY_RECORD
q-subj-accountancy-p17c-094845,cbse-board,cbse-board,NULL,science,subj-accountancy,en,none,ver-cbse-board-2026,HUMAN_CURATED,numerical,0,HUMAN_CURATED,PHASE_16,ACTIVE,LEGACY_RECORD
q-subj-accountancy-p17c-094846,cbse-board,cbse-board,NULL,science,subj-accountancy,en,none,ver-cbse-board-2026,HUMAN_CURATED,short_answer,0,HUMAN_CURATED,PHASE_16,ACTIVE,LEGACY_RECORD
q-subj-accountancy-p17c-094847,cbse-board,cbse-board,NULL,science,subj-accountancy,en,none,ver-cbse-board-2026,HUMAN_CURATED,single_mcq,0,HUMAN_CURATED,PHASE_16,ACTIVE,LEGACY_RECORD
q-subj-accountancy-p17c-094848,cbse-board,cbse-board,NULL,science,subj-accountancy,en,none,ver-cbse-board-2026,HUMAN_CURATED,numerical,0,HUMAN_CURATED,PHASE_16,ACTIVE,LEGACY_RECORD
q-subj-accountancy-p17c-094849,cbse-board,cbse-board,NULL,science,subj-accountancy,en,none,ver-cbse-board-2026,HUMAN_CURATED,short_answer,0,HUMAN_CURATED,PHASE_16,ACTIVE,LEGACY_RECORD
q-subj-accountancy-p17c-094850,cbse-board,cbse-board,NULL,science,subj-accountancy,en,none,ver-cbse-board-2026,HUMAN_CURATED,single_mcq,0,HUMAN_CURATED,PHASE_16,ACTIVE,LEGACY_RECORD
q-subj-accountancy-p17c-094851,cbse-board,cbse-board,NULL,science,subj-accountancy,en,none,ver-cbse-board-2026,HUMAN_CURATED,numerical,0,HUMAN_CURATED,PHASE_16,ACTIVE,LEGACY_RECORD
q-subj-accountancy-p17c-094852,cbse-board,cbse-board,NULL,science,subj-accountancy,en,none,ver-cbse-board-2026,HUMAN_CURATED,short_answer,0,HUMAN_CURATED,PHASE_16,ACTIVE,LEGACY_RECORD
q-subj-accountancy-p17c-094853,cbse-board,cbse-board,NULL,science,subj-accountancy,en,none,ver-cbse-board-2026,HUMAN_CURATED,single_mcq,0,HUMAN_CURATED,PHASE_16,ACTIVE,LEGACY_RECORD
q-subj-accountancy-p17c-094854,cbse-board,cbse-board,NULL,science,subj-accountancy,en,none,ver-cbse-board-2026,HUMAN_CURATED,numerical,0,HUMAN_CURATED,PHASE_16,ACTIVE,LEGACY_RECORD
q-subj-accountancy-p17c-094855,cbse-board,cbse-board,NULL,science,subj-accountancy,en,none,ver-cbse-board-2026,HUMAN_CURATED,short_answer,0,HUMAN_CURATED,PHASE_16,ACTIVE,LEGACY_RECORD
q-subj-accountancy-p17c-094856,cbse-board,cbse-board,NULL,science,subj-accountancy,en,none,ver-cbse-board-2026,HUMAN_CURATED,single_mcq,0,HUMAN_CURATED,PHASE_16,ACTIVE,LEGACY_RECORD
q-subj-accountancy-p17c-094857,cbse-board,cbse-board,NULL,science,subj-accountancy,en,none,ver-cbse-board-2026,HUMAN_CURATED,numerical,0,HUMAN_CURATED,PHASE_16,ACTIVE,LEGACY_RECORD
q-subj-accountancy-p17c-094858,cbse-board,cbse-board,NULL,science,subj-accountancy,en,none,ver-cbse-board-2026,HUMAN_CURATED,short_answer,0,HUMAN_CURATED,PHASE_16,ACTIVE,LEGACY_RECORD
q-subj-accountancy-p17c-094859,cbse-board,cbse-board,NULL,science,subj-accountancy,en,none,ver-cbse-board-2026,HUMAN_CURATED,single_mcq,0,HUMAN_CURATED,PHASE_16,ACTIVE,LEGACY_RECORD
q-subj-accountancy-p17c-094860,cbse-board,cbse-board,NULL,science,subj-accountancy,en,none,ver-cbse-board-2026,HUMAN_CURATED,numerical,0,HUMAN_CURATED,PHASE_16,ACTIVE,LEGACY_RECORD
q-subj-accountancy-p17c-094861,cbse-board,cbse-board,NULL,science,subj-accountancy,en,none,ver-cbse-board-2026,HUMAN_CURATED,short_answer,0,HUMAN_CURATED,PHASE_16,ACTIVE,LEGACY_RECORD
q-subj-accountancy-p17c-094862,cbse-board,cbse-board,NULL,science,subj-accountancy,en,none,ver-cbse-board-2026,HUMAN_CURATED,single_mcq,0,HUMAN_CURATED,PHASE_16,ACTIVE,LEGACY_RECORD
q-subj-accountancy-p17c-094863,cbse-board,cbse-board,NULL,science,subj-accountancy,en,none,ver-cbse-board-2026,HUMAN_CURATED,numerical,0,HUMAN_CURATED,PHASE_16,ACTIVE,LEGACY_RECORD
q-subj-accountancy-p17c-094864,cbse-board,cbse-board,NULL,science,subj-accountancy,en,none,ver-cbse-board-2026,HUMAN_CURATED,short_answer,0,HUMAN_CURATED,PHASE_16,ACTIVE,LEGACY_RECORD
q-subj-accountancy-p17c-094865,cbse-board,cbse-board,NULL,science,subj-accountancy,en,none,ver-cbse-board-2026,HUMAN_CURATED,single_mcq,0,HUMAN_CURATED,PHASE_16,ACTIVE,LEGACY_RECORD
q-subj-accountancy-p17c-094866,cbse-board,cbse-board,NULL,science,subj-accountancy,en,none,ver-cbse-board-2026,HUMAN_CURATED,numerical,0,HUMAN_CURATED,PHASE_16,ACTIVE,LEGACY_RECORD
q-subj-accountancy-p17c-094867,cbse-board,cbse-board,NULL,science,subj-accountancy,en,none,ver-cbse-board-2026,HUMAN_CURATED,short_answer,0,HUMAN_CURATED,PHASE_16,ACTIVE,LEGACY_RECORD
q-subj-accountancy-p17c-094868,cbse-board,cbse-board,NULL,science,subj-accountancy,en,none,ver-cbse-board-2026,HUMAN_CURATED,single_mcq,0,HUMAN_CURATED,PHASE_16,ACTIVE,LEGACY_RECORD
q-subj-accountancy-p17c-094869,cbse-board,cbse-board,NULL,science,subj-accountancy,en,none,ver-cbse-board-2026,HUMAN_CURATED,numerical,0,HUMAN_CURATED,PHASE_16,ACTIVE,LEGACY_RECORD
q-subj-accountancy-p17c-094870,cbse-board,cbse-board,NULL,science,subj-accountancy,en,none,ver-cbse-board-2026,HUMAN_CURATED,short_answer,0,HUMAN_CURATED,PHASE_16,ACTIVE,LEGACY_RECORD
q-subj-accountancy-p17c-094871,cbse-board,cbse-board,NULL,science,subj-accountancy,en,none,ver-cbse-board-2026,HUMAN_CURATED,single_mcq,0,HUMAN_CURATED,PHASE_16,ACTIVE,LEGACY_RECORD
q-subj-accountancy-p17c-094872,cbse-board,cbse-board,NULL,science,subj-accountancy,en,none,ver-cbse-board-2026,HUMAN_CURATED,numerical,0,HUMAN_CURATED,PHASE_16,ACTIVE,LEGACY_RECORD
q-subj-accountancy-p17c-094873,cbse-board,cbse-board,NULL,science,subj-accountancy,en,none,ver-cbse-board-2026,HUMAN_CURATED,short_answer,0,HUMAN_CURATED,PHASE_16,ACTIVE,LEGACY_RECORD
q-subj-accountancy-p17c-094874,cbse-board,cbse-board,NULL,science,subj-accountancy,en,none,ver-cbse-board-2026,HUMAN_CURATED,single_mcq,0,HUMAN_CURATED,PHASE_16,ACTIVE,LEGACY_RECORD
q-subj-accountancy-p17c-094875,cbse-board,cbse-board,NULL,science,subj-accountancy,en,none,ver-cbse-board-2026,HUMAN_CURATED,numerical,0,HUMAN_CURATED,PHASE_16,ACTIVE,LEGACY_RECORD
q-subj-accountancy-p17c-094876,cbse-board,cbse-board,NULL,science,subj-accountancy,en,none,ver-cbse-board-2026,HUMAN_CURATED,short_answer,0,HUMAN_CURATED,PHASE_16,ACTIVE,LEGACY_RECORD
q-subj-accountancy-p17c-094877,cbse-board,cbse-board,NULL,science,subj-accountancy,en,none,ver-cbse-board-2026,HUMAN_CURATED,single_mcq,0,HUMAN_CURATED,PHASE_16,ACTIVE,LEGACY_RECORD
q-subj-accountancy-p17c-094878,cbse-board,cbse-board,NULL,science,subj-accountancy,en,none,ver-cbse-board-2026,HUMAN_CURATED,numerical,0,HUMAN_CURATED,PHASE_16,ACTIVE,LEGACY_RECORD
q-subj-accountancy-p17c-094879,cbse-board,cbse-board,NULL,science,subj-accountancy,en,none,ver-cbse-board-2026,HUMAN_CURATED,short_answer,0,HUMAN_CURATED,PHASE_16,ACTIVE,LEGACY_RECORD
q-subj-accountancy-p17c-094880,cbse-board,cbse-board,NULL,science,subj-accountancy,en,none,ver-cbse-board-2026,HUMAN_CURATED,single_mcq,0,HUMAN_CURATED,PHASE_16,ACTIVE,LEGACY_RECORD
q-subj-accountancy-p17c-094881,cbse-board,cbse-board,NULL,science,subj-accountancy,en,none,ver-cbse-board-2026,HUMAN_CURATED,numerical,0,HUMAN_CURATED,PHASE_16,ACTIVE,LEGACY_RECORD
q-subj-accountancy-p17c-094882,cbse-board,cbse-board,NULL,science,subj-accountancy,en,none,ver-cbse-board-2026,HUMAN_CURATED,short_answer,0,HUMAN_CURATED,PHASE_16,ACTIVE,LEGACY_RECORD
q-subj-accountancy-p17c-094883,cbse-board,cbse-board,NULL,science,subj-accountancy,en,none,ver-cbse-board-2026,HUMAN_CURATED,single_mcq,0,HUMAN_CURATED,PHASE_16,ACTIVE,LEGACY_RECORD
q-subj-accountancy-p17c-094884,cbse-board,cbse-board,NULL,science,subj-accountancy,en,none,ver-cbse-board-2026,HUMAN_CURATED,numerical,0,HUMAN_CURATED,PHASE_16,ACTIVE,LEGACY_RECORD
q-subj-accountancy-p17c-094885,cbse-board,cbse-board,NULL,science,subj-accountancy,en,none,ver-cbse-board-2026,HUMAN_CURATED,short_answer,0,HUMAN_CURATED,PHASE_16,ACTIVE,LEGACY_RECORD
q-subj-accountancy-p17c-094886,cbse-board,cbse-board,NULL,science,subj-accountancy,en,none,ver-cbse-board-2026,HUMAN_CURATED,single_mcq,0,HUMAN_CURATED,PHASE_16,ACTIVE,LEGACY_RECORD
q-subj-accountancy-p17c-094887,cbse-board,cbse-board,NULL,science,subj-accountancy,en,none,ver-cbse-board-2026,HUMAN_CURATED,numerical,0,HUMAN_CURATED,PHASE_16,ACTIVE,LEGACY_RECORD
q-subj-accountancy-p17c-094888,cbse-board,cbse-board,NULL,science,subj-accountancy,en,none,ver-cbse-board-2026,HUMAN_CURATED,short_answer,0,HUMAN_CURATED,PHASE_16,ACTIVE,LEGACY_RECORD
q-subj-accountancy-p17c-094889,cbse-board,cbse-board,NULL,science,subj-accountancy,en,none,ver-cbse-board-2026,HUMAN_CURATED,single_mcq,0,HUMAN_CURATED,PHASE_16,ACTIVE,LEGACY_RECORD
q-subj-accountancy-p17c-094890,cbse-board,cbse-board,NULL,science,subj-accountancy,en,none,ver-cbse-board-2026,HUMAN_CURATED,numerical,0,HUMAN_CURATED,PHASE_16,ACTIVE,LEGACY_RECORD
q-subj-accountancy-p17c-094891,cbse-board,cbse-board,NULL,science,subj-accountancy,en,none,ver-cbse-board-2026,HUMAN_CURATED,short_answer,0,HUMAN_CURATED,PHASE_16,ACTIVE,LEGACY_RECORD
q-subj-accountancy-p17c-094892,cbse-board,cbse-board,NULL,science,subj-accountancy,en,none,ver-cbse-board-2026,HUMAN_CURATED,single_mcq,0,HUMAN_CURATED,PHASE_16,ACTIVE,LEGACY_RECORD
q-subj-accountancy-p17c-094893,cbse-board,cbse-board,NULL,science,subj-accountancy,en,none,ver-cbse-board-2026,HUMAN_CURATED,numerical,0,HUMAN_CURATED,PHASE_16,ACTIVE,LEGACY_RECORD
q-subj-accountancy-p17c-094894,cbse-board,cbse-board,NULL,science,subj-accountancy,en,none,ver-cbse-board-2026,HUMAN_CURATED,short_answer,0,HUMAN_CURATED,PHASE_16,ACTIVE,LEGACY_RECORD
q-subj-accountancy-p17c-094895,cbse-board,cbse-board,NULL,science,subj-accountancy,en,none,ver-cbse-board-2026,HUMAN_CURATED,single_mcq,0,HUMAN_CURATED,PHASE_16,ACTIVE,LEGACY_RECORD
q-subj-accountancy-p17c-094896,cbse-board,cbse-board,NULL,science,subj-accountancy,en,none,ver-cbse-board-2026,HUMAN_CURATED,numerical,0,HUMAN_CURATED,PHASE_16,ACTIVE,LEGACY_RECORD
q-subj-accountancy-p17c-094897,cbse-board,cbse-board,NULL,science,subj-accountancy,en,none,ver-cbse-board-2026,HUMAN_CURATED,short_answer,0,HUMAN_CURATED,PHASE_16,ACTIVE,LEGACY_RECORD
q-subj-accountancy-p17c-094898,cbse-board,cbse-board,NULL,science,subj-accountancy,en,none,ver-cbse-board-2026,HUMAN_CURATED,single_mcq,0,HUMAN_CURATED,PHASE_16,ACTIVE,LEGACY_RECORD
q-subj-accountancy-p17c-094899,cbse-board,cbse-board,NULL,science,subj-accountancy,en,none,ver-cbse-board-2026,HUMAN_CURATED,numerical,0,HUMAN_CURATED,PHASE_16,ACTIVE,LEGACY_RECORD
q-subj-accountancy-p17c-094900,cbse-board,cbse-board,NULL,science,subj-accountancy,en,none,ver-cbse-board-2026,HUMAN_CURATED,short_answer,0,HUMAN_CURATED,PHASE_16,ACTIVE,LEGACY_RECORD
q-subj-accountancy-p17c-094901,cbse-board,cbse-board,NULL,science,subj-accountancy,en,none,ver-cbse-board-2026,HUMAN_CURATED,single_mcq,0,HUMAN_CURATED,PHASE_16,ACTIVE,LEGACY_RECORD
q-subj-accountancy-p17c-094902,cbse-board,cbse-board,NULL,science,subj-accountancy,en,none,ver-cbse-board-2026,HUMAN_CURATED,numerical,0,HUMAN_CURATED,PHASE_16,ACTIVE,LEGACY_RECORD
q-subj-accountancy-p17c-094903,cbse-board,cbse-board,NULL,science,subj-accountancy,en,none,ver-cbse-board-2026,HUMAN_CURATED,short_answer,0,HUMAN_CURATED,PHASE_16,ACTIVE,LEGACY_RECORD
q-subj-accountancy-p17c-094904,cbse-board,cbse-board,NULL,science,subj-accountancy,en,none,ver-cbse-board-2026,HUMAN_CURATED,single_mcq,0,HUMAN_CURATED,PHASE_16,ACTIVE,LEGACY_RECORD
q-subj-accountancy-p17c-094905,cbse-board,cbse-board,NULL,science,subj-accountancy,en,none,ver-cbse-board-2026,HUMAN_CURATED,numerical,0,HUMAN_CURATED,PHASE_16,ACTIVE,LEGACY_RECORD
q-subj-accountancy-p17c-094906,cbse-board,cbse-board,NULL,science,subj-accountancy,en,none,ver-cbse-board-2026,HUMAN_CURATED,short_answer,0,HUMAN_CURATED,PHASE_16,ACTIVE,LEGACY_RECORD
q-subj-accountancy-p17c-094907,cbse-board,cbse-board,NULL,science,subj-accountancy,en,none,ver-cbse-board-2026,HUMAN_CURATED,single_mcq,0,HUMAN_CURATED,PHASE_16,ACTIVE,LEGACY_RECORD
q-subj-accountancy-p17c-094908,cbse-board,cbse-board,NULL,science,subj-accountancy,en,none,ver-cbse-board-2026,HUMAN_CURATED,numerical,0,HUMAN_CURATED,PHASE_16,ACTIVE,LEGACY_RECORD
q-subj-accountancy-p17c-094909,cbse-board,cbse-board,NULL,science,subj-accountancy,en,none,ver-cbse-board-2026,HUMAN_CURATED,short_answer,0,HUMAN_CURATED,PHASE_16,ACTIVE,LEGACY_RECORD
q-subj-accountancy-p17c-094910,cbse-board,cbse-board,NULL,science,subj-accountancy,en,none,ver-cbse-board-2026,HUMAN_CURATED,single_mcq,0,HUMAN_CURATED,PHASE_16,ACTIVE,LEGACY_RECORD
q-subj-accountancy-p17c-094911,cbse-board,cbse-board,NULL,science,subj-accountancy,en,none,ver-cbse-board-2026,HUMAN_CURATED,numerical,0,HUMAN_CURATED,PHASE_16,ACTIVE,LEGACY_RECORD
q-subj-accountancy-p17c-094912,cbse-board,cbse-board,NULL,science,subj-accountancy,en,none,ver-cbse-board-2026,HUMAN_CURATED,short_answer,0,HUMAN_CURATED,PHASE_16,ACTIVE,LEGACY_RECORD
q-subj-accountancy-p17c-094913,cbse-board,cbse-board,NULL,science,subj-accountancy,en,none,ver-cbse-board-2026,HUMAN_CURATED,single_mcq,0,HUMAN_CURATED,PHASE_16,ACTIVE,LEGACY_RECORD
q-subj-accountancy-p17c-094914,cbse-board,cbse-board,NULL,science,subj-accountancy,en,none,ver-cbse-board-2026,HUMAN_CURATED,numerical,0,HUMAN_CURATED,PHASE_16,ACTIVE,LEGACY_RECORD
q-subj-accountancy-p17c-094915,cbse-board,cbse-board,NULL,science,subj-accountancy,en,none,ver-cbse-board-2026,HUMAN_CURATED,short_answer,0,HUMAN_CURATED,PHASE_16,ACTIVE,LEGACY_RECORD
q-subj-accountancy-p17c-094916,cbse-board,cbse-board,NULL,science,subj-accountancy,en,none,ver-cbse-board-2026,HUMAN_CURATED,single_mcq,0,HUMAN_CURATED,PHASE_16,ACTIVE,LEGACY_RECORD
q-subj-accountancy-p17c-094917,cbse-board,cbse-board,NULL,science,subj-accountancy,en,none,ver-cbse-board-2026,HUMAN_CURATED,numerical,0,HUMAN_CURATED,PHASE_16,ACTIVE,LEGACY_RECORD
q-subj-accountancy-p17c-094918,cbse-board,cbse-board,NULL,science,subj-accountancy,en,none,ver-cbse-board-2026,HUMAN_CURATED,short_answer,0,HUMAN_CURATED,PHASE_16,ACTIVE,LEGACY_RECORD
q-subj-accountancy-p17c-094919,cbse-board,cbse-board,NULL,science,subj-accountancy,en,none,ver-cbse-board-2026,HUMAN_CURATED,single_mcq,0,HUMAN_CURATED,PHASE_16,ACTIVE,LEGACY_RECORD
q-subj-accountancy-p17c-094920,cbse-board,cbse-board,NULL,science,subj-accountancy,en,none,ver-cbse-board-2026,HUMAN_CURATED,numerical,0,HUMAN_CURATED,PHASE_16,ACTIVE,LEGACY_RECORD
q-subj-accountancy-p17c-094921,cbse-board,cbse-board,NULL,science,subj-accountancy,en,none,ver-cbse-board-2026,HUMAN_CURATED,short_answer,0,HUMAN_CURATED,PHASE_16,ACTIVE,LEGACY_RECORD
q-subj-accountancy-p17c-094922,cbse-board,cbse-board,NULL,science,subj-accountancy,en,none,ver-cbse-board-2026,HUMAN_CURATED,single_mcq,0,HUMAN_CURATED,PHASE_16,ACTIVE,LEGACY_RECORD
q-subj-accountancy-p17c-094923,cbse-board,cbse-board,NULL,science,subj-accountancy,en,none,ver-cbse-board-2026,HUMAN_CURATED,numerical,0,HUMAN_CURATED,PHASE_16,ACTIVE,LEGACY_RECORD
q-subj-accountancy-p17c-094924,cbse-board,cbse-board,NULL,science,subj-accountancy,en,none,ver-cbse-board-2026,HUMAN_CURATED,short_answer,0,HUMAN_CURATED,PHASE_16,ACTIVE,LEGACY_RECORD
q-subj-accountancy-p17c-094925,cbse-board,cbse-board,NULL,science,subj-accountancy,en,none,ver-cbse-board-2026,HUMAN_CURATED,single_mcq,0,HUMAN_CURATED,PHASE_16,ACTIVE,LEGACY_RECORD
q-subj-accountancy-p17c-094926,cbse-board,cbse-board,NULL,science,subj-accountancy,en,none,ver-cbse-board-2026,HUMAN_CURATED,numerical,0,HUMAN_CURATED,PHASE_16,ACTIVE,LEGACY_RECORD
q-subj-accountancy-p17c-094927,cbse-board,cbse-board,NULL,science,subj-accountancy,en,none,ver-cbse-board-2026,HUMAN_CURATED,short_answer,0,HUMAN_CURATED,PHASE_16,ACTIVE,LEGACY_RECORD
q-subj-accountancy-p17c-094928,cbse-board,cbse-board,NULL,science,subj-accountancy,en,none,ver-cbse-board-2026,HUMAN_CURATED,single_mcq,0,HUMAN_CURATED,PHASE_16,ACTIVE,LEGACY_RECORD
q-subj-accountancy-p17c-094929,cbse-board,cbse-board,NULL,science,subj-accountancy,en,none,ver-cbse-board-2026,HUMAN_CURATED,numerical,0,HUMAN_CURATED,PHASE_16,ACTIVE,LEGACY_RECORD
q-subj-accountancy-p17c-094930,cbse-board,cbse-board,NULL,science,subj-accountancy,en,none,ver-cbse-board-2026,HUMAN_CURATED,short_answer,0,HUMAN_CURATED,PHASE_16,ACTIVE,LEGACY_RECORD
q-subj-accountancy-p17c-094931,cbse-board,cbse-board,NULL,science,subj-accountancy,en,none,ver-cbse-board-2026,HUMAN_CURATED,single_mcq,0,HUMAN_CURATED,PHASE_16,ACTIVE,LEGACY_RECORD
q-subj-accountancy-p17c-094932,cbse-board,cbse-board,NULL,science,subj-accountancy,en,none,ver-cbse-board-2026,HUMAN_CURATED,numerical,0,HUMAN_CURATED,PHASE_16,ACTIVE,LEGACY_RECORD
q-subj-accountancy-p17c-094933,cbse-board,cbse-board,NULL,science,subj-accountancy,en,none,ver-cbse-board-2026,HUMAN_CURATED,short_answer,0,HUMAN_CURATED,PHASE_16,ACTIVE,LEGACY_RECORD
q-subj-accountancy-p17c-094934,cbse-board,cbse-board,NULL,science,subj-accountancy,en,none,ver-cbse-board-2026,HUMAN_CURATED,single_mcq,0,HUMAN_CURATED,PHASE_16,ACTIVE,LEGACY_RECORD
q-subj-accountancy-p17c-094935,cbse-board,cbse-board,NULL,science,subj-accountancy,en,none,ver-cbse-board-2026,HUMAN_CURATED,numerical,0,HUMAN_CURATED,PHASE_16,ACTIVE,LEGACY_RECORD
q-subj-accountancy-p17c-094936,cbse-board,cbse-board,NULL,science,subj-accountancy,en,none,ver-cbse-board-2026,HUMAN_CURATED,short_answer,0,HUMAN_CURATED,PHASE_16,ACTIVE,LEGACY_RECORD
q-subj-accountancy-p17c-094937,cbse-board,cbse-board,NULL,science,subj-accountancy,en,none,ver-cbse-board-2026,HUMAN_CURATED,single_mcq,0,HUMAN_CURATED,PHASE_16,ACTIVE,LEGACY_RECORD
q-subj-accountancy-p17c-094938,cbse-board,cbse-board,NULL,science,subj-accountancy,en,none,ver-cbse-board-2026,HUMAN_CURATED,numerical,0,HUMAN_CURATED,PHASE_16,ACTIVE,LEGACY_RECORD
q-subj-accountancy-p17c-094939,cbse-board,cbse-board,NULL,science,subj-accountancy,en,none,ver-cbse-board-2026,HUMAN_CURATED,short_answer,0,HUMAN_CURATED,PHASE_16,ACTIVE,LEGACY_RECORD
q-subj-accountancy-p17c-094940,cbse-board,cbse-board,NULL,science,subj-accountancy,en,none,ver-cbse-board-2026,HUMAN_CURATED,single_mcq,0,HUMAN_CURATED,PHASE_16,ACTIVE,LEGACY_RECORD
q-subj-accountancy-p17c-094941,cbse-board,cbse-board,NULL,science,subj-accountancy,en,none,ver-cbse-board-2026,HUMAN_CURATED,numerical,0,HUMAN_CURATED,PHASE_16,ACTIVE,LEGACY_RECORD
q-subj-accountancy-p17c-094942,cbse-board,cbse-board,NULL,science,subj-accountancy,en,none,ver-cbse-board-2026,HUMAN_CURATED,short_answer,0,HUMAN_CURATED,PHASE_16,ACTIVE,LEGACY_RECORD
q-subj-accountancy-p17c-094943,cbse-board,cbse-board,NULL,science,subj-accountancy,en,none,ver-cbse-board-2026,HUMAN_CURATED,single_mcq,0,HUMAN_CURATED,PHASE_16,ACTIVE,LEGACY_RECORD
q-subj-accountancy-p17c-094944,cbse-board,cbse-board,NULL,science,subj-accountancy,en,none,ver-cbse-board-2026,HUMAN_CURATED,numerical,0,HUMAN_CURATED,PHASE_16,ACTIVE,LEGACY_RECORD
q-subj-accountancy-p17c-094945,cbse-board,cbse-board,NULL,science,subj-accountancy,en,none,ver-cbse-board-2026,HUMAN_CURATED,short_answer,0,HUMAN_CURATED,PHASE_16,ACTIVE,LEGACY_RECORD
q-subj-accountancy-p17c-094946,cbse-board,cbse-board,NULL,science,subj-accountancy,en,none,ver-cbse-board-2026,HUMAN_CURATED,single_mcq,0,HUMAN_CURATED,PHASE_16,ACTIVE,LEGACY_RECORD
q-subj-accountancy-p17c-094947,cbse-board,cbse-board,NULL,science,subj-accountancy,en,none,ver-cbse-board-2026,HUMAN_CURATED,numerical,0,HUMAN_CURATED,PHASE_16,ACTIVE,LEGACY_RECORD
q-subj-accountancy-p17c-094948,cbse-board,cbse-board,NULL,science,subj-accountancy,en,none,ver-cbse-board-2026,HUMAN_CURATED,short_answer,0,HUMAN_CURATED,PHASE_16,ACTIVE,LEGACY_RECORD
q-subj-accountancy-p17c-094949,cbse-board,cbse-board,NULL,science,subj-accountancy,en,none,ver-cbse-board-2026,HUMAN_CURATED,single_mcq,0,HUMAN_CURATED,PHASE_16,ACTIVE,LEGACY_RECORD
q-subj-accountancy-p17c-094950,cbse-board,cbse-board,NULL,science,subj-accountancy,en,none,ver-cbse-board-2026,HUMAN_CURATED,numerical,0,HUMAN_CURATED,PHASE_16,ACTIVE,LEGACY_RECORD
q-subj-accountancy-p17c-094951,cbse-board,cbse-board,NULL,science,subj-accountancy,en,none,ver-cbse-board-2026,HUMAN_CURATED,short_answer,0,HUMAN_CURATED,PHASE_16,ACTIVE,LEGACY_RECORD
q-subj-accountancy-p17c-094952,cbse-board,cbse-board,NULL,science,subj-accountancy,en,none,ver-cbse-board-2026,HUMAN_CURATED,single_mcq,0,HUMAN_CURATED,PHASE_16,ACTIVE,LEGACY_RECORD
q-subj-accountancy-p17c-094953,cbse-board,cbse-board,NULL,science,subj-accountancy,en,none,ver-cbse-board-2026,HUMAN_CURATED,numerical,0,HUMAN_CURATED,PHASE_16,ACTIVE,LEGACY_RECORD
q-subj-accountancy-p17c-094954,cbse-board,cbse-board,NULL,science,subj-accountancy,en,none,ver-cbse-board-2026,HUMAN_CURATED,short_answer,0,HUMAN_CURATED,PHASE_16,ACTIVE,LEGACY_RECORD
q-subj-accountancy-p17c-094955,cbse-board,cbse-board,NULL,science,subj-accountancy,en,none,ver-cbse-board-2026,HUMAN_CURATED,single_mcq,0,HUMAN_CURATED,PHASE_16,ACTIVE,LEGACY_RECORD
q-subj-accountancy-p17c-094956,cbse-board,cbse-board,NULL,science,subj-accountancy,en,none,ver-cbse-board-2026,HUMAN_CURATED,numerical,0,HUMAN_CURATED,PHASE_16,ACTIVE,LEGACY_RECORD
q-subj-accountancy-p17c-094957,cbse-board,cbse-board,NULL,science,subj-accountancy,en,none,ver-cbse-board-2026,HUMAN_CURATED,short_answer,0,HUMAN_CURATED,PHASE_16,ACTIVE,LEGACY_RECORD
q-subj-accountancy-p17c-094958,cbse-board,cbse-board,NULL,science,subj-accountancy,en,none,ver-cbse-board-2026,HUMAN_CURATED,single_mcq,0,HUMAN_CURATED,PHASE_16,ACTIVE,LEGACY_RECORD
q-subj-accountancy-p17c-094959,cbse-board,cbse-board,NULL,science,subj-accountancy,en,none,ver-cbse-board-2026,HUMAN_CURATED,numerical,0,HUMAN_CURATED,PHASE_16,ACTIVE,LEGACY_RECORD
q-subj-accountancy-p17c-094960,cbse-board,cbse-board,NULL,science,subj-accountancy,en,none,ver-cbse-board-2026,HUMAN_CURATED,short_answer,0,HUMAN_CURATED,PHASE_16,ACTIVE,LEGACY_RECORD
q-subj-accountancy-p17c-094961,cbse-board,cbse-board,NULL,science,subj-accountancy,en,none,ver-cbse-board-2026,HUMAN_CURATED,single_mcq,0,HUMAN_CURATED,PHASE_16,ACTIVE,LEGACY_RECORD
q-subj-accountancy-p17c-094962,cbse-board,cbse-board,NULL,science,subj-accountancy,en,none,ver-cbse-board-2026,HUMAN_CURATED,numerical,0,HUMAN_CURATED,PHASE_16,ACTIVE,LEGACY_RECORD
q-subj-accountancy-p17c-094963,cbse-board,cbse-board,NULL,science,subj-accountancy,en,none,ver-cbse-board-2026,HUMAN_CURATED,short_answer,0,HUMAN_CURATED,PHASE_16,ACTIVE,LEGACY_RECORD
q-subj-accountancy-p17c-094964,cbse-board,cbse-board,NULL,science,subj-accountancy,en,none,ver-cbse-board-2026,HUMAN_CURATED,single_mcq,0,HUMAN_CURATED,PHASE_16,ACTIVE,LEGACY_RECORD
q-subj-accountancy-p17c-094965,cbse-board,cbse-board,NULL,science,subj-accountancy,en,none,ver-cbse-board-2026,HUMAN_CURATED,numerical,0,HUMAN_CURATED,PHASE_16,ACTIVE,LEGACY_RECORD
q-subj-accountancy-p17c-094966,cbse-board,cbse-board,NULL,science,subj-accountancy,en,none,ver-cbse-board-2026,HUMAN_CURATED,short_answer,0,HUMAN_CURATED,PHASE_16,ACTIVE,LEGACY_RECORD
q-subj-accountancy-p17c-094967,cbse-board,cbse-board,NULL,science,subj-accountancy,en,none,ver-cbse-board-2026,HUMAN_CURATED,single_mcq,0,HUMAN_CURATED,PHASE_16,ACTIVE,LEGACY_RECORD
q-subj-accountancy-p17c-094968,cbse-board,cbse-board,NULL,science,subj-accountancy,en,none,ver-cbse-board-2026,HUMAN_CURATED,numerical,0,HUMAN_CURATED,PHASE_16,ACTIVE,LEGACY_RECORD
q-subj-accountancy-p17c-094969,cbse-board,cbse-board,NULL,science,subj-accountancy,en,none,ver-cbse-board-2026,HUMAN_CURATED,short_answer,0,HUMAN_CURATED,PHASE_16,ACTIVE,LEGACY_RECORD
q-subj-accountancy-p17c-094970,cbse-board,cbse-board,NULL,science,subj-accountancy,en,none,ver-cbse-board-2026,HUMAN_CURATED,single_mcq,0,HUMAN_CURATED,PHASE_16,ACTIVE,LEGACY_RECORD
q-subj-accountancy-p17c-094971,cbse-board,cbse-board,NULL,science,subj-accountancy,en,none,ver-cbse-board-2026,HUMAN_CURATED,numerical,0,HUMAN_CURATED,PHASE_16,ACTIVE,LEGACY_RECORD
q-subj-accountancy-p17c-094972,cbse-board,cbse-board,NULL,science,subj-accountancy,en,none,ver-cbse-board-2026,HUMAN_CURATED,short_answer,0,HUMAN_CURATED,PHASE_16,ACTIVE,LEGACY_RECORD
q-subj-accountancy-p17c-094973,cbse-board,cbse-board,NULL,science,subj-accountancy,en,none,ver-cbse-board-2026,HUMAN_CURATED,single_mcq,0,HUMAN_CURATED,PHASE_16,ACTIVE,LEGACY_RECORD
q-subj-accountancy-p17c-094974,cbse-board,cbse-board,NULL,science,subj-accountancy,en,none,ver-cbse-board-2026,HUMAN_CURATED,numerical,0,HUMAN_CURATED,PHASE_16,ACTIVE,LEGACY_RECORD
q-subj-accountancy-p17c-094975,cbse-board,cbse-board,NULL,science,subj-accountancy,en,none,ver-cbse-board-2026,HUMAN_CURATED,short_answer,0,HUMAN_CURATED,PHASE_16,ACTIVE,LEGACY_RECORD
q-subj-accountancy-p17c-094976,cbse-board,cbse-board,NULL,science,subj-accountancy,en,none,ver-cbse-board-2026,HUMAN_CURATED,single_mcq,0,HUMAN_CURATED,PHASE_16,ACTIVE,LEGACY_RECORD
q-subj-accountancy-p17c-094977,cbse-board,cbse-board,NULL,science,subj-accountancy,en,none,ver-cbse-board-2026,HUMAN_CURATED,numerical,0,HUMAN_CURATED,PHASE_16,ACTIVE,LEGACY_RECORD
q-subj-accountancy-p17c-094978,cbse-board,cbse-board,NULL,science,subj-accountancy,en,none,ver-cbse-board-2026,HUMAN_CURATED,short_answer,0,HUMAN_CURATED,PHASE_16,ACTIVE,LEGACY_RECORD
q-subj-accountancy-p17c-094979,cbse-board,cbse-board,NULL,science,subj-accountancy,en,none,ver-cbse-board-2026,HUMAN_CURATED,single_mcq,0,HUMAN_CURATED,PHASE_16,ACTIVE,LEGACY_RECORD
q-subj-accountancy-p17c-094980,cbse-board,cbse-board,NULL,science,subj-accountancy,en,none,ver-cbse-board-2026,HUMAN_CURATED,numerical,0,HUMAN_CURATED,PHASE_16,ACTIVE,LEGACY_RECORD
q-subj-accountancy-p17c-094981,cbse-board,cbse-board,NULL,science,subj-accountancy,en,none,ver-cbse-board-2026,HUMAN_CURATED,short_answer,0,HUMAN_CURATED,PHASE_16,ACTIVE,LEGACY_RECORD
q-subj-accountancy-p17c-094982,cbse-board,cbse-board,NULL,science,subj-accountancy,en,none,ver-cbse-board-2026,HUMAN_CURATED,single_mcq,0,HUMAN_CURATED,PHASE_16,ACTIVE,LEGACY_RECORD
q-subj-accountancy-p17c-094983,cbse-board,cbse-board,NULL,science,subj-accountancy,en,none,ver-cbse-board-2026,HUMAN_CURATED,numerical,0,HUMAN_CURATED,PHASE_16,ACTIVE,LEGACY_RECORD
q-subj-accountancy-p17c-094984,cbse-board,cbse-board,NULL,science,subj-accountancy,en,none,ver-cbse-board-2026,HUMAN_CURATED,short_answer,0,HUMAN_CURATED,PHASE_16,ACTIVE,LEGACY_RECORD
q-subj-accountancy-p17c-094985,cbse-board,cbse-board,NULL,science,subj-accountancy,en,none,ver-cbse-board-2026,HUMAN_CURATED,single_mcq,0,HUMAN_CURATED,PHASE_16,ACTIVE,LEGACY_RECORD
q-subj-accountancy-p17c-094986,cbse-board,cbse-board,NULL,science,subj-accountancy,en,none,ver-cbse-board-2026,HUMAN_CURATED,numerical,0,HUMAN_CURATED,PHASE_16,ACTIVE,LEGACY_RECORD
q-subj-accountancy-p17c-094987,cbse-board,cbse-board,NULL,science,subj-accountancy,en,none,ver-cbse-board-2026,HUMAN_CURATED,short_answer,0,HUMAN_CURATED,PHASE_16,ACTIVE,LEGACY_RECORD
q-subj-accountancy-p17c-094988,cbse-board,cbse-board,NULL,science,subj-accountancy,en,none,ver-cbse-board-2026,HUMAN_CURATED,single_mcq,0,HUMAN_CURATED,PHASE_16,ACTIVE,LEGACY_RECORD
q-subj-accountancy-p17c-094989,cbse-board,cbse-board,NULL,science,subj-accountancy,en,none,ver-cbse-board-2026,HUMAN_CURATED,numerical,0,HUMAN_CURATED,PHASE_16,ACTIVE,LEGACY_RECORD
q-subj-accountancy-p17c-094990,cbse-board,cbse-board,NULL,science,subj-accountancy,en,none,ver-cbse-board-2026,HUMAN_CURATED,short_answer,0,HUMAN_CURATED,PHASE_16,ACTIVE,LEGACY_RECORD
q-subj-accountancy-p17c-094991,cbse-board,cbse-board,NULL,science,subj-accountancy,en,none,ver-cbse-board-2026,HUMAN_CURATED,single_mcq,0,HUMAN_CURATED,PHASE_16,ACTIVE,LEGACY_RECORD
q-subj-accountancy-p17c-094992,cbse-board,cbse-board,NULL,science,subj-accountancy,en,none,ver-cbse-board-2026,HUMAN_CURATED,numerical,0,HUMAN_CURATED,PHASE_16,ACTIVE,LEGACY_RECORD
q-subj-accountancy-p17c-094993,cbse-board,cbse-board,NULL,science,subj-accountancy,en,none,ver-cbse-board-2026,HUMAN_CURATED,short_answer,0,HUMAN_CURATED,PHASE_16,ACTIVE,LEGACY_RECORD
q-subj-accountancy-p17c-094994,cbse-board,cbse-board,NULL,science,subj-accountancy,en,none,ver-cbse-board-2026,HUMAN_CURATED,single_mcq,0,HUMAN_CURATED,PHASE_16,ACTIVE,LEGACY_RECORD
q-subj-accountancy-p17c-094995,cbse-board,cbse-board,NULL,science,subj-accountancy,en,none,ver-cbse-board-2026,HUMAN_CURATED,numerical,0,HUMAN_CURATED,PHASE_16,ACTIVE,LEGACY_RECORD
q-subj-accountancy-p17c-094996,cbse-board,cbse-board,NULL,science,subj-accountancy,en,none,ver-cbse-board-2026,HUMAN_CURATED,short_answer,0,HUMAN_CURATED,PHASE_16,ACTIVE,LEGACY_RECORD
q-subj-accountancy-p17c-094997,cbse-board,cbse-board,NULL,science,subj-accountancy,en,none,ver-cbse-board-2026,HUMAN_CURATED,single_mcq,0,HUMAN_CURATED,PHASE_16,ACTIVE,LEGACY_RECORD
q-subj-accountancy-p17c-094998,cbse-board,cbse-board,NULL,science,subj-accountancy,en,none,ver-cbse-board-2026,HUMAN_CURATED,numerical,0,HUMAN_CURATED,PHASE_16,ACTIVE,LEGACY_RECORD
q-subj-accountancy-p17c-094999,cbse-board,cbse-board,NULL,science,subj-accountancy,en,none,ver-cbse-board-2026,HUMAN_CURATED,short_answer,0,HUMAN_CURATED,PHASE_16,ACTIVE,LEGACY_RECORD
q-subj-accountancy-p17c-095000,cbse-board,cbse-board,NULL,science,subj-accountancy,en,none,ver-cbse-board-2026,HUMAN_CURATED,single_mcq,0,HUMAN_CURATED,PHASE_16,ACTIVE,LEGACY_RECORD
q-subj-accountancy-p17c-095001,cbse-board,cbse-board,NULL,science,subj-accountancy,en,none,ver-cbse-board-2026,HUMAN_CURATED,numerical,0,HUMAN_CURATED,PHASE_16,ACTIVE,LEGACY_RECORD
q-subj-accountancy-p17c-095002,cbse-board,cbse-board,NULL,science,subj-accountancy,en,none,ver-cbse-board-2026,HUMAN_CURATED,short_answer,0,HUMAN_CURATED,PHASE_16,ACTIVE,LEGACY_RECORD
q-subj-accountancy-p17c-095003,cbse-board,cbse-board,NULL,science,subj-accountancy,en,none,ver-cbse-board-2026,HUMAN_CURATED,single_mcq,0,HUMAN_CURATED,PHASE_16,ACTIVE,LEGACY_RECORD
q-subj-accountancy-p17c-095004,cbse-board,cbse-board,NULL,science,subj-accountancy,en,none,ver-cbse-board-2026,HUMAN_CURATED,numerical,0,HUMAN_CURATED,PHASE_16,ACTIVE,LEGACY_RECORD
q-subj-accountancy-p17c-095005,cbse-board,cbse-board,NULL,science,subj-accountancy,en,none,ver-cbse-board-2026,HUMAN_CURATED,short_answer,0,HUMAN_CURATED,PHASE_16,ACTIVE,LEGACY_RECORD
q-subj-accountancy-p17c-095006,cbse-board,cbse-board,NULL,science,subj-accountancy,en,none,ver-cbse-board-2026,HUMAN_CURATED,single_mcq,0,HUMAN_CURATED,PHASE_16,ACTIVE,LEGACY_RECORD
q-subj-accountancy-p17c-095007,cbse-board,cbse-board,NULL,science,subj-accountancy,en,none,ver-cbse-board-2026,HUMAN_CURATED,numerical,0,HUMAN_CURATED,PHASE_16,ACTIVE,LEGACY_RECORD
q-subj-accountancy-p17c-095008,cbse-board,cbse-board,NULL,science,subj-accountancy,en,none,ver-cbse-board-2026,HUMAN_CURATED,short_answer,0,HUMAN_CURATED,PHASE_16,ACTIVE,LEGACY_RECORD
q-subj-accountancy-p17c-095009,cbse-board,cbse-board,NULL,science,subj-accountancy,en,none,ver-cbse-board-2026,HUMAN_CURATED,single_mcq,0,HUMAN_CURATED,PHASE_16,ACTIVE,LEGACY_RECORD
q-subj-accountancy-p17c-095010,cbse-board,cbse-board,NULL,science,subj-accountancy,en,none,ver-cbse-board-2026,HUMAN_CURATED,numerical,0,HUMAN_CURATED,PHASE_16,ACTIVE,LEGACY_RECORD
q-subj-accountancy-p17c-095011,cbse-board,cbse-board,NULL,science,subj-accountancy,en,none,ver-cbse-board-2026,HUMAN_CURATED,short_answer,0,HUMAN_CURATED,PHASE_16,ACTIVE,LEGACY_RECORD
q-subj-accountancy-p17c-095012,cbse-board,cbse-board,NULL,science,subj-accountancy,en,none,ver-cbse-board-2026,HUMAN_CURATED,single_mcq,0,HUMAN_CURATED,PHASE_16,ACTIVE,LEGACY_RECORD
q-subj-accountancy-p17c-095013,cbse-board,cbse-board,NULL,science,subj-accountancy,en,none,ver-cbse-board-2026,HUMAN_CURATED,numerical,0,HUMAN_CURATED,PHASE_16,ACTIVE,LEGACY_RECORD
q-subj-accountancy-p17c-095014,cbse-board,cbse-board,NULL,science,subj-accountancy,en,none,ver-cbse-board-2026,HUMAN_CURATED,short_answer,0,HUMAN_CURATED,PHASE_16,ACTIVE,LEGACY_RECORD
q-subj-accountancy-p17c-095015,cbse-board,cbse-board,NULL,science,subj-accountancy,en,none,ver-cbse-board-2026,HUMAN_CURATED,single_mcq,0,HUMAN_CURATED,PHASE_16,ACTIVE,LEGACY_RECORD
q-subj-accountancy-p17c-095016,cbse-board,cbse-board,NULL,science,subj-accountancy,en,none,ver-cbse-board-2026,HUMAN_CURATED,numerical,0,HUMAN_CURATED,PHASE_16,ACTIVE,LEGACY_RECORD
q-subj-accountancy-p17c-095017,cbse-board,cbse-board,NULL,science,subj-accountancy,en,none,ver-cbse-board-2026,HUMAN_CURATED,short_answer,0,HUMAN_CURATED,PHASE_16,ACTIVE,LEGACY_RECORD
q-subj-accountancy-p17c-095018,cbse-board,cbse-board,NULL,science,subj-accountancy,en,none,ver-cbse-board-2026,HUMAN_CURATED,single_mcq,0,HUMAN_CURATED,PHASE_16,ACTIVE,LEGACY_RECORD
q-subj-accountancy-p17c-095019,cbse-board,cbse-board,NULL,science,subj-accountancy,en,none,ver-cbse-board-2026,HUMAN_CURATED,numerical,0,HUMAN_CURATED,PHASE_16,ACTIVE,LEGACY_RECORD
q-subj-accountancy-p17c-095020,cbse-board,cbse-board,NULL,science,subj-accountancy,en,none,ver-cbse-board-2026,HUMAN_CURATED,short_answer,0,HUMAN_CURATED,PHASE_16,ACTIVE,LEGACY_RECORD
q-subj-accountancy-p17c-095021,cbse-board,cbse-board,NULL,science,subj-accountancy,en,none,ver-cbse-board-2026,HUMAN_CURATED,single_mcq,0,HUMAN_CURATED,PHASE_16,ACTIVE,LEGACY_RECORD
q-subj-accountancy-p17c-095022,cbse-board,cbse-board,NULL,science,subj-accountancy,en,none,ver-cbse-board-2026,HUMAN_CURATED,numerical,0,HUMAN_CURATED,PHASE_16,ACTIVE,LEGACY_RECORD
q-subj-accountancy-p17c-095023,cbse-board,cbse-board,NULL,science,subj-accountancy,en,none,ver-cbse-board-2026,HUMAN_CURATED,short_answer,0,HUMAN_CURATED,PHASE_16,ACTIVE,LEGACY_RECORD
q-subj-accountancy-p17c-095024,cbse-board,cbse-board,NULL,science,subj-accountancy,en,none,ver-cbse-board-2026,HUMAN_CURATED,single_mcq,0,HUMAN_CURATED,PHASE_16,ACTIVE,LEGACY_RECORD
q-subj-accountancy-p17c-095025,cbse-board,cbse-board,NULL,science,subj-accountancy,en,none,ver-cbse-board-2026,HUMAN_CURATED,numerical,0,HUMAN_CURATED,PHASE_16,ACTIVE,LEGACY_RECORD
q-subj-accountancy-p17c-095026,cbse-board,cbse-board,NULL,science,subj-accountancy,en,none,ver-cbse-board-2026,HUMAN_CURATED,short_answer,0,HUMAN_CURATED,PHASE_16,ACTIVE,LEGACY_RECORD
q-subj-accountancy-p17c-095027,cbse-board,cbse-board,NULL,science,subj-accountancy,en,none,ver-cbse-board-2026,HUMAN_CURATED,single_mcq,0,HUMAN_CURATED,PHASE_16,ACTIVE,LEGACY_RECORD
q-subj-accountancy-p17c-095028,cbse-board,cbse-board,NULL,science,subj-accountancy,en,none,ver-cbse-board-2026,HUMAN_CURATED,numerical,0,HUMAN_CURATED,PHASE_16,ACTIVE,LEGACY_RECORD
q-subj-accountancy-p17c-095029,cbse-board,cbse-board,NULL,science,subj-accountancy,en,none,ver-cbse-board-2026,HUMAN_CURATED,short_answer,0,HUMAN_CURATED,PHASE_16,ACTIVE,LEGACY_RECORD
q-subj-accountancy-p17c-095030,cbse-board,cbse-board,NULL,science,subj-accountancy,en,none,ver-cbse-board-2026,HUMAN_CURATED,single_mcq,0,HUMAN_CURATED,PHASE_16,ACTIVE,LEGACY_RECORD
q-subj-accountancy-p17c-095031,cbse-board,cbse-board,NULL,science,subj-accountancy,en,none,ver-cbse-board-2026,HUMAN_CURATED,numerical,0,HUMAN_CURATED,PHASE_16,ACTIVE,LEGACY_RECORD
q-subj-accountancy-p17c-095032,cbse-board,cbse-board,NULL,science,subj-accountancy,en,none,ver-cbse-board-2026,HUMAN_CURATED,short_answer,0,HUMAN_CURATED,PHASE_16,ACTIVE,LEGACY_RECORD
q-subj-accountancy-p17c-095033,cbse-board,cbse-board,NULL,science,subj-accountancy,en,none,ver-cbse-board-2026,HUMAN_CURATED,single_mcq,0,HUMAN_CURATED,PHASE_16,ACTIVE,LEGACY_RECORD
q-subj-accountancy-p17c-095034,cbse-board,cbse-board,NULL,science,subj-accountancy,en,none,ver-cbse-board-2026,HUMAN_CURATED,numerical,0,HUMAN_CURATED,PHASE_16,ACTIVE,LEGACY_RECORD
q-subj-accountancy-p17c-095035,cbse-board,cbse-board,NULL,science,subj-accountancy,en,none,ver-cbse-board-2026,HUMAN_CURATED,short_answer,0,HUMAN_CURATED,PHASE_16,ACTIVE,LEGACY_RECORD
q-subj-accountancy-p17c-095036,cbse-board,cbse-board,NULL,science,subj-accountancy,en,none,ver-cbse-board-2026,HUMAN_CURATED,single_mcq,0,HUMAN_CURATED,PHASE_16,ACTIVE,LEGACY_RECORD
q-subj-accountancy-p17c-095037,cbse-board,cbse-board,NULL,science,subj-accountancy,en,none,ver-cbse-board-2026,HUMAN_CURATED,numerical,0,HUMAN_CURATED,PHASE_16,ACTIVE,LEGACY_RECORD
q-subj-accountancy-p17c-095038,cbse-board,cbse-board,NULL,science,subj-accountancy,en,none,ver-cbse-board-2026,HUMAN_CURATED,short_answer,0,HUMAN_CURATED,PHASE_16,ACTIVE,LEGACY_RECORD
q-subj-accountancy-p17c-095039,cbse-board,cbse-board,NULL,science,subj-accountancy,en,none,ver-cbse-board-2026,HUMAN_CURATED,single_mcq,0,HUMAN_CURATED,PHASE_16,ACTIVE,LEGACY_RECORD
q-subj-accountancy-p17c-095040,cbse-board,cbse-board,NULL,science,subj-accountancy,en,none,ver-cbse-board-2026,HUMAN_CURATED,numerical,0,HUMAN_CURATED,PHASE_16,ACTIVE,LEGACY_RECORD
q-subj-accountancy-p17c-095041,cbse-board,cbse-board,NULL,science,subj-accountancy,en,none,ver-cbse-board-2026,HUMAN_CURATED,short_answer,0,HUMAN_CURATED,PHASE_16,ACTIVE,LEGACY_RECORD
q-subj-accountancy-p17c-095042,cbse-board,cbse-board,NULL,science,subj-accountancy,en,none,ver-cbse-board-2026,HUMAN_CURATED,single_mcq,0,HUMAN_CURATED,PHASE_16,ACTIVE,LEGACY_RECORD
q-subj-accountancy-p17c-095043,cbse-board,cbse-board,NULL,science,subj-accountancy,en,none,ver-cbse-board-2026,HUMAN_CURATED,numerical,0,HUMAN_CURATED,PHASE_16,ACTIVE,LEGACY_RECORD
q-subj-accountancy-p17c-095044,cbse-board,cbse-board,NULL,science,subj-accountancy,en,none,ver-cbse-board-2026,HUMAN_CURATED,short_answer,0,HUMAN_CURATED,PHASE_16,ACTIVE,LEGACY_RECORD
q-subj-accountancy-p17c-095045,cbse-board,cbse-board,NULL,science,subj-accountancy,en,none,ver-cbse-board-2026,HUMAN_CURATED,single_mcq,0,HUMAN_CURATED,PHASE_16,ACTIVE,LEGACY_RECORD
q-subj-accountancy-p17c-095046,cbse-board,cbse-board,NULL,science,subj-accountancy,en,none,ver-cbse-board-2026,HUMAN_CURATED,numerical,0,HUMAN_CURATED,PHASE_16,ACTIVE,LEGACY_RECORD
q-subj-accountancy-p17c-095047,cbse-board,cbse-board,NULL,science,subj-accountancy,en,none,ver-cbse-board-2026,HUMAN_CURATED,short_answer,0,HUMAN_CURATED,PHASE_16,ACTIVE,LEGACY_RECORD
q-subj-accountancy-p17c-095048,cbse-board,cbse-board,NULL,science,subj-accountancy,en,none,ver-cbse-board-2026,HUMAN_CURATED,single_mcq,0,HUMAN_CURATED,PHASE_16,ACTIVE,LEGACY_RECORD
q-subj-accountancy-p17c-095049,cbse-board,cbse-board,NULL,science,subj-accountancy,en,none,ver-cbse-board-2026,HUMAN_CURATED,numerical,0,HUMAN_CURATED,PHASE_16,ACTIVE,LEGACY_RECORD
q-subj-accountancy-p17c-095050,cbse-board,cbse-board,NULL,science,subj-accountancy,en,none,ver-cbse-board-2026,HUMAN_CURATED,short_answer,0,HUMAN_CURATED,PHASE_16,ACTIVE,LEGACY_RECORD
q-subj-accountancy-p17c-095051,cbse-board,cbse-board,NULL,science,subj-accountancy,en,none,ver-cbse-board-2026,HUMAN_CURATED,single_mcq,0,HUMAN_CURATED,PHASE_16,ACTIVE,LEGACY_RECORD
q-subj-accountancy-p17c-095052,cbse-board,cbse-board,NULL,science,subj-accountancy,en,none,ver-cbse-board-2026,HUMAN_CURATED,numerical,0,HUMAN_CURATED,PHASE_16,ACTIVE,LEGACY_RECORD
q-subj-accountancy-p17c-095053,cbse-board,cbse-board,NULL,science,subj-accountancy,en,none,ver-cbse-board-2026,HUMAN_CURATED,short_answer,0,HUMAN_CURATED,PHASE_16,ACTIVE,LEGACY_RECORD
q-subj-accountancy-p17c-095054,cbse-board,cbse-board,NULL,science,subj-accountancy,en,none,ver-cbse-board-2026,HUMAN_CURATED,single_mcq,0,HUMAN_CURATED,PHASE_16,ACTIVE,LEGACY_RECORD
q-subj-accountancy-p17c-095055,cbse-board,cbse-board,NULL,science,subj-accountancy,en,none,ver-cbse-board-2026,HUMAN_CURATED,numerical,0,HUMAN_CURATED,PHASE_16,ACTIVE,LEGACY_RECORD
q-subj-accountancy-p17c-095056,cbse-board,cbse-board,NULL,science,subj-accountancy,en,none,ver-cbse-board-2026,HUMAN_CURATED,short_answer,0,HUMAN_CURATED,PHASE_16,ACTIVE,LEGACY_RECORD
q-subj-accountancy-p17c-095057,cbse-board,cbse-board,NULL,science,subj-accountancy,en,none,ver-cbse-board-2026,HUMAN_CURATED,single_mcq,0,HUMAN_CURATED,PHASE_16,ACTIVE,LEGACY_RECORD
q-subj-accountancy-p17c-095058,cbse-board,cbse-board,NULL,science,subj-accountancy,en,none,ver-cbse-board-2026,HUMAN_CURATED,numerical,0,HUMAN_CURATED,PHASE_16,ACTIVE,LEGACY_RECORD
q-subj-accountancy-p17c-095059,cbse-board,cbse-board,NULL,science,subj-accountancy,en,none,ver-cbse-board-2026,HUMAN_CURATED,short_answer,0,HUMAN_CURATED,PHASE_16,ACTIVE,LEGACY_RECORD
q-subj-accountancy-p17c-095060,cbse-board,cbse-board,NULL,science,subj-accountancy,en,none,ver-cbse-board-2026,HUMAN_CURATED,single_mcq,0,HUMAN_CURATED,PHASE_16,ACTIVE,LEGACY_RECORD
q-subj-accountancy-p17c-095061,cbse-board,cbse-board,NULL,science,subj-accountancy,en,none,ver-cbse-board-2026,HUMAN_CURATED,numerical,0,HUMAN_CURATED,PHASE_16,ACTIVE,LEGACY_RECORD
q-subj-accountancy-p17c-095062,cbse-board,cbse-board,NULL,science,subj-accountancy,en,none,ver-cbse-board-2026,HUMAN_CURATED,short_answer,0,HUMAN_CURATED,PHASE_16,ACTIVE,LEGACY_RECORD
q-subj-accountancy-p17c-095063,cbse-board,cbse-board,NULL,science,subj-accountancy,en,none,ver-cbse-board-2026,HUMAN_CURATED,single_mcq,0,HUMAN_CURATED,PHASE_16,ACTIVE,LEGACY_RECORD
q-subj-accountancy-p17c-095064,cbse-board,cbse-board,NULL,science,subj-accountancy,en,none,ver-cbse-board-2026,HUMAN_CURATED,numerical,0,HUMAN_CURATED,PHASE_16,ACTIVE,LEGACY_RECORD
q-subj-accountancy-p17c-095065,cbse-board,cbse-board,NULL,science,subj-accountancy,en,none,ver-cbse-board-2026,HUMAN_CURATED,short_answer,0,HUMAN_CURATED,PHASE_16,ACTIVE,LEGACY_RECORD
q-subj-accountancy-p17c-095066,cbse-board,cbse-board,NULL,science,subj-accountancy,en,none,ver-cbse-board-2026,HUMAN_CURATED,single_mcq,0,HUMAN_CURATED,PHASE_16,ACTIVE,LEGACY_RECORD
q-subj-accountancy-p17c-095067,cbse-board,cbse-board,NULL,science,subj-accountancy,en,none,ver-cbse-board-2026,HUMAN_CURATED,numerical,0,HUMAN_CURATED,PHASE_16,ACTIVE,LEGACY_RECORD
q-subj-accountancy-p17c-095068,cbse-board,cbse-board,NULL,science,subj-accountancy,en,none,ver-cbse-board-2026,HUMAN_CURATED,short_answer,0,HUMAN_CURATED,PHASE_16,ACTIVE,LEGACY_RECORD
q-subj-accountancy-p17c-095069,cbse-board,cbse-board,NULL,science,subj-accountancy,en,none,ver-cbse-board-2026,HUMAN_CURATED,single_mcq,0,HUMAN_CURATED,PHASE_16,ACTIVE,LEGACY_RECORD
q-subj-accountancy-p17c-095070,cbse-board,cbse-board,NULL,science,subj-accountancy,en,none,ver-cbse-board-2026,HUMAN_CURATED,numerical,0,HUMAN_CURATED,PHASE_16,ACTIVE,LEGACY_RECORD
q-subj-accountancy-p17c-095071,cbse-board,cbse-board,NULL,science,subj-accountancy,en,none,ver-cbse-board-2026,HUMAN_CURATED,short_answer,0,HUMAN_CURATED,PHASE_16,ACTIVE,LEGACY_RECORD
q-subj-accountancy-p17c-095072,cbse-board,cbse-board,NULL,science,subj-accountancy,en,none,ver-cbse-board-2026,HUMAN_CURATED,single_mcq,0,HUMAN_CURATED,PHASE_16,ACTIVE,LEGACY_RECORD
q-subj-accountancy-p17c-095073,cbse-board,cbse-board,NULL,science,subj-accountancy,en,none,ver-cbse-board-2026,HUMAN_CURATED,numerical,0,HUMAN_CURATED,PHASE_16,ACTIVE,LEGACY_RECORD
q-subj-accountancy-p17c-095074,cbse-board,cbse-board,NULL,science,subj-accountancy,en,none,ver-cbse-board-2026,HUMAN_CURATED,short_answer,0,HUMAN_CURATED,PHASE_16,ACTIVE,LEGACY_RECORD
q-subj-accountancy-p17c-095075,cbse-board,cbse-board,NULL,science,subj-accountancy,en,none,ver-cbse-board-2026,HUMAN_CURATED,single_mcq,0,HUMAN_CURATED,PHASE_16,ACTIVE,LEGACY_RECORD
q-subj-accountancy-p17c-095076,cbse-board,cbse-board,NULL,science,subj-accountancy,en,none,ver-cbse-board-2026,HUMAN_CURATED,numerical,0,HUMAN_CURATED,PHASE_16,ACTIVE,LEGACY_RECORD
q-subj-accountancy-p17c-095077,cbse-board,cbse-board,NULL,science,subj-accountancy,en,none,ver-cbse-board-2026,HUMAN_CURATED,short_answer,0,HUMAN_CURATED,PHASE_16,ACTIVE,LEGACY_RECORD
q-subj-accountancy-p17c-095078,cbse-board,cbse-board,NULL,science,subj-accountancy,en,none,ver-cbse-board-2026,HUMAN_CURATED,single_mcq,0,HUMAN_CURATED,PHASE_16,ACTIVE,LEGACY_RECORD
q-subj-accountancy-p17c-095079,cbse-board,cbse-board,NULL,science,subj-accountancy,en,none,ver-cbse-board-2026,HUMAN_CURATED,numerical,0,HUMAN_CURATED,PHASE_16,ACTIVE,LEGACY_RECORD
q-subj-accountancy-p17c-095080,cbse-board,cbse-board,NULL,science,subj-accountancy,en,none,ver-cbse-board-2026,HUMAN_CURATED,short_answer,0,HUMAN_CURATED,PHASE_16,ACTIVE,LEGACY_RECORD
q-subj-accountancy-p17c-095081,cbse-board,cbse-board,NULL,science,subj-accountancy,en,none,ver-cbse-board-2026,HUMAN_CURATED,single_mcq,0,HUMAN_CURATED,PHASE_16,ACTIVE,LEGACY_RECORD
q-subj-accountancy-p17c-095082,cbse-board,cbse-board,NULL,science,subj-accountancy,en,none,ver-cbse-board-2026,HUMAN_CURATED,numerical,0,HUMAN_CURATED,PHASE_16,ACTIVE,LEGACY_RECORD
q-subj-accountancy-p17c-095083,cbse-board,cbse-board,NULL,science,subj-accountancy,en,none,ver-cbse-board-2026,HUMAN_CURATED,short_answer,0,HUMAN_CURATED,PHASE_16,ACTIVE,LEGACY_RECORD
q-subj-accountancy-p17c-095084,cbse-board,cbse-board,NULL,science,subj-accountancy,en,none,ver-cbse-board-2026,HUMAN_CURATED,single_mcq,0,HUMAN_CURATED,PHASE_16,ACTIVE,LEGACY_RECORD
q-subj-accountancy-p17c-095085,cbse-board,cbse-board,NULL,science,subj-accountancy,en,none,ver-cbse-board-2026,HUMAN_CURATED,numerical,0,HUMAN_CURATED,PHASE_16,ACTIVE,LEGACY_RECORD
q-subj-accountancy-p17c-095086,cbse-board,cbse-board,NULL,science,subj-accountancy,en,none,ver-cbse-board-2026,HUMAN_CURATED,short_answer,0,HUMAN_CURATED,PHASE_16,ACTIVE,LEGACY_RECORD
q-subj-accountancy-p17c-095087,cbse-board,cbse-board,NULL,science,subj-accountancy,en,none,ver-cbse-board-2026,HUMAN_CURATED,single_mcq,0,HUMAN_CURATED,PHASE_16,ACTIVE,LEGACY_RECORD
q-subj-accountancy-p17c-095088,cbse-board,cbse-board,NULL,science,subj-accountancy,en,none,ver-cbse-board-2026,HUMAN_CURATED,numerical,0,HUMAN_CURATED,PHASE_16,ACTIVE,LEGACY_RECORD
q-subj-accountancy-p17c-095089,cbse-board,cbse-board,NULL,science,subj-accountancy,en,none,ver-cbse-board-2026,HUMAN_CURATED,short_answer,0,HUMAN_CURATED,PHASE_16,ACTIVE,LEGACY_RECORD
q-subj-accountancy-p17c-095090,cbse-board,cbse-board,NULL,science,subj-accountancy,en,none,ver-cbse-board-2026,HUMAN_CURATED,single_mcq,0,HUMAN_CURATED,PHASE_16,ACTIVE,LEGACY_RECORD
q-subj-accountancy-p17c-095091,cbse-board,cbse-board,NULL,science,subj-accountancy,en,none,ver-cbse-board-2026,HUMAN_CURATED,numerical,0,HUMAN_CURATED,PHASE_16,ACTIVE,LEGACY_RECORD
q-subj-accountancy-p17c-095092,cbse-board,cbse-board,NULL,science,subj-accountancy,en,none,ver-cbse-board-2026,HUMAN_CURATED,short_answer,0,HUMAN_CURATED,PHASE_16,ACTIVE,LEGACY_RECORD
q-subj-accountancy-p17c-095093,cbse-board,cbse-board,NULL,science,subj-accountancy,en,none,ver-cbse-board-2026,HUMAN_CURATED,single_mcq,0,HUMAN_CURATED,PHASE_16,ACTIVE,LEGACY_RECORD
q-subj-accountancy-p17c-095094,cbse-board,cbse-board,NULL,science,subj-accountancy,en,none,ver-cbse-board-2026,HUMAN_CURATED,numerical,0,HUMAN_CURATED,PHASE_16,ACTIVE,LEGACY_RECORD
q-subj-accountancy-p17c-095095,cbse-board,cbse-board,NULL,science,subj-accountancy,en,none,ver-cbse-board-2026,HUMAN_CURATED,short_answer,0,HUMAN_CURATED,PHASE_16,ACTIVE,LEGACY_RECORD
q-subj-accountancy-p17c-095096,cbse-board,cbse-board,NULL,science,subj-accountancy,en,none,ver-cbse-board-2026,HUMAN_CURATED,single_mcq,0,HUMAN_CURATED,PHASE_16,ACTIVE,LEGACY_RECORD
q-subj-accountancy-p17c-095097,cbse-board,cbse-board,NULL,science,subj-accountancy,en,none,ver-cbse-board-2026,HUMAN_CURATED,numerical,0,HUMAN_CURATED,PHASE_16,ACTIVE,LEGACY_RECORD
q-subj-accountancy-p17c-095098,cbse-board,cbse-board,NULL,science,subj-accountancy,en,none,ver-cbse-board-2026,HUMAN_CURATED,short_answer,0,HUMAN_CURATED,PHASE_16,ACTIVE,LEGACY_RECORD
q-subj-accountancy-p17c-095099,cbse-board,cbse-board,NULL,science,subj-accountancy,en,none,ver-cbse-board-2026,HUMAN_CURATED,single_mcq,0,HUMAN_CURATED,PHASE_16,ACTIVE,LEGACY_RECORD
q-subj-accountancy-p17c-095100,cbse-board,cbse-board,NULL,science,subj-accountancy,en,none,ver-cbse-board-2026,HUMAN_CURATED,numerical,0,HUMAN_CURATED,PHASE_16,ACTIVE,LEGACY_RECORD
q-subj-accountancy-p17c-095101,cbse-board,cbse-board,NULL,science,subj-accountancy,en,none,ver-cbse-board-2026,HUMAN_CURATED,short_answer,0,HUMAN_CURATED,PHASE_16,ACTIVE,LEGACY_RECORD
q-subj-accountancy-p17c-095102,cbse-board,cbse-board,NULL,science,subj-accountancy,en,none,ver-cbse-board-2026,HUMAN_CURATED,single_mcq,0,HUMAN_CURATED,PHASE_16,ACTIVE,LEGACY_RECORD
q-subj-accountancy-p17c-095103,cbse-board,cbse-board,NULL,science,subj-accountancy,en,none,ver-cbse-board-2026,HUMAN_CURATED,numerical,0,HUMAN_CURATED,PHASE_16,ACTIVE,LEGACY_RECORD
q-subj-accountancy-p17c-095104,cbse-board,cbse-board,NULL,science,subj-accountancy,en,none,ver-cbse-board-2026,HUMAN_CURATED,short_answer,0,HUMAN_CURATED,PHASE_16,ACTIVE,LEGACY_RECORD
q-subj-accountancy-p17c-095105,cbse-board,cbse-board,NULL,science,subj-accountancy,en,none,ver-cbse-board-2026,HUMAN_CURATED,single_mcq,0,HUMAN_CURATED,PHASE_16,ACTIVE,LEGACY_RECORD
q-subj-accountancy-p17c-095106,cbse-board,cbse-board,NULL,science,subj-accountancy,en,none,ver-cbse-board-2026,HUMAN_CURATED,numerical,0,HUMAN_CURATED,PHASE_16,ACTIVE,LEGACY_RECORD
q-subj-accountancy-p17c-095107,cbse-board,cbse-board,NULL,science,subj-accountancy,en,none,ver-cbse-board-2026,HUMAN_CURATED,short_answer,0,HUMAN_CURATED,PHASE_16,ACTIVE,LEGACY_RECORD
q-subj-accountancy-p17c-095108,cbse-board,cbse-board,NULL,science,subj-accountancy,en,none,ver-cbse-board-2026,HUMAN_CURATED,single_mcq,0,HUMAN_CURATED,PHASE_16,ACTIVE,LEGACY_RECORD
q-subj-accountancy-p17c-095109,cbse-board,cbse-board,NULL,science,subj-accountancy,en,none,ver-cbse-board-2026,HUMAN_CURATED,numerical,0,HUMAN_CURATED,PHASE_16,ACTIVE,LEGACY_RECORD
q-subj-accountancy-p17c-095110,cbse-board,cbse-board,NULL,science,subj-accountancy,en,none,ver-cbse-board-2026,HUMAN_CURATED,short_answer,0,HUMAN_CURATED,PHASE_16,ACTIVE,LEGACY_RECORD
q-subj-accountancy-p17c-095111,cbse-board,cbse-board,NULL,science,subj-accountancy,en,none,ver-cbse-board-2026,HUMAN_CURATED,single_mcq,0,HUMAN_CURATED,PHASE_16,ACTIVE,LEGACY_RECORD
q-subj-accountancy-p17c-095112,cbse-board,cbse-board,NULL,science,subj-accountancy,en,none,ver-cbse-board-2026,HUMAN_CURATED,numerical,0,HUMAN_CURATED,PHASE_16,ACTIVE,LEGACY_RECORD
q-subj-accountancy-p17c-095113,cbse-board,cbse-board,NULL,science,subj-accountancy,en,none,ver-cbse-board-2026,HUMAN_CURATED,short_answer,0,HUMAN_CURATED,PHASE_16,ACTIVE,LEGACY_RECORD
q-subj-accountancy-p17c-095114,cbse-board,cbse-board,NULL,science,subj-accountancy,en,none,ver-cbse-board-2026,HUMAN_CURATED,single_mcq,0,HUMAN_CURATED,PHASE_16,ACTIVE,LEGACY_RECORD
q-subj-accountancy-p17c-095115,cbse-board,cbse-board,NULL,science,subj-accountancy,en,none,ver-cbse-board-2026,HUMAN_CURATED,numerical,0,HUMAN_CURATED,PHASE_16,ACTIVE,LEGACY_RECORD
q-subj-accountancy-p17c-095116,cbse-board,cbse-board,NULL,science,subj-accountancy,en,none,ver-cbse-board-2026,HUMAN_CURATED,short_answer,0,HUMAN_CURATED,PHASE_16,ACTIVE,LEGACY_RECORD
q-subj-accountancy-p17c-095117,cbse-board,cbse-board,NULL,science,subj-accountancy,en,none,ver-cbse-board-2026,HUMAN_CURATED,single_mcq,0,HUMAN_CURATED,PHASE_16,ACTIVE,LEGACY_RECORD
q-subj-accountancy-p17c-095118,cbse-board,cbse-board,NULL,science,subj-accountancy,en,none,ver-cbse-board-2026,HUMAN_CURATED,numerical,0,HUMAN_CURATED,PHASE_16,ACTIVE,LEGACY_RECORD
q-subj-accountancy-p17c-095119,cbse-board,cbse-board,NULL,science,subj-accountancy,en,none,ver-cbse-board-2026,HUMAN_CURATED,short_answer,0,HUMAN_CURATED,PHASE_16,ACTIVE,LEGACY_RECORD
q-subj-accountancy-p17c-095120,cbse-board,cbse-board,NULL,science,subj-accountancy,en,none,ver-cbse-board-2026,HUMAN_CURATED,single_mcq,0,HUMAN_CURATED,PHASE_16,ACTIVE,LEGACY_RECORD
q-subj-accountancy-p17c-095121,cbse-board,cbse-board,NULL,science,subj-accountancy,en,none,ver-cbse-board-2026,HUMAN_CURATED,numerical,0,HUMAN_CURATED,PHASE_16,ACTIVE,LEGACY_RECORD
q-subj-accountancy-p17c-095122,cbse-board,cbse-board,NULL,science,subj-accountancy,en,none,ver-cbse-board-2026,HUMAN_CURATED,short_answer,0,HUMAN_CURATED,PHASE_16,ACTIVE,LEGACY_RECORD
q-subj-accountancy-p17c-095123,cbse-board,cbse-board,NULL,science,subj-accountancy,en,none,ver-cbse-board-2026,HUMAN_CURATED,single_mcq,0,HUMAN_CURATED,PHASE_16,ACTIVE,LEGACY_RECORD
q-subj-accountancy-p17c-095124,cbse-board,cbse-board,NULL,science,subj-accountancy,en,none,ver-cbse-board-2026,HUMAN_CURATED,numerical,0,HUMAN_CURATED,PHASE_16,ACTIVE,LEGACY_RECORD
q-subj-accountancy-p17c-095125,cbse-board,cbse-board,NULL,science,subj-accountancy,en,none,ver-cbse-board-2026,HUMAN_CURATED,short_answer,0,HUMAN_CURATED,PHASE_16,ACTIVE,LEGACY_RECORD
q-subj-accountancy-p17c-095126,cbse-board,cbse-board,NULL,science,subj-accountancy,en,none,ver-cbse-board-2026,HUMAN_CURATED,single_mcq,0,HUMAN_CURATED,PHASE_16,ACTIVE,LEGACY_RECORD
q-subj-accountancy-p17c-095127,cbse-board,cbse-board,NULL,science,subj-accountancy,en,none,ver-cbse-board-2026,HUMAN_CURATED,numerical,0,HUMAN_CURATED,PHASE_16,ACTIVE,LEGACY_RECORD
q-subj-accountancy-p17c-095128,cbse-board,cbse-board,NULL,science,subj-accountancy,en,none,ver-cbse-board-2026,HUMAN_CURATED,short_answer,0,HUMAN_CURATED,PHASE_16,ACTIVE,LEGACY_RECORD
q-subj-accountancy-p17c-095129,cbse-board,cbse-board,NULL,science,subj-accountancy,en,none,ver-cbse-board-2026,HUMAN_CURATED,single_mcq,0,HUMAN_CURATED,PHASE_16,ACTIVE,LEGACY_RECORD
q-subj-accountancy-p17c-095130,cbse-board,cbse-board,NULL,science,subj-accountancy,en,none,ver-cbse-board-2026,HUMAN_CURATED,numerical,0,HUMAN_CURATED,PHASE_16,ACTIVE,LEGACY_RECORD
q-subj-accountancy-p17c-095131,cbse-board,cbse-board,NULL,science,subj-accountancy,en,none,ver-cbse-board-2026,HUMAN_CURATED,short_answer,0,HUMAN_CURATED,PHASE_16,ACTIVE,LEGACY_RECORD
q-subj-accountancy-p17c-095132,cbse-board,cbse-board,NULL,science,subj-accountancy,en,none,ver-cbse-board-2026,HUMAN_CURATED,single_mcq,0,HUMAN_CURATED,PHASE_16,ACTIVE,LEGACY_RECORD
q-subj-accountancy-p17c-095133,cbse-board,cbse-board,NULL,science,subj-accountancy,en,none,ver-cbse-board-2026,HUMAN_CURATED,numerical,0,HUMAN_CURATED,PHASE_16,ACTIVE,LEGACY_RECORD
q-subj-accountancy-p17c-095134,cbse-board,cbse-board,NULL,science,subj-accountancy,en,none,ver-cbse-board-2026,HUMAN_CURATED,short_answer,0,HUMAN_CURATED,PHASE_16,ACTIVE,LEGACY_RECORD
q-subj-accountancy-p17c-095135,cbse-board,cbse-board,NULL,science,subj-accountancy,en,none,ver-cbse-board-2026,HUMAN_CURATED,single_mcq,0,HUMAN_CURATED,PHASE_16,ACTIVE,LEGACY_RECORD
q-subj-accountancy-p17c-095136,cbse-board,cbse-board,NULL,science,subj-accountancy,en,none,ver-cbse-board-2026,HUMAN_CURATED,numerical,0,HUMAN_CURATED,PHASE_16,ACTIVE,LEGACY_RECORD
q-subj-accountancy-p17c-095137,cbse-board,cbse-board,NULL,science,subj-accountancy,en,none,ver-cbse-board-2026,HUMAN_CURATED,short_answer,0,HUMAN_CURATED,PHASE_16,ACTIVE,LEGACY_RECORD
q-subj-accountancy-p17c-095138,cbse-board,cbse-board,NULL,science,subj-accountancy,en,none,ver-cbse-board-2026,HUMAN_CURATED,single_mcq,0,HUMAN_CURATED,PHASE_16,ACTIVE,LEGACY_RECORD
q-subj-accountancy-p17c-095139,cbse-board,cbse-board,NULL,science,subj-accountancy,en,none,ver-cbse-board-2026,HUMAN_CURATED,numerical,0,HUMAN_CURATED,PHASE_16,ACTIVE,LEGACY_RECORD
q-subj-accountancy-p17c-095140,cbse-board,cbse-board,NULL,science,subj-accountancy,en,none,ver-cbse-board-2026,HUMAN_CURATED,short_answer,0,HUMAN_CURATED,PHASE_16,ACTIVE,LEGACY_RECORD
q-subj-accountancy-p17c-095141,cbse-board,cbse-board,NULL,science,subj-accountancy,en,none,ver-cbse-board-2026,HUMAN_CURATED,single_mcq,0,HUMAN_CURATED,PHASE_16,ACTIVE,LEGACY_RECORD
q-subj-accountancy-p17c-095142,cbse-board,cbse-board,NULL,science,subj-accountancy,en,none,ver-cbse-board-2026,HUMAN_CURATED,numerical,0,HUMAN_CURATED,PHASE_16,ACTIVE,LEGACY_RECORD
q-subj-accountancy-p17c-095143,cbse-board,cbse-board,NULL,science,subj-accountancy,en,none,ver-cbse-board-2026,HUMAN_CURATED,short_answer,0,HUMAN_CURATED,PHASE_16,ACTIVE,LEGACY_RECORD
q-subj-accountancy-p17c-095144,cbse-board,cbse-board,NULL,science,subj-accountancy,en,none,ver-cbse-board-2026,HUMAN_CURATED,single_mcq,0,HUMAN_CURATED,PHASE_16,ACTIVE,LEGACY_RECORD
q-subj-accountancy-p17c-095145,cbse-board,cbse-board,NULL,science,subj-accountancy,en,none,ver-cbse-board-2026,HUMAN_CURATED,numerical,0,HUMAN_CURATED,PHASE_16,ACTIVE,LEGACY_RECORD
q-subj-accountancy-p17c-095146,cbse-board,cbse-board,NULL,science,subj-accountancy,en,none,ver-cbse-board-2026,HUMAN_CURATED,short_answer,0,HUMAN_CURATED,PHASE_16,ACTIVE,LEGACY_RECORD
q-subj-accountancy-p17c-095147,cbse-board,cbse-board,NULL,science,subj-accountancy,en,none,ver-cbse-board-2026,HUMAN_CURATED,single_mcq,0,HUMAN_CURATED,PHASE_16,ACTIVE,LEGACY_RECORD
q-subj-accountancy-p17c-095148,cbse-board,cbse-board,NULL,science,subj-accountancy,en,none,ver-cbse-board-2026,HUMAN_CURATED,numerical,0,HUMAN_CURATED,PHASE_16,ACTIVE,LEGACY_RECORD
q-subj-accountancy-p17c-095149,cbse-board,cbse-board,NULL,science,subj-accountancy,en,none,ver-cbse-board-2026,HUMAN_CURATED,short_answer,0,HUMAN_CURATED,PHASE_16,ACTIVE,LEGACY_RECORD
q-subj-accountancy-p17c-095150,cbse-board,cbse-board,NULL,science,subj-accountancy,en,none,ver-cbse-board-2026,HUMAN_CURATED,single_mcq,0,HUMAN_CURATED,PHASE_16,ACTIVE,LEGACY_RECORD
q-subj-accountancy-p17c-095151,cbse-board,cbse-board,NULL,science,subj-accountancy,en,none,ver-cbse-board-2026,HUMAN_CURATED,numerical,0,HUMAN_CURATED,PHASE_16,ACTIVE,LEGACY_RECORD
q-subj-accountancy-p17c-095152,cbse-board,cbse-board,NULL,science,subj-accountancy,en,none,ver-cbse-board-2026,HUMAN_CURATED,short_answer,0,HUMAN_CURATED,PHASE_16,ACTIVE,LEGACY_RECORD
q-subj-accountancy-p17c-095153,cbse-board,cbse-board,NULL,science,subj-accountancy,en,none,ver-cbse-board-2026,HUMAN_CURATED,single_mcq,0,HUMAN_CURATED,PHASE_16,ACTIVE,LEGACY_RECORD
q-subj-accountancy-p17c-095154,cbse-board,cbse-board,NULL,science,subj-accountancy,en,none,ver-cbse-board-2026,HUMAN_CURATED,numerical,0,HUMAN_CURATED,PHASE_16,ACTIVE,LEGACY_RECORD
q-subj-accountancy-p17c-095155,cbse-board,cbse-board,NULL,science,subj-accountancy,en,none,ver-cbse-board-2026,HUMAN_CURATED,short_answer,0,HUMAN_CURATED,PHASE_16,ACTIVE,LEGACY_RECORD
q-subj-accountancy-p17c-095156,cbse-board,cbse-board,NULL,science,subj-accountancy,en,none,ver-cbse-board-2026,HUMAN_CURATED,single_mcq,0,HUMAN_CURATED,PHASE_16,ACTIVE,LEGACY_RECORD
q-subj-accountancy-p17c-095157,cbse-board,cbse-board,NULL,science,subj-accountancy,en,none,ver-cbse-board-2026,HUMAN_CURATED,numerical,0,HUMAN_CURATED,PHASE_16,ACTIVE,LEGACY_RECORD
q-subj-accountancy-p17c-095158,cbse-board,cbse-board,NULL,science,subj-accountancy,en,none,ver-cbse-board-2026,HUMAN_CURATED,short_answer,0,HUMAN_CURATED,PHASE_16,ACTIVE,LEGACY_RECORD
q-subj-accountancy-p17c-095159,cbse-board,cbse-board,NULL,science,subj-accountancy,en,none,ver-cbse-board-2026,HUMAN_CURATED,single_mcq,0,HUMAN_CURATED,PHASE_16,ACTIVE,LEGACY_RECORD
q-subj-accountancy-p17c-095160,cbse-board,cbse-board,NULL,science,subj-accountancy,en,none,ver-cbse-board-2026,HUMAN_CURATED,numerical,0,HUMAN_CURATED,PHASE_16,ACTIVE,LEGACY_RECORD
q-subj-accountancy-p17c-095161,cbse-board,cbse-board,NULL,science,subj-accountancy,en,none,ver-cbse-board-2026,HUMAN_CURATED,short_answer,0,HUMAN_CURATED,PHASE_16,ACTIVE,LEGACY_RECORD
q-subj-accountancy-p17c-095162,cbse-board,cbse-board,NULL,science,subj-accountancy,en,none,ver-cbse-board-2026,HUMAN_CURATED,single_mcq,0,HUMAN_CURATED,PHASE_16,ACTIVE,LEGACY_RECORD
q-subj-accountancy-p17c-095163,cbse-board,cbse-board,NULL,science,subj-accountancy,en,none,ver-cbse-board-2026,HUMAN_CURATED,numerical,0,HUMAN_CURATED,PHASE_16,ACTIVE,LEGACY_RECORD
q-subj-accountancy-p17c-095164,cbse-board,cbse-board,NULL,science,subj-accountancy,en,none,ver-cbse-board-2026,HUMAN_CURATED,short_answer,0,HUMAN_CURATED,PHASE_16,ACTIVE,LEGACY_RECORD
q-subj-accountancy-p17c-095165,cbse-board,cbse-board,NULL,science,subj-accountancy,en,none,ver-cbse-board-2026,HUMAN_CURATED,single_mcq,0,HUMAN_CURATED,PHASE_16,ACTIVE,LEGACY_RECORD
q-subj-accountancy-p17c-095166,cbse-board,cbse-board,NULL,science,subj-accountancy,en,none,ver-cbse-board-2026,HUMAN_CURATED,numerical,0,HUMAN_CURATED,PHASE_16,ACTIVE,LEGACY_RECORD
q-subj-accountancy-p17c-095167,cbse-board,cbse-board,NULL,science,subj-accountancy,en,none,ver-cbse-board-2026,HUMAN_CURATED,short_answer,0,HUMAN_CURATED,PHASE_16,ACTIVE,LEGACY_RECORD
q-subj-accountancy-p17c-095168,cbse-board,cbse-board,NULL,science,subj-accountancy,en,none,ver-cbse-board-2026,HUMAN_CURATED,single_mcq,0,HUMAN_CURATED,PHASE_16,ACTIVE,LEGACY_RECORD
q-subj-accountancy-p17c-095169,cbse-board,cbse-board,NULL,science,subj-accountancy,en,none,ver-cbse-board-2026,HUMAN_CURATED,numerical,0,HUMAN_CURATED,PHASE_16,ACTIVE,LEGACY_RECORD
q-subj-accountancy-p17c-095170,cbse-board,cbse-board,NULL,science,subj-accountancy,en,none,ver-cbse-board-2026,HUMAN_CURATED,short_answer,0,HUMAN_CURATED,PHASE_16,ACTIVE,LEGACY_RECORD
q-subj-accountancy-p17c-095171,cbse-board,cbse-board,NULL,science,subj-accountancy,en,none,ver-cbse-board-2026,HUMAN_CURATED,single_mcq,0,HUMAN_CURATED,PHASE_16,ACTIVE,LEGACY_RECORD
q-subj-accountancy-p17c-095172,cbse-board,cbse-board,NULL,science,subj-accountancy,en,none,ver-cbse-board-2026,HUMAN_CURATED,numerical,0,HUMAN_CURATED,PHASE_16,ACTIVE,LEGACY_RECORD
q-subj-accountancy-p17c-095173,cbse-board,cbse-board,NULL,science,subj-accountancy,en,none,ver-cbse-board-2026,HUMAN_CURATED,short_answer,0,HUMAN_CURATED,PHASE_16,ACTIVE,LEGACY_RECORD
q-subj-accountancy-p17c-095174,cbse-board,cbse-board,NULL,science,subj-accountancy,en,none,ver-cbse-board-2026,HUMAN_CURATED,single_mcq,0,HUMAN_CURATED,PHASE_16,ACTIVE,LEGACY_RECORD
q-subj-accountancy-p17c-095175,cbse-board,cbse-board,NULL,science,subj-accountancy,en,none,ver-cbse-board-2026,HUMAN_CURATED,numerical,0,HUMAN_CURATED,PHASE_16,ACTIVE,LEGACY_RECORD
q-subj-accountancy-p17c-095176,cbse-board,cbse-board,NULL,science,subj-accountancy,en,none,ver-cbse-board-2026,HUMAN_CURATED,short_answer,0,HUMAN_CURATED,PHASE_16,ACTIVE,LEGACY_RECORD
q-subj-accountancy-p17c-095177,cbse-board,cbse-board,NULL,science,subj-accountancy,en,none,ver-cbse-board-2026,HUMAN_CURATED,single_mcq,0,HUMAN_CURATED,PHASE_16,ACTIVE,LEGACY_RECORD
q-subj-accountancy-p17c-095178,cbse-board,cbse-board,NULL,science,subj-accountancy,en,none,ver-cbse-board-2026,HUMAN_CURATED,numerical,0,HUMAN_CURATED,PHASE_16,ACTIVE,LEGACY_RECORD
q-subj-accountancy-p17c-095179,cbse-board,cbse-board,NULL,science,subj-accountancy,en,none,ver-cbse-board-2026,HUMAN_CURATED,short_answer,0,HUMAN_CURATED,PHASE_16,ACTIVE,LEGACY_RECORD
q-subj-accountancy-p17c-095180,cbse-board,cbse-board,NULL,science,subj-accountancy,en,none,ver-cbse-board-2026,HUMAN_CURATED,single_mcq,0,HUMAN_CURATED,PHASE_16,ACTIVE,LEGACY_RECORD
q-subj-accountancy-p17c-095181,cbse-board,cbse-board,NULL,science,subj-accountancy,en,none,ver-cbse-board-2026,HUMAN_CURATED,numerical,0,HUMAN_CURATED,PHASE_16,ACTIVE,LEGACY_RECORD
q-subj-accountancy-p17c-095182,cbse-board,cbse-board,NULL,science,subj-accountancy,en,none,ver-cbse-board-2026,HUMAN_CURATED,short_answer,0,HUMAN_CURATED,PHASE_16,ACTIVE,LEGACY_RECORD
q-subj-accountancy-p17c-095183,cbse-board,cbse-board,NULL,science,subj-accountancy,en,none,ver-cbse-board-2026,HUMAN_CURATED,single_mcq,0,HUMAN_CURATED,PHASE_16,ACTIVE,LEGACY_RECORD
q-subj-accountancy-p17c-095184,cbse-board,cbse-board,NULL,science,subj-accountancy,en,none,ver-cbse-board-2026,HUMAN_CURATED,numerical,0,HUMAN_CURATED,PHASE_16,ACTIVE,LEGACY_RECORD
q-subj-accountancy-p17c-095185,cbse-board,cbse-board,NULL,science,subj-accountancy,en,none,ver-cbse-board-2026,HUMAN_CURATED,short_answer,0,HUMAN_CURATED,PHASE_16,ACTIVE,LEGACY_RECORD
q-subj-accountancy-p17c-095186,cbse-board,cbse-board,NULL,science,subj-accountancy,en,none,ver-cbse-board-2026,HUMAN_CURATED,single_mcq,0,HUMAN_CURATED,PHASE_16,ACTIVE,LEGACY_RECORD
q-subj-accountancy-p17c-095187,cbse-board,cbse-board,NULL,science,subj-accountancy,en,none,ver-cbse-board-2026,HUMAN_CURATED,numerical,0,HUMAN_CURATED,PHASE_16,ACTIVE,LEGACY_RECORD
q-subj-accountancy-p17c-095188,cbse-board,cbse-board,NULL,science,subj-accountancy,en,none,ver-cbse-board-2026,HUMAN_CURATED,short_answer,0,HUMAN_CURATED,PHASE_16,ACTIVE,LEGACY_RECORD
q-subj-accountancy-p17c-095189,cbse-board,cbse-board,NULL,science,subj-accountancy,en,none,ver-cbse-board-2026,HUMAN_CURATED,single_mcq,0,HUMAN_CURATED,PHASE_16,ACTIVE,LEGACY_RECORD
q-subj-accountancy-p17c-095190,cbse-board,cbse-board,NULL,science,subj-accountancy,en,none,ver-cbse-board-2026,HUMAN_CURATED,numerical,0,HUMAN_CURATED,PHASE_16,ACTIVE,LEGACY_RECORD
q-subj-accountancy-p17c-095191,cbse-board,cbse-board,NULL,science,subj-accountancy,en,none,ver-cbse-board-2026,HUMAN_CURATED,short_answer,0,HUMAN_CURATED,PHASE_16,ACTIVE,LEGACY_RECORD
q-subj-accountancy-p17c-095192,cbse-board,cbse-board,NULL,science,subj-accountancy,en,none,ver-cbse-board-2026,HUMAN_CURATED,single_mcq,0,HUMAN_CURATED,PHASE_16,ACTIVE,LEGACY_RECORD
q-subj-accountancy-p17c-095193,cbse-board,cbse-board,NULL,science,subj-accountancy,en,none,ver-cbse-board-2026,HUMAN_CURATED,numerical,0,HUMAN_CURATED,PHASE_16,ACTIVE,LEGACY_RECORD
q-subj-accountancy-p17c-095194,cbse-board,cbse-board,NULL,science,subj-accountancy,en,none,ver-cbse-board-2026,HUMAN_CURATED,short_answer,0,HUMAN_CURATED,PHASE_16,ACTIVE,LEGACY_RECORD
q-subj-accountancy-p17c-095195,cbse-board,cbse-board,NULL,science,subj-accountancy,en,none,ver-cbse-board-2026,HUMAN_CURATED,single_mcq,0,HUMAN_CURATED,PHASE_16,ACTIVE,LEGACY_RECORD
q-subj-accountancy-p17c-095196,cbse-board,cbse-board,NULL,science,subj-accountancy,en,none,ver-cbse-board-2026,HUMAN_CURATED,numerical,0,HUMAN_CURATED,PHASE_16,ACTIVE,LEGACY_RECORD
q-subj-accountancy-p17c-095197,cbse-board,cbse-board,NULL,science,subj-accountancy,en,none,ver-cbse-board-2026,HUMAN_CURATED,short_answer,0,HUMAN_CURATED,PHASE_16,ACTIVE,LEGACY_RECORD
q-subj-accountancy-p17c-095198,cbse-board,cbse-board,NULL,science,subj-accountancy,en,none,ver-cbse-board-2026,HUMAN_CURATED,single_mcq,0,HUMAN_CURATED,PHASE_16,ACTIVE,LEGACY_RECORD
q-subj-accountancy-p17c-095199,cbse-board,cbse-board,NULL,science,subj-accountancy,en,none,ver-cbse-board-2026,HUMAN_CURATED,numerical,0,HUMAN_CURATED,PHASE_16,ACTIVE,LEGACY_RECORD
q-subj-accountancy-p17c-095200,cbse-board,cbse-board,NULL,science,subj-accountancy,en,none,ver-cbse-board-2026,HUMAN_CURATED,short_answer,0,HUMAN_CURATED,PHASE_16,ACTIVE,LEGACY_RECORD
q-subj-accountancy-p17c-095201,cbse-board,cbse-board,NULL,science,subj-accountancy,en,none,ver-cbse-board-2026,HUMAN_CURATED,single_mcq,0,HUMAN_CURATED,PHASE_16,ACTIVE,LEGACY_RECORD
q-subj-accountancy-p17c-095202,cbse-board,cbse-board,NULL,science,subj-accountancy,en,none,ver-cbse-board-2026,HUMAN_CURATED,numerical,0,HUMAN_CURATED,PHASE_16,ACTIVE,LEGACY_RECORD
q-subj-accountancy-p17c-095203,cbse-board,cbse-board,NULL,science,subj-accountancy,en,none,ver-cbse-board-2026,HUMAN_CURATED,short_answer,0,HUMAN_CURATED,PHASE_16,ACTIVE,LEGACY_RECORD
q-subj-accountancy-p17c-095204,cbse-board,cbse-board,NULL,science,subj-accountancy,en,none,ver-cbse-board-2026,HUMAN_CURATED,single_mcq,0,HUMAN_CURATED,PHASE_16,ACTIVE,LEGACY_RECORD
q-subj-accountancy-p17c-095205,cbse-board,cbse-board,NULL,science,subj-accountancy,en,none,ver-cbse-board-2026,HUMAN_CURATED,numerical,0,HUMAN_CURATED,PHASE_16,ACTIVE,LEGACY_RECORD
q-subj-accountancy-p17c-095206,cbse-board,cbse-board,NULL,science,subj-accountancy,en,none,ver-cbse-board-2026,HUMAN_CURATED,short_answer,0,HUMAN_CURATED,PHASE_16,ACTIVE,LEGACY_RECORD
q-subj-accountancy-p17c-095207,cbse-board,cbse-board,NULL,science,subj-accountancy,en,none,ver-cbse-board-2026,HUMAN_CURATED,single_mcq,0,HUMAN_CURATED,PHASE_16,ACTIVE,LEGACY_RECORD
q-subj-accountancy-p17c-095208,cbse-board,cbse-board,NULL,science,subj-accountancy,en,none,ver-cbse-board-2026,HUMAN_CURATED,numerical,0,HUMAN_CURATED,PHASE_16,ACTIVE,LEGACY_RECORD
q-subj-accountancy-p17c-095209,cbse-board,cbse-board,NULL,science,subj-accountancy,en,none,ver-cbse-board-2026,HUMAN_CURATED,short_answer,0,HUMAN_CURATED,PHASE_16,ACTIVE,LEGACY_RECORD
q-subj-accountancy-p17c-095210,cbse-board,cbse-board,NULL,science,subj-accountancy,en,none,ver-cbse-board-2026,HUMAN_CURATED,single_mcq,0,HUMAN_CURATED,PHASE_16,ACTIVE,LEGACY_RECORD
q-subj-accountancy-p17c-095211,cbse-board,cbse-board,NULL,science,subj-accountancy,en,none,ver-cbse-board-2026,HUMAN_CURATED,numerical,0,HUMAN_CURATED,PHASE_16,ACTIVE,LEGACY_RECORD
q-subj-accountancy-p17c-095212,cbse-board,cbse-board,NULL,science,subj-accountancy,en,none,ver-cbse-board-2026,HUMAN_CURATED,short_answer,0,HUMAN_CURATED,PHASE_16,ACTIVE,LEGACY_RECORD
q-subj-accountancy-p17c-095213,cbse-board,cbse-board,NULL,science,subj-accountancy,en,none,ver-cbse-board-2026,HUMAN_CURATED,single_mcq,0,HUMAN_CURATED,PHASE_16,ACTIVE,LEGACY_RECORD
q-subj-accountancy-p17c-095214,cbse-board,cbse-board,NULL,science,subj-accountancy,en,none,ver-cbse-board-2026,HUMAN_CURATED,numerical,0,HUMAN_CURATED,PHASE_16,ACTIVE,LEGACY_RECORD
q-subj-accountancy-p17c-095215,cbse-board,cbse-board,NULL,science,subj-accountancy,en,none,ver-cbse-board-2026,HUMAN_CURATED,short_answer,0,HUMAN_CURATED,PHASE_16,ACTIVE,LEGACY_RECORD
q-subj-accountancy-p17c-095216,cbse-board,cbse-board,NULL,science,subj-accountancy,en,none,ver-cbse-board-2026,HUMAN_CURATED,single_mcq,0,HUMAN_CURATED,PHASE_16,ACTIVE,LEGACY_RECORD
q-subj-accountancy-p17c-095217,cbse-board,cbse-board,NULL,science,subj-accountancy,en,none,ver-cbse-board-2026,HUMAN_CURATED,numerical,0,HUMAN_CURATED,PHASE_16,ACTIVE,LEGACY_RECORD
q-subj-accountancy-p17c-095218,cbse-board,cbse-board,NULL,science,subj-accountancy,en,none,ver-cbse-board-2026,HUMAN_CURATED,short_answer,0,HUMAN_CURATED,PHASE_16,ACTIVE,LEGACY_RECORD
q-subj-accountancy-p17c-095219,cbse-board,cbse-board,NULL,science,subj-accountancy,en,none,ver-cbse-board-2026,HUMAN_CURATED,single_mcq,0,HUMAN_CURATED,PHASE_16,ACTIVE,LEGACY_RECORD
q-subj-accountancy-p17c-095220,cbse-board,cbse-board,NULL,science,subj-accountancy,en,none,ver-cbse-board-2026,HUMAN_CURATED,numerical,0,HUMAN_CURATED,PHASE_16,ACTIVE,LEGACY_RECORD
q-subj-accountancy-p17c-095221,cbse-board,cbse-board,NULL,science,subj-accountancy,en,none,ver-cbse-board-2026,HUMAN_CURATED,short_answer,0,HUMAN_CURATED,PHASE_16,ACTIVE,LEGACY_RECORD
q-subj-accountancy-p17c-095222,cbse-board,cbse-board,NULL,science,subj-accountancy,en,none,ver-cbse-board-2026,HUMAN_CURATED,single_mcq,0,HUMAN_CURATED,PHASE_16,ACTIVE,LEGACY_RECORD
q-subj-accountancy-p17c-095223,cbse-board,cbse-board,NULL,science,subj-accountancy,en,none,ver-cbse-board-2026,HUMAN_CURATED,numerical,0,HUMAN_CURATED,PHASE_16,ACTIVE,LEGACY_RECORD
q-subj-accountancy-p17c-095224,cbse-board,cbse-board,NULL,science,subj-accountancy,en,none,ver-cbse-board-2026,HUMAN_CURATED,short_answer,0,HUMAN_CURATED,PHASE_16,ACTIVE,LEGACY_RECORD
q-subj-accountancy-p17c-095225,cbse-board,cbse-board,NULL,science,subj-accountancy,en,none,ver-cbse-board-2026,HUMAN_CURATED,single_mcq,0,HUMAN_CURATED,PHASE_16,ACTIVE,LEGACY_RECORD
q-subj-accountancy-p17c-095226,cbse-board,cbse-board,NULL,science,subj-accountancy,en,none,ver-cbse-board-2026,HUMAN_CURATED,numerical,0,HUMAN_CURATED,PHASE_16,ACTIVE,LEGACY_RECORD
q-subj-accountancy-p17c-095227,cbse-board,cbse-board,NULL,science,subj-accountancy,en,none,ver-cbse-board-2026,HUMAN_CURATED,short_answer,0,HUMAN_CURATED,PHASE_16,ACTIVE,LEGACY_RECORD
q-subj-accountancy-p17c-095228,cbse-board,cbse-board,NULL,science,subj-accountancy,en,none,ver-cbse-board-2026,HUMAN_CURATED,single_mcq,0,HUMAN_CURATED,PHASE_16,ACTIVE,LEGACY_RECORD
q-subj-accountancy-p17c-095229,cbse-board,cbse-board,NULL,science,subj-accountancy,en,none,ver-cbse-board-2026,HUMAN_CURATED,numerical,0,HUMAN_CURATED,PHASE_16,ACTIVE,LEGACY_RECORD
q-subj-accountancy-p17c-095230,cbse-board,cbse-board,NULL,science,subj-accountancy,en,none,ver-cbse-board-2026,HUMAN_CURATED,short_answer,0,HUMAN_CURATED,PHASE_16,ACTIVE,LEGACY_RECORD
q-subj-accountancy-p17c-095231,cbse-board,cbse-board,NULL,science,subj-accountancy,en,none,ver-cbse-board-2026,HUMAN_CURATED,single_mcq,0,HUMAN_CURATED,PHASE_16,ACTIVE,LEGACY_RECORD
q-subj-accountancy-p17c-095232,cbse-board,cbse-board,NULL,science,subj-accountancy,en,none,ver-cbse-board-2026,HUMAN_CURATED,numerical,0,HUMAN_CURATED,PHASE_16,ACTIVE,LEGACY_RECORD
q-subj-accountancy-p17c-095233,cbse-board,cbse-board,NULL,science,subj-accountancy,en,none,ver-cbse-board-2026,HUMAN_CURATED,short_answer,0,HUMAN_CURATED,PHASE_16,ACTIVE,LEGACY_RECORD
q-subj-accountancy-p17c-095234,cbse-board,cbse-board,NULL,science,subj-accountancy,en,none,ver-cbse-board-2026,HUMAN_CURATED,single_mcq,0,HUMAN_CURATED,PHASE_16,ACTIVE,LEGACY_RECORD
q-subj-accountancy-p17c-095235,cbse-board,cbse-board,NULL,science,subj-accountancy,en,none,ver-cbse-board-2026,HUMAN_CURATED,numerical,0,HUMAN_CURATED,PHASE_16,ACTIVE,LEGACY_RECORD
q-subj-accountancy-p17c-095236,cbse-board,cbse-board,NULL,science,subj-accountancy,en,none,ver-cbse-board-2026,HUMAN_CURATED,short_answer,0,HUMAN_CURATED,PHASE_16,ACTIVE,LEGACY_RECORD
q-subj-accountancy-p17c-095237,cbse-board,cbse-board,NULL,science,subj-accountancy,en,none,ver-cbse-board-2026,HUMAN_CURATED,single_mcq,0,HUMAN_CURATED,PHASE_16,ACTIVE,LEGACY_RECORD
q-subj-accountancy-p17c-095238,cbse-board,cbse-board,NULL,science,subj-accountancy,en,none,ver-cbse-board-2026,HUMAN_CURATED,numerical,0,HUMAN_CURATED,PHASE_16,ACTIVE,LEGACY_RECORD
q-subj-accountancy-p17c-095239,cbse-board,cbse-board,NULL,science,subj-accountancy,en,none,ver-cbse-board-2026,HUMAN_CURATED,short_answer,0,HUMAN_CURATED,PHASE_16,ACTIVE,LEGACY_RECORD
q-subj-accountancy-p17c-095240,cbse-board,cbse-board,NULL,science,subj-accountancy,en,none,ver-cbse-board-2026,HUMAN_CURATED,single_mcq,0,HUMAN_CURATED,PHASE_16,ACTIVE,LEGACY_RECORD
q-subj-accountancy-p17c-095241,cbse-board,cbse-board,NULL,science,subj-accountancy,en,none,ver-cbse-board-2026,HUMAN_CURATED,numerical,0,HUMAN_CURATED,PHASE_16,ACTIVE,LEGACY_RECORD
q-subj-accountancy-p17c-095242,cbse-board,cbse-board,NULL,science,subj-accountancy,en,none,ver-cbse-board-2026,HUMAN_CURATED,short_answer,0,HUMAN_CURATED,PHASE_16,ACTIVE,LEGACY_RECORD
q-subj-accountancy-p17c-095243,cbse-board,cbse-board,NULL,science,subj-accountancy,en,none,ver-cbse-board-2026,HUMAN_CURATED,single_mcq,0,HUMAN_CURATED,PHASE_16,ACTIVE,LEGACY_RECORD
q-subj-accountancy-p17c-095244,cbse-board,cbse-board,NULL,science,subj-accountancy,en,none,ver-cbse-board-2026,HUMAN_CURATED,numerical,0,HUMAN_CURATED,PHASE_16,ACTIVE,LEGACY_RECORD
q-subj-accountancy-p17c-095245,cbse-board,cbse-board,NULL,science,subj-accountancy,en,none,ver-cbse-board-2026,HUMAN_CURATED,short_answer,0,HUMAN_CURATED,PHASE_16,ACTIVE,LEGACY_RECORD
q-subj-accountancy-p17c-095246,cbse-board,cbse-board,NULL,science,subj-accountancy,en,none,ver-cbse-board-2026,HUMAN_CURATED,single_mcq,0,HUMAN_CURATED,PHASE_16,ACTIVE,LEGACY_RECORD
q-subj-accountancy-p17c-095247,cbse-board,cbse-board,NULL,science,subj-accountancy,en,none,ver-cbse-board-2026,HUMAN_CURATED,numerical,0,HUMAN_CURATED,PHASE_16,ACTIVE,LEGACY_RECORD
q-subj-accountancy-p17c-095248,cbse-board,cbse-board,NULL,science,subj-accountancy,en,none,ver-cbse-board-2026,HUMAN_CURATED,short_answer,0,HUMAN_CURATED,PHASE_16,ACTIVE,LEGACY_RECORD
q-subj-accountancy-p17c-095249,cbse-board,cbse-board,NULL,science,subj-accountancy,en,none,ver-cbse-board-2026,HUMAN_CURATED,single_mcq,0,HUMAN_CURATED,PHASE_16,ACTIVE,LEGACY_RECORD
q-subj-accountancy-p17c-095250,cbse-board,cbse-board,NULL,science,subj-accountancy,en,none,ver-cbse-board-2026,HUMAN_CURATED,numerical,0,HUMAN_CURATED,PHASE_16,ACTIVE,LEGACY_RECORD
q-subj-accountancy-p17c-095251,cbse-board,cbse-board,NULL,science,subj-accountancy,en,none,ver-cbse-board-2026,HUMAN_CURATED,short_answer,0,HUMAN_CURATED,PHASE_16,ACTIVE,LEGACY_RECORD
q-subj-accountancy-p17c-095252,cbse-board,cbse-board,NULL,science,subj-accountancy,en,none,ver-cbse-board-2026,HUMAN_CURATED,single_mcq,0,HUMAN_CURATED,PHASE_16,ACTIVE,LEGACY_RECORD
q-subj-accountancy-p17c-095253,cbse-board,cbse-board,NULL,science,subj-accountancy,en,none,ver-cbse-board-2026,HUMAN_CURATED,numerical,0,HUMAN_CURATED,PHASE_16,ACTIVE,LEGACY_RECORD
q-subj-accountancy-p17c-095254,cbse-board,cbse-board,NULL,science,subj-accountancy,en,none,ver-cbse-board-2026,HUMAN_CURATED,short_answer,0,HUMAN_CURATED,PHASE_16,ACTIVE,LEGACY_RECORD
q-subj-accountancy-p17c-095255,cbse-board,cbse-board,NULL,science,subj-accountancy,en,none,ver-cbse-board-2026,HUMAN_CURATED,single_mcq,0,HUMAN_CURATED,PHASE_16,ACTIVE,LEGACY_RECORD
q-subj-accountancy-p17c-095256,cbse-board,cbse-board,NULL,science,subj-accountancy,en,none,ver-cbse-board-2026,HUMAN_CURATED,numerical,0,HUMAN_CURATED,PHASE_16,ACTIVE,LEGACY_RECORD
q-subj-accountancy-p17c-095257,cbse-board,cbse-board,NULL,science,subj-accountancy,en,none,ver-cbse-board-2026,HUMAN_CURATED,short_answer,0,HUMAN_CURATED,PHASE_16,ACTIVE,LEGACY_RECORD
q-subj-accountancy-p17c-095258,cbse-board,cbse-board,NULL,science,subj-accountancy,en,none,ver-cbse-board-2026,HUMAN_CURATED,single_mcq,0,HUMAN_CURATED,PHASE_16,ACTIVE,LEGACY_RECORD
q-subj-accountancy-p17c-095259,cbse-board,cbse-board,NULL,science,subj-accountancy,en,none,ver-cbse-board-2026,HUMAN_CURATED,numerical,0,HUMAN_CURATED,PHASE_16,ACTIVE,LEGACY_RECORD
q-subj-accountancy-p17c-095260,cbse-board,cbse-board,NULL,science,subj-accountancy,en,none,ver-cbse-board-2026,HUMAN_CURATED,short_answer,0,HUMAN_CURATED,PHASE_16,ACTIVE,LEGACY_RECORD
q-subj-accountancy-p17c-095261,cbse-board,cbse-board,NULL,science,subj-accountancy,en,none,ver-cbse-board-2026,HUMAN_CURATED,single_mcq,0,HUMAN_CURATED,PHASE_16,ACTIVE,LEGACY_RECORD
q-subj-accountancy-p17c-095262,cbse-board,cbse-board,NULL,science,subj-accountancy,en,none,ver-cbse-board-2026,HUMAN_CURATED,numerical,0,HUMAN_CURATED,PHASE_16,ACTIVE,LEGACY_RECORD
q-subj-accountancy-p17c-095263,cbse-board,cbse-board,NULL,science,subj-accountancy,en,none,ver-cbse-board-2026,HUMAN_CURATED,short_answer,0,HUMAN_CURATED,PHASE_16,ACTIVE,LEGACY_RECORD
q-subj-accountancy-p17c-095264,cbse-board,cbse-board,NULL,science,subj-accountancy,en,none,ver-cbse-board-2026,HUMAN_CURATED,single_mcq,0,HUMAN_CURATED,PHASE_16,ACTIVE,LEGACY_RECORD
q-subj-accountancy-p17c-095265,cbse-board,cbse-board,NULL,science,subj-accountancy,en,none,ver-cbse-board-2026,HUMAN_CURATED,numerical,0,HUMAN_CURATED,PHASE_16,ACTIVE,LEGACY_RECORD
q-subj-accountancy-p17c-095266,cbse-board,cbse-board,NULL,science,subj-accountancy,en,none,ver-cbse-board-2026,HUMAN_CURATED,short_answer,0,HUMAN_CURATED,PHASE_16,ACTIVE,LEGACY_RECORD
q-subj-accountancy-p17c-095267,cbse-board,cbse-board,NULL,science,subj-accountancy,en,none,ver-cbse-board-2026,HUMAN_CURATED,single_mcq,0,HUMAN_CURATED,PHASE_16,ACTIVE,LEGACY_RECORD
q-subj-accountancy-p17c-095268,cbse-board,cbse-board,NULL,science,subj-accountancy,en,none,ver-cbse-board-2026,HUMAN_CURATED,numerical,0,HUMAN_CURATED,PHASE_16,ACTIVE,LEGACY_RECORD
q-subj-accountancy-p17c-095269,cbse-board,cbse-board,NULL,science,subj-accountancy,en,none,ver-cbse-board-2026,HUMAN_CURATED,short_answer,0,HUMAN_CURATED,PHASE_16,ACTIVE,LEGACY_RECORD
q-subj-accountancy-p17c-095270,cbse-board,cbse-board,NULL,science,subj-accountancy,en,none,ver-cbse-board-2026,HUMAN_CURATED,single_mcq,0,HUMAN_CURATED,PHASE_16,ACTIVE,LEGACY_RECORD
q-subj-accountancy-p17c-095271,cbse-board,cbse-board,NULL,science,subj-accountancy,en,none,ver-cbse-board-2026,HUMAN_CURATED,numerical,0,HUMAN_CURATED,PHASE_16,ACTIVE,LEGACY_RECORD
q-subj-accountancy-p17c-095272,cbse-board,cbse-board,NULL,science,subj-accountancy,en,none,ver-cbse-board-2026,HUMAN_CURATED,short_answer,0,HUMAN_CURATED,PHASE_16,ACTIVE,LEGACY_RECORD
q-subj-accountancy-p17c-095273,cbse-board,cbse-board,NULL,science,subj-accountancy,en,none,ver-cbse-board-2026,HUMAN_CURATED,single_mcq,0,HUMAN_CURATED,PHASE_16,ACTIVE,LEGACY_RECORD
q-subj-accountancy-p17c-095274,cbse-board,cbse-board,NULL,science,subj-accountancy,en,none,ver-cbse-board-2026,HUMAN_CURATED,numerical,0,HUMAN_CURATED,PHASE_16,ACTIVE,LEGACY_RECORD
q-subj-accountancy-p17c-095275,cbse-board,cbse-board,NULL,science,subj-accountancy,en,none,ver-cbse-board-2026,HUMAN_CURATED,short_answer,0,HUMAN_CURATED,PHASE_16,ACTIVE,LEGACY_RECORD
q-subj-accountancy-p17c-095276,cbse-board,cbse-board,NULL,science,subj-accountancy,en,none,ver-cbse-board-2026,HUMAN_CURATED,single_mcq,0,HUMAN_CURATED,PHASE_16,ACTIVE,LEGACY_RECORD
q-subj-accountancy-p17c-095277,cbse-board,cbse-board,NULL,science,subj-accountancy,en,none,ver-cbse-board-2026,HUMAN_CURATED,numerical,0,HUMAN_CURATED,PHASE_16,ACTIVE,LEGACY_RECORD
q-subj-accountancy-p17c-095278,cbse-board,cbse-board,NULL,science,subj-accountancy,en,none,ver-cbse-board-2026,HUMAN_CURATED,short_answer,0,HUMAN_CURATED,PHASE_16,ACTIVE,LEGACY_RECORD
q-subj-accountancy-p17c-095279,cbse-board,cbse-board,NULL,science,subj-accountancy,en,none,ver-cbse-board-2026,HUMAN_CURATED,single_mcq,0,HUMAN_CURATED,PHASE_16,ACTIVE,LEGACY_RECORD
q-subj-accountancy-p17c-095280,cbse-board,cbse-board,NULL,science,subj-accountancy,en,none,ver-cbse-board-2026,HUMAN_CURATED,numerical,0,HUMAN_CURATED,PHASE_16,ACTIVE,LEGACY_RECORD
q-subj-accountancy-p17c-095281,cbse-board,cbse-board,NULL,science,subj-accountancy,en,none,ver-cbse-board-2026,HUMAN_CURATED,short_answer,0,HUMAN_CURATED,PHASE_16,ACTIVE,LEGACY_RECORD
q-subj-accountancy-p17c-095282,cbse-board,cbse-board,NULL,science,subj-accountancy,en,none,ver-cbse-board-2026,HUMAN_CURATED,single_mcq,0,HUMAN_CURATED,PHASE_16,ACTIVE,LEGACY_RECORD
q-subj-accountancy-p17c-095283,cbse-board,cbse-board,NULL,science,subj-accountancy,en,none,ver-cbse-board-2026,HUMAN_CURATED,numerical,0,HUMAN_CURATED,PHASE_16,ACTIVE,LEGACY_RECORD
q-subj-accountancy-p17c-095284,cbse-board,cbse-board,NULL,science,subj-accountancy,en,none,ver-cbse-board-2026,HUMAN_CURATED,short_answer,0,HUMAN_CURATED,PHASE_16,ACTIVE,LEGACY_RECORD
q-subj-accountancy-p17c-095285,cbse-board,cbse-board,NULL,science,subj-accountancy,en,none,ver-cbse-board-2026,HUMAN_CURATED,single_mcq,0,HUMAN_CURATED,PHASE_16,ACTIVE,LEGACY_RECORD
q-subj-accountancy-p17c-095286,cbse-board,cbse-board,NULL,science,subj-accountancy,en,none,ver-cbse-board-2026,HUMAN_CURATED,numerical,0,HUMAN_CURATED,PHASE_16,ACTIVE,LEGACY_RECORD
q-subj-accountancy-p17c-095287,cbse-board,cbse-board,NULL,science,subj-accountancy,en,none,ver-cbse-board-2026,HUMAN_CURATED,short_answer,0,HUMAN_CURATED,PHASE_16,ACTIVE,LEGACY_RECORD
q-subj-accountancy-p17c-095288,cbse-board,cbse-board,NULL,science,subj-accountancy,en,none,ver-cbse-board-2026,HUMAN_CURATED,single_mcq,0,HUMAN_CURATED,PHASE_16,ACTIVE,LEGACY_RECORD
q-subj-accountancy-p17c-095289,cbse-board,cbse-board,NULL,science,subj-accountancy,en,none,ver-cbse-board-2026,HUMAN_CURATED,numerical,0,HUMAN_CURATED,PHASE_16,ACTIVE,LEGACY_RECORD
q-subj-accountancy-p17c-095290,cbse-board,cbse-board,NULL,science,subj-accountancy,en,none,ver-cbse-board-2026,HUMAN_CURATED,short_answer,0,HUMAN_CURATED,PHASE_16,ACTIVE,LEGACY_RECORD
q-subj-accountancy-p17c-095291,cbse-board,cbse-board,NULL,science,subj-accountancy,en,none,ver-cbse-board-2026,HUMAN_CURATED,single_mcq,0,HUMAN_CURATED,PHASE_16,ACTIVE,LEGACY_RECORD
q-subj-accountancy-p17c-095292,cbse-board,cbse-board,NULL,science,subj-accountancy,en,none,ver-cbse-board-2026,HUMAN_CURATED,numerical,0,HUMAN_CURATED,PHASE_16,ACTIVE,LEGACY_RECORD
q-subj-accountancy-p17c-095293,cbse-board,cbse-board,NULL,science,subj-accountancy,en,none,ver-cbse-board-2026,HUMAN_CURATED,short_answer,0,HUMAN_CURATED,PHASE_16,ACTIVE,LEGACY_RECORD
q-subj-accountancy-p17c-095294,cbse-board,cbse-board,NULL,science,subj-accountancy,en,none,ver-cbse-board-2026,HUMAN_CURATED,single_mcq,0,HUMAN_CURATED,PHASE_16,ACTIVE,LEGACY_RECORD
q-subj-accountancy-p17c-095295,cbse-board,cbse-board,NULL,science,subj-accountancy,en,none,ver-cbse-board-2026,HUMAN_CURATED,numerical,0,HUMAN_CURATED,PHASE_16,ACTIVE,LEGACY_RECORD
q-subj-accountancy-p17c-095296,cbse-board,cbse-board,NULL,science,subj-accountancy,en,none,ver-cbse-board-2026,HUMAN_CURATED,short_answer,0,HUMAN_CURATED,PHASE_16,ACTIVE,LEGACY_RECORD
q-subj-accountancy-p17c-095297,cbse-board,cbse-board,NULL,science,subj-accountancy,en,none,ver-cbse-board-2026,HUMAN_CURATED,single_mcq,0,HUMAN_CURATED,PHASE_16,ACTIVE,LEGACY_RECORD
q-subj-accountancy-p17c-095298,cbse-board,cbse-board,NULL,science,subj-accountancy,en,none,ver-cbse-board-2026,HUMAN_CURATED,numerical,0,HUMAN_CURATED,PHASE_16,ACTIVE,LEGACY_RECORD
q-subj-accountancy-p17c-095299,cbse-board,cbse-board,NULL,science,subj-accountancy,en,none,ver-cbse-board-2026,HUMAN_CURATED,short_answer,0,HUMAN_CURATED,PHASE_16,ACTIVE,LEGACY_RECORD
q-subj-accountancy-p17c-095300,cbse-board,cbse-board,NULL,science,subj-accountancy,en,none,ver-cbse-board-2026,HUMAN_CURATED,single_mcq,0,HUMAN_CURATED,PHASE_16,ACTIVE,LEGACY_RECORD
q-subj-business-p17c-095301,cbse-board,cbse-board,NULL,science,subj-business,en,none,ver-cbse-board-2026,HUMAN_CURATED,short_answer,0,HUMAN_CURATED,PHASE_16,ACTIVE,LEGACY_RECORD
q-subj-business-p17c-095302,cbse-board,cbse-board,NULL,science,subj-business,en,none,ver-cbse-board-2026,HUMAN_CURATED,case_study,0,HUMAN_CURATED,PHASE_16,ACTIVE,LEGACY_RECORD
q-subj-business-p17c-095303,cbse-board,cbse-board,NULL,science,subj-business,en,none,ver-cbse-board-2026,HUMAN_CURATED,single_mcq,0,HUMAN_CURATED,PHASE_16,ACTIVE,LEGACY_RECORD
q-subj-business-p17c-095304,cbse-board,cbse-board,NULL,science,subj-business,en,none,ver-cbse-board-2026,HUMAN_CURATED,short_answer,0,HUMAN_CURATED,PHASE_16,ACTIVE,LEGACY_RECORD
q-subj-business-p17c-095305,cbse-board,cbse-board,NULL,science,subj-business,en,none,ver-cbse-board-2026,HUMAN_CURATED,case_study,0,HUMAN_CURATED,PHASE_16,ACTIVE,LEGACY_RECORD
q-subj-business-p17c-095306,cbse-board,cbse-board,NULL,science,subj-business,en,none,ver-cbse-board-2026,HUMAN_CURATED,single_mcq,0,HUMAN_CURATED,PHASE_16,ACTIVE,LEGACY_RECORD
q-subj-business-p17c-095307,cbse-board,cbse-board,NULL,science,subj-business,en,none,ver-cbse-board-2026,HUMAN_CURATED,short_answer,0,HUMAN_CURATED,PHASE_16,ACTIVE,LEGACY_RECORD
q-subj-business-p17c-095308,cbse-board,cbse-board,NULL,science,subj-business,en,none,ver-cbse-board-2026,HUMAN_CURATED,case_study,0,HUMAN_CURATED,PHASE_16,ACTIVE,LEGACY_RECORD
q-subj-business-p17c-095309,cbse-board,cbse-board,NULL,science,subj-business,en,none,ver-cbse-board-2026,HUMAN_CURATED,single_mcq,0,HUMAN_CURATED,PHASE_16,ACTIVE,LEGACY_RECORD
q-subj-business-p17c-095310,cbse-board,cbse-board,NULL,science,subj-business,en,none,ver-cbse-board-2026,HUMAN_CURATED,short_answer,0,HUMAN_CURATED,PHASE_16,ACTIVE,LEGACY_RECORD
q-subj-business-p17c-095311,cbse-board,cbse-board,NULL,science,subj-business,en,none,ver-cbse-board-2026,HUMAN_CURATED,case_study,0,HUMAN_CURATED,PHASE_16,ACTIVE,LEGACY_RECORD
q-subj-business-p17c-095312,cbse-board,cbse-board,NULL,science,subj-business,en,none,ver-cbse-board-2026,HUMAN_CURATED,single_mcq,0,HUMAN_CURATED,PHASE_16,ACTIVE,LEGACY_RECORD
q-subj-business-p17c-095313,cbse-board,cbse-board,NULL,science,subj-business,en,none,ver-cbse-board-2026,HUMAN_CURATED,short_answer,0,HUMAN_CURATED,PHASE_16,ACTIVE,LEGACY_RECORD
q-subj-business-p17c-095314,cbse-board,cbse-board,NULL,science,subj-business,en,none,ver-cbse-board-2026,HUMAN_CURATED,case_study,0,HUMAN_CURATED,PHASE_16,ACTIVE,LEGACY_RECORD
q-subj-business-p17c-095315,cbse-board,cbse-board,NULL,science,subj-business,en,none,ver-cbse-board-2026,HUMAN_CURATED,single_mcq,0,HUMAN_CURATED,PHASE_16,ACTIVE,LEGACY_RECORD
q-subj-business-p17c-095316,cbse-board,cbse-board,NULL,science,subj-business,en,none,ver-cbse-board-2026,HUMAN_CURATED,short_answer,0,HUMAN_CURATED,PHASE_16,ACTIVE,LEGACY_RECORD
q-subj-business-p17c-095317,cbse-board,cbse-board,NULL,science,subj-business,en,none,ver-cbse-board-2026,HUMAN_CURATED,case_study,0,HUMAN_CURATED,PHASE_16,ACTIVE,LEGACY_RECORD
q-subj-business-p17c-095318,cbse-board,cbse-board,NULL,science,subj-business,en,none,ver-cbse-board-2026,HUMAN_CURATED,single_mcq,0,HUMAN_CURATED,PHASE_16,ACTIVE,LEGACY_RECORD
q-subj-business-p17c-095319,cbse-board,cbse-board,NULL,science,subj-business,en,none,ver-cbse-board-2026,HUMAN_CURATED,short_answer,0,HUMAN_CURATED,PHASE_16,ACTIVE,LEGACY_RECORD
q-subj-business-p17c-095320,cbse-board,cbse-board,NULL,science,subj-business,en,none,ver-cbse-board-2026,HUMAN_CURATED,case_study,0,HUMAN_CURATED,PHASE_16,ACTIVE,LEGACY_RECORD
q-subj-business-p17c-095321,cbse-board,cbse-board,NULL,science,subj-business,en,none,ver-cbse-board-2026,HUMAN_CURATED,single_mcq,0,HUMAN_CURATED,PHASE_16,ACTIVE,LEGACY_RECORD
q-subj-business-p17c-095322,cbse-board,cbse-board,NULL,science,subj-business,en,none,ver-cbse-board-2026,HUMAN_CURATED,short_answer,0,HUMAN_CURATED,PHASE_16,ACTIVE,LEGACY_RECORD
q-subj-business-p17c-095323,cbse-board,cbse-board,NULL,science,subj-business,en,none,ver-cbse-board-2026,HUMAN_CURATED,case_study,0,HUMAN_CURATED,PHASE_16,ACTIVE,LEGACY_RECORD
q-subj-business-p17c-095324,cbse-board,cbse-board,NULL,science,subj-business,en,none,ver-cbse-board-2026,HUMAN_CURATED,single_mcq,0,HUMAN_CURATED,PHASE_16,ACTIVE,LEGACY_RECORD
q-subj-business-p17c-095325,cbse-board,cbse-board,NULL,science,subj-business,en,none,ver-cbse-board-2026,HUMAN_CURATED,short_answer,0,HUMAN_CURATED,PHASE_16,ACTIVE,LEGACY_RECORD
q-subj-business-p17c-095326,cbse-board,cbse-board,NULL,science,subj-business,en,none,ver-cbse-board-2026,HUMAN_CURATED,case_study,0,HUMAN_CURATED,PHASE_16,ACTIVE,LEGACY_RECORD
q-subj-business-p17c-095327,cbse-board,cbse-board,NULL,science,subj-business,en,none,ver-cbse-board-2026,HUMAN_CURATED,single_mcq,0,HUMAN_CURATED,PHASE_16,ACTIVE,LEGACY_RECORD
q-subj-business-p17c-095328,cbse-board,cbse-board,NULL,science,subj-business,en,none,ver-cbse-board-2026,HUMAN_CURATED,short_answer,0,HUMAN_CURATED,PHASE_16,ACTIVE,LEGACY_RECORD
q-subj-business-p17c-095329,cbse-board,cbse-board,NULL,science,subj-business,en,none,ver-cbse-board-2026,HUMAN_CURATED,case_study,0,HUMAN_CURATED,PHASE_16,ACTIVE,LEGACY_RECORD
q-subj-business-p17c-095330,cbse-board,cbse-board,NULL,science,subj-business,en,none,ver-cbse-board-2026,HUMAN_CURATED,single_mcq,0,HUMAN_CURATED,PHASE_16,ACTIVE,LEGACY_RECORD
q-subj-business-p17c-095331,cbse-board,cbse-board,NULL,science,subj-business,en,none,ver-cbse-board-2026,HUMAN_CURATED,short_answer,0,HUMAN_CURATED,PHASE_16,ACTIVE,LEGACY_RECORD
q-subj-business-p17c-095332,cbse-board,cbse-board,NULL,science,subj-business,en,none,ver-cbse-board-2026,HUMAN_CURATED,case_study,0,HUMAN_CURATED,PHASE_16,ACTIVE,LEGACY_RECORD
q-subj-business-p17c-095333,cbse-board,cbse-board,NULL,science,subj-business,en,none,ver-cbse-board-2026,HUMAN_CURATED,single_mcq,0,HUMAN_CURATED,PHASE_16,ACTIVE,LEGACY_RECORD
q-subj-business-p17c-095334,cbse-board,cbse-board,NULL,science,subj-business,en,none,ver-cbse-board-2026,HUMAN_CURATED,short_answer,0,HUMAN_CURATED,PHASE_16,ACTIVE,LEGACY_RECORD
q-subj-business-p17c-095335,cbse-board,cbse-board,NULL,science,subj-business,en,none,ver-cbse-board-2026,HUMAN_CURATED,case_study,0,HUMAN_CURATED,PHASE_16,ACTIVE,LEGACY_RECORD
q-subj-business-p17c-095336,cbse-board,cbse-board,NULL,science,subj-business,en,none,ver-cbse-board-2026,HUMAN_CURATED,single_mcq,0,HUMAN_CURATED,PHASE_16,ACTIVE,LEGACY_RECORD
q-subj-business-p17c-095337,cbse-board,cbse-board,NULL,science,subj-business,en,none,ver-cbse-board-2026,HUMAN_CURATED,short_answer,0,HUMAN_CURATED,PHASE_16,ACTIVE,LEGACY_RECORD
q-subj-business-p17c-095338,cbse-board,cbse-board,NULL,science,subj-business,en,none,ver-cbse-board-2026,HUMAN_CURATED,case_study,0,HUMAN_CURATED,PHASE_16,ACTIVE,LEGACY_RECORD
q-subj-business-p17c-095339,cbse-board,cbse-board,NULL,science,subj-business,en,none,ver-cbse-board-2026,HUMAN_CURATED,single_mcq,0,HUMAN_CURATED,PHASE_16,ACTIVE,LEGACY_RECORD
q-subj-business-p17c-095340,cbse-board,cbse-board,NULL,science,subj-business,en,none,ver-cbse-board-2026,HUMAN_CURATED,short_answer,0,HUMAN_CURATED,PHASE_16,ACTIVE,LEGACY_RECORD
q-subj-business-p17c-095341,cbse-board,cbse-board,NULL,science,subj-business,en,none,ver-cbse-board-2026,HUMAN_CURATED,case_study,0,HUMAN_CURATED,PHASE_16,ACTIVE,LEGACY_RECORD
q-subj-business-p17c-095342,cbse-board,cbse-board,NULL,science,subj-business,en,none,ver-cbse-board-2026,HUMAN_CURATED,single_mcq,0,HUMAN_CURATED,PHASE_16,ACTIVE,LEGACY_RECORD
q-subj-business-p17c-095343,cbse-board,cbse-board,NULL,science,subj-business,en,none,ver-cbse-board-2026,HUMAN_CURATED,short_answer,0,HUMAN_CURATED,PHASE_16,ACTIVE,LEGACY_RECORD
q-subj-business-p17c-095344,cbse-board,cbse-board,NULL,science,subj-business,en,none,ver-cbse-board-2026,HUMAN_CURATED,case_study,0,HUMAN_CURATED,PHASE_16,ACTIVE,LEGACY_RECORD
q-subj-business-p17c-095345,cbse-board,cbse-board,NULL,science,subj-business,en,none,ver-cbse-board-2026,HUMAN_CURATED,single_mcq,0,HUMAN_CURATED,PHASE_16,ACTIVE,LEGACY_RECORD
q-subj-business-p17c-095346,cbse-board,cbse-board,NULL,science,subj-business,en,none,ver-cbse-board-2026,HUMAN_CURATED,short_answer,0,HUMAN_CURATED,PHASE_16,ACTIVE,LEGACY_RECORD
q-subj-business-p17c-095347,cbse-board,cbse-board,NULL,science,subj-business,en,none,ver-cbse-board-2026,HUMAN_CURATED,case_study,0,HUMAN_CURATED,PHASE_16,ACTIVE,LEGACY_RECORD
q-subj-business-p17c-095348,cbse-board,cbse-board,NULL,science,subj-business,en,none,ver-cbse-board-2026,HUMAN_CURATED,single_mcq,0,HUMAN_CURATED,PHASE_16,ACTIVE,LEGACY_RECORD
q-subj-business-p17c-095349,cbse-board,cbse-board,NULL,science,subj-business,en,none,ver-cbse-board-2026,HUMAN_CURATED,short_answer,0,HUMAN_CURATED,PHASE_16,ACTIVE,LEGACY_RECORD
q-subj-business-p17c-095350,cbse-board,cbse-board,NULL,science,subj-business,en,none,ver-cbse-board-2026,HUMAN_CURATED,case_study,0,HUMAN_CURATED,PHASE_16,ACTIVE,LEGACY_RECORD
q-subj-business-p17c-095351,cbse-board,cbse-board,NULL,science,subj-business,en,none,ver-cbse-board-2026,HUMAN_CURATED,single_mcq,0,HUMAN_CURATED,PHASE_16,ACTIVE,LEGACY_RECORD
q-subj-business-p17c-095352,cbse-board,cbse-board,NULL,science,subj-business,en,none,ver-cbse-board-2026,HUMAN_CURATED,short_answer,0,HUMAN_CURATED,PHASE_16,ACTIVE,LEGACY_RECORD
q-subj-business-p17c-095353,cbse-board,cbse-board,NULL,science,subj-business,en,none,ver-cbse-board-2026,HUMAN_CURATED,case_study,0,HUMAN_CURATED,PHASE_16,ACTIVE,LEGACY_RECORD
q-subj-business-p17c-095354,cbse-board,cbse-board,NULL,science,subj-business,en,none,ver-cbse-board-2026,HUMAN_CURATED,single_mcq,0,HUMAN_CURATED,PHASE_16,ACTIVE,LEGACY_RECORD
q-subj-business-p17c-095355,cbse-board,cbse-board,NULL,science,subj-business,en,none,ver-cbse-board-2026,HUMAN_CURATED,short_answer,0,HUMAN_CURATED,PHASE_16,ACTIVE,LEGACY_RECORD
q-subj-business-p17c-095356,cbse-board,cbse-board,NULL,science,subj-business,en,none,ver-cbse-board-2026,HUMAN_CURATED,case_study,0,HUMAN_CURATED,PHASE_16,ACTIVE,LEGACY_RECORD
q-subj-business-p17c-095357,cbse-board,cbse-board,NULL,science,subj-business,en,none,ver-cbse-board-2026,HUMAN_CURATED,single_mcq,0,HUMAN_CURATED,PHASE_16,ACTIVE,LEGACY_RECORD
q-subj-business-p17c-095358,cbse-board,cbse-board,NULL,science,subj-business,en,none,ver-cbse-board-2026,HUMAN_CURATED,short_answer,0,HUMAN_CURATED,PHASE_16,ACTIVE,LEGACY_RECORD
q-subj-business-p17c-095359,cbse-board,cbse-board,NULL,science,subj-business,en,none,ver-cbse-board-2026,HUMAN_CURATED,case_study,0,HUMAN_CURATED,PHASE_16,ACTIVE,LEGACY_RECORD
q-subj-business-p17c-095360,cbse-board,cbse-board,NULL,science,subj-business,en,none,ver-cbse-board-2026,HUMAN_CURATED,single_mcq,0,HUMAN_CURATED,PHASE_16,ACTIVE,LEGACY_RECORD
q-subj-business-p17c-095361,cbse-board,cbse-board,NULL,science,subj-business,en,none,ver-cbse-board-2026,HUMAN_CURATED,short_answer,0,HUMAN_CURATED,PHASE_16,ACTIVE,LEGACY_RECORD
q-subj-business-p17c-095362,cbse-board,cbse-board,NULL,science,subj-business,en,none,ver-cbse-board-2026,HUMAN_CURATED,case_study,0,HUMAN_CURATED,PHASE_16,ACTIVE,LEGACY_RECORD
q-subj-business-p17c-095363,cbse-board,cbse-board,NULL,science,subj-business,en,none,ver-cbse-board-2026,HUMAN_CURATED,single_mcq,0,HUMAN_CURATED,PHASE_16,ACTIVE,LEGACY_RECORD
q-subj-business-p17c-095364,cbse-board,cbse-board,NULL,science,subj-business,en,none,ver-cbse-board-2026,HUMAN_CURATED,short_answer,0,HUMAN_CURATED,PHASE_16,ACTIVE,LEGACY_RECORD
q-subj-business-p17c-095365,cbse-board,cbse-board,NULL,science,subj-business,en,none,ver-cbse-board-2026,HUMAN_CURATED,case_study,0,HUMAN_CURATED,PHASE_16,ACTIVE,LEGACY_RECORD
q-subj-business-p17c-095366,cbse-board,cbse-board,NULL,science,subj-business,en,none,ver-cbse-board-2026,HUMAN_CURATED,single_mcq,0,HUMAN_CURATED,PHASE_16,ACTIVE,LEGACY_RECORD
q-subj-business-p17c-095367,cbse-board,cbse-board,NULL,science,subj-business,en,none,ver-cbse-board-2026,HUMAN_CURATED,short_answer,0,HUMAN_CURATED,PHASE_16,ACTIVE,LEGACY_RECORD
q-subj-business-p17c-095368,cbse-board,cbse-board,NULL,science,subj-business,en,none,ver-cbse-board-2026,HUMAN_CURATED,case_study,0,HUMAN_CURATED,PHASE_16,ACTIVE,LEGACY_RECORD
q-subj-business-p17c-095369,cbse-board,cbse-board,NULL,science,subj-business,en,none,ver-cbse-board-2026,HUMAN_CURATED,single_mcq,0,HUMAN_CURATED,PHASE_16,ACTIVE,LEGACY_RECORD
q-subj-business-p17c-095370,cbse-board,cbse-board,NULL,science,subj-business,en,none,ver-cbse-board-2026,HUMAN_CURATED,short_answer,0,HUMAN_CURATED,PHASE_16,ACTIVE,LEGACY_RECORD
q-subj-business-p17c-095371,cbse-board,cbse-board,NULL,science,subj-business,en,none,ver-cbse-board-2026,HUMAN_CURATED,case_study,0,HUMAN_CURATED,PHASE_16,ACTIVE,LEGACY_RECORD
q-subj-business-p17c-095372,cbse-board,cbse-board,NULL,science,subj-business,en,none,ver-cbse-board-2026,HUMAN_CURATED,single_mcq,0,HUMAN_CURATED,PHASE_16,ACTIVE,LEGACY_RECORD
q-subj-business-p17c-095373,cbse-board,cbse-board,NULL,science,subj-business,en,none,ver-cbse-board-2026,HUMAN_CURATED,short_answer,0,HUMAN_CURATED,PHASE_16,ACTIVE,LEGACY_RECORD
q-subj-business-p17c-095374,cbse-board,cbse-board,NULL,science,subj-business,en,none,ver-cbse-board-2026,HUMAN_CURATED,case_study,0,HUMAN_CURATED,PHASE_16,ACTIVE,LEGACY_RECORD
q-subj-business-p17c-095375,cbse-board,cbse-board,NULL,science,subj-business,en,none,ver-cbse-board-2026,HUMAN_CURATED,single_mcq,0,HUMAN_CURATED,PHASE_16,ACTIVE,LEGACY_RECORD
q-subj-business-p17c-095376,cbse-board,cbse-board,NULL,science,subj-business,en,none,ver-cbse-board-2026,HUMAN_CURATED,short_answer,0,HUMAN_CURATED,PHASE_16,ACTIVE,LEGACY_RECORD
q-subj-business-p17c-095377,cbse-board,cbse-board,NULL,science,subj-business,en,none,ver-cbse-board-2026,HUMAN_CURATED,case_study,0,HUMAN_CURATED,PHASE_16,ACTIVE,LEGACY_RECORD
q-subj-business-p17c-095378,cbse-board,cbse-board,NULL,science,subj-business,en,none,ver-cbse-board-2026,HUMAN_CURATED,single_mcq,0,HUMAN_CURATED,PHASE_16,ACTIVE,LEGACY_RECORD
q-subj-business-p17c-095379,cbse-board,cbse-board,NULL,science,subj-business,en,none,ver-cbse-board-2026,HUMAN_CURATED,short_answer,0,HUMAN_CURATED,PHASE_16,ACTIVE,LEGACY_RECORD
q-subj-business-p17c-095380,cbse-board,cbse-board,NULL,science,subj-business,en,none,ver-cbse-board-2026,HUMAN_CURATED,case_study,0,HUMAN_CURATED,PHASE_16,ACTIVE,LEGACY_RECORD
q-subj-business-p17c-095381,cbse-board,cbse-board,NULL,science,subj-business,en,none,ver-cbse-board-2026,HUMAN_CURATED,single_mcq,0,HUMAN_CURATED,PHASE_16,ACTIVE,LEGACY_RECORD
q-subj-business-p17c-095382,cbse-board,cbse-board,NULL,science,subj-business,en,none,ver-cbse-board-2026,HUMAN_CURATED,short_answer,0,HUMAN_CURATED,PHASE_16,ACTIVE,LEGACY_RECORD
q-subj-business-p17c-095383,cbse-board,cbse-board,NULL,science,subj-business,en,none,ver-cbse-board-2026,HUMAN_CURATED,case_study,0,HUMAN_CURATED,PHASE_16,ACTIVE,LEGACY_RECORD
q-subj-business-p17c-095384,cbse-board,cbse-board,NULL,science,subj-business,en,none,ver-cbse-board-2026,HUMAN_CURATED,single_mcq,0,HUMAN_CURATED,PHASE_16,ACTIVE,LEGACY_RECORD
q-subj-business-p17c-095385,cbse-board,cbse-board,NULL,science,subj-business,en,none,ver-cbse-board-2026,HUMAN_CURATED,short_answer,0,HUMAN_CURATED,PHASE_16,ACTIVE,LEGACY_RECORD
q-subj-business-p17c-095386,cbse-board,cbse-board,NULL,science,subj-business,en,none,ver-cbse-board-2026,HUMAN_CURATED,case_study,0,HUMAN_CURATED,PHASE_16,ACTIVE,LEGACY_RECORD
q-subj-business-p17c-095387,cbse-board,cbse-board,NULL,science,subj-business,en,none,ver-cbse-board-2026,HUMAN_CURATED,single_mcq,0,HUMAN_CURATED,PHASE_16,ACTIVE,LEGACY_RECORD
q-subj-business-p17c-095388,cbse-board,cbse-board,NULL,science,subj-business,en,none,ver-cbse-board-2026,HUMAN_CURATED,short_answer,0,HUMAN_CURATED,PHASE_16,ACTIVE,LEGACY_RECORD
q-subj-business-p17c-095389,cbse-board,cbse-board,NULL,science,subj-business,en,none,ver-cbse-board-2026,HUMAN_CURATED,case_study,0,HUMAN_CURATED,PHASE_16,ACTIVE,LEGACY_RECORD
q-subj-business-p17c-095390,cbse-board,cbse-board,NULL,science,subj-business,en,none,ver-cbse-board-2026,HUMAN_CURATED,single_mcq,0,HUMAN_CURATED,PHASE_16,ACTIVE,LEGACY_RECORD
q-subj-business-p17c-095391,cbse-board,cbse-board,NULL,science,subj-business,en,none,ver-cbse-board-2026,HUMAN_CURATED,short_answer,0,HUMAN_CURATED,PHASE_16,ACTIVE,LEGACY_RECORD
q-subj-business-p17c-095392,cbse-board,cbse-board,NULL,science,subj-business,en,none,ver-cbse-board-2026,HUMAN_CURATED,case_study,0,HUMAN_CURATED,PHASE_16,ACTIVE,LEGACY_RECORD
q-subj-business-p17c-095393,cbse-board,cbse-board,NULL,science,subj-business,en,none,ver-cbse-board-2026,HUMAN_CURATED,single_mcq,0,HUMAN_CURATED,PHASE_16,ACTIVE,LEGACY_RECORD
q-subj-business-p17c-095394,cbse-board,cbse-board,NULL,science,subj-business,en,none,ver-cbse-board-2026,HUMAN_CURATED,short_answer,0,HUMAN_CURATED,PHASE_16,ACTIVE,LEGACY_RECORD
q-subj-business-p17c-095395,cbse-board,cbse-board,NULL,science,subj-business,en,none,ver-cbse-board-2026,HUMAN_CURATED,case_study,0,HUMAN_CURATED,PHASE_16,ACTIVE,LEGACY_RECORD
q-subj-business-p17c-095396,cbse-board,cbse-board,NULL,science,subj-business,en,none,ver-cbse-board-2026,HUMAN_CURATED,single_mcq,0,HUMAN_CURATED,PHASE_16,ACTIVE,LEGACY_RECORD
q-subj-business-p17c-095397,cbse-board,cbse-board,NULL,science,subj-business,en,none,ver-cbse-board-2026,HUMAN_CURATED,short_answer,0,HUMAN_CURATED,PHASE_16,ACTIVE,LEGACY_RECORD
q-subj-business-p17c-095398,cbse-board,cbse-board,NULL,science,subj-business,en,none,ver-cbse-board-2026,HUMAN_CURATED,case_study,0,HUMAN_CURATED,PHASE_16,ACTIVE,LEGACY_RECORD
q-subj-business-p17c-095399,cbse-board,cbse-board,NULL,science,subj-business,en,none,ver-cbse-board-2026,HUMAN_CURATED,single_mcq,0,HUMAN_CURATED,PHASE_16,ACTIVE,LEGACY_RECORD
q-subj-business-p17c-095400,cbse-board,cbse-board,NULL,science,subj-business,en,none,ver-cbse-board-2026,HUMAN_CURATED,short_answer,0,HUMAN_CURATED,PHASE_16,ACTIVE,LEGACY_RECORD
q-subj-business-p17c-095401,cbse-board,cbse-board,NULL,science,subj-business,en,none,ver-cbse-board-2026,HUMAN_CURATED,case_study,0,HUMAN_CURATED,PHASE_16,ACTIVE,LEGACY_RECORD
q-subj-business-p17c-095402,cbse-board,cbse-board,NULL,science,subj-business,en,none,ver-cbse-board-2026,HUMAN_CURATED,single_mcq,0,HUMAN_CURATED,PHASE_16,ACTIVE,LEGACY_RECORD
q-subj-business-p17c-095403,cbse-board,cbse-board,NULL,science,subj-business,en,none,ver-cbse-board-2026,HUMAN_CURATED,short_answer,0,HUMAN_CURATED,PHASE_16,ACTIVE,LEGACY_RECORD
q-subj-business-p17c-095404,cbse-board,cbse-board,NULL,science,subj-business,en,none,ver-cbse-board-2026,HUMAN_CURATED,case_study,0,HUMAN_CURATED,PHASE_16,ACTIVE,LEGACY_RECORD
q-subj-business-p17c-095405,cbse-board,cbse-board,NULL,science,subj-business,en,none,ver-cbse-board-2026,HUMAN_CURATED,single_mcq,0,HUMAN_CURATED,PHASE_16,ACTIVE,LEGACY_RECORD
q-subj-business-p17c-095406,cbse-board,cbse-board,NULL,science,subj-business,en,none,ver-cbse-board-2026,HUMAN_CURATED,short_answer,0,HUMAN_CURATED,PHASE_16,ACTIVE,LEGACY_RECORD
q-subj-business-p17c-095407,cbse-board,cbse-board,NULL,science,subj-business,en,none,ver-cbse-board-2026,HUMAN_CURATED,case_study,0,HUMAN_CURATED,PHASE_16,ACTIVE,LEGACY_RECORD
q-subj-business-p17c-095408,cbse-board,cbse-board,NULL,science,subj-business,en,none,ver-cbse-board-2026,HUMAN_CURATED,single_mcq,0,HUMAN_CURATED,PHASE_16,ACTIVE,LEGACY_RECORD
q-subj-business-p17c-095409,cbse-board,cbse-board,NULL,science,subj-business,en,none,ver-cbse-board-2026,HUMAN_CURATED,short_answer,0,HUMAN_CURATED,PHASE_16,ACTIVE,LEGACY_RECORD
q-subj-business-p17c-095410,cbse-board,cbse-board,NULL,science,subj-business,en,none,ver-cbse-board-2026,HUMAN_CURATED,case_study,0,HUMAN_CURATED,PHASE_16,ACTIVE,LEGACY_RECORD
q-subj-business-p17c-095411,cbse-board,cbse-board,NULL,science,subj-business,en,none,ver-cbse-board-2026,HUMAN_CURATED,single_mcq,0,HUMAN_CURATED,PHASE_16,ACTIVE,LEGACY_RECORD
q-subj-business-p17c-095412,cbse-board,cbse-board,NULL,science,subj-business,en,none,ver-cbse-board-2026,HUMAN_CURATED,short_answer,0,HUMAN_CURATED,PHASE_16,ACTIVE,LEGACY_RECORD
q-subj-business-p17c-095413,cbse-board,cbse-board,NULL,science,subj-business,en,none,ver-cbse-board-2026,HUMAN_CURATED,case_study,0,HUMAN_CURATED,PHASE_16,ACTIVE,LEGACY_RECORD
q-subj-business-p17c-095414,cbse-board,cbse-board,NULL,science,subj-business,en,none,ver-cbse-board-2026,HUMAN_CURATED,single_mcq,0,HUMAN_CURATED,PHASE_16,ACTIVE,LEGACY_RECORD
q-subj-business-p17c-095415,cbse-board,cbse-board,NULL,science,subj-business,en,none,ver-cbse-board-2026,HUMAN_CURATED,short_answer,0,HUMAN_CURATED,PHASE_16,ACTIVE,LEGACY_RECORD
q-subj-business-p17c-095416,cbse-board,cbse-board,NULL,science,subj-business,en,none,ver-cbse-board-2026,HUMAN_CURATED,case_study,0,HUMAN_CURATED,PHASE_16,ACTIVE,LEGACY_RECORD
q-subj-business-p17c-095417,cbse-board,cbse-board,NULL,science,subj-business,en,none,ver-cbse-board-2026,HUMAN_CURATED,single_mcq,0,HUMAN_CURATED,PHASE_16,ACTIVE,LEGACY_RECORD
q-subj-business-p17c-095418,cbse-board,cbse-board,NULL,science,subj-business,en,none,ver-cbse-board-2026,HUMAN_CURATED,short_answer,0,HUMAN_CURATED,PHASE_16,ACTIVE,LEGACY_RECORD
q-subj-business-p17c-095419,cbse-board,cbse-board,NULL,science,subj-business,en,none,ver-cbse-board-2026,HUMAN_CURATED,case_study,0,HUMAN_CURATED,PHASE_16,ACTIVE,LEGACY_RECORD
q-subj-business-p17c-095420,cbse-board,cbse-board,NULL,science,subj-business,en,none,ver-cbse-board-2026,HUMAN_CURATED,single_mcq,0,HUMAN_CURATED,PHASE_16,ACTIVE,LEGACY_RECORD
q-subj-business-p17c-095421,cbse-board,cbse-board,NULL,science,subj-business,en,none,ver-cbse-board-2026,HUMAN_CURATED,short_answer,0,HUMAN_CURATED,PHASE_16,ACTIVE,LEGACY_RECORD
q-subj-business-p17c-095422,cbse-board,cbse-board,NULL,science,subj-business,en,none,ver-cbse-board-2026,HUMAN_CURATED,case_study,0,HUMAN_CURATED,PHASE_16,ACTIVE,LEGACY_RECORD
q-subj-business-p17c-095423,cbse-board,cbse-board,NULL,science,subj-business,en,none,ver-cbse-board-2026,HUMAN_CURATED,single_mcq,0,HUMAN_CURATED,PHASE_16,ACTIVE,LEGACY_RECORD
q-subj-business-p17c-095424,cbse-board,cbse-board,NULL,science,subj-business,en,none,ver-cbse-board-2026,HUMAN_CURATED,short_answer,0,HUMAN_CURATED,PHASE_16,ACTIVE,LEGACY_RECORD
q-subj-business-p17c-095425,cbse-board,cbse-board,NULL,science,subj-business,en,none,ver-cbse-board-2026,HUMAN_CURATED,case_study,0,HUMAN_CURATED,PHASE_16,ACTIVE,LEGACY_RECORD
q-subj-business-p17c-095426,cbse-board,cbse-board,NULL,science,subj-business,en,none,ver-cbse-board-2026,HUMAN_CURATED,single_mcq,0,HUMAN_CURATED,PHASE_16,ACTIVE,LEGACY_RECORD
q-subj-business-p17c-095427,cbse-board,cbse-board,NULL,science,subj-business,en,none,ver-cbse-board-2026,HUMAN_CURATED,short_answer,0,HUMAN_CURATED,PHASE_16,ACTIVE,LEGACY_RECORD
q-subj-business-p17c-095428,cbse-board,cbse-board,NULL,science,subj-business,en,none,ver-cbse-board-2026,HUMAN_CURATED,case_study,0,HUMAN_CURATED,PHASE_16,ACTIVE,LEGACY_RECORD
q-subj-business-p17c-095429,cbse-board,cbse-board,NULL,science,subj-business,en,none,ver-cbse-board-2026,HUMAN_CURATED,single_mcq,0,HUMAN_CURATED,PHASE_16,ACTIVE,LEGACY_RECORD
q-subj-business-p17c-095430,cbse-board,cbse-board,NULL,science,subj-business,en,none,ver-cbse-board-2026,HUMAN_CURATED,short_answer,0,HUMAN_CURATED,PHASE_16,ACTIVE,LEGACY_RECORD
q-subj-business-p17c-095431,cbse-board,cbse-board,NULL,science,subj-business,en,none,ver-cbse-board-2026,HUMAN_CURATED,case_study,0,HUMAN_CURATED,PHASE_16,ACTIVE,LEGACY_RECORD
q-subj-business-p17c-095432,cbse-board,cbse-board,NULL,science,subj-business,en,none,ver-cbse-board-2026,HUMAN_CURATED,single_mcq,0,HUMAN_CURATED,PHASE_16,ACTIVE,LEGACY_RECORD
q-subj-business-p17c-095433,cbse-board,cbse-board,NULL,science,subj-business,en,none,ver-cbse-board-2026,HUMAN_CURATED,short_answer,0,HUMAN_CURATED,PHASE_16,ACTIVE,LEGACY_RECORD
q-subj-business-p17c-095434,cbse-board,cbse-board,NULL,science,subj-business,en,none,ver-cbse-board-2026,HUMAN_CURATED,case_study,0,HUMAN_CURATED,PHASE_16,ACTIVE,LEGACY_RECORD
q-subj-business-p17c-095435,cbse-board,cbse-board,NULL,science,subj-business,en,none,ver-cbse-board-2026,HUMAN_CURATED,single_mcq,0,HUMAN_CURATED,PHASE_16,ACTIVE,LEGACY_RECORD
q-subj-business-p17c-095436,cbse-board,cbse-board,NULL,science,subj-business,en,none,ver-cbse-board-2026,HUMAN_CURATED,short_answer,0,HUMAN_CURATED,PHASE_16,ACTIVE,LEGACY_RECORD
q-subj-business-p17c-095437,cbse-board,cbse-board,NULL,science,subj-business,en,none,ver-cbse-board-2026,HUMAN_CURATED,case_study,0,HUMAN_CURATED,PHASE_16,ACTIVE,LEGACY_RECORD
q-subj-business-p17c-095438,cbse-board,cbse-board,NULL,science,subj-business,en,none,ver-cbse-board-2026,HUMAN_CURATED,single_mcq,0,HUMAN_CURATED,PHASE_16,ACTIVE,LEGACY_RECORD
q-subj-business-p17c-095439,cbse-board,cbse-board,NULL,science,subj-business,en,none,ver-cbse-board-2026,HUMAN_CURATED,short_answer,0,HUMAN_CURATED,PHASE_16,ACTIVE,LEGACY_RECORD
q-subj-business-p17c-095440,cbse-board,cbse-board,NULL,science,subj-business,en,none,ver-cbse-board-2026,HUMAN_CURATED,case_study,0,HUMAN_CURATED,PHASE_16,ACTIVE,LEGACY_RECORD
q-subj-business-p17c-095441,cbse-board,cbse-board,NULL,science,subj-business,en,none,ver-cbse-board-2026,HUMAN_CURATED,single_mcq,0,HUMAN_CURATED,PHASE_16,ACTIVE,LEGACY_RECORD
q-subj-business-p17c-095442,cbse-board,cbse-board,NULL,science,subj-business,en,none,ver-cbse-board-2026,HUMAN_CURATED,short_answer,0,HUMAN_CURATED,PHASE_16,ACTIVE,LEGACY_RECORD
q-subj-business-p17c-095443,cbse-board,cbse-board,NULL,science,subj-business,en,none,ver-cbse-board-2026,HUMAN_CURATED,case_study,0,HUMAN_CURATED,PHASE_16,ACTIVE,LEGACY_RECORD
q-subj-business-p17c-095444,cbse-board,cbse-board,NULL,science,subj-business,en,none,ver-cbse-board-2026,HUMAN_CURATED,single_mcq,0,HUMAN_CURATED,PHASE_16,ACTIVE,LEGACY_RECORD
q-subj-business-p17c-095445,cbse-board,cbse-board,NULL,science,subj-business,en,none,ver-cbse-board-2026,HUMAN_CURATED,short_answer,0,HUMAN_CURATED,PHASE_16,ACTIVE,LEGACY_RECORD
q-subj-business-p17c-095446,cbse-board,cbse-board,NULL,science,subj-business,en,none,ver-cbse-board-2026,HUMAN_CURATED,case_study,0,HUMAN_CURATED,PHASE_16,ACTIVE,LEGACY_RECORD
q-subj-business-p17c-095447,cbse-board,cbse-board,NULL,science,subj-business,en,none,ver-cbse-board-2026,HUMAN_CURATED,single_mcq,0,HUMAN_CURATED,PHASE_16,ACTIVE,LEGACY_RECORD
q-subj-business-p17c-095448,cbse-board,cbse-board,NULL,science,subj-business,en,none,ver-cbse-board-2026,HUMAN_CURATED,short_answer,0,HUMAN_CURATED,PHASE_16,ACTIVE,LEGACY_RECORD
q-subj-business-p17c-095449,cbse-board,cbse-board,NULL,science,subj-business,en,none,ver-cbse-board-2026,HUMAN_CURATED,case_study,0,HUMAN_CURATED,PHASE_16,ACTIVE,LEGACY_RECORD
q-subj-business-p17c-095450,cbse-board,cbse-board,NULL,science,subj-business,en,none,ver-cbse-board-2026,HUMAN_CURATED,single_mcq,0,HUMAN_CURATED,PHASE_16,ACTIVE,LEGACY_RECORD
q-subj-business-p17c-095451,cbse-board,cbse-board,NULL,science,subj-business,en,none,ver-cbse-board-2026,HUMAN_CURATED,short_answer,0,HUMAN_CURATED,PHASE_16,ACTIVE,LEGACY_RECORD
q-subj-business-p17c-095452,cbse-board,cbse-board,NULL,science,subj-business,en,none,ver-cbse-board-2026,HUMAN_CURATED,case_study,0,HUMAN_CURATED,PHASE_16,ACTIVE,LEGACY_RECORD
q-subj-business-p17c-095453,cbse-board,cbse-board,NULL,science,subj-business,en,none,ver-cbse-board-2026,HUMAN_CURATED,single_mcq,0,HUMAN_CURATED,PHASE_16,ACTIVE,LEGACY_RECORD
q-subj-business-p17c-095454,cbse-board,cbse-board,NULL,science,subj-business,en,none,ver-cbse-board-2026,HUMAN_CURATED,short_answer,0,HUMAN_CURATED,PHASE_16,ACTIVE,LEGACY_RECORD
q-subj-business-p17c-095455,cbse-board,cbse-board,NULL,science,subj-business,en,none,ver-cbse-board-2026,HUMAN_CURATED,case_study,0,HUMAN_CURATED,PHASE_16,ACTIVE,LEGACY_RECORD
q-subj-business-p17c-095456,cbse-board,cbse-board,NULL,science,subj-business,en,none,ver-cbse-board-2026,HUMAN_CURATED,single_mcq,0,HUMAN_CURATED,PHASE_16,ACTIVE,LEGACY_RECORD
q-subj-business-p17c-095457,cbse-board,cbse-board,NULL,science,subj-business,en,none,ver-cbse-board-2026,HUMAN_CURATED,short_answer,0,HUMAN_CURATED,PHASE_16,ACTIVE,LEGACY_RECORD
q-subj-business-p17c-095458,cbse-board,cbse-board,NULL,science,subj-business,en,none,ver-cbse-board-2026,HUMAN_CURATED,case_study,0,HUMAN_CURATED,PHASE_16,ACTIVE,LEGACY_RECORD
q-subj-business-p17c-095459,cbse-board,cbse-board,NULL,science,subj-business,en,none,ver-cbse-board-2026,HUMAN_CURATED,single_mcq,0,HUMAN_CURATED,PHASE_16,ACTIVE,LEGACY_RECORD
q-subj-business-p17c-095460,cbse-board,cbse-board,NULL,science,subj-business,en,none,ver-cbse-board-2026,HUMAN_CURATED,short_answer,0,HUMAN_CURATED,PHASE_16,ACTIVE,LEGACY_RECORD
q-subj-business-p17c-095461,cbse-board,cbse-board,NULL,science,subj-business,en,none,ver-cbse-board-2026,HUMAN_CURATED,case_study,0,HUMAN_CURATED,PHASE_16,ACTIVE,LEGACY_RECORD
q-subj-business-p17c-095462,cbse-board,cbse-board,NULL,science,subj-business,en,none,ver-cbse-board-2026,HUMAN_CURATED,single_mcq,0,HUMAN_CURATED,PHASE_16,ACTIVE,LEGACY_RECORD
q-subj-business-p17c-095463,cbse-board,cbse-board,NULL,science,subj-business,en,none,ver-cbse-board-2026,HUMAN_CURATED,short_answer,0,HUMAN_CURATED,PHASE_16,ACTIVE,LEGACY_RECORD
q-subj-business-p17c-095464,cbse-board,cbse-board,NULL,science,subj-business,en,none,ver-cbse-board-2026,HUMAN_CURATED,case_study,0,HUMAN_CURATED,PHASE_16,ACTIVE,LEGACY_RECORD
q-subj-business-p17c-095465,cbse-board,cbse-board,NULL,science,subj-business,en,none,ver-cbse-board-2026,HUMAN_CURATED,single_mcq,0,HUMAN_CURATED,PHASE_16,ACTIVE,LEGACY_RECORD
q-subj-business-p17c-095466,cbse-board,cbse-board,NULL,science,subj-business,en,none,ver-cbse-board-2026,HUMAN_CURATED,short_answer,0,HUMAN_CURATED,PHASE_16,ACTIVE,LEGACY_RECORD
q-subj-business-p17c-095467,cbse-board,cbse-board,NULL,science,subj-business,en,none,ver-cbse-board-2026,HUMAN_CURATED,case_study,0,HUMAN_CURATED,PHASE_16,ACTIVE,LEGACY_RECORD
q-subj-business-p17c-095468,cbse-board,cbse-board,NULL,science,subj-business,en,none,ver-cbse-board-2026,HUMAN_CURATED,single_mcq,0,HUMAN_CURATED,PHASE_16,ACTIVE,LEGACY_RECORD
q-subj-business-p17c-095469,cbse-board,cbse-board,NULL,science,subj-business,en,none,ver-cbse-board-2026,HUMAN_CURATED,short_answer,0,HUMAN_CURATED,PHASE_16,ACTIVE,LEGACY_RECORD
q-subj-business-p17c-095470,cbse-board,cbse-board,NULL,science,subj-business,en,none,ver-cbse-board-2026,HUMAN_CURATED,case_study,0,HUMAN_CURATED,PHASE_16,ACTIVE,LEGACY_RECORD
q-subj-business-p17c-095471,cbse-board,cbse-board,NULL,science,subj-business,en,none,ver-cbse-board-2026,HUMAN_CURATED,single_mcq,0,HUMAN_CURATED,PHASE_16,ACTIVE,LEGACY_RECORD
q-subj-business-p17c-095472,cbse-board,cbse-board,NULL,science,subj-business,en,none,ver-cbse-board-2026,HUMAN_CURATED,short_answer,0,HUMAN_CURATED,PHASE_16,ACTIVE,LEGACY_RECORD
q-subj-business-p17c-095473,cbse-board,cbse-board,NULL,science,subj-business,en,none,ver-cbse-board-2026,HUMAN_CURATED,case_study,0,HUMAN_CURATED,PHASE_16,ACTIVE,LEGACY_RECORD
q-subj-business-p17c-095474,cbse-board,cbse-board,NULL,science,subj-business,en,none,ver-cbse-board-2026,HUMAN_CURATED,single_mcq,0,HUMAN_CURATED,PHASE_16,ACTIVE,LEGACY_RECORD
q-subj-business-p17c-095475,cbse-board,cbse-board,NULL,science,subj-business,en,none,ver-cbse-board-2026,HUMAN_CURATED,short_answer,0,HUMAN_CURATED,PHASE_16,ACTIVE,LEGACY_RECORD
q-subj-business-p17c-095476,cbse-board,cbse-board,NULL,science,subj-business,en,none,ver-cbse-board-2026,HUMAN_CURATED,case_study,0,HUMAN_CURATED,PHASE_16,ACTIVE,LEGACY_RECORD
q-subj-business-p17c-095477,cbse-board,cbse-board,NULL,science,subj-business,en,none,ver-cbse-board-2026,HUMAN_CURATED,single_mcq,0,HUMAN_CURATED,PHASE_16,ACTIVE,LEGACY_RECORD
q-subj-business-p17c-095478,cbse-board,cbse-board,NULL,science,subj-business,en,none,ver-cbse-board-2026,HUMAN_CURATED,short_answer,0,HUMAN_CURATED,PHASE_16,ACTIVE,LEGACY_RECORD
q-subj-business-p17c-095479,cbse-board,cbse-board,NULL,science,subj-business,en,none,ver-cbse-board-2026,HUMAN_CURATED,case_study,0,HUMAN_CURATED,PHASE_16,ACTIVE,LEGACY_RECORD
q-subj-business-p17c-095480,cbse-board,cbse-board,NULL,science,subj-business,en,none,ver-cbse-board-2026,HUMAN_CURATED,single_mcq,0,HUMAN_CURATED,PHASE_16,ACTIVE,LEGACY_RECORD
q-subj-business-p17c-095481,cbse-board,cbse-board,NULL,science,subj-business,en,none,ver-cbse-board-2026,HUMAN_CURATED,short_answer,0,HUMAN_CURATED,PHASE_16,ACTIVE,LEGACY_RECORD
q-subj-business-p17c-095482,cbse-board,cbse-board,NULL,science,subj-business,en,none,ver-cbse-board-2026,HUMAN_CURATED,case_study,0,HUMAN_CURATED,PHASE_16,ACTIVE,LEGACY_RECORD
q-subj-business-p17c-095483,cbse-board,cbse-board,NULL,science,subj-business,en,none,ver-cbse-board-2026,HUMAN_CURATED,single_mcq,0,HUMAN_CURATED,PHASE_16,ACTIVE,LEGACY_RECORD
q-subj-business-p17c-095484,cbse-board,cbse-board,NULL,science,subj-business,en,none,ver-cbse-board-2026,HUMAN_CURATED,short_answer,0,HUMAN_CURATED,PHASE_16,ACTIVE,LEGACY_RECORD
q-subj-business-p17c-095485,cbse-board,cbse-board,NULL,science,subj-business,en,none,ver-cbse-board-2026,HUMAN_CURATED,case_study,0,HUMAN_CURATED,PHASE_16,ACTIVE,LEGACY_RECORD
q-subj-business-p17c-095486,cbse-board,cbse-board,NULL,science,subj-business,en,none,ver-cbse-board-2026,HUMAN_CURATED,single_mcq,0,HUMAN_CURATED,PHASE_16,ACTIVE,LEGACY_RECORD
q-subj-business-p17c-095487,cbse-board,cbse-board,NULL,science,subj-business,en,none,ver-cbse-board-2026,HUMAN_CURATED,short_answer,0,HUMAN_CURATED,PHASE_16,ACTIVE,LEGACY_RECORD
q-subj-business-p17c-095488,cbse-board,cbse-board,NULL,science,subj-business,en,none,ver-cbse-board-2026,HUMAN_CURATED,case_study,0,HUMAN_CURATED,PHASE_16,ACTIVE,LEGACY_RECORD
q-subj-business-p17c-095489,cbse-board,cbse-board,NULL,science,subj-business,en,none,ver-cbse-board-2026,HUMAN_CURATED,single_mcq,0,HUMAN_CURATED,PHASE_16,ACTIVE,LEGACY_RECORD
q-subj-business-p17c-095490,cbse-board,cbse-board,NULL,science,subj-business,en,none,ver-cbse-board-2026,HUMAN_CURATED,short_answer,0,HUMAN_CURATED,PHASE_16,ACTIVE,LEGACY_RECORD
q-subj-business-p17c-095491,cbse-board,cbse-board,NULL,science,subj-business,en,none,ver-cbse-board-2026,HUMAN_CURATED,case_study,0,HUMAN_CURATED,PHASE_16,ACTIVE,LEGACY_RECORD
q-subj-business-p17c-095492,cbse-board,cbse-board,NULL,science,subj-business,en,none,ver-cbse-board-2026,HUMAN_CURATED,single_mcq,0,HUMAN_CURATED,PHASE_16,ACTIVE,LEGACY_RECORD
q-subj-business-p17c-095493,cbse-board,cbse-board,NULL,science,subj-business,en,none,ver-cbse-board-2026,HUMAN_CURATED,short_answer,0,HUMAN_CURATED,PHASE_16,ACTIVE,LEGACY_RECORD
q-subj-business-p17c-095494,cbse-board,cbse-board,NULL,science,subj-business,en,none,ver-cbse-board-2026,HUMAN_CURATED,case_study,0,HUMAN_CURATED,PHASE_16,ACTIVE,LEGACY_RECORD
q-subj-business-p17c-095495,cbse-board,cbse-board,NULL,science,subj-business,en,none,ver-cbse-board-2026,HUMAN_CURATED,single_mcq,0,HUMAN_CURATED,PHASE_16,ACTIVE,LEGACY_RECORD
q-subj-business-p17c-095496,cbse-board,cbse-board,NULL,science,subj-business,en,none,ver-cbse-board-2026,HUMAN_CURATED,short_answer,0,HUMAN_CURATED,PHASE_16,ACTIVE,LEGACY_RECORD
q-subj-business-p17c-095497,cbse-board,cbse-board,NULL,science,subj-business,en,none,ver-cbse-board-2026,HUMAN_CURATED,case_study,0,HUMAN_CURATED,PHASE_16,ACTIVE,LEGACY_RECORD
q-subj-business-p17c-095498,cbse-board,cbse-board,NULL,science,subj-business,en,none,ver-cbse-board-2026,HUMAN_CURATED,single_mcq,0,HUMAN_CURATED,PHASE_16,ACTIVE,LEGACY_RECORD
q-subj-business-p17c-095499,cbse-board,cbse-board,NULL,science,subj-business,en,none,ver-cbse-board-2026,HUMAN_CURATED,short_answer,0,HUMAN_CURATED,PHASE_16,ACTIVE,LEGACY_RECORD
q-subj-business-p17c-095500,cbse-board,cbse-board,NULL,science,subj-business,en,none,ver-cbse-board-2026,HUMAN_CURATED,case_study,0,HUMAN_CURATED,PHASE_16,ACTIVE,LEGACY_RECORD
q-subj-business-p17c-095501,cbse-board,cbse-board,NULL,science,subj-business,en,none,ver-cbse-board-2026,HUMAN_CURATED,single_mcq,0,HUMAN_CURATED,PHASE_16,ACTIVE,LEGACY_RECORD
q-subj-business-p17c-095502,cbse-board,cbse-board,NULL,science,subj-business,en,none,ver-cbse-board-2026,HUMAN_CURATED,short_answer,0,HUMAN_CURATED,PHASE_16,ACTIVE,LEGACY_RECORD
q-subj-business-p17c-095503,cbse-board,cbse-board,NULL,science,subj-business,en,none,ver-cbse-board-2026,HUMAN_CURATED,case_study,0,HUMAN_CURATED,PHASE_16,ACTIVE,LEGACY_RECORD
q-subj-business-p17c-095504,cbse-board,cbse-board,NULL,science,subj-business,en,none,ver-cbse-board-2026,HUMAN_CURATED,single_mcq,0,HUMAN_CURATED,PHASE_16,ACTIVE,LEGACY_RECORD
q-subj-business-p17c-095505,cbse-board,cbse-board,NULL,science,subj-business,en,none,ver-cbse-board-2026,HUMAN_CURATED,short_answer,0,HUMAN_CURATED,PHASE_16,ACTIVE,LEGACY_RECORD
q-subj-business-p17c-095506,cbse-board,cbse-board,NULL,science,subj-business,en,none,ver-cbse-board-2026,HUMAN_CURATED,case_study,0,HUMAN_CURATED,PHASE_16,ACTIVE,LEGACY_RECORD
q-subj-business-p17c-095507,cbse-board,cbse-board,NULL,science,subj-business,en,none,ver-cbse-board-2026,HUMAN_CURATED,single_mcq,0,HUMAN_CURATED,PHASE_16,ACTIVE,LEGACY_RECORD
q-subj-business-p17c-095508,cbse-board,cbse-board,NULL,science,subj-business,en,none,ver-cbse-board-2026,HUMAN_CURATED,short_answer,0,HUMAN_CURATED,PHASE_16,ACTIVE,LEGACY_RECORD
q-subj-business-p17c-095509,cbse-board,cbse-board,NULL,science,subj-business,en,none,ver-cbse-board-2026,HUMAN_CURATED,case_study,0,HUMAN_CURATED,PHASE_16,ACTIVE,LEGACY_RECORD
q-subj-business-p17c-095510,cbse-board,cbse-board,NULL,science,subj-business,en,none,ver-cbse-board-2026,HUMAN_CURATED,single_mcq,0,HUMAN_CURATED,PHASE_16,ACTIVE,LEGACY_RECORD
q-subj-business-p17c-095511,cbse-board,cbse-board,NULL,science,subj-business,en,none,ver-cbse-board-2026,HUMAN_CURATED,short_answer,0,HUMAN_CURATED,PHASE_16,ACTIVE,LEGACY_RECORD
q-subj-business-p17c-095512,cbse-board,cbse-board,NULL,science,subj-business,en,none,ver-cbse-board-2026,HUMAN_CURATED,case_study,0,HUMAN_CURATED,PHASE_16,ACTIVE,LEGACY_RECORD
q-subj-business-p17c-095513,cbse-board,cbse-board,NULL,science,subj-business,en,none,ver-cbse-board-2026,HUMAN_CURATED,single_mcq,0,HUMAN_CURATED,PHASE_16,ACTIVE,LEGACY_RECORD
q-subj-business-p17c-095514,cbse-board,cbse-board,NULL,science,subj-business,en,none,ver-cbse-board-2026,HUMAN_CURATED,short_answer,0,HUMAN_CURATED,PHASE_16,ACTIVE,LEGACY_RECORD
q-subj-business-p17c-095515,cbse-board,cbse-board,NULL,science,subj-business,en,none,ver-cbse-board-2026,HUMAN_CURATED,case_study,0,HUMAN_CURATED,PHASE_16,ACTIVE,LEGACY_RECORD
q-subj-business-p17c-095516,cbse-board,cbse-board,NULL,science,subj-business,en,none,ver-cbse-board-2026,HUMAN_CURATED,single_mcq,0,HUMAN_CURATED,PHASE_16,ACTIVE,LEGACY_RECORD
q-subj-business-p17c-095517,cbse-board,cbse-board,NULL,science,subj-business,en,none,ver-cbse-board-2026,HUMAN_CURATED,short_answer,0,HUMAN_CURATED,PHASE_16,ACTIVE,LEGACY_RECORD
q-subj-business-p17c-095518,cbse-board,cbse-board,NULL,science,subj-business,en,none,ver-cbse-board-2026,HUMAN_CURATED,case_study,0,HUMAN_CURATED,PHASE_16,ACTIVE,LEGACY_RECORD
q-subj-business-p17c-095519,cbse-board,cbse-board,NULL,science,subj-business,en,none,ver-cbse-board-2026,HUMAN_CURATED,single_mcq,0,HUMAN_CURATED,PHASE_16,ACTIVE,LEGACY_RECORD
q-subj-business-p17c-095520,cbse-board,cbse-board,NULL,science,subj-business,en,none,ver-cbse-board-2026,HUMAN_CURATED,short_answer,0,HUMAN_CURATED,PHASE_16,ACTIVE,LEGACY_RECORD
q-subj-business-p17c-095521,cbse-board,cbse-board,NULL,science,subj-business,en,none,ver-cbse-board-2026,HUMAN_CURATED,case_study,0,HUMAN_CURATED,PHASE_16,ACTIVE,LEGACY_RECORD
q-subj-business-p17c-095522,cbse-board,cbse-board,NULL,science,subj-business,en,none,ver-cbse-board-2026,HUMAN_CURATED,single_mcq,0,HUMAN_CURATED,PHASE_16,ACTIVE,LEGACY_RECORD
q-subj-business-p17c-095523,cbse-board,cbse-board,NULL,science,subj-business,en,none,ver-cbse-board-2026,HUMAN_CURATED,short_answer,0,HUMAN_CURATED,PHASE_16,ACTIVE,LEGACY_RECORD
q-subj-business-p17c-095524,cbse-board,cbse-board,NULL,science,subj-business,en,none,ver-cbse-board-2026,HUMAN_CURATED,case_study,0,HUMAN_CURATED,PHASE_16,ACTIVE,LEGACY_RECORD
q-subj-business-p17c-095525,cbse-board,cbse-board,NULL,science,subj-business,en,none,ver-cbse-board-2026,HUMAN_CURATED,single_mcq,0,HUMAN_CURATED,PHASE_16,ACTIVE,LEGACY_RECORD
q-subj-business-p17c-095526,cbse-board,cbse-board,NULL,science,subj-business,en,none,ver-cbse-board-2026,HUMAN_CURATED,short_answer,0,HUMAN_CURATED,PHASE_16,ACTIVE,LEGACY_RECORD
q-subj-business-p17c-095527,cbse-board,cbse-board,NULL,science,subj-business,en,none,ver-cbse-board-2026,HUMAN_CURATED,case_study,0,HUMAN_CURATED,PHASE_16,ACTIVE,LEGACY_RECORD
q-subj-business-p17c-095528,cbse-board,cbse-board,NULL,science,subj-business,en,none,ver-cbse-board-2026,HUMAN_CURATED,single_mcq,0,HUMAN_CURATED,PHASE_16,ACTIVE,LEGACY_RECORD
q-subj-business-p17c-095529,cbse-board,cbse-board,NULL,science,subj-business,en,none,ver-cbse-board-2026,HUMAN_CURATED,short_answer,0,HUMAN_CURATED,PHASE_16,ACTIVE,LEGACY_RECORD
q-subj-business-p17c-095530,cbse-board,cbse-board,NULL,science,subj-business,en,none,ver-cbse-board-2026,HUMAN_CURATED,case_study,0,HUMAN_CURATED,PHASE_16,ACTIVE,LEGACY_RECORD
q-subj-business-p17c-095531,cbse-board,cbse-board,NULL,science,subj-business,en,none,ver-cbse-board-2026,HUMAN_CURATED,single_mcq,0,HUMAN_CURATED,PHASE_16,ACTIVE,LEGACY_RECORD
q-subj-business-p17c-095532,cbse-board,cbse-board,NULL,science,subj-business,en,none,ver-cbse-board-2026,HUMAN_CURATED,short_answer,0,HUMAN_CURATED,PHASE_16,ACTIVE,LEGACY_RECORD
q-subj-business-p17c-095533,cbse-board,cbse-board,NULL,science,subj-business,en,none,ver-cbse-board-2026,HUMAN_CURATED,case_study,0,HUMAN_CURATED,PHASE_16,ACTIVE,LEGACY_RECORD
q-subj-business-p17c-095534,cbse-board,cbse-board,NULL,science,subj-business,en,none,ver-cbse-board-2026,HUMAN_CURATED,single_mcq,0,HUMAN_CURATED,PHASE_16,ACTIVE,LEGACY_RECORD
q-subj-business-p17c-095535,cbse-board,cbse-board,NULL,science,subj-business,en,none,ver-cbse-board-2026,HUMAN_CURATED,short_answer,0,HUMAN_CURATED,PHASE_16,ACTIVE,LEGACY_RECORD
q-subj-business-p17c-095536,cbse-board,cbse-board,NULL,science,subj-business,en,none,ver-cbse-board-2026,HUMAN_CURATED,case_study,0,HUMAN_CURATED,PHASE_16,ACTIVE,LEGACY_RECORD
q-subj-business-p17c-095537,cbse-board,cbse-board,NULL,science,subj-business,en,none,ver-cbse-board-2026,HUMAN_CURATED,single_mcq,0,HUMAN_CURATED,PHASE_16,ACTIVE,LEGACY_RECORD
q-subj-business-p17c-095538,cbse-board,cbse-board,NULL,science,subj-business,en,none,ver-cbse-board-2026,HUMAN_CURATED,short_answer,0,HUMAN_CURATED,PHASE_16,ACTIVE,LEGACY_RECORD
q-subj-business-p17c-095539,cbse-board,cbse-board,NULL,science,subj-business,en,none,ver-cbse-board-2026,HUMAN_CURATED,case_study,0,HUMAN_CURATED,PHASE_16,ACTIVE,LEGACY_RECORD
q-subj-business-p17c-095540,cbse-board,cbse-board,NULL,science,subj-business,en,none,ver-cbse-board-2026,HUMAN_CURATED,single_mcq,0,HUMAN_CURATED,PHASE_16,ACTIVE,LEGACY_RECORD
q-subj-business-p17c-095541,cbse-board,cbse-board,NULL,science,subj-business,en,none,ver-cbse-board-2026,HUMAN_CURATED,short_answer,0,HUMAN_CURATED,PHASE_16,ACTIVE,LEGACY_RECORD
q-subj-business-p17c-095542,cbse-board,cbse-board,NULL,science,subj-business,en,none,ver-cbse-board-2026,HUMAN_CURATED,case_study,0,HUMAN_CURATED,PHASE_16,ACTIVE,LEGACY_RECORD
q-subj-business-p17c-095543,cbse-board,cbse-board,NULL,science,subj-business,en,none,ver-cbse-board-2026,HUMAN_CURATED,single_mcq,0,HUMAN_CURATED,PHASE_16,ACTIVE,LEGACY_RECORD
q-subj-business-p17c-095544,cbse-board,cbse-board,NULL,science,subj-business,en,none,ver-cbse-board-2026,HUMAN_CURATED,short_answer,0,HUMAN_CURATED,PHASE_16,ACTIVE,LEGACY_RECORD
q-subj-business-p17c-095545,cbse-board,cbse-board,NULL,science,subj-business,en,none,ver-cbse-board-2026,HUMAN_CURATED,case_study,0,HUMAN_CURATED,PHASE_16,ACTIVE,LEGACY_RECORD
q-subj-business-p17c-095546,cbse-board,cbse-board,NULL,science,subj-business,en,none,ver-cbse-board-2026,HUMAN_CURATED,single_mcq,0,HUMAN_CURATED,PHASE_16,ACTIVE,LEGACY_RECORD
q-subj-business-p17c-095547,cbse-board,cbse-board,NULL,science,subj-business,en,none,ver-cbse-board-2026,HUMAN_CURATED,short_answer,0,HUMAN_CURATED,PHASE_16,ACTIVE,LEGACY_RECORD
q-subj-business-p17c-095548,cbse-board,cbse-board,NULL,science,subj-business,en,none,ver-cbse-board-2026,HUMAN_CURATED,case_study,0,HUMAN_CURATED,PHASE_16,ACTIVE,LEGACY_RECORD
q-subj-business-p17c-095549,cbse-board,cbse-board,NULL,science,subj-business,en,none,ver-cbse-board-2026,HUMAN_CURATED,single_mcq,0,HUMAN_CURATED,PHASE_16,ACTIVE,LEGACY_RECORD
q-subj-business-p17c-095550,cbse-board,cbse-board,NULL,science,subj-business,en,none,ver-cbse-board-2026,HUMAN_CURATED,short_answer,0,HUMAN_CURATED,PHASE_16,ACTIVE,LEGACY_RECORD
q-subj-business-p17c-095551,cbse-board,cbse-board,NULL,science,subj-business,en,none,ver-cbse-board-2026,HUMAN_CURATED,case_study,0,HUMAN_CURATED,PHASE_16,ACTIVE,LEGACY_RECORD
q-subj-business-p17c-095552,cbse-board,cbse-board,NULL,science,subj-business,en,none,ver-cbse-board-2026,HUMAN_CURATED,single_mcq,0,HUMAN_CURATED,PHASE_16,ACTIVE,LEGACY_RECORD
q-subj-business-p17c-095553,cbse-board,cbse-board,NULL,science,subj-business,en,none,ver-cbse-board-2026,HUMAN_CURATED,short_answer,0,HUMAN_CURATED,PHASE_16,ACTIVE,LEGACY_RECORD
q-subj-business-p17c-095554,cbse-board,cbse-board,NULL,science,subj-business,en,none,ver-cbse-board-2026,HUMAN_CURATED,case_study,0,HUMAN_CURATED,PHASE_16,ACTIVE,LEGACY_RECORD
q-subj-business-p17c-095555,cbse-board,cbse-board,NULL,science,subj-business,en,none,ver-cbse-board-2026,HUMAN_CURATED,single_mcq,0,HUMAN_CURATED,PHASE_16,ACTIVE,LEGACY_RECORD
q-subj-business-p17c-095556,cbse-board,cbse-board,NULL,science,subj-business,en,none,ver-cbse-board-2026,HUMAN_CURATED,short_answer,0,HUMAN_CURATED,PHASE_16,ACTIVE,LEGACY_RECORD
q-subj-business-p17c-095557,cbse-board,cbse-board,NULL,science,subj-business,en,none,ver-cbse-board-2026,HUMAN_CURATED,case_study,0,HUMAN_CURATED,PHASE_16,ACTIVE,LEGACY_RECORD
q-subj-business-p17c-095558,cbse-board,cbse-board,NULL,science,subj-business,en,none,ver-cbse-board-2026,HUMAN_CURATED,single_mcq,0,HUMAN_CURATED,PHASE_16,ACTIVE,LEGACY_RECORD
q-subj-business-p17c-095559,cbse-board,cbse-board,NULL,science,subj-business,en,none,ver-cbse-board-2026,HUMAN_CURATED,short_answer,0,HUMAN_CURATED,PHASE_16,ACTIVE,LEGACY_RECORD
q-subj-business-p17c-095560,cbse-board,cbse-board,NULL,science,subj-business,en,none,ver-cbse-board-2026,HUMAN_CURATED,case_study,0,HUMAN_CURATED,PHASE_16,ACTIVE,LEGACY_RECORD
q-subj-business-p17c-095561,cbse-board,cbse-board,NULL,science,subj-business,en,none,ver-cbse-board-2026,HUMAN_CURATED,single_mcq,0,HUMAN_CURATED,PHASE_16,ACTIVE,LEGACY_RECORD
q-subj-business-p17c-095562,cbse-board,cbse-board,NULL,science,subj-business,en,none,ver-cbse-board-2026,HUMAN_CURATED,short_answer,0,HUMAN_CURATED,PHASE_16,ACTIVE,LEGACY_RECORD
q-subj-business-p17c-095563,cbse-board,cbse-board,NULL,science,subj-business,en,none,ver-cbse-board-2026,HUMAN_CURATED,case_study,0,HUMAN_CURATED,PHASE_16,ACTIVE,LEGACY_RECORD
q-subj-business-p17c-095564,cbse-board,cbse-board,NULL,science,subj-business,en,none,ver-cbse-board-2026,HUMAN_CURATED,single_mcq,0,HUMAN_CURATED,PHASE_16,ACTIVE,LEGACY_RECORD
q-subj-business-p17c-095565,cbse-board,cbse-board,NULL,science,subj-business,en,none,ver-cbse-board-2026,HUMAN_CURATED,short_answer,0,HUMAN_CURATED,PHASE_16,ACTIVE,LEGACY_RECORD
q-subj-business-p17c-095566,cbse-board,cbse-board,NULL,science,subj-business,en,none,ver-cbse-board-2026,HUMAN_CURATED,case_study,0,HUMAN_CURATED,PHASE_16,ACTIVE,LEGACY_RECORD
q-subj-business-p17c-095567,cbse-board,cbse-board,NULL,science,subj-business,en,none,ver-cbse-board-2026,HUMAN_CURATED,single_mcq,0,HUMAN_CURATED,PHASE_16,ACTIVE,LEGACY_RECORD
q-subj-business-p17c-095568,cbse-board,cbse-board,NULL,science,subj-business,en,none,ver-cbse-board-2026,HUMAN_CURATED,short_answer,0,HUMAN_CURATED,PHASE_16,ACTIVE,LEGACY_RECORD
q-subj-business-p17c-095569,cbse-board,cbse-board,NULL,science,subj-business,en,none,ver-cbse-board-2026,HUMAN_CURATED,case_study,0,HUMAN_CURATED,PHASE_16,ACTIVE,LEGACY_RECORD
q-subj-business-p17c-095570,cbse-board,cbse-board,NULL,science,subj-business,en,none,ver-cbse-board-2026,HUMAN_CURATED,single_mcq,0,HUMAN_CURATED,PHASE_16,ACTIVE,LEGACY_RECORD
q-subj-business-p17c-095571,cbse-board,cbse-board,NULL,science,subj-business,en,none,ver-cbse-board-2026,HUMAN_CURATED,short_answer,0,HUMAN_CURATED,PHASE_16,ACTIVE,LEGACY_RECORD
q-subj-business-p17c-095572,cbse-board,cbse-board,NULL,science,subj-business,en,none,ver-cbse-board-2026,HUMAN_CURATED,case_study,0,HUMAN_CURATED,PHASE_16,ACTIVE,LEGACY_RECORD
q-subj-business-p17c-095573,cbse-board,cbse-board,NULL,science,subj-business,en,none,ver-cbse-board-2026,HUMAN_CURATED,single_mcq,0,HUMAN_CURATED,PHASE_16,ACTIVE,LEGACY_RECORD
q-subj-business-p17c-095574,cbse-board,cbse-board,NULL,science,subj-business,en,none,ver-cbse-board-2026,HUMAN_CURATED,short_answer,0,HUMAN_CURATED,PHASE_16,ACTIVE,LEGACY_RECORD
q-subj-business-p17c-095575,cbse-board,cbse-board,NULL,science,subj-business,en,none,ver-cbse-board-2026,HUMAN_CURATED,case_study,0,HUMAN_CURATED,PHASE_16,ACTIVE,LEGACY_RECORD
q-subj-business-p17c-095576,cbse-board,cbse-board,NULL,science,subj-business,en,none,ver-cbse-board-2026,HUMAN_CURATED,single_mcq,0,HUMAN_CURATED,PHASE_16,ACTIVE,LEGACY_RECORD
q-subj-business-p17c-095577,cbse-board,cbse-board,NULL,science,subj-business,en,none,ver-cbse-board-2026,HUMAN_CURATED,short_answer,0,HUMAN_CURATED,PHASE_16,ACTIVE,LEGACY_RECORD
q-subj-business-p17c-095578,cbse-board,cbse-board,NULL,science,subj-business,en,none,ver-cbse-board-2026,HUMAN_CURATED,case_study,0,HUMAN_CURATED,PHASE_16,ACTIVE,LEGACY_RECORD
q-subj-business-p17c-095579,cbse-board,cbse-board,NULL,science,subj-business,en,none,ver-cbse-board-2026,HUMAN_CURATED,single_mcq,0,HUMAN_CURATED,PHASE_16,ACTIVE,LEGACY_RECORD
q-subj-business-p17c-095580,cbse-board,cbse-board,NULL,science,subj-business,en,none,ver-cbse-board-2026,HUMAN_CURATED,short_answer,0,HUMAN_CURATED,PHASE_16,ACTIVE,LEGACY_RECORD
q-subj-business-p17c-095581,cbse-board,cbse-board,NULL,science,subj-business,en,none,ver-cbse-board-2026,HUMAN_CURATED,case_study,0,HUMAN_CURATED,PHASE_16,ACTIVE,LEGACY_RECORD
q-subj-business-p17c-095582,cbse-board,cbse-board,NULL,science,subj-business,en,none,ver-cbse-board-2026,HUMAN_CURATED,single_mcq,0,HUMAN_CURATED,PHASE_16,ACTIVE,LEGACY_RECORD
q-subj-business-p17c-095583,cbse-board,cbse-board,NULL,science,subj-business,en,none,ver-cbse-board-2026,HUMAN_CURATED,short_answer,0,HUMAN_CURATED,PHASE_16,ACTIVE,LEGACY_RECORD
q-subj-business-p17c-095584,cbse-board,cbse-board,NULL,science,subj-business,en,none,ver-cbse-board-2026,HUMAN_CURATED,case_study,0,HUMAN_CURATED,PHASE_16,ACTIVE,LEGACY_RECORD
q-subj-business-p17c-095585,cbse-board,cbse-board,NULL,science,subj-business,en,none,ver-cbse-board-2026,HUMAN_CURATED,single_mcq,0,HUMAN_CURATED,PHASE_16,ACTIVE,LEGACY_RECORD
q-subj-business-p17c-095586,cbse-board,cbse-board,NULL,science,subj-business,en,none,ver-cbse-board-2026,HUMAN_CURATED,short_answer,0,HUMAN_CURATED,PHASE_16,ACTIVE,LEGACY_RECORD
q-subj-business-p17c-095587,cbse-board,cbse-board,NULL,science,subj-business,en,none,ver-cbse-board-2026,HUMAN_CURATED,case_study,0,HUMAN_CURATED,PHASE_16,ACTIVE,LEGACY_RECORD
q-subj-business-p17c-095588,cbse-board,cbse-board,NULL,science,subj-business,en,none,ver-cbse-board-2026,HUMAN_CURATED,single_mcq,0,HUMAN_CURATED,PHASE_16,ACTIVE,LEGACY_RECORD
q-subj-business-p17c-095589,cbse-board,cbse-board,NULL,science,subj-business,en,none,ver-cbse-board-2026,HUMAN_CURATED,short_answer,0,HUMAN_CURATED,PHASE_16,ACTIVE,LEGACY_RECORD
q-subj-business-p17c-095590,cbse-board,cbse-board,NULL,science,subj-business,en,none,ver-cbse-board-2026,HUMAN_CURATED,case_study,0,HUMAN_CURATED,PHASE_16,ACTIVE,LEGACY_RECORD
q-subj-business-p17c-095591,cbse-board,cbse-board,NULL,science,subj-business,en,none,ver-cbse-board-2026,HUMAN_CURATED,single_mcq,0,HUMAN_CURATED,PHASE_16,ACTIVE,LEGACY_RECORD
q-subj-business-p17c-095592,cbse-board,cbse-board,NULL,science,subj-business,en,none,ver-cbse-board-2026,HUMAN_CURATED,short_answer,0,HUMAN_CURATED,PHASE_16,ACTIVE,LEGACY_RECORD
q-subj-business-p17c-095593,cbse-board,cbse-board,NULL,science,subj-business,en,none,ver-cbse-board-2026,HUMAN_CURATED,case_study,0,HUMAN_CURATED,PHASE_16,ACTIVE,LEGACY_RECORD
q-subj-business-p17c-095594,cbse-board,cbse-board,NULL,science,subj-business,en,none,ver-cbse-board-2026,HUMAN_CURATED,single_mcq,0,HUMAN_CURATED,PHASE_16,ACTIVE,LEGACY_RECORD
q-subj-business-p17c-095595,cbse-board,cbse-board,NULL,science,subj-business,en,none,ver-cbse-board-2026,HUMAN_CURATED,short_answer,0,HUMAN_CURATED,PHASE_16,ACTIVE,LEGACY_RECORD
q-subj-business-p17c-095596,cbse-board,cbse-board,NULL,science,subj-business,en,none,ver-cbse-board-2026,HUMAN_CURATED,case_study,0,HUMAN_CURATED,PHASE_16,ACTIVE,LEGACY_RECORD
q-subj-business-p17c-095597,cbse-board,cbse-board,NULL,science,subj-business,en,none,ver-cbse-board-2026,HUMAN_CURATED,single_mcq,0,HUMAN_CURATED,PHASE_16,ACTIVE,LEGACY_RECORD
q-subj-business-p17c-095598,cbse-board,cbse-board,NULL,science,subj-business,en,none,ver-cbse-board-2026,HUMAN_CURATED,short_answer,0,HUMAN_CURATED,PHASE_16,ACTIVE,LEGACY_RECORD
q-subj-business-p17c-095599,cbse-board,cbse-board,NULL,science,subj-business,en,none,ver-cbse-board-2026,HUMAN_CURATED,case_study,0,HUMAN_CURATED,PHASE_16,ACTIVE,LEGACY_RECORD
q-subj-business-p17c-095600,cbse-board,cbse-board,NULL,science,subj-business,en,none,ver-cbse-board-2026,HUMAN_CURATED,single_mcq,0,HUMAN_CURATED,PHASE_16,ACTIVE,LEGACY_RECORD
q-subj-business-p17c-095601,cbse-board,cbse-board,NULL,science,subj-business,en,none,ver-cbse-board-2026,HUMAN_CURATED,short_answer,0,HUMAN_CURATED,PHASE_16,ACTIVE,LEGACY_RECORD
q-subj-business-p17c-095602,cbse-board,cbse-board,NULL,science,subj-business,en,none,ver-cbse-board-2026,HUMAN_CURATED,case_study,0,HUMAN_CURATED,PHASE_16,ACTIVE,LEGACY_RECORD
q-subj-business-p17c-095603,cbse-board,cbse-board,NULL,science,subj-business,en,none,ver-cbse-board-2026,HUMAN_CURATED,single_mcq,0,HUMAN_CURATED,PHASE_16,ACTIVE,LEGACY_RECORD
q-subj-business-p17c-095604,cbse-board,cbse-board,NULL,science,subj-business,en,none,ver-cbse-board-2026,HUMAN_CURATED,short_answer,0,HUMAN_CURATED,PHASE_16,ACTIVE,LEGACY_RECORD
q-subj-business-p17c-095605,cbse-board,cbse-board,NULL,science,subj-business,en,none,ver-cbse-board-2026,HUMAN_CURATED,case_study,0,HUMAN_CURATED,PHASE_16,ACTIVE,LEGACY_RECORD
q-subj-business-p17c-095606,cbse-board,cbse-board,NULL,science,subj-business,en,none,ver-cbse-board-2026,HUMAN_CURATED,single_mcq,0,HUMAN_CURATED,PHASE_16,ACTIVE,LEGACY_RECORD
q-subj-business-p17c-095607,cbse-board,cbse-board,NULL,science,subj-business,en,none,ver-cbse-board-2026,HUMAN_CURATED,short_answer,0,HUMAN_CURATED,PHASE_16,ACTIVE,LEGACY_RECORD
q-subj-business-p17c-095608,cbse-board,cbse-board,NULL,science,subj-business,en,none,ver-cbse-board-2026,HUMAN_CURATED,case_study,0,HUMAN_CURATED,PHASE_16,ACTIVE,LEGACY_RECORD
q-subj-business-p17c-095609,cbse-board,cbse-board,NULL,science,subj-business,en,none,ver-cbse-board-2026,HUMAN_CURATED,single_mcq,0,HUMAN_CURATED,PHASE_16,ACTIVE,LEGACY_RECORD
q-subj-business-p17c-095610,cbse-board,cbse-board,NULL,science,subj-business,en,none,ver-cbse-board-2026,HUMAN_CURATED,short_answer,0,HUMAN_CURATED,PHASE_16,ACTIVE,LEGACY_RECORD
q-subj-business-p17c-095611,cbse-board,cbse-board,NULL,science,subj-business,en,none,ver-cbse-board-2026,HUMAN_CURATED,case_study,0,HUMAN_CURATED,PHASE_16,ACTIVE,LEGACY_RECORD
q-subj-business-p17c-095612,cbse-board,cbse-board,NULL,science,subj-business,en,none,ver-cbse-board-2026,HUMAN_CURATED,single_mcq,0,HUMAN_CURATED,PHASE_16,ACTIVE,LEGACY_RECORD
q-subj-business-p17c-095613,cbse-board,cbse-board,NULL,science,subj-business,en,none,ver-cbse-board-2026,HUMAN_CURATED,short_answer,0,HUMAN_CURATED,PHASE_16,ACTIVE,LEGACY_RECORD
q-subj-business-p17c-095614,cbse-board,cbse-board,NULL,science,subj-business,en,none,ver-cbse-board-2026,HUMAN_CURATED,case_study,0,HUMAN_CURATED,PHASE_16,ACTIVE,LEGACY_RECORD
q-subj-business-p17c-095615,cbse-board,cbse-board,NULL,science,subj-business,en,none,ver-cbse-board-2026,HUMAN_CURATED,single_mcq,0,HUMAN_CURATED,PHASE_16,ACTIVE,LEGACY_RECORD
q-subj-business-p17c-095616,cbse-board,cbse-board,NULL,science,subj-business,en,none,ver-cbse-board-2026,HUMAN_CURATED,short_answer,0,HUMAN_CURATED,PHASE_16,ACTIVE,LEGACY_RECORD
q-subj-business-p17c-095617,cbse-board,cbse-board,NULL,science,subj-business,en,none,ver-cbse-board-2026,HUMAN_CURATED,case_study,0,HUMAN_CURATED,PHASE_16,ACTIVE,LEGACY_RECORD
q-subj-business-p17c-095618,cbse-board,cbse-board,NULL,science,subj-business,en,none,ver-cbse-board-2026,HUMAN_CURATED,single_mcq,0,HUMAN_CURATED,PHASE_16,ACTIVE,LEGACY_RECORD
q-subj-business-p17c-095619,cbse-board,cbse-board,NULL,science,subj-business,en,none,ver-cbse-board-2026,HUMAN_CURATED,short_answer,0,HUMAN_CURATED,PHASE_16,ACTIVE,LEGACY_RECORD
q-subj-business-p17c-095620,cbse-board,cbse-board,NULL,science,subj-business,en,none,ver-cbse-board-2026,HUMAN_CURATED,case_study,0,HUMAN_CURATED,PHASE_16,ACTIVE,LEGACY_RECORD
q-subj-business-p17c-095621,cbse-board,cbse-board,NULL,science,subj-business,en,none,ver-cbse-board-2026,HUMAN_CURATED,single_mcq,0,HUMAN_CURATED,PHASE_16,ACTIVE,LEGACY_RECORD
q-subj-business-p17c-095622,cbse-board,cbse-board,NULL,science,subj-business,en,none,ver-cbse-board-2026,HUMAN_CURATED,short_answer,0,HUMAN_CURATED,PHASE_16,ACTIVE,LEGACY_RECORD
q-subj-business-p17c-095623,cbse-board,cbse-board,NULL,science,subj-business,en,none,ver-cbse-board-2026,HUMAN_CURATED,case_study,0,HUMAN_CURATED,PHASE_16,ACTIVE,LEGACY_RECORD
q-subj-business-p17c-095624,cbse-board,cbse-board,NULL,science,subj-business,en,none,ver-cbse-board-2026,HUMAN_CURATED,single_mcq,0,HUMAN_CURATED,PHASE_16,ACTIVE,LEGACY_RECORD
q-subj-business-p17c-095625,cbse-board,cbse-board,NULL,science,subj-business,en,none,ver-cbse-board-2026,HUMAN_CURATED,short_answer,0,HUMAN_CURATED,PHASE_16,ACTIVE,LEGACY_RECORD
q-subj-business-p17c-095626,cbse-board,cbse-board,NULL,science,subj-business,en,none,ver-cbse-board-2026,HUMAN_CURATED,case_study,0,HUMAN_CURATED,PHASE_16,ACTIVE,LEGACY_RECORD
q-subj-business-p17c-095627,cbse-board,cbse-board,NULL,science,subj-business,en,none,ver-cbse-board-2026,HUMAN_CURATED,single_mcq,0,HUMAN_CURATED,PHASE_16,ACTIVE,LEGACY_RECORD
q-subj-business-p17c-095628,cbse-board,cbse-board,NULL,science,subj-business,en,none,ver-cbse-board-2026,HUMAN_CURATED,short_answer,0,HUMAN_CURATED,PHASE_16,ACTIVE,LEGACY_RECORD
q-subj-business-p17c-095629,cbse-board,cbse-board,NULL,science,subj-business,en,none,ver-cbse-board-2026,HUMAN_CURATED,case_study,0,HUMAN_CURATED,PHASE_16,ACTIVE,LEGACY_RECORD
q-subj-business-p17c-095630,cbse-board,cbse-board,NULL,science,subj-business,en,none,ver-cbse-board-2026,HUMAN_CURATED,single_mcq,0,HUMAN_CURATED,PHASE_16,ACTIVE,LEGACY_RECORD
q-subj-business-p17c-095631,cbse-board,cbse-board,NULL,science,subj-business,en,none,ver-cbse-board-2026,HUMAN_CURATED,short_answer,0,HUMAN_CURATED,PHASE_16,ACTIVE,LEGACY_RECORD
q-subj-business-p17c-095632,cbse-board,cbse-board,NULL,science,subj-business,en,none,ver-cbse-board-2026,HUMAN_CURATED,case_study,0,HUMAN_CURATED,PHASE_16,ACTIVE,LEGACY_RECORD
q-subj-business-p17c-095633,cbse-board,cbse-board,NULL,science,subj-business,en,none,ver-cbse-board-2026,HUMAN_CURATED,single_mcq,0,HUMAN_CURATED,PHASE_16,ACTIVE,LEGACY_RECORD
q-subj-business-p17c-095634,cbse-board,cbse-board,NULL,science,subj-business,en,none,ver-cbse-board-2026,HUMAN_CURATED,short_answer,0,HUMAN_CURATED,PHASE_16,ACTIVE,LEGACY_RECORD
q-subj-business-p17c-095635,cbse-board,cbse-board,NULL,science,subj-business,en,none,ver-cbse-board-2026,HUMAN_CURATED,case_study,0,HUMAN_CURATED,PHASE_16,ACTIVE,LEGACY_RECORD
q-subj-business-p17c-095636,cbse-board,cbse-board,NULL,science,subj-business,en,none,ver-cbse-board-2026,HUMAN_CURATED,single_mcq,0,HUMAN_CURATED,PHASE_16,ACTIVE,LEGACY_RECORD
q-subj-business-p17c-095637,cbse-board,cbse-board,NULL,science,subj-business,en,none,ver-cbse-board-2026,HUMAN_CURATED,short_answer,0,HUMAN_CURATED,PHASE_16,ACTIVE,LEGACY_RECORD
q-subj-business-p17c-095638,cbse-board,cbse-board,NULL,science,subj-business,en,none,ver-cbse-board-2026,HUMAN_CURATED,case_study,0,HUMAN_CURATED,PHASE_16,ACTIVE,LEGACY_RECORD
q-subj-business-p17c-095639,cbse-board,cbse-board,NULL,science,subj-business,en,none,ver-cbse-board-2026,HUMAN_CURATED,single_mcq,0,HUMAN_CURATED,PHASE_16,ACTIVE,LEGACY_RECORD
q-subj-business-p17c-095640,cbse-board,cbse-board,NULL,science,subj-business,en,none,ver-cbse-board-2026,HUMAN_CURATED,short_answer,0,HUMAN_CURATED,PHASE_16,ACTIVE,LEGACY_RECORD
q-subj-business-p17c-095641,cbse-board,cbse-board,NULL,science,subj-business,en,none,ver-cbse-board-2026,HUMAN_CURATED,case_study,0,HUMAN_CURATED,PHASE_16,ACTIVE,LEGACY_RECORD
q-subj-business-p17c-095642,cbse-board,cbse-board,NULL,science,subj-business,en,none,ver-cbse-board-2026,HUMAN_CURATED,single_mcq,0,HUMAN_CURATED,PHASE_16,ACTIVE,LEGACY_RECORD
q-subj-business-p17c-095643,cbse-board,cbse-board,NULL,science,subj-business,en,none,ver-cbse-board-2026,HUMAN_CURATED,short_answer,0,HUMAN_CURATED,PHASE_16,ACTIVE,LEGACY_RECORD
q-subj-business-p17c-095644,cbse-board,cbse-board,NULL,science,subj-business,en,none,ver-cbse-board-2026,HUMAN_CURATED,case_study,0,HUMAN_CURATED,PHASE_16,ACTIVE,LEGACY_RECORD
q-subj-business-p17c-095645,cbse-board,cbse-board,NULL,science,subj-business,en,none,ver-cbse-board-2026,HUMAN_CURATED,single_mcq,0,HUMAN_CURATED,PHASE_16,ACTIVE,LEGACY_RECORD
q-subj-business-p17c-095646,cbse-board,cbse-board,NULL,science,subj-business,en,none,ver-cbse-board-2026,HUMAN_CURATED,short_answer,0,HUMAN_CURATED,PHASE_16,ACTIVE,LEGACY_RECORD
q-subj-business-p17c-095647,cbse-board,cbse-board,NULL,science,subj-business,en,none,ver-cbse-board-2026,HUMAN_CURATED,case_study,0,HUMAN_CURATED,PHASE_16,ACTIVE,LEGACY_RECORD
q-subj-business-p17c-095648,cbse-board,cbse-board,NULL,science,subj-business,en,none,ver-cbse-board-2026,HUMAN_CURATED,single_mcq,0,HUMAN_CURATED,PHASE_16,ACTIVE,LEGACY_RECORD
q-subj-business-p17c-095649,cbse-board,cbse-board,NULL,science,subj-business,en,none,ver-cbse-board-2026,HUMAN_CURATED,short_answer,0,HUMAN_CURATED,PHASE_16,ACTIVE,LEGACY_RECORD
q-subj-business-p17c-095650,cbse-board,cbse-board,NULL,science,subj-business,en,none,ver-cbse-board-2026,HUMAN_CURATED,case_study,0,HUMAN_CURATED,PHASE_16,ACTIVE,LEGACY_RECORD
q-subj-business-p17c-095651,cbse-board,cbse-board,NULL,science,subj-business,en,none,ver-cbse-board-2026,HUMAN_CURATED,single_mcq,0,HUMAN_CURATED,PHASE_16,ACTIVE,LEGACY_RECORD
q-subj-business-p17c-095652,cbse-board,cbse-board,NULL,science,subj-business,en,none,ver-cbse-board-2026,HUMAN_CURATED,short_answer,0,HUMAN_CURATED,PHASE_16,ACTIVE,LEGACY_RECORD
q-subj-business-p17c-095653,cbse-board,cbse-board,NULL,science,subj-business,en,none,ver-cbse-board-2026,HUMAN_CURATED,case_study,0,HUMAN_CURATED,PHASE_16,ACTIVE,LEGACY_RECORD
q-subj-business-p17c-095654,cbse-board,cbse-board,NULL,science,subj-business,en,none,ver-cbse-board-2026,HUMAN_CURATED,single_mcq,0,HUMAN_CURATED,PHASE_16,ACTIVE,LEGACY_RECORD
q-subj-business-p17c-095655,cbse-board,cbse-board,NULL,science,subj-business,en,none,ver-cbse-board-2026,HUMAN_CURATED,short_answer,0,HUMAN_CURATED,PHASE_16,ACTIVE,LEGACY_RECORD
q-subj-business-p17c-095656,cbse-board,cbse-board,NULL,science,subj-business,en,none,ver-cbse-board-2026,HUMAN_CURATED,case_study,0,HUMAN_CURATED,PHASE_16,ACTIVE,LEGACY_RECORD
q-subj-business-p17c-095657,cbse-board,cbse-board,NULL,science,subj-business,en,none,ver-cbse-board-2026,HUMAN_CURATED,single_mcq,0,HUMAN_CURATED,PHASE_16,ACTIVE,LEGACY_RECORD
q-subj-business-p17c-095658,cbse-board,cbse-board,NULL,science,subj-business,en,none,ver-cbse-board-2026,HUMAN_CURATED,short_answer,0,HUMAN_CURATED,PHASE_16,ACTIVE,LEGACY_RECORD
q-subj-business-p17c-095659,cbse-board,cbse-board,NULL,science,subj-business,en,none,ver-cbse-board-2026,HUMAN_CURATED,case_study,0,HUMAN_CURATED,PHASE_16,ACTIVE,LEGACY_RECORD
q-subj-business-p17c-095660,cbse-board,cbse-board,NULL,science,subj-business,en,none,ver-cbse-board-2026,HUMAN_CURATED,single_mcq,0,HUMAN_CURATED,PHASE_16,ACTIVE,LEGACY_RECORD
q-subj-business-p17c-095661,cbse-board,cbse-board,NULL,science,subj-business,en,none,ver-cbse-board-2026,HUMAN_CURATED,short_answer,0,HUMAN_CURATED,PHASE_16,ACTIVE,LEGACY_RECORD
q-subj-business-p17c-095662,cbse-board,cbse-board,NULL,science,subj-business,en,none,ver-cbse-board-2026,HUMAN_CURATED,case_study,0,HUMAN_CURATED,PHASE_16,ACTIVE,LEGACY_RECORD
q-subj-business-p17c-095663,cbse-board,cbse-board,NULL,science,subj-business,en,none,ver-cbse-board-2026,HUMAN_CURATED,single_mcq,0,HUMAN_CURATED,PHASE_16,ACTIVE,LEGACY_RECORD
q-subj-business-p17c-095664,cbse-board,cbse-board,NULL,science,subj-business,en,none,ver-cbse-board-2026,HUMAN_CURATED,short_answer,0,HUMAN_CURATED,PHASE_16,ACTIVE,LEGACY_RECORD
q-subj-business-p17c-095665,cbse-board,cbse-board,NULL,science,subj-business,en,none,ver-cbse-board-2026,HUMAN_CURATED,case_study,0,HUMAN_CURATED,PHASE_16,ACTIVE,LEGACY_RECORD
q-subj-business-p17c-095666,cbse-board,cbse-board,NULL,science,subj-business,en,none,ver-cbse-board-2026,HUMAN_CURATED,single_mcq,0,HUMAN_CURATED,PHASE_16,ACTIVE,LEGACY_RECORD
q-subj-business-p17c-095667,cbse-board,cbse-board,NULL,science,subj-business,en,none,ver-cbse-board-2026,HUMAN_CURATED,short_answer,0,HUMAN_CURATED,PHASE_16,ACTIVE,LEGACY_RECORD
q-subj-business-p17c-095668,cbse-board,cbse-board,NULL,science,subj-business,en,none,ver-cbse-board-2026,HUMAN_CURATED,case_study,0,HUMAN_CURATED,PHASE_16,ACTIVE,LEGACY_RECORD
q-subj-business-p17c-095669,cbse-board,cbse-board,NULL,science,subj-business,en,none,ver-cbse-board-2026,HUMAN_CURATED,single_mcq,0,HUMAN_CURATED,PHASE_16,ACTIVE,LEGACY_RECORD
q-subj-business-p17c-095670,cbse-board,cbse-board,NULL,science,subj-business,en,none,ver-cbse-board-2026,HUMAN_CURATED,short_answer,0,HUMAN_CURATED,PHASE_16,ACTIVE,LEGACY_RECORD
q-subj-business-p17c-095671,cbse-board,cbse-board,NULL,science,subj-business,en,none,ver-cbse-board-2026,HUMAN_CURATED,case_study,0,HUMAN_CURATED,PHASE_16,ACTIVE,LEGACY_RECORD
q-subj-business-p17c-095672,cbse-board,cbse-board,NULL,science,subj-business,en,none,ver-cbse-board-2026,HUMAN_CURATED,single_mcq,0,HUMAN_CURATED,PHASE_16,ACTIVE,LEGACY_RECORD
q-subj-business-p17c-095673,cbse-board,cbse-board,NULL,science,subj-business,en,none,ver-cbse-board-2026,HUMAN_CURATED,short_answer,0,HUMAN_CURATED,PHASE_16,ACTIVE,LEGACY_RECORD
q-subj-business-p17c-095674,cbse-board,cbse-board,NULL,science,subj-business,en,none,ver-cbse-board-2026,HUMAN_CURATED,case_study,0,HUMAN_CURATED,PHASE_16,ACTIVE,LEGACY_RECORD
q-subj-business-p17c-095675,cbse-board,cbse-board,NULL,science,subj-business,en,none,ver-cbse-board-2026,HUMAN_CURATED,single_mcq,0,HUMAN_CURATED,PHASE_16,ACTIVE,LEGACY_RECORD
q-subj-business-p17c-095676,cbse-board,cbse-board,NULL,science,subj-business,en,none,ver-cbse-board-2026,HUMAN_CURATED,short_answer,0,HUMAN_CURATED,PHASE_16,ACTIVE,LEGACY_RECORD
q-subj-business-p17c-095677,cbse-board,cbse-board,NULL,science,subj-business,en,none,ver-cbse-board-2026,HUMAN_CURATED,case_study,0,HUMAN_CURATED,PHASE_16,ACTIVE,LEGACY_RECORD
q-subj-business-p17c-095678,cbse-board,cbse-board,NULL,science,subj-business,en,none,ver-cbse-board-2026,HUMAN_CURATED,single_mcq,0,HUMAN_CURATED,PHASE_16,ACTIVE,LEGACY_RECORD
q-subj-business-p17c-095679,cbse-board,cbse-board,NULL,science,subj-business,en,none,ver-cbse-board-2026,HUMAN_CURATED,short_answer,0,HUMAN_CURATED,PHASE_16,ACTIVE,LEGACY_RECORD
q-subj-business-p17c-095680,cbse-board,cbse-board,NULL,science,subj-business,en,none,ver-cbse-board-2026,HUMAN_CURATED,case_study,0,HUMAN_CURATED,PHASE_16,ACTIVE,LEGACY_RECORD
q-subj-business-p17c-095681,cbse-board,cbse-board,NULL,science,subj-business,en,none,ver-cbse-board-2026,HUMAN_CURATED,single_mcq,0,HUMAN_CURATED,PHASE_16,ACTIVE,LEGACY_RECORD
q-subj-business-p17c-095682,cbse-board,cbse-board,NULL,science,subj-business,en,none,ver-cbse-board-2026,HUMAN_CURATED,short_answer,0,HUMAN_CURATED,PHASE_16,ACTIVE,LEGACY_RECORD
q-subj-business-p17c-095683,cbse-board,cbse-board,NULL,science,subj-business,en,none,ver-cbse-board-2026,HUMAN_CURATED,case_study,0,HUMAN_CURATED,PHASE_16,ACTIVE,LEGACY_RECORD
q-subj-business-p17c-095684,cbse-board,cbse-board,NULL,science,subj-business,en,none,ver-cbse-board-2026,HUMAN_CURATED,single_mcq,0,HUMAN_CURATED,PHASE_16,ACTIVE,LEGACY_RECORD
q-subj-business-p17c-095685,cbse-board,cbse-board,NULL,science,subj-business,en,none,ver-cbse-board-2026,HUMAN_CURATED,short_answer,0,HUMAN_CURATED,PHASE_16,ACTIVE,LEGACY_RECORD
q-subj-business-p17c-095686,cbse-board,cbse-board,NULL,science,subj-business,en,none,ver-cbse-board-2026,HUMAN_CURATED,case_study,0,HUMAN_CURATED,PHASE_16,ACTIVE,LEGACY_RECORD
q-subj-business-p17c-095687,cbse-board,cbse-board,NULL,science,subj-business,en,none,ver-cbse-board-2026,HUMAN_CURATED,single_mcq,0,HUMAN_CURATED,PHASE_16,ACTIVE,LEGACY_RECORD
q-subj-business-p17c-095688,cbse-board,cbse-board,NULL,science,subj-business,en,none,ver-cbse-board-2026,HUMAN_CURATED,short_answer,0,HUMAN_CURATED,PHASE_16,ACTIVE,LEGACY_RECORD
q-subj-business-p17c-095689,cbse-board,cbse-board,NULL,science,subj-business,en,none,ver-cbse-board-2026,HUMAN_CURATED,case_study,0,HUMAN_CURATED,PHASE_16,ACTIVE,LEGACY_RECORD
q-subj-business-p17c-095690,cbse-board,cbse-board,NULL,science,subj-business,en,none,ver-cbse-board-2026,HUMAN_CURATED,single_mcq,0,HUMAN_CURATED,PHASE_16,ACTIVE,LEGACY_RECORD
q-subj-business-p17c-095691,cbse-board,cbse-board,NULL,science,subj-business,en,none,ver-cbse-board-2026,HUMAN_CURATED,short_answer,0,HUMAN_CURATED,PHASE_16,ACTIVE,LEGACY_RECORD
q-subj-business-p17c-095692,cbse-board,cbse-board,NULL,science,subj-business,en,none,ver-cbse-board-2026,HUMAN_CURATED,case_study,0,HUMAN_CURATED,PHASE_16,ACTIVE,LEGACY_RECORD
q-subj-business-p17c-095693,cbse-board,cbse-board,NULL,science,subj-business,en,none,ver-cbse-board-2026,HUMAN_CURATED,single_mcq,0,HUMAN_CURATED,PHASE_16,ACTIVE,LEGACY_RECORD
q-subj-business-p17c-095694,cbse-board,cbse-board,NULL,science,subj-business,en,none,ver-cbse-board-2026,HUMAN_CURATED,short_answer,0,HUMAN_CURATED,PHASE_16,ACTIVE,LEGACY_RECORD
q-subj-business-p17c-095695,cbse-board,cbse-board,NULL,science,subj-business,en,none,ver-cbse-board-2026,HUMAN_CURATED,case_study,0,HUMAN_CURATED,PHASE_16,ACTIVE,LEGACY_RECORD
q-subj-business-p17c-095696,cbse-board,cbse-board,NULL,science,subj-business,en,none,ver-cbse-board-2026,HUMAN_CURATED,single_mcq,0,HUMAN_CURATED,PHASE_16,ACTIVE,LEGACY_RECORD
q-subj-business-p17c-095697,cbse-board,cbse-board,NULL,science,subj-business,en,none,ver-cbse-board-2026,HUMAN_CURATED,short_answer,0,HUMAN_CURATED,PHASE_16,ACTIVE,LEGACY_RECORD
q-subj-business-p17c-095698,cbse-board,cbse-board,NULL,science,subj-business,en,none,ver-cbse-board-2026,HUMAN_CURATED,case_study,0,HUMAN_CURATED,PHASE_16,ACTIVE,LEGACY_RECORD
q-subj-business-p17c-095699,cbse-board,cbse-board,NULL,science,subj-business,en,none,ver-cbse-board-2026,HUMAN_CURATED,single_mcq,0,HUMAN_CURATED,PHASE_16,ACTIVE,LEGACY_RECORD
q-subj-business-p17c-095700,cbse-board,cbse-board,NULL,science,subj-business,en,none,ver-cbse-board-2026,HUMAN_CURATED,short_answer,0,HUMAN_CURATED,PHASE_16,ACTIVE,LEGACY_RECORD
q-subj-business-p17c-095701,cbse-board,cbse-board,NULL,science,subj-business,en,none,ver-cbse-board-2026,HUMAN_CURATED,case_study,0,HUMAN_CURATED,PHASE_16,ACTIVE,LEGACY_RECORD
q-subj-business-p17c-095702,cbse-board,cbse-board,NULL,science,subj-business,en,none,ver-cbse-board-2026,HUMAN_CURATED,single_mcq,0,HUMAN_CURATED,PHASE_16,ACTIVE,LEGACY_RECORD
q-subj-business-p17c-095703,cbse-board,cbse-board,NULL,science,subj-business,en,none,ver-cbse-board-2026,HUMAN_CURATED,short_answer,0,HUMAN_CURATED,PHASE_16,ACTIVE,LEGACY_RECORD
q-subj-business-p17c-095704,cbse-board,cbse-board,NULL,science,subj-business,en,none,ver-cbse-board-2026,HUMAN_CURATED,case_study,0,HUMAN_CURATED,PHASE_16,ACTIVE,LEGACY_RECORD
q-subj-business-p17c-095705,cbse-board,cbse-board,NULL,science,subj-business,en,none,ver-cbse-board-2026,HUMAN_CURATED,single_mcq,0,HUMAN_CURATED,PHASE_16,ACTIVE,LEGACY_RECORD
q-subj-business-p17c-095706,cbse-board,cbse-board,NULL,science,subj-business,en,none,ver-cbse-board-2026,HUMAN_CURATED,short_answer,0,HUMAN_CURATED,PHASE_16,ACTIVE,LEGACY_RECORD
q-subj-business-p17c-095707,cbse-board,cbse-board,NULL,science,subj-business,en,none,ver-cbse-board-2026,HUMAN_CURATED,case_study,0,HUMAN_CURATED,PHASE_16,ACTIVE,LEGACY_RECORD
q-subj-business-p17c-095708,cbse-board,cbse-board,NULL,science,subj-business,en,none,ver-cbse-board-2026,HUMAN_CURATED,single_mcq,0,HUMAN_CURATED,PHASE_16,ACTIVE,LEGACY_RECORD
q-subj-business-p17c-095709,cbse-board,cbse-board,NULL,science,subj-business,en,none,ver-cbse-board-2026,HUMAN_CURATED,short_answer,0,HUMAN_CURATED,PHASE_16,ACTIVE,LEGACY_RECORD
q-subj-business-p17c-095710,cbse-board,cbse-board,NULL,science,subj-business,en,none,ver-cbse-board-2026,HUMAN_CURATED,case_study,0,HUMAN_CURATED,PHASE_16,ACTIVE,LEGACY_RECORD
q-subj-business-p17c-095711,cbse-board,cbse-board,NULL,science,subj-business,en,none,ver-cbse-board-2026,HUMAN_CURATED,single_mcq,0,HUMAN_CURATED,PHASE_16,ACTIVE,LEGACY_RECORD
q-subj-business-p17c-095712,cbse-board,cbse-board,NULL,science,subj-business,en,none,ver-cbse-board-2026,HUMAN_CURATED,short_answer,0,HUMAN_CURATED,PHASE_16,ACTIVE,LEGACY_RECORD
q-subj-business-p17c-095713,cbse-board,cbse-board,NULL,science,subj-business,en,none,ver-cbse-board-2026,HUMAN_CURATED,case_study,0,HUMAN_CURATED,PHASE_16,ACTIVE,LEGACY_RECORD
q-subj-business-p17c-095714,cbse-board,cbse-board,NULL,science,subj-business,en,none,ver-cbse-board-2026,HUMAN_CURATED,single_mcq,0,HUMAN_CURATED,PHASE_16,ACTIVE,LEGACY_RECORD
q-subj-business-p17c-095715,cbse-board,cbse-board,NULL,science,subj-business,en,none,ver-cbse-board-2026,HUMAN_CURATED,short_answer,0,HUMAN_CURATED,PHASE_16,ACTIVE,LEGACY_RECORD
q-subj-business-p17c-095716,cbse-board,cbse-board,NULL,science,subj-business,en,none,ver-cbse-board-2026,HUMAN_CURATED,case_study,0,HUMAN_CURATED,PHASE_16,ACTIVE,LEGACY_RECORD
q-subj-business-p17c-095717,cbse-board,cbse-board,NULL,science,subj-business,en,none,ver-cbse-board-2026,HUMAN_CURATED,single_mcq,0,HUMAN_CURATED,PHASE_16,ACTIVE,LEGACY_RECORD
q-subj-business-p17c-095718,cbse-board,cbse-board,NULL,science,subj-business,en,none,ver-cbse-board-2026,HUMAN_CURATED,short_answer,0,HUMAN_CURATED,PHASE_16,ACTIVE,LEGACY_RECORD
q-subj-business-p17c-095719,cbse-board,cbse-board,NULL,science,subj-business,en,none,ver-cbse-board-2026,HUMAN_CURATED,case_study,0,HUMAN_CURATED,PHASE_16,ACTIVE,LEGACY_RECORD
q-subj-business-p17c-095720,cbse-board,cbse-board,NULL,science,subj-business,en,none,ver-cbse-board-2026,HUMAN_CURATED,single_mcq,0,HUMAN_CURATED,PHASE_16,ACTIVE,LEGACY_RECORD
q-subj-business-p17c-095721,cbse-board,cbse-board,NULL,science,subj-business,en,none,ver-cbse-board-2026,HUMAN_CURATED,short_answer,0,HUMAN_CURATED,PHASE_16,ACTIVE,LEGACY_RECORD
q-subj-business-p17c-095722,cbse-board,cbse-board,NULL,science,subj-business,en,none,ver-cbse-board-2026,HUMAN_CURATED,case_study,0,HUMAN_CURATED,PHASE_16,ACTIVE,LEGACY_RECORD
q-subj-business-p17c-095723,cbse-board,cbse-board,NULL,science,subj-business,en,none,ver-cbse-board-2026,HUMAN_CURATED,single_mcq,0,HUMAN_CURATED,PHASE_16,ACTIVE,LEGACY_RECORD
q-subj-business-p17c-095724,cbse-board,cbse-board,NULL,science,subj-business,en,none,ver-cbse-board-2026,HUMAN_CURATED,short_answer,0,HUMAN_CURATED,PHASE_16,ACTIVE,LEGACY_RECORD
q-subj-business-p17c-095725,cbse-board,cbse-board,NULL,science,subj-business,en,none,ver-cbse-board-2026,HUMAN_CURATED,case_study,0,HUMAN_CURATED,PHASE_16,ACTIVE,LEGACY_RECORD
q-subj-business-p17c-095726,cbse-board,cbse-board,NULL,science,subj-business,en,none,ver-cbse-board-2026,HUMAN_CURATED,single_mcq,0,HUMAN_CURATED,PHASE_16,ACTIVE,LEGACY_RECORD
q-subj-business-p17c-095727,cbse-board,cbse-board,NULL,science,subj-business,en,none,ver-cbse-board-2026,HUMAN_CURATED,short_answer,0,HUMAN_CURATED,PHASE_16,ACTIVE,LEGACY_RECORD
q-subj-business-p17c-095728,cbse-board,cbse-board,NULL,science,subj-business,en,none,ver-cbse-board-2026,HUMAN_CURATED,case_study,0,HUMAN_CURATED,PHASE_16,ACTIVE,LEGACY_RECORD
q-subj-business-p17c-095729,cbse-board,cbse-board,NULL,science,subj-business,en,none,ver-cbse-board-2026,HUMAN_CURATED,single_mcq,0,HUMAN_CURATED,PHASE_16,ACTIVE,LEGACY_RECORD
q-subj-business-p17c-095730,cbse-board,cbse-board,NULL,science,subj-business,en,none,ver-cbse-board-2026,HUMAN_CURATED,short_answer,0,HUMAN_CURATED,PHASE_16,ACTIVE,LEGACY_RECORD
q-subj-business-p17c-095731,cbse-board,cbse-board,NULL,science,subj-business,en,none,ver-cbse-board-2026,HUMAN_CURATED,case_study,0,HUMAN_CURATED,PHASE_16,ACTIVE,LEGACY_RECORD
q-subj-business-p17c-095732,cbse-board,cbse-board,NULL,science,subj-business,en,none,ver-cbse-board-2026,HUMAN_CURATED,single_mcq,0,HUMAN_CURATED,PHASE_16,ACTIVE,LEGACY_RECORD
q-subj-business-p17c-095733,cbse-board,cbse-board,NULL,science,subj-business,en,none,ver-cbse-board-2026,HUMAN_CURATED,short_answer,0,HUMAN_CURATED,PHASE_16,ACTIVE,LEGACY_RECORD
q-subj-business-p17c-095734,cbse-board,cbse-board,NULL,science,subj-business,en,none,ver-cbse-board-2026,HUMAN_CURATED,case_study,0,HUMAN_CURATED,PHASE_16,ACTIVE,LEGACY_RECORD
q-subj-business-p17c-095735,cbse-board,cbse-board,NULL,science,subj-business,en,none,ver-cbse-board-2026,HUMAN_CURATED,single_mcq,0,HUMAN_CURATED,PHASE_16,ACTIVE,LEGACY_RECORD
q-subj-business-p17c-095736,cbse-board,cbse-board,NULL,science,subj-business,en,none,ver-cbse-board-2026,HUMAN_CURATED,short_answer,0,HUMAN_CURATED,PHASE_16,ACTIVE,LEGACY_RECORD
q-subj-business-p17c-095737,cbse-board,cbse-board,NULL,science,subj-business,en,none,ver-cbse-board-2026,HUMAN_CURATED,case_study,0,HUMAN_CURATED,PHASE_16,ACTIVE,LEGACY_RECORD
q-subj-business-p17c-095738,cbse-board,cbse-board,NULL,science,subj-business,en,none,ver-cbse-board-2026,HUMAN_CURATED,single_mcq,0,HUMAN_CURATED,PHASE_16,ACTIVE,LEGACY_RECORD
q-subj-business-p17c-095739,cbse-board,cbse-board,NULL,science,subj-business,en,none,ver-cbse-board-2026,HUMAN_CURATED,short_answer,0,HUMAN_CURATED,PHASE_16,ACTIVE,LEGACY_RECORD
q-subj-business-p17c-095740,cbse-board,cbse-board,NULL,science,subj-business,en,none,ver-cbse-board-2026,HUMAN_CURATED,case_study,0,HUMAN_CURATED,PHASE_16,ACTIVE,LEGACY_RECORD
q-subj-business-p17c-095741,cbse-board,cbse-board,NULL,science,subj-business,en,none,ver-cbse-board-2026,HUMAN_CURATED,single_mcq,0,HUMAN_CURATED,PHASE_16,ACTIVE,LEGACY_RECORD
q-subj-business-p17c-095742,cbse-board,cbse-board,NULL,science,subj-business,en,none,ver-cbse-board-2026,HUMAN_CURATED,short_answer,0,HUMAN_CURATED,PHASE_16,ACTIVE,LEGACY_RECORD
q-subj-business-p17c-095743,cbse-board,cbse-board,NULL,science,subj-business,en,none,ver-cbse-board-2026,HUMAN_CURATED,case_study,0,HUMAN_CURATED,PHASE_16,ACTIVE,LEGACY_RECORD
q-subj-business-p17c-095744,cbse-board,cbse-board,NULL,science,subj-business,en,none,ver-cbse-board-2026,HUMAN_CURATED,single_mcq,0,HUMAN_CURATED,PHASE_16,ACTIVE,LEGACY_RECORD
q-subj-business-p17c-095745,cbse-board,cbse-board,NULL,science,subj-business,en,none,ver-cbse-board-2026,HUMAN_CURATED,short_answer,0,HUMAN_CURATED,PHASE_16,ACTIVE,LEGACY_RECORD
q-subj-business-p17c-095746,cbse-board,cbse-board,NULL,science,subj-business,en,none,ver-cbse-board-2026,HUMAN_CURATED,case_study,0,HUMAN_CURATED,PHASE_16,ACTIVE,LEGACY_RECORD
q-subj-business-p17c-095747,cbse-board,cbse-board,NULL,science,subj-business,en,none,ver-cbse-board-2026,HUMAN_CURATED,single_mcq,0,HUMAN_CURATED,PHASE_16,ACTIVE,LEGACY_RECORD
q-subj-business-p17c-095748,cbse-board,cbse-board,NULL,science,subj-business,en,none,ver-cbse-board-2026,HUMAN_CURATED,short_answer,0,HUMAN_CURATED,PHASE_16,ACTIVE,LEGACY_RECORD
q-subj-business-p17c-095749,cbse-board,cbse-board,NULL,science,subj-business,en,none,ver-cbse-board-2026,HUMAN_CURATED,case_study,0,HUMAN_CURATED,PHASE_16,ACTIVE,LEGACY_RECORD
q-subj-business-p17c-095750,cbse-board,cbse-board,NULL,science,subj-business,en,none,ver-cbse-board-2026,HUMAN_CURATED,single_mcq,0,HUMAN_CURATED,PHASE_16,ACTIVE,LEGACY_RECORD
q-subj-business-p17c-095751,cbse-board,cbse-board,NULL,science,subj-business,en,none,ver-cbse-board-2026,HUMAN_CURATED,short_answer,0,HUMAN_CURATED,PHASE_16,ACTIVE,LEGACY_RECORD
q-subj-business-p17c-095752,cbse-board,cbse-board,NULL,science,subj-business,en,none,ver-cbse-board-2026,HUMAN_CURATED,case_study,0,HUMAN_CURATED,PHASE_16,ACTIVE,LEGACY_RECORD
q-subj-business-p17c-095753,cbse-board,cbse-board,NULL,science,subj-business,en,none,ver-cbse-board-2026,HUMAN_CURATED,single_mcq,0,HUMAN_CURATED,PHASE_16,ACTIVE,LEGACY_RECORD
q-subj-business-p17c-095754,cbse-board,cbse-board,NULL,science,subj-business,en,none,ver-cbse-board-2026,HUMAN_CURATED,short_answer,0,HUMAN_CURATED,PHASE_16,ACTIVE,LEGACY_RECORD
q-subj-business-p17c-095755,cbse-board,cbse-board,NULL,science,subj-business,en,none,ver-cbse-board-2026,HUMAN_CURATED,case_study,0,HUMAN_CURATED,PHASE_16,ACTIVE,LEGACY_RECORD
q-subj-business-p17c-095756,cbse-board,cbse-board,NULL,science,subj-business,en,none,ver-cbse-board-2026,HUMAN_CURATED,single_mcq,0,HUMAN_CURATED,PHASE_16,ACTIVE,LEGACY_RECORD
q-subj-business-p17c-095757,cbse-board,cbse-board,NULL,science,subj-business,en,none,ver-cbse-board-2026,HUMAN_CURATED,short_answer,0,HUMAN_CURATED,PHASE_16,ACTIVE,LEGACY_RECORD
q-subj-business-p17c-095758,cbse-board,cbse-board,NULL,science,subj-business,en,none,ver-cbse-board-2026,HUMAN_CURATED,case_study,0,HUMAN_CURATED,PHASE_16,ACTIVE,LEGACY_RECORD
q-subj-business-p17c-095759,cbse-board,cbse-board,NULL,science,subj-business,en,none,ver-cbse-board-2026,HUMAN_CURATED,single_mcq,0,HUMAN_CURATED,PHASE_16,ACTIVE,LEGACY_RECORD
q-subj-business-p17c-095760,cbse-board,cbse-board,NULL,science,subj-business,en,none,ver-cbse-board-2026,HUMAN_CURATED,short_answer,0,HUMAN_CURATED,PHASE_16,ACTIVE,LEGACY_RECORD
q-subj-business-p17c-095761,cbse-board,cbse-board,NULL,science,subj-business,en,none,ver-cbse-board-2026,HUMAN_CURATED,case_study,0,HUMAN_CURATED,PHASE_16,ACTIVE,LEGACY_RECORD
q-subj-business-p17c-095762,cbse-board,cbse-board,NULL,science,subj-business,en,none,ver-cbse-board-2026,HUMAN_CURATED,single_mcq,0,HUMAN_CURATED,PHASE_16,ACTIVE,LEGACY_RECORD
q-subj-business-p17c-095763,cbse-board,cbse-board,NULL,science,subj-business,en,none,ver-cbse-board-2026,HUMAN_CURATED,short_answer,0,HUMAN_CURATED,PHASE_16,ACTIVE,LEGACY_RECORD
q-subj-business-p17c-095764,cbse-board,cbse-board,NULL,science,subj-business,en,none,ver-cbse-board-2026,HUMAN_CURATED,case_study,0,HUMAN_CURATED,PHASE_16,ACTIVE,LEGACY_RECORD
q-subj-business-p17c-095765,cbse-board,cbse-board,NULL,science,subj-business,en,none,ver-cbse-board-2026,HUMAN_CURATED,single_mcq,0,HUMAN_CURATED,PHASE_16,ACTIVE,LEGACY_RECORD
q-subj-business-p17c-095766,cbse-board,cbse-board,NULL,science,subj-business,en,none,ver-cbse-board-2026,HUMAN_CURATED,short_answer,0,HUMAN_CURATED,PHASE_16,ACTIVE,LEGACY_RECORD
q-subj-business-p17c-095767,cbse-board,cbse-board,NULL,science,subj-business,en,none,ver-cbse-board-2026,HUMAN_CURATED,case_study,0,HUMAN_CURATED,PHASE_16,ACTIVE,LEGACY_RECORD
q-subj-business-p17c-095768,cbse-board,cbse-board,NULL,science,subj-business,en,none,ver-cbse-board-2026,HUMAN_CURATED,single_mcq,0,HUMAN_CURATED,PHASE_16,ACTIVE,LEGACY_RECORD
q-subj-business-p17c-095769,cbse-board,cbse-board,NULL,science,subj-business,en,none,ver-cbse-board-2026,HUMAN_CURATED,short_answer,0,HUMAN_CURATED,PHASE_16,ACTIVE,LEGACY_RECORD
q-subj-business-p17c-095770,cbse-board,cbse-board,NULL,science,subj-business,en,none,ver-cbse-board-2026,HUMAN_CURATED,case_study,0,HUMAN_CURATED,PHASE_16,ACTIVE,LEGACY_RECORD
q-subj-business-p17c-095771,cbse-board,cbse-board,NULL,science,subj-business,en,none,ver-cbse-board-2026,HUMAN_CURATED,single_mcq,0,HUMAN_CURATED,PHASE_16,ACTIVE,LEGACY_RECORD
q-subj-business-p17c-095772,cbse-board,cbse-board,NULL,science,subj-business,en,none,ver-cbse-board-2026,HUMAN_CURATED,short_answer,0,HUMAN_CURATED,PHASE_16,ACTIVE,LEGACY_RECORD
q-subj-business-p17c-095773,cbse-board,cbse-board,NULL,science,subj-business,en,none,ver-cbse-board-2026,HUMAN_CURATED,case_study,0,HUMAN_CURATED,PHASE_16,ACTIVE,LEGACY_RECORD
q-subj-business-p17c-095774,cbse-board,cbse-board,NULL,science,subj-business,en,none,ver-cbse-board-2026,HUMAN_CURATED,single_mcq,0,HUMAN_CURATED,PHASE_16,ACTIVE,LEGACY_RECORD
q-subj-business-p17c-095775,cbse-board,cbse-board,NULL,science,subj-business,en,none,ver-cbse-board-2026,HUMAN_CURATED,short_answer,0,HUMAN_CURATED,PHASE_16,ACTIVE,LEGACY_RECORD
q-subj-business-p17c-095776,cbse-board,cbse-board,NULL,science,subj-business,en,none,ver-cbse-board-2026,HUMAN_CURATED,case_study,0,HUMAN_CURATED,PHASE_16,ACTIVE,LEGACY_RECORD
q-subj-business-p17c-095777,cbse-board,cbse-board,NULL,science,subj-business,en,none,ver-cbse-board-2026,HUMAN_CURATED,single_mcq,0,HUMAN_CURATED,PHASE_16,ACTIVE,LEGACY_RECORD
q-subj-business-p17c-095778,cbse-board,cbse-board,NULL,science,subj-business,en,none,ver-cbse-board-2026,HUMAN_CURATED,short_answer,0,HUMAN_CURATED,PHASE_16,ACTIVE,LEGACY_RECORD
q-subj-business-p17c-095779,cbse-board,cbse-board,NULL,science,subj-business,en,none,ver-cbse-board-2026,HUMAN_CURATED,case_study,0,HUMAN_CURATED,PHASE_16,ACTIVE,LEGACY_RECORD
q-subj-business-p17c-095780,cbse-board,cbse-board,NULL,science,subj-business,en,none,ver-cbse-board-2026,HUMAN_CURATED,single_mcq,0,HUMAN_CURATED,PHASE_16,ACTIVE,LEGACY_RECORD
q-subj-business-p17c-095781,cbse-board,cbse-board,NULL,science,subj-business,en,none,ver-cbse-board-2026,HUMAN_CURATED,short_answer,0,HUMAN_CURATED,PHASE_16,ACTIVE,LEGACY_RECORD
q-subj-business-p17c-095782,cbse-board,cbse-board,NULL,science,subj-business,en,none,ver-cbse-board-2026,HUMAN_CURATED,case_study,0,HUMAN_CURATED,PHASE_16,ACTIVE,LEGACY_RECORD
q-subj-business-p17c-095783,cbse-board,cbse-board,NULL,science,subj-business,en,none,ver-cbse-board-2026,HUMAN_CURATED,single_mcq,0,HUMAN_CURATED,PHASE_16,ACTIVE,LEGACY_RECORD
q-subj-business-p17c-095784,cbse-board,cbse-board,NULL,science,subj-business,en,none,ver-cbse-board-2026,HUMAN_CURATED,short_answer,0,HUMAN_CURATED,PHASE_16,ACTIVE,LEGACY_RECORD
q-subj-business-p17c-095785,cbse-board,cbse-board,NULL,science,subj-business,en,none,ver-cbse-board-2026,HUMAN_CURATED,case_study,0,HUMAN_CURATED,PHASE_16,ACTIVE,LEGACY_RECORD
q-subj-business-p17c-095786,cbse-board,cbse-board,NULL,science,subj-business,en,none,ver-cbse-board-2026,HUMAN_CURATED,single_mcq,0,HUMAN_CURATED,PHASE_16,ACTIVE,LEGACY_RECORD
q-subj-business-p17c-095787,cbse-board,cbse-board,NULL,science,subj-business,en,none,ver-cbse-board-2026,HUMAN_CURATED,short_answer,0,HUMAN_CURATED,PHASE_16,ACTIVE,LEGACY_RECORD
q-subj-business-p17c-095788,cbse-board,cbse-board,NULL,science,subj-business,en,none,ver-cbse-board-2026,HUMAN_CURATED,case_study,0,HUMAN_CURATED,PHASE_16,ACTIVE,LEGACY_RECORD
q-subj-business-p17c-095789,cbse-board,cbse-board,NULL,science,subj-business,en,none,ver-cbse-board-2026,HUMAN_CURATED,single_mcq,0,HUMAN_CURATED,PHASE_16,ACTIVE,LEGACY_RECORD
q-subj-business-p17c-095790,cbse-board,cbse-board,NULL,science,subj-business,en,none,ver-cbse-board-2026,HUMAN_CURATED,short_answer,0,HUMAN_CURATED,PHASE_16,ACTIVE,LEGACY_RECORD
q-subj-business-p17c-095791,cbse-board,cbse-board,NULL,science,subj-business,en,none,ver-cbse-board-2026,HUMAN_CURATED,case_study,0,HUMAN_CURATED,PHASE_16,ACTIVE,LEGACY_RECORD
q-subj-business-p17c-095792,cbse-board,cbse-board,NULL,science,subj-business,en,none,ver-cbse-board-2026,HUMAN_CURATED,single_mcq,0,HUMAN_CURATED,PHASE_16,ACTIVE,LEGACY_RECORD
q-subj-business-p17c-095793,cbse-board,cbse-board,NULL,science,subj-business,en,none,ver-cbse-board-2026,HUMAN_CURATED,short_answer,0,HUMAN_CURATED,PHASE_16,ACTIVE,LEGACY_RECORD
q-subj-business-p17c-095794,cbse-board,cbse-board,NULL,science,subj-business,en,none,ver-cbse-board-2026,HUMAN_CURATED,case_study,0,HUMAN_CURATED,PHASE_16,ACTIVE,LEGACY_RECORD
q-subj-business-p17c-095795,cbse-board,cbse-board,NULL,science,subj-business,en,none,ver-cbse-board-2026,HUMAN_CURATED,single_mcq,0,HUMAN_CURATED,PHASE_16,ACTIVE,LEGACY_RECORD
q-subj-business-p17c-095796,cbse-board,cbse-board,NULL,science,subj-business,en,none,ver-cbse-board-2026,HUMAN_CURATED,short_answer,0,HUMAN_CURATED,PHASE_16,ACTIVE,LEGACY_RECORD
q-subj-business-p17c-095797,cbse-board,cbse-board,NULL,science,subj-business,en,none,ver-cbse-board-2026,HUMAN_CURATED,case_study,0,HUMAN_CURATED,PHASE_16,ACTIVE,LEGACY_RECORD
q-subj-business-p17c-095798,cbse-board,cbse-board,NULL,science,subj-business,en,none,ver-cbse-board-2026,HUMAN_CURATED,single_mcq,0,HUMAN_CURATED,PHASE_16,ACTIVE,LEGACY_RECORD
q-subj-business-p17c-095799,cbse-board,cbse-board,NULL,science,subj-business,en,none,ver-cbse-board-2026,HUMAN_CURATED,short_answer,0,HUMAN_CURATED,PHASE_16,ACTIVE,LEGACY_RECORD
q-subj-business-p17c-095800,cbse-board,cbse-board,NULL,science,subj-business,en,none,ver-cbse-board-2026,HUMAN_CURATED,case_study,0,HUMAN_CURATED,PHASE_16,ACTIVE,LEGACY_RECORD
q-subj-business-p17c-095801,cbse-board,cbse-board,NULL,science,subj-business,en,none,ver-cbse-board-2026,HUMAN_CURATED,single_mcq,0,HUMAN_CURATED,PHASE_16,ACTIVE,LEGACY_RECORD
q-subj-business-p17c-095802,cbse-board,cbse-board,NULL,science,subj-business,en,none,ver-cbse-board-2026,HUMAN_CURATED,short_answer,0,HUMAN_CURATED,PHASE_16,ACTIVE,LEGACY_RECORD
q-subj-business-p17c-095803,cbse-board,cbse-board,NULL,science,subj-business,en,none,ver-cbse-board-2026,HUMAN_CURATED,case_study,0,HUMAN_CURATED,PHASE_16,ACTIVE,LEGACY_RECORD
q-subj-business-p17c-095804,cbse-board,cbse-board,NULL,science,subj-business,en,none,ver-cbse-board-2026,HUMAN_CURATED,single_mcq,0,HUMAN_CURATED,PHASE_16,ACTIVE,LEGACY_RECORD
q-subj-business-p17c-095805,cbse-board,cbse-board,NULL,science,subj-business,en,none,ver-cbse-board-2026,HUMAN_CURATED,short_answer,0,HUMAN_CURATED,PHASE_16,ACTIVE,LEGACY_RECORD
q-subj-business-p17c-095806,cbse-board,cbse-board,NULL,science,subj-business,en,none,ver-cbse-board-2026,HUMAN_CURATED,case_study,0,HUMAN_CURATED,PHASE_16,ACTIVE,LEGACY_RECORD
q-subj-business-p17c-095807,cbse-board,cbse-board,NULL,science,subj-business,en,none,ver-cbse-board-2026,HUMAN_CURATED,single_mcq,0,HUMAN_CURATED,PHASE_16,ACTIVE,LEGACY_RECORD
q-subj-business-p17c-095808,cbse-board,cbse-board,NULL,science,subj-business,en,none,ver-cbse-board-2026,HUMAN_CURATED,short_answer,0,HUMAN_CURATED,PHASE_16,ACTIVE,LEGACY_RECORD
q-subj-business-p17c-095809,cbse-board,cbse-board,NULL,science,subj-business,en,none,ver-cbse-board-2026,HUMAN_CURATED,case_study,0,HUMAN_CURATED,PHASE_16,ACTIVE,LEGACY_RECORD
q-subj-business-p17c-095810,cbse-board,cbse-board,NULL,science,subj-business,en,none,ver-cbse-board-2026,HUMAN_CURATED,single_mcq,0,HUMAN_CURATED,PHASE_16,ACTIVE,LEGACY_RECORD
q-subj-business-p17c-095811,cbse-board,cbse-board,NULL,science,subj-business,en,none,ver-cbse-board-2026,HUMAN_CURATED,short_answer,0,HUMAN_CURATED,PHASE_16,ACTIVE,LEGACY_RECORD
q-subj-business-p17c-095812,cbse-board,cbse-board,NULL,science,subj-business,en,none,ver-cbse-board-2026,HUMAN_CURATED,case_study,0,HUMAN_CURATED,PHASE_16,ACTIVE,LEGACY_RECORD
q-subj-business-p17c-095813,cbse-board,cbse-board,NULL,science,subj-business,en,none,ver-cbse-board-2026,HUMAN_CURATED,single_mcq,0,HUMAN_CURATED,PHASE_16,ACTIVE,LEGACY_RECORD
q-subj-business-p17c-095814,cbse-board,cbse-board,NULL,science,subj-business,en,none,ver-cbse-board-2026,HUMAN_CURATED,short_answer,0,HUMAN_CURATED,PHASE_16,ACTIVE,LEGACY_RECORD
q-subj-business-p17c-095815,cbse-board,cbse-board,NULL,science,subj-business,en,none,ver-cbse-board-2026,HUMAN_CURATED,case_study,0,HUMAN_CURATED,PHASE_16,ACTIVE,LEGACY_RECORD
q-subj-business-p17c-095816,cbse-board,cbse-board,NULL,science,subj-business,en,none,ver-cbse-board-2026,HUMAN_CURATED,single_mcq,0,HUMAN_CURATED,PHASE_16,ACTIVE,LEGACY_RECORD
q-subj-business-p17c-095817,cbse-board,cbse-board,NULL,science,subj-business,en,none,ver-cbse-board-2026,HUMAN_CURATED,short_answer,0,HUMAN_CURATED,PHASE_16,ACTIVE,LEGACY_RECORD
q-subj-business-p17c-095818,cbse-board,cbse-board,NULL,science,subj-business,en,none,ver-cbse-board-2026,HUMAN_CURATED,case_study,0,HUMAN_CURATED,PHASE_16,ACTIVE,LEGACY_RECORD
q-subj-business-p17c-095819,cbse-board,cbse-board,NULL,science,subj-business,en,none,ver-cbse-board-2026,HUMAN_CURATED,single_mcq,0,HUMAN_CURATED,PHASE_16,ACTIVE,LEGACY_RECORD
q-subj-business-p17c-095820,cbse-board,cbse-board,NULL,science,subj-business,en,none,ver-cbse-board-2026,HUMAN_CURATED,short_answer,0,HUMAN_CURATED,PHASE_16,ACTIVE,LEGACY_RECORD
q-subj-business-p17c-095821,cbse-board,cbse-board,NULL,science,subj-business,en,none,ver-cbse-board-2026,HUMAN_CURATED,case_study,0,HUMAN_CURATED,PHASE_16,ACTIVE,LEGACY_RECORD
q-subj-business-p17c-095822,cbse-board,cbse-board,NULL,science,subj-business,en,none,ver-cbse-board-2026,HUMAN_CURATED,single_mcq,0,HUMAN_CURATED,PHASE_16,ACTIVE,LEGACY_RECORD
q-subj-business-p17c-095823,cbse-board,cbse-board,NULL,science,subj-business,en,none,ver-cbse-board-2026,HUMAN_CURATED,short_answer,0,HUMAN_CURATED,PHASE_16,ACTIVE,LEGACY_RECORD
q-subj-business-p17c-095824,cbse-board,cbse-board,NULL,science,subj-business,en,none,ver-cbse-board-2026,HUMAN_CURATED,case_study,0,HUMAN_CURATED,PHASE_16,ACTIVE,LEGACY_RECORD
q-subj-business-p17c-095825,cbse-board,cbse-board,NULL,science,subj-business,en,none,ver-cbse-board-2026,HUMAN_CURATED,single_mcq,0,HUMAN_CURATED,PHASE_16,ACTIVE,LEGACY_RECORD
q-subj-business-p17c-095826,cbse-board,cbse-board,NULL,science,subj-business,en,none,ver-cbse-board-2026,HUMAN_CURATED,short_answer,0,HUMAN_CURATED,PHASE_16,ACTIVE,LEGACY_RECORD
q-subj-business-p17c-095827,cbse-board,cbse-board,NULL,science,subj-business,en,none,ver-cbse-board-2026,HUMAN_CURATED,case_study,0,HUMAN_CURATED,PHASE_16,ACTIVE,LEGACY_RECORD
q-subj-business-p17c-095828,cbse-board,cbse-board,NULL,science,subj-business,en,none,ver-cbse-board-2026,HUMAN_CURATED,single_mcq,0,HUMAN_CURATED,PHASE_16,ACTIVE,LEGACY_RECORD
q-subj-business-p17c-095829,cbse-board,cbse-board,NULL,science,subj-business,en,none,ver-cbse-board-2026,HUMAN_CURATED,short_answer,0,HUMAN_CURATED,PHASE_16,ACTIVE,LEGACY_RECORD
q-subj-business-p17c-095830,cbse-board,cbse-board,NULL,science,subj-business,en,none,ver-cbse-board-2026,HUMAN_CURATED,case_study,0,HUMAN_CURATED,PHASE_16,ACTIVE,LEGACY_RECORD
q-subj-business-p17c-095831,cbse-board,cbse-board,NULL,science,subj-business,en,none,ver-cbse-board-2026,HUMAN_CURATED,single_mcq,0,HUMAN_CURATED,PHASE_16,ACTIVE,LEGACY_RECORD
q-subj-business-p17c-095832,cbse-board,cbse-board,NULL,science,subj-business,en,none,ver-cbse-board-2026,HUMAN_CURATED,short_answer,0,HUMAN_CURATED,PHASE_16,ACTIVE,LEGACY_RECORD
q-subj-business-p17c-095833,cbse-board,cbse-board,NULL,science,subj-business,en,none,ver-cbse-board-2026,HUMAN_CURATED,case_study,0,HUMAN_CURATED,PHASE_16,ACTIVE,LEGACY_RECORD
q-subj-business-p17c-095834,cbse-board,cbse-board,NULL,science,subj-business,en,none,ver-cbse-board-2026,HUMAN_CURATED,single_mcq,0,HUMAN_CURATED,PHASE_16,ACTIVE,LEGACY_RECORD
q-subj-business-p17c-095835,cbse-board,cbse-board,NULL,science,subj-business,en,none,ver-cbse-board-2026,HUMAN_CURATED,short_answer,0,HUMAN_CURATED,PHASE_16,ACTIVE,LEGACY_RECORD
q-subj-business-p17c-095836,cbse-board,cbse-board,NULL,science,subj-business,en,none,ver-cbse-board-2026,HUMAN_CURATED,case_study,0,HUMAN_CURATED,PHASE_16,ACTIVE,LEGACY_RECORD
q-subj-business-p17c-095837,cbse-board,cbse-board,NULL,science,subj-business,en,none,ver-cbse-board-2026,HUMAN_CURATED,single_mcq,0,HUMAN_CURATED,PHASE_16,ACTIVE,LEGACY_RECORD
q-subj-business-p17c-095838,cbse-board,cbse-board,NULL,science,subj-business,en,none,ver-cbse-board-2026,HUMAN_CURATED,short_answer,0,HUMAN_CURATED,PHASE_16,ACTIVE,LEGACY_RECORD
q-subj-business-p17c-095839,cbse-board,cbse-board,NULL,science,subj-business,en,none,ver-cbse-board-2026,HUMAN_CURATED,case_study,0,HUMAN_CURATED,PHASE_16,ACTIVE,LEGACY_RECORD
q-subj-business-p17c-095840,cbse-board,cbse-board,NULL,science,subj-business,en,none,ver-cbse-board-2026,HUMAN_CURATED,single_mcq,0,HUMAN_CURATED,PHASE_16,ACTIVE,LEGACY_RECORD
q-subj-business-p17c-095841,cbse-board,cbse-board,NULL,science,subj-business,en,none,ver-cbse-board-2026,HUMAN_CURATED,short_answer,0,HUMAN_CURATED,PHASE_16,ACTIVE,LEGACY_RECORD
q-subj-business-p17c-095842,cbse-board,cbse-board,NULL,science,subj-business,en,none,ver-cbse-board-2026,HUMAN_CURATED,case_study,0,HUMAN_CURATED,PHASE_16,ACTIVE,LEGACY_RECORD
q-subj-business-p17c-095843,cbse-board,cbse-board,NULL,science,subj-business,en,none,ver-cbse-board-2026,HUMAN_CURATED,single_mcq,0,HUMAN_CURATED,PHASE_16,ACTIVE,LEGACY_RECORD
q-subj-business-p17c-095844,cbse-board,cbse-board,NULL,science,subj-business,en,none,ver-cbse-board-2026,HUMAN_CURATED,short_answer,0,HUMAN_CURATED,PHASE_16,ACTIVE,LEGACY_RECORD
q-subj-business-p17c-095845,cbse-board,cbse-board,NULL,science,subj-business,en,none,ver-cbse-board-2026,HUMAN_CURATED,case_study,0,HUMAN_CURATED,PHASE_16,ACTIVE,LEGACY_RECORD
q-subj-business-p17c-095846,cbse-board,cbse-board,NULL,science,subj-business,en,none,ver-cbse-board-2026,HUMAN_CURATED,single_mcq,0,HUMAN_CURATED,PHASE_16,ACTIVE,LEGACY_RECORD
q-subj-business-p17c-095847,cbse-board,cbse-board,NULL,science,subj-business,en,none,ver-cbse-board-2026,HUMAN_CURATED,short_answer,0,HUMAN_CURATED,PHASE_16,ACTIVE,LEGACY_RECORD
q-subj-business-p17c-095848,cbse-board,cbse-board,NULL,science,subj-business,en,none,ver-cbse-board-2026,HUMAN_CURATED,case_study,0,HUMAN_CURATED,PHASE_16,ACTIVE,LEGACY_RECORD
q-subj-business-p17c-095849,cbse-board,cbse-board,NULL,science,subj-business,en,none,ver-cbse-board-2026,HUMAN_CURATED,single_mcq,0,HUMAN_CURATED,PHASE_16,ACTIVE,LEGACY_RECORD
q-subj-business-p17c-095850,cbse-board,cbse-board,NULL,science,subj-business,en,none,ver-cbse-board-2026,HUMAN_CURATED,short_answer,0,HUMAN_CURATED,PHASE_16,ACTIVE,LEGACY_RECORD
q-subj-business-p17c-095851,cbse-board,cbse-board,NULL,science,subj-business,en,none,ver-cbse-board-2026,HUMAN_CURATED,case_study,0,HUMAN_CURATED,PHASE_16,ACTIVE,LEGACY_RECORD
q-subj-business-p17c-095852,cbse-board,cbse-board,NULL,science,subj-business,en,none,ver-cbse-board-2026,HUMAN_CURATED,single_mcq,0,HUMAN_CURATED,PHASE_16,ACTIVE,LEGACY_RECORD
q-subj-business-p17c-095853,cbse-board,cbse-board,NULL,science,subj-business,en,none,ver-cbse-board-2026,HUMAN_CURATED,short_answer,0,HUMAN_CURATED,PHASE_16,ACTIVE,LEGACY_RECORD
q-subj-business-p17c-095854,cbse-board,cbse-board,NULL,science,subj-business,en,none,ver-cbse-board-2026,HUMAN_CURATED,case_study,0,HUMAN_CURATED,PHASE_16,ACTIVE,LEGACY_RECORD
q-subj-business-p17c-095855,cbse-board,cbse-board,NULL,science,subj-business,en,none,ver-cbse-board-2026,HUMAN_CURATED,single_mcq,0,HUMAN_CURATED,PHASE_16,ACTIVE,LEGACY_RECORD
q-subj-business-p17c-095856,cbse-board,cbse-board,NULL,science,subj-business,en,none,ver-cbse-board-2026,HUMAN_CURATED,short_answer,0,HUMAN_CURATED,PHASE_16,ACTIVE,LEGACY_RECORD
q-subj-business-p17c-095857,cbse-board,cbse-board,NULL,science,subj-business,en,none,ver-cbse-board-2026,HUMAN_CURATED,case_study,0,HUMAN_CURATED,PHASE_16,ACTIVE,LEGACY_RECORD
q-subj-business-p17c-095858,cbse-board,cbse-board,NULL,science,subj-business,en,none,ver-cbse-board-2026,HUMAN_CURATED,single_mcq,0,HUMAN_CURATED,PHASE_16,ACTIVE,LEGACY_RECORD
q-subj-business-p17c-095859,cbse-board,cbse-board,NULL,science,subj-business,en,none,ver-cbse-board-2026,HUMAN_CURATED,short_answer,0,HUMAN_CURATED,PHASE_16,ACTIVE,LEGACY_RECORD
q-subj-business-p17c-095860,cbse-board,cbse-board,NULL,science,subj-business,en,none,ver-cbse-board-2026,HUMAN_CURATED,case_study,0,HUMAN_CURATED,PHASE_16,ACTIVE,LEGACY_RECORD
q-subj-business-p17c-095861,cbse-board,cbse-board,NULL,science,subj-business,en,none,ver-cbse-board-2026,HUMAN_CURATED,single_mcq,0,HUMAN_CURATED,PHASE_16,ACTIVE,LEGACY_RECORD
q-subj-business-p17c-095862,cbse-board,cbse-board,NULL,science,subj-business,en,none,ver-cbse-board-2026,HUMAN_CURATED,short_answer,0,HUMAN_CURATED,PHASE_16,ACTIVE,LEGACY_RECORD
q-subj-business-p17c-095863,cbse-board,cbse-board,NULL,science,subj-business,en,none,ver-cbse-board-2026,HUMAN_CURATED,case_study,0,HUMAN_CURATED,PHASE_16,ACTIVE,LEGACY_RECORD
q-subj-business-p17c-095864,cbse-board,cbse-board,NULL,science,subj-business,en,none,ver-cbse-board-2026,HUMAN_CURATED,single_mcq,0,HUMAN_CURATED,PHASE_16,ACTIVE,LEGACY_RECORD
q-subj-business-p17c-095865,cbse-board,cbse-board,NULL,science,subj-business,en,none,ver-cbse-board-2026,HUMAN_CURATED,short_answer,0,HUMAN_CURATED,PHASE_16,ACTIVE,LEGACY_RECORD
q-subj-business-p17c-095866,cbse-board,cbse-board,NULL,science,subj-business,en,none,ver-cbse-board-2026,HUMAN_CURATED,case_study,0,HUMAN_CURATED,PHASE_16,ACTIVE,LEGACY_RECORD
q-subj-business-p17c-095867,cbse-board,cbse-board,NULL,science,subj-business,en,none,ver-cbse-board-2026,HUMAN_CURATED,single_mcq,0,HUMAN_CURATED,PHASE_16,ACTIVE,LEGACY_RECORD
q-subj-business-p17c-095868,cbse-board,cbse-board,NULL,science,subj-business,en,none,ver-cbse-board-2026,HUMAN_CURATED,short_answer,0,HUMAN_CURATED,PHASE_16,ACTIVE,LEGACY_RECORD
q-subj-business-p17c-095869,cbse-board,cbse-board,NULL,science,subj-business,en,none,ver-cbse-board-2026,HUMAN_CURATED,case_study,0,HUMAN_CURATED,PHASE_16,ACTIVE,LEGACY_RECORD
q-subj-business-p17c-095870,cbse-board,cbse-board,NULL,science,subj-business,en,none,ver-cbse-board-2026,HUMAN_CURATED,single_mcq,0,HUMAN_CURATED,PHASE_16,ACTIVE,LEGACY_RECORD
q-subj-business-p17c-095871,cbse-board,cbse-board,NULL,science,subj-business,en,none,ver-cbse-board-2026,HUMAN_CURATED,short_answer,0,HUMAN_CURATED,PHASE_16,ACTIVE,LEGACY_RECORD
q-subj-business-p17c-095872,cbse-board,cbse-board,NULL,science,subj-business,en,none,ver-cbse-board-2026,HUMAN_CURATED,case_study,0,HUMAN_CURATED,PHASE_16,ACTIVE,LEGACY_RECORD
q-subj-business-p17c-095873,cbse-board,cbse-board,NULL,science,subj-business,en,none,ver-cbse-board-2026,HUMAN_CURATED,single_mcq,0,HUMAN_CURATED,PHASE_16,ACTIVE,LEGACY_RECORD
q-subj-business-p17c-095874,cbse-board,cbse-board,NULL,science,subj-business,en,none,ver-cbse-board-2026,HUMAN_CURATED,short_answer,0,HUMAN_CURATED,PHASE_16,ACTIVE,LEGACY_RECORD
q-subj-business-p17c-095875,cbse-board,cbse-board,NULL,science,subj-business,en,none,ver-cbse-board-2026,HUMAN_CURATED,case_study,0,HUMAN_CURATED,PHASE_16,ACTIVE,LEGACY_RECORD
q-subj-business-p17c-095876,cbse-board,cbse-board,NULL,science,subj-business,en,none,ver-cbse-board-2026,HUMAN_CURATED,single_mcq,0,HUMAN_CURATED,PHASE_16,ACTIVE,LEGACY_RECORD
q-subj-business-p17c-095877,cbse-board,cbse-board,NULL,science,subj-business,en,none,ver-cbse-board-2026,HUMAN_CURATED,short_answer,0,HUMAN_CURATED,PHASE_16,ACTIVE,LEGACY_RECORD
q-subj-business-p17c-095878,cbse-board,cbse-board,NULL,science,subj-business,en,none,ver-cbse-board-2026,HUMAN_CURATED,case_study,0,HUMAN_CURATED,PHASE_16,ACTIVE,LEGACY_RECORD
q-subj-business-p17c-095879,cbse-board,cbse-board,NULL,science,subj-business,en,none,ver-cbse-board-2026,HUMAN_CURATED,single_mcq,0,HUMAN_CURATED,PHASE_16,ACTIVE,LEGACY_RECORD
q-subj-business-p17c-095880,cbse-board,cbse-board,NULL,science,subj-business,en,none,ver-cbse-board-2026,HUMAN_CURATED,short_answer,0,HUMAN_CURATED,PHASE_16,ACTIVE,LEGACY_RECORD
q-subj-business-p17c-095881,cbse-board,cbse-board,NULL,science,subj-business,en,none,ver-cbse-board-2026,HUMAN_CURATED,case_study,0,HUMAN_CURATED,PHASE_16,ACTIVE,LEGACY_RECORD
q-subj-business-p17c-095882,cbse-board,cbse-board,NULL,science,subj-business,en,none,ver-cbse-board-2026,HUMAN_CURATED,single_mcq,0,HUMAN_CURATED,PHASE_16,ACTIVE,LEGACY_RECORD
q-subj-business-p17c-095883,cbse-board,cbse-board,NULL,science,subj-business,en,none,ver-cbse-board-2026,HUMAN_CURATED,short_answer,0,HUMAN_CURATED,PHASE_16,ACTIVE,LEGACY_RECORD
q-subj-business-p17c-095884,cbse-board,cbse-board,NULL,science,subj-business,en,none,ver-cbse-board-2026,HUMAN_CURATED,case_study,0,HUMAN_CURATED,PHASE_16,ACTIVE,LEGACY_RECORD
q-subj-business-p17c-095885,cbse-board,cbse-board,NULL,science,subj-business,en,none,ver-cbse-board-2026,HUMAN_CURATED,single_mcq,0,HUMAN_CURATED,PHASE_16,ACTIVE,LEGACY_RECORD
q-subj-business-p17c-095886,cbse-board,cbse-board,NULL,science,subj-business,en,none,ver-cbse-board-2026,HUMAN_CURATED,short_answer,0,HUMAN_CURATED,PHASE_16,ACTIVE,LEGACY_RECORD
q-subj-business-p17c-095887,cbse-board,cbse-board,NULL,science,subj-business,en,none,ver-cbse-board-2026,HUMAN_CURATED,case_study,0,HUMAN_CURATED,PHASE_16,ACTIVE,LEGACY_RECORD
q-subj-business-p17c-095888,cbse-board,cbse-board,NULL,science,subj-business,en,none,ver-cbse-board-2026,HUMAN_CURATED,single_mcq,0,HUMAN_CURATED,PHASE_16,ACTIVE,LEGACY_RECORD
q-subj-business-p17c-095889,cbse-board,cbse-board,NULL,science,subj-business,en,none,ver-cbse-board-2026,HUMAN_CURATED,short_answer,0,HUMAN_CURATED,PHASE_16,ACTIVE,LEGACY_RECORD
q-subj-business-p17c-095890,cbse-board,cbse-board,NULL,science,subj-business,en,none,ver-cbse-board-2026,HUMAN_CURATED,case_study,0,HUMAN_CURATED,PHASE_16,ACTIVE,LEGACY_RECORD
q-subj-business-p17c-095891,cbse-board,cbse-board,NULL,science,subj-business,en,none,ver-cbse-board-2026,HUMAN_CURATED,single_mcq,0,HUMAN_CURATED,PHASE_16,ACTIVE,LEGACY_RECORD
q-subj-business-p17c-095892,cbse-board,cbse-board,NULL,science,subj-business,en,none,ver-cbse-board-2026,HUMAN_CURATED,short_answer,0,HUMAN_CURATED,PHASE_16,ACTIVE,LEGACY_RECORD
q-subj-business-p17c-095893,cbse-board,cbse-board,NULL,science,subj-business,en,none,ver-cbse-board-2026,HUMAN_CURATED,case_study,0,HUMAN_CURATED,PHASE_16,ACTIVE,LEGACY_RECORD
q-subj-business-p17c-095894,cbse-board,cbse-board,NULL,science,subj-business,en,none,ver-cbse-board-2026,HUMAN_CURATED,single_mcq,0,HUMAN_CURATED,PHASE_16,ACTIVE,LEGACY_RECORD
q-subj-business-p17c-095895,cbse-board,cbse-board,NULL,science,subj-business,en,none,ver-cbse-board-2026,HUMAN_CURATED,short_answer,0,HUMAN_CURATED,PHASE_16,ACTIVE,LEGACY_RECORD
q-subj-business-p17c-095896,cbse-board,cbse-board,NULL,science,subj-business,en,none,ver-cbse-board-2026,HUMAN_CURATED,case_study,0,HUMAN_CURATED,PHASE_16,ACTIVE,LEGACY_RECORD
q-subj-business-p17c-095897,cbse-board,cbse-board,NULL,science,subj-business,en,none,ver-cbse-board-2026,HUMAN_CURATED,single_mcq,0,HUMAN_CURATED,PHASE_16,ACTIVE,LEGACY_RECORD
q-subj-business-p17c-095898,cbse-board,cbse-board,NULL,science,subj-business,en,none,ver-cbse-board-2026,HUMAN_CURATED,short_answer,0,HUMAN_CURATED,PHASE_16,ACTIVE,LEGACY_RECORD
q-subj-business-p17c-095899,cbse-board,cbse-board,NULL,science,subj-business,en,none,ver-cbse-board-2026,HUMAN_CURATED,case_study,0,HUMAN_CURATED,PHASE_16,ACTIVE,LEGACY_RECORD
q-subj-business-p17c-095900,cbse-board,cbse-board,NULL,science,subj-business,en,none,ver-cbse-board-2026,HUMAN_CURATED,single_mcq,0,HUMAN_CURATED,PHASE_16,ACTIVE,LEGACY_RECORD
q-subj-math12-p17c-077001,cbse-board,cbse-board,NULL,science,subj-math12,en,none,ver-cbse-board-2026,HUMAN_CURATED,numerical,0,HUMAN_CURATED,PHASE_16,ACTIVE,LEGACY_RECORD
q-subj-math12-p17c-077002,cbse-board,cbse-board,NULL,science,subj-math12,en,none,ver-cbse-board-2026,HUMAN_CURATED,long_answer,0,HUMAN_CURATED,PHASE_16,ACTIVE,LEGACY_RECORD
q-subj-math12-p17c-077003,cbse-board,cbse-board,NULL,science,subj-math12,en,none,ver-cbse-board-2026,HUMAN_CURATED,single_mcq,0,HUMAN_CURATED,PHASE_16,ACTIVE,LEGACY_RECORD
q-subj-math12-p17c-077004,cbse-board,cbse-board,NULL,science,subj-math12,en,none,ver-cbse-board-2026,HUMAN_CURATED,numerical,0,HUMAN_CURATED,PHASE_16,ACTIVE,LEGACY_RECORD
q-subj-math12-p17c-077005,cbse-board,cbse-board,NULL,science,subj-math12,en,none,ver-cbse-board-2026,HUMAN_CURATED,long_answer,0,HUMAN_CURATED,PHASE_16,ACTIVE,LEGACY_RECORD
q-subj-math12-p17c-077006,cbse-board,cbse-board,NULL,science,subj-math12,en,none,ver-cbse-board-2026,HUMAN_CURATED,single_mcq,0,HUMAN_CURATED,PHASE_16,ACTIVE,LEGACY_RECORD
q-subj-math12-p17c-077007,cbse-board,cbse-board,NULL,science,subj-math12,en,none,ver-cbse-board-2026,HUMAN_CURATED,numerical,0,HUMAN_CURATED,PHASE_16,ACTIVE,LEGACY_RECORD
q-subj-math12-p17c-077008,cbse-board,cbse-board,NULL,science,subj-math12,en,none,ver-cbse-board-2026,HUMAN_CURATED,long_answer,0,HUMAN_CURATED,PHASE_16,ACTIVE,LEGACY_RECORD
q-subj-math12-p17c-077009,cbse-board,cbse-board,NULL,science,subj-math12,en,none,ver-cbse-board-2026,HUMAN_CURATED,single_mcq,0,HUMAN_CURATED,PHASE_16,ACTIVE,LEGACY_RECORD
q-subj-math12-p17c-077010,cbse-board,cbse-board,NULL,science,subj-math12,en,none,ver-cbse-board-2026,HUMAN_CURATED,numerical,0,HUMAN_CURATED,PHASE_16,ACTIVE,LEGACY_RECORD
q-subj-math12-p17c-077011,cbse-board,cbse-board,NULL,science,subj-math12,en,none,ver-cbse-board-2026,HUMAN_CURATED,long_answer,0,HUMAN_CURATED,PHASE_16,ACTIVE,LEGACY_RECORD
q-subj-math12-p17c-077012,cbse-board,cbse-board,NULL,science,subj-math12,en,none,ver-cbse-board-2026,HUMAN_CURATED,single_mcq,0,HUMAN_CURATED,PHASE_16,ACTIVE,LEGACY_RECORD
q-subj-math12-p17c-077013,cbse-board,cbse-board,NULL,science,subj-math12,en,none,ver-cbse-board-2026,HUMAN_CURATED,numerical,0,HUMAN_CURATED,PHASE_16,ACTIVE,LEGACY_RECORD
q-subj-math12-p17c-077014,cbse-board,cbse-board,NULL,science,subj-math12,en,none,ver-cbse-board-2026,HUMAN_CURATED,long_answer,0,HUMAN_CURATED,PHASE_16,ACTIVE,LEGACY_RECORD
q-subj-math12-p17c-077015,cbse-board,cbse-board,NULL,science,subj-math12,en,none,ver-cbse-board-2026,HUMAN_CURATED,single_mcq,0,HUMAN_CURATED,PHASE_16,ACTIVE,LEGACY_RECORD
q-subj-math12-p17c-077016,cbse-board,cbse-board,NULL,science,subj-math12,en,none,ver-cbse-board-2026,HUMAN_CURATED,numerical,0,HUMAN_CURATED,PHASE_16,ACTIVE,LEGACY_RECORD
q-subj-math12-p17c-077017,cbse-board,cbse-board,NULL,science,subj-math12,en,none,ver-cbse-board-2026,HUMAN_CURATED,long_answer,0,HUMAN_CURATED,PHASE_16,ACTIVE,LEGACY_RECORD
q-subj-math12-p17c-077018,cbse-board,cbse-board,NULL,science,subj-math12,en,none,ver-cbse-board-2026,HUMAN_CURATED,single_mcq,0,HUMAN_CURATED,PHASE_16,ACTIVE,LEGACY_RECORD
q-subj-math12-p17c-077019,cbse-board,cbse-board,NULL,science,subj-math12,en,none,ver-cbse-board-2026,HUMAN_CURATED,numerical,0,HUMAN_CURATED,PHASE_16,ACTIVE,LEGACY_RECORD
q-subj-math12-p17c-077020,cbse-board,cbse-board,NULL,science,subj-math12,en,none,ver-cbse-board-2026,HUMAN_CURATED,long_answer,0,HUMAN_CURATED,PHASE_16,ACTIVE,LEGACY_RECORD
q-subj-math12-p17c-077021,cbse-board,cbse-board,NULL,science,subj-math12,en,none,ver-cbse-board-2026,HUMAN_CURATED,single_mcq,0,HUMAN_CURATED,PHASE_16,ACTIVE,LEGACY_RECORD
q-subj-math12-p17c-077022,cbse-board,cbse-board,NULL,science,subj-math12,en,none,ver-cbse-board-2026,HUMAN_CURATED,numerical,0,HUMAN_CURATED,PHASE_16,ACTIVE,LEGACY_RECORD
q-subj-math12-p17c-077023,cbse-board,cbse-board,NULL,science,subj-math12,en,none,ver-cbse-board-2026,HUMAN_CURATED,long_answer,0,HUMAN_CURATED,PHASE_16,ACTIVE,LEGACY_RECORD
q-subj-math12-p17c-077024,cbse-board,cbse-board,NULL,science,subj-math12,en,none,ver-cbse-board-2026,HUMAN_CURATED,single_mcq,0,HUMAN_CURATED,PHASE_16,ACTIVE,LEGACY_RECORD
q-subj-math12-p17c-077025,cbse-board,cbse-board,NULL,science,subj-math12,en,none,ver-cbse-board-2026,HUMAN_CURATED,numerical,0,HUMAN_CURATED,PHASE_16,ACTIVE,LEGACY_RECORD
q-subj-math12-p17c-077026,cbse-board,cbse-board,NULL,science,subj-math12,en,none,ver-cbse-board-2026,HUMAN_CURATED,long_answer,0,HUMAN_CURATED,PHASE_16,ACTIVE,LEGACY_RECORD
q-subj-math12-p17c-077027,cbse-board,cbse-board,NULL,science,subj-math12,en,none,ver-cbse-board-2026,HUMAN_CURATED,single_mcq,0,HUMAN_CURATED,PHASE_16,ACTIVE,LEGACY_RECORD
q-subj-math12-p17c-077028,cbse-board,cbse-board,NULL,science,subj-math12,en,none,ver-cbse-board-2026,HUMAN_CURATED,numerical,0,HUMAN_CURATED,PHASE_16,ACTIVE,LEGACY_RECORD
q-subj-math12-p17c-077029,cbse-board,cbse-board,NULL,science,subj-math12,en,none,ver-cbse-board-2026,HUMAN_CURATED,long_answer,0,HUMAN_CURATED,PHASE_16,ACTIVE,LEGACY_RECORD
q-subj-math12-p17c-077030,cbse-board,cbse-board,NULL,science,subj-math12,en,none,ver-cbse-board-2026,HUMAN_CURATED,single_mcq,0,HUMAN_CURATED,PHASE_16,ACTIVE,LEGACY_RECORD
q-subj-math12-p17c-077031,cbse-board,cbse-board,NULL,science,subj-math12,en,none,ver-cbse-board-2026,HUMAN_CURATED,numerical,0,HUMAN_CURATED,PHASE_16,ACTIVE,LEGACY_RECORD
q-subj-math12-p17c-077032,cbse-board,cbse-board,NULL,science,subj-math12,en,none,ver-cbse-board-2026,HUMAN_CURATED,long_answer,0,HUMAN_CURATED,PHASE_16,ACTIVE,LEGACY_RECORD
q-subj-math12-p17c-077033,cbse-board,cbse-board,NULL,science,subj-math12,en,none,ver-cbse-board-2026,HUMAN_CURATED,single_mcq,0,HUMAN_CURATED,PHASE_16,ACTIVE,LEGACY_RECORD
q-subj-math12-p17c-077034,cbse-board,cbse-board,NULL,science,subj-math12,en,none,ver-cbse-board-2026,HUMAN_CURATED,numerical,0,HUMAN_CURATED,PHASE_16,ACTIVE,LEGACY_RECORD
q-subj-math12-p17c-077035,cbse-board,cbse-board,NULL,science,subj-math12,en,none,ver-cbse-board-2026,HUMAN_CURATED,long_answer,0,HUMAN_CURATED,PHASE_16,ACTIVE,LEGACY_RECORD
q-subj-math12-p17c-077036,cbse-board,cbse-board,NULL,science,subj-math12,en,none,ver-cbse-board-2026,HUMAN_CURATED,single_mcq,0,HUMAN_CURATED,PHASE_16,ACTIVE,LEGACY_RECORD
q-subj-math12-p17c-077037,cbse-board,cbse-board,NULL,science,subj-math12,en,none,ver-cbse-board-2026,HUMAN_CURATED,numerical,0,HUMAN_CURATED,PHASE_16,ACTIVE,LEGACY_RECORD
q-subj-math12-p17c-077038,cbse-board,cbse-board,NULL,science,subj-math12,en,none,ver-cbse-board-2026,HUMAN_CURATED,long_answer,0,HUMAN_CURATED,PHASE_16,ACTIVE,LEGACY_RECORD
q-subj-math12-p17c-077039,cbse-board,cbse-board,NULL,science,subj-math12,en,none,ver-cbse-board-2026,HUMAN_CURATED,single_mcq,0,HUMAN_CURATED,PHASE_16,ACTIVE,LEGACY_RECORD
q-subj-math12-p17c-077040,cbse-board,cbse-board,NULL,science,subj-math12,en,none,ver-cbse-board-2026,HUMAN_CURATED,numerical,0,HUMAN_CURATED,PHASE_16,ACTIVE,LEGACY_RECORD
q-subj-math12-p17c-077041,cbse-board,cbse-board,NULL,science,subj-math12,en,none,ver-cbse-board-2026,HUMAN_CURATED,long_answer,0,HUMAN_CURATED,PHASE_16,ACTIVE,LEGACY_RECORD
q-subj-math12-p17c-077042,cbse-board,cbse-board,NULL,science,subj-math12,en,none,ver-cbse-board-2026,HUMAN_CURATED,single_mcq,0,HUMAN_CURATED,PHASE_16,ACTIVE,LEGACY_RECORD
q-subj-math12-p17c-077043,cbse-board,cbse-board,NULL,science,subj-math12,en,none,ver-cbse-board-2026,HUMAN_CURATED,numerical,0,HUMAN_CURATED,PHASE_16,ACTIVE,LEGACY_RECORD
q-subj-math12-p17c-077044,cbse-board,cbse-board,NULL,science,subj-math12,en,none,ver-cbse-board-2026,HUMAN_CURATED,long_answer,0,HUMAN_CURATED,PHASE_16,ACTIVE,LEGACY_RECORD
q-subj-math12-p17c-077045,cbse-board,cbse-board,NULL,science,subj-math12,en,none,ver-cbse-board-2026,HUMAN_CURATED,single_mcq,0,HUMAN_CURATED,PHASE_16,ACTIVE,LEGACY_RECORD
q-subj-math12-p17c-077046,cbse-board,cbse-board,NULL,science,subj-math12,en,none,ver-cbse-board-2026,HUMAN_CURATED,numerical,0,HUMAN_CURATED,PHASE_16,ACTIVE,LEGACY_RECORD
q-subj-math12-p17c-077047,cbse-board,cbse-board,NULL,science,subj-math12,en,none,ver-cbse-board-2026,HUMAN_CURATED,long_answer,0,HUMAN_CURATED,PHASE_16,ACTIVE,LEGACY_RECORD
q-subj-math12-p17c-077048,cbse-board,cbse-board,NULL,science,subj-math12,en,none,ver-cbse-board-2026,HUMAN_CURATED,single_mcq,0,HUMAN_CURATED,PHASE_16,ACTIVE,LEGACY_RECORD
q-subj-math12-p17c-077049,cbse-board,cbse-board,NULL,science,subj-math12,en,none,ver-cbse-board-2026,HUMAN_CURATED,numerical,0,HUMAN_CURATED,PHASE_16,ACTIVE,LEGACY_RECORD
q-subj-math12-p17c-077050,cbse-board,cbse-board,NULL,science,subj-math12,en,none,ver-cbse-board-2026,HUMAN_CURATED,long_answer,0,HUMAN_CURATED,PHASE_16,ACTIVE,LEGACY_RECORD
q-subj-math12-p17c-077051,cbse-board,cbse-board,NULL,science,subj-math12,en,none,ver-cbse-board-2026,HUMAN_CURATED,single_mcq,0,HUMAN_CURATED,PHASE_16,ACTIVE,LEGACY_RECORD
q-subj-math12-p17c-077052,cbse-board,cbse-board,NULL,science,subj-math12,en,none,ver-cbse-board-2026,HUMAN_CURATED,numerical,0,HUMAN_CURATED,PHASE_16,ACTIVE,LEGACY_RECORD
q-subj-math12-p17c-077053,cbse-board,cbse-board,NULL,science,subj-math12,en,none,ver-cbse-board-2026,HUMAN_CURATED,long_answer,0,HUMAN_CURATED,PHASE_16,ACTIVE,LEGACY_RECORD
q-subj-math12-p17c-077054,cbse-board,cbse-board,NULL,science,subj-math12,en,none,ver-cbse-board-2026,HUMAN_CURATED,single_mcq,0,HUMAN_CURATED,PHASE_16,ACTIVE,LEGACY_RECORD
q-subj-math12-p17c-077055,cbse-board,cbse-board,NULL,science,subj-math12,en,none,ver-cbse-board-2026,HUMAN_CURATED,numerical,0,HUMAN_CURATED,PHASE_16,ACTIVE,LEGACY_RECORD
q-subj-math12-p17c-077056,cbse-board,cbse-board,NULL,science,subj-math12,en,none,ver-cbse-board-2026,HUMAN_CURATED,long_answer,0,HUMAN_CURATED,PHASE_16,ACTIVE,LEGACY_RECORD
q-subj-math12-p17c-077057,cbse-board,cbse-board,NULL,science,subj-math12,en,none,ver-cbse-board-2026,HUMAN_CURATED,single_mcq,0,HUMAN_CURATED,PHASE_16,ACTIVE,LEGACY_RECORD
q-subj-math12-p17c-077058,cbse-board,cbse-board,NULL,science,subj-math12,en,none,ver-cbse-board-2026,HUMAN_CURATED,numerical,0,HUMAN_CURATED,PHASE_16,ACTIVE,LEGACY_RECORD
q-subj-math12-p17c-077059,cbse-board,cbse-board,NULL,science,subj-math12,en,none,ver-cbse-board-2026,HUMAN_CURATED,long_answer,0,HUMAN_CURATED,PHASE_16,ACTIVE,LEGACY_RECORD
q-subj-math12-p17c-077060,cbse-board,cbse-board,NULL,science,subj-math12,en,none,ver-cbse-board-2026,HUMAN_CURATED,single_mcq,0,HUMAN_CURATED,PHASE_16,ACTIVE,LEGACY_RECORD
q-subj-math12-p17c-077061,cbse-board,cbse-board,NULL,science,subj-math12,en,none,ver-cbse-board-2026,HUMAN_CURATED,numerical,0,HUMAN_CURATED,PHASE_16,ACTIVE,LEGACY_RECORD
q-subj-math12-p17c-077062,cbse-board,cbse-board,NULL,science,subj-math12,en,none,ver-cbse-board-2026,HUMAN_CURATED,long_answer,0,HUMAN_CURATED,PHASE_16,ACTIVE,LEGACY_RECORD
q-subj-math12-p17c-077063,cbse-board,cbse-board,NULL,science,subj-math12,en,none,ver-cbse-board-2026,HUMAN_CURATED,single_mcq,0,HUMAN_CURATED,PHASE_16,ACTIVE,LEGACY_RECORD
q-subj-math12-p17c-077064,cbse-board,cbse-board,NULL,science,subj-math12,en,none,ver-cbse-board-2026,HUMAN_CURATED,numerical,0,HUMAN_CURATED,PHASE_16,ACTIVE,LEGACY_RECORD
q-subj-math12-p17c-077065,cbse-board,cbse-board,NULL,science,subj-math12,en,none,ver-cbse-board-2026,HUMAN_CURATED,long_answer,0,HUMAN_CURATED,PHASE_16,ACTIVE,LEGACY_RECORD
q-subj-math12-p17c-077066,cbse-board,cbse-board,NULL,science,subj-math12,en,none,ver-cbse-board-2026,HUMAN_CURATED,single_mcq,0,HUMAN_CURATED,PHASE_16,ACTIVE,LEGACY_RECORD
q-subj-math12-p17c-077067,cbse-board,cbse-board,NULL,science,subj-math12,en,none,ver-cbse-board-2026,HUMAN_CURATED,numerical,0,HUMAN_CURATED,PHASE_16,ACTIVE,LEGACY_RECORD
q-subj-math12-p17c-077068,cbse-board,cbse-board,NULL,science,subj-math12,en,none,ver-cbse-board-2026,HUMAN_CURATED,long_answer,0,HUMAN_CURATED,PHASE_16,ACTIVE,LEGACY_RECORD
q-subj-math12-p17c-077069,cbse-board,cbse-board,NULL,science,subj-math12,en,none,ver-cbse-board-2026,HUMAN_CURATED,single_mcq,0,HUMAN_CURATED,PHASE_16,ACTIVE,LEGACY_RECORD
q-subj-math12-p17c-077070,cbse-board,cbse-board,NULL,science,subj-math12,en,none,ver-cbse-board-2026,HUMAN_CURATED,numerical,0,HUMAN_CURATED,PHASE_16,ACTIVE,LEGACY_RECORD
q-subj-math12-p17c-077071,cbse-board,cbse-board,NULL,science,subj-math12,en,none,ver-cbse-board-2026,HUMAN_CURATED,long_answer,0,HUMAN_CURATED,PHASE_16,ACTIVE,LEGACY_RECORD
q-subj-math12-p17c-077072,cbse-board,cbse-board,NULL,science,subj-math12,en,none,ver-cbse-board-2026,HUMAN_CURATED,single_mcq,0,HUMAN_CURATED,PHASE_16,ACTIVE,LEGACY_RECORD
q-subj-math12-p17c-077073,cbse-board,cbse-board,NULL,science,subj-math12,en,none,ver-cbse-board-2026,HUMAN_CURATED,numerical,0,HUMAN_CURATED,PHASE_16,ACTIVE,LEGACY_RECORD
q-subj-math12-p17c-077074,cbse-board,cbse-board,NULL,science,subj-math12,en,none,ver-cbse-board-2026,HUMAN_CURATED,long_answer,0,HUMAN_CURATED,PHASE_16,ACTIVE,LEGACY_RECORD
q-subj-math12-p17c-077075,cbse-board,cbse-board,NULL,science,subj-math12,en,none,ver-cbse-board-2026,HUMAN_CURATED,single_mcq,0,HUMAN_CURATED,PHASE_16,ACTIVE,LEGACY_RECORD
q-subj-math12-p17c-077076,cbse-board,cbse-board,NULL,science,subj-math12,en,none,ver-cbse-board-2026,HUMAN_CURATED,numerical,0,HUMAN_CURATED,PHASE_16,ACTIVE,LEGACY_RECORD
q-subj-math12-p17c-077077,cbse-board,cbse-board,NULL,science,subj-math12,en,none,ver-cbse-board-2026,HUMAN_CURATED,long_answer,0,HUMAN_CURATED,PHASE_16,ACTIVE,LEGACY_RECORD
q-subj-math12-p17c-077078,cbse-board,cbse-board,NULL,science,subj-math12,en,none,ver-cbse-board-2026,HUMAN_CURATED,single_mcq,0,HUMAN_CURATED,PHASE_16,ACTIVE,LEGACY_RECORD
q-subj-math12-p17c-077079,cbse-board,cbse-board,NULL,science,subj-math12,en,none,ver-cbse-board-2026,HUMAN_CURATED,numerical,0,HUMAN_CURATED,PHASE_16,ACTIVE,LEGACY_RECORD
q-subj-math12-p17c-077080,cbse-board,cbse-board,NULL,science,subj-math12,en,none,ver-cbse-board-2026,HUMAN_CURATED,long_answer,0,HUMAN_CURATED,PHASE_16,ACTIVE,LEGACY_RECORD
q-subj-math12-p17c-077081,cbse-board,cbse-board,NULL,science,subj-math12,en,none,ver-cbse-board-2026,HUMAN_CURATED,single_mcq,0,HUMAN_CURATED,PHASE_16,ACTIVE,LEGACY_RECORD
q-subj-math12-p17c-077082,cbse-board,cbse-board,NULL,science,subj-math12,en,none,ver-cbse-board-2026,HUMAN_CURATED,numerical,0,HUMAN_CURATED,PHASE_16,ACTIVE,LEGACY_RECORD
q-subj-math12-p17c-077083,cbse-board,cbse-board,NULL,science,subj-math12,en,none,ver-cbse-board-2026,HUMAN_CURATED,long_answer,0,HUMAN_CURATED,PHASE_16,ACTIVE,LEGACY_RECORD
q-subj-math12-p17c-077084,cbse-board,cbse-board,NULL,science,subj-math12,en,none,ver-cbse-board-2026,HUMAN_CURATED,single_mcq,0,HUMAN_CURATED,PHASE_16,ACTIVE,LEGACY_RECORD
q-subj-math12-p17c-077085,cbse-board,cbse-board,NULL,science,subj-math12,en,none,ver-cbse-board-2026,HUMAN_CURATED,numerical,0,HUMAN_CURATED,PHASE_16,ACTIVE,LEGACY_RECORD
q-subj-math12-p17c-077086,cbse-board,cbse-board,NULL,science,subj-math12,en,none,ver-cbse-board-2026,HUMAN_CURATED,long_answer,0,HUMAN_CURATED,PHASE_16,ACTIVE,LEGACY_RECORD
q-subj-math12-p17c-077087,cbse-board,cbse-board,NULL,science,subj-math12,en,none,ver-cbse-board-2026,HUMAN_CURATED,single_mcq,0,HUMAN_CURATED,PHASE_16,ACTIVE,LEGACY_RECORD
q-subj-math12-p17c-077088,cbse-board,cbse-board,NULL,science,subj-math12,en,none,ver-cbse-board-2026,HUMAN_CURATED,numerical,0,HUMAN_CURATED,PHASE_16,ACTIVE,LEGACY_RECORD
q-subj-math12-p17c-077089,cbse-board,cbse-board,NULL,science,subj-math12,en,none,ver-cbse-board-2026,HUMAN_CURATED,long_answer,0,HUMAN_CURATED,PHASE_16,ACTIVE,LEGACY_RECORD
q-subj-math12-p17c-077090,cbse-board,cbse-board,NULL,science,subj-math12,en,none,ver-cbse-board-2026,HUMAN_CURATED,single_mcq,0,HUMAN_CURATED,PHASE_16,ACTIVE,LEGACY_RECORD
q-subj-math12-p17c-077091,cbse-board,cbse-board,NULL,science,subj-math12,en,none,ver-cbse-board-2026,HUMAN_CURATED,numerical,0,HUMAN_CURATED,PHASE_16,ACTIVE,LEGACY_RECORD
q-subj-math12-p17c-077092,cbse-board,cbse-board,NULL,science,subj-math12,en,none,ver-cbse-board-2026,HUMAN_CURATED,long_answer,0,HUMAN_CURATED,PHASE_16,ACTIVE,LEGACY_RECORD
q-subj-math12-p17c-077093,cbse-board,cbse-board,NULL,science,subj-math12,en,none,ver-cbse-board-2026,HUMAN_CURATED,single_mcq,0,HUMAN_CURATED,PHASE_16,ACTIVE,LEGACY_RECORD
q-subj-math12-p17c-077094,cbse-board,cbse-board,NULL,science,subj-math12,en,none,ver-cbse-board-2026,HUMAN_CURATED,numerical,0,HUMAN_CURATED,PHASE_16,ACTIVE,LEGACY_RECORD
q-subj-math12-p17c-077095,cbse-board,cbse-board,NULL,science,subj-math12,en,none,ver-cbse-board-2026,HUMAN_CURATED,long_answer,0,HUMAN_CURATED,PHASE_16,ACTIVE,LEGACY_RECORD
q-subj-math12-p17c-077096,cbse-board,cbse-board,NULL,science,subj-math12,en,none,ver-cbse-board-2026,HUMAN_CURATED,single_mcq,0,HUMAN_CURATED,PHASE_16,ACTIVE,LEGACY_RECORD
q-subj-math12-p17c-077097,cbse-board,cbse-board,NULL,science,subj-math12,en,none,ver-cbse-board-2026,HUMAN_CURATED,numerical,0,HUMAN_CURATED,PHASE_16,ACTIVE,LEGACY_RECORD
q-subj-math12-p17c-077098,cbse-board,cbse-board,NULL,science,subj-math12,en,none,ver-cbse-board-2026,HUMAN_CURATED,long_answer,0,HUMAN_CURATED,PHASE_16,ACTIVE,LEGACY_RECORD
q-subj-math12-p17c-077099,cbse-board,cbse-board,NULL,science,subj-math12,en,none,ver-cbse-board-2026,HUMAN_CURATED,single_mcq,0,HUMAN_CURATED,PHASE_16,ACTIVE,LEGACY_RECORD
q-subj-math12-p17c-077100,cbse-board,cbse-board,NULL,science,subj-math12,en,none,ver-cbse-board-2026,HUMAN_CURATED,numerical,0,HUMAN_CURATED,PHASE_16,ACTIVE,LEGACY_RECORD
q-subj-math12-p17c-077101,cbse-board,cbse-board,NULL,science,subj-math12,en,none,ver-cbse-board-2026,HUMAN_CURATED,long_answer,0,HUMAN_CURATED,PHASE_16,ACTIVE,LEGACY_RECORD
q-subj-math12-p17c-077102,cbse-board,cbse-board,NULL,science,subj-math12,en,none,ver-cbse-board-2026,HUMAN_CURATED,single_mcq,0,HUMAN_CURATED,PHASE_16,ACTIVE,LEGACY_RECORD
q-subj-math12-p17c-077103,cbse-board,cbse-board,NULL,science,subj-math12,en,none,ver-cbse-board-2026,HUMAN_CURATED,numerical,0,HUMAN_CURATED,PHASE_16,ACTIVE,LEGACY_RECORD
q-subj-math12-p17c-077104,cbse-board,cbse-board,NULL,science,subj-math12,en,none,ver-cbse-board-2026,HUMAN_CURATED,long_answer,0,HUMAN_CURATED,PHASE_16,ACTIVE,LEGACY_RECORD
q-subj-math12-p17c-077105,cbse-board,cbse-board,NULL,science,subj-math12,en,none,ver-cbse-board-2026,HUMAN_CURATED,single_mcq,0,HUMAN_CURATED,PHASE_16,ACTIVE,LEGACY_RECORD
q-subj-math12-p17c-077106,cbse-board,cbse-board,NULL,science,subj-math12,en,none,ver-cbse-board-2026,HUMAN_CURATED,numerical,0,HUMAN_CURATED,PHASE_16,ACTIVE,LEGACY_RECORD
q-subj-math12-p17c-077107,cbse-board,cbse-board,NULL,science,subj-math12,en,none,ver-cbse-board-2026,HUMAN_CURATED,long_answer,0,HUMAN_CURATED,PHASE_16,ACTIVE,LEGACY_RECORD
q-subj-math12-p17c-077108,cbse-board,cbse-board,NULL,science,subj-math12,en,none,ver-cbse-board-2026,HUMAN_CURATED,single_mcq,0,HUMAN_CURATED,PHASE_16,ACTIVE,LEGACY_RECORD
q-subj-math12-p17c-077109,cbse-board,cbse-board,NULL,science,subj-math12,en,none,ver-cbse-board-2026,HUMAN_CURATED,numerical,0,HUMAN_CURATED,PHASE_16,ACTIVE,LEGACY_RECORD
q-subj-math12-p17c-077110,cbse-board,cbse-board,NULL,science,subj-math12,en,none,ver-cbse-board-2026,HUMAN_CURATED,long_answer,0,HUMAN_CURATED,PHASE_16,ACTIVE,LEGACY_RECORD
q-subj-math12-p17c-077111,cbse-board,cbse-board,NULL,science,subj-math12,en,none,ver-cbse-board-2026,HUMAN_CURATED,single_mcq,0,HUMAN_CURATED,PHASE_16,ACTIVE,LEGACY_RECORD
q-subj-math12-p17c-077112,cbse-board,cbse-board,NULL,science,subj-math12,en,none,ver-cbse-board-2026,HUMAN_CURATED,numerical,0,HUMAN_CURATED,PHASE_16,ACTIVE,LEGACY_RECORD
q-subj-math12-p17c-077113,cbse-board,cbse-board,NULL,science,subj-math12,en,none,ver-cbse-board-2026,HUMAN_CURATED,long_answer,0,HUMAN_CURATED,PHASE_16,ACTIVE,LEGACY_RECORD
q-subj-math12-p17c-077114,cbse-board,cbse-board,NULL,science,subj-math12,en,none,ver-cbse-board-2026,HUMAN_CURATED,single_mcq,0,HUMAN_CURATED,PHASE_16,ACTIVE,LEGACY_RECORD
q-subj-math12-p17c-077115,cbse-board,cbse-board,NULL,science,subj-math12,en,none,ver-cbse-board-2026,HUMAN_CURATED,numerical,0,HUMAN_CURATED,PHASE_16,ACTIVE,LEGACY_RECORD
q-subj-math12-p17c-077116,cbse-board,cbse-board,NULL,science,subj-math12,en,none,ver-cbse-board-2026,HUMAN_CURATED,long_answer,0,HUMAN_CURATED,PHASE_16,ACTIVE,LEGACY_RECORD
q-subj-math12-p17c-077117,cbse-board,cbse-board,NULL,science,subj-math12,en,none,ver-cbse-board-2026,HUMAN_CURATED,single_mcq,0,HUMAN_CURATED,PHASE_16,ACTIVE,LEGACY_RECORD
q-subj-math12-p17c-077118,cbse-board,cbse-board,NULL,science,subj-math12,en,none,ver-cbse-board-2026,HUMAN_CURATED,numerical,0,HUMAN_CURATED,PHASE_16,ACTIVE,LEGACY_RECORD
q-subj-math12-p17c-077119,cbse-board,cbse-board,NULL,science,subj-math12,en,none,ver-cbse-board-2026,HUMAN_CURATED,long_answer,0,HUMAN_CURATED,PHASE_16,ACTIVE,LEGACY_RECORD
q-subj-math12-p17c-077120,cbse-board,cbse-board,NULL,science,subj-math12,en,none,ver-cbse-board-2026,HUMAN_CURATED,single_mcq,0,HUMAN_CURATED,PHASE_16,ACTIVE,LEGACY_RECORD
q-subj-math12-p17c-077121,cbse-board,cbse-board,NULL,science,subj-math12,en,none,ver-cbse-board-2026,HUMAN_CURATED,numerical,0,HUMAN_CURATED,PHASE_16,ACTIVE,LEGACY_RECORD
q-subj-math12-p17c-077122,cbse-board,cbse-board,NULL,science,subj-math12,en,none,ver-cbse-board-2026,HUMAN_CURATED,long_answer,0,HUMAN_CURATED,PHASE_16,ACTIVE,LEGACY_RECORD
q-subj-math12-p17c-077123,cbse-board,cbse-board,NULL,science,subj-math12,en,none,ver-cbse-board-2026,HUMAN_CURATED,single_mcq,0,HUMAN_CURATED,PHASE_16,ACTIVE,LEGACY_RECORD
q-subj-math12-p17c-077124,cbse-board,cbse-board,NULL,science,subj-math12,en,none,ver-cbse-board-2026,HUMAN_CURATED,numerical,0,HUMAN_CURATED,PHASE_16,ACTIVE,LEGACY_RECORD
q-subj-math12-p17c-077125,cbse-board,cbse-board,NULL,science,subj-math12,en,none,ver-cbse-board-2026,HUMAN_CURATED,long_answer,0,HUMAN_CURATED,PHASE_16,ACTIVE,LEGACY_RECORD
q-subj-math12-p17c-077126,cbse-board,cbse-board,NULL,science,subj-math12,en,none,ver-cbse-board-2026,HUMAN_CURATED,single_mcq,0,HUMAN_CURATED,PHASE_16,ACTIVE,LEGACY_RECORD
q-subj-math12-p17c-077127,cbse-board,cbse-board,NULL,science,subj-math12,en,none,ver-cbse-board-2026,HUMAN_CURATED,numerical,0,HUMAN_CURATED,PHASE_16,ACTIVE,LEGACY_RECORD
q-subj-math12-p17c-077128,cbse-board,cbse-board,NULL,science,subj-math12,en,none,ver-cbse-board-2026,HUMAN_CURATED,long_answer,0,HUMAN_CURATED,PHASE_16,ACTIVE,LEGACY_RECORD
q-subj-math12-p17c-077129,cbse-board,cbse-board,NULL,science,subj-math12,en,none,ver-cbse-board-2026,HUMAN_CURATED,single_mcq,0,HUMAN_CURATED,PHASE_16,ACTIVE,LEGACY_RECORD
q-subj-math12-p17c-077130,cbse-board,cbse-board,NULL,science,subj-math12,en,none,ver-cbse-board-2026,HUMAN_CURATED,numerical,0,HUMAN_CURATED,PHASE_16,ACTIVE,LEGACY_RECORD
q-subj-math12-p17c-077131,cbse-board,cbse-board,NULL,science,subj-math12,en,none,ver-cbse-board-2026,HUMAN_CURATED,long_answer,0,HUMAN_CURATED,PHASE_16,ACTIVE,LEGACY_RECORD
q-subj-math12-p17c-077132,cbse-board,cbse-board,NULL,science,subj-math12,en,none,ver-cbse-board-2026,HUMAN_CURATED,single_mcq,0,HUMAN_CURATED,PHASE_16,ACTIVE,LEGACY_RECORD
q-subj-math12-p17c-077133,cbse-board,cbse-board,NULL,science,subj-math12,en,none,ver-cbse-board-2026,HUMAN_CURATED,numerical,0,HUMAN_CURATED,PHASE_16,ACTIVE,LEGACY_RECORD
q-subj-math12-p17c-077134,cbse-board,cbse-board,NULL,science,subj-math12,en,none,ver-cbse-board-2026,HUMAN_CURATED,long_answer,0,HUMAN_CURATED,PHASE_16,ACTIVE,LEGACY_RECORD
q-subj-math12-p17c-077135,cbse-board,cbse-board,NULL,science,subj-math12,en,none,ver-cbse-board-2026,HUMAN_CURATED,single_mcq,0,HUMAN_CURATED,PHASE_16,ACTIVE,LEGACY_RECORD
q-subj-math12-p17c-077136,cbse-board,cbse-board,NULL,science,subj-math12,en,none,ver-cbse-board-2026,HUMAN_CURATED,numerical,0,HUMAN_CURATED,PHASE_16,ACTIVE,LEGACY_RECORD
q-subj-math12-p17c-077137,cbse-board,cbse-board,NULL,science,subj-math12,en,none,ver-cbse-board-2026,HUMAN_CURATED,long_answer,0,HUMAN_CURATED,PHASE_16,ACTIVE,LEGACY_RECORD
q-subj-math12-p17c-077138,cbse-board,cbse-board,NULL,science,subj-math12,en,none,ver-cbse-board-2026,HUMAN_CURATED,single_mcq,0,HUMAN_CURATED,PHASE_16,ACTIVE,LEGACY_RECORD
q-subj-math12-p17c-077139,cbse-board,cbse-board,NULL,science,subj-math12,en,none,ver-cbse-board-2026,HUMAN_CURATED,numerical,0,HUMAN_CURATED,PHASE_16,ACTIVE,LEGACY_RECORD
q-subj-math12-p17c-077140,cbse-board,cbse-board,NULL,science,subj-math12,en,none,ver-cbse-board-2026,HUMAN_CURATED,long_answer,0,HUMAN_CURATED,PHASE_16,ACTIVE,LEGACY_RECORD
q-subj-math12-p17c-077141,cbse-board,cbse-board,NULL,science,subj-math12,en,none,ver-cbse-board-2026,HUMAN_CURATED,single_mcq,0,HUMAN_CURATED,PHASE_16,ACTIVE,LEGACY_RECORD
q-subj-math12-p17c-077142,cbse-board,cbse-board,NULL,science,subj-math12,en,none,ver-cbse-board-2026,HUMAN_CURATED,numerical,0,HUMAN_CURATED,PHASE_16,ACTIVE,LEGACY_RECORD
q-subj-math12-p17c-077143,cbse-board,cbse-board,NULL,science,subj-math12,en,none,ver-cbse-board-2026,HUMAN_CURATED,long_answer,0,HUMAN_CURATED,PHASE_16,ACTIVE,LEGACY_RECORD
q-subj-math12-p17c-077144,cbse-board,cbse-board,NULL,science,subj-math12,en,none,ver-cbse-board-2026,HUMAN_CURATED,single_mcq,0,HUMAN_CURATED,PHASE_16,ACTIVE,LEGACY_RECORD
q-subj-math12-p17c-077145,cbse-board,cbse-board,NULL,science,subj-math12,en,none,ver-cbse-board-2026,HUMAN_CURATED,numerical,0,HUMAN_CURATED,PHASE_16,ACTIVE,LEGACY_RECORD
q-subj-math12-p17c-077146,cbse-board,cbse-board,NULL,science,subj-math12,en,none,ver-cbse-board-2026,HUMAN_CURATED,long_answer,0,HUMAN_CURATED,PHASE_16,ACTIVE,LEGACY_RECORD
q-subj-math12-p17c-077147,cbse-board,cbse-board,NULL,science,subj-math12,en,none,ver-cbse-board-2026,HUMAN_CURATED,single_mcq,0,HUMAN_CURATED,PHASE_16,ACTIVE,LEGACY_RECORD
q-subj-math12-p17c-077148,cbse-board,cbse-board,NULL,science,subj-math12,en,none,ver-cbse-board-2026,HUMAN_CURATED,numerical,0,HUMAN_CURATED,PHASE_16,ACTIVE,LEGACY_RECORD
q-subj-math12-p17c-077149,cbse-board,cbse-board,NULL,science,subj-math12,en,none,ver-cbse-board-2026,HUMAN_CURATED,long_answer,0,HUMAN_CURATED,PHASE_16,ACTIVE,LEGACY_RECORD
q-subj-math12-p17c-077150,cbse-board,cbse-board,NULL,science,subj-math12,en,none,ver-cbse-board-2026,HUMAN_CURATED,single_mcq,0,HUMAN_CURATED,PHASE_16,ACTIVE,LEGACY_RECORD
q-subj-math12-p17c-077151,cbse-board,cbse-board,NULL,science,subj-math12,en,none,ver-cbse-board-2026,HUMAN_CURATED,numerical,0,HUMAN_CURATED,PHASE_16,ACTIVE,LEGACY_RECORD
q-subj-math12-p17c-077152,cbse-board,cbse-board,NULL,science,subj-math12,en,none,ver-cbse-board-2026,HUMAN_CURATED,long_answer,0,HUMAN_CURATED,PHASE_16,ACTIVE,LEGACY_RECORD
q-subj-math12-p17c-077153,cbse-board,cbse-board,NULL,science,subj-math12,en,none,ver-cbse-board-2026,HUMAN_CURATED,single_mcq,0,HUMAN_CURATED,PHASE_16,ACTIVE,LEGACY_RECORD
q-subj-math12-p17c-077154,cbse-board,cbse-board,NULL,science,subj-math12,en,none,ver-cbse-board-2026,HUMAN_CURATED,numerical,0,HUMAN_CURATED,PHASE_16,ACTIVE,LEGACY_RECORD
q-subj-math12-p17c-077155,cbse-board,cbse-board,NULL,science,subj-math12,en,none,ver-cbse-board-2026,HUMAN_CURATED,long_answer,0,HUMAN_CURATED,PHASE_16,ACTIVE,LEGACY_RECORD
q-subj-math12-p17c-077156,cbse-board,cbse-board,NULL,science,subj-math12,en,none,ver-cbse-board-2026,HUMAN_CURATED,single_mcq,0,HUMAN_CURATED,PHASE_16,ACTIVE,LEGACY_RECORD
q-subj-math12-p17c-077157,cbse-board,cbse-board,NULL,science,subj-math12,en,none,ver-cbse-board-2026,HUMAN_CURATED,numerical,0,HUMAN_CURATED,PHASE_16,ACTIVE,LEGACY_RECORD
q-subj-math12-p17c-077158,cbse-board,cbse-board,NULL,science,subj-math12,en,none,ver-cbse-board-2026,HUMAN_CURATED,long_answer,0,HUMAN_CURATED,PHASE_16,ACTIVE,LEGACY_RECORD
q-subj-math12-p17c-077159,cbse-board,cbse-board,NULL,science,subj-math12,en,none,ver-cbse-board-2026,HUMAN_CURATED,single_mcq,0,HUMAN_CURATED,PHASE_16,ACTIVE,LEGACY_RECORD
q-subj-math12-p17c-077160,cbse-board,cbse-board,NULL,science,subj-math12,en,none,ver-cbse-board-2026,HUMAN_CURATED,numerical,0,HUMAN_CURATED,PHASE_16,ACTIVE,LEGACY_RECORD
q-subj-math12-p17c-077161,cbse-board,cbse-board,NULL,science,subj-math12,en,none,ver-cbse-board-2026,HUMAN_CURATED,long_answer,0,HUMAN_CURATED,PHASE_16,ACTIVE,LEGACY_RECORD
q-subj-math12-p17c-077162,cbse-board,cbse-board,NULL,science,subj-math12,en,none,ver-cbse-board-2026,HUMAN_CURATED,single_mcq,0,HUMAN_CURATED,PHASE_16,ACTIVE,LEGACY_RECORD
q-subj-math12-p17c-077163,cbse-board,cbse-board,NULL,science,subj-math12,en,none,ver-cbse-board-2026,HUMAN_CURATED,numerical,0,HUMAN_CURATED,PHASE_16,ACTIVE,LEGACY_RECORD
q-subj-math12-p17c-077164,cbse-board,cbse-board,NULL,science,subj-math12,en,none,ver-cbse-board-2026,HUMAN_CURATED,long_answer,0,HUMAN_CURATED,PHASE_16,ACTIVE,LEGACY_RECORD
q-subj-math12-p17c-077165,cbse-board,cbse-board,NULL,science,subj-math12,en,none,ver-cbse-board-2026,HUMAN_CURATED,single_mcq,0,HUMAN_CURATED,PHASE_16,ACTIVE,LEGACY_RECORD
q-subj-math12-p17c-077166,cbse-board,cbse-board,NULL,science,subj-math12,en,none,ver-cbse-board-2026,HUMAN_CURATED,numerical,0,HUMAN_CURATED,PHASE_16,ACTIVE,LEGACY_RECORD
q-subj-math12-p17c-077167,cbse-board,cbse-board,NULL,science,subj-math12,en,none,ver-cbse-board-2026,HUMAN_CURATED,long_answer,0,HUMAN_CURATED,PHASE_16,ACTIVE,LEGACY_RECORD
q-subj-math12-p17c-077168,cbse-board,cbse-board,NULL,science,subj-math12,en,none,ver-cbse-board-2026,HUMAN_CURATED,single_mcq,0,HUMAN_CURATED,PHASE_16,ACTIVE,LEGACY_RECORD
q-subj-math12-p17c-077169,cbse-board,cbse-board,NULL,science,subj-math12,en,none,ver-cbse-board-2026,HUMAN_CURATED,numerical,0,HUMAN_CURATED,PHASE_16,ACTIVE,LEGACY_RECORD
q-subj-math12-p17c-077170,cbse-board,cbse-board,NULL,science,subj-math12,en,none,ver-cbse-board-2026,HUMAN_CURATED,long_answer,0,HUMAN_CURATED,PHASE_16,ACTIVE,LEGACY_RECORD
q-subj-math12-p17c-077171,cbse-board,cbse-board,NULL,science,subj-math12,en,none,ver-cbse-board-2026,HUMAN_CURATED,single_mcq,0,HUMAN_CURATED,PHASE_16,ACTIVE,LEGACY_RECORD
q-subj-math12-p17c-077172,cbse-board,cbse-board,NULL,science,subj-math12,en,none,ver-cbse-board-2026,HUMAN_CURATED,numerical,0,HUMAN_CURATED,PHASE_16,ACTIVE,LEGACY_RECORD
q-subj-math12-p17c-077173,cbse-board,cbse-board,NULL,science,subj-math12,en,none,ver-cbse-board-2026,HUMAN_CURATED,long_answer,0,HUMAN_CURATED,PHASE_16,ACTIVE,LEGACY_RECORD
q-subj-math12-p17c-077174,cbse-board,cbse-board,NULL,science,subj-math12,en,none,ver-cbse-board-2026,HUMAN_CURATED,single_mcq,0,HUMAN_CURATED,PHASE_16,ACTIVE,LEGACY_RECORD
q-subj-math12-p17c-077175,cbse-board,cbse-board,NULL,science,subj-math12,en,none,ver-cbse-board-2026,HUMAN_CURATED,numerical,0,HUMAN_CURATED,PHASE_16,ACTIVE,LEGACY_RECORD
q-subj-math12-p17c-077176,cbse-board,cbse-board,NULL,science,subj-math12,en,none,ver-cbse-board-2026,HUMAN_CURATED,long_answer,0,HUMAN_CURATED,PHASE_16,ACTIVE,LEGACY_RECORD
q-subj-math12-p17c-077177,cbse-board,cbse-board,NULL,science,subj-math12,en,none,ver-cbse-board-2026,HUMAN_CURATED,single_mcq,0,HUMAN_CURATED,PHASE_16,ACTIVE,LEGACY_RECORD
q-subj-math12-p17c-077178,cbse-board,cbse-board,NULL,science,subj-math12,en,none,ver-cbse-board-2026,HUMAN_CURATED,numerical,0,HUMAN_CURATED,PHASE_16,ACTIVE,LEGACY_RECORD
q-subj-math12-p17c-077179,cbse-board,cbse-board,NULL,science,subj-math12,en,none,ver-cbse-board-2026,HUMAN_CURATED,long_answer,0,HUMAN_CURATED,PHASE_16,ACTIVE,LEGACY_RECORD
q-subj-math12-p17c-077180,cbse-board,cbse-board,NULL,science,subj-math12,en,none,ver-cbse-board-2026,HUMAN_CURATED,single_mcq,0,HUMAN_CURATED,PHASE_16,ACTIVE,LEGACY_RECORD
q-subj-math12-p17c-077181,cbse-board,cbse-board,NULL,science,subj-math12,en,none,ver-cbse-board-2026,HUMAN_CURATED,numerical,0,HUMAN_CURATED,PHASE_16,ACTIVE,LEGACY_RECORD
q-subj-math12-p17c-077182,cbse-board,cbse-board,NULL,science,subj-math12,en,none,ver-cbse-board-2026,HUMAN_CURATED,long_answer,0,HUMAN_CURATED,PHASE_16,ACTIVE,LEGACY_RECORD
q-subj-math12-p17c-077183,cbse-board,cbse-board,NULL,science,subj-math12,en,none,ver-cbse-board-2026,HUMAN_CURATED,single_mcq,0,HUMAN_CURATED,PHASE_16,ACTIVE,LEGACY_RECORD
q-subj-math12-p17c-077184,cbse-board,cbse-board,NULL,science,subj-math12,en,none,ver-cbse-board-2026,HUMAN_CURATED,numerical,0,HUMAN_CURATED,PHASE_16,ACTIVE,LEGACY_RECORD
q-subj-math12-p17c-077185,cbse-board,cbse-board,NULL,science,subj-math12,en,none,ver-cbse-board-2026,HUMAN_CURATED,long_answer,0,HUMAN_CURATED,PHASE_16,ACTIVE,LEGACY_RECORD
q-subj-math12-p17c-077186,cbse-board,cbse-board,NULL,science,subj-math12,en,none,ver-cbse-board-2026,HUMAN_CURATED,single_mcq,0,HUMAN_CURATED,PHASE_16,ACTIVE,LEGACY_RECORD
q-subj-math12-p17c-077187,cbse-board,cbse-board,NULL,science,subj-math12,en,none,ver-cbse-board-2026,HUMAN_CURATED,numerical,0,HUMAN_CURATED,PHASE_16,ACTIVE,LEGACY_RECORD
q-subj-math12-p17c-077188,cbse-board,cbse-board,NULL,science,subj-math12,en,none,ver-cbse-board-2026,HUMAN_CURATED,long_answer,0,HUMAN_CURATED,PHASE_16,ACTIVE,LEGACY_RECORD
q-subj-math12-p17c-077189,cbse-board,cbse-board,NULL,science,subj-math12,en,none,ver-cbse-board-2026,HUMAN_CURATED,single_mcq,0,HUMAN_CURATED,PHASE_16,ACTIVE,LEGACY_RECORD
q-subj-math12-p17c-077190,cbse-board,cbse-board,NULL,science,subj-math12,en,none,ver-cbse-board-2026,HUMAN_CURATED,numerical,0,HUMAN_CURATED,PHASE_16,ACTIVE,LEGACY_RECORD
q-subj-math12-p17c-077191,cbse-board,cbse-board,NULL,science,subj-math12,en,none,ver-cbse-board-2026,HUMAN_CURATED,long_answer,0,HUMAN_CURATED,PHASE_16,ACTIVE,LEGACY_RECORD
q-subj-math12-p17c-077192,cbse-board,cbse-board,NULL,science,subj-math12,en,none,ver-cbse-board-2026,HUMAN_CURATED,single_mcq,0,HUMAN_CURATED,PHASE_16,ACTIVE,LEGACY_RECORD
q-subj-math12-p17c-077193,cbse-board,cbse-board,NULL,science,subj-math12,en,none,ver-cbse-board-2026,HUMAN_CURATED,numerical,0,HUMAN_CURATED,PHASE_16,ACTIVE,LEGACY_RECORD
q-subj-math12-p17c-077194,cbse-board,cbse-board,NULL,science,subj-math12,en,none,ver-cbse-board-2026,HUMAN_CURATED,long_answer,0,HUMAN_CURATED,PHASE_16,ACTIVE,LEGACY_RECORD
q-subj-math12-p17c-077195,cbse-board,cbse-board,NULL,science,subj-math12,en,none,ver-cbse-board-2026,HUMAN_CURATED,single_mcq,0,HUMAN_CURATED,PHASE_16,ACTIVE,LEGACY_RECORD
q-subj-math12-p17c-077196,cbse-board,cbse-board,NULL,science,subj-math12,en,none,ver-cbse-board-2026,HUMAN_CURATED,numerical,0,HUMAN_CURATED,PHASE_16,ACTIVE,LEGACY_RECORD
q-subj-math12-p17c-077197,cbse-board,cbse-board,NULL,science,subj-math12,en,none,ver-cbse-board-2026,HUMAN_CURATED,long_answer,0,HUMAN_CURATED,PHASE_16,ACTIVE,LEGACY_RECORD
q-subj-math12-p17c-077198,cbse-board,cbse-board,NULL,science,subj-math12,en,none,ver-cbse-board-2026,HUMAN_CURATED,single_mcq,0,HUMAN_CURATED,PHASE_16,ACTIVE,LEGACY_RECORD
q-subj-math12-p17c-077199,cbse-board,cbse-board,NULL,science,subj-math12,en,none,ver-cbse-board-2026,HUMAN_CURATED,numerical,0,HUMAN_CURATED,PHASE_16,ACTIVE,LEGACY_RECORD
q-subj-math12-p17c-077200,cbse-board,cbse-board,NULL,science,subj-math12,en,none,ver-cbse-board-2026,HUMAN_CURATED,long_answer,0,HUMAN_CURATED,PHASE_16,ACTIVE,LEGACY_RECORD
q-subj-math12-p17c-077201,cbse-board,cbse-board,NULL,science,subj-math12,en,none,ver-cbse-board-2026,HUMAN_CURATED,single_mcq,0,HUMAN_CURATED,PHASE_16,ACTIVE,LEGACY_RECORD
q-subj-math12-p17c-077202,cbse-board,cbse-board,NULL,science,subj-math12,en,none,ver-cbse-board-2026,HUMAN_CURATED,numerical,0,HUMAN_CURATED,PHASE_16,ACTIVE,LEGACY_RECORD
q-subj-math12-p17c-077203,cbse-board,cbse-board,NULL,science,subj-math12,en,none,ver-cbse-board-2026,HUMAN_CURATED,long_answer,0,HUMAN_CURATED,PHASE_16,ACTIVE,LEGACY_RECORD
q-subj-math12-p17c-077204,cbse-board,cbse-board,NULL,science,subj-math12,en,none,ver-cbse-board-2026,HUMAN_CURATED,single_mcq,0,HUMAN_CURATED,PHASE_16,ACTIVE,LEGACY_RECORD
q-subj-math12-p17c-077205,cbse-board,cbse-board,NULL,science,subj-math12,en,none,ver-cbse-board-2026,HUMAN_CURATED,numerical,0,HUMAN_CURATED,PHASE_16,ACTIVE,LEGACY_RECORD
q-subj-math12-p17c-077206,cbse-board,cbse-board,NULL,science,subj-math12,en,none,ver-cbse-board-2026,HUMAN_CURATED,long_answer,0,HUMAN_CURATED,PHASE_16,ACTIVE,LEGACY_RECORD
q-subj-math12-p17c-077207,cbse-board,cbse-board,NULL,science,subj-math12,en,none,ver-cbse-board-2026,HUMAN_CURATED,single_mcq,0,HUMAN_CURATED,PHASE_16,ACTIVE,LEGACY_RECORD
q-subj-math12-p17c-077208,cbse-board,cbse-board,NULL,science,subj-math12,en,none,ver-cbse-board-2026,HUMAN_CURATED,numerical,0,HUMAN_CURATED,PHASE_16,ACTIVE,LEGACY_RECORD
q-subj-math12-p17c-077209,cbse-board,cbse-board,NULL,science,subj-math12,en,none,ver-cbse-board-2026,HUMAN_CURATED,long_answer,0,HUMAN_CURATED,PHASE_16,ACTIVE,LEGACY_RECORD
q-subj-math12-p17c-077210,cbse-board,cbse-board,NULL,science,subj-math12,en,none,ver-cbse-board-2026,HUMAN_CURATED,single_mcq,0,HUMAN_CURATED,PHASE_16,ACTIVE,LEGACY_RECORD
q-subj-math12-p17c-077211,cbse-board,cbse-board,NULL,science,subj-math12,en,none,ver-cbse-board-2026,HUMAN_CURATED,numerical,0,HUMAN_CURATED,PHASE_16,ACTIVE,LEGACY_RECORD
q-subj-math12-p17c-077212,cbse-board,cbse-board,NULL,science,subj-math12,en,none,ver-cbse-board-2026,HUMAN_CURATED,long_answer,0,HUMAN_CURATED,PHASE_16,ACTIVE,LEGACY_RECORD
q-subj-math12-p17c-077213,cbse-board,cbse-board,NULL,science,subj-math12,en,none,ver-cbse-board-2026,HUMAN_CURATED,single_mcq,0,HUMAN_CURATED,PHASE_16,ACTIVE,LEGACY_RECORD
q-subj-math12-p17c-077214,cbse-board,cbse-board,NULL,science,subj-math12,en,none,ver-cbse-board-2026,HUMAN_CURATED,numerical,0,HUMAN_CURATED,PHASE_16,ACTIVE,LEGACY_RECORD
q-subj-math12-p17c-077215,cbse-board,cbse-board,NULL,science,subj-math12,en,none,ver-cbse-board-2026,HUMAN_CURATED,long_answer,0,HUMAN_CURATED,PHASE_16,ACTIVE,LEGACY_RECORD
q-subj-math12-p17c-077216,cbse-board,cbse-board,NULL,science,subj-math12,en,none,ver-cbse-board-2026,HUMAN_CURATED,single_mcq,0,HUMAN_CURATED,PHASE_16,ACTIVE,LEGACY_RECORD
q-subj-math12-p17c-077217,cbse-board,cbse-board,NULL,science,subj-math12,en,none,ver-cbse-board-2026,HUMAN_CURATED,numerical,0,HUMAN_CURATED,PHASE_16,ACTIVE,LEGACY_RECORD
q-subj-math12-p17c-077218,cbse-board,cbse-board,NULL,science,subj-math12,en,none,ver-cbse-board-2026,HUMAN_CURATED,long_answer,0,HUMAN_CURATED,PHASE_16,ACTIVE,LEGACY_RECORD
q-subj-math12-p17c-077219,cbse-board,cbse-board,NULL,science,subj-math12,en,none,ver-cbse-board-2026,HUMAN_CURATED,single_mcq,0,HUMAN_CURATED,PHASE_16,ACTIVE,LEGACY_RECORD
q-subj-math12-p17c-077220,cbse-board,cbse-board,NULL,science,subj-math12,en,none,ver-cbse-board-2026,HUMAN_CURATED,numerical,0,HUMAN_CURATED,PHASE_16,ACTIVE,LEGACY_RECORD
q-subj-math12-p17c-077221,cbse-board,cbse-board,NULL,science,subj-math12,en,none,ver-cbse-board-2026,HUMAN_CURATED,long_answer,0,HUMAN_CURATED,PHASE_16,ACTIVE,LEGACY_RECORD
q-subj-math12-p17c-077222,cbse-board,cbse-board,NULL,science,subj-math12,en,none,ver-cbse-board-2026,HUMAN_CURATED,single_mcq,0,HUMAN_CURATED,PHASE_16,ACTIVE,LEGACY_RECORD
q-subj-math12-p17c-077223,cbse-board,cbse-board,NULL,science,subj-math12,en,none,ver-cbse-board-2026,HUMAN_CURATED,numerical,0,HUMAN_CURATED,PHASE_16,ACTIVE,LEGACY_RECORD
q-subj-math12-p17c-077224,cbse-board,cbse-board,NULL,science,subj-math12,en,none,ver-cbse-board-2026,HUMAN_CURATED,long_answer,0,HUMAN_CURATED,PHASE_16,ACTIVE,LEGACY_RECORD
q-subj-math12-p17c-077225,cbse-board,cbse-board,NULL,science,subj-math12,en,none,ver-cbse-board-2026,HUMAN_CURATED,single_mcq,0,HUMAN_CURATED,PHASE_16,ACTIVE,LEGACY_RECORD
q-subj-math12-p17c-077226,cbse-board,cbse-board,NULL,science,subj-math12,en,none,ver-cbse-board-2026,HUMAN_CURATED,numerical,0,HUMAN_CURATED,PHASE_16,ACTIVE,LEGACY_RECORD
q-subj-math12-p17c-077227,cbse-board,cbse-board,NULL,science,subj-math12,en,none,ver-cbse-board-2026,HUMAN_CURATED,long_answer,0,HUMAN_CURATED,PHASE_16,ACTIVE,LEGACY_RECORD
q-subj-math12-p17c-077228,cbse-board,cbse-board,NULL,science,subj-math12,en,none,ver-cbse-board-2026,HUMAN_CURATED,single_mcq,0,HUMAN_CURATED,PHASE_16,ACTIVE,LEGACY_RECORD
q-subj-math12-p17c-077229,cbse-board,cbse-board,NULL,science,subj-math12,en,none,ver-cbse-board-2026,HUMAN_CURATED,numerical,0,HUMAN_CURATED,PHASE_16,ACTIVE,LEGACY_RECORD
q-subj-math12-p17c-077230,cbse-board,cbse-board,NULL,science,subj-math12,en,none,ver-cbse-board-2026,HUMAN_CURATED,long_answer,0,HUMAN_CURATED,PHASE_16,ACTIVE,LEGACY_RECORD
q-subj-math12-p17c-077231,cbse-board,cbse-board,NULL,science,subj-math12,en,none,ver-cbse-board-2026,HUMAN_CURATED,single_mcq,0,HUMAN_CURATED,PHASE_16,ACTIVE,LEGACY_RECORD
q-subj-math12-p17c-077232,cbse-board,cbse-board,NULL,science,subj-math12,en,none,ver-cbse-board-2026,HUMAN_CURATED,numerical,0,HUMAN_CURATED,PHASE_16,ACTIVE,LEGACY_RECORD
q-subj-math12-p17c-077233,cbse-board,cbse-board,NULL,science,subj-math12,en,none,ver-cbse-board-2026,HUMAN_CURATED,long_answer,0,HUMAN_CURATED,PHASE_16,ACTIVE,LEGACY_RECORD
q-subj-math12-p17c-077234,cbse-board,cbse-board,NULL,science,subj-math12,en,none,ver-cbse-board-2026,HUMAN_CURATED,single_mcq,0,HUMAN_CURATED,PHASE_16,ACTIVE,LEGACY_RECORD
q-subj-math12-p17c-077235,cbse-board,cbse-board,NULL,science,subj-math12,en,none,ver-cbse-board-2026,HUMAN_CURATED,numerical,0,HUMAN_CURATED,PHASE_16,ACTIVE,LEGACY_RECORD
q-subj-math12-p17c-077236,cbse-board,cbse-board,NULL,science,subj-math12,en,none,ver-cbse-board-2026,HUMAN_CURATED,long_answer,0,HUMAN_CURATED,PHASE_16,ACTIVE,LEGACY_RECORD
q-subj-math12-p17c-077237,cbse-board,cbse-board,NULL,science,subj-math12,en,none,ver-cbse-board-2026,HUMAN_CURATED,single_mcq,0,HUMAN_CURATED,PHASE_16,ACTIVE,LEGACY_RECORD
q-subj-math12-p17c-077238,cbse-board,cbse-board,NULL,science,subj-math12,en,none,ver-cbse-board-2026,HUMAN_CURATED,numerical,0,HUMAN_CURATED,PHASE_16,ACTIVE,LEGACY_RECORD
q-subj-math12-p17c-077239,cbse-board,cbse-board,NULL,science,subj-math12,en,none,ver-cbse-board-2026,HUMAN_CURATED,long_answer,0,HUMAN_CURATED,PHASE_16,ACTIVE,LEGACY_RECORD
q-subj-math12-p17c-077240,cbse-board,cbse-board,NULL,science,subj-math12,en,none,ver-cbse-board-2026,HUMAN_CURATED,single_mcq,0,HUMAN_CURATED,PHASE_16,ACTIVE,LEGACY_RECORD
q-subj-math12-p17c-077241,cbse-board,cbse-board,NULL,science,subj-math12,en,none,ver-cbse-board-2026,HUMAN_CURATED,numerical,0,HUMAN_CURATED,PHASE_16,ACTIVE,LEGACY_RECORD
q-subj-math12-p17c-077242,cbse-board,cbse-board,NULL,science,subj-math12,en,none,ver-cbse-board-2026,HUMAN_CURATED,long_answer,0,HUMAN_CURATED,PHASE_16,ACTIVE,LEGACY_RECORD
q-subj-math12-p17c-077243,cbse-board,cbse-board,NULL,science,subj-math12,en,none,ver-cbse-board-2026,HUMAN_CURATED,single_mcq,0,HUMAN_CURATED,PHASE_16,ACTIVE,LEGACY_RECORD
q-subj-math12-p17c-077244,cbse-board,cbse-board,NULL,science,subj-math12,en,none,ver-cbse-board-2026,HUMAN_CURATED,numerical,0,HUMAN_CURATED,PHASE_16,ACTIVE,LEGACY_RECORD
q-subj-math12-p17c-077245,cbse-board,cbse-board,NULL,science,subj-math12,en,none,ver-cbse-board-2026,HUMAN_CURATED,long_answer,0,HUMAN_CURATED,PHASE_16,ACTIVE,LEGACY_RECORD
q-subj-math12-p17c-077246,cbse-board,cbse-board,NULL,science,subj-math12,en,none,ver-cbse-board-2026,HUMAN_CURATED,single_mcq,0,HUMAN_CURATED,PHASE_16,ACTIVE,LEGACY_RECORD
q-subj-math12-p17c-077247,cbse-board,cbse-board,NULL,science,subj-math12,en,none,ver-cbse-board-2026,HUMAN_CURATED,numerical,0,HUMAN_CURATED,PHASE_16,ACTIVE,LEGACY_RECORD
q-subj-math12-p17c-077248,cbse-board,cbse-board,NULL,science,subj-math12,en,none,ver-cbse-board-2026,HUMAN_CURATED,long_answer,0,HUMAN_CURATED,PHASE_16,ACTIVE,LEGACY_RECORD
q-subj-math12-p17c-077249,cbse-board,cbse-board,NULL,science,subj-math12,en,none,ver-cbse-board-2026,HUMAN_CURATED,single_mcq,0,HUMAN_CURATED,PHASE_16,ACTIVE,LEGACY_RECORD
q-subj-math12-p17c-077250,cbse-board,cbse-board,NULL,science,subj-math12,en,none,ver-cbse-board-2026,HUMAN_CURATED,numerical,0,HUMAN_CURATED,PHASE_16,ACTIVE,LEGACY_RECORD
q-subj-math12-p17c-077251,cbse-board,cbse-board,NULL,science,subj-math12,en,none,ver-cbse-board-2026,HUMAN_CURATED,long_answer,0,HUMAN_CURATED,PHASE_16,ACTIVE,LEGACY_RECORD
q-subj-math12-p17c-077252,cbse-board,cbse-board,NULL,science,subj-math12,en,none,ver-cbse-board-2026,HUMAN_CURATED,single_mcq,0,HUMAN_CURATED,PHASE_16,ACTIVE,LEGACY_RECORD
q-subj-math12-p17c-077253,cbse-board,cbse-board,NULL,science,subj-math12,en,none,ver-cbse-board-2026,HUMAN_CURATED,numerical,0,HUMAN_CURATED,PHASE_16,ACTIVE,LEGACY_RECORD
q-subj-math12-p17c-077254,cbse-board,cbse-board,NULL,science,subj-math12,en,none,ver-cbse-board-2026,HUMAN_CURATED,long_answer,0,HUMAN_CURATED,PHASE_16,ACTIVE,LEGACY_RECORD
q-subj-math12-p17c-077255,cbse-board,cbse-board,NULL,science,subj-math12,en,none,ver-cbse-board-2026,HUMAN_CURATED,single_mcq,0,HUMAN_CURATED,PHASE_16,ACTIVE,LEGACY_RECORD
q-subj-math12-p17c-077256,cbse-board,cbse-board,NULL,science,subj-math12,en,none,ver-cbse-board-2026,HUMAN_CURATED,numerical,0,HUMAN_CURATED,PHASE_16,ACTIVE,LEGACY_RECORD
q-subj-math12-p17c-077257,cbse-board,cbse-board,NULL,science,subj-math12,en,none,ver-cbse-board-2026,HUMAN_CURATED,long_answer,0,HUMAN_CURATED,PHASE_16,ACTIVE,LEGACY_RECORD
q-subj-math12-p17c-077258,cbse-board,cbse-board,NULL,science,subj-math12,en,none,ver-cbse-board-2026,HUMAN_CURATED,single_mcq,0,HUMAN_CURATED,PHASE_16,ACTIVE,LEGACY_RECORD
q-subj-math12-p17c-077259,cbse-board,cbse-board,NULL,science,subj-math12,en,none,ver-cbse-board-2026,HUMAN_CURATED,numerical,0,HUMAN_CURATED,PHASE_16,ACTIVE,LEGACY_RECORD
q-subj-math12-p17c-077260,cbse-board,cbse-board,NULL,science,subj-math12,en,none,ver-cbse-board-2026,HUMAN_CURATED,long_answer,0,HUMAN_CURATED,PHASE_16,ACTIVE,LEGACY_RECORD
q-subj-math12-p17c-077261,cbse-board,cbse-board,NULL,science,subj-math12,en,none,ver-cbse-board-2026,HUMAN_CURATED,single_mcq,0,HUMAN_CURATED,PHASE_16,ACTIVE,LEGACY_RECORD
q-subj-math12-p17c-077262,cbse-board,cbse-board,NULL,science,subj-math12,en,none,ver-cbse-board-2026,HUMAN_CURATED,numerical,0,HUMAN_CURATED,PHASE_16,ACTIVE,LEGACY_RECORD
q-subj-math12-p17c-077263,cbse-board,cbse-board,NULL,science,subj-math12,en,none,ver-cbse-board-2026,HUMAN_CURATED,long_answer,0,HUMAN_CURATED,PHASE_16,ACTIVE,LEGACY_RECORD
q-subj-math12-p17c-077264,cbse-board,cbse-board,NULL,science,subj-math12,en,none,ver-cbse-board-2026,HUMAN_CURATED,single_mcq,0,HUMAN_CURATED,PHASE_16,ACTIVE,LEGACY_RECORD
q-subj-math12-p17c-077265,cbse-board,cbse-board,NULL,science,subj-math12,en,none,ver-cbse-board-2026,HUMAN_CURATED,numerical,0,HUMAN_CURATED,PHASE_16,ACTIVE,LEGACY_RECORD
q-subj-math12-p17c-077266,cbse-board,cbse-board,NULL,science,subj-math12,en,none,ver-cbse-board-2026,HUMAN_CURATED,long_answer,0,HUMAN_CURATED,PHASE_16,ACTIVE,LEGACY_RECORD
q-subj-math12-p17c-077267,cbse-board,cbse-board,NULL,science,subj-math12,en,none,ver-cbse-board-2026,HUMAN_CURATED,single_mcq,0,HUMAN_CURATED,PHASE_16,ACTIVE,LEGACY_RECORD
q-subj-math12-p17c-077268,cbse-board,cbse-board,NULL,science,subj-math12,en,none,ver-cbse-board-2026,HUMAN_CURATED,numerical,0,HUMAN_CURATED,PHASE_16,ACTIVE,LEGACY_RECORD
q-subj-math12-p17c-077269,cbse-board,cbse-board,NULL,science,subj-math12,en,none,ver-cbse-board-2026,HUMAN_CURATED,long_answer,0,HUMAN_CURATED,PHASE_16,ACTIVE,LEGACY_RECORD
q-subj-math12-p17c-077270,cbse-board,cbse-board,NULL,science,subj-math12,en,none,ver-cbse-board-2026,HUMAN_CURATED,single_mcq,0,HUMAN_CURATED,PHASE_16,ACTIVE,LEGACY_RECORD
q-subj-math12-p17c-077271,cbse-board,cbse-board,NULL,science,subj-math12,en,none,ver-cbse-board-2026,HUMAN_CURATED,numerical,0,HUMAN_CURATED,PHASE_16,ACTIVE,LEGACY_RECORD
q-subj-math12-p17c-077272,cbse-board,cbse-board,NULL,science,subj-math12,en,none,ver-cbse-board-2026,HUMAN_CURATED,long_answer,0,HUMAN_CURATED,PHASE_16,ACTIVE,LEGACY_RECORD
q-subj-math12-p17c-077273,cbse-board,cbse-board,NULL,science,subj-math12,en,none,ver-cbse-board-2026,HUMAN_CURATED,single_mcq,0,HUMAN_CURATED,PHASE_16,ACTIVE,LEGACY_RECORD
q-subj-math12-p17c-077274,cbse-board,cbse-board,NULL,science,subj-math12,en,none,ver-cbse-board-2026,HUMAN_CURATED,numerical,0,HUMAN_CURATED,PHASE_16,ACTIVE,LEGACY_RECORD
q-subj-math12-p17c-077275,cbse-board,cbse-board,NULL,science,subj-math12,en,none,ver-cbse-board-2026,HUMAN_CURATED,long_answer,0,HUMAN_CURATED,PHASE_16,ACTIVE,LEGACY_RECORD
q-subj-math12-p17c-077276,cbse-board,cbse-board,NULL,science,subj-math12,en,none,ver-cbse-board-2026,HUMAN_CURATED,single_mcq,0,HUMAN_CURATED,PHASE_16,ACTIVE,LEGACY_RECORD
q-subj-math12-p17c-077277,cbse-board,cbse-board,NULL,science,subj-math12,en,none,ver-cbse-board-2026,HUMAN_CURATED,numerical,0,HUMAN_CURATED,PHASE_16,ACTIVE,LEGACY_RECORD
q-subj-math12-p17c-077278,cbse-board,cbse-board,NULL,science,subj-math12,en,none,ver-cbse-board-2026,HUMAN_CURATED,long_answer,0,HUMAN_CURATED,PHASE_16,ACTIVE,LEGACY_RECORD
q-subj-math12-p17c-077279,cbse-board,cbse-board,NULL,science,subj-math12,en,none,ver-cbse-board-2026,HUMAN_CURATED,single_mcq,0,HUMAN_CURATED,PHASE_16,ACTIVE,LEGACY_RECORD
q-subj-math12-p17c-077280,cbse-board,cbse-board,NULL,science,subj-math12,en,none,ver-cbse-board-2026,HUMAN_CURATED,numerical,0,HUMAN_CURATED,PHASE_16,ACTIVE,LEGACY_RECORD
q-subj-math12-p17c-077281,cbse-board,cbse-board,NULL,science,subj-math12,en,none,ver-cbse-board-2026,HUMAN_CURATED,long_answer,0,HUMAN_CURATED,PHASE_16,ACTIVE,LEGACY_RECORD
q-subj-math12-p17c-077282,cbse-board,cbse-board,NULL,science,subj-math12,en,none,ver-cbse-board-2026,HUMAN_CURATED,single_mcq,0,HUMAN_CURATED,PHASE_16,ACTIVE,LEGACY_RECORD
q-subj-math12-p17c-077283,cbse-board,cbse-board,NULL,science,subj-math12,en,none,ver-cbse-board-2026,HUMAN_CURATED,numerical,0,HUMAN_CURATED,PHASE_16,ACTIVE,LEGACY_RECORD
q-subj-math12-p17c-077284,cbse-board,cbse-board,NULL,science,subj-math12,en,none,ver-cbse-board-2026,HUMAN_CURATED,long_answer,0,HUMAN_CURATED,PHASE_16,ACTIVE,LEGACY_RECORD
q-subj-math12-p17c-077285,cbse-board,cbse-board,NULL,science,subj-math12,en,none,ver-cbse-board-2026,HUMAN_CURATED,single_mcq,0,HUMAN_CURATED,PHASE_16,ACTIVE,LEGACY_RECORD
q-subj-math12-p17c-077286,cbse-board,cbse-board,NULL,science,subj-math12,en,none,ver-cbse-board-2026,HUMAN_CURATED,numerical,0,HUMAN_CURATED,PHASE_16,ACTIVE,LEGACY_RECORD
q-subj-math12-p17c-077287,cbse-board,cbse-board,NULL,science,subj-math12,en,none,ver-cbse-board-2026,HUMAN_CURATED,long_answer,0,HUMAN_CURATED,PHASE_16,ACTIVE,LEGACY_RECORD
q-subj-math12-p17c-077288,cbse-board,cbse-board,NULL,science,subj-math12,en,none,ver-cbse-board-2026,HUMAN_CURATED,single_mcq,0,HUMAN_CURATED,PHASE_16,ACTIVE,LEGACY_RECORD
q-subj-math12-p17c-077289,cbse-board,cbse-board,NULL,science,subj-math12,en,none,ver-cbse-board-2026,HUMAN_CURATED,numerical,0,HUMAN_CURATED,PHASE_16,ACTIVE,LEGACY_RECORD
q-subj-math12-p17c-077290,cbse-board,cbse-board,NULL,science,subj-math12,en,none,ver-cbse-board-2026,HUMAN_CURATED,long_answer,0,HUMAN_CURATED,PHASE_16,ACTIVE,LEGACY_RECORD
q-subj-math12-p17c-077291,cbse-board,cbse-board,NULL,science,subj-math12,en,none,ver-cbse-board-2026,HUMAN_CURATED,single_mcq,0,HUMAN_CURATED,PHASE_16,ACTIVE,LEGACY_RECORD
q-subj-math12-p17c-077292,cbse-board,cbse-board,NULL,science,subj-math12,en,none,ver-cbse-board-2026,HUMAN_CURATED,numerical,0,HUMAN_CURATED,PHASE_16,ACTIVE,LEGACY_RECORD
q-subj-math12-p17c-077293,cbse-board,cbse-board,NULL,science,subj-math12,en,none,ver-cbse-board-2026,HUMAN_CURATED,long_answer,0,HUMAN_CURATED,PHASE_16,ACTIVE,LEGACY_RECORD
q-subj-math12-p17c-077294,cbse-board,cbse-board,NULL,science,subj-math12,en,none,ver-cbse-board-2026,HUMAN_CURATED,single_mcq,0,HUMAN_CURATED,PHASE_16,ACTIVE,LEGACY_RECORD
q-subj-math12-p17c-077295,cbse-board,cbse-board,NULL,science,subj-math12,en,none,ver-cbse-board-2026,HUMAN_CURATED,numerical,0,HUMAN_CURATED,PHASE_16,ACTIVE,LEGACY_RECORD
q-subj-math12-p17c-077296,cbse-board,cbse-board,NULL,science,subj-math12,en,none,ver-cbse-board-2026,HUMAN_CURATED,long_answer,0,HUMAN_CURATED,PHASE_16,ACTIVE,LEGACY_RECORD
q-subj-math12-p17c-077297,cbse-board,cbse-board,NULL,science,subj-math12,en,none,ver-cbse-board-2026,HUMAN_CURATED,single_mcq,0,HUMAN_CURATED,PHASE_16,ACTIVE,LEGACY_RECORD
q-subj-math12-p17c-077298,cbse-board,cbse-board,NULL,science,subj-math12,en,none,ver-cbse-board-2026,HUMAN_CURATED,numerical,0,HUMAN_CURATED,PHASE_16,ACTIVE,LEGACY_RECORD
q-subj-math12-p17c-077299,cbse-board,cbse-board,NULL,science,subj-math12,en,none,ver-cbse-board-2026,HUMAN_CURATED,long_answer,0,HUMAN_CURATED,PHASE_16,ACTIVE,LEGACY_RECORD
q-subj-math12-p17c-077300,cbse-board,cbse-board,NULL,science,subj-math12,en,none,ver-cbse-board-2026,HUMAN_CURATED,single_mcq,0,HUMAN_CURATED,PHASE_16,ACTIVE,LEGACY_RECORD
q-subj-math12-p17c-077301,cbse-board,cbse-board,NULL,science,subj-math12,en,none,ver-cbse-board-2026,HUMAN_CURATED,numerical,0,HUMAN_CURATED,PHASE_16,ACTIVE,LEGACY_RECORD
q-subj-math12-p17c-077302,cbse-board,cbse-board,NULL,science,subj-math12,en,none,ver-cbse-board-2026,HUMAN_CURATED,long_answer,0,HUMAN_CURATED,PHASE_16,ACTIVE,LEGACY_RECORD
q-subj-math12-p17c-077303,cbse-board,cbse-board,NULL,science,subj-math12,en,none,ver-cbse-board-2026,HUMAN_CURATED,single_mcq,0,HUMAN_CURATED,PHASE_16,ACTIVE,LEGACY_RECORD
q-subj-math12-p17c-077304,cbse-board,cbse-board,NULL,science,subj-math12,en,none,ver-cbse-board-2026,HUMAN_CURATED,numerical,0,HUMAN_CURATED,PHASE_16,ACTIVE,LEGACY_RECORD
q-subj-math12-p17c-077305,cbse-board,cbse-board,NULL,science,subj-math12,en,none,ver-cbse-board-2026,HUMAN_CURATED,long_answer,0,HUMAN_CURATED,PHASE_16,ACTIVE,LEGACY_RECORD
q-subj-math12-p17c-077306,cbse-board,cbse-board,NULL,science,subj-math12,en,none,ver-cbse-board-2026,HUMAN_CURATED,single_mcq,0,HUMAN_CURATED,PHASE_16,ACTIVE,LEGACY_RECORD
q-subj-math12-p17c-077307,cbse-board,cbse-board,NULL,science,subj-math12,en,none,ver-cbse-board-2026,HUMAN_CURATED,numerical,0,HUMAN_CURATED,PHASE_16,ACTIVE,LEGACY_RECORD
q-subj-math12-p17c-077308,cbse-board,cbse-board,NULL,science,subj-math12,en,none,ver-cbse-board-2026,HUMAN_CURATED,long_answer,0,HUMAN_CURATED,PHASE_16,ACTIVE,LEGACY_RECORD
q-subj-math12-p17c-077309,cbse-board,cbse-board,NULL,science,subj-math12,en,none,ver-cbse-board-2026,HUMAN_CURATED,single_mcq,0,HUMAN_CURATED,PHASE_16,ACTIVE,LEGACY_RECORD
q-subj-math12-p17c-077310,cbse-board,cbse-board,NULL,science,subj-math12,en,none,ver-cbse-board-2026,HUMAN_CURATED,numerical,0,HUMAN_CURATED,PHASE_16,ACTIVE,LEGACY_RECORD
q-subj-math12-p17c-077311,cbse-board,cbse-board,NULL,science,subj-math12,en,none,ver-cbse-board-2026,HUMAN_CURATED,long_answer,0,HUMAN_CURATED,PHASE_16,ACTIVE,LEGACY_RECORD
q-subj-math12-p17c-077312,cbse-board,cbse-board,NULL,science,subj-math12,en,none,ver-cbse-board-2026,HUMAN_CURATED,single_mcq,0,HUMAN_CURATED,PHASE_16,ACTIVE,LEGACY_RECORD
q-subj-math12-p17c-077313,cbse-board,cbse-board,NULL,science,subj-math12,en,none,ver-cbse-board-2026,HUMAN_CURATED,numerical,0,HUMAN_CURATED,PHASE_16,ACTIVE,LEGACY_RECORD
q-subj-math12-p17c-077314,cbse-board,cbse-board,NULL,science,subj-math12,en,none,ver-cbse-board-2026,HUMAN_CURATED,long_answer,0,HUMAN_CURATED,PHASE_16,ACTIVE,LEGACY_RECORD
q-subj-math12-p17c-077315,cbse-board,cbse-board,NULL,science,subj-math12,en,none,ver-cbse-board-2026,HUMAN_CURATED,single_mcq,0,HUMAN_CURATED,PHASE_16,ACTIVE,LEGACY_RECORD
q-subj-math12-p17c-077316,cbse-board,cbse-board,NULL,science,subj-math12,en,none,ver-cbse-board-2026,HUMAN_CURATED,numerical,0,HUMAN_CURATED,PHASE_16,ACTIVE,LEGACY_RECORD
q-subj-math12-p17c-077317,cbse-board,cbse-board,NULL,science,subj-math12,en,none,ver-cbse-board-2026,HUMAN_CURATED,long_answer,0,HUMAN_CURATED,PHASE_16,ACTIVE,LEGACY_RECORD
q-subj-math12-p17c-077318,cbse-board,cbse-board,NULL,science,subj-math12,en,none,ver-cbse-board-2026,HUMAN_CURATED,single_mcq,0,HUMAN_CURATED,PHASE_16,ACTIVE,LEGACY_RECORD
q-subj-math12-p17c-077319,cbse-board,cbse-board,NULL,science,subj-math12,en,none,ver-cbse-board-2026,HUMAN_CURATED,numerical,0,HUMAN_CURATED,PHASE_16,ACTIVE,LEGACY_RECORD
q-subj-math12-p17c-077320,cbse-board,cbse-board,NULL,science,subj-math12,en,none,ver-cbse-board-2026,HUMAN_CURATED,long_answer,0,HUMAN_CURATED,PHASE_16,ACTIVE,LEGACY_RECORD
q-subj-math12-p17c-077321,cbse-board,cbse-board,NULL,science,subj-math12,en,none,ver-cbse-board-2026,HUMAN_CURATED,single_mcq,0,HUMAN_CURATED,PHASE_16,ACTIVE,LEGACY_RECORD
q-subj-math12-p17c-077322,cbse-board,cbse-board,NULL,science,subj-math12,en,none,ver-cbse-board-2026,HUMAN_CURATED,numerical,0,HUMAN_CURATED,PHASE_16,ACTIVE,LEGACY_RECORD
q-subj-math12-p17c-077323,cbse-board,cbse-board,NULL,science,subj-math12,en,none,ver-cbse-board-2026,HUMAN_CURATED,long_answer,0,HUMAN_CURATED,PHASE_16,ACTIVE,LEGACY_RECORD
q-subj-math12-p17c-077324,cbse-board,cbse-board,NULL,science,subj-math12,en,none,ver-cbse-board-2026,HUMAN_CURATED,single_mcq,0,HUMAN_CURATED,PHASE_16,ACTIVE,LEGACY_RECORD
q-subj-math12-p17c-077325,cbse-board,cbse-board,NULL,science,subj-math12,en,none,ver-cbse-board-2026,HUMAN_CURATED,numerical,0,HUMAN_CURATED,PHASE_16,ACTIVE,LEGACY_RECORD
q-subj-math12-p17c-077326,cbse-board,cbse-board,NULL,science,subj-math12,en,none,ver-cbse-board-2026,HUMAN_CURATED,long_answer,0,HUMAN_CURATED,PHASE_16,ACTIVE,LEGACY_RECORD
q-subj-math12-p17c-077327,cbse-board,cbse-board,NULL,science,subj-math12,en,none,ver-cbse-board-2026,HUMAN_CURATED,single_mcq,0,HUMAN_CURATED,PHASE_16,ACTIVE,LEGACY_RECORD
q-subj-math12-p17c-077328,cbse-board,cbse-board,NULL,science,subj-math12,en,none,ver-cbse-board-2026,HUMAN_CURATED,numerical,0,HUMAN_CURATED,PHASE_16,ACTIVE,LEGACY_RECORD
q-subj-math12-p17c-077329,cbse-board,cbse-board,NULL,science,subj-math12,en,none,ver-cbse-board-2026,HUMAN_CURATED,long_answer,0,HUMAN_CURATED,PHASE_16,ACTIVE,LEGACY_RECORD
q-subj-math12-p17c-077330,cbse-board,cbse-board,NULL,science,subj-math12,en,none,ver-cbse-board-2026,HUMAN_CURATED,single_mcq,0,HUMAN_CURATED,PHASE_16,ACTIVE,LEGACY_RECORD
q-subj-math12-p17c-077331,cbse-board,cbse-board,NULL,science,subj-math12,en,none,ver-cbse-board-2026,HUMAN_CURATED,numerical,0,HUMAN_CURATED,PHASE_16,ACTIVE,LEGACY_RECORD
q-subj-math12-p17c-077332,cbse-board,cbse-board,NULL,science,subj-math12,en,none,ver-cbse-board-2026,HUMAN_CURATED,long_answer,0,HUMAN_CURATED,PHASE_16,ACTIVE,LEGACY_RECORD
q-subj-math12-p17c-077333,cbse-board,cbse-board,NULL,science,subj-math12,en,none,ver-cbse-board-2026,HUMAN_CURATED,single_mcq,0,HUMAN_CURATED,PHASE_16,ACTIVE,LEGACY_RECORD
q-subj-math12-p17c-077334,cbse-board,cbse-board,NULL,science,subj-math12,en,none,ver-cbse-board-2026,HUMAN_CURATED,numerical,0,HUMAN_CURATED,PHASE_16,ACTIVE,LEGACY_RECORD
q-subj-math12-p17c-077335,cbse-board,cbse-board,NULL,science,subj-math12,en,none,ver-cbse-board-2026,HUMAN_CURATED,long_answer,0,HUMAN_CURATED,PHASE_16,ACTIVE,LEGACY_RECORD
q-subj-math12-p17c-077336,cbse-board,cbse-board,NULL,science,subj-math12,en,none,ver-cbse-board-2026,HUMAN_CURATED,single_mcq,0,HUMAN_CURATED,PHASE_16,ACTIVE,LEGACY_RECORD
q-subj-math12-p17c-077337,cbse-board,cbse-board,NULL,science,subj-math12,en,none,ver-cbse-board-2026,HUMAN_CURATED,numerical,0,HUMAN_CURATED,PHASE_16,ACTIVE,LEGACY_RECORD
q-subj-math12-p17c-077338,cbse-board,cbse-board,NULL,science,subj-math12,en,none,ver-cbse-board-2026,HUMAN_CURATED,long_answer,0,HUMAN_CURATED,PHASE_16,ACTIVE,LEGACY_RECORD
q-subj-math12-p17c-077339,cbse-board,cbse-board,NULL,science,subj-math12,en,none,ver-cbse-board-2026,HUMAN_CURATED,single_mcq,0,HUMAN_CURATED,PHASE_16,ACTIVE,LEGACY_RECORD
q-subj-math12-p17c-077340,cbse-board,cbse-board,NULL,science,subj-math12,en,none,ver-cbse-board-2026,HUMAN_CURATED,numerical,0,HUMAN_CURATED,PHASE_16,ACTIVE,LEGACY_RECORD
q-subj-math12-p17c-077341,cbse-board,cbse-board,NULL,science,subj-math12,en,none,ver-cbse-board-2026,HUMAN_CURATED,long_answer,0,HUMAN_CURATED,PHASE_16,ACTIVE,LEGACY_RECORD
q-subj-math12-p17c-077342,cbse-board,cbse-board,NULL,science,subj-math12,en,none,ver-cbse-board-2026,HUMAN_CURATED,single_mcq,0,HUMAN_CURATED,PHASE_16,ACTIVE,LEGACY_RECORD
q-subj-math12-p17c-077343,cbse-board,cbse-board,NULL,science,subj-math12,en,none,ver-cbse-board-2026,HUMAN_CURATED,numerical,0,HUMAN_CURATED,PHASE_16,ACTIVE,LEGACY_RECORD
q-subj-math12-p17c-077344,cbse-board,cbse-board,NULL,science,subj-math12,en,none,ver-cbse-board-2026,HUMAN_CURATED,long_answer,0,HUMAN_CURATED,PHASE_16,ACTIVE,LEGACY_RECORD
q-subj-math12-p17c-077345,cbse-board,cbse-board,NULL,science,subj-math12,en,none,ver-cbse-board-2026,HUMAN_CURATED,single_mcq,0,HUMAN_CURATED,PHASE_16,ACTIVE,LEGACY_RECORD
q-subj-math12-p17c-077346,cbse-board,cbse-board,NULL,science,subj-math12,en,none,ver-cbse-board-2026,HUMAN_CURATED,numerical,0,HUMAN_CURATED,PHASE_16,ACTIVE,LEGACY_RECORD
q-subj-math12-p17c-077347,cbse-board,cbse-board,NULL,science,subj-math12,en,none,ver-cbse-board-2026,HUMAN_CURATED,long_answer,0,HUMAN_CURATED,PHASE_16,ACTIVE,LEGACY_RECORD
q-subj-math12-p17c-077348,cbse-board,cbse-board,NULL,science,subj-math12,en,none,ver-cbse-board-2026,HUMAN_CURATED,single_mcq,0,HUMAN_CURATED,PHASE_16,ACTIVE,LEGACY_RECORD
q-subj-math12-p17c-077349,cbse-board,cbse-board,NULL,science,subj-math12,en,none,ver-cbse-board-2026,HUMAN_CURATED,numerical,0,HUMAN_CURATED,PHASE_16,ACTIVE,LEGACY_RECORD
q-subj-math12-p17c-077350,cbse-board,cbse-board,NULL,science,subj-math12,en,none,ver-cbse-board-2026,HUMAN_CURATED,long_answer,0,HUMAN_CURATED,PHASE_16,ACTIVE,LEGACY_RECORD
q-subj-math12-p17c-077351,cbse-board,cbse-board,NULL,science,subj-math12,en,none,ver-cbse-board-2026,HUMAN_CURATED,single_mcq,0,HUMAN_CURATED,PHASE_16,ACTIVE,LEGACY_RECORD
q-subj-math12-p17c-077352,cbse-board,cbse-board,NULL,science,subj-math12,en,none,ver-cbse-board-2026,HUMAN_CURATED,numerical,0,HUMAN_CURATED,PHASE_16,ACTIVE,LEGACY_RECORD
q-subj-math12-p17c-077353,cbse-board,cbse-board,NULL,science,subj-math12,en,none,ver-cbse-board-2026,HUMAN_CURATED,long_answer,0,HUMAN_CURATED,PHASE_16,ACTIVE,LEGACY_RECORD
q-subj-math12-p17c-077354,cbse-board,cbse-board,NULL,science,subj-math12,en,none,ver-cbse-board-2026,HUMAN_CURATED,single_mcq,0,HUMAN_CURATED,PHASE_16,ACTIVE,LEGACY_RECORD
q-subj-math12-p17c-077355,cbse-board,cbse-board,NULL,science,subj-math12,en,none,ver-cbse-board-2026,HUMAN_CURATED,numerical,0,HUMAN_CURATED,PHASE_16,ACTIVE,LEGACY_RECORD
q-subj-math12-p17c-077356,cbse-board,cbse-board,NULL,science,subj-math12,en,none,ver-cbse-board-2026,HUMAN_CURATED,long_answer,0,HUMAN_CURATED,PHASE_16,ACTIVE,LEGACY_RECORD
q-subj-math12-p17c-077357,cbse-board,cbse-board,NULL,science,subj-math12,en,none,ver-cbse-board-2026,HUMAN_CURATED,single_mcq,0,HUMAN_CURATED,PHASE_16,ACTIVE,LEGACY_RECORD
q-subj-math12-p17c-077358,cbse-board,cbse-board,NULL,science,subj-math12,en,none,ver-cbse-board-2026,HUMAN_CURATED,numerical,0,HUMAN_CURATED,PHASE_16,ACTIVE,LEGACY_RECORD
q-subj-math12-p17c-077359,cbse-board,cbse-board,NULL,science,subj-math12,en,none,ver-cbse-board-2026,HUMAN_CURATED,long_answer,0,HUMAN_CURATED,PHASE_16,ACTIVE,LEGACY_RECORD
q-subj-math12-p17c-077360,cbse-board,cbse-board,NULL,science,subj-math12,en,none,ver-cbse-board-2026,HUMAN_CURATED,single_mcq,0,HUMAN_CURATED,PHASE_16,ACTIVE,LEGACY_RECORD
q-subj-math12-p17c-077361,cbse-board,cbse-board,NULL,science,subj-math12,en,none,ver-cbse-board-2026,HUMAN_CURATED,numerical,0,HUMAN_CURATED,PHASE_16,ACTIVE,LEGACY_RECORD
q-subj-math12-p17c-077362,cbse-board,cbse-board,NULL,science,subj-math12,en,none,ver-cbse-board-2026,HUMAN_CURATED,long_answer,0,HUMAN_CURATED,PHASE_16,ACTIVE,LEGACY_RECORD
q-subj-math12-p17c-077363,cbse-board,cbse-board,NULL,science,subj-math12,en,none,ver-cbse-board-2026,HUMAN_CURATED,single_mcq,0,HUMAN_CURATED,PHASE_16,ACTIVE,LEGACY_RECORD
q-subj-math12-p17c-077364,cbse-board,cbse-board,NULL,science,subj-math12,en,none,ver-cbse-board-2026,HUMAN_CURATED,numerical,0,HUMAN_CURATED,PHASE_16,ACTIVE,LEGACY_RECORD
q-subj-math12-p17c-077365,cbse-board,cbse-board,NULL,science,subj-math12,en,none,ver-cbse-board-2026,HUMAN_CURATED,long_answer,0,HUMAN_CURATED,PHASE_16,ACTIVE,LEGACY_RECORD
q-subj-math12-p17c-077366,cbse-board,cbse-board,NULL,science,subj-math12,en,none,ver-cbse-board-2026,HUMAN_CURATED,single_mcq,0,HUMAN_CURATED,PHASE_16,ACTIVE,LEGACY_RECORD
q-subj-math12-p17c-077367,cbse-board,cbse-board,NULL,science,subj-math12,en,none,ver-cbse-board-2026,HUMAN_CURATED,numerical,0,HUMAN_CURATED,PHASE_16,ACTIVE,LEGACY_RECORD
q-subj-math12-p17c-077368,cbse-board,cbse-board,NULL,science,subj-math12,en,none,ver-cbse-board-2026,HUMAN_CURATED,long_answer,0,HUMAN_CURATED,PHASE_16,ACTIVE,LEGACY_RECORD
q-subj-math12-p17c-077369,cbse-board,cbse-board,NULL,science,subj-math12,en,none,ver-cbse-board-2026,HUMAN_CURATED,single_mcq,0,HUMAN_CURATED,PHASE_16,ACTIVE,LEGACY_RECORD
q-subj-math12-p17c-077370,cbse-board,cbse-board,NULL,science,subj-math12,en,none,ver-cbse-board-2026,HUMAN_CURATED,numerical,0,HUMAN_CURATED,PHASE_16,ACTIVE,LEGACY_RECORD
q-subj-math12-p17c-077371,cbse-board,cbse-board,NULL,science,subj-math12,en,none,ver-cbse-board-2026,HUMAN_CURATED,long_answer,0,HUMAN_CURATED,PHASE_16,ACTIVE,LEGACY_RECORD
q-subj-math12-p17c-077372,cbse-board,cbse-board,NULL,science,subj-math12,en,none,ver-cbse-board-2026,HUMAN_CURATED,single_mcq,0,HUMAN_CURATED,PHASE_16,ACTIVE,LEGACY_RECORD
q-subj-math12-p17c-077373,cbse-board,cbse-board,NULL,science,subj-math12,en,none,ver-cbse-board-2026,HUMAN_CURATED,numerical,0,HUMAN_CURATED,PHASE_16,ACTIVE,LEGACY_RECORD
q-subj-math12-p17c-077374,cbse-board,cbse-board,NULL,science,subj-math12,en,none,ver-cbse-board-2026,HUMAN_CURATED,long_answer,0,HUMAN_CURATED,PHASE_16,ACTIVE,LEGACY_RECORD
q-subj-math12-p17c-077375,cbse-board,cbse-board,NULL,science,subj-math12,en,none,ver-cbse-board-2026,HUMAN_CURATED,single_mcq,0,HUMAN_CURATED,PHASE_16,ACTIVE,LEGACY_RECORD
q-subj-math12-p17c-077376,cbse-board,cbse-board,NULL,science,subj-math12,en,none,ver-cbse-board-2026,HUMAN_CURATED,numerical,0,HUMAN_CURATED,PHASE_16,ACTIVE,LEGACY_RECORD
q-subj-math12-p17c-077377,cbse-board,cbse-board,NULL,science,subj-math12,en,none,ver-cbse-board-2026,HUMAN_CURATED,long_answer,0,HUMAN_CURATED,PHASE_16,ACTIVE,LEGACY_RECORD
q-subj-math12-p17c-077378,cbse-board,cbse-board,NULL,science,subj-math12,en,none,ver-cbse-board-2026,HUMAN_CURATED,single_mcq,0,HUMAN_CURATED,PHASE_16,ACTIVE,LEGACY_RECORD
q-subj-math12-p17c-077379,cbse-board,cbse-board,NULL,science,subj-math12,en,none,ver-cbse-board-2026,HUMAN_CURATED,numerical,0,HUMAN_CURATED,PHASE_16,ACTIVE,LEGACY_RECORD
q-subj-math12-p17c-077380,cbse-board,cbse-board,NULL,science,subj-math12,en,none,ver-cbse-board-2026,HUMAN_CURATED,long_answer,0,HUMAN_CURATED,PHASE_16,ACTIVE,LEGACY_RECORD
q-subj-math12-p17c-077381,cbse-board,cbse-board,NULL,science,subj-math12,en,none,ver-cbse-board-2026,HUMAN_CURATED,single_mcq,0,HUMAN_CURATED,PHASE_16,ACTIVE,LEGACY_RECORD
q-subj-math12-p17c-077382,cbse-board,cbse-board,NULL,science,subj-math12,en,none,ver-cbse-board-2026,HUMAN_CURATED,numerical,0,HUMAN_CURATED,PHASE_16,ACTIVE,LEGACY_RECORD
q-subj-math12-p17c-077383,cbse-board,cbse-board,NULL,science,subj-math12,en,none,ver-cbse-board-2026,HUMAN_CURATED,long_answer,0,HUMAN_CURATED,PHASE_16,ACTIVE,LEGACY_RECORD
q-subj-math12-p17c-077384,cbse-board,cbse-board,NULL,science,subj-math12,en,none,ver-cbse-board-2026,HUMAN_CURATED,single_mcq,0,HUMAN_CURATED,PHASE_16,ACTIVE,LEGACY_RECORD
q-subj-math12-p17c-077385,cbse-board,cbse-board,NULL,science,subj-math12,en,none,ver-cbse-board-2026,HUMAN_CURATED,numerical,0,HUMAN_CURATED,PHASE_16,ACTIVE,LEGACY_RECORD
q-subj-math12-p17c-077386,cbse-board,cbse-board,NULL,science,subj-math12,en,none,ver-cbse-board-2026,HUMAN_CURATED,long_answer,0,HUMAN_CURATED,PHASE_16,ACTIVE,LEGACY_RECORD
q-subj-math12-p17c-077387,cbse-board,cbse-board,NULL,science,subj-math12,en,none,ver-cbse-board-2026,HUMAN_CURATED,single_mcq,0,HUMAN_CURATED,PHASE_16,ACTIVE,LEGACY_RECORD
q-subj-math12-p17c-077388,cbse-board,cbse-board,NULL,science,subj-math12,en,none,ver-cbse-board-2026,HUMAN_CURATED,numerical,0,HUMAN_CURATED,PHASE_16,ACTIVE,LEGACY_RECORD
q-subj-math12-p17c-077389,cbse-board,cbse-board,NULL,science,subj-math12,en,none,ver-cbse-board-2026,HUMAN_CURATED,long_answer,0,HUMAN_CURATED,PHASE_16,ACTIVE,LEGACY_RECORD
q-subj-math12-p17c-077390,cbse-board,cbse-board,NULL,science,subj-math12,en,none,ver-cbse-board-2026,HUMAN_CURATED,single_mcq,0,HUMAN_CURATED,PHASE_16,ACTIVE,LEGACY_RECORD
q-subj-math12-p17c-077391,cbse-board,cbse-board,NULL,science,subj-math12,en,none,ver-cbse-board-2026,HUMAN_CURATED,numerical,0,HUMAN_CURATED,PHASE_16,ACTIVE,LEGACY_RECORD
q-subj-math12-p17c-077392,cbse-board,cbse-board,NULL,science,subj-math12,en,none,ver-cbse-board-2026,HUMAN_CURATED,long_answer,0,HUMAN_CURATED,PHASE_16,ACTIVE,LEGACY_RECORD
q-subj-math12-p17c-077393,cbse-board,cbse-board,NULL,science,subj-math12,en,none,ver-cbse-board-2026,HUMAN_CURATED,single_mcq,0,HUMAN_CURATED,PHASE_16,ACTIVE,LEGACY_RECORD
q-subj-math12-p17c-077394,cbse-board,cbse-board,NULL,science,subj-math12,en,none,ver-cbse-board-2026,HUMAN_CURATED,numerical,0,HUMAN_CURATED,PHASE_16,ACTIVE,LEGACY_RECORD
q-subj-math12-p17c-077395,cbse-board,cbse-board,NULL,science,subj-math12,en,none,ver-cbse-board-2026,HUMAN_CURATED,long_answer,0,HUMAN_CURATED,PHASE_16,ACTIVE,LEGACY_RECORD
q-subj-math12-p17c-077396,cbse-board,cbse-board,NULL,science,subj-math12,en,none,ver-cbse-board-2026,HUMAN_CURATED,single_mcq,0,HUMAN_CURATED,PHASE_16,ACTIVE,LEGACY_RECORD
q-subj-math12-p17c-077397,cbse-board,cbse-board,NULL,science,subj-math12,en,none,ver-cbse-board-2026,HUMAN_CURATED,numerical,0,HUMAN_CURATED,PHASE_16,ACTIVE,LEGACY_RECORD
q-subj-math12-p17c-077398,cbse-board,cbse-board,NULL,science,subj-math12,en,none,ver-cbse-board-2026,HUMAN_CURATED,long_answer,0,HUMAN_CURATED,PHASE_16,ACTIVE,LEGACY_RECORD
q-subj-math12-p17c-077399,cbse-board,cbse-board,NULL,science,subj-math12,en,none,ver-cbse-board-2026,HUMAN_CURATED,single_mcq,0,HUMAN_CURATED,PHASE_16,ACTIVE,LEGACY_RECORD
q-subj-math12-p17c-077400,cbse-board,cbse-board,NULL,science,subj-math12,en,none,ver-cbse-board-2026,HUMAN_CURATED,numerical,0,HUMAN_CURATED,PHASE_16,ACTIVE,LEGACY_RECORD
q-subj-math12-p17c-077401,cbse-board,cbse-board,NULL,science,subj-math12,en,none,ver-cbse-board-2026,HUMAN_CURATED,long_answer,0,HUMAN_CURATED,PHASE_16,ACTIVE,LEGACY_RECORD
q-subj-math12-p17c-077402,cbse-board,cbse-board,NULL,science,subj-math12,en,none,ver-cbse-board-2026,HUMAN_CURATED,single_mcq,0,HUMAN_CURATED,PHASE_16,ACTIVE,LEGACY_RECORD
q-subj-math12-p17c-077403,cbse-board,cbse-board,NULL,science,subj-math12,en,none,ver-cbse-board-2026,HUMAN_CURATED,numerical,0,HUMAN_CURATED,PHASE_16,ACTIVE,LEGACY_RECORD
q-subj-math12-p17c-077404,cbse-board,cbse-board,NULL,science,subj-math12,en,none,ver-cbse-board-2026,HUMAN_CURATED,long_answer,0,HUMAN_CURATED,PHASE_16,ACTIVE,LEGACY_RECORD
q-subj-math12-p17c-077405,cbse-board,cbse-board,NULL,science,subj-math12,en,none,ver-cbse-board-2026,HUMAN_CURATED,single_mcq,0,HUMAN_CURATED,PHASE_16,ACTIVE,LEGACY_RECORD
q-subj-math12-p17c-077406,cbse-board,cbse-board,NULL,science,subj-math12,en,none,ver-cbse-board-2026,HUMAN_CURATED,numerical,0,HUMAN_CURATED,PHASE_16,ACTIVE,LEGACY_RECORD
q-subj-math12-p17c-077407,cbse-board,cbse-board,NULL,science,subj-math12,en,none,ver-cbse-board-2026,HUMAN_CURATED,long_answer,0,HUMAN_CURATED,PHASE_16,ACTIVE,LEGACY_RECORD
q-subj-math12-p17c-077408,cbse-board,cbse-board,NULL,science,subj-math12,en,none,ver-cbse-board-2026,HUMAN_CURATED,single_mcq,0,HUMAN_CURATED,PHASE_16,ACTIVE,LEGACY_RECORD
q-subj-math12-p17c-077409,cbse-board,cbse-board,NULL,science,subj-math12,en,none,ver-cbse-board-2026,HUMAN_CURATED,numerical,0,HUMAN_CURATED,PHASE_16,ACTIVE,LEGACY_RECORD
q-subj-math12-p17c-077410,cbse-board,cbse-board,NULL,science,subj-math12,en,none,ver-cbse-board-2026,HUMAN_CURATED,long_answer,0,HUMAN_CURATED,PHASE_16,ACTIVE,LEGACY_RECORD
q-subj-math12-p17c-077411,cbse-board,cbse-board,NULL,science,subj-math12,en,none,ver-cbse-board-2026,HUMAN_CURATED,single_mcq,0,HUMAN_CURATED,PHASE_16,ACTIVE,LEGACY_RECORD
q-subj-math12-p17c-077412,cbse-board,cbse-board,NULL,science,subj-math12,en,none,ver-cbse-board-2026,HUMAN_CURATED,numerical,0,HUMAN_CURATED,PHASE_16,ACTIVE,LEGACY_RECORD
q-subj-math12-p17c-077413,cbse-board,cbse-board,NULL,science,subj-math12,en,none,ver-cbse-board-2026,HUMAN_CURATED,long_answer,0,HUMAN_CURATED,PHASE_16,ACTIVE,LEGACY_RECORD
q-subj-math12-p17c-077414,cbse-board,cbse-board,NULL,science,subj-math12,en,none,ver-cbse-board-2026,HUMAN_CURATED,single_mcq,0,HUMAN_CURATED,PHASE_16,ACTIVE,LEGACY_RECORD
q-subj-math12-p17c-077415,cbse-board,cbse-board,NULL,science,subj-math12,en,none,ver-cbse-board-2026,HUMAN_CURATED,numerical,0,HUMAN_CURATED,PHASE_16,ACTIVE,LEGACY_RECORD
q-subj-math12-p17c-077416,cbse-board,cbse-board,NULL,science,subj-math12,en,none,ver-cbse-board-2026,HUMAN_CURATED,long_answer,0,HUMAN_CURATED,PHASE_16,ACTIVE,LEGACY_RECORD
q-subj-math12-p17c-077417,cbse-board,cbse-board,NULL,science,subj-math12,en,none,ver-cbse-board-2026,HUMAN_CURATED,single_mcq,0,HUMAN_CURATED,PHASE_16,ACTIVE,LEGACY_RECORD
q-subj-math12-p17c-077418,cbse-board,cbse-board,NULL,science,subj-math12,en,none,ver-cbse-board-2026,HUMAN_CURATED,numerical,0,HUMAN_CURATED,PHASE_16,ACTIVE,LEGACY_RECORD
q-subj-math12-p17c-077419,cbse-board,cbse-board,NULL,science,subj-math12,en,none,ver-cbse-board-2026,HUMAN_CURATED,long_answer,0,HUMAN_CURATED,PHASE_16,ACTIVE,LEGACY_RECORD
q-subj-math12-p17c-077420,cbse-board,cbse-board,NULL,science,subj-math12,en,none,ver-cbse-board-2026,HUMAN_CURATED,single_mcq,0,HUMAN_CURATED,PHASE_16,ACTIVE,LEGACY_RECORD
q-subj-math12-p17c-077421,cbse-board,cbse-board,NULL,science,subj-math12,en,none,ver-cbse-board-2026,HUMAN_CURATED,numerical,0,HUMAN_CURATED,PHASE_16,ACTIVE,LEGACY_RECORD
q-subj-math12-p17c-077422,cbse-board,cbse-board,NULL,science,subj-math12,en,none,ver-cbse-board-2026,HUMAN_CURATED,long_answer,0,HUMAN_CURATED,PHASE_16,ACTIVE,LEGACY_RECORD
q-subj-math12-p17c-077423,cbse-board,cbse-board,NULL,science,subj-math12,en,none,ver-cbse-board-2026,HUMAN_CURATED,single_mcq,0,HUMAN_CURATED,PHASE_16,ACTIVE,LEGACY_RECORD
q-subj-math12-p17c-077424,cbse-board,cbse-board,NULL,science,subj-math12,en,none,ver-cbse-board-2026,HUMAN_CURATED,numerical,0,HUMAN_CURATED,PHASE_16,ACTIVE,LEGACY_RECORD
q-subj-math12-p17c-077425,cbse-board,cbse-board,NULL,science,subj-math12,en,none,ver-cbse-board-2026,HUMAN_CURATED,long_answer,0,HUMAN_CURATED,PHASE_16,ACTIVE,LEGACY_RECORD
q-subj-math12-p17c-077426,cbse-board,cbse-board,NULL,science,subj-math12,en,none,ver-cbse-board-2026,HUMAN_CURATED,single_mcq,0,HUMAN_CURATED,PHASE_16,ACTIVE,LEGACY_RECORD
q-subj-math12-p17c-077427,cbse-board,cbse-board,NULL,science,subj-math12,en,none,ver-cbse-board-2026,HUMAN_CURATED,numerical,0,HUMAN_CURATED,PHASE_16,ACTIVE,LEGACY_RECORD
q-subj-math12-p17c-077428,cbse-board,cbse-board,NULL,science,subj-math12,en,none,ver-cbse-board-2026,HUMAN_CURATED,long_answer,0,HUMAN_CURATED,PHASE_16,ACTIVE,LEGACY_RECORD
q-subj-math12-p17c-077429,cbse-board,cbse-board,NULL,science,subj-math12,en,none,ver-cbse-board-2026,HUMAN_CURATED,single_mcq,0,HUMAN_CURATED,PHASE_16,ACTIVE,LEGACY_RECORD
q-subj-math12-p17c-077430,cbse-board,cbse-board,NULL,science,subj-math12,en,none,ver-cbse-board-2026,HUMAN_CURATED,numerical,0,HUMAN_CURATED,PHASE_16,ACTIVE,LEGACY_RECORD
q-subj-math12-p17c-077431,cbse-board,cbse-board,NULL,science,subj-math12,en,none,ver-cbse-board-2026,HUMAN_CURATED,long_answer,0,HUMAN_CURATED,PHASE_16,ACTIVE,LEGACY_RECORD
q-subj-math12-p17c-077432,cbse-board,cbse-board,NULL,science,subj-math12,en,none,ver-cbse-board-2026,HUMAN_CURATED,single_mcq,0,HUMAN_CURATED,PHASE_16,ACTIVE,LEGACY_RECORD
q-subj-math12-p17c-077433,cbse-board,cbse-board,NULL,science,subj-math12,en,none,ver-cbse-board-2026,HUMAN_CURATED,numerical,0,HUMAN_CURATED,PHASE_16,ACTIVE,LEGACY_RECORD
q-subj-math12-p17c-077434,cbse-board,cbse-board,NULL,science,subj-math12,en,none,ver-cbse-board-2026,HUMAN_CURATED,long_answer,0,HUMAN_CURATED,PHASE_16,ACTIVE,LEGACY_RECORD
q-subj-math12-p17c-077435,cbse-board,cbse-board,NULL,science,subj-math12,en,none,ver-cbse-board-2026,HUMAN_CURATED,single_mcq,0,HUMAN_CURATED,PHASE_16,ACTIVE,LEGACY_RECORD
q-subj-math12-p17c-077436,cbse-board,cbse-board,NULL,science,subj-math12,en,none,ver-cbse-board-2026,HUMAN_CURATED,numerical,0,HUMAN_CURATED,PHASE_16,ACTIVE,LEGACY_RECORD
q-subj-math12-p17c-077437,cbse-board,cbse-board,NULL,science,subj-math12,en,none,ver-cbse-board-2026,HUMAN_CURATED,long_answer,0,HUMAN_CURATED,PHASE_16,ACTIVE,LEGACY_RECORD
q-subj-math12-p17c-077438,cbse-board,cbse-board,NULL,science,subj-math12,en,none,ver-cbse-board-2026,HUMAN_CURATED,single_mcq,0,HUMAN_CURATED,PHASE_16,ACTIVE,LEGACY_RECORD
q-subj-math12-p17c-077439,cbse-board,cbse-board,NULL,science,subj-math12,en,none,ver-cbse-board-2026,HUMAN_CURATED,numerical,0,HUMAN_CURATED,PHASE_16,ACTIVE,LEGACY_RECORD
q-subj-math12-p17c-077440,cbse-board,cbse-board,NULL,science,subj-math12,en,none,ver-cbse-board-2026,HUMAN_CURATED,long_answer,0,HUMAN_CURATED,PHASE_16,ACTIVE,LEGACY_RECORD
q-subj-math12-p17c-077441,cbse-board,cbse-board,NULL,science,subj-math12,en,none,ver-cbse-board-2026,HUMAN_CURATED,single_mcq,0,HUMAN_CURATED,PHASE_16,ACTIVE,LEGACY_RECORD
q-subj-math12-p17c-077442,cbse-board,cbse-board,NULL,science,subj-math12,en,none,ver-cbse-board-2026,HUMAN_CURATED,numerical,0,HUMAN_CURATED,PHASE_16,ACTIVE,LEGACY_RECORD
q-subj-math12-p17c-077443,cbse-board,cbse-board,NULL,science,subj-math12,en,none,ver-cbse-board-2026,HUMAN_CURATED,long_answer,0,HUMAN_CURATED,PHASE_16,ACTIVE,LEGACY_RECORD
q-subj-math12-p17c-077444,cbse-board,cbse-board,NULL,science,subj-math12,en,none,ver-cbse-board-2026,HUMAN_CURATED,single_mcq,0,HUMAN_CURATED,PHASE_16,ACTIVE,LEGACY_RECORD
q-subj-math12-p17c-077445,cbse-board,cbse-board,NULL,science,subj-math12,en,none,ver-cbse-board-2026,HUMAN_CURATED,numerical,0,HUMAN_CURATED,PHASE_16,ACTIVE,LEGACY_RECORD
q-subj-math12-p17c-077446,cbse-board,cbse-board,NULL,science,subj-math12,en,none,ver-cbse-board-2026,HUMAN_CURATED,long_answer,0,HUMAN_CURATED,PHASE_16,ACTIVE,LEGACY_RECORD
q-subj-math12-p17c-077447,cbse-board,cbse-board,NULL,science,subj-math12,en,none,ver-cbse-board-2026,HUMAN_CURATED,single_mcq,0,HUMAN_CURATED,PHASE_16,ACTIVE,LEGACY_RECORD
q-subj-math12-p17c-077448,cbse-board,cbse-board,NULL,science,subj-math12,en,none,ver-cbse-board-2026,HUMAN_CURATED,numerical,0,HUMAN_CURATED,PHASE_16,ACTIVE,LEGACY_RECORD
q-subj-math12-p17c-077449,cbse-board,cbse-board,NULL,science,subj-math12,en,none,ver-cbse-board-2026,HUMAN_CURATED,long_answer,0,HUMAN_CURATED,PHASE_16,ACTIVE,LEGACY_RECORD
q-subj-math12-p17c-077450,cbse-board,cbse-board,NULL,science,subj-math12,en,none,ver-cbse-board-2026,HUMAN_CURATED,single_mcq,0,HUMAN_CURATED,PHASE_16,ACTIVE,LEGACY_RECORD
q-subj-math12-p17c-077451,cbse-board,cbse-board,NULL,science,subj-math12,en,none,ver-cbse-board-2026,HUMAN_CURATED,numerical,0,HUMAN_CURATED,PHASE_16,ACTIVE,LEGACY_RECORD
q-subj-math12-p17c-077452,cbse-board,cbse-board,NULL,science,subj-math12,en,none,ver-cbse-board-2026,HUMAN_CURATED,long_answer,0,HUMAN_CURATED,PHASE_16,ACTIVE,LEGACY_RECORD
q-subj-math12-p17c-077453,cbse-board,cbse-board,NULL,science,subj-math12,en,none,ver-cbse-board-2026,HUMAN_CURATED,single_mcq,0,HUMAN_CURATED,PHASE_16,ACTIVE,LEGACY_RECORD
q-subj-math12-p17c-077454,cbse-board,cbse-board,NULL,science,subj-math12,en,none,ver-cbse-board-2026,HUMAN_CURATED,numerical,0,HUMAN_CURATED,PHASE_16,ACTIVE,LEGACY_RECORD
q-subj-math12-p17c-077455,cbse-board,cbse-board,NULL,science,subj-math12,en,none,ver-cbse-board-2026,HUMAN_CURATED,long_answer,0,HUMAN_CURATED,PHASE_16,ACTIVE,LEGACY_RECORD
q-subj-math12-p17c-077456,cbse-board,cbse-board,NULL,science,subj-math12,en,none,ver-cbse-board-2026,HUMAN_CURATED,single_mcq,0,HUMAN_CURATED,PHASE_16,ACTIVE,LEGACY_RECORD
q-subj-math12-p17c-077457,cbse-board,cbse-board,NULL,science,subj-math12,en,none,ver-cbse-board-2026,HUMAN_CURATED,numerical,0,HUMAN_CURATED,PHASE_16,ACTIVE,LEGACY_RECORD
q-subj-math12-p17c-077458,cbse-board,cbse-board,NULL,science,subj-math12,en,none,ver-cbse-board-2026,HUMAN_CURATED,long_answer,0,HUMAN_CURATED,PHASE_16,ACTIVE,LEGACY_RECORD
q-subj-math12-p17c-077459,cbse-board,cbse-board,NULL,science,subj-math12,en,none,ver-cbse-board-2026,HUMAN_CURATED,single_mcq,0,HUMAN_CURATED,PHASE_16,ACTIVE,LEGACY_RECORD
q-subj-math12-p17c-077460,cbse-board,cbse-board,NULL,science,subj-math12,en,none,ver-cbse-board-2026,HUMAN_CURATED,numerical,0,HUMAN_CURATED,PHASE_16,ACTIVE,LEGACY_RECORD
q-subj-math12-p17c-077461,cbse-board,cbse-board,NULL,science,subj-math12,en,none,ver-cbse-board-2026,HUMAN_CURATED,long_answer,0,HUMAN_CURATED,PHASE_16,ACTIVE,LEGACY_RECORD
q-subj-math12-p17c-077462,cbse-board,cbse-board,NULL,science,subj-math12,en,none,ver-cbse-board-2026,HUMAN_CURATED,single_mcq,0,HUMAN_CURATED,PHASE_16,ACTIVE,LEGACY_RECORD
q-subj-math12-p17c-077463,cbse-board,cbse-board,NULL,science,subj-math12,en,none,ver-cbse-board-2026,HUMAN_CURATED,numerical,0,HUMAN_CURATED,PHASE_16,ACTIVE,LEGACY_RECORD
q-subj-math12-p17c-077464,cbse-board,cbse-board,NULL,science,subj-math12,en,none,ver-cbse-board-2026,HUMAN_CURATED,long_answer,0,HUMAN_CURATED,PHASE_16,ACTIVE,LEGACY_RECORD
q-subj-math12-p17c-077465,cbse-board,cbse-board,NULL,science,subj-math12,en,none,ver-cbse-board-2026,HUMAN_CURATED,single_mcq,0,HUMAN_CURATED,PHASE_16,ACTIVE,LEGACY_RECORD
q-subj-math12-p17c-077466,cbse-board,cbse-board,NULL,science,subj-math12,en,none,ver-cbse-board-2026,HUMAN_CURATED,numerical,0,HUMAN_CURATED,PHASE_16,ACTIVE,LEGACY_RECORD
q-subj-math12-p17c-077467,cbse-board,cbse-board,NULL,science,subj-math12,en,none,ver-cbse-board-2026,HUMAN_CURATED,long_answer,0,HUMAN_CURATED,PHASE_16,ACTIVE,LEGACY_RECORD
q-subj-math12-p17c-077468,cbse-board,cbse-board,NULL,science,subj-math12,en,none,ver-cbse-board-2026,HUMAN_CURATED,single_mcq,0,HUMAN_CURATED,PHASE_16,ACTIVE,LEGACY_RECORD
q-subj-math12-p17c-077469,cbse-board,cbse-board,NULL,science,subj-math12,en,none,ver-cbse-board-2026,HUMAN_CURATED,numerical,0,HUMAN_CURATED,PHASE_16,ACTIVE,LEGACY_RECORD
q-subj-math12-p17c-077470,cbse-board,cbse-board,NULL,science,subj-math12,en,none,ver-cbse-board-2026,HUMAN_CURATED,long_answer,0,HUMAN_CURATED,PHASE_16,ACTIVE,LEGACY_RECORD
q-subj-math12-p17c-077471,cbse-board,cbse-board,NULL,science,subj-math12,en,none,ver-cbse-board-2026,HUMAN_CURATED,single_mcq,0,HUMAN_CURATED,PHASE_16,ACTIVE,LEGACY_RECORD
q-subj-math12-p17c-077472,cbse-board,cbse-board,NULL,science,subj-math12,en,none,ver-cbse-board-2026,HUMAN_CURATED,numerical,0,HUMAN_CURATED,PHASE_16,ACTIVE,LEGACY_RECORD
q-subj-math12-p17c-077473,cbse-board,cbse-board,NULL,science,subj-math12,en,none,ver-cbse-board-2026,HUMAN_CURATED,long_answer,0,HUMAN_CURATED,PHASE_16,ACTIVE,LEGACY_RECORD
q-subj-math12-p17c-077474,cbse-board,cbse-board,NULL,science,subj-math12,en,none,ver-cbse-board-2026,HUMAN_CURATED,single_mcq,0,HUMAN_CURATED,PHASE_16,ACTIVE,LEGACY_RECORD
q-subj-math12-p17c-077475,cbse-board,cbse-board,NULL,science,subj-math12,en,none,ver-cbse-board-2026,HUMAN_CURATED,numerical,0,HUMAN_CURATED,PHASE_16,ACTIVE,LEGACY_RECORD
q-subj-math12-p17c-077476,cbse-board,cbse-board,NULL,science,subj-math12,en,none,ver-cbse-board-2026,HUMAN_CURATED,long_answer,0,HUMAN_CURATED,PHASE_16,ACTIVE,LEGACY_RECORD
q-subj-math12-p17c-077477,cbse-board,cbse-board,NULL,science,subj-math12,en,none,ver-cbse-board-2026,HUMAN_CURATED,single_mcq,0,HUMAN_CURATED,PHASE_16,ACTIVE,LEGACY_RECORD
q-subj-math12-p17c-077478,cbse-board,cbse-board,NULL,science,subj-math12,en,none,ver-cbse-board-2026,HUMAN_CURATED,numerical,0,HUMAN_CURATED,PHASE_16,ACTIVE,LEGACY_RECORD
q-subj-math12-p17c-077479,cbse-board,cbse-board,NULL,science,subj-math12,en,none,ver-cbse-board-2026,HUMAN_CURATED,long_answer,0,HUMAN_CURATED,PHASE_16,ACTIVE,LEGACY_RECORD
q-subj-math12-p17c-077480,cbse-board,cbse-board,NULL,science,subj-math12,en,none,ver-cbse-board-2026,HUMAN_CURATED,single_mcq,0,HUMAN_CURATED,PHASE_16,ACTIVE,LEGACY_RECORD
q-subj-math12-p17c-077481,cbse-board,cbse-board,NULL,science,subj-math12,en,none,ver-cbse-board-2026,HUMAN_CURATED,numerical,0,HUMAN_CURATED,PHASE_16,ACTIVE,LEGACY_RECORD
q-subj-math12-p17c-077482,cbse-board,cbse-board,NULL,science,subj-math12,en,none,ver-cbse-board-2026,HUMAN_CURATED,long_answer,0,HUMAN_CURATED,PHASE_16,ACTIVE,LEGACY_RECORD
q-subj-math12-p17c-077483,cbse-board,cbse-board,NULL,science,subj-math12,en,none,ver-cbse-board-2026,HUMAN_CURATED,single_mcq,0,HUMAN_CURATED,PHASE_16,ACTIVE,LEGACY_RECORD
q-subj-math12-p17c-077484,cbse-board,cbse-board,NULL,science,subj-math12,en,none,ver-cbse-board-2026,HUMAN_CURATED,numerical,0,HUMAN_CURATED,PHASE_16,ACTIVE,LEGACY_RECORD
q-subj-math12-p17c-077485,cbse-board,cbse-board,NULL,science,subj-math12,en,none,ver-cbse-board-2026,HUMAN_CURATED,long_answer,0,HUMAN_CURATED,PHASE_16,ACTIVE,LEGACY_RECORD
q-subj-math12-p17c-077486,cbse-board,cbse-board,NULL,science,subj-math12,en,none,ver-cbse-board-2026,HUMAN_CURATED,single_mcq,0,HUMAN_CURATED,PHASE_16,ACTIVE,LEGACY_RECORD
q-subj-math12-p17c-077487,cbse-board,cbse-board,NULL,science,subj-math12,en,none,ver-cbse-board-2026,HUMAN_CURATED,numerical,0,HUMAN_CURATED,PHASE_16,ACTIVE,LEGACY_RECORD
q-subj-math12-p17c-077488,cbse-board,cbse-board,NULL,science,subj-math12,en,none,ver-cbse-board-2026,HUMAN_CURATED,long_answer,0,HUMAN_CURATED,PHASE_16,ACTIVE,LEGACY_RECORD
q-subj-math12-p17c-077489,cbse-board,cbse-board,NULL,science,subj-math12,en,none,ver-cbse-board-2026,HUMAN_CURATED,single_mcq,0,HUMAN_CURATED,PHASE_16,ACTIVE,LEGACY_RECORD
q-subj-math12-p17c-077490,cbse-board,cbse-board,NULL,science,subj-math12,en,none,ver-cbse-board-2026,HUMAN_CURATED,numerical,0,HUMAN_CURATED,PHASE_16,ACTIVE,LEGACY_RECORD
q-subj-math12-p17c-077491,cbse-board,cbse-board,NULL,science,subj-math12,en,none,ver-cbse-board-2026,HUMAN_CURATED,long_answer,0,HUMAN_CURATED,PHASE_16,ACTIVE,LEGACY_RECORD
q-subj-math12-p17c-077492,cbse-board,cbse-board,NULL,science,subj-math12,en,none,ver-cbse-board-2026,HUMAN_CURATED,single_mcq,0,HUMAN_CURATED,PHASE_16,ACTIVE,LEGACY_RECORD
q-subj-math12-p17c-077493,cbse-board,cbse-board,NULL,science,subj-math12,en,none,ver-cbse-board-2026,HUMAN_CURATED,numerical,0,HUMAN_CURATED,PHASE_16,ACTIVE,LEGACY_RECORD
q-subj-math12-p17c-077494,cbse-board,cbse-board,NULL,science,subj-math12,en,none,ver-cbse-board-2026,HUMAN_CURATED,long_answer,0,HUMAN_CURATED,PHASE_16,ACTIVE,LEGACY_RECORD
q-subj-math12-p17c-077495,cbse-board,cbse-board,NULL,science,subj-math12,en,none,ver-cbse-board-2026,HUMAN_CURATED,single_mcq,0,HUMAN_CURATED,PHASE_16,ACTIVE,LEGACY_RECORD
q-subj-math12-p17c-077496,cbse-board,cbse-board,NULL,science,subj-math12,en,none,ver-cbse-board-2026,HUMAN_CURATED,numerical,0,HUMAN_CURATED,PHASE_16,ACTIVE,LEGACY_RECORD
q-subj-math12-p17c-077497,cbse-board,cbse-board,NULL,science,subj-math12,en,none,ver-cbse-board-2026,HUMAN_CURATED,long_answer,0,HUMAN_CURATED,PHASE_16,ACTIVE,LEGACY_RECORD
q-subj-math12-p17c-077498,cbse-board,cbse-board,NULL,science,subj-math12,en,none,ver-cbse-board-2026,HUMAN_CURATED,single_mcq,0,HUMAN_CURATED,PHASE_16,ACTIVE,LEGACY_RECORD
q-subj-math12-p17c-077499,cbse-board,cbse-board,NULL,science,subj-math12,en,none,ver-cbse-board-2026,HUMAN_CURATED,numerical,0,HUMAN_CURATED,PHASE_16,ACTIVE,LEGACY_RECORD
q-subj-math12-p17c-077500,cbse-board,cbse-board,NULL,science,subj-math12,en,none,ver-cbse-board-2026,HUMAN_CURATED,long_answer,0,HUMAN_CURATED,PHASE_16,ACTIVE,LEGACY_RECORD
q-subj-math12-p17c-077501,cbse-board,cbse-board,NULL,science,subj-math12,en,none,ver-cbse-board-2026,HUMAN_CURATED,single_mcq,0,HUMAN_CURATED,PHASE_16,ACTIVE,LEGACY_RECORD
q-subj-math12-p17c-077502,cbse-board,cbse-board,NULL,science,subj-math12,en,none,ver-cbse-board-2026,HUMAN_CURATED,numerical,0,HUMAN_CURATED,PHASE_16,ACTIVE,LEGACY_RECORD
q-subj-math12-p17c-077503,cbse-board,cbse-board,NULL,science,subj-math12,en,none,ver-cbse-board-2026,HUMAN_CURATED,long_answer,0,HUMAN_CURATED,PHASE_16,ACTIVE,LEGACY_RECORD
q-subj-math12-p17c-077504,cbse-board,cbse-board,NULL,science,subj-math12,en,none,ver-cbse-board-2026,HUMAN_CURATED,single_mcq,0,HUMAN_CURATED,PHASE_16,ACTIVE,LEGACY_RECORD
q-subj-math12-p17c-077505,cbse-board,cbse-board,NULL,science,subj-math12,en,none,ver-cbse-board-2026,HUMAN_CURATED,numerical,0,HUMAN_CURATED,PHASE_16,ACTIVE,LEGACY_RECORD
q-subj-math12-p17c-077506,cbse-board,cbse-board,NULL,science,subj-math12,en,none,ver-cbse-board-2026,HUMAN_CURATED,long_answer,0,HUMAN_CURATED,PHASE_16,ACTIVE,LEGACY_RECORD
q-subj-math12-p17c-077507,cbse-board,cbse-board,NULL,science,subj-math12,en,none,ver-cbse-board-2026,HUMAN_CURATED,single_mcq,0,HUMAN_CURATED,PHASE_16,ACTIVE,LEGACY_RECORD
q-subj-math12-p17c-077508,cbse-board,cbse-board,NULL,science,subj-math12,en,none,ver-cbse-board-2026,HUMAN_CURATED,numerical,0,HUMAN_CURATED,PHASE_16,ACTIVE,LEGACY_RECORD
q-subj-math12-p17c-077509,cbse-board,cbse-board,NULL,science,subj-math12,en,none,ver-cbse-board-2026,HUMAN_CURATED,long_answer,0,HUMAN_CURATED,PHASE_16,ACTIVE,LEGACY_RECORD
q-subj-math12-p17c-077510,cbse-board,cbse-board,NULL,science,subj-math12,en,none,ver-cbse-board-2026,HUMAN_CURATED,single_mcq,0,HUMAN_CURATED,PHASE_16,ACTIVE,LEGACY_RECORD
q-subj-math12-p17c-077511,cbse-board,cbse-board,NULL,science,subj-math12,en,none,ver-cbse-board-2026,HUMAN_CURATED,numerical,0,HUMAN_CURATED,PHASE_16,ACTIVE,LEGACY_RECORD
q-subj-math12-p17c-077512,cbse-board,cbse-board,NULL,science,subj-math12,en,none,ver-cbse-board-2026,HUMAN_CURATED,long_answer,0,HUMAN_CURATED,PHASE_16,ACTIVE,LEGACY_RECORD
q-subj-math12-p17c-077513,cbse-board,cbse-board,NULL,science,subj-math12,en,none,ver-cbse-board-2026,HUMAN_CURATED,single_mcq,0,HUMAN_CURATED,PHASE_16,ACTIVE,LEGACY_RECORD
q-subj-math12-p17c-077514,cbse-board,cbse-board,NULL,science,subj-math12,en,none,ver-cbse-board-2026,HUMAN_CURATED,numerical,0,HUMAN_CURATED,PHASE_16,ACTIVE,LEGACY_RECORD
q-subj-math12-p17c-077515,cbse-board,cbse-board,NULL,science,subj-math12,en,none,ver-cbse-board-2026,HUMAN_CURATED,long_answer,0,HUMAN_CURATED,PHASE_16,ACTIVE,LEGACY_RECORD
q-subj-math12-p17c-077516,cbse-board,cbse-board,NULL,science,subj-math12,en,none,ver-cbse-board-2026,HUMAN_CURATED,single_mcq,0,HUMAN_CURATED,PHASE_16,ACTIVE,LEGACY_RECORD
q-subj-math12-p17c-077517,cbse-board,cbse-board,NULL,science,subj-math12,en,none,ver-cbse-board-2026,HUMAN_CURATED,numerical,0,HUMAN_CURATED,PHASE_16,ACTIVE,LEGACY_RECORD
q-subj-math12-p17c-077518,cbse-board,cbse-board,NULL,science,subj-math12,en,none,ver-cbse-board-2026,HUMAN_CURATED,long_answer,0,HUMAN_CURATED,PHASE_16,ACTIVE,LEGACY_RECORD
q-subj-math12-p17c-077519,cbse-board,cbse-board,NULL,science,subj-math12,en,none,ver-cbse-board-2026,HUMAN_CURATED,single_mcq,0,HUMAN_CURATED,PHASE_16,ACTIVE,LEGACY_RECORD
q-subj-math12-p17c-077520,cbse-board,cbse-board,NULL,science,subj-math12,en,none,ver-cbse-board-2026,HUMAN_CURATED,numerical,0,HUMAN_CURATED,PHASE_16,ACTIVE,LEGACY_RECORD
q-subj-math12-p17c-077521,cbse-board,cbse-board,NULL,science,subj-math12,en,none,ver-cbse-board-2026,HUMAN_CURATED,long_answer,0,HUMAN_CURATED,PHASE_16,ACTIVE,LEGACY_RECORD
q-subj-math12-p17c-077522,cbse-board,cbse-board,NULL,science,subj-math12,en,none,ver-cbse-board-2026,HUMAN_CURATED,single_mcq,0,HUMAN_CURATED,PHASE_16,ACTIVE,LEGACY_RECORD
q-subj-math12-p17c-077523,cbse-board,cbse-board,NULL,science,subj-math12,en,none,ver-cbse-board-2026,HUMAN_CURATED,numerical,0,HUMAN_CURATED,PHASE_16,ACTIVE,LEGACY_RECORD
q-subj-math12-p17c-077524,cbse-board,cbse-board,NULL,science,subj-math12,en,none,ver-cbse-board-2026,HUMAN_CURATED,long_answer,0,HUMAN_CURATED,PHASE_16,ACTIVE,LEGACY_RECORD
q-subj-math12-p17c-077525,cbse-board,cbse-board,NULL,science,subj-math12,en,none,ver-cbse-board-2026,HUMAN_CURATED,single_mcq,0,HUMAN_CURATED,PHASE_16,ACTIVE,LEGACY_RECORD
q-subj-math12-p17c-077526,cbse-board,cbse-board,NULL,science,subj-math12,en,none,ver-cbse-board-2026,HUMAN_CURATED,numerical,0,HUMAN_CURATED,PHASE_16,ACTIVE,LEGACY_RECORD
q-subj-math12-p17c-077527,cbse-board,cbse-board,NULL,science,subj-math12,en,none,ver-cbse-board-2026,HUMAN_CURATED,long_answer,0,HUMAN_CURATED,PHASE_16,ACTIVE,LEGACY_RECORD
q-subj-math12-p17c-077528,cbse-board,cbse-board,NULL,science,subj-math12,en,none,ver-cbse-board-2026,HUMAN_CURATED,single_mcq,0,HUMAN_CURATED,PHASE_16,ACTIVE,LEGACY_RECORD
q-subj-math12-p17c-077529,cbse-board,cbse-board,NULL,science,subj-math12,en,none,ver-cbse-board-2026,HUMAN_CURATED,numerical,0,HUMAN_CURATED,PHASE_16,ACTIVE,LEGACY_RECORD
q-subj-math12-p17c-077530,cbse-board,cbse-board,NULL,science,subj-math12,en,none,ver-cbse-board-2026,HUMAN_CURATED,long_answer,0,HUMAN_CURATED,PHASE_16,ACTIVE,LEGACY_RECORD
q-subj-math12-p17c-077531,cbse-board,cbse-board,NULL,science,subj-math12,en,none,ver-cbse-board-2026,HUMAN_CURATED,single_mcq,0,HUMAN_CURATED,PHASE_16,ACTIVE,LEGACY_RECORD
q-subj-math12-p17c-077532,cbse-board,cbse-board,NULL,science,subj-math12,en,none,ver-cbse-board-2026,HUMAN_CURATED,numerical,0,HUMAN_CURATED,PHASE_16,ACTIVE,LEGACY_RECORD
q-subj-math12-p17c-077533,cbse-board,cbse-board,NULL,science,subj-math12,en,none,ver-cbse-board-2026,HUMAN_CURATED,long_answer,0,HUMAN_CURATED,PHASE_16,ACTIVE,LEGACY_RECORD
q-subj-math12-p17c-077534,cbse-board,cbse-board,NULL,science,subj-math12,en,none,ver-cbse-board-2026,HUMAN_CURATED,single_mcq,0,HUMAN_CURATED,PHASE_16,ACTIVE,LEGACY_RECORD
q-subj-math12-p17c-077535,cbse-board,cbse-board,NULL,science,subj-math12,en,none,ver-cbse-board-2026,HUMAN_CURATED,numerical,0,HUMAN_CURATED,PHASE_16,ACTIVE,LEGACY_RECORD
q-subj-math12-p17c-077536,cbse-board,cbse-board,NULL,science,subj-math12,en,none,ver-cbse-board-2026,HUMAN_CURATED,long_answer,0,HUMAN_CURATED,PHASE_16,ACTIVE,LEGACY_RECORD
q-subj-math12-p17c-077537,cbse-board,cbse-board,NULL,science,subj-math12,en,none,ver-cbse-board-2026,HUMAN_CURATED,single_mcq,0,HUMAN_CURATED,PHASE_16,ACTIVE,LEGACY_RECORD
q-subj-math12-p17c-077538,cbse-board,cbse-board,NULL,science,subj-math12,en,none,ver-cbse-board-2026,HUMAN_CURATED,numerical,0,HUMAN_CURATED,PHASE_16,ACTIVE,LEGACY_RECORD
q-subj-math12-p17c-077539,cbse-board,cbse-board,NULL,science,subj-math12,en,none,ver-cbse-board-2026,HUMAN_CURATED,long_answer,0,HUMAN_CURATED,PHASE_16,ACTIVE,LEGACY_RECORD
q-subj-math12-p17c-077540,cbse-board,cbse-board,NULL,science,subj-math12,en,none,ver-cbse-board-2026,HUMAN_CURATED,single_mcq,0,HUMAN_CURATED,PHASE_16,ACTIVE,LEGACY_RECORD
q-subj-math12-p17c-077541,cbse-board,cbse-board,NULL,science,subj-math12,en,none,ver-cbse-board-2026,HUMAN_CURATED,numerical,0,HUMAN_CURATED,PHASE_16,ACTIVE,LEGACY_RECORD
q-subj-math12-p17c-077542,cbse-board,cbse-board,NULL,science,subj-math12,en,none,ver-cbse-board-2026,HUMAN_CURATED,long_answer,0,HUMAN_CURATED,PHASE_16,ACTIVE,LEGACY_RECORD
q-subj-math12-p17c-077543,cbse-board,cbse-board,NULL,science,subj-math12,en,none,ver-cbse-board-2026,HUMAN_CURATED,single_mcq,0,HUMAN_CURATED,PHASE_16,ACTIVE,LEGACY_RECORD
q-subj-math12-p17c-077544,cbse-board,cbse-board,NULL,science,subj-math12,en,none,ver-cbse-board-2026,HUMAN_CURATED,numerical,0,HUMAN_CURATED,PHASE_16,ACTIVE,LEGACY_RECORD
q-subj-math12-p17c-077545,cbse-board,cbse-board,NULL,science,subj-math12,en,none,ver-cbse-board-2026,HUMAN_CURATED,long_answer,0,HUMAN_CURATED,PHASE_16,ACTIVE,LEGACY_RECORD
q-subj-math12-p17c-077546,cbse-board,cbse-board,NULL,science,subj-math12,en,none,ver-cbse-board-2026,HUMAN_CURATED,single_mcq,0,HUMAN_CURATED,PHASE_16,ACTIVE,LEGACY_RECORD
q-subj-math12-p17c-077547,cbse-board,cbse-board,NULL,science,subj-math12,en,none,ver-cbse-board-2026,HUMAN_CURATED,numerical,0,HUMAN_CURATED,PHASE_16,ACTIVE,LEGACY_RECORD
q-subj-math12-p17c-077548,cbse-board,cbse-board,NULL,science,subj-math12,en,none,ver-cbse-board-2026,HUMAN_CURATED,long_answer,0,HUMAN_CURATED,PHASE_16,ACTIVE,LEGACY_RECORD
q-subj-math12-p17c-077549,cbse-board,cbse-board,NULL,science,subj-math12,en,none,ver-cbse-board-2026,HUMAN_CURATED,single_mcq,0,HUMAN_CURATED,PHASE_16,ACTIVE,LEGACY_RECORD
q-subj-math12-p17c-077550,cbse-board,cbse-board,NULL,science,subj-math12,en,none,ver-cbse-board-2026,HUMAN_CURATED,numerical,0,HUMAN_CURATED,PHASE_16,ACTIVE,LEGACY_RECORD
q-subj-math12-p17c-077551,cbse-board,cbse-board,NULL,science,subj-math12,en,none,ver-cbse-board-2026,HUMAN_CURATED,long_answer,0,HUMAN_CURATED,PHASE_16,ACTIVE,LEGACY_RECORD
q-subj-math12-p17c-077552,cbse-board,cbse-board,NULL,science,subj-math12,en,none,ver-cbse-board-2026,HUMAN_CURATED,single_mcq,0,HUMAN_CURATED,PHASE_16,ACTIVE,LEGACY_RECORD
q-subj-math12-p17c-077553,cbse-board,cbse-board,NULL,science,subj-math12,en,none,ver-cbse-board-2026,HUMAN_CURATED,numerical,0,HUMAN_CURATED,PHASE_16,ACTIVE,LEGACY_RECORD
q-subj-math12-p17c-077554,cbse-board,cbse-board,NULL,science,subj-math12,en,none,ver-cbse-board-2026,HUMAN_CURATED,long_answer,0,HUMAN_CURATED,PHASE_16,ACTIVE,LEGACY_RECORD
q-subj-math12-p17c-077555,cbse-board,cbse-board,NULL,science,subj-math12,en,none,ver-cbse-board-2026,HUMAN_CURATED,single_mcq,0,HUMAN_CURATED,PHASE_16,ACTIVE,LEGACY_RECORD
q-subj-math12-p17c-077556,cbse-board,cbse-board,NULL,science,subj-math12,en,none,ver-cbse-board-2026,HUMAN_CURATED,numerical,0,HUMAN_CURATED,PHASE_16,ACTIVE,LEGACY_RECORD
q-subj-math12-p17c-077557,cbse-board,cbse-board,NULL,science,subj-math12,en,none,ver-cbse-board-2026,HUMAN_CURATED,long_answer,0,HUMAN_CURATED,PHASE_16,ACTIVE,LEGACY_RECORD
q-subj-math12-p17c-077558,cbse-board,cbse-board,NULL,science,subj-math12,en,none,ver-cbse-board-2026,HUMAN_CURATED,single_mcq,0,HUMAN_CURATED,PHASE_16,ACTIVE,LEGACY_RECORD
q-subj-math12-p17c-077559,cbse-board,cbse-board,NULL,science,subj-math12,en,none,ver-cbse-board-2026,HUMAN_CURATED,numerical,0,HUMAN_CURATED,PHASE_16,ACTIVE,LEGACY_RECORD
q-subj-math12-p17c-077560,cbse-board,cbse-board,NULL,science,subj-math12,en,none,ver-cbse-board-2026,HUMAN_CURATED,long_answer,0,HUMAN_CURATED,PHASE_16,ACTIVE,LEGACY_RECORD
q-subj-math12-p17c-077561,cbse-board,cbse-board,NULL,science,subj-math12,en,none,ver-cbse-board-2026,HUMAN_CURATED,single_mcq,0,HUMAN_CURATED,PHASE_16,ACTIVE,LEGACY_RECORD
q-subj-math12-p17c-077562,cbse-board,cbse-board,NULL,science,subj-math12,en,none,ver-cbse-board-2026,HUMAN_CURATED,numerical,0,HUMAN_CURATED,PHASE_16,ACTIVE,LEGACY_RECORD
q-subj-math12-p17c-077563,cbse-board,cbse-board,NULL,science,subj-math12,en,none,ver-cbse-board-2026,HUMAN_CURATED,long_answer,0,HUMAN_CURATED,PHASE_16,ACTIVE,LEGACY_RECORD
q-subj-math12-p17c-077564,cbse-board,cbse-board,NULL,science,subj-math12,en,none,ver-cbse-board-2026,HUMAN_CURATED,single_mcq,0,HUMAN_CURATED,PHASE_16,ACTIVE,LEGACY_RECORD
q-subj-math12-p17c-077565,cbse-board,cbse-board,NULL,science,subj-math12,en,none,ver-cbse-board-2026,HUMAN_CURATED,numerical,0,HUMAN_CURATED,PHASE_16,ACTIVE,LEGACY_RECORD
q-subj-math12-p17c-077566,cbse-board,cbse-board,NULL,science,subj-math12,en,none,ver-cbse-board-2026,HUMAN_CURATED,long_answer,0,HUMAN_CURATED,PHASE_16,ACTIVE,LEGACY_RECORD
q-subj-math12-p17c-077567,cbse-board,cbse-board,NULL,science,subj-math12,en,none,ver-cbse-board-2026,HUMAN_CURATED,single_mcq,0,HUMAN_CURATED,PHASE_16,ACTIVE,LEGACY_RECORD
q-subj-math12-p17c-077568,cbse-board,cbse-board,NULL,science,subj-math12,en,none,ver-cbse-board-2026,HUMAN_CURATED,numerical,0,HUMAN_CURATED,PHASE_16,ACTIVE,LEGACY_RECORD
q-subj-math12-p17c-077569,cbse-board,cbse-board,NULL,science,subj-math12,en,none,ver-cbse-board-2026,HUMAN_CURATED,long_answer,0,HUMAN_CURATED,PHASE_16,ACTIVE,LEGACY_RECORD
q-subj-math12-p17c-077570,cbse-board,cbse-board,NULL,science,subj-math12,en,none,ver-cbse-board-2026,HUMAN_CURATED,single_mcq,0,HUMAN_CURATED,PHASE_16,ACTIVE,LEGACY_RECORD
q-subj-math12-p17c-077571,cbse-board,cbse-board,NULL,science,subj-math12,en,none,ver-cbse-board-2026,HUMAN_CURATED,numerical,0,HUMAN_CURATED,PHASE_16,ACTIVE,LEGACY_RECORD
q-subj-math12-p17c-077572,cbse-board,cbse-board,NULL,science,subj-math12,en,none,ver-cbse-board-2026,HUMAN_CURATED,long_answer,0,HUMAN_CURATED,PHASE_16,ACTIVE,LEGACY_RECORD
q-subj-math12-p17c-077573,cbse-board,cbse-board,NULL,science,subj-math12,en,none,ver-cbse-board-2026,HUMAN_CURATED,single_mcq,0,HUMAN_CURATED,PHASE_16,ACTIVE,LEGACY_RECORD
q-subj-math12-p17c-077574,cbse-board,cbse-board,NULL,science,subj-math12,en,none,ver-cbse-board-2026,HUMAN_CURATED,numerical,0,HUMAN_CURATED,PHASE_16,ACTIVE,LEGACY_RECORD
q-subj-math12-p17c-077575,cbse-board,cbse-board,NULL,science,subj-math12,en,none,ver-cbse-board-2026,HUMAN_CURATED,long_answer,0,HUMAN_CURATED,PHASE_16,ACTIVE,LEGACY_RECORD
q-subj-math12-p17c-077576,cbse-board,cbse-board,NULL,science,subj-math12,en,none,ver-cbse-board-2026,HUMAN_CURATED,single_mcq,0,HUMAN_CURATED,PHASE_16,ACTIVE,LEGACY_RECORD
q-subj-math12-p17c-077577,cbse-board,cbse-board,NULL,science,subj-math12,en,none,ver-cbse-board-2026,HUMAN_CURATED,numerical,0,HUMAN_CURATED,PHASE_16,ACTIVE,LEGACY_RECORD
q-subj-math12-p17c-077578,cbse-board,cbse-board,NULL,science,subj-math12,en,none,ver-cbse-board-2026,HUMAN_CURATED,long_answer,0,HUMAN_CURATED,PHASE_16,ACTIVE,LEGACY_RECORD
q-subj-math12-p17c-077579,cbse-board,cbse-board,NULL,science,subj-math12,en,none,ver-cbse-board-2026,HUMAN_CURATED,single_mcq,0,HUMAN_CURATED,PHASE_16,ACTIVE,LEGACY_RECORD
q-subj-math12-p17c-077580,cbse-board,cbse-board,NULL,science,subj-math12,en,none,ver-cbse-board-2026,HUMAN_CURATED,numerical,0,HUMAN_CURATED,PHASE_16,ACTIVE,LEGACY_RECORD
q-subj-math12-p17c-077581,cbse-board,cbse-board,NULL,science,subj-math12,en,none,ver-cbse-board-2026,HUMAN_CURATED,long_answer,0,HUMAN_CURATED,PHASE_16,ACTIVE,LEGACY_RECORD
q-subj-math12-p17c-077582,cbse-board,cbse-board,NULL,science,subj-math12,en,none,ver-cbse-board-2026,HUMAN_CURATED,single_mcq,0,HUMAN_CURATED,PHASE_16,ACTIVE,LEGACY_RECORD
q-subj-math12-p17c-077583,cbse-board,cbse-board,NULL,science,subj-math12,en,none,ver-cbse-board-2026,HUMAN_CURATED,numerical,0,HUMAN_CURATED,PHASE_16,ACTIVE,LEGACY_RECORD
q-subj-math12-p17c-077584,cbse-board,cbse-board,NULL,science,subj-math12,en,none,ver-cbse-board-2026,HUMAN_CURATED,long_answer,0,HUMAN_CURATED,PHASE_16,ACTIVE,LEGACY_RECORD
q-subj-math12-p17c-077585,cbse-board,cbse-board,NULL,science,subj-math12,en,none,ver-cbse-board-2026,HUMAN_CURATED,single_mcq,0,HUMAN_CURATED,PHASE_16,ACTIVE,LEGACY_RECORD
q-subj-math12-p17c-077586,cbse-board,cbse-board,NULL,science,subj-math12,en,none,ver-cbse-board-2026,HUMAN_CURATED,numerical,0,HUMAN_CURATED,PHASE_16,ACTIVE,LEGACY_RECORD
q-subj-math12-p17c-077587,cbse-board,cbse-board,NULL,science,subj-math12,en,none,ver-cbse-board-2026,HUMAN_CURATED,long_answer,0,HUMAN_CURATED,PHASE_16,ACTIVE,LEGACY_RECORD
q-subj-math12-p17c-077588,cbse-board,cbse-board,NULL,science,subj-math12,en,none,ver-cbse-board-2026,HUMAN_CURATED,single_mcq,0,HUMAN_CURATED,PHASE_16,ACTIVE,LEGACY_RECORD
q-subj-math12-p17c-077589,cbse-board,cbse-board,NULL,science,subj-math12,en,none,ver-cbse-board-2026,HUMAN_CURATED,numerical,0,HUMAN_CURATED,PHASE_16,ACTIVE,LEGACY_RECORD
q-subj-math12-p17c-077590,cbse-board,cbse-board,NULL,science,subj-math12,en,none,ver-cbse-board-2026,HUMAN_CURATED,long_answer,0,HUMAN_CURATED,PHASE_16,ACTIVE,LEGACY_RECORD
q-subj-math12-p17c-077591,cbse-board,cbse-board,NULL,science,subj-math12,en,none,ver-cbse-board-2026,HUMAN_CURATED,single_mcq,0,HUMAN_CURATED,PHASE_16,ACTIVE,LEGACY_RECORD
q-subj-math12-p17c-077592,cbse-board,cbse-board,NULL,science,subj-math12,en,none,ver-cbse-board-2026,HUMAN_CURATED,numerical,0,HUMAN_CURATED,PHASE_16,ACTIVE,LEGACY_RECORD
q-subj-math12-p17c-077593,cbse-board,cbse-board,NULL,science,subj-math12,en,none,ver-cbse-board-2026,HUMAN_CURATED,long_answer,0,HUMAN_CURATED,PHASE_16,ACTIVE,LEGACY_RECORD
q-subj-math12-p17c-077594,cbse-board,cbse-board,NULL,science,subj-math12,en,none,ver-cbse-board-2026,HUMAN_CURATED,single_mcq,0,HUMAN_CURATED,PHASE_16,ACTIVE,LEGACY_RECORD
q-subj-math12-p17c-077595,cbse-board,cbse-board,NULL,science,subj-math12,en,none,ver-cbse-board-2026,HUMAN_CURATED,numerical,0,HUMAN_CURATED,PHASE_16,ACTIVE,LEGACY_RECORD
q-subj-math12-p17c-077596,cbse-board,cbse-board,NULL,science,subj-math12,en,none,ver-cbse-board-2026,HUMAN_CURATED,long_answer,0,HUMAN_CURATED,PHASE_16,ACTIVE,LEGACY_RECORD
q-subj-math12-p17c-077597,cbse-board,cbse-board,NULL,science,subj-math12,en,none,ver-cbse-board-2026,HUMAN_CURATED,single_mcq,0,HUMAN_CURATED,PHASE_16,ACTIVE,LEGACY_RECORD
q-subj-math12-p17c-077598,cbse-board,cbse-board,NULL,science,subj-math12,en,none,ver-cbse-board-2026,HUMAN_CURATED,numerical,0,HUMAN_CURATED,PHASE_16,ACTIVE,LEGACY_RECORD
q-subj-math12-p17c-077599,cbse-board,cbse-board,NULL,science,subj-math12,en,none,ver-cbse-board-2026,HUMAN_CURATED,long_answer,0,HUMAN_CURATED,PHASE_16,ACTIVE,LEGACY_RECORD
q-subj-math12-p17c-077600,cbse-board,cbse-board,NULL,science,subj-math12,en,none,ver-cbse-board-2026,HUMAN_CURATED,single_mcq,0,HUMAN_CURATED,PHASE_16,ACTIVE,LEGACY_RECORD
q-subj-math12-p17c-077601,cbse-board,cbse-board,NULL,science,subj-math12,en,none,ver-cbse-board-2026,HUMAN_CURATED,numerical,0,HUMAN_CURATED,PHASE_16,ACTIVE,LEGACY_RECORD
q-subj-math12-p17c-077602,cbse-board,cbse-board,NULL,science,subj-math12,en,none,ver-cbse-board-2026,HUMAN_CURATED,long_answer,0,HUMAN_CURATED,PHASE_16,ACTIVE,LEGACY_RECORD
q-subj-math12-p17c-077603,cbse-board,cbse-board,NULL,science,subj-math12,en,none,ver-cbse-board-2026,HUMAN_CURATED,single_mcq,0,HUMAN_CURATED,PHASE_16,ACTIVE,LEGACY_RECORD
q-subj-math12-p17c-077604,cbse-board,cbse-board,NULL,science,subj-math12,en,none,ver-cbse-board-2026,HUMAN_CURATED,numerical,0,HUMAN_CURATED,PHASE_16,ACTIVE,LEGACY_RECORD
q-subj-math12-p17c-077605,cbse-board,cbse-board,NULL,science,subj-math12,en,none,ver-cbse-board-2026,HUMAN_CURATED,long_answer,0,HUMAN_CURATED,PHASE_16,ACTIVE,LEGACY_RECORD
q-subj-math12-p17c-077606,cbse-board,cbse-board,NULL,science,subj-math12,en,none,ver-cbse-board-2026,HUMAN_CURATED,single_mcq,0,HUMAN_CURATED,PHASE_16,ACTIVE,LEGACY_RECORD
q-subj-math12-p17c-077607,cbse-board,cbse-board,NULL,science,subj-math12,en,none,ver-cbse-board-2026,HUMAN_CURATED,numerical,0,HUMAN_CURATED,PHASE_16,ACTIVE,LEGACY_RECORD
q-subj-math12-p17c-077608,cbse-board,cbse-board,NULL,science,subj-math12,en,none,ver-cbse-board-2026,HUMAN_CURATED,long_answer,0,HUMAN_CURATED,PHASE_16,ACTIVE,LEGACY_RECORD
q-subj-math12-p17c-077609,cbse-board,cbse-board,NULL,science,subj-math12,en,none,ver-cbse-board-2026,HUMAN_CURATED,single_mcq,0,HUMAN_CURATED,PHASE_16,ACTIVE,LEGACY_RECORD
q-subj-math12-p17c-077610,cbse-board,cbse-board,NULL,science,subj-math12,en,none,ver-cbse-board-2026,HUMAN_CURATED,numerical,0,HUMAN_CURATED,PHASE_16,ACTIVE,LEGACY_RECORD
q-subj-math12-p17c-077611,cbse-board,cbse-board,NULL,science,subj-math12,en,none,ver-cbse-board-2026,HUMAN_CURATED,long_answer,0,HUMAN_CURATED,PHASE_16,ACTIVE,LEGACY_RECORD
q-subj-math12-p17c-077612,cbse-board,cbse-board,NULL,science,subj-math12,en,none,ver-cbse-board-2026,HUMAN_CURATED,single_mcq,0,HUMAN_CURATED,PHASE_16,ACTIVE,LEGACY_RECORD
q-subj-math12-p17c-077613,cbse-board,cbse-board,NULL,science,subj-math12,en,none,ver-cbse-board-2026,HUMAN_CURATED,numerical,0,HUMAN_CURATED,PHASE_16,ACTIVE,LEGACY_RECORD
q-subj-math12-p17c-077614,cbse-board,cbse-board,NULL,science,subj-math12,en,none,ver-cbse-board-2026,HUMAN_CURATED,long_answer,0,HUMAN_CURATED,PHASE_16,ACTIVE,LEGACY_RECORD
q-subj-math12-p17c-077615,cbse-board,cbse-board,NULL,science,subj-math12,en,none,ver-cbse-board-2026,HUMAN_CURATED,single_mcq,0,HUMAN_CURATED,PHASE_16,ACTIVE,LEGACY_RECORD
q-subj-math12-p17c-077616,cbse-board,cbse-board,NULL,science,subj-math12,en,none,ver-cbse-board-2026,HUMAN_CURATED,numerical,0,HUMAN_CURATED,PHASE_16,ACTIVE,LEGACY_RECORD
q-subj-math12-p17c-077617,cbse-board,cbse-board,NULL,science,subj-math12,en,none,ver-cbse-board-2026,HUMAN_CURATED,long_answer,0,HUMAN_CURATED,PHASE_16,ACTIVE,LEGACY_RECORD
q-subj-math12-p17c-077618,cbse-board,cbse-board,NULL,science,subj-math12,en,none,ver-cbse-board-2026,HUMAN_CURATED,single_mcq,0,HUMAN_CURATED,PHASE_16,ACTIVE,LEGACY_RECORD
q-subj-math12-p17c-077619,cbse-board,cbse-board,NULL,science,subj-math12,en,none,ver-cbse-board-2026,HUMAN_CURATED,numerical,0,HUMAN_CURATED,PHASE_16,ACTIVE,LEGACY_RECORD
q-subj-math12-p17c-077620,cbse-board,cbse-board,NULL,science,subj-math12,en,none,ver-cbse-board-2026,HUMAN_CURATED,long_answer,0,HUMAN_CURATED,PHASE_16,ACTIVE,LEGACY_RECORD
q-subj-math12-p17c-077621,cbse-board,cbse-board,NULL,science,subj-math12,en,none,ver-cbse-board-2026,HUMAN_CURATED,single_mcq,0,HUMAN_CURATED,PHASE_16,ACTIVE,LEGACY_RECORD
q-subj-math12-p17c-077622,cbse-board,cbse-board,NULL,science,subj-math12,en,none,ver-cbse-board-2026,HUMAN_CURATED,numerical,0,HUMAN_CURATED,PHASE_16,ACTIVE,LEGACY_RECORD
q-subj-math12-p17c-077623,cbse-board,cbse-board,NULL,science,subj-math12,en,none,ver-cbse-board-2026,HUMAN_CURATED,long_answer,0,HUMAN_CURATED,PHASE_16,ACTIVE,LEGACY_RECORD
q-subj-math12-p17c-077624,cbse-board,cbse-board,NULL,science,subj-math12,en,none,ver-cbse-board-2026,HUMAN_CURATED,single_mcq,0,HUMAN_CURATED,PHASE_16,ACTIVE,LEGACY_RECORD
q-subj-math12-p17c-077625,cbse-board,cbse-board,NULL,science,subj-math12,en,none,ver-cbse-board-2026,HUMAN_CURATED,numerical,0,HUMAN_CURATED,PHASE_16,ACTIVE,LEGACY_RECORD
q-subj-math12-p17c-077626,cbse-board,cbse-board,NULL,science,subj-math12,en,none,ver-cbse-board-2026,HUMAN_CURATED,long_answer,0,HUMAN_CURATED,PHASE_16,ACTIVE,LEGACY_RECORD
q-subj-math12-p17c-077627,cbse-board,cbse-board,NULL,science,subj-math12,en,none,ver-cbse-board-2026,HUMAN_CURATED,single_mcq,0,HUMAN_CURATED,PHASE_16,ACTIVE,LEGACY_RECORD
q-subj-math12-p17c-077628,cbse-board,cbse-board,NULL,science,subj-math12,en,none,ver-cbse-board-2026,HUMAN_CURATED,numerical,0,HUMAN_CURATED,PHASE_16,ACTIVE,LEGACY_RECORD
q-subj-math12-p17c-077629,cbse-board,cbse-board,NULL,science,subj-math12,en,none,ver-cbse-board-2026,HUMAN_CURATED,long_answer,0,HUMAN_CURATED,PHASE_16,ACTIVE,LEGACY_RECORD
q-subj-math12-p17c-077630,cbse-board,cbse-board,NULL,science,subj-math12,en,none,ver-cbse-board-2026,HUMAN_CURATED,single_mcq,0,HUMAN_CURATED,PHASE_16,ACTIVE,LEGACY_RECORD
q-subj-math12-p17c-077631,cbse-board,cbse-board,NULL,science,subj-math12,en,none,ver-cbse-board-2026,HUMAN_CURATED,numerical,0,HUMAN_CURATED,PHASE_16,ACTIVE,LEGACY_RECORD
q-subj-math12-p17c-077632,cbse-board,cbse-board,NULL,science,subj-math12,en,none,ver-cbse-board-2026,HUMAN_CURATED,long_answer,0,HUMAN_CURATED,PHASE_16,ACTIVE,LEGACY_RECORD
q-subj-math12-p17c-077633,cbse-board,cbse-board,NULL,science,subj-math12,en,none,ver-cbse-board-2026,HUMAN_CURATED,single_mcq,0,HUMAN_CURATED,PHASE_16,ACTIVE,LEGACY_RECORD
q-subj-math12-p17c-077634,cbse-board,cbse-board,NULL,science,subj-math12,en,none,ver-cbse-board-2026,HUMAN_CURATED,numerical,0,HUMAN_CURATED,PHASE_16,ACTIVE,LEGACY_RECORD
q-subj-math12-p17c-077635,cbse-board,cbse-board,NULL,science,subj-math12,en,none,ver-cbse-board-2026,HUMAN_CURATED,long_answer,0,HUMAN_CURATED,PHASE_16,ACTIVE,LEGACY_RECORD
q-subj-math12-p17c-077636,cbse-board,cbse-board,NULL,science,subj-math12,en,none,ver-cbse-board-2026,HUMAN_CURATED,single_mcq,0,HUMAN_CURATED,PHASE_16,ACTIVE,LEGACY_RECORD
q-subj-math12-p17c-077637,cbse-board,cbse-board,NULL,science,subj-math12,en,none,ver-cbse-board-2026,HUMAN_CURATED,numerical,0,HUMAN_CURATED,PHASE_16,ACTIVE,LEGACY_RECORD
q-subj-math12-p17c-077638,cbse-board,cbse-board,NULL,science,subj-math12,en,none,ver-cbse-board-2026,HUMAN_CURATED,long_answer,0,HUMAN_CURATED,PHASE_16,ACTIVE,LEGACY_RECORD
q-subj-math12-p17c-077639,cbse-board,cbse-board,NULL,science,subj-math12,en,none,ver-cbse-board-2026,HUMAN_CURATED,single_mcq,0,HUMAN_CURATED,PHASE_16,ACTIVE,LEGACY_RECORD
q-subj-math12-p17c-077640,cbse-board,cbse-board,NULL,science,subj-math12,en,none,ver-cbse-board-2026,HUMAN_CURATED,numerical,0,HUMAN_CURATED,PHASE_16,ACTIVE,LEGACY_RECORD
q-subj-math12-p17c-077641,cbse-board,cbse-board,NULL,science,subj-math12,en,none,ver-cbse-board-2026,HUMAN_CURATED,long_answer,0,HUMAN_CURATED,PHASE_16,ACTIVE,LEGACY_RECORD
q-subj-math12-p17c-077642,cbse-board,cbse-board,NULL,science,subj-math12,en,none,ver-cbse-board-2026,HUMAN_CURATED,single_mcq,0,HUMAN_CURATED,PHASE_16,ACTIVE,LEGACY_RECORD
q-subj-math12-p17c-077643,cbse-board,cbse-board,NULL,science,subj-math12,en,none,ver-cbse-board-2026,HUMAN_CURATED,numerical,0,HUMAN_CURATED,PHASE_16,ACTIVE,LEGACY_RECORD
q-subj-math12-p17c-077644,cbse-board,cbse-board,NULL,science,subj-math12,en,none,ver-cbse-board-2026,HUMAN_CURATED,long_answer,0,HUMAN_CURATED,PHASE_16,ACTIVE,LEGACY_RECORD
q-subj-math12-p17c-077645,cbse-board,cbse-board,NULL,science,subj-math12,en,none,ver-cbse-board-2026,HUMAN_CURATED,single_mcq,0,HUMAN_CURATED,PHASE_16,ACTIVE,LEGACY_RECORD
q-subj-math12-p17c-077646,cbse-board,cbse-board,NULL,science,subj-math12,en,none,ver-cbse-board-2026,HUMAN_CURATED,numerical,0,HUMAN_CURATED,PHASE_16,ACTIVE,LEGACY_RECORD
q-subj-math12-p17c-077647,cbse-board,cbse-board,NULL,science,subj-math12,en,none,ver-cbse-board-2026,HUMAN_CURATED,long_answer,0,HUMAN_CURATED,PHASE_16,ACTIVE,LEGACY_RECORD
q-subj-math12-p17c-077648,cbse-board,cbse-board,NULL,science,subj-math12,en,none,ver-cbse-board-2026,HUMAN_CURATED,single_mcq,0,HUMAN_CURATED,PHASE_16,ACTIVE,LEGACY_RECORD
q-subj-math12-p17c-077649,cbse-board,cbse-board,NULL,science,subj-math12,en,none,ver-cbse-board-2026,HUMAN_CURATED,numerical,0,HUMAN_CURATED,PHASE_16,ACTIVE,LEGACY_RECORD
q-subj-math12-p17c-077650,cbse-board,cbse-board,NULL,science,subj-math12,en,none,ver-cbse-board-2026,HUMAN_CURATED,long_answer,0,HUMAN_CURATED,PHASE_16,ACTIVE,LEGACY_RECORD
q-subj-math12-p17c-077651,cbse-board,cbse-board,NULL,science,subj-math12,en,none,ver-cbse-board-2026,HUMAN_CURATED,single_mcq,0,HUMAN_CURATED,PHASE_16,ACTIVE,LEGACY_RECORD
q-subj-math12-p17c-077652,cbse-board,cbse-board,NULL,science,subj-math12,en,none,ver-cbse-board-2026,HUMAN_CURATED,numerical,0,HUMAN_CURATED,PHASE_16,ACTIVE,LEGACY_RECORD
q-subj-math12-p17c-077653,cbse-board,cbse-board,NULL,science,subj-math12,en,none,ver-cbse-board-2026,HUMAN_CURATED,long_answer,0,HUMAN_CURATED,PHASE_16,ACTIVE,LEGACY_RECORD
q-subj-math12-p17c-077654,cbse-board,cbse-board,NULL,science,subj-math12,en,none,ver-cbse-board-2026,HUMAN_CURATED,single_mcq,0,HUMAN_CURATED,PHASE_16,ACTIVE,LEGACY_RECORD
q-subj-math12-p17c-077655,cbse-board,cbse-board,NULL,science,subj-math12,en,none,ver-cbse-board-2026,HUMAN_CURATED,numerical,0,HUMAN_CURATED,PHASE_16,ACTIVE,LEGACY_RECORD
q-subj-math12-p17c-077656,cbse-board,cbse-board,NULL,science,subj-math12,en,none,ver-cbse-board-2026,HUMAN_CURATED,long_answer,0,HUMAN_CURATED,PHASE_16,ACTIVE,LEGACY_RECORD
q-subj-math12-p17c-077657,cbse-board,cbse-board,NULL,science,subj-math12,en,none,ver-cbse-board-2026,HUMAN_CURATED,single_mcq,0,HUMAN_CURATED,PHASE_16,ACTIVE,LEGACY_RECORD
q-subj-math12-p17c-077658,cbse-board,cbse-board,NULL,science,subj-math12,en,none,ver-cbse-board-2026,HUMAN_CURATED,numerical,0,HUMAN_CURATED,PHASE_16,ACTIVE,LEGACY_RECORD
q-subj-math12-p17c-077659,cbse-board,cbse-board,NULL,science,subj-math12,en,none,ver-cbse-board-2026,HUMAN_CURATED,long_answer,0,HUMAN_CURATED,PHASE_16,ACTIVE,LEGACY_RECORD
q-subj-math12-p17c-077660,cbse-board,cbse-board,NULL,science,subj-math12,en,none,ver-cbse-board-2026,HUMAN_CURATED,single_mcq,0,HUMAN_CURATED,PHASE_16,ACTIVE,LEGACY_RECORD
q-subj-math12-p17c-077661,cbse-board,cbse-board,NULL,science,subj-math12,en,none,ver-cbse-board-2026,HUMAN_CURATED,numerical,0,HUMAN_CURATED,PHASE_16,ACTIVE,LEGACY_RECORD
q-subj-math12-p17c-077662,cbse-board,cbse-board,NULL,science,subj-math12,en,none,ver-cbse-board-2026,HUMAN_CURATED,long_answer,0,HUMAN_CURATED,PHASE_16,ACTIVE,LEGACY_RECORD
q-subj-math12-p17c-077663,cbse-board,cbse-board,NULL,science,subj-math12,en,none,ver-cbse-board-2026,HUMAN_CURATED,single_mcq,0,HUMAN_CURATED,PHASE_16,ACTIVE,LEGACY_RECORD
q-subj-math12-p17c-077664,cbse-board,cbse-board,NULL,science,subj-math12,en,none,ver-cbse-board-2026,HUMAN_CURATED,numerical,0,HUMAN_CURATED,PHASE_16,ACTIVE,LEGACY_RECORD
q-subj-math12-p17c-077665,cbse-board,cbse-board,NULL,science,subj-math12,en,none,ver-cbse-board-2026,HUMAN_CURATED,long_answer,0,HUMAN_CURATED,PHASE_16,ACTIVE,LEGACY_RECORD
q-subj-math12-p17c-077666,cbse-board,cbse-board,NULL,science,subj-math12,en,none,ver-cbse-board-2026,HUMAN_CURATED,single_mcq,0,HUMAN_CURATED,PHASE_16,ACTIVE,LEGACY_RECORD
q-subj-math12-p17c-077667,cbse-board,cbse-board,NULL,science,subj-math12,en,none,ver-cbse-board-2026,HUMAN_CURATED,numerical,0,HUMAN_CURATED,PHASE_16,ACTIVE,LEGACY_RECORD
q-subj-math12-p17c-077668,cbse-board,cbse-board,NULL,science,subj-math12,en,none,ver-cbse-board-2026,HUMAN_CURATED,long_answer,0,HUMAN_CURATED,PHASE_16,ACTIVE,LEGACY_RECORD
q-subj-math12-p17c-077669,cbse-board,cbse-board,NULL,science,subj-math12,en,none,ver-cbse-board-2026,HUMAN_CURATED,single_mcq,0,HUMAN_CURATED,PHASE_16,ACTIVE,LEGACY_RECORD
q-subj-math12-p17c-077670,cbse-board,cbse-board,NULL,science,subj-math12,en,none,ver-cbse-board-2026,HUMAN_CURATED,numerical,0,HUMAN_CURATED,PHASE_16,ACTIVE,LEGACY_RECORD
q-subj-math12-p17c-077671,cbse-board,cbse-board,NULL,science,subj-math12,en,none,ver-cbse-board-2026,HUMAN_CURATED,long_answer,0,HUMAN_CURATED,PHASE_16,ACTIVE,LEGACY_RECORD
q-subj-math12-p17c-077672,cbse-board,cbse-board,NULL,science,subj-math12,en,none,ver-cbse-board-2026,HUMAN_CURATED,single_mcq,0,HUMAN_CURATED,PHASE_16,ACTIVE,LEGACY_RECORD
q-subj-math12-p17c-077673,cbse-board,cbse-board,NULL,science,subj-math12,en,none,ver-cbse-board-2026,HUMAN_CURATED,numerical,0,HUMAN_CURATED,PHASE_16,ACTIVE,LEGACY_RECORD
q-subj-math12-p17c-077674,cbse-board,cbse-board,NULL,science,subj-math12,en,none,ver-cbse-board-2026,HUMAN_CURATED,long_answer,0,HUMAN_CURATED,PHASE_16,ACTIVE,LEGACY_RECORD
q-subj-math12-p17c-077675,cbse-board,cbse-board,NULL,science,subj-math12,en,none,ver-cbse-board-2026,HUMAN_CURATED,single_mcq,0,HUMAN_CURATED,PHASE_16,ACTIVE,LEGACY_RECORD
q-subj-math12-p17c-077676,cbse-board,cbse-board,NULL,science,subj-math12,en,none,ver-cbse-board-2026,HUMAN_CURATED,numerical,0,HUMAN_CURATED,PHASE_16,ACTIVE,LEGACY_RECORD
q-subj-math12-p17c-077677,cbse-board,cbse-board,NULL,science,subj-math12,en,none,ver-cbse-board-2026,HUMAN_CURATED,long_answer,0,HUMAN_CURATED,PHASE_16,ACTIVE,LEGACY_RECORD
q-subj-math12-p17c-077678,cbse-board,cbse-board,NULL,science,subj-math12,en,none,ver-cbse-board-2026,HUMAN_CURATED,single_mcq,0,HUMAN_CURATED,PHASE_16,ACTIVE,LEGACY_RECORD
q-subj-math12-p17c-077679,cbse-board,cbse-board,NULL,science,subj-math12,en,none,ver-cbse-board-2026,HUMAN_CURATED,numerical,0,HUMAN_CURATED,PHASE_16,ACTIVE,LEGACY_RECORD
q-subj-math12-p17c-077680,cbse-board,cbse-board,NULL,science,subj-math12,en,none,ver-cbse-board-2026,HUMAN_CURATED,long_answer,0,HUMAN_CURATED,PHASE_16,ACTIVE,LEGACY_RECORD
q-subj-math12-p17c-077681,cbse-board,cbse-board,NULL,science,subj-math12,en,none,ver-cbse-board-2026,HUMAN_CURATED,single_mcq,0,HUMAN_CURATED,PHASE_16,ACTIVE,LEGACY_RECORD
q-subj-math12-p17c-077682,cbse-board,cbse-board,NULL,science,subj-math12,en,none,ver-cbse-board-2026,HUMAN_CURATED,numerical,0,HUMAN_CURATED,PHASE_16,ACTIVE,LEGACY_RECORD
q-subj-math12-p17c-077683,cbse-board,cbse-board,NULL,science,subj-math12,en,none,ver-cbse-board-2026,HUMAN_CURATED,long_answer,0,HUMAN_CURATED,PHASE_16,ACTIVE,LEGACY_RECORD
q-subj-math12-p17c-077684,cbse-board,cbse-board,NULL,science,subj-math12,en,none,ver-cbse-board-2026,HUMAN_CURATED,single_mcq,0,HUMAN_CURATED,PHASE_16,ACTIVE,LEGACY_RECORD
q-subj-math12-p17c-077685,cbse-board,cbse-board,NULL,science,subj-math12,en,none,ver-cbse-board-2026,HUMAN_CURATED,numerical,0,HUMAN_CURATED,PHASE_16,ACTIVE,LEGACY_RECORD
q-subj-math12-p17c-077686,cbse-board,cbse-board,NULL,science,subj-math12,en,none,ver-cbse-board-2026,HUMAN_CURATED,long_answer,0,HUMAN_CURATED,PHASE_16,ACTIVE,LEGACY_RECORD
q-subj-math12-p17c-077687,cbse-board,cbse-board,NULL,science,subj-math12,en,none,ver-cbse-board-2026,HUMAN_CURATED,single_mcq,0,HUMAN_CURATED,PHASE_16,ACTIVE,LEGACY_RECORD
q-subj-math12-p17c-077688,cbse-board,cbse-board,NULL,science,subj-math12,en,none,ver-cbse-board-2026,HUMAN_CURATED,numerical,0,HUMAN_CURATED,PHASE_16,ACTIVE,LEGACY_RECORD
q-subj-math12-p17c-077689,cbse-board,cbse-board,NULL,science,subj-math12,en,none,ver-cbse-board-2026,HUMAN_CURATED,long_answer,0,HUMAN_CURATED,PHASE_16,ACTIVE,LEGACY_RECORD
q-subj-math12-p17c-077690,cbse-board,cbse-board,NULL,science,subj-math12,en,none,ver-cbse-board-2026,HUMAN_CURATED,single_mcq,0,HUMAN_CURATED,PHASE_16,ACTIVE,LEGACY_RECORD
q-subj-math12-p17c-077691,cbse-board,cbse-board,NULL,science,subj-math12,en,none,ver-cbse-board-2026,HUMAN_CURATED,numerical,0,HUMAN_CURATED,PHASE_16,ACTIVE,LEGACY_RECORD
q-subj-math12-p17c-077692,cbse-board,cbse-board,NULL,science,subj-math12,en,none,ver-cbse-board-2026,HUMAN_CURATED,long_answer,0,HUMAN_CURATED,PHASE_16,ACTIVE,LEGACY_RECORD
q-subj-math12-p17c-077693,cbse-board,cbse-board,NULL,science,subj-math12,en,none,ver-cbse-board-2026,HUMAN_CURATED,single_mcq,0,HUMAN_CURATED,PHASE_16,ACTIVE,LEGACY_RECORD
q-subj-math12-p17c-077694,cbse-board,cbse-board,NULL,science,subj-math12,en,none,ver-cbse-board-2026,HUMAN_CURATED,numerical,0,HUMAN_CURATED,PHASE_16,ACTIVE,LEGACY_RECORD
q-subj-math12-p17c-077695,cbse-board,cbse-board,NULL,science,subj-math12,en,none,ver-cbse-board-2026,HUMAN_CURATED,long_answer,0,HUMAN_CURATED,PHASE_16,ACTIVE,LEGACY_RECORD
q-subj-math12-p17c-077696,cbse-board,cbse-board,NULL,science,subj-math12,en,none,ver-cbse-board-2026,HUMAN_CURATED,single_mcq,0,HUMAN_CURATED,PHASE_16,ACTIVE,LEGACY_RECORD
q-subj-math12-p17c-077697,cbse-board,cbse-board,NULL,science,subj-math12,en,none,ver-cbse-board-2026,HUMAN_CURATED,numerical,0,HUMAN_CURATED,PHASE_16,ACTIVE,LEGACY_RECORD
q-subj-math12-p17c-077698,cbse-board,cbse-board,NULL,science,subj-math12,en,none,ver-cbse-board-2026,HUMAN_CURATED,long_answer,0,HUMAN_CURATED,PHASE_16,ACTIVE,LEGACY_RECORD
q-subj-math12-p17c-077699,cbse-board,cbse-board,NULL,science,subj-math12,en,none,ver-cbse-board-2026,HUMAN_CURATED,single_mcq,0,HUMAN_CURATED,PHASE_16,ACTIVE,LEGACY_RECORD
q-subj-math12-p17c-077700,cbse-board,cbse-board,NULL,science,subj-math12,en,none,ver-cbse-board-2026,HUMAN_CURATED,numerical,0,HUMAN_CURATED,PHASE_16,ACTIVE,LEGACY_RECORD
q-subj-math12-p17c-077701,cbse-board,cbse-board,NULL,science,subj-math12,en,none,ver-cbse-board-2026,HUMAN_CURATED,long_answer,0,HUMAN_CURATED,PHASE_16,ACTIVE,LEGACY_RECORD
q-subj-math12-p17c-077702,cbse-board,cbse-board,NULL,science,subj-math12,en,none,ver-cbse-board-2026,HUMAN_CURATED,single_mcq,0,HUMAN_CURATED,PHASE_16,ACTIVE,LEGACY_RECORD
q-subj-math12-p17c-077703,cbse-board,cbse-board,NULL,science,subj-math12,en,none,ver-cbse-board-2026,HUMAN_CURATED,numerical,0,HUMAN_CURATED,PHASE_16,ACTIVE,LEGACY_RECORD
q-subj-math12-p17c-077704,cbse-board,cbse-board,NULL,science,subj-math12,en,none,ver-cbse-board-2026,HUMAN_CURATED,long_answer,0,HUMAN_CURATED,PHASE_16,ACTIVE,LEGACY_RECORD
q-subj-math12-p17c-077705,cbse-board,cbse-board,NULL,science,subj-math12,en,none,ver-cbse-board-2026,HUMAN_CURATED,single_mcq,0,HUMAN_CURATED,PHASE_16,ACTIVE,LEGACY_RECORD
q-subj-math12-p17c-077706,cbse-board,cbse-board,NULL,science,subj-math12,en,none,ver-cbse-board-2026,HUMAN_CURATED,numerical,0,HUMAN_CURATED,PHASE_16,ACTIVE,LEGACY_RECORD
q-subj-math12-p17c-077707,cbse-board,cbse-board,NULL,science,subj-math12,en,none,ver-cbse-board-2026,HUMAN_CURATED,long_answer,0,HUMAN_CURATED,PHASE_16,ACTIVE,LEGACY_RECORD
q-subj-math12-p17c-077708,cbse-board,cbse-board,NULL,science,subj-math12,en,none,ver-cbse-board-2026,HUMAN_CURATED,single_mcq,0,HUMAN_CURATED,PHASE_16,ACTIVE,LEGACY_RECORD
q-subj-math12-p17c-077709,cbse-board,cbse-board,NULL,science,subj-math12,en,none,ver-cbse-board-2026,HUMAN_CURATED,numerical,0,HUMAN_CURATED,PHASE_16,ACTIVE,LEGACY_RECORD
q-subj-math12-p17c-077710,cbse-board,cbse-board,NULL,science,subj-math12,en,none,ver-cbse-board-2026,HUMAN_CURATED,long_answer,0,HUMAN_CURATED,PHASE_16,ACTIVE,LEGACY_RECORD
q-subj-math12-p17c-077711,cbse-board,cbse-board,NULL,science,subj-math12,en,none,ver-cbse-board-2026,HUMAN_CURATED,single_mcq,0,HUMAN_CURATED,PHASE_16,ACTIVE,LEGACY_RECORD
q-subj-math12-p17c-077712,cbse-board,cbse-board,NULL,science,subj-math12,en,none,ver-cbse-board-2026,HUMAN_CURATED,numerical,0,HUMAN_CURATED,PHASE_16,ACTIVE,LEGACY_RECORD
q-subj-math12-p17c-077713,cbse-board,cbse-board,NULL,science,subj-math12,en,none,ver-cbse-board-2026,HUMAN_CURATED,long_answer,0,HUMAN_CURATED,PHASE_16,ACTIVE,LEGACY_RECORD
q-subj-math12-p17c-077714,cbse-board,cbse-board,NULL,science,subj-math12,en,none,ver-cbse-board-2026,HUMAN_CURATED,single_mcq,0,HUMAN_CURATED,PHASE_16,ACTIVE,LEGACY_RECORD
q-subj-math12-p17c-077715,cbse-board,cbse-board,NULL,science,subj-math12,en,none,ver-cbse-board-2026,HUMAN_CURATED,numerical,0,HUMAN_CURATED,PHASE_16,ACTIVE,LEGACY_RECORD
q-subj-math12-p17c-077716,cbse-board,cbse-board,NULL,science,subj-math12,en,none,ver-cbse-board-2026,HUMAN_CURATED,long_answer,0,HUMAN_CURATED,PHASE_16,ACTIVE,LEGACY_RECORD
q-subj-math12-p17c-077717,cbse-board,cbse-board,NULL,science,subj-math12,en,none,ver-cbse-board-2026,HUMAN_CURATED,single_mcq,0,HUMAN_CURATED,PHASE_16,ACTIVE,LEGACY_RECORD
q-subj-math12-p17c-077718,cbse-board,cbse-board,NULL,science,subj-math12,en,none,ver-cbse-board-2026,HUMAN_CURATED,numerical,0,HUMAN_CURATED,PHASE_16,ACTIVE,LEGACY_RECORD
q-subj-math12-p17c-077719,cbse-board,cbse-board,NULL,science,subj-math12,en,none,ver-cbse-board-2026,HUMAN_CURATED,long_answer,0,HUMAN_CURATED,PHASE_16,ACTIVE,LEGACY_RECORD
q-subj-math12-p17c-077720,cbse-board,cbse-board,NULL,science,subj-math12,en,none,ver-cbse-board-2026,HUMAN_CURATED,single_mcq,0,HUMAN_CURATED,PHASE_16,ACTIVE,LEGACY_RECORD
q-subj-math12-p17c-077721,cbse-board,cbse-board,NULL,science,subj-math12,en,none,ver-cbse-board-2026,HUMAN_CURATED,numerical,0,HUMAN_CURATED,PHASE_16,ACTIVE,LEGACY_RECORD
q-subj-math12-p17c-077722,cbse-board,cbse-board,NULL,science,subj-math12,en,none,ver-cbse-board-2026,HUMAN_CURATED,long_answer,0,HUMAN_CURATED,PHASE_16,ACTIVE,LEGACY_RECORD
q-subj-math12-p17c-077723,cbse-board,cbse-board,NULL,science,subj-math12,en,none,ver-cbse-board-2026,HUMAN_CURATED,single_mcq,0,HUMAN_CURATED,PHASE_16,ACTIVE,LEGACY_RECORD
q-subj-math12-p17c-077724,cbse-board,cbse-board,NULL,science,subj-math12,en,none,ver-cbse-board-2026,HUMAN_CURATED,numerical,0,HUMAN_CURATED,PHASE_16,ACTIVE,LEGACY_RECORD
q-subj-math12-p17c-077725,cbse-board,cbse-board,NULL,science,subj-math12,en,none,ver-cbse-board-2026,HUMAN_CURATED,long_answer,0,HUMAN_CURATED,PHASE_16,ACTIVE,LEGACY_RECORD
q-subj-math12-p17c-077726,cbse-board,cbse-board,NULL,science,subj-math12,en,none,ver-cbse-board-2026,HUMAN_CURATED,single_mcq,0,HUMAN_CURATED,PHASE_16,ACTIVE,LEGACY_RECORD
q-subj-math12-p17c-077727,cbse-board,cbse-board,NULL,science,subj-math12,en,none,ver-cbse-board-2026,HUMAN_CURATED,numerical,0,HUMAN_CURATED,PHASE_16,ACTIVE,LEGACY_RECORD
q-subj-math12-p17c-077728,cbse-board,cbse-board,NULL,science,subj-math12,en,none,ver-cbse-board-2026,HUMAN_CURATED,long_answer,0,HUMAN_CURATED,PHASE_16,ACTIVE,LEGACY_RECORD
q-subj-math12-p17c-077729,cbse-board,cbse-board,NULL,science,subj-math12,en,none,ver-cbse-board-2026,HUMAN_CURATED,single_mcq,0,HUMAN_CURATED,PHASE_16,ACTIVE,LEGACY_RECORD
q-subj-math12-p17c-077730,cbse-board,cbse-board,NULL,science,subj-math12,en,none,ver-cbse-board-2026,HUMAN_CURATED,numerical,0,HUMAN_CURATED,PHASE_16,ACTIVE,LEGACY_RECORD
q-subj-math12-p17c-077731,cbse-board,cbse-board,NULL,science,subj-math12,en,none,ver-cbse-board-2026,HUMAN_CURATED,long_answer,0,HUMAN_CURATED,PHASE_16,ACTIVE,LEGACY_RECORD
q-subj-math12-p17c-077732,cbse-board,cbse-board,NULL,science,subj-math12,en,none,ver-cbse-board-2026,HUMAN_CURATED,single_mcq,0,HUMAN_CURATED,PHASE_16,ACTIVE,LEGACY_RECORD
q-subj-math12-p17c-077733,cbse-board,cbse-board,NULL,science,subj-math12,en,none,ver-cbse-board-2026,HUMAN_CURATED,numerical,0,HUMAN_CURATED,PHASE_16,ACTIVE,LEGACY_RECORD
q-subj-math12-p17c-077734,cbse-board,cbse-board,NULL,science,subj-math12,en,none,ver-cbse-board-2026,HUMAN_CURATED,long_answer,0,HUMAN_CURATED,PHASE_16,ACTIVE,LEGACY_RECORD
q-subj-math12-p17c-077735,cbse-board,cbse-board,NULL,science,subj-math12,en,none,ver-cbse-board-2026,HUMAN_CURATED,single_mcq,0,HUMAN_CURATED,PHASE_16,ACTIVE,LEGACY_RECORD
q-subj-math12-p17c-077736,cbse-board,cbse-board,NULL,science,subj-math12,en,none,ver-cbse-board-2026,HUMAN_CURATED,numerical,0,HUMAN_CURATED,PHASE_16,ACTIVE,LEGACY_RECORD
q-subj-math12-p17c-077737,cbse-board,cbse-board,NULL,science,subj-math12,en,none,ver-cbse-board-2026,HUMAN_CURATED,long_answer,0,HUMAN_CURATED,PHASE_16,ACTIVE,LEGACY_RECORD
q-subj-math12-p17c-077738,cbse-board,cbse-board,NULL,science,subj-math12,en,none,ver-cbse-board-2026,HUMAN_CURATED,single_mcq,0,HUMAN_CURATED,PHASE_16,ACTIVE,LEGACY_RECORD
q-subj-math12-p17c-077739,cbse-board,cbse-board,NULL,science,subj-math12,en,none,ver-cbse-board-2026,HUMAN_CURATED,numerical,0,HUMAN_CURATED,PHASE_16,ACTIVE,LEGACY_RECORD
q-subj-math12-p17c-077740,cbse-board,cbse-board,NULL,science,subj-math12,en,none,ver-cbse-board-2026,HUMAN_CURATED,long_answer,0,HUMAN_CURATED,PHASE_16,ACTIVE,LEGACY_RECORD
q-subj-math12-p17c-077741,cbse-board,cbse-board,NULL,science,subj-math12,en,none,ver-cbse-board-2026,HUMAN_CURATED,single_mcq,0,HUMAN_CURATED,PHASE_16,ACTIVE,LEGACY_RECORD
q-subj-math12-p17c-077742,cbse-board,cbse-board,NULL,science,subj-math12,en,none,ver-cbse-board-2026,HUMAN_CURATED,numerical,0,HUMAN_CURATED,PHASE_16,ACTIVE,LEGACY_RECORD
q-subj-math12-p17c-077743,cbse-board,cbse-board,NULL,science,subj-math12,en,none,ver-cbse-board-2026,HUMAN_CURATED,long_answer,0,HUMAN_CURATED,PHASE_16,ACTIVE,LEGACY_RECORD
q-subj-math12-p17c-077744,cbse-board,cbse-board,NULL,science,subj-math12,en,none,ver-cbse-board-2026,HUMAN_CURATED,single_mcq,0,HUMAN_CURATED,PHASE_16,ACTIVE,LEGACY_RECORD
q-subj-math12-p17c-077745,cbse-board,cbse-board,NULL,science,subj-math12,en,none,ver-cbse-board-2026,HUMAN_CURATED,numerical,0,HUMAN_CURATED,PHASE_16,ACTIVE,LEGACY_RECORD
q-subj-math12-p17c-077746,cbse-board,cbse-board,NULL,science,subj-math12,en,none,ver-cbse-board-2026,HUMAN_CURATED,long_answer,0,HUMAN_CURATED,PHASE_16,ACTIVE,LEGACY_RECORD
q-subj-math12-p17c-077747,cbse-board,cbse-board,NULL,science,subj-math12,en,none,ver-cbse-board-2026,HUMAN_CURATED,single_mcq,0,HUMAN_CURATED,PHASE_16,ACTIVE,LEGACY_RECORD
q-subj-math12-p17c-077748,cbse-board,cbse-board,NULL,science,subj-math12,en,none,ver-cbse-board-2026,HUMAN_CURATED,numerical,0,HUMAN_CURATED,PHASE_16,ACTIVE,LEGACY_RECORD
q-subj-math12-p17c-077749,cbse-board,cbse-board,NULL,science,subj-math12,en,none,ver-cbse-board-2026,HUMAN_CURATED,long_answer,0,HUMAN_CURATED,PHASE_16,ACTIVE,LEGACY_RECORD
q-subj-math12-p17c-077750,cbse-board,cbse-board,NULL,science,subj-math12,en,none,ver-cbse-board-2026,HUMAN_CURATED,single_mcq,0,HUMAN_CURATED,PHASE_16,ACTIVE,LEGACY_RECORD
q-subj-math12-p17c-077751,cbse-board,cbse-board,NULL,science,subj-math12,en,none,ver-cbse-board-2026,HUMAN_CURATED,numerical,0,HUMAN_CURATED,PHASE_16,ACTIVE,LEGACY_RECORD
q-subj-math12-p17c-077752,cbse-board,cbse-board,NULL,science,subj-math12,en,none,ver-cbse-board-2026,HUMAN_CURATED,long_answer,0,HUMAN_CURATED,PHASE_16,ACTIVE,LEGACY_RECORD
q-subj-math12-p17c-077753,cbse-board,cbse-board,NULL,science,subj-math12,en,none,ver-cbse-board-2026,HUMAN_CURATED,single_mcq,0,HUMAN_CURATED,PHASE_16,ACTIVE,LEGACY_RECORD
q-subj-math12-p17c-077754,cbse-board,cbse-board,NULL,science,subj-math12,en,none,ver-cbse-board-2026,HUMAN_CURATED,numerical,0,HUMAN_CURATED,PHASE_16,ACTIVE,LEGACY_RECORD
q-subj-math12-p17c-077755,cbse-board,cbse-board,NULL,science,subj-math12,en,none,ver-cbse-board-2026,HUMAN_CURATED,long_answer,0,HUMAN_CURATED,PHASE_16,ACTIVE,LEGACY_RECORD
q-subj-math12-p17c-077756,cbse-board,cbse-board,NULL,science,subj-math12,en,none,ver-cbse-board-2026,HUMAN_CURATED,single_mcq,0,HUMAN_CURATED,PHASE_16,ACTIVE,LEGACY_RECORD
q-subj-math12-p17c-077757,cbse-board,cbse-board,NULL,science,subj-math12,en,none,ver-cbse-board-2026,HUMAN_CURATED,numerical,0,HUMAN_CURATED,PHASE_16,ACTIVE,LEGACY_RECORD
q-subj-math12-p17c-077758,cbse-board,cbse-board,NULL,science,subj-math12,en,none,ver-cbse-board-2026,HUMAN_CURATED,long_answer,0,HUMAN_CURATED,PHASE_16,ACTIVE,LEGACY_RECORD
q-subj-math12-p17c-077759,cbse-board,cbse-board,NULL,science,subj-math12,en,none,ver-cbse-board-2026,HUMAN_CURATED,single_mcq,0,HUMAN_CURATED,PHASE_16,ACTIVE,LEGACY_RECORD
q-subj-math12-p17c-077760,cbse-board,cbse-board,NULL,science,subj-math12,en,none,ver-cbse-board-2026,HUMAN_CURATED,numerical,0,HUMAN_CURATED,PHASE_16,ACTIVE,LEGACY_RECORD
q-subj-math12-p17c-077761,cbse-board,cbse-board,NULL,science,subj-math12,en,none,ver-cbse-board-2026,HUMAN_CURATED,long_answer,0,HUMAN_CURATED,PHASE_16,ACTIVE,LEGACY_RECORD
q-subj-math12-p17c-077762,cbse-board,cbse-board,NULL,science,subj-math12,en,none,ver-cbse-board-2026,HUMAN_CURATED,single_mcq,0,HUMAN_CURATED,PHASE_16,ACTIVE,LEGACY_RECORD
q-subj-math12-p17c-077763,cbse-board,cbse-board,NULL,science,subj-math12,en,none,ver-cbse-board-2026,HUMAN_CURATED,numerical,0,HUMAN_CURATED,PHASE_16,ACTIVE,LEGACY_RECORD
q-subj-math12-p17c-077764,cbse-board,cbse-board,NULL,science,subj-math12,en,none,ver-cbse-board-2026,HUMAN_CURATED,long_answer,0,HUMAN_CURATED,PHASE_16,ACTIVE,LEGACY_RECORD
q-subj-math12-p17c-077765,cbse-board,cbse-board,NULL,science,subj-math12,en,none,ver-cbse-board-2026,HUMAN_CURATED,single_mcq,0,HUMAN_CURATED,PHASE_16,ACTIVE,LEGACY_RECORD
q-subj-math12-p17c-077766,cbse-board,cbse-board,NULL,science,subj-math12,en,none,ver-cbse-board-2026,HUMAN_CURATED,numerical,0,HUMAN_CURATED,PHASE_16,ACTIVE,LEGACY_RECORD
q-subj-math12-p17c-077767,cbse-board,cbse-board,NULL,science,subj-math12,en,none,ver-cbse-board-2026,HUMAN_CURATED,long_answer,0,HUMAN_CURATED,PHASE_16,ACTIVE,LEGACY_RECORD
q-subj-math12-p17c-077768,cbse-board,cbse-board,NULL,science,subj-math12,en,none,ver-cbse-board-2026,HUMAN_CURATED,single_mcq,0,HUMAN_CURATED,PHASE_16,ACTIVE,LEGACY_RECORD
q-subj-math12-p17c-077769,cbse-board,cbse-board,NULL,science,subj-math12,en,none,ver-cbse-board-2026,HUMAN_CURATED,numerical,0,HUMAN_CURATED,PHASE_16,ACTIVE,LEGACY_RECORD
q-subj-math12-p17c-077770,cbse-board,cbse-board,NULL,science,subj-math12,en,none,ver-cbse-board-2026,HUMAN_CURATED,long_answer,0,HUMAN_CURATED,PHASE_16,ACTIVE,LEGACY_RECORD
q-subj-math12-p17c-077771,cbse-board,cbse-board,NULL,science,subj-math12,en,none,ver-cbse-board-2026,HUMAN_CURATED,single_mcq,0,HUMAN_CURATED,PHASE_16,ACTIVE,LEGACY_RECORD
q-subj-math12-p17c-077772,cbse-board,cbse-board,NULL,science,subj-math12,en,none,ver-cbse-board-2026,HUMAN_CURATED,numerical,0,HUMAN_CURATED,PHASE_16,ACTIVE,LEGACY_RECORD
q-subj-math12-p17c-077773,cbse-board,cbse-board,NULL,science,subj-math12,en,none,ver-cbse-board-2026,HUMAN_CURATED,long_answer,0,HUMAN_CURATED,PHASE_16,ACTIVE,LEGACY_RECORD
q-subj-math12-p17c-077774,cbse-board,cbse-board,NULL,science,subj-math12,en,none,ver-cbse-board-2026,HUMAN_CURATED,single_mcq,0,HUMAN_CURATED,PHASE_16,ACTIVE,LEGACY_RECORD
q-subj-math12-p17c-077775,cbse-board,cbse-board,NULL,science,subj-math12,en,none,ver-cbse-board-2026,HUMAN_CURATED,numerical,0,HUMAN_CURATED,PHASE_16,ACTIVE,LEGACY_RECORD
q-subj-math12-p17c-077776,cbse-board,cbse-board,NULL,science,subj-math12,en,none,ver-cbse-board-2026,HUMAN_CURATED,long_answer,0,HUMAN_CURATED,PHASE_16,ACTIVE,LEGACY_RECORD
q-subj-math12-p17c-077777,cbse-board,cbse-board,NULL,science,subj-math12,en,none,ver-cbse-board-2026,HUMAN_CURATED,single_mcq,0,HUMAN_CURATED,PHASE_16,ACTIVE,LEGACY_RECORD
q-subj-math12-p17c-077778,cbse-board,cbse-board,NULL,science,subj-math12,en,none,ver-cbse-board-2026,HUMAN_CURATED,numerical,0,HUMAN_CURATED,PHASE_16,ACTIVE,LEGACY_RECORD
q-subj-math12-p17c-077779,cbse-board,cbse-board,NULL,science,subj-math12,en,none,ver-cbse-board-2026,HUMAN_CURATED,long_answer,0,HUMAN_CURATED,PHASE_16,ACTIVE,LEGACY_RECORD
q-subj-math12-p17c-077780,cbse-board,cbse-board,NULL,science,subj-math12,en,none,ver-cbse-board-2026,HUMAN_CURATED,single_mcq,0,HUMAN_CURATED,PHASE_16,ACTIVE,LEGACY_RECORD
q-subj-math12-p17c-077781,cbse-board,cbse-board,NULL,science,subj-math12,en,none,ver-cbse-board-2026,HUMAN_CURATED,numerical,0,HUMAN_CURATED,PHASE_16,ACTIVE,LEGACY_RECORD
q-subj-math12-p17c-077782,cbse-board,cbse-board,NULL,science,subj-math12,en,none,ver-cbse-board-2026,HUMAN_CURATED,long_answer,0,HUMAN_CURATED,PHASE_16,ACTIVE,LEGACY_RECORD
q-subj-math12-p17c-077783,cbse-board,cbse-board,NULL,science,subj-math12,en,none,ver-cbse-board-2026,HUMAN_CURATED,single_mcq,0,HUMAN_CURATED,PHASE_16,ACTIVE,LEGACY_RECORD
q-subj-math12-p17c-077784,cbse-board,cbse-board,NULL,science,subj-math12,en,none,ver-cbse-board-2026,HUMAN_CURATED,numerical,0,HUMAN_CURATED,PHASE_16,ACTIVE,LEGACY_RECORD
q-subj-math12-p17c-077785,cbse-board,cbse-board,NULL,science,subj-math12,en,none,ver-cbse-board-2026,HUMAN_CURATED,long_answer,0,HUMAN_CURATED,PHASE_16,ACTIVE,LEGACY_RECORD
q-subj-math12-p17c-077786,cbse-board,cbse-board,NULL,science,subj-math12,en,none,ver-cbse-board-2026,HUMAN_CURATED,single_mcq,0,HUMAN_CURATED,PHASE_16,ACTIVE,LEGACY_RECORD
q-subj-math12-p17c-077787,cbse-board,cbse-board,NULL,science,subj-math12,en,none,ver-cbse-board-2026,HUMAN_CURATED,numerical,0,HUMAN_CURATED,PHASE_16,ACTIVE,LEGACY_RECORD
q-subj-math12-p17c-077788,cbse-board,cbse-board,NULL,science,subj-math12,en,none,ver-cbse-board-2026,HUMAN_CURATED,long_answer,0,HUMAN_CURATED,PHASE_16,ACTIVE,LEGACY_RECORD
q-subj-math12-p17c-077789,cbse-board,cbse-board,NULL,science,subj-math12,en,none,ver-cbse-board-2026,HUMAN_CURATED,single_mcq,0,HUMAN_CURATED,PHASE_16,ACTIVE,LEGACY_RECORD
q-subj-math12-p17c-077790,cbse-board,cbse-board,NULL,science,subj-math12,en,none,ver-cbse-board-2026,HUMAN_CURATED,numerical,0,HUMAN_CURATED,PHASE_16,ACTIVE,LEGACY_RECORD
q-subj-math12-p17c-077791,cbse-board,cbse-board,NULL,science,subj-math12,en,none,ver-cbse-board-2026,HUMAN_CURATED,long_answer,0,HUMAN_CURATED,PHASE_16,ACTIVE,LEGACY_RECORD
q-subj-math12-p17c-077792,cbse-board,cbse-board,NULL,science,subj-math12,en,none,ver-cbse-board-2026,HUMAN_CURATED,single_mcq,0,HUMAN_CURATED,PHASE_16,ACTIVE,LEGACY_RECORD
q-subj-math12-p17c-077793,cbse-board,cbse-board,NULL,science,subj-math12,en,none,ver-cbse-board-2026,HUMAN_CURATED,numerical,0,HUMAN_CURATED,PHASE_16,ACTIVE,LEGACY_RECORD
q-subj-math12-p17c-077794,cbse-board,cbse-board,NULL,science,subj-math12,en,none,ver-cbse-board-2026,HUMAN_CURATED,long_answer,0,HUMAN_CURATED,PHASE_16,ACTIVE,LEGACY_RECORD
q-subj-math12-p17c-077795,cbse-board,cbse-board,NULL,science,subj-math12,en,none,ver-cbse-board-2026,HUMAN_CURATED,single_mcq,0,HUMAN_CURATED,PHASE_16,ACTIVE,LEGACY_RECORD
q-subj-math12-p17c-077796,cbse-board,cbse-board,NULL,science,subj-math12,en,none,ver-cbse-board-2026,HUMAN_CURATED,numerical,0,HUMAN_CURATED,PHASE_16,ACTIVE,LEGACY_RECORD
q-subj-math12-p17c-077797,cbse-board,cbse-board,NULL,science,subj-math12,en,none,ver-cbse-board-2026,HUMAN_CURATED,long_answer,0,HUMAN_CURATED,PHASE_16,ACTIVE,LEGACY_RECORD
q-subj-math12-p17c-077798,cbse-board,cbse-board,NULL,science,subj-math12,en,none,ver-cbse-board-2026,HUMAN_CURATED,single_mcq,0,HUMAN_CURATED,PHASE_16,ACTIVE,LEGACY_RECORD
q-subj-math12-p17c-077799,cbse-board,cbse-board,NULL,science,subj-math12,en,none,ver-cbse-board-2026,HUMAN_CURATED,numerical,0,HUMAN_CURATED,PHASE_16,ACTIVE,LEGACY_RECORD
q-subj-math12-p17c-077800,cbse-board,cbse-board,NULL,science,subj-math12,en,none,ver-cbse-board-2026,HUMAN_CURATED,long_answer,0,HUMAN_CURATED,PHASE_16,ACTIVE,LEGACY_RECORD
q-subj-math12-p17c-077801,cbse-board,cbse-board,NULL,science,subj-math12,en,none,ver-cbse-board-2026,HUMAN_CURATED,single_mcq,0,HUMAN_CURATED,PHASE_16,ACTIVE,LEGACY_RECORD
q-subj-math12-p17c-077802,cbse-board,cbse-board,NULL,science,subj-math12,en,none,ver-cbse-board-2026,HUMAN_CURATED,numerical,0,HUMAN_CURATED,PHASE_16,ACTIVE,LEGACY_RECORD
q-subj-math12-p17c-077803,cbse-board,cbse-board,NULL,science,subj-math12,en,none,ver-cbse-board-2026,HUMAN_CURATED,long_answer,0,HUMAN_CURATED,PHASE_16,ACTIVE,LEGACY_RECORD
q-subj-math12-p17c-077804,cbse-board,cbse-board,NULL,science,subj-math12,en,none,ver-cbse-board-2026,HUMAN_CURATED,single_mcq,0,HUMAN_CURATED,PHASE_16,ACTIVE,LEGACY_RECORD
q-subj-math12-p17c-077805,cbse-board,cbse-board,NULL,science,subj-math12,en,none,ver-cbse-board-2026,HUMAN_CURATED,numerical,0,HUMAN_CURATED,PHASE_16,ACTIVE,LEGACY_RECORD
q-subj-math12-p17c-077806,cbse-board,cbse-board,NULL,science,subj-math12,en,none,ver-cbse-board-2026,HUMAN_CURATED,long_answer,0,HUMAN_CURATED,PHASE_16,ACTIVE,LEGACY_RECORD
q-subj-math12-p17c-077807,cbse-board,cbse-board,NULL,science,subj-math12,en,none,ver-cbse-board-2026,HUMAN_CURATED,single_mcq,0,HUMAN_CURATED,PHASE_16,ACTIVE,LEGACY_RECORD
q-subj-math12-p17c-077808,cbse-board,cbse-board,NULL,science,subj-math12,en,none,ver-cbse-board-2026,HUMAN_CURATED,numerical,0,HUMAN_CURATED,PHASE_16,ACTIVE,LEGACY_RECORD
q-subj-math12-p17c-077809,cbse-board,cbse-board,NULL,science,subj-math12,en,none,ver-cbse-board-2026,HUMAN_CURATED,long_answer,0,HUMAN_CURATED,PHASE_16,ACTIVE,LEGACY_RECORD
q-subj-math12-p17c-077810,cbse-board,cbse-board,NULL,science,subj-math12,en,none,ver-cbse-board-2026,HUMAN_CURATED,single_mcq,0,HUMAN_CURATED,PHASE_16,ACTIVE,LEGACY_RECORD
q-subj-math12-p17c-077811,cbse-board,cbse-board,NULL,science,subj-math12,en,none,ver-cbse-board-2026,HUMAN_CURATED,numerical,0,HUMAN_CURATED,PHASE_16,ACTIVE,LEGACY_RECORD
q-subj-math12-p17c-077812,cbse-board,cbse-board,NULL,science,subj-math12,en,none,ver-cbse-board-2026,HUMAN_CURATED,long_answer,0,HUMAN_CURATED,PHASE_16,ACTIVE,LEGACY_RECORD
q-subj-math12-p17c-077813,cbse-board,cbse-board,NULL,science,subj-math12,en,none,ver-cbse-board-2026,HUMAN_CURATED,single_mcq,0,HUMAN_CURATED,PHASE_16,ACTIVE,LEGACY_RECORD
q-subj-math12-p17c-077814,cbse-board,cbse-board,NULL,science,subj-math12,en,none,ver-cbse-board-2026,HUMAN_CURATED,numerical,0,HUMAN_CURATED,PHASE_16,ACTIVE,LEGACY_RECORD
q-subj-math12-p17c-077815,cbse-board,cbse-board,NULL,science,subj-math12,en,none,ver-cbse-board-2026,HUMAN_CURATED,long_answer,0,HUMAN_CURATED,PHASE_16,ACTIVE,LEGACY_RECORD
q-subj-math12-p17c-077816,cbse-board,cbse-board,NULL,science,subj-math12,en,none,ver-cbse-board-2026,HUMAN_CURATED,single_mcq,0,HUMAN_CURATED,PHASE_16,ACTIVE,LEGACY_RECORD
q-subj-math12-p17c-077817,cbse-board,cbse-board,NULL,science,subj-math12,en,none,ver-cbse-board-2026,HUMAN_CURATED,numerical,0,HUMAN_CURATED,PHASE_16,ACTIVE,LEGACY_RECORD
q-subj-math12-p17c-077818,cbse-board,cbse-board,NULL,science,subj-math12,en,none,ver-cbse-board-2026,HUMAN_CURATED,long_answer,0,HUMAN_CURATED,PHASE_16,ACTIVE,LEGACY_RECORD
q-subj-math12-p17c-077819,cbse-board,cbse-board,NULL,science,subj-math12,en,none,ver-cbse-board-2026,HUMAN_CURATED,single_mcq,0,HUMAN_CURATED,PHASE_16,ACTIVE,LEGACY_RECORD
q-subj-math12-p17c-077820,cbse-board,cbse-board,NULL,science,subj-math12,en,none,ver-cbse-board-2026,HUMAN_CURATED,numerical,0,HUMAN_CURATED,PHASE_16,ACTIVE,LEGACY_RECORD
q-subj-math12-p17c-077821,cbse-board,cbse-board,NULL,science,subj-math12,en,none,ver-cbse-board-2026,HUMAN_CURATED,long_answer,0,HUMAN_CURATED,PHASE_16,ACTIVE,LEGACY_RECORD
q-subj-math12-p17c-077822,cbse-board,cbse-board,NULL,science,subj-math12,en,none,ver-cbse-board-2026,HUMAN_CURATED,single_mcq,0,HUMAN_CURATED,PHASE_16,ACTIVE,LEGACY_RECORD
q-subj-math12-p17c-077823,cbse-board,cbse-board,NULL,science,subj-math12,en,none,ver-cbse-board-2026,HUMAN_CURATED,numerical,0,HUMAN_CURATED,PHASE_16,ACTIVE,LEGACY_RECORD
q-subj-math12-p17c-077824,cbse-board,cbse-board,NULL,science,subj-math12,en,none,ver-cbse-board-2026,HUMAN_CURATED,long_answer,0,HUMAN_CURATED,PHASE_16,ACTIVE,LEGACY_RECORD
q-subj-math12-p17c-077825,cbse-board,cbse-board,NULL,science,subj-math12,en,none,ver-cbse-board-2026,HUMAN_CURATED,single_mcq,0,HUMAN_CURATED,PHASE_16,ACTIVE,LEGACY_RECORD
q-subj-math12-p17c-077826,cbse-board,cbse-board,NULL,science,subj-math12,en,none,ver-cbse-board-2026,HUMAN_CURATED,numerical,0,HUMAN_CURATED,PHASE_16,ACTIVE,LEGACY_RECORD
q-subj-math12-p17c-077827,cbse-board,cbse-board,NULL,science,subj-math12,en,none,ver-cbse-board-2026,HUMAN_CURATED,long_answer,0,HUMAN_CURATED,PHASE_16,ACTIVE,LEGACY_RECORD
q-subj-math12-p17c-077828,cbse-board,cbse-board,NULL,science,subj-math12,en,none,ver-cbse-board-2026,HUMAN_CURATED,single_mcq,0,HUMAN_CURATED,PHASE_16,ACTIVE,LEGACY_RECORD
q-subj-math12-p17c-077829,cbse-board,cbse-board,NULL,science,subj-math12,en,none,ver-cbse-board-2026,HUMAN_CURATED,numerical,0,HUMAN_CURATED,PHASE_16,ACTIVE,LEGACY_RECORD
q-subj-math12-p17c-077830,cbse-board,cbse-board,NULL,science,subj-math12,en,none,ver-cbse-board-2026,HUMAN_CURATED,long_answer,0,HUMAN_CURATED,PHASE_16,ACTIVE,LEGACY_RECORD
q-subj-math12-p17c-077831,cbse-board,cbse-board,NULL,science,subj-math12,en,none,ver-cbse-board-2026,HUMAN_CURATED,single_mcq,0,HUMAN_CURATED,PHASE_16,ACTIVE,LEGACY_RECORD
q-subj-math12-p17c-077832,cbse-board,cbse-board,NULL,science,subj-math12,en,none,ver-cbse-board-2026,HUMAN_CURATED,numerical,0,HUMAN_CURATED,PHASE_16,ACTIVE,LEGACY_RECORD
q-subj-math12-p17c-077833,cbse-board,cbse-board,NULL,science,subj-math12,en,none,ver-cbse-board-2026,HUMAN_CURATED,long_answer,0,HUMAN_CURATED,PHASE_16,ACTIVE,LEGACY_RECORD
q-subj-math12-p17c-077834,cbse-board,cbse-board,NULL,science,subj-math12,en,none,ver-cbse-board-2026,HUMAN_CURATED,single_mcq,0,HUMAN_CURATED,PHASE_16,ACTIVE,LEGACY_RECORD
q-subj-math12-p17c-077835,cbse-board,cbse-board,NULL,science,subj-math12,en,none,ver-cbse-board-2026,HUMAN_CURATED,numerical,0,HUMAN_CURATED,PHASE_16,ACTIVE,LEGACY_RECORD
q-subj-math12-p17c-077836,cbse-board,cbse-board,NULL,science,subj-math12,en,none,ver-cbse-board-2026,HUMAN_CURATED,long_answer,0,HUMAN_CURATED,PHASE_16,ACTIVE,LEGACY_RECORD
q-subj-math12-p17c-077837,cbse-board,cbse-board,NULL,science,subj-math12,en,none,ver-cbse-board-2026,HUMAN_CURATED,single_mcq,0,HUMAN_CURATED,PHASE_16,ACTIVE,LEGACY_RECORD
q-subj-math12-p17c-077838,cbse-board,cbse-board,NULL,science,subj-math12,en,none,ver-cbse-board-2026,HUMAN_CURATED,numerical,0,HUMAN_CURATED,PHASE_16,ACTIVE,LEGACY_RECORD
q-subj-math12-p17c-077839,cbse-board,cbse-board,NULL,science,subj-math12,en,none,ver-cbse-board-2026,HUMAN_CURATED,long_answer,0,HUMAN_CURATED,PHASE_16,ACTIVE,LEGACY_RECORD
q-subj-math12-p17c-077840,cbse-board,cbse-board,NULL,science,subj-math12,en,none,ver-cbse-board-2026,HUMAN_CURATED,single_mcq,0,HUMAN_CURATED,PHASE_16,ACTIVE,LEGACY_RECORD
q-subj-math12-p17c-077841,cbse-board,cbse-board,NULL,science,subj-math12,en,none,ver-cbse-board-2026,HUMAN_CURATED,numerical,0,HUMAN_CURATED,PHASE_16,ACTIVE,LEGACY_RECORD
q-subj-math12-p17c-077842,cbse-board,cbse-board,NULL,science,subj-math12,en,none,ver-cbse-board-2026,HUMAN_CURATED,long_answer,0,HUMAN_CURATED,PHASE_16,ACTIVE,LEGACY_RECORD
q-subj-math12-p17c-077843,cbse-board,cbse-board,NULL,science,subj-math12,en,none,ver-cbse-board-2026,HUMAN_CURATED,single_mcq,0,HUMAN_CURATED,PHASE_16,ACTIVE,LEGACY_RECORD
q-subj-math12-p17c-077844,cbse-board,cbse-board,NULL,science,subj-math12,en,none,ver-cbse-board-2026,HUMAN_CURATED,numerical,0,HUMAN_CURATED,PHASE_16,ACTIVE,LEGACY_RECORD
q-subj-math12-p17c-077845,cbse-board,cbse-board,NULL,science,subj-math12,en,none,ver-cbse-board-2026,HUMAN_CURATED,long_answer,0,HUMAN_CURATED,PHASE_16,ACTIVE,LEGACY_RECORD
q-subj-math12-p17c-077846,cbse-board,cbse-board,NULL,science,subj-math12,en,none,ver-cbse-board-2026,HUMAN_CURATED,single_mcq,0,HUMAN_CURATED,PHASE_16,ACTIVE,LEGACY_RECORD
q-subj-math12-p17c-077847,cbse-board,cbse-board,NULL,science,subj-math12,en,none,ver-cbse-board-2026,HUMAN_CURATED,numerical,0,HUMAN_CURATED,PHASE_16,ACTIVE,LEGACY_RECORD
q-subj-math12-p17c-077848,cbse-board,cbse-board,NULL,science,subj-math12,en,none,ver-cbse-board-2026,HUMAN_CURATED,long_answer,0,HUMAN_CURATED,PHASE_16,ACTIVE,LEGACY_RECORD
q-subj-math12-p17c-077849,cbse-board,cbse-board,NULL,science,subj-math12,en,none,ver-cbse-board-2026,HUMAN_CURATED,single_mcq,0,HUMAN_CURATED,PHASE_16,ACTIVE,LEGACY_RECORD
q-subj-math12-p17c-077850,cbse-board,cbse-board,NULL,science,subj-math12,en,none,ver-cbse-board-2026,HUMAN_CURATED,numerical,0,HUMAN_CURATED,PHASE_16,ACTIVE,LEGACY_RECORD
q-subj-math12-p17c-077851,cbse-board,cbse-board,NULL,science,subj-math12,en,none,ver-cbse-board-2026,HUMAN_CURATED,long_answer,0,HUMAN_CURATED,PHASE_16,ACTIVE,LEGACY_RECORD
q-subj-math12-p17c-077852,cbse-board,cbse-board,NULL,science,subj-math12,en,none,ver-cbse-board-2026,HUMAN_CURATED,single_mcq,0,HUMAN_CURATED,PHASE_16,ACTIVE,LEGACY_RECORD
q-subj-math12-p17c-077853,cbse-board,cbse-board,NULL,science,subj-math12,en,none,ver-cbse-board-2026,HUMAN_CURATED,numerical,0,HUMAN_CURATED,PHASE_16,ACTIVE,LEGACY_RECORD
q-subj-math12-p17c-077854,cbse-board,cbse-board,NULL,science,subj-math12,en,none,ver-cbse-board-2026,HUMAN_CURATED,long_answer,0,HUMAN_CURATED,PHASE_16,ACTIVE,LEGACY_RECORD
q-subj-math12-p17c-077855,cbse-board,cbse-board,NULL,science,subj-math12,en,none,ver-cbse-board-2026,HUMAN_CURATED,single_mcq,0,HUMAN_CURATED,PHASE_16,ACTIVE,LEGACY_RECORD
q-subj-math12-p17c-077856,cbse-board,cbse-board,NULL,science,subj-math12,en,none,ver-cbse-board-2026,HUMAN_CURATED,numerical,0,HUMAN_CURATED,PHASE_16,ACTIVE,LEGACY_RECORD
q-subj-math12-p17c-077857,cbse-board,cbse-board,NULL,science,subj-math12,en,none,ver-cbse-board-2026,HUMAN_CURATED,long_answer,0,HUMAN_CURATED,PHASE_16,ACTIVE,LEGACY_RECORD
q-subj-math12-p17c-077858,cbse-board,cbse-board,NULL,science,subj-math12,en,none,ver-cbse-board-2026,HUMAN_CURATED,single_mcq,0,HUMAN_CURATED,PHASE_16,ACTIVE,LEGACY_RECORD
q-subj-math12-p17c-077859,cbse-board,cbse-board,NULL,science,subj-math12,en,none,ver-cbse-board-2026,HUMAN_CURATED,numerical,0,HUMAN_CURATED,PHASE_16,ACTIVE,LEGACY_RECORD
q-subj-math12-p17c-077860,cbse-board,cbse-board,NULL,science,subj-math12,en,none,ver-cbse-board-2026,HUMAN_CURATED,long_answer,0,HUMAN_CURATED,PHASE_16,ACTIVE,LEGACY_RECORD
q-subj-math12-p17c-077861,cbse-board,cbse-board,NULL,science,subj-math12,en,none,ver-cbse-board-2026,HUMAN_CURATED,single_mcq,0,HUMAN_CURATED,PHASE_16,ACTIVE,LEGACY_RECORD
q-subj-math12-p17c-077862,cbse-board,cbse-board,NULL,science,subj-math12,en,none,ver-cbse-board-2026,HUMAN_CURATED,numerical,0,HUMAN_CURATED,PHASE_16,ACTIVE,LEGACY_RECORD
q-subj-math12-p17c-077863,cbse-board,cbse-board,NULL,science,subj-math12,en,none,ver-cbse-board-2026,HUMAN_CURATED,long_answer,0,HUMAN_CURATED,PHASE_16,ACTIVE,LEGACY_RECORD
q-subj-math12-p17c-077864,cbse-board,cbse-board,NULL,science,subj-math12,en,none,ver-cbse-board-2026,HUMAN_CURATED,single_mcq,0,HUMAN_CURATED,PHASE_16,ACTIVE,LEGACY_RECORD
q-subj-math12-p17c-077865,cbse-board,cbse-board,NULL,science,subj-math12,en,none,ver-cbse-board-2026,HUMAN_CURATED,numerical,0,HUMAN_CURATED,PHASE_16,ACTIVE,LEGACY_RECORD
q-subj-math12-p17c-077866,cbse-board,cbse-board,NULL,science,subj-math12,en,none,ver-cbse-board-2026,HUMAN_CURATED,long_answer,0,HUMAN_CURATED,PHASE_16,ACTIVE,LEGACY_RECORD
q-subj-math12-p17c-077867,cbse-board,cbse-board,NULL,science,subj-math12,en,none,ver-cbse-board-2026,HUMAN_CURATED,single_mcq,0,HUMAN_CURATED,PHASE_16,ACTIVE,LEGACY_RECORD
q-subj-math12-p17c-077868,cbse-board,cbse-board,NULL,science,subj-math12,en,none,ver-cbse-board-2026,HUMAN_CURATED,numerical,0,HUMAN_CURATED,PHASE_16,ACTIVE,LEGACY_RECORD
q-subj-math12-p17c-077869,cbse-board,cbse-board,NULL,science,subj-math12,en,none,ver-cbse-board-2026,HUMAN_CURATED,long_answer,0,HUMAN_CURATED,PHASE_16,ACTIVE,LEGACY_RECORD
q-subj-math12-p17c-077870,cbse-board,cbse-board,NULL,science,subj-math12,en,none,ver-cbse-board-2026,HUMAN_CURATED,single_mcq,0,HUMAN_CURATED,PHASE_16,ACTIVE,LEGACY_RECORD
q-subj-math12-p17c-077871,cbse-board,cbse-board,NULL,science,subj-math12,en,none,ver-cbse-board-2026,HUMAN_CURATED,numerical,0,HUMAN_CURATED,PHASE_16,ACTIVE,LEGACY_RECORD