question_id,exam_version_id,subject_id,chapter_id,topic_id,question_type_id,difficulty,marks,provenance,source_id,full_exam_eligible,practice_eligible,duplicate_status,quality_state
"q-c12-acc-0001","","subj-accountancy","","","single_mcq","MEDIUM",1,"HUMAN_CURATED","",0,1,"UNIQUE","IMPORTED"
"q-c12-acc-0002","","subj-accountancy","","","single_mcq","MEDIUM",1,"HUMAN_CURATED","",0,1,"UNIQUE","IMPORTED"
"q-c12-acc-0003","","subj-accountancy","","","single_mcq","MEDIUM",1,"HUMAN_CURATED","",0,1,"UNIQUE","IMPORTED"
"q-c12-acc-0004","","subj-accountancy","","","single_mcq","MEDIUM",1,"HUMAN_CURATED","",0,1,"UNIQUE","IMPORTED"
"q-c12-acc-0005","","subj-accountancy","","","single_mcq","MEDIUM",1,"HUMAN_CURATED","",0,1,"UNIQUE","IMPORTED"
"q-c12-acc-0006","","subj-accountancy","","","single_mcq","MEDIUM",1,"HUMAN_CURATED","",0,1,"UNIQUE","IMPORTED"
"q-c12-acc-0007","","subj-accountancy","","","single_mcq","MEDIUM",1,"HUMAN_CURATED","",0,1,"UNIQUE","IMPORTED"
"q-c12-acc-0008","","subj-accountancy","","","single_mcq","MEDIUM",1,"HUMAN_CURATED","",0,1,"UNIQUE","IMPORTED"
"q-c12-acc-0009","","subj-accountancy","","","single_mcq","MEDIUM",1,"HUMAN_CURATED","",0,1,"UNIQUE","IMPORTED"
"q-c12-acc-0010","","subj-accountancy","","","single_mcq","MEDIUM",1,"HUMAN_CURATED","",0,1,"UNIQUE","IMPORTED"
"q-c12-acc-0011","","subj-accountancy","","","single_mcq","MEDIUM",1,"HUMAN_CURATED","",0,1,"UNIQUE","IMPORTED"
"q-c12-acc-0012","","subj-accountancy","","","single_mcq","MEDIUM",1,"HUMAN_CURATED","",0,1,"UNIQUE","IMPORTED"
"q-c12-bio-0001","","subj-biology","","","single_mcq","MEDIUM",1,"HUMAN_CURATED","",0,1,"UNIQUE","IMPORTED"
"q-c12-bio-0002","","subj-biology","","","single_mcq","MEDIUM",1,"HUMAN_CURATED","",0,1,"UNIQUE","IMPORTED"
"q-c12-bio-0003","","subj-biology","","","single_mcq","MEDIUM",1,"HUMAN_CURATED","",0,1,"UNIQUE","IMPORTED"
"q-c12-bio-0004","","subj-biology","","","single_mcq","MEDIUM",1,"HUMAN_CURATED","",0,1,"UNIQUE","IMPORTED"
"q-c12-bio-0005","","subj-biology","","","single_mcq","MEDIUM",1,"HUMAN_CURATED","",0,1,"UNIQUE","IMPORTED"
"q-c12-bio-0006","","subj-biology","","","single_mcq","MEDIUM",1,"HUMAN_CURATED","",0,1,"UNIQUE","IMPORTED"
"q-c12-bio-0007","","subj-biology","","","single_mcq","MEDIUM",1,"HUMAN_CURATED","",0,1,"UNIQUE","IMPORTED"
"q-c12-bio-0008","","subj-biology","","","single_mcq","MEDIUM",1,"HUMAN_CURATED","",0,1,"UNIQUE","IMPORTED"
"q-c12-bio-0009","","subj-biology","","","single_mcq","MEDIUM",1,"HUMAN_CURATED","",0,1,"UNIQUE","IMPORTED"
"q-c12-bio-0010","","subj-biology","","","single_mcq","MEDIUM",1,"HUMAN_CURATED","",0,1,"UNIQUE","IMPORTED"
"q-c12-bio-0011","","subj-biology","","","single_mcq","MEDIUM",1,"HUMAN_CURATED","",0,1,"UNIQUE","IMPORTED"
"q-c12-bio-0012","","subj-biology","","","single_mcq","MEDIUM",1,"HUMAN_CURATED","",0,1,"UNIQUE","IMPORTED"
"q-c12-bio-0013","","subj-biology","","","single_mcq","MEDIUM",1,"HUMAN_CURATED","",0,1,"UNIQUE","IMPORTED"
"q-c12-bio-0014","","subj-biology","","","single_mcq","MEDIUM",1,"HUMAN_CURATED","",0,1,"UNIQUE","IMPORTED"
"q-c12-bio-0015","","subj-biology","","","single_mcq","MEDIUM",1,"HUMAN_CURATED","",0,1,"UNIQUE","IMPORTED"
"q-c12-bio-0016","","subj-biology","","","single_mcq","MEDIUM",1,"HUMAN_CURATED","",0,1,"UNIQUE","IMPORTED"
"q-c12-bio-0017","","subj-biology","","","single_mcq","MEDIUM",1,"HUMAN_CURATED","",0,1,"UNIQUE","IMPORTED"
"q-c12-bio-0018","","subj-biology","","","single_mcq","MEDIUM",1,"HUMAN_CURATED","",0,1,"UNIQUE","IMPORTED"
"q-c12-bio-0019","","subj-biology","","","single_mcq","MEDIUM",1,"HUMAN_CURATED","",0,1,"UNIQUE","IMPORTED"
"q-c12-bio-0020","","subj-biology","","","single_mcq","MEDIUM",1,"HUMAN_CURATED","",0,1,"UNIQUE","IMPORTED"
"q-c12-bio-0021","","subj-biology","","","single_mcq","MEDIUM",1,"HUMAN_CURATED","",0,1,"UNIQUE","IMPORTED"
"q-c12-bio-0022","","subj-biology","","","single_mcq","MEDIUM",1,"HUMAN_CURATED","",0,1,"UNIQUE","IMPORTED"
"q-c12-bio-0023","","subj-biology","","","single_mcq","MEDIUM",1,"HUMAN_CURATED","",0,1,"UNIQUE","IMPORTED"
"q-c12-bio-0024","","subj-biology","","","single_mcq","MEDIUM",1,"HUMAN_CURATED","",0,1,"UNIQUE","IMPORTED"
"q-c12-bio-0025","","subj-biology","","","single_mcq","MEDIUM",1,"HUMAN_CURATED","",0,1,"UNIQUE","IMPORTED"
"q-c12-bio-0026","","subj-biology","","","single_mcq","MEDIUM",1,"HUMAN_CURATED","",0,1,"UNIQUE","IMPORTED"
"q-c12-bio-0027","","subj-biology","","","single_mcq","MEDIUM",1,"HUMAN_CURATED","",0,1,"UNIQUE","IMPORTED"
"q-c12-bio-0028","","subj-biology","","","single_mcq","MEDIUM",1,"HUMAN_CURATED","",0,1,"UNIQUE","IMPORTED"
"q-c12-bio-0029","","subj-biology","","","single_mcq","MEDIUM",1,"HUMAN_CURATED","",0,1,"UNIQUE","IMPORTED"
"q-c12-bio-0030","","subj-biology","","","single_mcq","MEDIUM",1,"HUMAN_CURATED","",0,1,"UNIQUE","IMPORTED"
"q-c12-bio-0031","","subj-biology","","","single_mcq","MEDIUM",1,"HUMAN_CURATED","",0,1,"UNIQUE","IMPORTED"
"q-c12-bio-0032","","subj-biology","","","single_mcq","MEDIUM",1,"HUMAN_CURATED","",0,1,"UNIQUE","IMPORTED"
"q-c12-bio-0033","","subj-biology","","","single_mcq","MEDIUM",1,"HUMAN_CURATED","",0,1,"UNIQUE","IMPORTED"
"q-c12-bio-0034","","subj-biology","","","single_mcq","MEDIUM",1,"HUMAN_CURATED","",0,1,"UNIQUE","IMPORTED"
"q-c12-bio-0035","","subj-biology","","","single_mcq","MEDIUM",1,"HUMAN_CURATED","",0,1,"UNIQUE","IMPORTED"
"q-c12-bus-0001","","subj-business","","","single_mcq","MEDIUM",1,"HUMAN_CURATED","",0,1,"UNIQUE","IMPORTED"
"q-c12-bus-0002","","subj-business","","","single_mcq","MEDIUM",1,"HUMAN_CURATED","",0,1,"UNIQUE","IMPORTED"
"q-c12-bus-0003","","subj-business","","","single_mcq","MEDIUM",1,"HUMAN_CURATED","",0,1,"UNIQUE","IMPORTED"
"q-c12-bus-0004","","subj-business","","","single_mcq","MEDIUM",1,"HUMAN_CURATED","",0,1,"UNIQUE","IMPORTED"
"q-c12-bus-0005","","subj-business","","","single_mcq","MEDIUM",1,"HUMAN_CURATED","",0,1,"UNIQUE","IMPORTED"
"q-c12-bus-0006","","subj-business","","","single_mcq","MEDIUM",1,"HUMAN_CURATED","",0,1,"UNIQUE","IMPORTED"
"q-c12-bus-0007","","subj-business","","","single_mcq","MEDIUM",1,"HUMAN_CURATED","",0,1,"UNIQUE","IMPORTED"
"q-c12-bus-0008","","subj-business","","","single_mcq","MEDIUM",1,"HUMAN_CURATED","",0,1,"UNIQUE","IMPORTED"
"q-c12-bus-0009","","subj-business","","","single_mcq","MEDIUM",1,"HUMAN_CURATED","",0,1,"UNIQUE","IMPORTED"
"q-c12-bus-0010","","subj-business","","","single_mcq","MEDIUM",1,"HUMAN_CURATED","",0,1,"UNIQUE","IMPORTED"
"q-c12-bus-0011","","subj-business","","","single_mcq","MEDIUM",1,"HUMAN_CURATED","",0,1,"UNIQUE","IMPORTED"
"q-c12-bus-0012","","subj-business","","","single_mcq","MEDIUM",1,"HUMAN_CURATED","",0,1,"UNIQUE","IMPORTED"
"q-c12-chm-0001","","subj-chemistry","","","single_mcq","MEDIUM",1,"HUMAN_CURATED","",0,1,"UNIQUE","IMPORTED"
"q-c12-chm-0002","","subj-chemistry","","","single_mcq","MEDIUM",1,"HUMAN_CURATED","",0,1,"UNIQUE","IMPORTED"
"q-c12-chm-0003","","subj-chemistry","","","single_mcq","MEDIUM",1,"HUMAN_CURATED","",0,1,"UNIQUE","IMPORTED"
"q-c12-chm-0004","","subj-chemistry","","","single_mcq","MEDIUM",1,"HUMAN_CURATED","",0,1,"UNIQUE","IMPORTED"
"q-c12-chm-0005","","subj-chemistry","","","single_mcq","MEDIUM",1,"HUMAN_CURATED","",0,1,"UNIQUE","IMPORTED"
"q-c12-chm-0006","","subj-chemistry","","","single_mcq","MEDIUM",1,"HUMAN_CURATED","",0,1,"UNIQUE","IMPORTED"
"q-c12-chm-0007","","subj-chemistry","","","single_mcq","MEDIUM",1,"HUMAN_CURATED","",0,1,"UNIQUE","IMPORTED"
"q-c12-chm-0008","","subj-chemistry","","","single_mcq","MEDIUM",1,"HUMAN_CURATED","",0,1,"UNIQUE","IMPORTED"
"q-c12-chm-0009","","subj-chemistry","","","single_mcq","MEDIUM",1,"HUMAN_CURATED","",0,1,"UNIQUE","IMPORTED"
"q-c12-chm-0010","","subj-chemistry","","","single_mcq","MEDIUM",1,"HUMAN_CURATED","",0,1,"UNIQUE","IMPORTED"
"q-c12-chm-0011","","subj-chemistry","","","single_mcq","MEDIUM",1,"HUMAN_CURATED","",0,1,"UNIQUE","IMPORTED"
"q-c12-chm-0012","","subj-chemistry","","","single_mcq","MEDIUM",1,"HUMAN_CURATED","",0,1,"UNIQUE","IMPORTED"
"q-c12-chm-0013","","subj-chemistry","","","single_mcq","MEDIUM",1,"HUMAN_CURATED","",0,1,"UNIQUE","IMPORTED"
"q-c12-chm-0014","","subj-chemistry","","","single_mcq","MEDIUM",1,"HUMAN_CURATED","",0,1,"UNIQUE","IMPORTED"
"q-c12-chm-0015","","subj-chemistry","","","single_mcq","MEDIUM",1,"HUMAN_CURATED","",0,1,"UNIQUE","IMPORTED"
"q-c12-chm-0016","","subj-chemistry","","","single_mcq","MEDIUM",1,"HUMAN_CURATED","",0,1,"UNIQUE","IMPORTED"
"q-c12-chm-0017","","subj-chemistry","","","single_mcq","MEDIUM",1,"HUMAN_CURATED","",0,1,"UNIQUE","IMPORTED"
"q-c12-chm-0018","","subj-chemistry","","","single_mcq","MEDIUM",1,"HUMAN_CURATED","",0,1,"UNIQUE","IMPORTED"
"q-c12-chm-0019","","subj-chemistry","","","single_mcq","MEDIUM",1,"HUMAN_CURATED","",0,1,"UNIQUE","IMPORTED"
"q-c12-chm-0020","","subj-chemistry","","","single_mcq","MEDIUM",1,"HUMAN_CURATED","",0,1,"UNIQUE","IMPORTED"
"q-c12-chm-0021","","subj-chemistry","","","single_mcq","MEDIUM",1,"HUMAN_CURATED","",0,1,"UNIQUE","IMPORTED"
"q-c12-chm-0022","","subj-chemistry","","","single_mcq","MEDIUM",1,"HUMAN_CURATED","",0,1,"UNIQUE","IMPORTED"
"q-c12-chm-0023","","subj-chemistry","","","single_mcq","MEDIUM",1,"HUMAN_CURATED","",0,1,"UNIQUE","IMPORTED"
"q-c12-chm-0024","","subj-chemistry","","","single_mcq","MEDIUM",1,"HUMAN_CURATED","",0,1,"UNIQUE","IMPORTED"
"q-c12-chm-0025","","subj-chemistry","","","single_mcq","MEDIUM",1,"HUMAN_CURATED","",0,1,"UNIQUE","IMPORTED"
"q-c12-chm-0026","","subj-chemistry","","","single_mcq","MEDIUM",1,"HUMAN_CURATED","",0,1,"UNIQUE","IMPORTED"
"q-c12-chm-0027","","subj-chemistry","","","single_mcq","MEDIUM",1,"HUMAN_CURATED","",0,1,"UNIQUE","IMPORTED"
"q-c12-chm-0028","","subj-chemistry","","","single_mcq","MEDIUM",1,"HUMAN_CURATED","",0,1,"UNIQUE","IMPORTED"
"q-c12-chm-0029","","subj-chemistry","","","single_mcq","MEDIUM",1,"HUMAN_CURATED","",0,1,"UNIQUE","IMPORTED"
"q-c12-chm-0030","","subj-chemistry","","","single_mcq","MEDIUM",1,"HUMAN_CURATED","",0,1,"UNIQUE","IMPORTED"
"q-c12-chm-0031","","subj-chemistry","","","single_mcq","MEDIUM",1,"HUMAN_CURATED","",0,1,"UNIQUE","IMPORTED"
"q-c12-chm-0032","","subj-chemistry","","","single_mcq","MEDIUM",1,"HUMAN_CURATED","",0,1,"UNIQUE","IMPORTED"
"q-c12-chm-0033","","subj-chemistry","","","single_mcq","MEDIUM",1,"HUMAN_CURATED","",0,1,"UNIQUE","IMPORTED"
"q-c12-chm-0034","","subj-chemistry","","","single_mcq","MEDIUM",1,"HUMAN_CURATED","",0,1,"UNIQUE","IMPORTED"
"q-c12-chm-0035","","subj-chemistry","","","single_mcq","MEDIUM",1,"HUMAN_CURATED","",0,1,"UNIQUE","IMPORTED"
"q-c12-eco-0001","","subj-economics","","","single_mcq","MEDIUM",1,"HUMAN_CURATED","",0,1,"UNIQUE","IMPORTED"
"q-c12-eco-0002","","subj-economics","","","single_mcq","MEDIUM",1,"HUMAN_CURATED","",0,1,"UNIQUE","IMPORTED"
"q-c12-eco-0003","","subj-economics","","","single_mcq","MEDIUM",1,"HUMAN_CURATED","",0,1,"UNIQUE","IMPORTED"
"q-c12-eco-0004","","subj-economics","","","single_mcq","MEDIUM",1,"HUMAN_CURATED","",0,1,"UNIQUE","IMPORTED"
"q-c12-eco-0005","","subj-economics","","","single_mcq","MEDIUM",1,"HUMAN_CURATED","",0,1,"UNIQUE","IMPORTED"
"q-c12-eco-0006","","subj-economics","","","single_mcq","MEDIUM",1,"HUMAN_CURATED","",0,1,"UNIQUE","IMPORTED"
"q-c12-eco-0007","","subj-economics","","","single_mcq","MEDIUM",1,"HUMAN_CURATED","",0,1,"UNIQUE","IMPORTED"
"q-c12-eco-0008","","subj-economics","","","single_mcq","MEDIUM",1,"HUMAN_CURATED","",0,1,"UNIQUE","IMPORTED"
"q-c12-eco-0009","","subj-economics","","","single_mcq","MEDIUM",1,"HUMAN_CURATED","",0,1,"UNIQUE","IMPORTED"
"q-c12-eco-0010","","subj-economics","","","single_mcq","MEDIUM",1,"HUMAN_CURATED","",0,1,"UNIQUE","IMPORTED"
"q-c12-eco-0011","","subj-economics","","","single_mcq","MEDIUM",1,"HUMAN_CURATED","",0,1,"UNIQUE","IMPORTED"
"q-c12-eco-0012","","subj-economics","","","single_mcq","MEDIUM",1,"HUMAN_CURATED","",0,1,"UNIQUE","IMPORTED"
"q-c12-geo-0001","","subj-geography","","","single_mcq","MEDIUM",1,"HUMAN_CURATED","",0,1,"UNIQUE","IMPORTED"
"q-c12-geo-0002","","subj-geography","","","single_mcq","MEDIUM",1,"HUMAN_CURATED","",0,1,"UNIQUE","IMPORTED"
"q-c12-geo-0003","","subj-geography","","","single_mcq","MEDIUM",1,"HUMAN_CURATED","",0,1,"UNIQUE","IMPORTED"
"q-c12-geo-0004","","subj-geography","","","single_mcq","MEDIUM",1,"HUMAN_CURATED","",0,1,"UNIQUE","IMPORTED"
"q-c12-geo-0005","","subj-geography","","","single_mcq","MEDIUM",1,"HUMAN_CURATED","",0,1,"UNIQUE","IMPORTED"
"q-c12-geo-0006","","subj-geography","","","single_mcq","MEDIUM",1,"HUMAN_CURATED","",0,1,"UNIQUE","IMPORTED"
"q-c12-geo-0007","","subj-geography","","","single_mcq","MEDIUM",1,"HUMAN_CURATED","",0,1,"UNIQUE","IMPORTED"
"q-c12-geo-0008","","subj-geography","","","single_mcq","MEDIUM",1,"HUMAN_CURATED","",0,1,"UNIQUE","IMPORTED"
"q-c12-geo-0009","","subj-geography","","","single_mcq","MEDIUM",1,"HUMAN_CURATED","",0,1,"UNIQUE","IMPORTED"
"q-c12-geo-0010","","subj-geography","","","single_mcq","MEDIUM",1,"HUMAN_CURATED","",0,1,"UNIQUE","IMPORTED"
"q-c12-geo-0011","","subj-geography","","","single_mcq","MEDIUM",1,"HUMAN_CURATED","",0,1,"UNIQUE","IMPORTED"
"q-c12-geo-0012","","subj-geography","","","single_mcq","MEDIUM",1,"HUMAN_CURATED","",0,1,"UNIQUE","IMPORTED"
"q-c12-his-0001","","subj-history","","","single_mcq","MEDIUM",1,"HUMAN_CURATED","",0,1,"UNIQUE","IMPORTED"
"q-c12-his-0002","","subj-history","","","single_mcq","MEDIUM",1,"HUMAN_CURATED","",0,1,"UNIQUE","IMPORTED"
"q-c12-his-0003","","subj-history","","","single_mcq","MEDIUM",1,"HUMAN_CURATED","",0,1,"UNIQUE","IMPORTED"
"q-c12-his-0004","","subj-history","","","single_mcq","MEDIUM",1,"HUMAN_CURATED","",0,1,"UNIQUE","IMPORTED"
"q-c12-his-0005","","subj-history","","","single_mcq","MEDIUM",1,"HUMAN_CURATED","",0,1,"UNIQUE","IMPORTED"
"q-c12-his-0006","","subj-history","","","single_mcq","MEDIUM",1,"HUMAN_CURATED","",0,1,"UNIQUE","IMPORTED"
"q-c12-his-0007","","subj-history","","","single_mcq","MEDIUM",1,"HUMAN_CURATED","",0,1,"UNIQUE","IMPORTED"
"q-c12-his-0008","","subj-history","","","single_mcq","MEDIUM",1,"HUMAN_CURATED","",0,1,"UNIQUE","IMPORTED"
"q-c12-his-0009","","subj-history","","","single_mcq","MEDIUM",1,"HUMAN_CURATED","",0,1,"UNIQUE","IMPORTED"
"q-c12-his-0010","","subj-history","","","single_mcq","MEDIUM",1,"HUMAN_CURATED","",0,1,"UNIQUE","IMPORTED"
"q-c12-his-0011","","subj-history","","","single_mcq","MEDIUM",1,"HUMAN_CURATED","",0,1,"UNIQUE","IMPORTED"
"q-c12-his-0012","","subj-history","","","single_mcq","MEDIUM",1,"HUMAN_CURATED","",0,1,"UNIQUE","IMPORTED"
"q-c12-math-0001","","subj-math12","","","single_mcq","MEDIUM",1,"HUMAN_CURATED","",0,1,"UNIQUE","IMPORTED"
"q-c12-math-0002","","subj-math12","","","single_mcq","MEDIUM",1,"HUMAN_CURATED","",0,1,"UNIQUE","IMPORTED"
"q-c12-math-0003","","subj-math12","","","single_mcq","MEDIUM",1,"HUMAN_CURATED","",0,1,"UNIQUE","IMPORTED"
"q-c12-math-0004","","subj-math12","","","single_mcq","MEDIUM",1,"HUMAN_CURATED","",0,1,"UNIQUE","IMPORTED"
"q-c12-math-0005","","subj-math12","","","single_mcq","MEDIUM",1,"HUMAN_CURATED","",0,1,"UNIQUE","IMPORTED"
"q-c12-math-0006","","subj-math12","","","single_mcq","MEDIUM",1,"HUMAN_CURATED","",0,1,"UNIQUE","IMPORTED"
"q-c12-math-0007","","subj-math12","","","single_mcq","MEDIUM",1,"HUMAN_CURATED","",0,1,"UNIQUE","IMPORTED"
"q-c12-math-0008","","subj-math12","","","single_mcq","MEDIUM",1,"HUMAN_CURATED","",0,1,"UNIQUE","IMPORTED"
"q-c12-math-0009","","subj-math12","","","single_mcq","MEDIUM",1,"HUMAN_CURATED","",0,1,"UNIQUE","IMPORTED"
"q-c12-math-0010","","subj-math12","","","single_mcq","MEDIUM",1,"HUMAN_CURATED","",0,1,"UNIQUE","IMPORTED"
"q-c12-math-0011","","subj-math12","","","single_mcq","MEDIUM",1,"HUMAN_CURATED","",0,1,"UNIQUE","IMPORTED"
"q-c12-math-0012","","subj-math12","","","single_mcq","MEDIUM",1,"HUMAN_CURATED","",0,1,"UNIQUE","IMPORTED"
"q-c12-math-0013","","subj-math12","","","single_mcq","MEDIUM",1,"HUMAN_CURATED","",0,1,"UNIQUE","IMPORTED"
"q-c12-math-0014","","subj-math12","","","single_mcq","MEDIUM",1,"HUMAN_CURATED","",0,1,"UNIQUE","IMPORTED"
"q-c12-math-0015","","subj-math12","","","single_mcq","MEDIUM",1,"HUMAN_CURATED","",0,1,"UNIQUE","IMPORTED"
"q-c12-math-0016","","subj-math12","","","single_mcq","MEDIUM",1,"HUMAN_CURATED","",0,1,"UNIQUE","IMPORTED"
"q-c12-math-0017","","subj-math12","","","single_mcq","MEDIUM",1,"HUMAN_CURATED","",0,1,"UNIQUE","IMPORTED"
"q-c12-math-0018","","subj-math12","","","single_mcq","MEDIUM",1,"HUMAN_CURATED","",0,1,"UNIQUE","IMPORTED"
"q-c12-math-0019","","subj-math12","","","single_mcq","MEDIUM",1,"HUMAN_CURATED","",0,1,"UNIQUE","IMPORTED"
"q-c12-math-0020","","subj-math12","","","single_mcq","MEDIUM",1,"HUMAN_CURATED","",0,1,"UNIQUE","IMPORTED"
"q-c12-math-0021","","subj-math12","","","single_mcq","MEDIUM",1,"HUMAN_CURATED","",0,1,"UNIQUE","IMPORTED"
"q-c12-math-0022","","subj-math12","","","single_mcq","MEDIUM",1,"HUMAN_CURATED","",0,1,"UNIQUE","IMPORTED"
"q-c12-math-0023","","subj-math12","","","single_mcq","MEDIUM",1,"HUMAN_CURATED","",0,1,"UNIQUE","IMPORTED"
"q-c12-math-0024","","subj-math12","","","single_mcq","MEDIUM",1,"HUMAN_CURATED","",0,1,"UNIQUE","IMPORTED"
"q-c12-math-0025","","subj-math12","","","single_mcq","MEDIUM",1,"HUMAN_CURATED","",0,1,"UNIQUE","IMPORTED"
"q-c12-math-0026","","subj-math12","","","single_mcq","MEDIUM",1,"HUMAN_CURATED","",0,1,"UNIQUE","IMPORTED"
"q-c12-math-0027","","subj-math12","","","single_mcq","MEDIUM",1,"HUMAN_CURATED","",0,1,"UNIQUE","IMPORTED"
"q-c12-math-0028","","subj-math12","","","single_mcq","MEDIUM",1,"HUMAN_CURATED","",0,1,"UNIQUE","IMPORTED"
"q-c12-math-0029","","subj-math12","","","single_mcq","MEDIUM",1,"HUMAN_CURATED","",0,1,"UNIQUE","IMPORTED"
"q-c12-math-0030","","subj-math12","","","single_mcq","MEDIUM",1,"HUMAN_CURATED","",0,1,"UNIQUE","IMPORTED"
"q-c12-math-0031","","subj-math12","","","single_mcq","MEDIUM",1,"HUMAN_CURATED","",0,1,"UNIQUE","IMPORTED"
"q-c12-math-0032","","subj-math12","","","single_mcq","MEDIUM",1,"HUMAN_CURATED","",0,1,"UNIQUE","IMPORTED"
"q-c12-math-0033","","subj-math12","","","single_mcq","MEDIUM",1,"HUMAN_CURATED","",0,1,"UNIQUE","IMPORTED"
"q-c12-math-0034","","subj-math12","","","single_mcq","MEDIUM",1,"HUMAN_CURATED","",0,1,"UNIQUE","IMPORTED"
"q-c12-math-0035","","subj-math12","","","single_mcq","MEDIUM",1,"HUMAN_CURATED","",0,1,"UNIQUE","IMPORTED"
"q-c12-math-0036","","subj-math12","","","single_mcq","MEDIUM",1,"HUMAN_CURATED","",0,1,"UNIQUE","IMPORTED"
"q-c12-math-0037","","subj-math12","","","single_mcq","MEDIUM",1,"HUMAN_CURATED","",0,1,"UNIQUE","IMPORTED"
"q-c12-math-0038","","subj-math12","","","single_mcq","MEDIUM",1,"HUMAN_CURATED","",0,1,"UNIQUE","IMPORTED"
"q-c12-math-0039","","subj-math12","","","single_mcq","MEDIUM",1,"HUMAN_CURATED","",0,1,"UNIQUE","IMPORTED"
"q-c12-math-0040","","subj-math12","","","single_mcq","MEDIUM",1,"HUMAN_CURATED","",0,1,"UNIQUE","IMPORTED"
"q-c12-math-0041","","subj-math12","","","single_mcq","MEDIUM",1,"HUMAN_CURATED","",0,1,"UNIQUE","IMPORTED"
"q-c12-math-0042","","subj-math12","","","single_mcq","MEDIUM",1,"HUMAN_CURATED","",0,1,"UNIQUE","IMPORTED"
"q-c12-math-0043","","subj-math12","","","single_mcq","MEDIUM",1,"HUMAN_CURATED","",0,1,"UNIQUE","IMPORTED"
"q-c12-math-0044","","subj-math12","","","single_mcq","MEDIUM",1,"HUMAN_CURATED","",0,1,"UNIQUE","IMPORTED"
"q-c12-math-0045","","subj-math12","","","single_mcq","MEDIUM",1,"HUMAN_CURATED","",0,1,"UNIQUE","IMPORTED"
"q-c12-phy-0001","","subj-physics","","","single_mcq","MEDIUM",1,"HUMAN_CURATED","",0,1,"UNIQUE","IMPORTED"
"q-c12-phy-0002","","subj-physics","","","single_mcq","MEDIUM",1,"HUMAN_CURATED","",0,1,"UNIQUE","IMPORTED"
"q-c12-phy-0003","","subj-physics","","","single_mcq","MEDIUM",1,"HUMAN_CURATED","",0,1,"UNIQUE","IMPORTED"
"q-c12-phy-0004","","subj-physics","","","single_mcq","MEDIUM",1,"HUMAN_CURATED","",0,1,"UNIQUE","IMPORTED"
"q-c12-phy-0005","","subj-physics","","","single_mcq","MEDIUM",1,"HUMAN_CURATED","",0,1,"UNIQUE","IMPORTED"
"q-c12-phy-0006","","subj-physics","","","single_mcq","MEDIUM",1,"HUMAN_CURATED","",0,1,"UNIQUE","IMPORTED"
"q-c12-phy-0007","","subj-physics","","","single_mcq","MEDIUM",1,"HUMAN_CURATED","",0,1,"UNIQUE","IMPORTED"
"q-c12-phy-0008","","subj-physics","","","single_mcq","MEDIUM",1,"HUMAN_CURATED","",0,1,"UNIQUE","IMPORTED"
"q-c12-phy-0009","","subj-physics","","","single_mcq","MEDIUM",1,"HUMAN_CURATED","",0,1,"UNIQUE","IMPORTED"
"q-c12-phy-0010","","subj-physics","","","single_mcq","MEDIUM",1,"HUMAN_CURATED","",0,1,"UNIQUE","IMPORTED"
"q-c12-phy-0011","","subj-physics","","","single_mcq","MEDIUM",1,"HUMAN_CURATED","",0,1,"UNIQUE","IMPORTED"
"q-c12-phy-0012","","subj-physics","","","single_mcq","MEDIUM",1,"HUMAN_CURATED","",0,1,"UNIQUE","IMPORTED"
"q-c12-phy-0013","","subj-physics","","","single_mcq","MEDIUM",1,"HUMAN_CURATED","",0,1,"UNIQUE","IMPORTED"
"q-c12-phy-0014","","subj-physics","","","single_mcq","MEDIUM",1,"HUMAN_CURATED","",0,1,"UNIQUE","IMPORTED"
"q-c12-phy-0015","","subj-physics","","","single_mcq","MEDIUM",1,"HUMAN_CURATED","",0,1,"UNIQUE","IMPORTED"
"q-c12-phy-0016","","subj-physics","","","single_mcq","MEDIUM",1,"HUMAN_CURATED","",0,1,"UNIQUE","IMPORTED"
"q-c12-phy-0017","","subj-physics","","","single_mcq","MEDIUM",1,"HUMAN_CURATED","",0,1,"UNIQUE","IMPORTED"
"q-c12-phy-0018","","subj-physics","","","single_mcq","MEDIUM",1,"HUMAN_CURATED","",0,1,"UNIQUE","IMPORTED"
"q-c12-phy-0019","","subj-physics","","","single_mcq","MEDIUM",1,"HUMAN_CURATED","",0,1,"UNIQUE","IMPORTED"
"q-c12-phy-0020","","subj-physics","","","single_mcq","MEDIUM",1,"HUMAN_CURATED","",0,1,"UNIQUE","IMPORTED"
"q-c12-phy-0021","","subj-physics","","","single_mcq","MEDIUM",1,"HUMAN_CURATED","",0,1,"UNIQUE","IMPORTED"
"q-c12-phy-0022","","subj-physics","","","single_mcq","MEDIUM",1,"HUMAN_CURATED","",0,1,"UNIQUE","IMPORTED"
"q-c12-phy-0023","","subj-physics","","","single_mcq","MEDIUM",1,"HUMAN_CURATED","",0,1,"UNIQUE","IMPORTED"
"q-c12-phy-0024","","subj-physics","","","single_mcq","MEDIUM",1,"HUMAN_CURATED","",0,1,"UNIQUE","IMPORTED"
"q-c12-phy-0025","","subj-physics","","","single_mcq","MEDIUM",1,"HUMAN_CURATED","",0,1,"UNIQUE","IMPORTED"
"q-c12-phy-0026","","subj-physics","","","single_mcq","MEDIUM",1,"HUMAN_CURATED","",0,1,"UNIQUE","IMPORTED"
"q-c12-phy-0027","","subj-physics","","","single_mcq","MEDIUM",1,"HUMAN_CURATED","",0,1,"UNIQUE","IMPORTED"
"q-c12-phy-0028","","subj-physics","","","single_mcq","MEDIUM",1,"HUMAN_CURATED","",0,1,"UNIQUE","IMPORTED"
"q-c12-phy-0029","","subj-physics","","","single_mcq","MEDIUM",1,"HUMAN_CURATED","",0,1,"UNIQUE","IMPORTED"
"q-c12-phy-0030","","subj-physics","","","single_mcq","MEDIUM",1,"HUMAN_CURATED","",0,1,"UNIQUE","IMPORTED"
"q-c12-pol-0001","","subj-polity","","","single_mcq","MEDIUM",1,"HUMAN_CURATED","",0,1,"UNIQUE","IMPORTED"
"q-c12-pol-0002","","subj-polity","","","single_mcq","MEDIUM",1,"HUMAN_CURATED","",0,1,"UNIQUE","IMPORTED"
"q-c12-pol-0003","","subj-polity","","","single_mcq","MEDIUM",1,"HUMAN_CURATED","",0,1,"UNIQUE","IMPORTED"
"q-c12-pol-0004","","subj-polity","","","single_mcq","MEDIUM",1,"HUMAN_CURATED","",0,1,"UNIQUE","IMPORTED"
"q-c12-pol-0005","","subj-polity","","","single_mcq","MEDIUM",1,"HUMAN_CURATED","",0,1,"UNIQUE","IMPORTED"
"q-c12-pol-0006","","subj-polity","","","single_mcq","MEDIUM",1,"HUMAN_CURATED","",0,1,"UNIQUE","IMPORTED"
"q-c12-pol-0007","","subj-polity","","","single_mcq","MEDIUM",1,"HUMAN_CURATED","",0,1,"UNIQUE","IMPORTED"
"q-c12-pol-0008","","subj-polity","","","single_mcq","MEDIUM",1,"HUMAN_CURATED","",0,1,"UNIQUE","IMPORTED"
"q-c12-pol-0009","","subj-polity","","","single_mcq","MEDIUM",1,"HUMAN_CURATED","",0,1,"UNIQUE","IMPORTED"
"q-c12-pol-0010","","subj-polity","","","single_mcq","MEDIUM",1,"HUMAN_CURATED","",0,1,"UNIQUE","IMPORTED"
"q-c12-pol-0011","","subj-polity","","","single_mcq","MEDIUM",1,"HUMAN_CURATED","",0,1,"UNIQUE","IMPORTED"
"q-c12-pol-0012","","subj-polity","","","single_mcq","MEDIUM",1,"HUMAN_CURATED","",0,1,"UNIQUE","IMPORTED"
"q-cbse-10-sci-2023-q1","ver-cbse-board-2023","subj-science","","","single_mcq","MEDIUM",2,"OFFICIAL_PYQ","",1,1,"UNIQUE","APPROVED"
"q-cbse-10-sci-2025-sp-q001","ver-cbse-board-2026","subj-science","","","single_mcq","MEDIUM",1,"OFFICIAL_SAMPLE","src-cbse-board-portal",0,1,"UNIQUE","FULLY_VERIFIED"
"q-cbse-10-sci-2025-sp-q002","ver-cbse-board-2026","subj-science","","","single_mcq","MEDIUM",1,"OFFICIAL_SAMPLE","src-cbse-board-portal",0,1,"UNIQUE","FULLY_VERIFIED"
"q-cbse-10-sci-2025-sp-q003","ver-cbse-board-2026","subj-science","","","single_mcq","MEDIUM",1,"OFFICIAL_SAMPLE","src-cbse-board-portal",0,1,"UNIQUE","FULLY_VERIFIED"
"q-cbse-10-sci-2025-sp-q004","ver-cbse-board-2026","subj-science","","","single_mcq","MEDIUM",1,"OFFICIAL_SAMPLE","src-cbse-board-portal",0,1,"UNIQUE","FULLY_VERIFIED"
"q-cbse-10-sci-2025-sp-q005","ver-cbse-board-2026","subj-science","","","single_mcq","MEDIUM",1,"OFFICIAL_SAMPLE","src-cbse-board-portal",0,1,"UNIQUE","FULLY_VERIFIED"
"q-cbse-10-sci-2025-sp-q006","ver-cbse-board-2026","subj-science","","","single_mcq","MEDIUM",1,"OFFICIAL_SAMPLE","src-cbse-board-portal",0,1,"UNIQUE","FULLY_VERIFIED"
"q-cbse-10-sci-2025-sp-q007","ver-cbse-board-2026","subj-science","","","single_mcq","MEDIUM",1,"OFFICIAL_SAMPLE","src-cbse-board-portal",0,1,"UNIQUE","FULLY_VERIFIED"
"q-cbse-10-sci-2025-sp-q008","ver-cbse-board-2026","subj-science","","","single_mcq","MEDIUM",1,"OFFICIAL_SAMPLE","src-cbse-board-portal",0,1,"UNIQUE","FULLY_VERIFIED"
"q-cbse-10-sci-2025-sp-q009","ver-cbse-board-2026","subj-science","","","single_mcq","MEDIUM",1,"OFFICIAL_SAMPLE","src-cbse-board-portal",0,1,"UNIQUE","FULLY_VERIFIED"
"q-cbse-10-sci-2025-sp-q010","ver-cbse-board-2026","subj-science","","","single_mcq","MEDIUM",1,"OFFICIAL_SAMPLE","src-cbse-board-portal",0,1,"UNIQUE","FULLY_VERIFIED"
"q-cbse-10-sci-2025-sp-q011","ver-cbse-board-2026","subj-science","","","single_mcq","MEDIUM",1,"OFFICIAL_SAMPLE","src-cbse-board-portal",0,1,"UNIQUE","FULLY_VERIFIED"
"q-cbse-10-sci-2025-sp-q012","ver-cbse-board-2026","subj-science","","","single_mcq","MEDIUM",1,"OFFICIAL_SAMPLE","src-cbse-board-portal",0,1,"UNIQUE","FULLY_VERIFIED"
"q-cbse-10-sci-2025-sp-q013","ver-cbse-board-2026","subj-science","","","single_mcq","MEDIUM",1,"OFFICIAL_SAMPLE","src-cbse-board-portal",0,1,"UNIQUE","FULLY_VERIFIED"
"q-cbse-10-sci-2025-sp-q014","ver-cbse-board-2026","subj-science","","","single_mcq","MEDIUM",1,"OFFICIAL_SAMPLE","src-cbse-board-portal",0,1,"UNIQUE","FULLY_VERIFIED"
"q-cbse-10-sci-2025-sp-q015","ver-cbse-board-2026","subj-science","","","single_mcq","MEDIUM",1,"OFFICIAL_SAMPLE","src-cbse-board-portal",0,1,"UNIQUE","FULLY_VERIFIED"
"q-cbse-10-sci-2025-sp-q016","ver-cbse-board-2026","subj-science","","","single_mcq","MEDIUM",1,"OFFICIAL_SAMPLE","src-cbse-board-portal",0,1,"UNIQUE","FULLY_VERIFIED"
"q-cbse-10-sci-2025-sp-q017","ver-cbse-board-2026","subj-science","","","single_mcq","MEDIUM",1,"OFFICIAL_SAMPLE","src-cbse-board-portal",0,1,"UNIQUE","FULLY_VERIFIED"
"q-cbse-10-sci-2025-sp-q018","ver-cbse-board-2026","subj-science","","","single_mcq","MEDIUM",1,"OFFICIAL_SAMPLE","src-cbse-board-portal",0,1,"UNIQUE","FULLY_VERIFIED"
"q-cbse-10-sci-2025-sp-q019","ver-cbse-board-2026","subj-science","","","single_mcq","MEDIUM",1,"OFFICIAL_SAMPLE","src-cbse-board-portal",0,1,"UNIQUE","FULLY_VERIFIED"
"q-cbse-10-sci-2025-sp-q020","ver-cbse-board-2026","subj-science","","","single_mcq","MEDIUM",1,"OFFICIAL_SAMPLE","src-cbse-board-portal",0,1,"UNIQUE","FULLY_VERIFIED"
"q-cbse-board-undefined-Annual Board Exam-Morning-q1","ver-cbse-board-2026","subj-science","","","single_mcq","MEDIUM",1,"OFFICIAL_SAMPLE","src-cbse-board-portal",0,1,"UNIQUE","SAMPLE_VERIFIED"
"q-cbse-board-undefined-Annual Board Exam-Morning-q10","ver-cbse-board-2026","subj-science","","","single_mcq","MEDIUM",1,"OFFICIAL_SAMPLE","src-cbse-board-portal",0,1,"UNIQUE","SAMPLE_VERIFIED"
"q-cbse-board-undefined-Annual Board Exam-Morning-q11","ver-cbse-board-2026","subj-science","","","single_mcq","MEDIUM",1,"OFFICIAL_SAMPLE","src-cbse-board-portal",0,1,"UNIQUE","SAMPLE_VERIFIED"
"q-cbse-board-undefined-Annual Board Exam-Morning-q12","ver-cbse-board-2026","subj-science","","","single_mcq","MEDIUM",1,"OFFICIAL_SAMPLE","src-cbse-board-portal",0,1,"UNIQUE","SAMPLE_VERIFIED"
"q-cbse-board-undefined-Annual Board Exam-Morning-q13","ver-cbse-board-2026","subj-science","","","single_mcq","MEDIUM",1,"OFFICIAL_SAMPLE","src-cbse-board-portal",0,1,"UNIQUE","SAMPLE_VERIFIED"
"q-cbse-board-undefined-Annual Board Exam-Morning-q14","ver-cbse-board-2026","subj-science","","","single_mcq","MEDIUM",1,"OFFICIAL_SAMPLE","src-cbse-board-portal",0,1,"UNIQUE","SAMPLE_VERIFIED"
"q-cbse-board-undefined-Annual Board Exam-Morning-q15","ver-cbse-board-2026","subj-science","","","single_mcq","MEDIUM",1,"OFFICIAL_SAMPLE","src-cbse-board-portal",0,1,"UNIQUE","SAMPLE_VERIFIED"
"q-cbse-board-undefined-Annual Board Exam-Morning-q16","ver-cbse-board-2026","subj-science","","","single_mcq","MEDIUM",1,"OFFICIAL_SAMPLE","src-cbse-board-portal",0,1,"UNIQUE","SAMPLE_VERIFIED"
"q-cbse-board-undefined-Annual Board Exam-Morning-q17","ver-cbse-board-2026","subj-science","","","single_mcq","MEDIUM",1,"OFFICIAL_SAMPLE","src-cbse-board-portal",0,1,"UNIQUE","SAMPLE_VERIFIED"
"q-cbse-board-undefined-Annual Board Exam-Morning-q18","ver-cbse-board-2026","subj-science","","","single_mcq","MEDIUM",1,"OFFICIAL_SAMPLE","src-cbse-board-portal",0,1,"UNIQUE","SAMPLE_VERIFIED"
"q-cbse-board-undefined-Annual Board Exam-Morning-q19","ver-cbse-board-2026","subj-science","","","single_mcq","MEDIUM",1,"OFFICIAL_SAMPLE","src-cbse-board-portal",0,1,"UNIQUE","SAMPLE_VERIFIED"
"q-cbse-board-undefined-Annual Board Exam-Morning-q2","ver-cbse-board-2026","subj-science","","","single_mcq","MEDIUM",1,"OFFICIAL_SAMPLE","src-cbse-board-portal",0,1,"UNIQUE","SAMPLE_VERIFIED"
"q-cbse-board-undefined-Annual Board Exam-Morning-q20","ver-cbse-board-2026","subj-science","","","single_mcq","MEDIUM",1,"OFFICIAL_SAMPLE","src-cbse-board-portal",0,1,"UNIQUE","SAMPLE_VERIFIED"
"q-cbse-board-undefined-Annual Board Exam-Morning-q21","ver-cbse-board-2026","subj-science","","","short_answer","MEDIUM",2,"OFFICIAL_SAMPLE","src-cbse-board-portal",0,1,"UNIQUE","SAMPLE_VERIFIED"
"q-cbse-board-undefined-Annual Board Exam-Morning-q22","ver-cbse-board-2026","subj-science","","","short_answer","MEDIUM",2,"OFFICIAL_SAMPLE","src-cbse-board-portal",0,1,"UNIQUE","SAMPLE_VERIFIED"
"q-cbse-board-undefined-Annual Board Exam-Morning-q23","ver-cbse-board-2026","subj-science","","","short_answer","MEDIUM",2,"OFFICIAL_SAMPLE","src-cbse-board-portal",0,1,"UNIQUE","SAMPLE_VERIFIED"
"q-cbse-board-undefined-Annual Board Exam-Morning-q24","ver-cbse-board-2026","subj-science","","","short_answer","MEDIUM",2,"OFFICIAL_SAMPLE","src-cbse-board-portal",0,1,"UNIQUE","SAMPLE_VERIFIED"
"q-cbse-board-undefined-Annual Board Exam-Morning-q25","ver-cbse-board-2026","subj-science","","","short_answer","MEDIUM",2,"OFFICIAL_SAMPLE","src-cbse-board-portal",0,1,"UNIQUE","SAMPLE_VERIFIED"
"q-cbse-board-undefined-Annual Board Exam-Morning-q26","ver-cbse-board-2026","subj-science","","","short_answer","MEDIUM",2,"OFFICIAL_SAMPLE","src-cbse-board-portal",0,1,"UNIQUE","SAMPLE_VERIFIED"
"q-cbse-board-undefined-Annual Board Exam-Morning-q27","ver-cbse-board-2026","subj-science","","","short_answer","MEDIUM",3,"OFFICIAL_SAMPLE","src-cbse-board-portal",0,1,"UNIQUE","SAMPLE_VERIFIED"
"q-cbse-board-undefined-Annual Board Exam-Morning-q28","ver-cbse-board-2026","subj-science","","","short_answer","MEDIUM",3,"OFFICIAL_SAMPLE","src-cbse-board-portal",0,1,"UNIQUE","SAMPLE_VERIFIED"
"q-cbse-board-undefined-Annual Board Exam-Morning-q29","ver-cbse-board-2026","subj-science","","","short_answer","MEDIUM",3,"OFFICIAL_SAMPLE","src-cbse-board-portal",0,1,"UNIQUE","SAMPLE_VERIFIED"
"q-cbse-board-undefined-Annual Board Exam-Morning-q3","ver-cbse-board-2026","subj-science","","","single_mcq","MEDIUM",1,"OFFICIAL_SAMPLE","src-cbse-board-portal",0,1,"UNIQUE","SAMPLE_VERIFIED"
"q-cbse-board-undefined-Annual Board Exam-Morning-q30","ver-cbse-board-2026","subj-science","","","short_answer","MEDIUM",3,"OFFICIAL_SAMPLE","src-cbse-board-portal",0,1,"UNIQUE","SAMPLE_VERIFIED"
"q-cbse-board-undefined-Annual Board Exam-Morning-q31","ver-cbse-board-2026","subj-science","","","short_answer","MEDIUM",3,"OFFICIAL_SAMPLE","src-cbse-board-portal",0,1,"UNIQUE","SAMPLE_VERIFIED"
"q-cbse-board-undefined-Annual Board Exam-Morning-q32","ver-cbse-board-2026","subj-science","","","short_answer","MEDIUM",3,"OFFICIAL_SAMPLE","src-cbse-board-portal",0,1,"UNIQUE","SAMPLE_VERIFIED"
"q-cbse-board-undefined-Annual Board Exam-Morning-q33","ver-cbse-board-2026","subj-science","","","short_answer","MEDIUM",3,"OFFICIAL_SAMPLE","src-cbse-board-portal",0,1,"UNIQUE","SAMPLE_VERIFIED"
"q-cbse-board-undefined-Annual Board Exam-Morning-q34","ver-cbse-board-2026","subj-science","","","long_answer","MEDIUM",5,"OFFICIAL_SAMPLE","src-cbse-board-portal",0,1,"UNIQUE","SAMPLE_VERIFIED"
"q-cbse-board-undefined-Annual Board Exam-Morning-q35","ver-cbse-board-2026","subj-science","","","long_answer","MEDIUM",5,"OFFICIAL_SAMPLE","src-cbse-board-portal",0,1,"UNIQUE","SAMPLE_VERIFIED"
"q-cbse-board-undefined-Annual Board Exam-Morning-q36","ver-cbse-board-2026","subj-science","","","long_answer","MEDIUM",5,"OFFICIAL_SAMPLE","src-cbse-board-portal",0,1,"UNIQUE","SAMPLE_VERIFIED"
"q-cbse-board-undefined-Annual Board Exam-Morning-q37","ver-cbse-board-2026","subj-science","","","case_study","MEDIUM",4,"OFFICIAL_SAMPLE","src-cbse-board-portal",0,1,"UNIQUE","SAMPLE_VERIFIED"
"q-cbse-board-undefined-Annual Board Exam-Morning-q38","ver-cbse-board-2026","subj-science","","","case_study","MEDIUM",4,"OFFICIAL_SAMPLE","src-cbse-board-portal",0,1,"UNIQUE","SAMPLE_VERIFIED"
"q-cbse-board-undefined-Annual Board Exam-Morning-q39","ver-cbse-board-2026","subj-science","","","case_study","MEDIUM",4,"OFFICIAL_SAMPLE","src-cbse-board-portal",0,1,"UNIQUE","SAMPLE_VERIFIED"
"q-cbse-board-undefined-Annual Board Exam-Morning-q4","ver-cbse-board-2026","subj-science","","","single_mcq","MEDIUM",1,"OFFICIAL_SAMPLE","src-cbse-board-portal",0,1,"UNIQUE","SAMPLE_VERIFIED"
"q-cbse-board-undefined-Annual Board Exam-Morning-q5","ver-cbse-board-2026","subj-science","","","single_mcq","MEDIUM",1,"OFFICIAL_SAMPLE","src-cbse-board-portal",0,1,"UNIQUE","SAMPLE_VERIFIED"
"q-cbse-board-undefined-Annual Board Exam-Morning-q6","ver-cbse-board-2026","subj-science","","","single_mcq","MEDIUM",1,"OFFICIAL_SAMPLE","src-cbse-board-portal",0,1,"UNIQUE","SAMPLE_VERIFIED"
"q-cbse-board-undefined-Annual Board Exam-Morning-q7","ver-cbse-board-2026","subj-science","","","single_mcq","MEDIUM",1,"OFFICIAL_SAMPLE","src-cbse-board-portal",0,1,"UNIQUE","SAMPLE_VERIFIED"
"q-cbse-board-undefined-Annual Board Exam-Morning-q8","ver-cbse-board-2026","subj-science","","","single_mcq","MEDIUM",1,"OFFICIAL_SAMPLE","src-cbse-board-portal",0,1,"UNIQUE","SAMPLE_VERIFIED"
"q-cbse-board-undefined-Annual Board Exam-Morning-q9","ver-cbse-board-2026","subj-science","","","single_mcq","MEDIUM",1,"OFFICIAL_SAMPLE","src-cbse-board-portal",0,1,"UNIQUE","SAMPLE_VERIFIED"
"q-cmp-gk-0001","","subj-gk","","","single_mcq","MEDIUM",1,"HUMAN_CURATED","",0,1,"UNIQUE","IMPORTED"
"q-cmp-gk-0002","","subj-gk","","","single_mcq","MEDIUM",1,"HUMAN_CURATED","",0,1,"UNIQUE","IMPORTED"
"q-cmp-gk-0003","","subj-gk","","","single_mcq","MEDIUM",1,"HUMAN_CURATED","",0,1,"UNIQUE","IMPORTED"
"q-cmp-gk-0004","","subj-gk","","","single_mcq","MEDIUM",1,"HUMAN_CURATED","",0,1,"UNIQUE","IMPORTED"
"q-cmp-gk-0005","","subj-gk","","","single_mcq","MEDIUM",1,"HUMAN_CURATED","",0,1,"UNIQUE","IMPORTED"
"q-cmp-gk-0006","","subj-gk","","","single_mcq","MEDIUM",1,"HUMAN_CURATED","",0,1,"UNIQUE","IMPORTED"
"q-cmp-gk-0007","","subj-gk","","","single_mcq","MEDIUM",1,"HUMAN_CURATED","",0,1,"UNIQUE","IMPORTED"
"q-cmp-gk-0008","","subj-gk","","","single_mcq","MEDIUM",1,"HUMAN_CURATED","",0,1,"UNIQUE","IMPORTED"
"q-cmp-gk-0009","","subj-gk","","","single_mcq","MEDIUM",1,"HUMAN_CURATED","",0,1,"UNIQUE","IMPORTED"
"q-cmp-gk-0010","","subj-gk","","","single_mcq","MEDIUM",1,"HUMAN_CURATED","",0,1,"UNIQUE","IMPORTED"
"q-cmp-gk-0011","","subj-gk","","","single_mcq","MEDIUM",1,"HUMAN_CURATED","",0,1,"UNIQUE","IMPORTED"
"q-cmp-gk-0012","","subj-gk","","","single_mcq","MEDIUM",1,"HUMAN_CURATED","",0,1,"UNIQUE","IMPORTED"
"q-cmp-gk-0013","","subj-gk","","","single_mcq","MEDIUM",1,"HUMAN_CURATED","",0,1,"UNIQUE","IMPORTED"
"q-cmp-gk-0014","","subj-gk","","","single_mcq","MEDIUM",1,"HUMAN_CURATED","",0,1,"UNIQUE","IMPORTED"
"q-cmp-gk-0015","","subj-gk","","","single_mcq","MEDIUM",1,"HUMAN_CURATED","",0,1,"UNIQUE","IMPORTED"
"q-cmp-gk-0016","","subj-gk","","","single_mcq","MEDIUM",1,"HUMAN_CURATED","",0,1,"UNIQUE","IMPORTED"
"q-cmp-gk-0017","","subj-gk","","","single_mcq","MEDIUM",1,"HUMAN_CURATED","",0,1,"UNIQUE","IMPORTED"
"q-cmp-gk-0018","","subj-gk","","","single_mcq","MEDIUM",1,"HUMAN_CURATED","",0,1,"UNIQUE","IMPORTED"
"q-cmp-gk-0019","","subj-gk","","","single_mcq","MEDIUM",1,"HUMAN_CURATED","",0,1,"UNIQUE","IMPORTED"
"q-cmp-gk-0020","","subj-gk","","","single_mcq","MEDIUM",1,"HUMAN_CURATED","",0,1,"UNIQUE","IMPORTED"
"q-cmp-gk-0021","","subj-gk","","","single_mcq","MEDIUM",1,"HUMAN_CURATED","",0,1,"UNIQUE","IMPORTED"
"q-cmp-gk-0022","","subj-gk","","","single_mcq","MEDIUM",1,"HUMAN_CURATED","",0,1,"UNIQUE","IMPORTED"
"q-cmp-gk-0023","","subj-gk","","","single_mcq","MEDIUM",1,"HUMAN_CURATED","",0,1,"UNIQUE","IMPORTED"
"q-cmp-gk-0024","","subj-gk","","","single_mcq","MEDIUM",1,"HUMAN_CURATED","",0,1,"UNIQUE","IMPORTED"
"q-cmp-gk-0025","","subj-gk","","","single_mcq","MEDIUM",1,"HUMAN_CURATED","",0,1,"UNIQUE","IMPORTED"
"q-cmp-gk-0026","","subj-gk","","","single_mcq","MEDIUM",1,"HUMAN_CURATED","",0,1,"UNIQUE","IMPORTED"
"q-cmp-gk-0027","","subj-gk","","","single_mcq","MEDIUM",1,"HUMAN_CURATED","",0,1,"UNIQUE","IMPORTED"
"q-cmp-gk-0028","","subj-gk","","","single_mcq","MEDIUM",1,"HUMAN_CURATED","",0,1,"UNIQUE","IMPORTED"
"q-cmp-gk-0029","","subj-gk","","","single_mcq","MEDIUM",1,"HUMAN_CURATED","",0,1,"UNIQUE","IMPORTED"
"q-cmp-gk-0030","","subj-gk","","","single_mcq","MEDIUM",1,"HUMAN_CURATED","",0,1,"UNIQUE","IMPORTED"
"q-cmp-law-0001","","subj-law","","","single_mcq","MEDIUM",1,"HUMAN_CURATED","",0,1,"UNIQUE","IMPORTED"
"q-cmp-law-0002","","subj-law","","","single_mcq","MEDIUM",1,"HUMAN_CURATED","",0,1,"UNIQUE","IMPORTED"
"q-cmp-law-0003","","subj-law","","","single_mcq","MEDIUM",1,"HUMAN_CURATED","",0,1,"UNIQUE","IMPORTED"
"q-cmp-law-0004","","subj-law","","","single_mcq","MEDIUM",1,"HUMAN_CURATED","",0,1,"UNIQUE","IMPORTED"
"q-cmp-law-0005","","subj-law","","","single_mcq","MEDIUM",1,"HUMAN_CURATED","",0,1,"UNIQUE","IMPORTED"
"q-cmp-law-0006","","subj-law","","","single_mcq","MEDIUM",1,"HUMAN_CURATED","",0,1,"UNIQUE","IMPORTED"
"q-cmp-law-0007","","subj-law","","","single_mcq","MEDIUM",1,"HUMAN_CURATED","",0,1,"UNIQUE","IMPORTED"
"q-cmp-law-0008","","subj-law","","","single_mcq","MEDIUM",1,"HUMAN_CURATED","",0,1,"UNIQUE","IMPORTED"
"q-cmp-law-0009","","subj-law","","","single_mcq","MEDIUM",1,"HUMAN_CURATED","",0,1,"UNIQUE","IMPORTED"
"q-cmp-law-0010","","subj-law","","","single_mcq","MEDIUM",1,"HUMAN_CURATED","",0,1,"UNIQUE","IMPORTED"
"q-cmp-law-0011","","subj-law","","","single_mcq","MEDIUM",1,"HUMAN_CURATED","",0,1,"UNIQUE","IMPORTED"
"q-cmp-law-0012","","subj-law","","","single_mcq","MEDIUM",1,"HUMAN_CURATED","",0,1,"UNIQUE","IMPORTED"
"q-cmp-law-0013","","subj-law","","","single_mcq","MEDIUM",1,"HUMAN_CURATED","",0,1,"UNIQUE","IMPORTED"
"q-cmp-law-0014","","subj-law","","","single_mcq","MEDIUM",1,"HUMAN_CURATED","",0,1,"UNIQUE","IMPORTED"
"q-cmp-law-0015","","subj-law","","","single_mcq","MEDIUM",1,"HUMAN_CURATED","",0,1,"UNIQUE","IMPORTED"
"q-cmp-law-0016","","subj-law","","","single_mcq","MEDIUM",1,"HUMAN_CURATED","",0,1,"UNIQUE","IMPORTED"
"q-cmp-law-0017","","subj-law","","","single_mcq","MEDIUM",1,"HUMAN_CURATED","",0,1,"UNIQUE","IMPORTED"
"q-cmp-law-0018","","subj-law","","","single_mcq","MEDIUM",1,"HUMAN_CURATED","",0,1,"UNIQUE","IMPORTED"
"q-cmp-law-0019","","subj-law","","","single_mcq","MEDIUM",1,"HUMAN_CURATED","",0,1,"UNIQUE","IMPORTED"
"q-cmp-law-0020","","subj-law","","","single_mcq","MEDIUM",1,"HUMAN_CURATED","",0,1,"UNIQUE","IMPORTED"
"q-cmp-law-0021","","subj-law","","","single_mcq","MEDIUM",1,"HUMAN_CURATED","",0,1,"UNIQUE","IMPORTED"
"q-cmp-law-0022","","subj-law","","","single_mcq","MEDIUM",1,"HUMAN_CURATED","",0,1,"UNIQUE","IMPORTED"
"q-cmp-law-0023","","subj-law","","","single_mcq","MEDIUM",1,"HUMAN_CURATED","",0,1,"UNIQUE","IMPORTED"
"q-cmp-law-0024","","subj-law","","","single_mcq","MEDIUM",1,"HUMAN_CURATED","",0,1,"UNIQUE","IMPORTED"
"q-cmp-law-0025","","subj-law","","","single_mcq","MEDIUM",1,"HUMAN_CURATED","",0,1,"UNIQUE","IMPORTED"
"q-cmp-mth-0001","","subj-math","","","single_mcq","MEDIUM",1,"HUMAN_CURATED","",0,1,"UNIQUE","IMPORTED"
"q-cmp-mth-0002","","subj-math","","","single_mcq","MEDIUM",1,"HUMAN_CURATED","",0,1,"UNIQUE","IMPORTED"
"q-cmp-mth-0003","","subj-math","","","single_mcq","MEDIUM",1,"HUMAN_CURATED","",0,1,"UNIQUE","IMPORTED"
"q-cmp-mth-0004","","subj-math","","","single_mcq","MEDIUM",1,"HUMAN_CURATED","",0,1,"UNIQUE","IMPORTED"
"q-cmp-mth-0005","","subj-math","","","single_mcq","MEDIUM",1,"HUMAN_CURATED","",0,1,"UNIQUE","IMPORTED"
"q-cmp-mth-0006","","subj-math","","","single_mcq","MEDIUM",1,"HUMAN_CURATED","",0,1,"UNIQUE","IMPORTED"
"q-cmp-mth-0007","","subj-math","","","single_mcq","MEDIUM",1,"HUMAN_CURATED","",0,1,"UNIQUE","IMPORTED"
"q-cmp-mth-0008","","subj-math","","","single_mcq","MEDIUM",1,"HUMAN_CURATED","",0,1,"UNIQUE","IMPORTED"
"q-cmp-mth-0009","","subj-math","","","single_mcq","MEDIUM",1,"HUMAN_CURATED","",0,1,"UNIQUE","IMPORTED"
"q-cmp-mth-0010","","subj-math","","","single_mcq","MEDIUM",1,"HUMAN_CURATED","",0,1,"UNIQUE","IMPORTED"
"q-cmp-mth-0011","","subj-math","","","single_mcq","MEDIUM",1,"HUMAN_CURATED","",0,1,"UNIQUE","IMPORTED"
"q-cmp-mth-0012","","subj-math","","","single_mcq","MEDIUM",1,"HUMAN_CURATED","",0,1,"UNIQUE","IMPORTED"
"q-cmp-mth-0013","","subj-math","","","single_mcq","MEDIUM",1,"HUMAN_CURATED","",0,1,"UNIQUE","IMPORTED"
"q-cmp-mth-0014","","subj-math","","","single_mcq","MEDIUM",1,"HUMAN_CURATED","",0,1,"UNIQUE","IMPORTED"
"q-cmp-mth-0015","","subj-math","","","single_mcq","MEDIUM",1,"HUMAN_CURATED","",0,1,"UNIQUE","IMPORTED"
"q-cmp-mth-0016","","subj-math","","","single_mcq","MEDIUM",1,"HUMAN_CURATED","",0,1,"UNIQUE","IMPORTED"
"q-cmp-mth-0017","","subj-math","","","single_mcq","MEDIUM",1,"HUMAN_CURATED","",0,1,"UNIQUE","IMPORTED"
"q-cmp-mth-0018","","subj-math","","","single_mcq","MEDIUM",1,"HUMAN_CURATED","",0,1,"UNIQUE","IMPORTED"
"q-cmp-mth-0019","","subj-math","","","single_mcq","MEDIUM",1,"HUMAN_CURATED","",0,1,"UNIQUE","IMPORTED"
"q-cmp-mth-0020","","subj-math","","","single_mcq","MEDIUM",1,"HUMAN_CURATED","",0,1,"UNIQUE","IMPORTED"
"q-cmp-mth-0021","","subj-math","","","single_mcq","MEDIUM",1,"HUMAN_CURATED","",0,1,"UNIQUE","IMPORTED"
"q-cmp-mth-0022","","subj-math","","","single_mcq","MEDIUM",1,"HUMAN_CURATED","",0,1,"UNIQUE","IMPORTED"
"q-cmp-mth-0023","","subj-math","","","single_mcq","MEDIUM",1,"HUMAN_CURATED","",0,1,"UNIQUE","IMPORTED"
"q-cmp-mth-0024","","subj-math","","","single_mcq","MEDIUM",1,"HUMAN_CURATED","",0,1,"UNIQUE","IMPORTED"
"q-cmp-mth-0025","","subj-math","","","single_mcq","MEDIUM",1,"HUMAN_CURATED","",0,1,"UNIQUE","IMPORTED"
"q-cmp-mth-0026","","subj-math","","","single_mcq","MEDIUM",1,"HUMAN_CURATED","",0,1,"UNIQUE","IMPORTED"
"q-cmp-mth-0027","","subj-math","","","single_mcq","MEDIUM",1,"HUMAN_CURATED","",0,1,"UNIQUE","IMPORTED"
"q-cmp-mth-0028","","subj-math","","","single_mcq","MEDIUM",1,"HUMAN_CURATED","",0,1,"UNIQUE","IMPORTED"
"q-cmp-mth-0029","","subj-math","","","single_mcq","MEDIUM",1,"HUMAN_CURATED","",0,1,"UNIQUE","IMPORTED"
"q-cmp-mth-0030","","subj-math","","","single_mcq","MEDIUM",1,"HUMAN_CURATED","",0,1,"UNIQUE","IMPORTED"
"q-cmp-rea-0001","","subj-reasoning","","","single_mcq","MEDIUM",1,"HUMAN_CURATED","",0,1,"UNIQUE","IMPORTED"
"q-cmp-rea-0002","","subj-reasoning","","","single_mcq","MEDIUM",1,"HUMAN_CURATED","",0,1,"UNIQUE","IMPORTED"
"q-cmp-rea-0003","","subj-reasoning","","","single_mcq","MEDIUM",1,"HUMAN_CURATED","",0,1,"UNIQUE","IMPORTED"
"q-cmp-rea-0004","","subj-reasoning","","","single_mcq","MEDIUM",1,"HUMAN_CURATED","",0,1,"UNIQUE","IMPORTED"
"q-cmp-rea-0005","","subj-reasoning","","","single_mcq","MEDIUM",1,"HUMAN_CURATED","",0,1,"UNIQUE","IMPORTED"
"q-cmp-rea-0006","","subj-reasoning","","","single_mcq","MEDIUM",1,"HUMAN_CURATED","",0,1,"UNIQUE","IMPORTED"
"q-cmp-rea-0007","","subj-reasoning","","","single_mcq","MEDIUM",1,"HUMAN_CURATED","",0,1,"UNIQUE","IMPORTED"
"q-cmp-rea-0008","","subj-reasoning","","","single_mcq","MEDIUM",1,"HUMAN_CURATED","",0,1,"UNIQUE","IMPORTED"
"q-cmp-rea-0009","","subj-reasoning","","","single_mcq","MEDIUM",1,"HUMAN_CURATED","",0,1,"UNIQUE","IMPORTED"
"q-cmp-rea-0010","","subj-reasoning","","","single_mcq","MEDIUM",1,"HUMAN_CURATED","",0,1,"UNIQUE","IMPORTED"
"q-cmp-rea-0011","","subj-reasoning","","","single_mcq","MEDIUM",1,"HUMAN_CURATED","",0,1,"UNIQUE","IMPORTED"
"q-cmp-rea-0012","","subj-reasoning","","","single_mcq","MEDIUM",1,"HUMAN_CURATED","",0,1,"UNIQUE","IMPORTED"
"q-cmp-rea-0013","","subj-reasoning","","","single_mcq","MEDIUM",1,"HUMAN_CURATED","",0,1,"UNIQUE","IMPORTED"
"q-cmp-rea-0014","","subj-reasoning","","","single_mcq","MEDIUM",1,"HUMAN_CURATED","",0,1,"UNIQUE","IMPORTED"
"q-cmp-rea-0015","","subj-reasoning","","","single_mcq","MEDIUM",1,"HUMAN_CURATED","",0,1,"UNIQUE","IMPORTED"
"q-cmp-rea-0016","","subj-reasoning","","","single_mcq","MEDIUM",1,"HUMAN_CURATED","",0,1,"UNIQUE","IMPORTED"
"q-cmp-rea-0017","","subj-reasoning","","","single_mcq","MEDIUM",1,"HUMAN_CURATED","",0,1,"UNIQUE","IMPORTED"
"q-cmp-rea-0018","","subj-reasoning","","","single_mcq","MEDIUM",1,"HUMAN_CURATED","",0,1,"UNIQUE","IMPORTED"
"q-cmp-rea-0019","","subj-reasoning","","","single_mcq","MEDIUM",1,"HUMAN_CURATED","",0,1,"UNIQUE","IMPORTED"
"q-cmp-rea-0020","","subj-reasoning","","","single_mcq","MEDIUM",1,"HUMAN_CURATED","",0,1,"UNIQUE","IMPORTED"
"q-cmp-rea-0021","","subj-reasoning","","","single_mcq","MEDIUM",1,"HUMAN_CURATED","",0,1,"UNIQUE","IMPORTED"
"q-cmp-rea-0022","","subj-reasoning","","","single_mcq","MEDIUM",1,"HUMAN_CURATED","",0,1,"UNIQUE","IMPORTED"
"q-cmp-rea-0023","","subj-reasoning","","","single_mcq","MEDIUM",1,"HUMAN_CURATED","",0,1,"UNIQUE","IMPORTED"
"q-cmp-rea-0024","","subj-reasoning","","","single_mcq","MEDIUM",1,"HUMAN_CURATED","",0,1,"UNIQUE","IMPORTED"
"q-cmp-rea-0025","","subj-reasoning","","","single_mcq","MEDIUM",1,"HUMAN_CURATED","",0,1,"UNIQUE","IMPORTED"
"q-cmp-rea-0026","","subj-reasoning","","","single_mcq","MEDIUM",1,"HUMAN_CURATED","",0,1,"UNIQUE","IMPORTED"
"q-cmp-rea-0027","","subj-reasoning","","","single_mcq","MEDIUM",1,"HUMAN_CURATED","",0,1,"UNIQUE","IMPORTED"
"q-cmp-rea-0028","","subj-reasoning","","","single_mcq","MEDIUM",1,"HUMAN_CURATED","",0,1,"UNIQUE","IMPORTED"
"q-cmp-rea-0029","","subj-reasoning","","","single_mcq","MEDIUM",1,"HUMAN_CURATED","",0,1,"UNIQUE","IMPORTED"
"q-cmp-rea-0030","","subj-reasoning","","","single_mcq","MEDIUM",1,"HUMAN_CURATED","",0,1,"UNIQUE","IMPORTED"
"q-cmp-rsc-0001","","subj-railway-sci","","","single_mcq","MEDIUM",1,"HUMAN_CURATED","",0,1,"UNIQUE","IMPORTED"
"q-cmp-rsc-0002","","subj-railway-sci","","","single_mcq","MEDIUM",1,"HUMAN_CURATED","",0,1,"UNIQUE","IMPORTED"
"q-cmp-rsc-0003","","subj-railway-sci","","","single_mcq","MEDIUM",1,"HUMAN_CURATED","",0,1,"UNIQUE","IMPORTED"
"q-cmp-rsc-0004","","subj-railway-sci","","","single_mcq","MEDIUM",1,"HUMAN_CURATED","",0,1,"UNIQUE","IMPORTED"
"q-cmp-rsc-0005","","subj-railway-sci","","","single_mcq","MEDIUM",1,"HUMAN_CURATED","",0,1,"UNIQUE","IMPORTED"
"q-cmp-rsc-0006","","subj-railway-sci","","","single_mcq","MEDIUM",1,"HUMAN_CURATED","",0,1,"UNIQUE","IMPORTED"
"q-cmp-rsc-0007","","subj-railway-sci","","","single_mcq","MEDIUM",1,"HUMAN_CURATED","",0,1,"UNIQUE","IMPORTED"
"q-cmp-rsc-0008","","subj-railway-sci","","","single_mcq","MEDIUM",1,"HUMAN_CURATED","",0,1,"UNIQUE","IMPORTED"
"q-cmp-rsc-0009","","subj-railway-sci","","","single_mcq","MEDIUM",1,"HUMAN_CURATED","",0,1,"UNIQUE","IMPORTED"
"q-cmp-rsc-0010","","subj-railway-sci","","","single_mcq","MEDIUM",1,"HUMAN_CURATED","",0,1,"UNIQUE","IMPORTED"
"q-cmp-rsc-0011","","subj-railway-sci","","","single_mcq","MEDIUM",1,"HUMAN_CURATED","",0,1,"UNIQUE","IMPORTED"
"q-cmp-rsc-0012","","subj-railway-sci","","","single_mcq","MEDIUM",1,"HUMAN_CURATED","",0,1,"UNIQUE","IMPORTED"
"q-cmp-rsc-0013","","subj-railway-sci","","","single_mcq","MEDIUM",1,"HUMAN_CURATED","",0,1,"UNIQUE","IMPORTED"
"q-cmp-rsc-0014","","subj-railway-sci","","","single_mcq","MEDIUM",1,"HUMAN_CURATED","",0,1,"UNIQUE","IMPORTED"
"q-cmp-rsc-0015","","subj-railway-sci","","","single_mcq","MEDIUM",1,"HUMAN_CURATED","",0,1,"UNIQUE","IMPORTED"
"q-cmp-rsc-0016","","subj-railway-sci","","","single_mcq","MEDIUM",1,"HUMAN_CURATED","",0,1,"UNIQUE","IMPORTED"
"q-cmp-rsc-0017","","subj-railway-sci","","","single_mcq","MEDIUM",1,"HUMAN_CURATED","",0,1,"UNIQUE","IMPORTED"
"q-cmp-rsc-0018","","subj-railway-sci","","","single_mcq","MEDIUM",1,"HUMAN_CURATED","",0,1,"UNIQUE","IMPORTED"
"q-cmp-rsc-0019","","subj-railway-sci","","","single_mcq","MEDIUM",1,"HUMAN_CURATED","",0,1,"UNIQUE","IMPORTED"
"q-cmp-rsc-0020","","subj-railway-sci","","","single_mcq","MEDIUM",1,"HUMAN_CURATED","",0,1,"UNIQUE","IMPORTED"
"q-cmp-rsc-0021","","subj-railway-sci","","","single_mcq","MEDIUM",1,"HUMAN_CURATED","",0,1,"UNIQUE","IMPORTED"
"q-cmp-rsc-0022","","subj-railway-sci","","","single_mcq","MEDIUM",1,"HUMAN_CURATED","",0,1,"UNIQUE","IMPORTED"
"q-cmp-rsc-0023","","subj-railway-sci","","","single_mcq","MEDIUM",1,"HUMAN_CURATED","",0,1,"UNIQUE","IMPORTED"
"q-cmp-rsc-0024","","subj-railway-sci","","","single_mcq","MEDIUM",1,"HUMAN_CURATED","",0,1,"UNIQUE","IMPORTED"
"q-cmp-rsc-0025","","subj-railway-sci","","","single_mcq","MEDIUM",1,"HUMAN_CURATED","",0,1,"UNIQUE","IMPORTED"
"q-cmp-rsc-0026","","subj-railway-sci","","","single_mcq","MEDIUM",1,"HUMAN_CURATED","",0,1,"UNIQUE","IMPORTED"
"q-cmp-rsc-0027","","subj-railway-sci","","","single_mcq","MEDIUM",1,"HUMAN_CURATED","",0,1,"UNIQUE","IMPORTED"
"q-cmp-rsc-0028","","subj-railway-sci","","","single_mcq","MEDIUM",1,"HUMAN_CURATED","",0,1,"UNIQUE","IMPORTED"
"q-cmp-rsc-0029","","subj-railway-sci","","","single_mcq","MEDIUM",1,"HUMAN_CURATED","",0,1,"UNIQUE","IMPORTED"
"q-cmp-rsc-0030","","subj-railway-sci","","","single_mcq","MEDIUM",1,"HUMAN_CURATED","",0,1,"UNIQUE","IMPORTED"
"q-ctet-2024-p1-cdp-q001","ver-ctet-exam-2026","subj-social","","","single_mcq","MEDIUM",1,"OFFICIAL_PYQ","src-ctet-exam-portal",0,1,"UNIQUE","FULLY_VERIFIED"
"q-ctet-2024-p1-cdp-q002","ver-ctet-exam-2026","subj-social","","","single_mcq","MEDIUM",1,"OFFICIAL_PYQ","src-ctet-exam-portal",0,1,"UNIQUE","FULLY_VERIFIED"
"q-ctet-2024-p1-cdp-q003","ver-ctet-exam-2026","subj-social","","","single_mcq","MEDIUM",1,"OFFICIAL_PYQ","src-ctet-exam-portal",0,1,"UNIQUE","FULLY_VERIFIED"
"q-ctet-2024-p1-cdp-q004","ver-ctet-exam-2026","subj-social","","","single_mcq","MEDIUM",1,"OFFICIAL_PYQ","src-ctet-exam-portal",0,1,"UNIQUE","FULLY_VERIFIED"
"q-ctet-2024-p1-cdp-q005","ver-ctet-exam-2026","subj-social","","","single_mcq","MEDIUM",1,"OFFICIAL_PYQ","src-ctet-exam-portal",0,1,"UNIQUE","FULLY_VERIFIED"
"q-ctet-2024-p1-cdp-q006","ver-ctet-exam-2026","subj-social","","","single_mcq","MEDIUM",1,"OFFICIAL_PYQ","src-ctet-exam-portal",0,1,"UNIQUE","FULLY_VERIFIED"
"q-ctet-2024-p1-cdp-q007","ver-ctet-exam-2026","subj-social","","","single_mcq","MEDIUM",1,"OFFICIAL_PYQ","src-ctet-exam-portal",0,1,"UNIQUE","FULLY_VERIFIED"
"q-ctet-2024-p1-cdp-q008","ver-ctet-exam-2026","subj-social","","","single_mcq","MEDIUM",1,"OFFICIAL_PYQ","src-ctet-exam-portal",0,1,"UNIQUE","FULLY_VERIFIED"
"q-ctet-2024-p1-cdp-q009","ver-ctet-exam-2026","subj-social","","","single_mcq","MEDIUM",1,"OFFICIAL_PYQ","src-ctet-exam-portal",0,1,"UNIQUE","FULLY_VERIFIED"
"q-ctet-2024-p1-cdp-q010","ver-ctet-exam-2026","subj-social","","","single_mcq","MEDIUM",1,"OFFICIAL_PYQ","src-ctet-exam-portal",0,1,"UNIQUE","FULLY_VERIFIED"
"q-ctet-2024-p1-cdp-q011","ver-ctet-exam-2026","subj-social","","","single_mcq","MEDIUM",1,"OFFICIAL_PYQ","src-ctet-exam-portal",0,1,"UNIQUE","FULLY_VERIFIED"
"q-ctet-2024-p1-cdp-q012","ver-ctet-exam-2026","subj-social","","","single_mcq","MEDIUM",1,"OFFICIAL_PYQ","src-ctet-exam-portal",0,1,"UNIQUE","FULLY_VERIFIED"
"q-ctet-2024-p1-cdp-q013","ver-ctet-exam-2026","subj-social","","","single_mcq","MEDIUM",1,"OFFICIAL_PYQ","src-ctet-exam-portal",0,1,"UNIQUE","FULLY_VERIFIED"
"q-ctet-2024-p1-cdp-q014","ver-ctet-exam-2026","subj-social","","","single_mcq","MEDIUM",1,"OFFICIAL_PYQ","src-ctet-exam-portal",0,1,"UNIQUE","FULLY_VERIFIED"
"q-ctet-2024-p1-cdp-q015","ver-ctet-exam-2026","subj-social","","","single_mcq","MEDIUM",1,"OFFICIAL_PYQ","src-ctet-exam-portal",0,1,"UNIQUE","FULLY_VERIFIED"
"q-ctet-2024-p1-cdp-q016","ver-ctet-exam-2026","subj-social","","","single_mcq","MEDIUM",1,"OFFICIAL_PYQ","src-ctet-exam-portal",0,1,"UNIQUE","FULLY_VERIFIED"
"q-ctet-2024-p1-cdp-q017","ver-ctet-exam-2026","subj-social","","","single_mcq","MEDIUM",1,"OFFICIAL_PYQ","src-ctet-exam-portal",0,1,"UNIQUE","FULLY_VERIFIED"
"q-ctet-2024-p1-cdp-q018","ver-ctet-exam-2026","subj-social","","","single_mcq","MEDIUM",1,"OFFICIAL_PYQ","src-ctet-exam-portal",0,1,"UNIQUE","FULLY_VERIFIED"
"q-ctet-2024-p1-cdp-q019","ver-ctet-exam-2026","subj-social","","","single_mcq","MEDIUM",1,"OFFICIAL_PYQ","src-ctet-exam-portal",0,1,"UNIQUE","FULLY_VERIFIED"
"q-ctet-2024-p1-cdp-q020","ver-ctet-exam-2026","subj-social","","","single_mcq","MEDIUM",1,"OFFICIAL_PYQ","src-ctet-exam-portal",0,1,"UNIQUE","FULLY_VERIFIED"
"q-ctet-2024-p1-cdp-q021","ver-ctet-exam-2026","subj-social","","","single_mcq","MEDIUM",1,"OFFICIAL_PYQ","src-ctet-exam-portal",0,1,"UNIQUE","FULLY_VERIFIED"
"q-ctet-2024-p1-cdp-q022","ver-ctet-exam-2026","subj-social","","","single_mcq","MEDIUM",1,"OFFICIAL_PYQ","src-ctet-exam-portal",0,1,"UNIQUE","FULLY_VERIFIED"
"q-ctet-2024-p1-cdp-q023","ver-ctet-exam-2026","subj-social","","","single_mcq","MEDIUM",1,"OFFICIAL_PYQ","src-ctet-exam-portal",0,1,"UNIQUE","FULLY_VERIFIED"
"q-ctet-2024-p1-cdp-q024","ver-ctet-exam-2026","subj-social","","","single_mcq","MEDIUM",1,"OFFICIAL_PYQ","src-ctet-exam-portal",0,1,"UNIQUE","FULLY_VERIFIED"
"q-ctet-2024-p1-cdp-q025","ver-ctet-exam-2026","subj-social","","","single_mcq","MEDIUM",1,"OFFICIAL_PYQ","src-ctet-exam-portal",0,1,"UNIQUE","FULLY_VERIFIED"
"q-ctet-2024-p1-cdp-q026","ver-ctet-exam-2026","subj-social","","","single_mcq","MEDIUM",1,"OFFICIAL_PYQ","src-ctet-exam-portal",0,1,"UNIQUE","FULLY_VERIFIED"
"q-ctet-2024-p1-cdp-q027","ver-ctet-exam-2026","subj-social","","","single_mcq","MEDIUM",1,"OFFICIAL_PYQ","src-ctet-exam-portal",0,1,"UNIQUE","FULLY_VERIFIED"
"q-ctet-2024-p1-cdp-q028","ver-ctet-exam-2026","subj-social","","","single_mcq","MEDIUM",1,"OFFICIAL_PYQ","src-ctet-exam-portal",0,1,"UNIQUE","FULLY_VERIFIED"
"q-ctet-2024-p1-cdp-q029","ver-ctet-exam-2026","subj-social","","","single_mcq","MEDIUM",1,"OFFICIAL_PYQ","src-ctet-exam-portal",0,1,"UNIQUE","FULLY_VERIFIED"
"q-ctet-2024-p1-cdp-q030","ver-ctet-exam-2026","subj-social","","","single_mcq","MEDIUM",1,"OFFICIAL_PYQ","src-ctet-exam-portal",0,1,"UNIQUE","FULLY_VERIFIED"
"q-ctet-exam-p17a-mumcjgl9-1","ver-ctet-exam-2026","subj-social","","","single_mcq","EASY",1,"HUMAN_CURATED","src-ctet-exam-portal",0,1,"UNIQUE","IMPORTED"
"q-ctet-exam-p17a-mumcjgla-2","ver-ctet-exam-2026","subj-social","","","single_mcq","MEDIUM",1,"HUMAN_CURATED","src-ctet-exam-portal",0,1,"UNIQUE","IMPORTED"
"q-ctet-exam-p17a-mumcjgla-3","ver-ctet-exam-2026","subj-social","","","single_mcq","HARD",1,"HUMAN_CURATED","src-ctet-exam-portal",0,1,"UNIQUE","IMPORTED"
"q-ctet-exam-p17a-mumcjgla-4","ver-ctet-exam-2026","subj-social","","","single_mcq","MEDIUM",1,"HUMAN_CURATED","src-ctet-exam-portal",0,1,"UNIQUE","IMPORTED"
"q-ctet-exam-p17a-mumcjgla-5","ver-ctet-exam-2026","subj-social","","","single_mcq","EASY",1,"HUMAN_CURATED","src-ctet-exam-portal",0,1,"UNIQUE","IMPORTED"
"q-ctet-exam-p17a-mumcjgla-6","ver-ctet-exam-2026","subj-social","","","single_mcq","HARD",1,"HUMAN_CURATED","src-ctet-exam-portal",0,1,"UNIQUE","IMPORTED"
"q-ctet-exam-p17a-mumcjglb-7","ver-ctet-exam-2026","subj-social","","","single_mcq","EASY",1,"HUMAN_CURATED","src-ctet-exam-portal",0,1,"UNIQUE","IMPORTED"
"q-ctet-exam-p17a-mumcjglc-10","ver-ctet-exam-2026","subj-science","","","single_mcq","MEDIUM",1,"HUMAN_CURATED","src-ctet-exam-portal",0,1,"UNIQUE","IMPORTED"
"q-ctet-exam-p17a-mumcjglc-11","ver-ctet-exam-2026","subj-science","","","single_mcq","EASY",1,"HUMAN_CURATED","src-ctet-exam-portal",0,1,"UNIQUE","IMPORTED"
"q-ctet-exam-p17a-mumcjglc-12","ver-ctet-exam-2026","subj-science","","","single_mcq","HARD",1,"HUMAN_CURATED","src-ctet-exam-portal",0,1,"UNIQUE","IMPORTED"
"q-ctet-exam-p17a-mumcjglc-13","ver-ctet-exam-2026","subj-science","","","single_mcq","EASY",1,"HUMAN_CURATED","src-ctet-exam-portal",0,1,"UNIQUE","IMPORTED"
"q-ctet-exam-p17a-mumcjglc-8","ver-ctet-exam-2026","subj-social","","","single_mcq","MEDIUM",1,"HUMAN_CURATED","src-ctet-exam-portal",0,1,"UNIQUE","IMPORTED"
"q-ctet-exam-p17a-mumcjglc-9","ver-ctet-exam-2026","subj-social","","","single_mcq","HARD",1,"HUMAN_CURATED","src-ctet-exam-portal",0,1,"UNIQUE","IMPORTED"
"q-ctet-exam-p17a-mumcjgld-14","ver-ctet-exam-2026","subj-science","","","single_mcq","MEDIUM",1,"HUMAN_CURATED","src-ctet-exam-portal",0,1,"UNIQUE","IMPORTED"
"q-ctet-exam-p17a-mumcjgld-15","ver-ctet-exam-2026","subj-science","","","single_mcq","HARD",1,"HUMAN_CURATED","src-ctet-exam-portal",0,1,"UNIQUE","IMPORTED"
"q-ctet-exam-p17a-mumcjgld-16","ver-ctet-exam-2026","subj-math","","","single_mcq","MEDIUM",1,"HUMAN_CURATED","src-ctet-exam-portal",0,1,"UNIQUE","IMPORTED"
"q-ctet-exam-p17a-mumcjgld-17","ver-ctet-exam-2026","subj-math","","","single_mcq","EASY",1,"HUMAN_CURATED","src-ctet-exam-portal",0,1,"UNIQUE","IMPORTED"
"q-ctet-exam-p17a-mumcjgld-18","ver-ctet-exam-2026","subj-math","","","single_mcq","HARD",1,"HUMAN_CURATED","src-ctet-exam-portal",0,1,"UNIQUE","IMPORTED"
"q-ctet-exam-p17a-mumcjgld-19","ver-ctet-exam-2026","subj-math","","","single_mcq","EASY",1,"HUMAN_CURATED","src-ctet-exam-portal",0,1,"UNIQUE","IMPORTED"
"q-ctet-exam-p17a-mumcjgld-20","ver-ctet-exam-2026","subj-math","","","single_mcq","MEDIUM",1,"HUMAN_CURATED","src-ctet-exam-portal",0,1,"UNIQUE","IMPORTED"
"q-ctet-exam-p17a-mumcjgle-21","ver-ctet-exam-2026","subj-hindi","","","single_mcq","HARD",1,"HUMAN_CURATED","src-ctet-exam-portal",0,1,"UNIQUE","IMPORTED"
"q-ctet-exam-p17a-mumcjgle-22","ver-ctet-exam-2026","subj-hindi","","","single_mcq","MEDIUM",1,"HUMAN_CURATED","src-ctet-exam-portal",0,1,"UNIQUE","IMPORTED"
"q-ctet-exam-p17a-mumcjgle-23","ver-ctet-exam-2026","subj-hindi","","","single_mcq","EASY",1,"HUMAN_CURATED","src-ctet-exam-portal",0,1,"UNIQUE","IMPORTED"
"q-ctet-exam-p17a-mumcjgle-24","ver-ctet-exam-2026","subj-hindi","","","single_mcq","HARD",1,"HUMAN_CURATED","src-ctet-exam-portal",0,1,"UNIQUE","IMPORTED"
"q-ctet-exam-p17a-mumcjgle-25","ver-ctet-exam-2026","subj-hindi","","","single_mcq","EASY",1,"HUMAN_CURATED","src-ctet-exam-portal",0,1,"UNIQUE","IMPORTED"
"q-hy-en-0001","","subj-english","","","single_mcq","MEDIUM",1,"HUMAN_CURATED","",0,1,"UNIQUE","IMPORTED"
"q-hy-en-0002","","subj-english","","","single_mcq","MEDIUM",1,"HUMAN_CURATED","",0,1,"UNIQUE","IMPORTED"
"q-hy-en-0003","","subj-english","","","single_mcq","MEDIUM",1,"HUMAN_CURATED","",0,1,"UNIQUE","IMPORTED"
"q-hy-en-0004","","subj-english","","","single_mcq","MEDIUM",1,"HUMAN_CURATED","",0,1,"UNIQUE","IMPORTED"
"q-hy-en-0005","","subj-english","","","single_mcq","MEDIUM",1,"HUMAN_CURATED","",0,1,"UNIQUE","IMPORTED"
"q-hy-en-0006","","subj-english","","","single_mcq","MEDIUM",1,"HUMAN_CURATED","",0,1,"UNIQUE","IMPORTED"
"q-hy-en-0007","","subj-english","","","single_mcq","MEDIUM",1,"HUMAN_CURATED","",0,1,"UNIQUE","IMPORTED"
"q-hy-en-0008","","subj-english","","","single_mcq","MEDIUM",1,"HUMAN_CURATED","",0,1,"UNIQUE","IMPORTED"
"q-hy-en-0009","","subj-english","","","single_mcq","MEDIUM",1,"HUMAN_CURATED","",0,1,"UNIQUE","IMPORTED"
"q-hy-en-0010","","subj-english","","","single_mcq","MEDIUM",1,"HUMAN_CURATED","",0,1,"UNIQUE","IMPORTED"
"q-hy-en-0011","","subj-english","","","single_mcq","MEDIUM",1,"HUMAN_CURATED","",0,1,"UNIQUE","IMPORTED"
"q-hy-en-0012","","subj-english","","","single_mcq","MEDIUM",1,"HUMAN_CURATED","",0,1,"UNIQUE","IMPORTED"
"q-hy-en-0013","","subj-english","","","single_mcq","MEDIUM",1,"HUMAN_CURATED","",0,1,"UNIQUE","IMPORTED"
"q-hy-en-0014","","subj-english","","","single_mcq","MEDIUM",1,"HUMAN_CURATED","",0,1,"UNIQUE","IMPORTED"
"q-hy-en-0015","","subj-english","","","single_mcq","MEDIUM",1,"HUMAN_CURATED","",0,1,"UNIQUE","IMPORTED"
"q-hy-en-0016","","subj-english","","","single_mcq","MEDIUM",1,"HUMAN_CURATED","",0,1,"UNIQUE","IMPORTED"
"q-hy-en-0017","","subj-english","","","single_mcq","MEDIUM",1,"HUMAN_CURATED","",0,1,"UNIQUE","IMPORTED"
"q-hy-en-0018","","subj-english","","","single_mcq","MEDIUM",1,"HUMAN_CURATED","",0,1,"UNIQUE","IMPORTED"
"q-hy-en-0019","","subj-english","","","single_mcq","MEDIUM",1,"HUMAN_CURATED","",0,1,"UNIQUE","IMPORTED"
"q-hy-en-0020","","subj-english","","","single_mcq","MEDIUM",1,"HUMAN_CURATED","",0,1,"UNIQUE","IMPORTED"
"q-hy-en-0021","","subj-english","","","single_mcq","MEDIUM",1,"HUMAN_CURATED","",0,1,"UNIQUE","IMPORTED"
"q-hy-en-0022","","subj-english","","","single_mcq","MEDIUM",1,"HUMAN_CURATED","",0,1,"UNIQUE","IMPORTED"
"q-hy-en-0023","","subj-english","","","single_mcq","MEDIUM",1,"HUMAN_CURATED","",0,1,"UNIQUE","IMPORTED"
"q-hy-en-0024","","subj-english","","","single_mcq","MEDIUM",1,"HUMAN_CURATED","",0,1,"UNIQUE","IMPORTED"
"q-hy-en-0025","","subj-english","","","single_mcq","MEDIUM",1,"HUMAN_CURATED","",0,1,"UNIQUE","IMPORTED"
"q-hy-en-0026","","subj-english","","","single_mcq","MEDIUM",1,"HUMAN_CURATED","",0,1,"UNIQUE","IMPORTED"
"q-hy-en-0027","","subj-english","","","single_mcq","MEDIUM",1,"HUMAN_CURATED","",0,1,"UNIQUE","IMPORTED"
"q-hy-en-0028","","subj-english","","","single_mcq","MEDIUM",1,"HUMAN_CURATED","",0,1,"UNIQUE","IMPORTED"
"q-hy-en-0029","","subj-english","","","single_mcq","MEDIUM",1,"HUMAN_CURATED","",0,1,"UNIQUE","IMPORTED"
"q-hy-en-0030","","subj-english","","","single_mcq","MEDIUM",1,"HUMAN_CURATED","",0,1,"UNIQUE","IMPORTED"
"q-hy-en-0031","","subj-english","","","single_mcq","MEDIUM",1,"HUMAN_CURATED","",0,1,"UNIQUE","IMPORTED"
"q-hy-en-0032","","subj-english","","","single_mcq","MEDIUM",1,"HUMAN_CURATED","",0,1,"UNIQUE","IMPORTED"
"q-hy-en-0033","","subj-english","","","single_mcq","MEDIUM",1,"HUMAN_CURATED","",0,1,"UNIQUE","IMPORTED"
"q-hy-en-0034","","subj-english","","","single_mcq","MEDIUM",1,"HUMAN_CURATED","",0,1,"UNIQUE","IMPORTED"
"q-hy-en-0035","","subj-english","","","single_mcq","MEDIUM",1,"HUMAN_CURATED","",0,1,"UNIQUE","IMPORTED"
"q-hy-en-0036","","subj-english","","","single_mcq","MEDIUM",1,"HUMAN_CURATED","",0,1,"UNIQUE","IMPORTED"
"q-hy-en-0037","","subj-english","","","single_mcq","MEDIUM",1,"HUMAN_CURATED","",0,1,"UNIQUE","IMPORTED"
"q-hy-en-0038","","subj-english","","","single_mcq","MEDIUM",1,"HUMAN_CURATED","",0,1,"UNIQUE","IMPORTED"
"q-hy-en-0039","","subj-english","","","single_mcq","MEDIUM",1,"HUMAN_CURATED","",0,1,"UNIQUE","IMPORTED"
"q-hy-en-0040","","subj-english","","","single_mcq","MEDIUM",1,"HUMAN_CURATED","",0,1,"UNIQUE","IMPORTED"
"q-hy-en-0041","","subj-english","","","single_mcq","MEDIUM",1,"HUMAN_CURATED","",0,1,"UNIQUE","IMPORTED"
"q-hy-en-0042","","subj-english","","","single_mcq","MEDIUM",1,"HUMAN_CURATED","",0,1,"UNIQUE","IMPORTED"
"q-hy-en-0043","","subj-english","","","single_mcq","MEDIUM",1,"HUMAN_CURATED","",0,1,"UNIQUE","IMPORTED"
"q-hy-en-0044","","subj-english","","","single_mcq","MEDIUM",1,"HUMAN_CURATED","",0,1,"UNIQUE","IMPORTED"
"q-hy-en-0045","","subj-english","","","single_mcq","MEDIUM",1,"HUMAN_CURATED","",0,1,"UNIQUE","IMPORTED"
"q-hy-en-0046","","subj-english","","","single_mcq","MEDIUM",1,"HUMAN_CURATED","",0,1,"UNIQUE","IMPORTED"
"q-hy-en-0047","","subj-english","","","single_mcq","MEDIUM",1,"HUMAN_CURATED","",0,1,"UNIQUE","IMPORTED"
"q-hy-en-0048","","subj-english","","","single_mcq","MEDIUM",1,"HUMAN_CURATED","",0,1,"UNIQUE","IMPORTED"
"q-hy-en-0049","","subj-english","","","single_mcq","MEDIUM",1,"HUMAN_CURATED","",0,1,"UNIQUE","IMPORTED"
"q-hy-en-0050","","subj-english","","","single_mcq","MEDIUM",1,"HUMAN_CURATED","",0,1,"UNIQUE","IMPORTED"
"q-hy-en-0051","","subj-english","","","single_mcq","MEDIUM",1,"HUMAN_CURATED","",0,1,"UNIQUE","IMPORTED"
"q-hy-en-0052","","subj-english","","","single_mcq","MEDIUM",1,"HUMAN_CURATED","",0,1,"UNIQUE","IMPORTED"
"q-hy-en-0053","","subj-english","","","single_mcq","MEDIUM",1,"HUMAN_CURATED","",0,1,"UNIQUE","IMPORTED"
"q-hy-en-0054","","subj-english","","","single_mcq","MEDIUM",1,"HUMAN_CURATED","",0,1,"UNIQUE","IMPORTED"
"q-hy-en-0055","","subj-english","","","single_mcq","MEDIUM",1,"HUMAN_CURATED","",0,1,"UNIQUE","IMPORTED"
"q-hy-en-0056","","subj-english","","","single_mcq","MEDIUM",1,"HUMAN_CURATED","",0,1,"UNIQUE","IMPORTED"
"q-hy-en-0057","","subj-english","","","single_mcq","MEDIUM",1,"HUMAN_CURATED","",0,1,"UNIQUE","IMPORTED"
"q-hy-en-0058","","subj-english","","","single_mcq","MEDIUM",1,"HUMAN_CURATED","",0,1,"UNIQUE","IMPORTED"
"q-hy-en-0059","","subj-english","","","single_mcq","MEDIUM",1,"HUMAN_CURATED","",0,1,"UNIQUE","IMPORTED"
"q-hy-en-0060","","subj-english","","","single_mcq","MEDIUM",1,"HUMAN_CURATED","",0,1,"UNIQUE","IMPORTED"
"q-hy-en-0061","","subj-english","","","single_mcq","MEDIUM",1,"HUMAN_CURATED","",0,1,"UNIQUE","IMPORTED"
"q-hy-en-0062","","subj-english","","","single_mcq","MEDIUM",1,"HUMAN_CURATED","",0,1,"UNIQUE","IMPORTED"
"q-hy-en-0063","","subj-english","","","single_mcq","MEDIUM",1,"HUMAN_CURATED","",0,1,"UNIQUE","IMPORTED"
"q-hy-en-0064","","subj-english","","","single_mcq","MEDIUM",1,"HUMAN_CURATED","",0,1,"UNIQUE","IMPORTED"
"q-hy-en-0065","","subj-english","","","single_mcq","MEDIUM",1,"HUMAN_CURATED","",0,1,"UNIQUE","IMPORTED"
"q-hy-en-0066","","subj-english","","","single_mcq","MEDIUM",1,"HUMAN_CURATED","",0,1,"UNIQUE","IMPORTED"
"q-hy-en-0067","","subj-english","","","single_mcq","MEDIUM",1,"HUMAN_CURATED","",0,1,"UNIQUE","IMPORTED"
"q-hy-en-0068","","subj-english","","","single_mcq","MEDIUM",1,"HUMAN_CURATED","",0,1,"UNIQUE","IMPORTED"
"q-hy-en-0069","","subj-english","","","single_mcq","MEDIUM",1,"HUMAN_CURATED","",0,1,"UNIQUE","IMPORTED"
"q-hy-en-0070","","subj-english","","","single_mcq","MEDIUM",1,"HUMAN_CURATED","",0,1,"UNIQUE","IMPORTED"
"q-hy-en-0071","","subj-english","","","single_mcq","MEDIUM",1,"HUMAN_CURATED","",0,1,"UNIQUE","IMPORTED"
"q-hy-en-0072","","subj-english","","","single_mcq","MEDIUM",1,"HUMAN_CURATED","",0,1,"UNIQUE","IMPORTED"
"q-hy-en-0073","","subj-english","","","single_mcq","MEDIUM",1,"HUMAN_CURATED","",0,1,"UNIQUE","IMPORTED"
"q-hy-en-0074","","subj-english","","","single_mcq","MEDIUM",1,"HUMAN_CURATED","",0,1,"UNIQUE","IMPORTED"
"q-hy-en-0075","","subj-english","","","single_mcq","MEDIUM",1,"HUMAN_CURATED","",0,1,"UNIQUE","IMPORTED"
"q-hy-en-0076","","subj-english","","","single_mcq","MEDIUM",1,"HUMAN_CURATED","",0,1,"UNIQUE","IMPORTED"
"q-hy-en-0077","","subj-english","","","single_mcq","MEDIUM",1,"HUMAN_CURATED","",0,1,"UNIQUE","IMPORTED"
"q-hy-en-0078","","subj-english","","","single_mcq","MEDIUM",1,"HUMAN_CURATED","",0,1,"UNIQUE","IMPORTED"
"q-hy-en-0079","","subj-english","","","single_mcq","MEDIUM",1,"HUMAN_CURATED","",0,1,"UNIQUE","IMPORTED"
"q-hy-en-0080","","subj-english","","","single_mcq","MEDIUM",1,"HUMAN_CURATED","",0,1,"UNIQUE","IMPORTED"
"q-hy-en-0081","","subj-english","","","single_mcq","MEDIUM",1,"HUMAN_CURATED","",0,1,"UNIQUE","IMPORTED"
"q-hy-en-0082","","subj-english","","","single_mcq","MEDIUM",1,"HUMAN_CURATED","",0,1,"UNIQUE","IMPORTED"
"q-hy-en-0083","","subj-english","","","single_mcq","MEDIUM",1,"HUMAN_CURATED","",0,1,"UNIQUE","IMPORTED"
"q-hy-en-0084","","subj-english","","","single_mcq","MEDIUM",1,"HUMAN_CURATED","",0,1,"UNIQUE","IMPORTED"
"q-hy-en-0085","","subj-english","","","single_mcq","MEDIUM",1,"HUMAN_CURATED","",0,1,"UNIQUE","IMPORTED"
"q-hy-hi-0001","","subj-hindi","","","single_mcq","MEDIUM",1,"HUMAN_CURATED","",0,1,"UNIQUE","IMPORTED"
"q-hy-hi-0002","","subj-hindi","","","single_mcq","MEDIUM",1,"HUMAN_CURATED","",0,1,"UNIQUE","IMPORTED"
"q-hy-hi-0003","","subj-hindi","","","single_mcq","MEDIUM",1,"HUMAN_CURATED","",0,1,"UNIQUE","IMPORTED"
"q-hy-hi-0004","","subj-hindi","","","single_mcq","MEDIUM",1,"HUMAN_CURATED","",0,1,"UNIQUE","IMPORTED"
"q-hy-hi-0005","","subj-hindi","","","single_mcq","MEDIUM",1,"HUMAN_CURATED","",0,1,"UNIQUE","IMPORTED"
"q-hy-hi-0006","","subj-hindi","","","single_mcq","MEDIUM",1,"HUMAN_CURATED","",0,1,"UNIQUE","IMPORTED"
"q-hy-hi-0007","","subj-hindi","","","single_mcq","MEDIUM",1,"HUMAN_CURATED","",0,1,"UNIQUE","IMPORTED"
"q-hy-hi-0008","","subj-hindi","","","single_mcq","MEDIUM",1,"HUMAN_CURATED","",0,1,"UNIQUE","IMPORTED"
"q-hy-hi-0009","","subj-hindi","","","single_mcq","MEDIUM",1,"HUMAN_CURATED","",0,1,"UNIQUE","IMPORTED"
"q-hy-hi-0010","","subj-hindi","","","single_mcq","MEDIUM",1,"HUMAN_CURATED","",0,1,"UNIQUE","IMPORTED"
"q-hy-hi-0011","","subj-hindi","","","single_mcq","MEDIUM",1,"HUMAN_CURATED","",0,1,"UNIQUE","IMPORTED"
"q-hy-hi-0012","","subj-hindi","","","single_mcq","MEDIUM",1,"HUMAN_CURATED","",0,1,"UNIQUE","IMPORTED"
"q-hy-hi-0013","","subj-hindi","","","single_mcq","MEDIUM",1,"HUMAN_CURATED","",0,1,"UNIQUE","IMPORTED"
"q-hy-hi-0014","","subj-hindi","","","single_mcq","MEDIUM",1,"HUMAN_CURATED","",0,1,"UNIQUE","IMPORTED"
"q-hy-hi-0015","","subj-hindi","","","single_mcq","MEDIUM",1,"HUMAN_CURATED","",0,1,"UNIQUE","IMPORTED"
"q-hy-hi-0016","","subj-hindi","","","single_mcq","MEDIUM",1,"HUMAN_CURATED","",0,1,"UNIQUE","IMPORTED"
"q-hy-hi-0017","","subj-hindi","","","single_mcq","MEDIUM",1,"HUMAN_CURATED","",0,1,"UNIQUE","IMPORTED"
"q-hy-hi-0018","","subj-hindi","","","single_mcq","MEDIUM",1,"HUMAN_CURATED","",0,1,"UNIQUE","IMPORTED"
"q-hy-hi-0019","","subj-hindi","","","single_mcq","MEDIUM",1,"HUMAN_CURATED","",0,1,"UNIQUE","IMPORTED"
"q-hy-hi-0020","","subj-hindi","","","single_mcq","MEDIUM",1,"HUMAN_CURATED","",0,1,"UNIQUE","IMPORTED"
"q-hy-hi-0021","","subj-hindi","","","single_mcq","MEDIUM",1,"HUMAN_CURATED","",0,1,"UNIQUE","IMPORTED"
"q-hy-hi-0022","","subj-hindi","","","single_mcq","MEDIUM",1,"HUMAN_CURATED","",0,1,"UNIQUE","IMPORTED"
"q-hy-hi-0023","","subj-hindi","","","single_mcq","MEDIUM",1,"HUMAN_CURATED","",0,1,"UNIQUE","IMPORTED"
"q-hy-hi-0024","","subj-hindi","","","single_mcq","MEDIUM",1,"HUMAN_CURATED","",0,1,"UNIQUE","IMPORTED"
"q-hy-hi-0025","","subj-hindi","","","single_mcq","MEDIUM",1,"HUMAN_CURATED","",0,1,"UNIQUE","IMPORTED"
"q-hy-hi-0026","","subj-hindi","","","single_mcq","MEDIUM",1,"HUMAN_CURATED","",0,1,"UNIQUE","IMPORTED"
"q-hy-hi-0027","","subj-hindi","","","single_mcq","MEDIUM",1,"HUMAN_CURATED","",0,1,"UNIQUE","IMPORTED"
"q-hy-hi-0028","","subj-hindi","","","single_mcq","MEDIUM",1,"HUMAN_CURATED","",0,1,"UNIQUE","IMPORTED"
"q-hy-hi-0029","","subj-hindi","","","single_mcq","MEDIUM",1,"HUMAN_CURATED","",0,1,"UNIQUE","IMPORTED"
"q-hy-hi-0030","","subj-hindi","","","single_mcq","MEDIUM",1,"HUMAN_CURATED","",0,1,"UNIQUE","IMPORTED"
"q-hy-hi-0031","","subj-hindi","","","single_mcq","MEDIUM",1,"HUMAN_CURATED","",0,1,"UNIQUE","IMPORTED"
"q-hy-hi-0032","","subj-hindi","","","single_mcq","MEDIUM",1,"HUMAN_CURATED","",0,1,"UNIQUE","IMPORTED"
"q-hy-hi-0033","","subj-hindi","","","single_mcq","MEDIUM",1,"HUMAN_CURATED","",0,1,"UNIQUE","IMPORTED"
"q-hy-hi-0034","","subj-hindi","","","single_mcq","MEDIUM",1,"HUMAN_CURATED","",0,1,"UNIQUE","IMPORTED"
"q-hy-hi-0035","","subj-hindi","","","single_mcq","MEDIUM",1,"HUMAN_CURATED","",0,1,"UNIQUE","IMPORTED"
"q-hy-hi-0036","","subj-hindi","","","single_mcq","MEDIUM",1,"HUMAN_CURATED","",0,1,"UNIQUE","IMPORTED"
"q-hy-hi-0037","","subj-hindi","","","single_mcq","MEDIUM",1,"HUMAN_CURATED","",0,1,"UNIQUE","IMPORTED"
"q-hy-hi-0038","","subj-hindi","","","single_mcq","MEDIUM",1,"HUMAN_CURATED","",0,1,"UNIQUE","IMPORTED"
"q-hy-hi-0039","","subj-hindi","","","single_mcq","MEDIUM",1,"HUMAN_CURATED","",0,1,"UNIQUE","IMPORTED"
"q-hy-hi-0040","","subj-hindi","","","single_mcq","MEDIUM",1,"HUMAN_CURATED","",0,1,"UNIQUE","IMPORTED"
"q-hy-hi-0041","","subj-hindi","","","single_mcq","MEDIUM",1,"HUMAN_CURATED","",0,1,"UNIQUE","IMPORTED"
"q-hy-hi-0042","","subj-hindi","","","single_mcq","MEDIUM",1,"HUMAN_CURATED","",0,1,"UNIQUE","IMPORTED"
"q-hy-hi-0043","","subj-hindi","","","single_mcq","MEDIUM",1,"HUMAN_CURATED","",0,1,"UNIQUE","IMPORTED"
"q-hy-hi-0044","","subj-hindi","","","single_mcq","MEDIUM",1,"HUMAN_CURATED","",0,1,"UNIQUE","IMPORTED"
"q-hy-hi-0045","","subj-hindi","","","single_mcq","MEDIUM",1,"HUMAN_CURATED","",0,1,"UNIQUE","IMPORTED"
"q-hy-hi-0046","","subj-hindi","","","single_mcq","MEDIUM",1,"HUMAN_CURATED","",0,1,"UNIQUE","IMPORTED"
"q-hy-hi-0047","","subj-hindi","","","single_mcq","MEDIUM",1,"HUMAN_CURATED","",0,1,"UNIQUE","IMPORTED"
"q-hy-hi-0048","","subj-hindi","","","single_mcq","MEDIUM",1,"HUMAN_CURATED","",0,1,"UNIQUE","IMPORTED"
"q-hy-hi-0049","","subj-hindi","","","single_mcq","MEDIUM",1,"HUMAN_CURATED","",0,1,"UNIQUE","IMPORTED"
"q-hy-hi-0050","","subj-hindi","","","single_mcq","MEDIUM",1,"HUMAN_CURATED","",0,1,"UNIQUE","IMPORTED"
"q-hy-hi-0051","","subj-hindi","","","single_mcq","MEDIUM",1,"HUMAN_CURATED","",0,1,"UNIQUE","IMPORTED"
"q-hy-hi-0052","","subj-hindi","","","single_mcq","MEDIUM",1,"HUMAN_CURATED","",0,1,"UNIQUE","IMPORTED"
"q-hy-hi-0053","","subj-hindi","","","single_mcq","MEDIUM",1,"HUMAN_CURATED","",0,1,"UNIQUE","IMPORTED"
"q-hy-hi-0054","","subj-hindi","","","single_mcq","MEDIUM",1,"HUMAN_CURATED","",0,1,"UNIQUE","IMPORTED"
"q-hy-hi-0055","","subj-hindi","","","single_mcq","MEDIUM",1,"HUMAN_CURATED","",0,1,"UNIQUE","IMPORTED"
"q-hy-hi-0056","","subj-hindi","","","single_mcq","MEDIUM",1,"HUMAN_CURATED","",0,1,"UNIQUE","IMPORTED"
"q-hy-hi-0057","","subj-hindi","","","single_mcq","MEDIUM",1,"HUMAN_CURATED","",0,1,"UNIQUE","IMPORTED"
"q-hy-hi-0058","","subj-hindi","","","single_mcq","MEDIUM",1,"HUMAN_CURATED","",0,1,"UNIQUE","IMPORTED"
"q-hy-hi-0059","","subj-hindi","","","single_mcq","MEDIUM",1,"HUMAN_CURATED","",0,1,"UNIQUE","IMPORTED"
"q-hy-hi-0060","","subj-hindi","","","single_mcq","MEDIUM",1,"HUMAN_CURATED","",0,1,"UNIQUE","IMPORTED"
"q-hy-hi-0061","","subj-hindi","","","single_mcq","MEDIUM",1,"HUMAN_CURATED","",0,1,"UNIQUE","IMPORTED"
"q-hy-hi-0062","","subj-hindi","","","single_mcq","MEDIUM",1,"HUMAN_CURATED","",0,1,"UNIQUE","IMPORTED"
"q-hy-hi-0063","","subj-hindi","","","single_mcq","MEDIUM",1,"HUMAN_CURATED","",0,1,"UNIQUE","IMPORTED"
"q-hy-hi-0064","","subj-hindi","","","single_mcq","MEDIUM",1,"HUMAN_CURATED","",0,1,"UNIQUE","IMPORTED"
"q-hy-hi-0065","","subj-hindi","","","single_mcq","MEDIUM",1,"HUMAN_CURATED","",0,1,"UNIQUE","IMPORTED"
"q-hy-hi-0066","","subj-hindi","","","single_mcq","MEDIUM",1,"HUMAN_CURATED","",0,1,"UNIQUE","IMPORTED"
"q-hy-hi-0067","","subj-hindi","","","single_mcq","MEDIUM",1,"HUMAN_CURATED","",0,1,"UNIQUE","IMPORTED"
"q-hy-hi-0068","","subj-hindi","","","single_mcq","MEDIUM",1,"HUMAN_CURATED","",0,1,"UNIQUE","IMPORTED"
"q-hy-hi-0069","","subj-hindi","","","single_mcq","MEDIUM",1,"HUMAN_CURATED","",0,1,"UNIQUE","IMPORTED"
"q-hy-hi-0070","","subj-hindi","","","single_mcq","MEDIUM",1,"HUMAN_CURATED","",0,1,"UNIQUE","IMPORTED"
"q-hy-hi-0071","","subj-hindi","","","single_mcq","MEDIUM",1,"HUMAN_CURATED","",0,1,"UNIQUE","IMPORTED"
"q-hy-hi-0072","","subj-hindi","","","single_mcq","MEDIUM",1,"HUMAN_CURATED","",0,1,"UNIQUE","IMPORTED"
"q-hy-hi-0073","","subj-hindi","","","single_mcq","MEDIUM",1,"HUMAN_CURATED","",0,1,"UNIQUE","IMPORTED"
"q-hy-hi-0074","","subj-hindi","","","single_mcq","MEDIUM",1,"HUMAN_CURATED","",0,1,"UNIQUE","IMPORTED"
"q-hy-hi-0075","","subj-hindi","","","single_mcq","MEDIUM",1,"HUMAN_CURATED","",0,1,"UNIQUE","IMPORTED"
"q-hy-hi-0076","","subj-hindi","","","single_mcq","MEDIUM",1,"HUMAN_CURATED","",0,1,"UNIQUE","IMPORTED"
"q-hy-hi-0077","","subj-hindi","","","single_mcq","MEDIUM",1,"HUMAN_CURATED","",0,1,"UNIQUE","IMPORTED"
"q-hy-hi-0078","","subj-hindi","","","single_mcq","MEDIUM",1,"HUMAN_CURATED","",0,1,"UNIQUE","IMPORTED"
"q-hy-hi-0079","","subj-hindi","","","single_mcq","MEDIUM",1,"HUMAN_CURATED","",0,1,"UNIQUE","IMPORTED"
"q-hy-hi-0080","","subj-hindi","","","single_mcq","MEDIUM",1,"HUMAN_CURATED","",0,1,"UNIQUE","IMPORTED"
"q-hy-hi-0081","","subj-hindi","","","single_mcq","MEDIUM",1,"HUMAN_CURATED","",0,1,"UNIQUE","IMPORTED"
"q-hy-hi-0082","","subj-hindi","","","single_mcq","MEDIUM",1,"HUMAN_CURATED","",0,1,"UNIQUE","IMPORTED"
"q-hy-hi-0083","","subj-hindi","","","single_mcq","MEDIUM",1,"HUMAN_CURATED","",0,1,"UNIQUE","IMPORTED"
"q-hy-hi-0084","","subj-hindi","","","single_mcq","MEDIUM",1,"HUMAN_CURATED","",0,1,"UNIQUE","IMPORTED"
"q-hy-hi-0085","","subj-hindi","","","single_mcq","MEDIUM",1,"HUMAN_CURATED","",0,1,"UNIQUE","IMPORTED"
"q-hy-math-0001","","subj-math","","","single_mcq","MEDIUM",1,"HUMAN_CURATED","",0,1,"UNIQUE","IMPORTED"
"q-hy-math-0002","","subj-math","","","single_mcq","MEDIUM",1,"HUMAN_CURATED","",0,1,"UNIQUE","IMPORTED"
"q-hy-math-0003","","subj-math","","","single_mcq","MEDIUM",1,"HUMAN_CURATED","",0,1,"UNIQUE","IMPORTED"
"q-hy-math-0004","","subj-math","","","single_mcq","MEDIUM",1,"HUMAN_CURATED","",0,1,"UNIQUE","IMPORTED"
"q-hy-math-0005","","subj-math","","","single_mcq","MEDIUM",1,"HUMAN_CURATED","",0,1,"UNIQUE","IMPORTED"
"q-hy-math-0006","","subj-math","","","single_mcq","MEDIUM",1,"HUMAN_CURATED","",0,1,"UNIQUE","IMPORTED"
"q-hy-math-0007","","subj-math","","","single_mcq","MEDIUM",1,"HUMAN_CURATED","",0,1,"UNIQUE","IMPORTED"
"q-hy-math-0008","","subj-math","","","single_mcq","MEDIUM",1,"HUMAN_CURATED","",0,1,"UNIQUE","IMPORTED"
"q-hy-math-0009","","subj-math","","","single_mcq","MEDIUM",1,"HUMAN_CURATED","",0,1,"UNIQUE","IMPORTED"
"q-hy-math-0010","","subj-math","","","single_mcq","MEDIUM",1,"HUMAN_CURATED","",0,1,"UNIQUE","IMPORTED"
"q-hy-math-0011","","subj-math","","","single_mcq","MEDIUM",1,"HUMAN_CURATED","",0,1,"UNIQUE","IMPORTED"
"q-hy-math-0012","","subj-math","","","single_mcq","MEDIUM",1,"HUMAN_CURATED","",0,1,"UNIQUE","IMPORTED"
"q-hy-math-0013","","subj-math","","","single_mcq","MEDIUM",1,"HUMAN_CURATED","",0,1,"UNIQUE","IMPORTED"
"q-hy-math-0014","","subj-math","","","single_mcq","MEDIUM",1,"HUMAN_CURATED","",0,1,"UNIQUE","IMPORTED"
"q-hy-math-0015","","subj-math","","","single_mcq","MEDIUM",1,"HUMAN_CURATED","",0,1,"UNIQUE","IMPORTED"
"q-hy-math-0016","","subj-math","","","single_mcq","MEDIUM",1,"HUMAN_CURATED","",0,1,"UNIQUE","IMPORTED"
"q-hy-math-0017","","subj-math","","","single_mcq","MEDIUM",1,"HUMAN_CURATED","",0,1,"UNIQUE","IMPORTED"
"q-hy-math-0018","","subj-math","","","single_mcq","MEDIUM",1,"HUMAN_CURATED","",0,1,"UNIQUE","IMPORTED"
"q-hy-math-0019","","subj-math","","","single_mcq","MEDIUM",1,"HUMAN_CURATED","",0,1,"UNIQUE","IMPORTED"
"q-hy-math-0020","","subj-math","","","single_mcq","MEDIUM",1,"HUMAN_CURATED","",0,1,"UNIQUE","IMPORTED"
"q-hy-math-0021","","subj-math","","","single_mcq","MEDIUM",1,"HUMAN_CURATED","",0,1,"UNIQUE","IMPORTED"
"q-hy-math-0022","","subj-math","","","single_mcq","MEDIUM",1,"HUMAN_CURATED","",0,1,"UNIQUE","IMPORTED"
"q-hy-math-0023","","subj-math","","","single_mcq","MEDIUM",1,"HUMAN_CURATED","",0,1,"UNIQUE","IMPORTED"
"q-hy-math-0024","","subj-math","","","single_mcq","MEDIUM",1,"HUMAN_CURATED","",0,1,"UNIQUE","IMPORTED"
"q-hy-math-0025","","subj-math","","","single_mcq","MEDIUM",1,"HUMAN_CURATED","",0,1,"UNIQUE","IMPORTED"
"q-hy-math-0026","","subj-math","","","single_mcq","MEDIUM",1,"HUMAN_CURATED","",0,1,"UNIQUE","IMPORTED"
"q-hy-math-0027","","subj-math","","","single_mcq","MEDIUM",1,"HUMAN_CURATED","",0,1,"UNIQUE","IMPORTED"
"q-hy-math-0028","","subj-math","","","single_mcq","MEDIUM",1,"HUMAN_CURATED","",0,1,"UNIQUE","IMPORTED"
"q-hy-math-0029","","subj-math","","","single_mcq","MEDIUM",1,"HUMAN_CURATED","",0,1,"UNIQUE","IMPORTED"
"q-hy-math-0030","","subj-math","","","single_mcq","MEDIUM",1,"HUMAN_CURATED","",0,1,"UNIQUE","IMPORTED"
"q-hy-math-0031","","subj-math","","","single_mcq","MEDIUM",1,"HUMAN_CURATED","",0,1,"UNIQUE","IMPORTED"
"q-hy-math-0032","","subj-math","","","single_mcq","MEDIUM",1,"HUMAN_CURATED","",0,1,"UNIQUE","IMPORTED"
"q-hy-math-0033","","subj-math","","","single_mcq","MEDIUM",1,"HUMAN_CURATED","",0,1,"UNIQUE","IMPORTED"
"q-hy-math-0034","","subj-math","","","single_mcq","MEDIUM",1,"HUMAN_CURATED","",0,1,"UNIQUE","IMPORTED"
"q-hy-math-0035","","subj-math","","","single_mcq","MEDIUM",1,"HUMAN_CURATED","",0,1,"UNIQUE","IMPORTED"
"q-hy-math-0036","","subj-math","","","single_mcq","MEDIUM",1,"HUMAN_CURATED","",0,1,"UNIQUE","IMPORTED"
"q-hy-math-0037","","subj-math","","","single_mcq","MEDIUM",1,"HUMAN_CURATED","",0,1,"UNIQUE","IMPORTED"
"q-hy-math-0038","","subj-math","","","single_mcq","MEDIUM",1,"HUMAN_CURATED","",0,1,"UNIQUE","IMPORTED"
"q-hy-math-0039","","subj-math","","","single_mcq","MEDIUM",1,"HUMAN_CURATED","",0,1,"UNIQUE","IMPORTED"
"q-hy-math-0040","","subj-math","","","single_mcq","MEDIUM",1,"HUMAN_CURATED","",0,1,"UNIQUE","IMPORTED"
"q-hy-math-0041","","subj-math","","","single_mcq","MEDIUM",1,"HUMAN_CURATED","",0,1,"UNIQUE","IMPORTED"
"q-hy-math-0042","","subj-math","","","single_mcq","MEDIUM",1,"HUMAN_CURATED","",0,1,"UNIQUE","IMPORTED"
"q-hy-math-0043","","subj-math","","","single_mcq","MEDIUM",1,"HUMAN_CURATED","",0,1,"UNIQUE","IMPORTED"
"q-hy-math-0044","","subj-math","","","single_mcq","MEDIUM",1,"HUMAN_CURATED","",0,1,"UNIQUE","IMPORTED"
"q-hy-math-0045","","subj-math","","","single_mcq","MEDIUM",1,"HUMAN_CURATED","",0,1,"UNIQUE","IMPORTED"
"q-hy-math-0046","","subj-math","","","single_mcq","MEDIUM",1,"HUMAN_CURATED","",0,1,"UNIQUE","IMPORTED"
"q-hy-math-0047","","subj-math","","","single_mcq","MEDIUM",1,"HUMAN_CURATED","",0,1,"UNIQUE","IMPORTED"
"q-hy-math-0048","","subj-math","","","single_mcq","MEDIUM",1,"HUMAN_CURATED","",0,1,"UNIQUE","IMPORTED"
"q-hy-math-0049","","subj-math","","","single_mcq","MEDIUM",1,"HUMAN_CURATED","",0,1,"UNIQUE","IMPORTED"
"q-hy-math-0050","","subj-math","","","single_mcq","MEDIUM",1,"HUMAN_CURATED","",0,1,"UNIQUE","IMPORTED"
"q-hy-math-0051","","subj-math","","","single_mcq","MEDIUM",1,"HUMAN_CURATED","",0,1,"UNIQUE","IMPORTED"
"q-hy-math-0052","","subj-math","","","single_mcq","MEDIUM",1,"HUMAN_CURATED","",0,1,"UNIQUE","IMPORTED"
"q-hy-math-0053","","subj-math","","","single_mcq","MEDIUM",1,"HUMAN_CURATED","",0,1,"UNIQUE","IMPORTED"
"q-hy-math-0054","","subj-math","","","single_mcq","MEDIUM",1,"HUMAN_CURATED","",0,1,"UNIQUE","IMPORTED"
"q-hy-math-0055","","subj-math","","","single_mcq","MEDIUM",1,"HUMAN_CURATED","",0,1,"UNIQUE","IMPORTED"
"q-hy-math-0056","","subj-math","","","single_mcq","MEDIUM",1,"HUMAN_CURATED","",0,1,"UNIQUE","IMPORTED"
"q-hy-math-0057","","subj-math","","","single_mcq","MEDIUM",1,"HUMAN_CURATED","",0,1,"UNIQUE","IMPORTED"
"q-hy-math-0058","","subj-math","","","single_mcq","MEDIUM",1,"HUMAN_CURATED","",0,1,"UNIQUE","IMPORTED"
"q-hy-math-0059","","subj-math","","","single_mcq","MEDIUM",1,"HUMAN_CURATED","",0,1,"UNIQUE","IMPORTED"
"q-hy-math-0060","","subj-math","","","single_mcq","MEDIUM",1,"HUMAN_CURATED","",0,1,"UNIQUE","IMPORTED"
"q-hy-math-0061","","subj-math","","","single_mcq","MEDIUM",1,"HUMAN_CURATED","",0,1,"UNIQUE","IMPORTED"
"q-hy-math-0062","","subj-math","","","single_mcq","MEDIUM",1,"HUMAN_CURATED","",0,1,"UNIQUE","IMPORTED"
"q-hy-math-0063","","subj-math","","","single_mcq","MEDIUM",1,"HUMAN_CURATED","",0,1,"UNIQUE","IMPORTED"
"q-hy-math-0064","","subj-math","","","single_mcq","MEDIUM",1,"HUMAN_CURATED","",0,1,"UNIQUE","IMPORTED"
"q-hy-math-0065","","subj-math","","","single_mcq","MEDIUM",1,"HUMAN_CURATED","",0,1,"UNIQUE","IMPORTED"
"q-hy-math-0066","","subj-math","","","single_mcq","MEDIUM",1,"HUMAN_CURATED","",0,1,"UNIQUE","IMPORTED"
"q-hy-math-0067","","subj-math","","","single_mcq","MEDIUM",1,"HUMAN_CURATED","",0,1,"UNIQUE","IMPORTED"
"q-hy-math-0068","","subj-math","","","single_mcq","MEDIUM",1,"HUMAN_CURATED","",0,1,"UNIQUE","IMPORTED"
"q-hy-math-0069","","subj-math","","","single_mcq","MEDIUM",1,"HUMAN_CURATED","",0,1,"UNIQUE","IMPORTED"
"q-hy-math-0070","","subj-math","","","single_mcq","MEDIUM",1,"HUMAN_CURATED","",0,1,"UNIQUE","IMPORTED"
"q-hy-math-0071","","subj-math","","","single_mcq","MEDIUM",1,"HUMAN_CURATED","",0,1,"UNIQUE","IMPORTED"
"q-hy-math-0072","","subj-math","","","single_mcq","MEDIUM",1,"HUMAN_CURATED","",0,1,"UNIQUE","IMPORTED"
"q-hy-math-0073","","subj-math","","","single_mcq","MEDIUM",1,"HUMAN_CURATED","",0,1,"UNIQUE","IMPORTED"
"q-hy-math-0074","","subj-math","","","single_mcq","MEDIUM",1,"HUMAN_CURATED","",0,1,"UNIQUE","IMPORTED"
"q-hy-math-0075","","subj-math","","","single_mcq","MEDIUM",1,"HUMAN_CURATED","",0,1,"UNIQUE","IMPORTED"
"q-hy-math-0076","","subj-math","","","single_mcq","MEDIUM",1,"HUMAN_CURATED","",0,1,"UNIQUE","IMPORTED"
"q-hy-math-0077","","subj-math","","","single_mcq","MEDIUM",1,"HUMAN_CURATED","",0,1,"UNIQUE","IMPORTED"
"q-hy-math-0078","","subj-math","","","single_mcq","MEDIUM",1,"HUMAN_CURATED","",0,1,"UNIQUE","IMPORTED"
"q-hy-math-0079","","subj-math","","","single_mcq","MEDIUM",1,"HUMAN_CURATED","",0,1,"UNIQUE","IMPORTED"
"q-hy-math-0080","","subj-math","","","single_mcq","MEDIUM",1,"HUMAN_CURATED","",0,1,"UNIQUE","IMPORTED"
"q-hy-math-0081","","subj-math","","","single_mcq","MEDIUM",1,"HUMAN_CURATED","",0,1,"UNIQUE","IMPORTED"
"q-hy-math-0082","","subj-math","","","single_mcq","MEDIUM",1,"HUMAN_CURATED","",0,1,"UNIQUE","IMPORTED"
"q-hy-math-0083","","subj-math","","","single_mcq","MEDIUM",1,"HUMAN_CURATED","",0,1,"UNIQUE","IMPORTED"
"q-hy-math-0084","","subj-math","","","single_mcq","MEDIUM",1,"HUMAN_CURATED","",0,1,"UNIQUE","IMPORTED"
"q-hy-math-0085","","subj-math","","","single_mcq","MEDIUM",1,"HUMAN_CURATED","",0,1,"UNIQUE","IMPORTED"
"q-hy-sa-0001","","subj-sanskrit","","","single_mcq","MEDIUM",1,"HUMAN_CURATED","",0,1,"UNIQUE","IMPORTED"
"q-hy-sa-0002","","subj-sanskrit","","","single_mcq","MEDIUM",1,"HUMAN_CURATED","",0,1,"UNIQUE","IMPORTED"
"q-hy-sa-0003","","subj-sanskrit","","","single_mcq","MEDIUM",1,"HUMAN_CURATED","",0,1,"UNIQUE","IMPORTED"
"q-hy-sa-0004","","subj-sanskrit","","","single_mcq","MEDIUM",1,"HUMAN_CURATED","",0,1,"UNIQUE","IMPORTED"
"q-hy-sa-0005","","subj-sanskrit","","","single_mcq","MEDIUM",1,"HUMAN_CURATED","",0,1,"UNIQUE","IMPORTED"
"q-hy-sa-0006","","subj-sanskrit","","","single_mcq","MEDIUM",1,"HUMAN_CURATED","",0,1,"UNIQUE","IMPORTED"
"q-hy-sa-0007","","subj-sanskrit","","","single_mcq","MEDIUM",1,"HUMAN_CURATED","",0,1,"UNIQUE","IMPORTED"
"q-hy-sa-0008","","subj-sanskrit","","","single_mcq","MEDIUM",1,"HUMAN_CURATED","",0,1,"UNIQUE","IMPORTED"
"q-hy-sa-0009","","subj-sanskrit","","","single_mcq","MEDIUM",1,"HUMAN_CURATED","",0,1,"UNIQUE","IMPORTED"
"q-hy-sa-0010","","subj-sanskrit","","","single_mcq","MEDIUM",1,"HUMAN_CURATED","",0,1,"UNIQUE","IMPORTED"
"q-hy-sa-0011","","subj-sanskrit","","","single_mcq","MEDIUM",1,"HUMAN_CURATED","",0,1,"UNIQUE","IMPORTED"
"q-hy-sa-0012","","subj-sanskrit","","","single_mcq","MEDIUM",1,"HUMAN_CURATED","",0,1,"UNIQUE","IMPORTED"
"q-hy-sa-0013","","subj-sanskrit","","","single_mcq","MEDIUM",1,"HUMAN_CURATED","",0,1,"UNIQUE","IMPORTED"
"q-hy-sa-0014","","subj-sanskrit","","","single_mcq","MEDIUM",1,"HUMAN_CURATED","",0,1,"UNIQUE","IMPORTED"
"q-hy-sa-0015","","subj-sanskrit","","","single_mcq","MEDIUM",1,"HUMAN_CURATED","",0,1,"UNIQUE","IMPORTED"
"q-hy-sa-0016","","subj-sanskrit","","","single_mcq","MEDIUM",1,"HUMAN_CURATED","",0,1,"UNIQUE","IMPORTED"
"q-hy-sa-0017","","subj-sanskrit","","","single_mcq","MEDIUM",1,"HUMAN_CURATED","",0,1,"UNIQUE","IMPORTED"
"q-hy-sa-0018","","subj-sanskrit","","","single_mcq","MEDIUM",1,"HUMAN_CURATED","",0,1,"UNIQUE","IMPORTED"
"q-hy-sa-0019","","subj-sanskrit","","","single_mcq","MEDIUM",1,"HUMAN_CURATED","",0,1,"UNIQUE","IMPORTED"
"q-hy-sa-0020","","subj-sanskrit","","","single_mcq","MEDIUM",1,"HUMAN_CURATED","",0,1,"UNIQUE","IMPORTED"
"q-hy-sa-0021","","subj-sanskrit","","","single_mcq","MEDIUM",1,"HUMAN_CURATED","",0,1,"UNIQUE","IMPORTED"
"q-hy-sa-0022","","subj-sanskrit","","","single_mcq","MEDIUM",1,"HUMAN_CURATED","",0,1,"UNIQUE","IMPORTED"
"q-hy-sa-0023","","subj-sanskrit","","","single_mcq","MEDIUM",1,"HUMAN_CURATED","",0,1,"UNIQUE","IMPORTED"
"q-hy-sa-0024","","subj-sanskrit","","","single_mcq","MEDIUM",1,"HUMAN_CURATED","",0,1,"UNIQUE","IMPORTED"
"q-hy-sa-0025","","subj-sanskrit","","","single_mcq","MEDIUM",1,"HUMAN_CURATED","",0,1,"UNIQUE","IMPORTED"
"q-hy-sa-0026","","subj-sanskrit","","","single_mcq","MEDIUM",1,"HUMAN_CURATED","",0,1,"UNIQUE","IMPORTED"
"q-hy-sa-0027","","subj-sanskrit","","","single_mcq","MEDIUM",1,"HUMAN_CURATED","",0,1,"UNIQUE","IMPORTED"
"q-hy-sa-0028","","subj-sanskrit","","","single_mcq","MEDIUM",1,"HUMAN_CURATED","",0,1,"UNIQUE","IMPORTED"
"q-hy-sa-0029","","subj-sanskrit","","","single_mcq","MEDIUM",1,"HUMAN_CURATED","",0,1,"UNIQUE","IMPORTED"
"q-hy-sa-0030","","subj-sanskrit","","","single_mcq","MEDIUM",1,"HUMAN_CURATED","",0,1,"UNIQUE","IMPORTED"
"q-hy-sa-0031","","subj-sanskrit","","","single_mcq","MEDIUM",1,"HUMAN_CURATED","",0,1,"UNIQUE","IMPORTED"
"q-hy-sa-0032","","subj-sanskrit","","","single_mcq","MEDIUM",1,"HUMAN_CURATED","",0,1,"UNIQUE","IMPORTED"
"q-hy-sa-0033","","subj-sanskrit","","","single_mcq","MEDIUM",1,"HUMAN_CURATED","",0,1,"UNIQUE","IMPORTED"
"q-hy-sa-0034","","subj-sanskrit","","","single_mcq","MEDIUM",1,"HUMAN_CURATED","",0,1,"UNIQUE","IMPORTED"
"q-hy-sa-0035","","subj-sanskrit","","","single_mcq","MEDIUM",1,"HUMAN_CURATED","",0,1,"UNIQUE","IMPORTED"
"q-hy-sa-0036","","subj-sanskrit","","","single_mcq","MEDIUM",1,"HUMAN_CURATED","",0,1,"UNIQUE","IMPORTED"
"q-hy-sa-0037","","subj-sanskrit","","","single_mcq","MEDIUM",1,"HUMAN_CURATED","",0,1,"UNIQUE","IMPORTED"
"q-hy-sa-0038","","subj-sanskrit","","","single_mcq","MEDIUM",1,"HUMAN_CURATED","",0,1,"UNIQUE","IMPORTED"
"q-hy-sa-0039","","subj-sanskrit","","","single_mcq","MEDIUM",1,"HUMAN_CURATED","",0,1,"UNIQUE","IMPORTED"
"q-hy-sa-0040","","subj-sanskrit","","","single_mcq","MEDIUM",1,"HUMAN_CURATED","",0,1,"UNIQUE","IMPORTED"
"q-hy-sa-0041","","subj-sanskrit","","","single_mcq","MEDIUM",1,"HUMAN_CURATED","",0,1,"UNIQUE","IMPORTED"
"q-hy-sa-0042","","subj-sanskrit","","","single_mcq","MEDIUM",1,"HUMAN_CURATED","",0,1,"UNIQUE","IMPORTED"
"q-hy-sa-0043","","subj-sanskrit","","","single_mcq","MEDIUM",1,"HUMAN_CURATED","",0,1,"UNIQUE","IMPORTED"
"q-hy-sa-0044","","subj-sanskrit","","","single_mcq","MEDIUM",1,"HUMAN_CURATED","",0,1,"UNIQUE","IMPORTED"
"q-hy-sa-0045","","subj-sanskrit","","","single_mcq","MEDIUM",1,"HUMAN_CURATED","",0,1,"UNIQUE","IMPORTED"
"q-hy-sa-0046","","subj-sanskrit","","","single_mcq","MEDIUM",1,"HUMAN_CURATED","",0,1,"UNIQUE","IMPORTED"
"q-hy-sa-0047","","subj-sanskrit","","","single_mcq","MEDIUM",1,"HUMAN_CURATED","",0,1,"UNIQUE","IMPORTED"
"q-hy-sa-0048","","subj-sanskrit","","","single_mcq","MEDIUM",1,"HUMAN_CURATED","",0,1,"UNIQUE","IMPORTED"
"q-hy-sa-0049","","subj-sanskrit","","","single_mcq","MEDIUM",1,"HUMAN_CURATED","",0,1,"UNIQUE","IMPORTED"
"q-hy-sa-0050","","subj-sanskrit","","","single_mcq","MEDIUM",1,"HUMAN_CURATED","",0,1,"UNIQUE","IMPORTED"
"q-hy-sa-0051","","subj-sanskrit","","","single_mcq","MEDIUM",1,"HUMAN_CURATED","",0,1,"UNIQUE","IMPORTED"
"q-hy-sa-0052","","subj-sanskrit","","","single_mcq","MEDIUM",1,"HUMAN_CURATED","",0,1,"UNIQUE","IMPORTED"
"q-hy-sa-0053","","subj-sanskrit","","","single_mcq","MEDIUM",1,"HUMAN_CURATED","",0,1,"UNIQUE","IMPORTED"
"q-hy-sa-0054","","subj-sanskrit","","","single_mcq","MEDIUM",1,"HUMAN_CURATED","",0,1,"UNIQUE","IMPORTED"
"q-hy-sa-0055","","subj-sanskrit","","","single_mcq","MEDIUM",1,"HUMAN_CURATED","",0,1,"UNIQUE","IMPORTED"
"q-hy-sa-0056","","subj-sanskrit","","","single_mcq","MEDIUM",1,"HUMAN_CURATED","",0,1,"UNIQUE","IMPORTED"
"q-hy-sa-0057","","subj-sanskrit","","","single_mcq","MEDIUM",1,"HUMAN_CURATED","",0,1,"UNIQUE","IMPORTED"
"q-hy-sa-0058","","subj-sanskrit","","","single_mcq","MEDIUM",1,"HUMAN_CURATED","",0,1,"UNIQUE","IMPORTED"
"q-hy-sa-0059","","subj-sanskrit","","","single_mcq","MEDIUM",1,"HUMAN_CURATED","",0,1,"UNIQUE","IMPORTED"
"q-hy-sa-0060","","subj-sanskrit","","","single_mcq","MEDIUM",1,"HUMAN_CURATED","",0,1,"UNIQUE","IMPORTED"
"q-hy-sa-0061","","subj-sanskrit","","","single_mcq","MEDIUM",1,"HUMAN_CURATED","",0,1,"UNIQUE","IMPORTED"
"q-hy-sa-0062","","subj-sanskrit","","","single_mcq","MEDIUM",1,"HUMAN_CURATED","",0,1,"UNIQUE","IMPORTED"
"q-hy-sa-0063","","subj-sanskrit","","","single_mcq","MEDIUM",1,"HUMAN_CURATED","",0,1,"UNIQUE","IMPORTED"
"q-hy-sa-0064","","subj-sanskrit","","","single_mcq","MEDIUM",1,"HUMAN_CURATED","",0,1,"UNIQUE","IMPORTED"
"q-hy-sa-0065","","subj-sanskrit","","","single_mcq","MEDIUM",1,"HUMAN_CURATED","",0,1,"UNIQUE","IMPORTED"
"q-hy-sa-0066","","subj-sanskrit","","","single_mcq","MEDIUM",1,"HUMAN_CURATED","",0,1,"UNIQUE","IMPORTED"
"q-hy-sa-0067","","subj-sanskrit","","","single_mcq","MEDIUM",1,"HUMAN_CURATED","",0,1,"UNIQUE","IMPORTED"
"q-hy-sa-0068","","subj-sanskrit","","","single_mcq","MEDIUM",1,"HUMAN_CURATED","",0,1,"UNIQUE","IMPORTED"
"q-hy-sa-0069","","subj-sanskrit","","","single_mcq","MEDIUM",1,"HUMAN_CURATED","",0,1,"UNIQUE","IMPORTED"
"q-hy-sa-0070","","subj-sanskrit","","","single_mcq","MEDIUM",1,"HUMAN_CURATED","",0,1,"UNIQUE","IMPORTED"
"q-hy-sa-0071","","subj-sanskrit","","","single_mcq","MEDIUM",1,"HUMAN_CURATED","",0,1,"UNIQUE","IMPORTED"
"q-hy-sa-0072","","subj-sanskrit","","","single_mcq","MEDIUM",1,"HUMAN_CURATED","",0,1,"UNIQUE","IMPORTED"
"q-hy-sa-0073","","subj-sanskrit","","","single_mcq","MEDIUM",1,"HUMAN_CURATED","",0,1,"UNIQUE","IMPORTED"
"q-hy-sa-0074","","subj-sanskrit","","","single_mcq","MEDIUM",1,"HUMAN_CURATED","",0,1,"UNIQUE","IMPORTED"
"q-hy-sa-0075","","subj-sanskrit","","","single_mcq","MEDIUM",1,"HUMAN_CURATED","",0,1,"UNIQUE","IMPORTED"
"q-hy-sa-0076","","subj-sanskrit","","","single_mcq","MEDIUM",1,"HUMAN_CURATED","",0,1,"UNIQUE","IMPORTED"
"q-hy-sa-0077","","subj-sanskrit","","","single_mcq","MEDIUM",1,"HUMAN_CURATED","",0,1,"UNIQUE","IMPORTED"
"q-hy-sa-0078","","subj-sanskrit","","","single_mcq","MEDIUM",1,"HUMAN_CURATED","",0,1,"UNIQUE","IMPORTED"
"q-hy-sa-0079","","subj-sanskrit","","","single_mcq","MEDIUM",1,"HUMAN_CURATED","",0,1,"UNIQUE","IMPORTED"
"q-hy-sa-0080","","subj-sanskrit","","","single_mcq","MEDIUM",1,"HUMAN_CURATED","",0,1,"UNIQUE","IMPORTED"
"q-hy-sa-0081","","subj-sanskrit","","","single_mcq","MEDIUM",1,"HUMAN_CURATED","",0,1,"UNIQUE","IMPORTED"
"q-hy-sa-0082","","subj-sanskrit","","","single_mcq","MEDIUM",1,"HUMAN_CURATED","",0,1,"UNIQUE","IMPORTED"
"q-hy-sa-0083","","subj-sanskrit","","","single_mcq","MEDIUM",1,"HUMAN_CURATED","",0,1,"UNIQUE","IMPORTED"
"q-hy-sa-0084","","subj-sanskrit","","","single_mcq","MEDIUM",1,"HUMAN_CURATED","",0,1,"UNIQUE","IMPORTED"
"q-hy-sa-0085","","subj-sanskrit","","","single_mcq","MEDIUM",1,"HUMAN_CURATED","",0,1,"UNIQUE","IMPORTED"
"q-hy-sci-0001","","subj-science","","","single_mcq","MEDIUM",1,"HUMAN_CURATED","",0,1,"UNIQUE","IMPORTED"
"q-hy-sci-0002","","subj-science","","","single_mcq","MEDIUM",1,"HUMAN_CURATED","",0,1,"UNIQUE","IMPORTED"
"q-hy-sci-0003","","subj-science","","","single_mcq","MEDIUM",1,"HUMAN_CURATED","",0,1,"UNIQUE","IMPORTED"
"q-hy-sci-0004","","subj-science","","","single_mcq","MEDIUM",1,"HUMAN_CURATED","",0,1,"UNIQUE","IMPORTED"
"q-hy-sci-0005","","subj-science","","","single_mcq","MEDIUM",1,"HUMAN_CURATED","",0,1,"UNIQUE","IMPORTED"
"q-hy-sci-0006","","subj-science","","","single_mcq","MEDIUM",1,"HUMAN_CURATED","",0,1,"UNIQUE","IMPORTED"
"q-hy-sci-0007","","subj-science","","","single_mcq","MEDIUM",1,"HUMAN_CURATED","",0,1,"UNIQUE","IMPORTED"
"q-hy-sci-0008","","subj-science","","","single_mcq","MEDIUM",1,"HUMAN_CURATED","",0,1,"UNIQUE","IMPORTED"
"q-hy-sci-0009","","subj-science","","","single_mcq","MEDIUM",1,"HUMAN_CURATED","",0,1,"UNIQUE","IMPORTED"
"q-hy-sci-0010","","subj-science","","","single_mcq","MEDIUM",1,"HUMAN_CURATED","",0,1,"UNIQUE","IMPORTED"
"q-hy-sci-0011","","subj-science","","","single_mcq","MEDIUM",1,"HUMAN_CURATED","",0,1,"UNIQUE","IMPORTED"
"q-hy-sci-0012","","subj-science","","","single_mcq","MEDIUM",1,"HUMAN_CURATED","",0,1,"UNIQUE","IMPORTED"
"q-hy-sci-0013","","subj-science","","","single_mcq","MEDIUM",1,"HUMAN_CURATED","",0,1,"UNIQUE","IMPORTED"
"q-hy-sci-0014","","subj-science","","","single_mcq","MEDIUM",1,"HUMAN_CURATED","",0,1,"UNIQUE","IMPORTED"
"q-hy-sci-0015","","subj-science","","","single_mcq","MEDIUM",1,"HUMAN_CURATED","",0,1,"UNIQUE","IMPORTED"
"q-hy-sci-0016","","subj-science","","","single_mcq","MEDIUM",1,"HUMAN_CURATED","",0,1,"UNIQUE","IMPORTED"
"q-hy-sci-0017","","subj-science","","","single_mcq","MEDIUM",1,"HUMAN_CURATED","",0,1,"UNIQUE","IMPORTED"
"q-hy-sci-0018","","subj-science","","","single_mcq","MEDIUM",1,"HUMAN_CURATED","",0,1,"UNIQUE","IMPORTED"
"q-hy-sci-0019","","subj-science","","","single_mcq","MEDIUM",1,"HUMAN_CURATED","",0,1,"UNIQUE","IMPORTED"
"q-hy-sci-0020","","subj-science","","","single_mcq","MEDIUM",1,"HUMAN_CURATED","",0,1,"UNIQUE","IMPORTED"
"q-hy-sci-0021","","subj-science","","","single_mcq","MEDIUM",1,"HUMAN_CURATED","",0,1,"UNIQUE","IMPORTED"
"q-hy-sci-0022","","subj-science","","","single_mcq","MEDIUM",1,"HUMAN_CURATED","",0,1,"UNIQUE","IMPORTED"
"q-hy-sci-0023","","subj-science","","","single_mcq","MEDIUM",1,"HUMAN_CURATED","",0,1,"UNIQUE","IMPORTED"
"q-hy-sci-0024","","subj-science","","","single_mcq","MEDIUM",1,"HUMAN_CURATED","",0,1,"UNIQUE","IMPORTED"
"q-hy-sci-0025","","subj-science","","","single_mcq","MEDIUM",1,"HUMAN_CURATED","",0,1,"UNIQUE","IMPORTED"
"q-hy-sci-0026","","subj-science","","","single_mcq","MEDIUM",1,"HUMAN_CURATED","",0,1,"UNIQUE","IMPORTED"
"q-hy-sci-0027","","subj-science","","","single_mcq","MEDIUM",1,"HUMAN_CURATED","",0,1,"UNIQUE","IMPORTED"
"q-hy-sci-0028","","subj-science","","","single_mcq","MEDIUM",1,"HUMAN_CURATED","",0,1,"UNIQUE","IMPORTED"
"q-hy-sci-0029","","subj-science","","","single_mcq","MEDIUM",1,"HUMAN_CURATED","",0,1,"UNIQUE","IMPORTED"
"q-hy-sci-0030","","subj-science","","","single_mcq","MEDIUM",1,"HUMAN_CURATED","",0,1,"UNIQUE","IMPORTED"
"q-hy-sci-0031","","subj-science","","","single_mcq","MEDIUM",1,"HUMAN_CURATED","",0,1,"UNIQUE","IMPORTED"
"q-hy-sci-0032","","subj-science","","","single_mcq","MEDIUM",1,"HUMAN_CURATED","",0,1,"UNIQUE","IMPORTED"
"q-hy-sci-0033","","subj-science","","","single_mcq","MEDIUM",1,"HUMAN_CURATED","",0,1,"UNIQUE","IMPORTED"
"q-hy-sci-0034","","subj-science","","","single_mcq","MEDIUM",1,"HUMAN_CURATED","",0,1,"UNIQUE","IMPORTED"
"q-hy-sci-0035","","subj-science","","","single_mcq","MEDIUM",1,"HUMAN_CURATED","",0,1,"UNIQUE","IMPORTED"
"q-hy-sci-0036","","subj-science","","","single_mcq","MEDIUM",1,"HUMAN_CURATED","",0,1,"UNIQUE","IMPORTED"
"q-hy-sci-0037","","subj-science","","","single_mcq","MEDIUM",1,"HUMAN_CURATED","",0,1,"UNIQUE","IMPORTED"
"q-hy-sci-0038","","subj-science","","","single_mcq","MEDIUM",1,"HUMAN_CURATED","",0,1,"UNIQUE","IMPORTED"
"q-hy-sci-0039","","subj-science","","","single_mcq","MEDIUM",1,"HUMAN_CURATED","",0,1,"UNIQUE","IMPORTED"
"q-hy-sci-0040","","subj-science","","","single_mcq","MEDIUM",1,"HUMAN_CURATED","",0,1,"UNIQUE","IMPORTED"
"q-hy-sci-0041","","subj-science","","","single_mcq","MEDIUM",1,"HUMAN_CURATED","",0,1,"UNIQUE","IMPORTED"
"q-hy-sci-0042","","subj-science","","","single_mcq","MEDIUM",1,"HUMAN_CURATED","",0,1,"UNIQUE","IMPORTED"
"q-hy-sci-0043","","subj-science","","","single_mcq","MEDIUM",1,"HUMAN_CURATED","",0,1,"UNIQUE","IMPORTED"
"q-hy-sci-0044","","subj-science","","","single_mcq","MEDIUM",1,"HUMAN_CURATED","",0,1,"UNIQUE","IMPORTED"
"q-hy-sci-0045","","subj-science","","","single_mcq","MEDIUM",1,"HUMAN_CURATED","",0,1,"UNIQUE","IMPORTED"
"q-hy-sci-0046","","subj-science","","","single_mcq","MEDIUM",1,"HUMAN_CURATED","",0,1,"UNIQUE","IMPORTED"
"q-hy-sci-0047","","subj-science","","","single_mcq","MEDIUM",1,"HUMAN_CURATED","",0,1,"UNIQUE","IMPORTED"
"q-hy-sci-0048","","subj-science","","","single_mcq","MEDIUM",1,"HUMAN_CURATED","",0,1,"UNIQUE","IMPORTED"
"q-hy-sci-0049","","subj-science","","","single_mcq","MEDIUM",1,"HUMAN_CURATED","",0,1,"UNIQUE","IMPORTED"
"q-hy-sci-0050","","subj-science","","","single_mcq","MEDIUM",1,"HUMAN_CURATED","",0,1,"UNIQUE","IMPORTED"
"q-hy-sci-0051","","subj-science","","","single_mcq","MEDIUM",1,"HUMAN_CURATED","",0,1,"UNIQUE","IMPORTED"
"q-hy-sci-0052","","subj-science","","","single_mcq","MEDIUM",1,"HUMAN_CURATED","",0,1,"UNIQUE","IMPORTED"
"q-hy-sci-0053","","subj-science","","","single_mcq","MEDIUM",1,"HUMAN_CURATED","",0,1,"UNIQUE","IMPORTED"
"q-hy-sci-0054","","subj-science","","","single_mcq","MEDIUM",1,"HUMAN_CURATED","",0,1,"UNIQUE","IMPORTED"
"q-hy-sci-0055","","subj-science","","","single_mcq","MEDIUM",1,"HUMAN_CURATED","",0,1,"UNIQUE","IMPORTED"
"q-hy-sci-0056","","subj-science","","","single_mcq","MEDIUM",1,"HUMAN_CURATED","",0,1,"UNIQUE","IMPORTED"
"q-hy-sci-0057","","subj-science","","","single_mcq","MEDIUM",1,"HUMAN_CURATED","",0,1,"UNIQUE","IMPORTED"
"q-hy-sci-0058","","subj-science","","","single_mcq","MEDIUM",1,"HUMAN_CURATED","",0,1,"UNIQUE","IMPORTED"
"q-hy-sci-0059","","subj-science","","","single_mcq","MEDIUM",1,"HUMAN_CURATED","",0,1,"UNIQUE","IMPORTED"
"q-hy-sci-0060","","subj-science","","","single_mcq","MEDIUM",1,"HUMAN_CURATED","",0,1,"UNIQUE","IMPORTED"
"q-hy-sci-0061","","subj-science","","","single_mcq","MEDIUM",1,"HUMAN_CURATED","",0,1,"UNIQUE","IMPORTED"
"q-hy-sci-0062","","subj-science","","","single_mcq","MEDIUM",1,"HUMAN_CURATED","",0,1,"UNIQUE","IMPORTED"
"q-hy-sci-0063","","subj-science","","","single_mcq","MEDIUM",1,"HUMAN_CURATED","",0,1,"UNIQUE","IMPORTED"
"q-hy-sci-0064","","subj-science","","","single_mcq","MEDIUM",1,"HUMAN_CURATED","",0,1,"UNIQUE","IMPORTED"
"q-hy-sci-0065","","subj-science","","","single_mcq","MEDIUM",1,"HUMAN_CURATED","",0,1,"UNIQUE","IMPORTED"
"q-hy-sci-0066","","subj-science","","","single_mcq","MEDIUM",1,"HUMAN_CURATED","",0,1,"UNIQUE","IMPORTED"
"q-hy-sci-0067","","subj-science","","","single_mcq","MEDIUM",1,"HUMAN_CURATED","",0,1,"UNIQUE","IMPORTED"
"q-hy-sci-0068","","subj-science","","","single_mcq","MEDIUM",1,"HUMAN_CURATED","",0,1,"UNIQUE","IMPORTED"
"q-hy-sci-0069","","subj-science","","","single_mcq","MEDIUM",1,"HUMAN_CURATED","",0,1,"UNIQUE","IMPORTED"
"q-hy-sci-0070","","subj-science","","","single_mcq","MEDIUM",1,"HUMAN_CURATED","",0,1,"UNIQUE","IMPORTED"
"q-hy-sci-0071","","subj-science","","","single_mcq","MEDIUM",1,"HUMAN_CURATED","",0,1,"UNIQUE","IMPORTED"
"q-hy-sci-0072","","subj-science","","","single_mcq","MEDIUM",1,"HUMAN_CURATED","",0,1,"UNIQUE","IMPORTED"
"q-hy-sci-0073","","subj-science","","","single_mcq","MEDIUM",1,"HUMAN_CURATED","",0,1,"UNIQUE","IMPORTED"
"q-hy-sci-0074","","subj-science","","","single_mcq","MEDIUM",1,"HUMAN_CURATED","",0,1,"UNIQUE","IMPORTED"
"q-hy-sci-0075","","subj-science","","","single_mcq","MEDIUM",1,"HUMAN_CURATED","",0,1,"UNIQUE","IMPORTED"
"q-hy-sci-0076","","subj-science","","","single_mcq","MEDIUM",1,"HUMAN_CURATED","",0,1,"UNIQUE","IMPORTED"
"q-hy-sci-0077","","subj-science","","","single_mcq","MEDIUM",1,"HUMAN_CURATED","",0,1,"UNIQUE","IMPORTED"
"q-hy-sci-0078","","subj-science","","","single_mcq","MEDIUM",1,"HUMAN_CURATED","",0,1,"UNIQUE","IMPORTED"
"q-hy-sci-0079","","subj-science","","","single_mcq","MEDIUM",1,"HUMAN_CURATED","",0,1,"UNIQUE","IMPORTED"
"q-hy-sci-0080","","subj-science","","","single_mcq","MEDIUM",1,"HUMAN_CURATED","",0,1,"UNIQUE","IMPORTED"
"q-hy-sci-0081","","subj-science","","","single_mcq","MEDIUM",1,"HUMAN_CURATED","",0,1,"UNIQUE","IMPORTED"
"q-hy-sci-0082","","subj-science","","","single_mcq","MEDIUM",1,"HUMAN_CURATED","",0,1,"UNIQUE","IMPORTED"
"q-hy-sci-0083","","subj-science","","","single_mcq","MEDIUM",1,"HUMAN_CURATED","",0,1,"UNIQUE","IMPORTED"
"q-hy-sci-0084","","subj-science","","","single_mcq","MEDIUM",1,"HUMAN_CURATED","",0,1,"UNIQUE","IMPORTED"
"q-hy-sci-0085","","subj-science","","","single_mcq","MEDIUM",1,"HUMAN_CURATED","",0,1,"UNIQUE","IMPORTED"
"q-hy-soc-0001","","subj-social","","","single_mcq","MEDIUM",1,"HUMAN_CURATED","",0,1,"UNIQUE","IMPORTED"
"q-hy-soc-0002","","subj-social","","","single_mcq","MEDIUM",1,"HUMAN_CURATED","",0,1,"UNIQUE","IMPORTED"
"q-hy-soc-0003","","subj-social","","","single_mcq","MEDIUM",1,"HUMAN_CURATED","",0,1,"UNIQUE","IMPORTED"
"q-hy-soc-0004","","subj-social","","","single_mcq","MEDIUM",1,"HUMAN_CURATED","",0,1,"UNIQUE","IMPORTED"
"q-hy-soc-0005","","subj-social","","","single_mcq","MEDIUM",1,"HUMAN_CURATED","",0,1,"UNIQUE","IMPORTED"
"q-hy-soc-0006","","subj-social","","","single_mcq","MEDIUM",1,"HUMAN_CURATED","",0,1,"UNIQUE","IMPORTED"
"q-hy-soc-0007","","subj-social","","","single_mcq","MEDIUM",1,"HUMAN_CURATED","",0,1,"UNIQUE","IMPORTED"
"q-hy-soc-0008","","subj-social","","","single_mcq","MEDIUM",1,"HUMAN_CURATED","",0,1,"UNIQUE","IMPORTED"
"q-hy-soc-0009","","subj-social","","","single_mcq","MEDIUM",1,"HUMAN_CURATED","",0,1,"UNIQUE","IMPORTED"
"q-hy-soc-0010","","subj-social","","","single_mcq","MEDIUM",1,"HUMAN_CURATED","",0,1,"UNIQUE","IMPORTED"
"q-hy-soc-0011","","subj-social","","","single_mcq","MEDIUM",1,"HUMAN_CURATED","",0,1,"UNIQUE","IMPORTED"
"q-hy-soc-0012","","subj-social","","","single_mcq","MEDIUM",1,"HUMAN_CURATED","",0,1,"UNIQUE","IMPORTED"
"q-hy-soc-0013","","subj-social","","","single_mcq","MEDIUM",1,"HUMAN_CURATED","",0,1,"UNIQUE","IMPORTED"
"q-hy-soc-0014","","subj-social","","","single_mcq","MEDIUM",1,"HUMAN_CURATED","",0,1,"UNIQUE","IMPORTED"
"q-hy-soc-0015","","subj-social","","","single_mcq","MEDIUM",1,"HUMAN_CURATED","",0,1,"UNIQUE","IMPORTED"
"q-hy-soc-0016","","subj-social","","","single_mcq","MEDIUM",1,"HUMAN_CURATED","",0,1,"UNIQUE","IMPORTED"
"q-hy-soc-0017","","subj-social","","","single_mcq","MEDIUM",1,"HUMAN_CURATED","",0,1,"UNIQUE","IMPORTED"
"q-hy-soc-0018","","subj-social","","","single_mcq","MEDIUM",1,"HUMAN_CURATED","",0,1,"UNIQUE","IMPORTED"
"q-hy-soc-0019","","subj-social","","","single_mcq","MEDIUM",1,"HUMAN_CURATED","",0,1,"UNIQUE","IMPORTED"
"q-hy-soc-0020","","subj-social","","","single_mcq","MEDIUM",1,"HUMAN_CURATED","",0,1,"UNIQUE","IMPORTED"
"q-hy-soc-0021","","subj-social","","","single_mcq","MEDIUM",1,"HUMAN_CURATED","",0,1,"UNIQUE","IMPORTED"
"q-hy-soc-0022","","subj-social","","","single_mcq","MEDIUM",1,"HUMAN_CURATED","",0,1,"UNIQUE","IMPORTED"
"q-hy-soc-0023","","subj-social","","","single_mcq","MEDIUM",1,"HUMAN_CURATED","",0,1,"UNIQUE","IMPORTED"
"q-hy-soc-0024","","subj-social","","","single_mcq","MEDIUM",1,"HUMAN_CURATED","",0,1,"UNIQUE","IMPORTED"
"q-hy-soc-0025","","subj-social","","","single_mcq","MEDIUM",1,"HUMAN_CURATED","",0,1,"UNIQUE","IMPORTED"
"q-hy-soc-0026","","subj-social","","","single_mcq","MEDIUM",1,"HUMAN_CURATED","",0,1,"UNIQUE","IMPORTED"
"q-hy-soc-0027","","subj-social","","","single_mcq","MEDIUM",1,"HUMAN_CURATED","",0,1,"UNIQUE","IMPORTED"
"q-hy-soc-0028","","subj-social","","","single_mcq","MEDIUM",1,"HUMAN_CURATED","",0,1,"UNIQUE","IMPORTED"
"q-hy-soc-0029","","subj-social","","","single_mcq","MEDIUM",1,"HUMAN_CURATED","",0,1,"UNIQUE","IMPORTED"
"q-hy-soc-0030","","subj-social","","","single_mcq","MEDIUM",1,"HUMAN_CURATED","",0,1,"UNIQUE","IMPORTED"
"q-hy-soc-0031","","subj-social","","","single_mcq","MEDIUM",1,"HUMAN_CURATED","",0,1,"UNIQUE","IMPORTED"
"q-hy-soc-0032","","subj-social","","","single_mcq","MEDIUM",1,"HUMAN_CURATED","",0,1,"UNIQUE","IMPORTED"
"q-hy-soc-0033","","subj-social","","","single_mcq","MEDIUM",1,"HUMAN_CURATED","",0,1,"UNIQUE","IMPORTED"
"q-hy-soc-0034","","subj-social","","","single_mcq","MEDIUM",1,"HUMAN_CURATED","",0,1,"UNIQUE","IMPORTED"
"q-hy-soc-0035","","subj-social","","","single_mcq","MEDIUM",1,"HUMAN_CURATED","",0,1,"UNIQUE","IMPORTED"
"q-hy-soc-0036","","subj-social","","","single_mcq","MEDIUM",1,"HUMAN_CURATED","",0,1,"UNIQUE","IMPORTED"
"q-hy-soc-0037","","subj-social","","","single_mcq","MEDIUM",1,"HUMAN_CURATED","",0,1,"UNIQUE","IMPORTED"
"q-hy-soc-0038","","subj-social","","","single_mcq","MEDIUM",1,"HUMAN_CURATED","",0,1,"UNIQUE","IMPORTED"
"q-hy-soc-0039","","subj-social","","","single_mcq","MEDIUM",1,"HUMAN_CURATED","",0,1,"UNIQUE","IMPORTED"
"q-hy-soc-0040","","subj-social","","","single_mcq","MEDIUM",1,"HUMAN_CURATED","",0,1,"UNIQUE","IMPORTED"
"q-hy-soc-0041","","subj-social","","","single_mcq","MEDIUM",1,"HUMAN_CURATED","",0,1,"UNIQUE","IMPORTED"
"q-hy-soc-0042","","subj-social","","","single_mcq","MEDIUM",1,"HUMAN_CURATED","",0,1,"UNIQUE","IMPORTED"
"q-hy-soc-0043","","subj-social","","","single_mcq","MEDIUM",1,"HUMAN_CURATED","",0,1,"UNIQUE","IMPORTED"
"q-hy-soc-0044","","subj-social","","","single_mcq","MEDIUM",1,"HUMAN_CURATED","",0,1,"UNIQUE","IMPORTED"
"q-hy-soc-0045","","subj-social","","","single_mcq","MEDIUM",1,"HUMAN_CURATED","",0,1,"UNIQUE","IMPORTED"
"q-hy-soc-0046","","subj-social","","","single_mcq","MEDIUM",1,"HUMAN_CURATED","",0,1,"UNIQUE","IMPORTED"
"q-hy-soc-0047","","subj-social","","","single_mcq","MEDIUM",1,"HUMAN_CURATED","",0,1,"UNIQUE","IMPORTED"
"q-hy-soc-0048","","subj-social","","","single_mcq","MEDIUM",1,"HUMAN_CURATED","",0,1,"UNIQUE","IMPORTED"
"q-hy-soc-0049","","subj-social","","","single_mcq","MEDIUM",1,"HUMAN_CURATED","",0,1,"UNIQUE","IMPORTED"
"q-hy-soc-0050","","subj-social","","","single_mcq","MEDIUM",1,"HUMAN_CURATED","",0,1,"UNIQUE","IMPORTED"
"q-hy-soc-0051","","subj-social","","","single_mcq","MEDIUM",1,"HUMAN_CURATED","",0,1,"UNIQUE","IMPORTED"
"q-hy-soc-0052","","subj-social","","","single_mcq","MEDIUM",1,"HUMAN_CURATED","",0,1,"UNIQUE","IMPORTED"
"q-hy-soc-0053","","subj-social","","","single_mcq","MEDIUM",1,"HUMAN_CURATED","",0,1,"UNIQUE","IMPORTED"
"q-hy-soc-0054","","subj-social","","","single_mcq","MEDIUM",1,"HUMAN_CURATED","",0,1,"UNIQUE","IMPORTED"
"q-hy-soc-0055","","subj-social","","","single_mcq","MEDIUM",1,"HUMAN_CURATED","",0,1,"UNIQUE","IMPORTED"
"q-hy-soc-0056","","subj-social","","","single_mcq","MEDIUM",1,"HUMAN_CURATED","",0,1,"UNIQUE","IMPORTED"
"q-hy-soc-0057","","subj-social","","","single_mcq","MEDIUM",1,"HUMAN_CURATED","",0,1,"UNIQUE","IMPORTED"
"q-hy-soc-0058","","subj-social","","","single_mcq","MEDIUM",1,"HUMAN_CURATED","",0,1,"UNIQUE","IMPORTED"
"q-hy-soc-0059","","subj-social","","","single_mcq","MEDIUM",1,"HUMAN_CURATED","",0,1,"UNIQUE","IMPORTED"
"q-hy-soc-0060","","subj-social","","","single_mcq","MEDIUM",1,"HUMAN_CURATED","",0,1,"UNIQUE","IMPORTED"
"q-hy-soc-0061","","subj-social","","","single_mcq","MEDIUM",1,"HUMAN_CURATED","",0,1,"UNIQUE","IMPORTED"
"q-hy-soc-0062","","subj-social","","","single_mcq","MEDIUM",1,"HUMAN_CURATED","",0,1,"UNIQUE","IMPORTED"
"q-hy-soc-0063","","subj-social","","","single_mcq","MEDIUM",1,"HUMAN_CURATED","",0,1,"UNIQUE","IMPORTED"
"q-hy-soc-0064","","subj-social","","","single_mcq","MEDIUM",1,"HUMAN_CURATED","",0,1,"UNIQUE","IMPORTED"
"q-hy-soc-0065","","subj-social","","","single_mcq","MEDIUM",1,"HUMAN_CURATED","",0,1,"UNIQUE","IMPORTED"
"q-hy-soc-0066","","subj-social","","","single_mcq","MEDIUM",1,"HUMAN_CURATED","",0,1,"UNIQUE","IMPORTED"
"q-hy-soc-0067","","subj-social","","","single_mcq","MEDIUM",1,"HUMAN_CURATED","",0,1,"UNIQUE","IMPORTED"
"q-hy-soc-0068","","subj-social","","","single_mcq","MEDIUM",1,"HUMAN_CURATED","",0,1,"UNIQUE","IMPORTED"
"q-hy-soc-0069","","subj-social","","","single_mcq","MEDIUM",1,"HUMAN_CURATED","",0,1,"UNIQUE","IMPORTED"
"q-hy-soc-0070","","subj-social","","","single_mcq","MEDIUM",1,"HUMAN_CURATED","",0,1,"UNIQUE","IMPORTED"
"q-hy-soc-0071","","subj-social","","","single_mcq","MEDIUM",1,"HUMAN_CURATED","",0,1,"UNIQUE","IMPORTED"
"q-hy-soc-0072","","subj-social","","","single_mcq","MEDIUM",1,"HUMAN_CURATED","",0,1,"UNIQUE","IMPORTED"
"q-hy-soc-0073","","subj-social","","","single_mcq","MEDIUM",1,"HUMAN_CURATED","",0,1,"UNIQUE","IMPORTED"
"q-hy-soc-0074","","subj-social","","","single_mcq","MEDIUM",1,"HUMAN_CURATED","",0,1,"UNIQUE","IMPORTED"
"q-hy-soc-0075","","subj-social","","","single_mcq","MEDIUM",1,"HUMAN_CURATED","",0,1,"UNIQUE","IMPORTED"
"q-hy-soc-0076","","subj-social","","","single_mcq","MEDIUM",1,"HUMAN_CURATED","",0,1,"UNIQUE","IMPORTED"
"q-hy-soc-0077","","subj-social","","","single_mcq","MEDIUM",1,"HUMAN_CURATED","",0,1,"UNIQUE","IMPORTED"
"q-hy-soc-0078","","subj-social","","","single_mcq","MEDIUM",1,"HUMAN_CURATED","",0,1,"UNIQUE","IMPORTED"
"q-hy-soc-0079","","subj-social","","","single_mcq","MEDIUM",1,"HUMAN_CURATED","",0,1,"UNIQUE","IMPORTED"
"q-hy-soc-0080","","subj-social","","","single_mcq","MEDIUM",1,"HUMAN_CURATED","",0,1,"UNIQUE","IMPORTED"
"q-hy-soc-0081","","subj-social","","","single_mcq","MEDIUM",1,"HUMAN_CURATED","",0,1,"UNIQUE","IMPORTED"
"q-hy-soc-0082","","subj-social","","","single_mcq","MEDIUM",1,"HUMAN_CURATED","",0,1,"UNIQUE","IMPORTED"
"q-hy-soc-0083","","subj-social","","","single_mcq","MEDIUM",1,"HUMAN_CURATED","",0,1,"UNIQUE","IMPORTED"
"q-hy-soc-0084","","subj-social","","","single_mcq","MEDIUM",1,"HUMAN_CURATED","",0,1,"UNIQUE","IMPORTED"
"q-hy-soc-0085","","subj-social","","","single_mcq","MEDIUM",1,"HUMAN_CURATED","",0,1,"UNIQUE","IMPORTED"
"q-ibps-po-2023-pre-q1","ver-ibps-po-clerk-2023","subj-math","","","single_mcq","MEDIUM",2,"OFFICIAL_PYQ","",1,1,"UNIQUE","APPROVED"
"q-ibps-po-2023-pre-q2","ver-ibps-po-clerk-2023","subj-reasoning","","","single_mcq","MEDIUM",2,"OFFICIAL_PYQ","",1,1,"UNIQUE","APPROVED"
"q-ibps-po-clerk-p17a-mumcjglf-1","ver-ibps-po-clerk-2026","subj-math","","","single_mcq","MEDIUM",1,"HUMAN_CURATED","src-ibps-po-clerk-portal",0,1,"UNIQUE","IMPORTED"
"q-ibps-po-clerk-p17a-mumcjglg-2","ver-ibps-po-clerk-2026","subj-math","","","single_mcq","HARD",1,"HUMAN_CURATED","src-ibps-po-clerk-portal",0,1,"UNIQUE","IMPORTED"
"q-ibps-po-clerk-p17a-mumcjglg-3","ver-ibps-po-clerk-2026","subj-math","","","single_mcq","MEDIUM",1,"HUMAN_CURATED","src-ibps-po-clerk-portal",0,1,"UNIQUE","IMPORTED"
"q-ibps-po-clerk-p17a-mumcjglg-4","ver-ibps-po-clerk-2026","subj-math","","","single_mcq","HARD",1,"HUMAN_CURATED","src-ibps-po-clerk-portal",0,1,"UNIQUE","IMPORTED"
"q-ibps-po-clerk-p17a-mumcjglg-5","ver-ibps-po-clerk-2026","subj-math","","","single_mcq","MEDIUM",1,"HUMAN_CURATED","src-ibps-po-clerk-portal",0,1,"UNIQUE","IMPORTED"
"q-ibps-po-clerk-p17a-mumcjglg-6","ver-ibps-po-clerk-2026","subj-math","","","single_mcq","HARD",1,"HUMAN_CURATED","src-ibps-po-clerk-portal",0,1,"UNIQUE","IMPORTED"
"q-ibps-po-clerk-p17a-mumcjglg-7","ver-ibps-po-clerk-2026","subj-math","","","single_mcq","MEDIUM",1,"HUMAN_CURATED","src-ibps-po-clerk-portal",0,1,"UNIQUE","IMPORTED"
"q-ibps-po-clerk-p17a-mumcjglh-10","ver-ibps-po-clerk-2026","subj-reasoning","","","single_mcq","HARD",1,"HUMAN_CURATED","src-ibps-po-clerk-portal",0,1,"UNIQUE","IMPORTED"
"q-ibps-po-clerk-p17a-mumcjglh-11","ver-ibps-po-clerk-2026","subj-reasoning","","","single_mcq","MEDIUM",1,"HUMAN_CURATED","src-ibps-po-clerk-portal",0,1,"UNIQUE","IMPORTED"
"q-ibps-po-clerk-p17a-mumcjglh-12","ver-ibps-po-clerk-2026","subj-reasoning","","","single_mcq","HARD",1,"HUMAN_CURATED","src-ibps-po-clerk-portal",0,1,"UNIQUE","IMPORTED"
"q-ibps-po-clerk-p17a-mumcjglh-8","ver-ibps-po-clerk-2026","subj-math","","","single_mcq","HARD",1,"HUMAN_CURATED","src-ibps-po-clerk-portal",0,1,"UNIQUE","IMPORTED"
"q-ibps-po-clerk-p17a-mumcjglh-9","ver-ibps-po-clerk-2026","subj-math","","","single_mcq","MEDIUM",1,"HUMAN_CURATED","src-ibps-po-clerk-portal",0,1,"UNIQUE","IMPORTED"
"q-ibps-po-clerk-p17a-mumcjgli-13","ver-ibps-po-clerk-2026","subj-reasoning","","","single_mcq","MEDIUM",1,"HUMAN_CURATED","src-ibps-po-clerk-portal",0,1,"UNIQUE","IMPORTED"
"q-ibps-po-clerk-p17a-mumcjgli-14","ver-ibps-po-clerk-2026","subj-reasoning","","","single_mcq","HARD",1,"HUMAN_CURATED","src-ibps-po-clerk-portal",0,1,"UNIQUE","IMPORTED"
"q-ibps-po-clerk-p17a-mumcjgli-15","ver-ibps-po-clerk-2026","subj-reasoning","","","single_mcq","MEDIUM",1,"HUMAN_CURATED","src-ibps-po-clerk-portal",0,1,"UNIQUE","IMPORTED"
"q-ibps-po-clerk-p17a-mumcjgli-16","ver-ibps-po-clerk-2026","subj-reasoning","","","single_mcq","HARD",1,"HUMAN_CURATED","src-ibps-po-clerk-portal",0,1,"UNIQUE","IMPORTED"
"q-ibps-po-clerk-p17a-mumcjgli-17","ver-ibps-po-clerk-2026","subj-reasoning","","","single_mcq","MEDIUM",1,"HUMAN_CURATED","src-ibps-po-clerk-portal",0,1,"UNIQUE","IMPORTED"
"q-ibps-po-clerk-p17a-mumcjgli-18","ver-ibps-po-clerk-2026","subj-english","","","single_mcq","HARD",1,"HUMAN_CURATED","src-ibps-po-clerk-portal",0,1,"UNIQUE","IMPORTED"
"q-ibps-po-clerk-p17a-mumcjgli-19","ver-ibps-po-clerk-2026","subj-english","","","single_mcq","MEDIUM",1,"HUMAN_CURATED","src-ibps-po-clerk-portal",0,1,"UNIQUE","IMPORTED"
"q-ibps-po-clerk-p17a-mumcjgli-20","ver-ibps-po-clerk-2026","subj-english","","","single_mcq","HARD",1,"HUMAN_CURATED","src-ibps-po-clerk-portal",0,1,"UNIQUE","IMPORTED"
"q-ibps-po-clerk-p17a-mumcjgli-21","ver-ibps-po-clerk-2026","subj-english","","","single_mcq","MEDIUM",1,"HUMAN_CURATED","src-ibps-po-clerk-portal",0,1,"UNIQUE","IMPORTED"
"q-ibps-po-clerk-p17a-mumcjgli-22","ver-ibps-po-clerk-2026","subj-english","","","single_mcq","HARD",1,"HUMAN_CURATED","src-ibps-po-clerk-portal",0,1,"UNIQUE","IMPORTED"
"q-ibps-po-clerk-p17a-mumcjglj-23","ver-ibps-po-clerk-2026","subj-english","","","single_mcq","MEDIUM",1,"HUMAN_CURATED","src-ibps-po-clerk-portal",0,1,"UNIQUE","IMPORTED"
"q-ibps-po-clerk-p17a-mumcjglj-24","ver-ibps-po-clerk-2026","subj-english","","","single_mcq","HARD",1,"HUMAN_CURATED","src-ibps-po-clerk-portal",0,1,"UNIQUE","IMPORTED"
"q-ibps-po-clerk-p17a-mumcjglj-25","ver-ibps-po-clerk-2026","subj-english","","","single_mcq","MEDIUM",1,"HUMAN_CURATED","src-ibps-po-clerk-portal",0,1,"UNIQUE","IMPORTED"
"q-nta-neet-2023-q1","ver-nta-neet-2023","subj-biology","","","single_mcq","MEDIUM",2,"OFFICIAL_PYQ","",1,1,"UNIQUE","APPROVED"
"q-nta-neet-2023-q2","ver-nta-neet-2023","subj-physics","","","single_mcq","MEDIUM",2,"OFFICIAL_PYQ","",1,1,"UNIQUE","APPROVED"
"q-rrb-alp-p17a-mumcjgkx-1","ver-rrb-alp-2026","subj-math","ch-alp_m_1","top-ch-alp_m_1-core","single_mcq","EASY",1,"HUMAN_CURATED","src-rrb-alp-portal",0,1,"UNIQUE","IMPORTED"
"q-rrb-alp-p17a-mumcjgkx-2","ver-rrb-alp-2026","subj-math","ch-alp_m_2","top-ch-alp_m_2-core","single_mcq","MEDIUM",1,"HUMAN_CURATED","src-rrb-alp-portal",0,1,"UNIQUE","IMPORTED"
"q-rrb-alp-p17a-mumcjgky-3","ver-rrb-alp-2026","subj-math","ch-alp_m_3","top-ch-alp_m_3-core","single_mcq","MEDIUM",1,"HUMAN_CURATED","src-rrb-alp-portal",0,1,"UNIQUE","IMPORTED"
"q-rrb-alp-p17a-mumcjgky-4","ver-rrb-alp-2026","subj-math","ch-alp_m_4","top-ch-alp_m_4-core","single_mcq","EASY",1,"HUMAN_CURATED","src-rrb-alp-portal",0,1,"UNIQUE","IMPORTED"
"q-rrb-alp-p17a-mumcjgky-5","ver-rrb-alp-2026","subj-math","ch-alp_m_5","top-ch-alp_m_5-core","single_mcq","HARD",1,"HUMAN_CURATED","src-rrb-alp-portal",0,1,"UNIQUE","IMPORTED"
"q-rrb-alp-p17a-mumcjgky-6","ver-rrb-alp-2026","subj-math","ch-alp_m_1","top-ch-alp_m_1-core","single_mcq","MEDIUM",1,"HUMAN_CURATED","src-rrb-alp-portal",0,1,"UNIQUE","IMPORTED"
"q-rrb-alp-p17a-mumcjgkz-10","ver-rrb-alp-2026","subj-reasoning","ch-alp_r_3","top-ch-alp_r_3-core","single_mcq","EASY",1,"HUMAN_CURATED","src-rrb-alp-portal",0,1,"UNIQUE","IMPORTED"
"q-rrb-alp-p17a-mumcjgkz-11","ver-rrb-alp-2026","subj-reasoning","ch-alp_r_4","top-ch-alp_r_4-core","single_mcq","MEDIUM",1,"HUMAN_CURATED","src-rrb-alp-portal",0,1,"UNIQUE","IMPORTED"
"q-rrb-alp-p17a-mumcjgkz-7","ver-rrb-alp-2026","subj-math","ch-alp_m_2","top-ch-alp_m_2-core","single_mcq","EASY",1,"HUMAN_CURATED","src-rrb-alp-portal",0,1,"UNIQUE","IMPORTED"
"q-rrb-alp-p17a-mumcjgkz-8","ver-rrb-alp-2026","subj-reasoning","ch-alp_r_1","top-ch-alp_r_1-core","single_mcq","EASY",1,"HUMAN_CURATED","src-rrb-alp-portal",0,1,"UNIQUE","IMPORTED"
"q-rrb-alp-p17a-mumcjgkz-9","ver-rrb-alp-2026","subj-reasoning","ch-alp_r_2","top-ch-alp_r_2-core","single_mcq","MEDIUM",1,"HUMAN_CURATED","src-rrb-alp-portal",0,1,"UNIQUE","IMPORTED"
"q-rrb-alp-p17a-mumcjgl0-12","ver-rrb-alp-2026","subj-reasoning","ch-alp_r_5","top-ch-alp_r_5-core","single_mcq","MEDIUM",1,"HUMAN_CURATED","src-rrb-alp-portal",0,1,"UNIQUE","IMPORTED"
"q-rrb-alp-p17a-mumcjgl0-13","ver-rrb-alp-2026","subj-reasoning","ch-alp_r_1","top-ch-alp_r_1-core","single_mcq","EASY",1,"HUMAN_CURATED","src-rrb-alp-portal",0,1,"UNIQUE","IMPORTED"
"q-rrb-alp-p17a-mumcjgl0-14","ver-rrb-alp-2026","subj-science","ch-alp_s_1","top-ch-alp_s_1-core","single_mcq","EASY",1,"HUMAN_CURATED","src-rrb-alp-portal",0,1,"UNIQUE","IMPORTED"
"q-rrb-alp-p17a-mumcjgl0-15","ver-rrb-alp-2026","subj-science","ch-alp_s_2","top-ch-alp_s_2-core","single_mcq","EASY",1,"HUMAN_CURATED","src-rrb-alp-portal",0,1,"UNIQUE","IMPORTED"
"q-rrb-alp-p17a-mumcjgl0-16","ver-rrb-alp-2026","subj-science","ch-alp_s_3","top-ch-alp_s_3-core","single_mcq","EASY",1,"HUMAN_CURATED","src-rrb-alp-portal",0,1,"UNIQUE","IMPORTED"
"q-rrb-alp-p17a-mumcjgl0-17","ver-rrb-alp-2026","subj-science","ch-alp_s_4","top-ch-alp_s_4-core","single_mcq","MEDIUM",1,"HUMAN_CURATED","src-rrb-alp-portal",0,1,"UNIQUE","IMPORTED"
"q-rrb-alp-p17a-mumcjgl0-18","ver-rrb-alp-2026","subj-science","ch-alp_s_5","top-ch-alp_s_5-core","single_mcq","EASY",1,"HUMAN_CURATED","src-rrb-alp-portal",0,1,"UNIQUE","IMPORTED"
"q-rrb-alp-p17a-mumcjgl0-19","ver-rrb-alp-2026","subj-science","ch-alp_s_1","top-ch-alp_s_1-core","single_mcq","MEDIUM",1,"HUMAN_CURATED","src-rrb-alp-portal",0,1,"UNIQUE","IMPORTED"
"q-rrb-alp-p17a-mumcjgl0-20","ver-rrb-alp-2026","subj-science","ch-alp_s_2","top-ch-alp_s_2-core","single_mcq","EASY",1,"HUMAN_CURATED","src-rrb-alp-portal",0,1,"UNIQUE","IMPORTED"
"q-rrb-alp-p17a-mumcjgl1-21","ver-rrb-alp-2026","subj-gk","ch-alp_g_1","top-ch-alp_g_1-core","single_mcq","EASY",1,"HUMAN_CURATED","src-rrb-alp-portal",0,1,"UNIQUE","IMPORTED"
"q-rrb-alp-p17a-mumcjgl1-22","ver-rrb-alp-2026","subj-gk","ch-alp_g_2","top-ch-alp_g_2-core","single_mcq","EASY",1,"HUMAN_CURATED","src-rrb-alp-portal",0,1,"UNIQUE","IMPORTED"
"q-rrb-alp-p17a-mumcjgl1-23","ver-rrb-alp-2026","subj-gk","ch-alp_g_3","top-ch-alp_g_3-core","single_mcq","EASY",1,"HUMAN_CURATED","src-rrb-alp-portal",0,1,"UNIQUE","IMPORTED"
"q-rrb-alp-p17a-mumcjgl1-24","ver-rrb-alp-2026","subj-gk","ch-alp_g_1","top-ch-alp_g_1-core","single_mcq","MEDIUM",1,"HUMAN_CURATED","src-rrb-alp-portal",0,1,"UNIQUE","IMPORTED"
"q-rrb-alp-p17a-mumcjgl1-25","ver-rrb-alp-2026","subj-gk","ch-alp_g_2","top-ch-alp_g_2-core","single_mcq","EASY",1,"HUMAN_CURATED","src-rrb-alp-portal",0,1,"UNIQUE","IMPORTED"
"q-rrb-ntpc-2022-cbt1-q1","ver-rrb-ntpc-2022","subj-science","","","single_mcq","MEDIUM",2,"OFFICIAL_PYQ","",1,1,"UNIQUE","APPROVED"
"q-rrb-ntpc-2022-cbt1-q2","ver-rrb-ntpc-2022","subj-math","","","single_mcq","MEDIUM",2,"OFFICIAL_PYQ","",1,1,"UNIQUE","APPROVED"
"q-rrb-ntpc-2024-cbt1-ga-q001","ver-rrb-ntpc-2026","subj-gk","","","single_mcq","MEDIUM",1,"OFFICIAL_PYQ","src-rrb-ntpc-portal",0,1,"UNIQUE","FULLY_VERIFIED"
"q-rrb-ntpc-2024-cbt1-ga-q002","ver-rrb-ntpc-2026","subj-gk","","","single_mcq","MEDIUM",1,"OFFICIAL_PYQ","src-rrb-ntpc-portal",0,1,"UNIQUE","FULLY_VERIFIED"
"q-rrb-ntpc-2024-cbt1-ga-q003","ver-rrb-ntpc-2026","subj-gk","","","single_mcq","MEDIUM",1,"OFFICIAL_PYQ","src-rrb-ntpc-portal",0,1,"UNIQUE","FULLY_VERIFIED"
"q-rrb-ntpc-2024-cbt1-ga-q004","ver-rrb-ntpc-2026","subj-gk","","","single_mcq","MEDIUM",1,"OFFICIAL_PYQ","src-rrb-ntpc-portal",0,1,"UNIQUE","FULLY_VERIFIED"
"q-rrb-ntpc-2024-cbt1-ga-q005","ver-rrb-ntpc-2026","subj-gk","","","single_mcq","MEDIUM",1,"OFFICIAL_PYQ","src-rrb-ntpc-portal",0,1,"UNIQUE","FULLY_VERIFIED"
"q-rrb-ntpc-2024-cbt1-ga-q006","ver-rrb-ntpc-2026","subj-gk","","","single_mcq","MEDIUM",1,"OFFICIAL_PYQ","src-rrb-ntpc-portal",0,1,"UNIQUE","FULLY_VERIFIED"
"q-rrb-ntpc-2024-cbt1-ga-q007","ver-rrb-ntpc-2026","subj-gk","","","single_mcq","MEDIUM",1,"OFFICIAL_PYQ","src-rrb-ntpc-portal",0,1,"UNIQUE","FULLY_VERIFIED"
"q-rrb-ntpc-2024-cbt1-ga-q008","ver-rrb-ntpc-2026","subj-gk","","","single_mcq","MEDIUM",1,"OFFICIAL_PYQ","src-rrb-ntpc-portal",0,1,"UNIQUE","FULLY_VERIFIED"
"q-rrb-ntpc-2024-cbt1-ga-q009","ver-rrb-ntpc-2026","subj-gk","","","single_mcq","MEDIUM",1,"OFFICIAL_PYQ","src-rrb-ntpc-portal",0,1,"UNIQUE","FULLY_VERIFIED"
"q-rrb-ntpc-2024-cbt1-ga-q010","ver-rrb-ntpc-2026","subj-gk","","","single_mcq","MEDIUM",1,"OFFICIAL_PYQ","src-rrb-ntpc-portal",0,1,"UNIQUE","FULLY_VERIFIED"
"q-rrb-ntpc-2024-cbt1-ga-q011","ver-rrb-ntpc-2026","subj-gk","","","single_mcq","MEDIUM",1,"OFFICIAL_PYQ","src-rrb-ntpc-portal",0,1,"UNIQUE","FULLY_VERIFIED"
"q-rrb-ntpc-2024-cbt1-ga-q012","ver-rrb-ntpc-2026","subj-gk","","","single_mcq","MEDIUM",1,"OFFICIAL_PYQ","src-rrb-ntpc-portal",0,1,"UNIQUE","FULLY_VERIFIED"
"q-rrb-ntpc-2024-cbt1-ga-q013","ver-rrb-ntpc-2026","subj-gk","","","single_mcq","MEDIUM",1,"OFFICIAL_PYQ","src-rrb-ntpc-portal",0,1,"UNIQUE","FULLY_VERIFIED"
"q-rrb-ntpc-2024-cbt1-ga-q014","ver-rrb-ntpc-2026","subj-gk","","","single_mcq","MEDIUM",1,"OFFICIAL_PYQ","src-rrb-ntpc-portal",0,1,"UNIQUE","FULLY_VERIFIED"
"q-rrb-ntpc-2024-cbt1-ga-q015","ver-rrb-ntpc-2026","subj-gk","","","single_mcq","MEDIUM",1,"OFFICIAL_PYQ","src-rrb-ntpc-portal",0,1,"UNIQUE","FULLY_VERIFIED"
"q-rrb-ntpc-2024-cbt1-ga-q016","ver-rrb-ntpc-2026","subj-gk","","","single_mcq","MEDIUM",1,"OFFICIAL_PYQ","src-rrb-ntpc-portal",0,1,"UNIQUE","FULLY_VERIFIED"
"q-rrb-ntpc-2024-cbt1-ga-q017","ver-rrb-ntpc-2026","subj-gk","","","single_mcq","MEDIUM",1,"OFFICIAL_PYQ","src-rrb-ntpc-portal",0,1,"UNIQUE","FULLY_VERIFIED"
"q-rrb-ntpc-2024-cbt1-ga-q018","ver-rrb-ntpc-2026","subj-gk","","","single_mcq","MEDIUM",1,"OFFICIAL_PYQ","src-rrb-ntpc-portal",0,1,"UNIQUE","FULLY_VERIFIED"
"q-rrb-ntpc-2024-cbt1-ga-q019","ver-rrb-ntpc-2026","subj-gk","","","single_mcq","MEDIUM",1,"OFFICIAL_PYQ","src-rrb-ntpc-portal",0,1,"UNIQUE","FULLY_VERIFIED"
"q-rrb-ntpc-2024-cbt1-ga-q020","ver-rrb-ntpc-2026","subj-gk","","","single_mcq","MEDIUM",1,"OFFICIAL_PYQ","src-rrb-ntpc-portal",0,1,"UNIQUE","FULLY_VERIFIED"
"q-rrb-ntpc-2024-cbt1-ga-q021","ver-rrb-ntpc-2026","subj-gk","","","single_mcq","MEDIUM",1,"OFFICIAL_PYQ","src-rrb-ntpc-portal",0,1,"UNIQUE","FULLY_VERIFIED"
"q-rrb-ntpc-2024-cbt1-ga-q022","ver-rrb-ntpc-2026","subj-gk","","","single_mcq","MEDIUM",1,"OFFICIAL_PYQ","src-rrb-ntpc-portal",0,1,"UNIQUE","FULLY_VERIFIED"
"q-rrb-ntpc-2024-cbt1-ga-q023","ver-rrb-ntpc-2026","subj-gk","","","single_mcq","MEDIUM",1,"OFFICIAL_PYQ","src-rrb-ntpc-portal",0,1,"UNIQUE","FULLY_VERIFIED"
"q-rrb-ntpc-2024-cbt1-ga-q024","ver-rrb-ntpc-2026","subj-gk","","","single_mcq","MEDIUM",1,"OFFICIAL_PYQ","src-rrb-ntpc-portal",0,1,"UNIQUE","FULLY_VERIFIED"
"q-rrb-ntpc-2024-cbt1-ga-q025","ver-rrb-ntpc-2026","subj-gk","","","single_mcq","MEDIUM",1,"OFFICIAL_PYQ","src-rrb-ntpc-portal",0,1,"UNIQUE","FULLY_VERIFIED"
"q-rrb-ntpc-2024-cbt1-ga-q026","ver-rrb-ntpc-2026","subj-gk","","","single_mcq","MEDIUM",1,"OFFICIAL_PYQ","src-rrb-ntpc-portal",0,1,"UNIQUE","FULLY_VERIFIED"
"q-rrb-ntpc-2024-cbt1-ga-q027","ver-rrb-ntpc-2026","subj-gk","","","single_mcq","MEDIUM",1,"OFFICIAL_PYQ","src-rrb-ntpc-portal",0,1,"UNIQUE","FULLY_VERIFIED"
"q-rrb-ntpc-2024-cbt1-ga-q028","ver-rrb-ntpc-2026","subj-gk","","","single_mcq","MEDIUM",1,"OFFICIAL_PYQ","src-rrb-ntpc-portal",0,1,"UNIQUE","FULLY_VERIFIED"
"q-rrb-ntpc-2024-cbt1-ga-q029","ver-rrb-ntpc-2026","subj-gk","","","single_mcq","MEDIUM",1,"OFFICIAL_PYQ","src-rrb-ntpc-portal",0,1,"UNIQUE","FULLY_VERIFIED"
"q-rrb-ntpc-2024-cbt1-ga-q030","ver-rrb-ntpc-2026","subj-gk","","","single_mcq","MEDIUM",1,"OFFICIAL_PYQ","src-rrb-ntpc-portal",0,1,"UNIQUE","FULLY_VERIFIED"
"q-rrb-ntpc-p17a-mumcjgl3-1","ver-rrb-ntpc-2026","subj-gk","","","single_mcq","EASY",1,"HUMAN_CURATED","src-rrb-ntpc-portal",0,1,"UNIQUE","IMPORTED"
"q-rrb-ntpc-p17a-mumcjgl5-2","ver-rrb-ntpc-2026","subj-gk","","","single_mcq","MEDIUM",1,"HUMAN_CURATED","src-rrb-ntpc-portal",0,1,"UNIQUE","IMPORTED"
"q-rrb-ntpc-p17a-mumcjgl6-3","ver-rrb-ntpc-2026","subj-gk","","","single_mcq","HARD",1,"HUMAN_CURATED","src-rrb-ntpc-portal",0,1,"UNIQUE","IMPORTED"
"q-rrb-ntpc-p17a-mumcjgl6-4","ver-rrb-ntpc-2026","subj-gk","","","single_mcq","MEDIUM",1,"HUMAN_CURATED","src-rrb-ntpc-portal",0,1,"UNIQUE","IMPORTED"
"q-rrb-ntpc-p17a-mumcjgl6-5","ver-rrb-ntpc-2026","subj-gk","","","single_mcq","EASY",1,"HUMAN_CURATED","src-rrb-ntpc-portal",0,1,"UNIQUE","IMPORTED"
"q-rrb-ntpc-p17a-mumcjgl6-6","ver-rrb-ntpc-2026","subj-gk","","","single_mcq","HARD",1,"HUMAN_CURATED","src-rrb-ntpc-portal",0,1,"UNIQUE","IMPORTED"
"q-rrb-ntpc-p17a-mumcjgl6-7","ver-rrb-ntpc-2026","subj-gk","","","single_mcq","EASY",1,"HUMAN_CURATED","src-rrb-ntpc-portal",0,1,"UNIQUE","IMPORTED"
"q-rrb-ntpc-p17a-mumcjgl6-8","ver-rrb-ntpc-2026","subj-gk","","","single_mcq","MEDIUM",1,"HUMAN_CURATED","src-rrb-ntpc-portal",0,1,"UNIQUE","IMPORTED"
"q-rrb-ntpc-p17a-mumcjgl6-9","ver-rrb-ntpc-2026","subj-gk","","","single_mcq","HARD",1,"HUMAN_CURATED","src-rrb-ntpc-portal",0,1,"UNIQUE","IMPORTED"
"q-rrb-ntpc-p17a-mumcjgl7-10","ver-rrb-ntpc-2026","subj-math","","","single_mcq","MEDIUM",1,"HUMAN_CURATED","src-rrb-ntpc-portal",0,1,"UNIQUE","IMPORTED"
"q-rrb-ntpc-p17a-mumcjgl7-11","ver-rrb-ntpc-2026","subj-math","","","single_mcq","EASY",1,"HUMAN_CURATED","src-rrb-ntpc-portal",0,1,"UNIQUE","IMPORTED"
"q-rrb-ntpc-p17a-mumcjgl7-12","ver-rrb-ntpc-2026","subj-math","","","single_mcq","HARD",1,"HUMAN_CURATED","src-rrb-ntpc-portal",0,1,"UNIQUE","IMPORTED"
"q-rrb-ntpc-p17a-mumcjgl7-13","ver-rrb-ntpc-2026","subj-math","","","single_mcq","EASY",1,"HUMAN_CURATED","src-rrb-ntpc-portal",0,1,"UNIQUE","IMPORTED"
"q-rrb-ntpc-p17a-mumcjgl7-14","ver-rrb-ntpc-2026","subj-math","","","single_mcq","MEDIUM",1,"HUMAN_CURATED","src-rrb-ntpc-portal",0,1,"UNIQUE","IMPORTED"
"q-rrb-ntpc-p17a-mumcjgl7-15","ver-rrb-ntpc-2026","subj-math","","","single_mcq","HARD",1,"HUMAN_CURATED","src-rrb-ntpc-portal",0,1,"UNIQUE","IMPORTED"
"q-rrb-ntpc-p17a-mumcjgl7-16","ver-rrb-ntpc-2026","subj-math","","","single_mcq","MEDIUM",1,"HUMAN_CURATED","src-rrb-ntpc-portal",0,1,"UNIQUE","IMPORTED"
"q-rrb-ntpc-p17a-mumcjgl7-17","ver-rrb-ntpc-2026","subj-math","","","single_mcq","EASY",1,"HUMAN_CURATED","src-rrb-ntpc-portal",0,1,"UNIQUE","IMPORTED"
"q-rrb-ntpc-p17a-mumcjgl7-18","ver-rrb-ntpc-2026","subj-reasoning","","","single_mcq","HARD",1,"HUMAN_CURATED","src-rrb-ntpc-portal",0,1,"UNIQUE","IMPORTED"
"q-rrb-ntpc-p17a-mumcjgl7-19","ver-rrb-ntpc-2026","subj-reasoning","","","single_mcq","EASY",1,"HUMAN_CURATED","src-rrb-ntpc-portal",0,1,"UNIQUE","IMPORTED"
"q-rrb-ntpc-p17a-mumcjgl7-20","ver-rrb-ntpc-2026","subj-reasoning","","","single_mcq","MEDIUM",1,"HUMAN_CURATED","src-rrb-ntpc-portal",0,1,"UNIQUE","IMPORTED"
"q-rrb-ntpc-p17a-mumcjgl7-21","ver-rrb-ntpc-2026","subj-reasoning","","","single_mcq","HARD",1,"HUMAN_CURATED","src-rrb-ntpc-portal",0,1,"UNIQUE","IMPORTED"
"q-rrb-ntpc-p17a-mumcjgl7-22","ver-rrb-ntpc-2026","subj-reasoning","","","single_mcq","MEDIUM",1,"HUMAN_CURATED","src-rrb-ntpc-portal",0,1,"UNIQUE","IMPORTED"
"q-rrb-ntpc-p17a-mumcjgl7-23","ver-rrb-ntpc-2026","subj-reasoning","","","single_mcq","EASY",1,"HUMAN_CURATED","src-rrb-ntpc-portal",0,1,"UNIQUE","IMPORTED"
"q-rrb-ntpc-p17a-mumcjgl7-24","ver-rrb-ntpc-2026","subj-reasoning","","","single_mcq","HARD",1,"HUMAN_CURATED","src-rrb-ntpc-portal",0,1,"UNIQUE","IMPORTED"
"q-rrb-ntpc-p17a-mumcjgl7-25","ver-rrb-ntpc-2026","subj-reasoning","","","single_mcq","EASY",1,"HUMAN_CURATED","src-rrb-ntpc-portal",0,1,"UNIQUE","IMPORTED"
"q-ssc-cgl-2022-t1-s1-q1","ver-ssc-cgl-2022","subj-gk","","","single_mcq","MEDIUM",2,"OFFICIAL_PYQ","",1,1,"UNIQUE","APPROVED"
"q-ssc-cgl-2022-t1-s1-q2","ver-ssc-cgl-2022","subj-math","","","single_mcq","MEDIUM",2,"OFFICIAL_PYQ","",1,1,"UNIQUE","APPROVED"
"q-ssc-cgl-2022-t1-s1-q3","ver-ssc-cgl-2022","subj-reasoning","","","single_mcq","MEDIUM",2,"OFFICIAL_PYQ","",1,1,"UNIQUE","APPROVED"
"q-ssc-cgl-2022-t1-s1-q4","ver-ssc-cgl-2022","subj-gk","","","single_mcq","MEDIUM",2,"OFFICIAL_PYQ","",0,1,"UNIQUE","APPROVED"
"q-ssc-cgl-2023-t1-s1-q1","ver-ssc-cgl-2023","subj-gk","","","single_mcq","MEDIUM",2,"OFFICIAL_PYQ","",1,1,"UNIQUE","APPROVED"
"q-ssc-cgl-2023-t1-s1-q2","ver-ssc-cgl-2023","subj-math","","","single_mcq","MEDIUM",2,"OFFICIAL_PYQ","",1,1,"UNIQUE","APPROVED"
"q-ssc-cgl-2023-t1-s1-q3","ver-ssc-cgl-2023","subj-reasoning","","","single_mcq","MEDIUM",2,"OFFICIAL_PYQ","",1,1,"UNIQUE","APPROVED"
"q-ssc-cgl-2023-t1-s1-q4","ver-ssc-cgl-2023","subj-gk","","","single_mcq","MEDIUM",2,"OFFICIAL_PYQ","",0,1,"UNIQUE","APPROVED"
"q-ssc-cgl-undefined-Tier 1-Shift 1-q1","ver-ssc-cgl-2026","subj-reasoning","","","single_mcq","MEDIUM",2,"OFFICIAL_PYQ","src-ssc-cgl-portal",1,1,"UNIQUE","FULLY_VERIFIED"
"q-ssc-cgl-undefined-Tier 1-Shift 1-q10","ver-ssc-cgl-2026","subj-reasoning","","","single_mcq","MEDIUM",2,"OFFICIAL_PYQ","src-ssc-cgl-portal",1,1,"UNIQUE","FULLY_VERIFIED"
"q-ssc-cgl-undefined-Tier 1-Shift 1-q100","ver-ssc-cgl-2026","subj-english","","","single_mcq","MEDIUM",2,"OFFICIAL_PYQ","src-ssc-cgl-portal",1,1,"UNIQUE","FULLY_VERIFIED"
"q-ssc-cgl-undefined-Tier 1-Shift 1-q101","ver-ssc-cgl-2026","subj-reasoning","","","single_mcq","MEDIUM",2,"OFFICIAL_PYQ","src-ssc-cgl-portal",1,1,"UNIQUE","FULLY_VERIFIED"
"q-ssc-cgl-undefined-Tier 1-Shift 1-q11","ver-ssc-cgl-2026","subj-reasoning","","","single_mcq","MEDIUM",2,"OFFICIAL_PYQ","src-ssc-cgl-portal",1,1,"UNIQUE","FULLY_VERIFIED"
"q-ssc-cgl-undefined-Tier 1-Shift 1-q12","ver-ssc-cgl-2026","subj-reasoning","","","single_mcq","MEDIUM",2,"OFFICIAL_PYQ","src-ssc-cgl-portal",1,1,"UNIQUE","FULLY_VERIFIED"
"q-ssc-cgl-undefined-Tier 1-Shift 1-q13","ver-ssc-cgl-2026","subj-reasoning","","","single_mcq","MEDIUM",2,"OFFICIAL_PYQ","src-ssc-cgl-portal",1,1,"UNIQUE","FULLY_VERIFIED"
"q-ssc-cgl-undefined-Tier 1-Shift 1-q14","ver-ssc-cgl-2026","subj-reasoning","","","single_mcq","MEDIUM",2,"OFFICIAL_PYQ","src-ssc-cgl-portal",1,1,"UNIQUE","FULLY_VERIFIED"
"q-ssc-cgl-undefined-Tier 1-Shift 1-q15","ver-ssc-cgl-2026","subj-reasoning","","","single_mcq","MEDIUM",2,"OFFICIAL_PYQ","src-ssc-cgl-portal",1,1,"UNIQUE","FULLY_VERIFIED"
"q-ssc-cgl-undefined-Tier 1-Shift 1-q16","ver-ssc-cgl-2026","subj-reasoning","","","single_mcq","MEDIUM",2,"OFFICIAL_PYQ","src-ssc-cgl-portal",1,1,"UNIQUE","FULLY_VERIFIED"
"q-ssc-cgl-undefined-Tier 1-Shift 1-q17","ver-ssc-cgl-2026","subj-reasoning","","","single_mcq","MEDIUM",2,"OFFICIAL_PYQ","src-ssc-cgl-portal",1,1,"UNIQUE","FULLY_VERIFIED"
"q-ssc-cgl-undefined-Tier 1-Shift 1-q18","ver-ssc-cgl-2026","subj-reasoning","","","single_mcq","MEDIUM",2,"OFFICIAL_PYQ","src-ssc-cgl-portal",1,1,"UNIQUE","FULLY_VERIFIED"
"q-ssc-cgl-undefined-Tier 1-Shift 1-q19","ver-ssc-cgl-2026","subj-reasoning","","","single_mcq","MEDIUM",2,"OFFICIAL_PYQ","src-ssc-cgl-portal",1,1,"UNIQUE","FULLY_VERIFIED"
"q-ssc-cgl-undefined-Tier 1-Shift 1-q2","ver-ssc-cgl-2026","subj-reasoning","","","single_mcq","MEDIUM",2,"OFFICIAL_PYQ","src-ssc-cgl-portal",1,1,"UNIQUE","FULLY_VERIFIED"
"q-ssc-cgl-undefined-Tier 1-Shift 1-q20","ver-ssc-cgl-2026","subj-reasoning","","","single_mcq","MEDIUM",2,"OFFICIAL_PYQ","src-ssc-cgl-portal",1,1,"UNIQUE","FULLY_VERIFIED"
"q-ssc-cgl-undefined-Tier 1-Shift 1-q21","ver-ssc-cgl-2026","subj-reasoning","","","single_mcq","MEDIUM",2,"OFFICIAL_PYQ","src-ssc-cgl-portal",1,1,"UNIQUE","FULLY_VERIFIED"
"q-ssc-cgl-undefined-Tier 1-Shift 1-q22","ver-ssc-cgl-2026","subj-reasoning","","","single_mcq","MEDIUM",2,"OFFICIAL_PYQ","src-ssc-cgl-portal",1,1,"UNIQUE","FULLY_VERIFIED"
"q-ssc-cgl-undefined-Tier 1-Shift 1-q23","ver-ssc-cgl-2026","subj-reasoning","","","single_mcq","MEDIUM",2,"OFFICIAL_PYQ","src-ssc-cgl-portal",0,1,"UNIQUE","DROPPED"
"q-ssc-cgl-undefined-Tier 1-Shift 1-q24","ver-ssc-cgl-2026","subj-reasoning","","","single_mcq","MEDIUM",2,"OFFICIAL_PYQ","src-ssc-cgl-portal",1,1,"UNIQUE","FULLY_VERIFIED"
"q-ssc-cgl-undefined-Tier 1-Shift 1-q25","ver-ssc-cgl-2026","subj-reasoning","","","single_mcq","MEDIUM",2,"OFFICIAL_PYQ","src-ssc-cgl-portal",1,1,"UNIQUE","FULLY_VERIFIED"
"q-ssc-cgl-undefined-Tier 1-Shift 1-q26","ver-ssc-cgl-2026","subj-gk","","","single_mcq","MEDIUM",2,"OFFICIAL_PYQ","src-ssc-cgl-portal",1,1,"UNIQUE","FULLY_VERIFIED"
"q-ssc-cgl-undefined-Tier 1-Shift 1-q27","ver-ssc-cgl-2026","subj-gk","","","single_mcq","MEDIUM",2,"OFFICIAL_PYQ","src-ssc-cgl-portal",1,1,"UNIQUE","FULLY_VERIFIED"
"q-ssc-cgl-undefined-Tier 1-Shift 1-q28","ver-ssc-cgl-2026","subj-gk","","","single_mcq","MEDIUM",2,"OFFICIAL_PYQ","src-ssc-cgl-portal",1,1,"UNIQUE","FULLY_VERIFIED"
"q-ssc-cgl-undefined-Tier 1-Shift 1-q29","ver-ssc-cgl-2026","subj-gk","","","single_mcq","MEDIUM",2,"OFFICIAL_PYQ","src-ssc-cgl-portal",1,1,"UNIQUE","FULLY_VERIFIED"
"q-ssc-cgl-undefined-Tier 1-Shift 1-q3","ver-ssc-cgl-2026","subj-reasoning","","","single_mcq","MEDIUM",2,"OFFICIAL_PYQ","src-ssc-cgl-portal",1,1,"UNIQUE","FULLY_VERIFIED"
"q-ssc-cgl-undefined-Tier 1-Shift 1-q30","ver-ssc-cgl-2026","subj-gk","","","single_mcq","MEDIUM",2,"OFFICIAL_PYQ","src-ssc-cgl-portal",1,1,"UNIQUE","FULLY_VERIFIED"
"q-ssc-cgl-undefined-Tier 1-Shift 1-q31","ver-ssc-cgl-2026","subj-gk","","","single_mcq","MEDIUM",2,"OFFICIAL_PYQ","src-ssc-cgl-portal",1,1,"UNIQUE","FULLY_VERIFIED"
"q-ssc-cgl-undefined-Tier 1-Shift 1-q32","ver-ssc-cgl-2026","subj-gk","","","single_mcq","MEDIUM",2,"OFFICIAL_PYQ","src-ssc-cgl-portal",1,1,"UNIQUE","FULLY_VERIFIED"
"q-ssc-cgl-undefined-Tier 1-Shift 1-q33","ver-ssc-cgl-2026","subj-gk","","","single_mcq","MEDIUM",2,"OFFICIAL_PYQ","src-ssc-cgl-portal",1,1,"UNIQUE","FULLY_VERIFIED"
"q-ssc-cgl-undefined-Tier 1-Shift 1-q34","ver-ssc-cgl-2026","subj-gk","","","single_mcq","MEDIUM",2,"OFFICIAL_PYQ","src-ssc-cgl-portal",1,1,"UNIQUE","FULLY_VERIFIED"
"q-ssc-cgl-undefined-Tier 1-Shift 1-q35","ver-ssc-cgl-2026","subj-gk","","","single_mcq","MEDIUM",2,"OFFICIAL_PYQ","src-ssc-cgl-portal",1,1,"UNIQUE","FULLY_VERIFIED"
"q-ssc-cgl-undefined-Tier 1-Shift 1-q36","ver-ssc-cgl-2026","subj-gk","","","single_mcq","MEDIUM",2,"OFFICIAL_PYQ","src-ssc-cgl-portal",1,1,"UNIQUE","FULLY_VERIFIED"
"q-ssc-cgl-undefined-Tier 1-Shift 1-q37","ver-ssc-cgl-2026","subj-gk","","","single_mcq","MEDIUM",2,"OFFICIAL_PYQ","src-ssc-cgl-portal",1,1,"UNIQUE","FULLY_VERIFIED"
"q-ssc-cgl-undefined-Tier 1-Shift 1-q38","ver-ssc-cgl-2026","subj-gk","","","single_mcq","MEDIUM",2,"OFFICIAL_PYQ","src-ssc-cgl-portal",1,1,"UNIQUE","FULLY_VERIFIED"
"q-ssc-cgl-undefined-Tier 1-Shift 1-q39","ver-ssc-cgl-2026","subj-gk","","","single_mcq","MEDIUM",2,"OFFICIAL_PYQ","src-ssc-cgl-portal",1,1,"UNIQUE","FULLY_VERIFIED"
"q-ssc-cgl-undefined-Tier 1-Shift 1-q4","ver-ssc-cgl-2026","subj-reasoning","","","single_mcq","MEDIUM",2,"OFFICIAL_PYQ","src-ssc-cgl-portal",1,1,"UNIQUE","FULLY_VERIFIED"
"q-ssc-cgl-undefined-Tier 1-Shift 1-q40","ver-ssc-cgl-2026","subj-gk","","","single_mcq","MEDIUM",2,"OFFICIAL_PYQ","src-ssc-cgl-portal",1,1,"UNIQUE","FULLY_VERIFIED"
"q-ssc-cgl-undefined-Tier 1-Shift 1-q41","ver-ssc-cgl-2026","subj-gk","","","single_mcq","MEDIUM",2,"OFFICIAL_PYQ","src-ssc-cgl-portal",1,1,"UNIQUE","FULLY_VERIFIED"
"q-ssc-cgl-undefined-Tier 1-Shift 1-q42","ver-ssc-cgl-2026","subj-gk","","","single_mcq","MEDIUM",2,"OFFICIAL_PYQ","src-ssc-cgl-portal",1,1,"UNIQUE","FULLY_VERIFIED"
"q-ssc-cgl-undefined-Tier 1-Shift 1-q43","ver-ssc-cgl-2026","subj-gk","","","single_mcq","MEDIUM",2,"OFFICIAL_PYQ","src-ssc-cgl-portal",1,1,"UNIQUE","FULLY_VERIFIED"
"q-ssc-cgl-undefined-Tier 1-Shift 1-q44","ver-ssc-cgl-2026","subj-gk","","","single_mcq","MEDIUM",2,"OFFICIAL_PYQ","src-ssc-cgl-portal",1,1,"UNIQUE","FULLY_VERIFIED"
"q-ssc-cgl-undefined-Tier 1-Shift 1-q45","ver-ssc-cgl-2026","subj-gk","","","single_mcq","MEDIUM",2,"OFFICIAL_PYQ","src-ssc-cgl-portal",1,1,"UNIQUE","FULLY_VERIFIED"
"q-ssc-cgl-undefined-Tier 1-Shift 1-q46","ver-ssc-cgl-2026","subj-gk","","","single_mcq","MEDIUM",2,"OFFICIAL_PYQ","src-ssc-cgl-portal",1,1,"UNIQUE","FULLY_VERIFIED"
"q-ssc-cgl-undefined-Tier 1-Shift 1-q47","ver-ssc-cgl-2026","subj-gk","","","single_mcq","MEDIUM",2,"OFFICIAL_PYQ","src-ssc-cgl-portal",1,1,"UNIQUE","FULLY_VERIFIED"
"q-ssc-cgl-undefined-Tier 1-Shift 1-q48","ver-ssc-cgl-2026","subj-gk","","","single_mcq","MEDIUM",2,"OFFICIAL_PYQ","src-ssc-cgl-portal",1,1,"UNIQUE","FULLY_VERIFIED"
"q-ssc-cgl-undefined-Tier 1-Shift 1-q49","ver-ssc-cgl-2026","subj-gk","","","single_mcq","MEDIUM",2,"OFFICIAL_PYQ","src-ssc-cgl-portal",1,1,"UNIQUE","FULLY_VERIFIED"
"q-ssc-cgl-undefined-Tier 1-Shift 1-q5","ver-ssc-cgl-2026","subj-reasoning","","","single_mcq","MEDIUM",2,"OFFICIAL_PYQ","src-ssc-cgl-portal",1,1,"UNIQUE","FULLY_VERIFIED"
"q-ssc-cgl-undefined-Tier 1-Shift 1-q50","ver-ssc-cgl-2026","subj-gk","","","single_mcq","MEDIUM",2,"OFFICIAL_PYQ","src-ssc-cgl-portal",1,1,"UNIQUE","FULLY_VERIFIED"
"q-ssc-cgl-undefined-Tier 1-Shift 1-q51","ver-ssc-cgl-2026","subj-math","","","single_mcq","MEDIUM",2,"OFFICIAL_PYQ","src-ssc-cgl-portal",1,1,"UNIQUE","FULLY_VERIFIED"
"q-ssc-cgl-undefined-Tier 1-Shift 1-q52","ver-ssc-cgl-2026","subj-math","","","single_mcq","MEDIUM",2,"OFFICIAL_PYQ","src-ssc-cgl-portal",1,1,"UNIQUE","FULLY_VERIFIED"
"q-ssc-cgl-undefined-Tier 1-Shift 1-q53","ver-ssc-cgl-2026","subj-math","","","single_mcq","MEDIUM",2,"OFFICIAL_PYQ","src-ssc-cgl-portal",1,1,"UNIQUE","FULLY_VERIFIED"
"q-ssc-cgl-undefined-Tier 1-Shift 1-q54","ver-ssc-cgl-2026","subj-math","","","single_mcq","MEDIUM",2,"OFFICIAL_PYQ","src-ssc-cgl-portal",1,1,"UNIQUE","FULLY_VERIFIED"
"q-ssc-cgl-undefined-Tier 1-Shift 1-q55","ver-ssc-cgl-2026","subj-math","","","single_mcq","MEDIUM",2,"OFFICIAL_PYQ","src-ssc-cgl-portal",1,1,"UNIQUE","FULLY_VERIFIED"
"q-ssc-cgl-undefined-Tier 1-Shift 1-q56","ver-ssc-cgl-2026","subj-math","","","single_mcq","MEDIUM",2,"OFFICIAL_PYQ","src-ssc-cgl-portal",1,1,"UNIQUE","FULLY_VERIFIED"
"q-ssc-cgl-undefined-Tier 1-Shift 1-q57","ver-ssc-cgl-2026","subj-math","","","single_mcq","MEDIUM",2,"OFFICIAL_PYQ","src-ssc-cgl-portal",1,1,"UNIQUE","FULLY_VERIFIED"
"q-ssc-cgl-undefined-Tier 1-Shift 1-q58","ver-ssc-cgl-2026","subj-math","","","single_mcq","MEDIUM",2,"OFFICIAL_PYQ","src-ssc-cgl-portal",1,1,"UNIQUE","FULLY_VERIFIED"
"q-ssc-cgl-undefined-Tier 1-Shift 1-q59","ver-ssc-cgl-2026","subj-math","","","single_mcq","MEDIUM",2,"OFFICIAL_PYQ","src-ssc-cgl-portal",1,1,"UNIQUE","FULLY_VERIFIED"
"q-ssc-cgl-undefined-Tier 1-Shift 1-q6","ver-ssc-cgl-2026","subj-reasoning","","","single_mcq","MEDIUM",2,"OFFICIAL_PYQ","src-ssc-cgl-portal",1,1,"UNIQUE","FULLY_VERIFIED"
"q-ssc-cgl-undefined-Tier 1-Shift 1-q60","ver-ssc-cgl-2026","subj-math","","","single_mcq","MEDIUM",2,"OFFICIAL_PYQ","src-ssc-cgl-portal",1,1,"UNIQUE","FULLY_VERIFIED"
"q-ssc-cgl-undefined-Tier 1-Shift 1-q61","ver-ssc-cgl-2026","subj-math","","","single_mcq","MEDIUM",2,"OFFICIAL_PYQ","src-ssc-cgl-portal",1,1,"UNIQUE","FULLY_VERIFIED"
"q-ssc-cgl-undefined-Tier 1-Shift 1-q62","ver-ssc-cgl-2026","subj-math","","","single_mcq","MEDIUM",2,"OFFICIAL_PYQ","src-ssc-cgl-portal",1,1,"UNIQUE","FULLY_VERIFIED"
"q-ssc-cgl-undefined-Tier 1-Shift 1-q63","ver-ssc-cgl-2026","subj-math","","","single_mcq","MEDIUM",2,"OFFICIAL_PYQ","src-ssc-cgl-portal",1,1,"UNIQUE","FULLY_VERIFIED"
"q-ssc-cgl-undefined-Tier 1-Shift 1-q64","ver-ssc-cgl-2026","subj-math","","","single_mcq","MEDIUM",2,"OFFICIAL_PYQ","src-ssc-cgl-portal",1,1,"UNIQUE","FULLY_VERIFIED"
"q-ssc-cgl-undefined-Tier 1-Shift 1-q65","ver-ssc-cgl-2026","subj-math","","","single_mcq","MEDIUM",2,"OFFICIAL_PYQ","src-ssc-cgl-portal",1,1,"UNIQUE","FULLY_VERIFIED"
"q-ssc-cgl-undefined-Tier 1-Shift 1-q66","ver-ssc-cgl-2026","subj-math","","","single_mcq","MEDIUM",2,"OFFICIAL_PYQ","src-ssc-cgl-portal",1,1,"UNIQUE","FULLY_VERIFIED"
"q-ssc-cgl-undefined-Tier 1-Shift 1-q67","ver-ssc-cgl-2026","subj-math","","","single_mcq","MEDIUM",2,"OFFICIAL_PYQ","src-ssc-cgl-portal",1,1,"UNIQUE","FULLY_VERIFIED"
"q-ssc-cgl-undefined-Tier 1-Shift 1-q68","ver-ssc-cgl-2026","subj-math","","","single_mcq","MEDIUM",2,"OFFICIAL_PYQ","src-ssc-cgl-portal",1,1,"UNIQUE","FULLY_VERIFIED"
"q-ssc-cgl-undefined-Tier 1-Shift 1-q69","ver-ssc-cgl-2026","subj-math","","","single_mcq","MEDIUM",2,"OFFICIAL_PYQ","src-ssc-cgl-portal",1,1,"UNIQUE","FULLY_VERIFIED"
"q-ssc-cgl-undefined-Tier 1-Shift 1-q7","ver-ssc-cgl-2026","subj-reasoning","","","single_mcq","MEDIUM",2,"OFFICIAL_PYQ","src-ssc-cgl-portal",1,1,"UNIQUE","FULLY_VERIFIED"
"q-ssc-cgl-undefined-Tier 1-Shift 1-q70","ver-ssc-cgl-2026","subj-math","","","single_mcq","MEDIUM",2,"OFFICIAL_PYQ","src-ssc-cgl-portal",1,1,"UNIQUE","FULLY_VERIFIED"
"q-ssc-cgl-undefined-Tier 1-Shift 1-q71","ver-ssc-cgl-2026","subj-math","","","single_mcq","MEDIUM",2,"OFFICIAL_PYQ","src-ssc-cgl-portal",1,1,"UNIQUE","FULLY_VERIFIED"
"q-ssc-cgl-undefined-Tier 1-Shift 1-q72","ver-ssc-cgl-2026","subj-math","","","single_mcq","MEDIUM",2,"OFFICIAL_PYQ","src-ssc-cgl-portal",1,1,"UNIQUE","FULLY_VERIFIED"
"q-ssc-cgl-undefined-Tier 1-Shift 1-q73","ver-ssc-cgl-2026","subj-math","","","single_mcq","MEDIUM",2,"OFFICIAL_PYQ","src-ssc-cgl-portal",1,1,"UNIQUE","FULLY_VERIFIED"
"q-ssc-cgl-undefined-Tier 1-Shift 1-q74","ver-ssc-cgl-2026","subj-math","","","single_mcq","MEDIUM",2,"OFFICIAL_PYQ","src-ssc-cgl-portal",1,1,"UNIQUE","FULLY_VERIFIED"
"q-ssc-cgl-undefined-Tier 1-Shift 1-q75","ver-ssc-cgl-2026","subj-math","","","single_mcq","MEDIUM",2,"OFFICIAL_PYQ","src-ssc-cgl-portal",1,1,"UNIQUE","FULLY_VERIFIED"
"q-ssc-cgl-undefined-Tier 1-Shift 1-q76","ver-ssc-cgl-2026","subj-english","","","single_mcq","MEDIUM",2,"OFFICIAL_PYQ","src-ssc-cgl-portal",1,1,"UNIQUE","FULLY_VERIFIED"
"q-ssc-cgl-undefined-Tier 1-Shift 1-q77","ver-ssc-cgl-2026","subj-english","","","single_mcq","MEDIUM",2,"OFFICIAL_PYQ","src-ssc-cgl-portal",1,1,"UNIQUE","FULLY_VERIFIED"
"q-ssc-cgl-undefined-Tier 1-Shift 1-q78","ver-ssc-cgl-2026","subj-english","","","single_mcq","MEDIUM",2,"OFFICIAL_PYQ","src-ssc-cgl-portal",1,1,"UNIQUE","FULLY_VERIFIED"
"q-ssc-cgl-undefined-Tier 1-Shift 1-q79","ver-ssc-cgl-2026","subj-english","","","single_mcq","MEDIUM",2,"OFFICIAL_PYQ","src-ssc-cgl-portal",1,1,"UNIQUE","FULLY_VERIFIED"
"q-ssc-cgl-undefined-Tier 1-Shift 1-q8","ver-ssc-cgl-2026","subj-reasoning","","","single_mcq","MEDIUM",2,"OFFICIAL_PYQ","src-ssc-cgl-portal",1,1,"UNIQUE","FULLY_VERIFIED"
"q-ssc-cgl-undefined-Tier 1-Shift 1-q80","ver-ssc-cgl-2026","subj-english","","","single_mcq","MEDIUM",2,"OFFICIAL_PYQ","src-ssc-cgl-portal",1,1,"UNIQUE","FULLY_VERIFIED"
"q-ssc-cgl-undefined-Tier 1-Shift 1-q81","ver-ssc-cgl-2026","subj-english","","","single_mcq","MEDIUM",2,"OFFICIAL_PYQ","src-ssc-cgl-portal",1,1,"UNIQUE","FULLY_VERIFIED"
"q-ssc-cgl-undefined-Tier 1-Shift 1-q82","ver-ssc-cgl-2026","subj-english","","","single_mcq","MEDIUM",2,"OFFICIAL_PYQ","src-ssc-cgl-portal",1,1,"UNIQUE","FULLY_VERIFIED"
"q-ssc-cgl-undefined-Tier 1-Shift 1-q83","ver-ssc-cgl-2026","subj-english","","","single_mcq","MEDIUM",2,"OFFICIAL_PYQ","src-ssc-cgl-portal",1,1,"UNIQUE","FULLY_VERIFIED"
"q-ssc-cgl-undefined-Tier 1-Shift 1-q84","ver-ssc-cgl-2026","subj-english","","","single_mcq","MEDIUM",2,"OFFICIAL_PYQ","src-ssc-cgl-portal",1,1,"UNIQUE","FULLY_VERIFIED"
"q-ssc-cgl-undefined-Tier 1-Shift 1-q85","ver-ssc-cgl-2026","subj-english","","","single_mcq","MEDIUM",2,"OFFICIAL_PYQ","src-ssc-cgl-portal",1,1,"UNIQUE","FULLY_VERIFIED"
"q-ssc-cgl-undefined-Tier 1-Shift 1-q86","ver-ssc-cgl-2026","subj-english","","","single_mcq","MEDIUM",2,"OFFICIAL_PYQ","src-ssc-cgl-portal",1,1,"UNIQUE","FULLY_VERIFIED"
"q-ssc-cgl-undefined-Tier 1-Shift 1-q87","ver-ssc-cgl-2026","subj-english","","","single_mcq","MEDIUM",2,"OFFICIAL_PYQ","src-ssc-cgl-portal",1,1,"UNIQUE","FULLY_VERIFIED"
"q-ssc-cgl-undefined-Tier 1-Shift 1-q88","ver-ssc-cgl-2026","subj-english","","","single_mcq","MEDIUM",2,"OFFICIAL_PYQ","src-ssc-cgl-portal",1,1,"UNIQUE","FULLY_VERIFIED"
"q-ssc-cgl-undefined-Tier 1-Shift 1-q89","ver-ssc-cgl-2026","subj-english","","","single_mcq","MEDIUM",2,"OFFICIAL_PYQ","src-ssc-cgl-portal",1,1,"UNIQUE","FULLY_VERIFIED"
"q-ssc-cgl-undefined-Tier 1-Shift 1-q9","ver-ssc-cgl-2026","subj-reasoning","","","single_mcq","MEDIUM",2,"OFFICIAL_PYQ","src-ssc-cgl-portal",1,1,"UNIQUE","FULLY_VERIFIED"
"q-ssc-cgl-undefined-Tier 1-Shift 1-q90","ver-ssc-cgl-2026","subj-english","","","single_mcq","MEDIUM",2,"OFFICIAL_PYQ","src-ssc-cgl-portal",1,1,"UNIQUE","FULLY_VERIFIED"
"q-ssc-cgl-undefined-Tier 1-Shift 1-q91","ver-ssc-cgl-2026","subj-english","","","single_mcq","MEDIUM",2,"OFFICIAL_PYQ","src-ssc-cgl-portal",1,1,"UNIQUE","FULLY_VERIFIED"
"q-ssc-cgl-undefined-Tier 1-Shift 1-q92","ver-ssc-cgl-2026","subj-english","","","single_mcq","MEDIUM",2,"OFFICIAL_PYQ","src-ssc-cgl-portal",1,1,"UNIQUE","FULLY_VERIFIED"
"q-ssc-cgl-undefined-Tier 1-Shift 1-q93","ver-ssc-cgl-2026","subj-english","","","single_mcq","MEDIUM",2,"OFFICIAL_PYQ","src-ssc-cgl-portal",1,1,"UNIQUE","FULLY_VERIFIED"
"q-ssc-cgl-undefined-Tier 1-Shift 1-q94","ver-ssc-cgl-2026","subj-english","","","single_mcq","MEDIUM",2,"OFFICIAL_PYQ","src-ssc-cgl-portal",1,1,"UNIQUE","FULLY_VERIFIED"
"q-ssc-cgl-undefined-Tier 1-Shift 1-q95","ver-ssc-cgl-2026","subj-english","","","single_mcq","MEDIUM",2,"OFFICIAL_PYQ","src-ssc-cgl-portal",1,1,"UNIQUE","FULLY_VERIFIED"
"q-ssc-cgl-undefined-Tier 1-Shift 1-q96","ver-ssc-cgl-2026","subj-english","","","single_mcq","MEDIUM",2,"OFFICIAL_PYQ","src-ssc-cgl-portal",1,1,"UNIQUE","FULLY_VERIFIED"
"q-ssc-cgl-undefined-Tier 1-Shift 1-q97","ver-ssc-cgl-2026","subj-english","","","single_mcq","MEDIUM",2,"OFFICIAL_PYQ","src-ssc-cgl-portal",1,1,"UNIQUE","FULLY_VERIFIED"
"q-ssc-cgl-undefined-Tier 1-Shift 1-q98","ver-ssc-cgl-2026","subj-english","","","single_mcq","MEDIUM",2,"OFFICIAL_PYQ","src-ssc-cgl-portal",1,1,"UNIQUE","FULLY_VERIFIED"
"q-ssc-cgl-undefined-Tier 1-Shift 1-q99","ver-ssc-cgl-2026","subj-english","","","single_mcq","MEDIUM",2,"OFFICIAL_PYQ","src-ssc-cgl-portal",1,1,"UNIQUE","FULLY_VERIFIED"
"q-ssc-gd-p17a-mumcjgkf-1","ver-ssc-gd-2026","subj-reasoning","ch-gd_r_1","top-ch-gd_r_1-core","single_mcq","EASY",2,"HUMAN_CURATED","src-ssc-gd-portal",0,1,"UNIQUE","IMPORTED"
"q-ssc-gd-p17a-mumcjgki-2","ver-ssc-gd-2026","subj-reasoning","ch-gd_r_2","top-ch-gd_r_2-core","single_mcq","MEDIUM",2,"HUMAN_CURATED","src-ssc-gd-portal",0,1,"UNIQUE","IMPORTED"
"q-ssc-gd-p17a-mumcjgkj-3","ver-ssc-gd-2026","subj-reasoning","ch-gd_r_3","top-ch-gd_r_3-core","single_mcq","EASY",2,"HUMAN_CURATED","src-ssc-gd-portal",0,1,"UNIQUE","IMPORTED"
"q-ssc-gd-p17a-mumcjgkj-4","ver-ssc-gd-2026","subj-reasoning","ch-gd_r_4","top-ch-gd_r_4-core","single_mcq","MEDIUM",2,"HUMAN_CURATED","src-ssc-gd-portal",0,1,"UNIQUE","IMPORTED"
"q-ssc-gd-p17a-mumcjgkj-5","ver-ssc-gd-2026","subj-reasoning","ch-gd_r_5","top-ch-gd_r_5-core","single_mcq","MEDIUM",2,"HUMAN_CURATED","src-ssc-gd-portal",0,1,"UNIQUE","IMPORTED"
"q-ssc-gd-p17a-mumcjgkj-6","ver-ssc-gd-2026","subj-reasoning","ch-gd_r_1","top-ch-gd_r_1-core","single_mcq","HARD",2,"HUMAN_CURATED","src-ssc-gd-portal",0,1,"UNIQUE","IMPORTED"
"q-ssc-gd-p17a-mumcjgkk-10","ver-ssc-gd-2026","subj-gk","ch-gd_g_3","top-ch-gd_g_3-core","single_mcq","MEDIUM",2,"HUMAN_CURATED","src-ssc-gd-portal",0,1,"UNIQUE","IMPORTED"
"q-ssc-gd-p17a-mumcjgkk-11","ver-ssc-gd-2026","subj-gk","ch-gd_g_4","top-ch-gd_g_4-core","single_mcq","EASY",2,"HUMAN_CURATED","src-ssc-gd-portal",0,1,"UNIQUE","IMPORTED"
"q-ssc-gd-p17a-mumcjgkk-7","ver-ssc-gd-2026","subj-reasoning","ch-gd_r_2","top-ch-gd_r_2-core","single_mcq","MEDIUM",2,"HUMAN_CURATED","src-ssc-gd-portal",0,1,"UNIQUE","IMPORTED"
"q-ssc-gd-p17a-mumcjgkk-8","ver-ssc-gd-2026","subj-gk","ch-gd_g_1","top-ch-gd_g_1-core","single_mcq","EASY",2,"HUMAN_CURATED","src-ssc-gd-portal",0,1,"UNIQUE","IMPORTED"
"q-ssc-gd-p17a-mumcjgkk-9","ver-ssc-gd-2026","subj-gk","ch-gd_g_2","top-ch-gd_g_2-core","single_mcq","EASY",2,"HUMAN_CURATED","src-ssc-gd-portal",0,1,"UNIQUE","IMPORTED"
"q-ssc-gd-p17a-mumcjgkl-12","ver-ssc-gd-2026","subj-gk","ch-gd_g_5","top-ch-gd_g_5-core","single_mcq","MEDIUM",2,"HUMAN_CURATED","src-ssc-gd-portal",0,1,"UNIQUE","IMPORTED"
"q-ssc-gd-p17a-mumcjgkl-13","ver-ssc-gd-2026","subj-gk","ch-gd_g_1","top-ch-gd_g_1-core","single_mcq","EASY",2,"HUMAN_CURATED","src-ssc-gd-portal",0,1,"UNIQUE","IMPORTED"
"q-ssc-gd-p17a-mumcjgkl-14","ver-ssc-gd-2026","subj-math","ch-gd_m_1","top-ch-gd_m_1-core","single_mcq","EASY",2,"HUMAN_CURATED","src-ssc-gd-portal",0,1,"UNIQUE","IMPORTED"
"q-ssc-gd-p17a-mumcjgkl-15","ver-ssc-gd-2026","subj-math","ch-gd_m_2","top-ch-gd_m_2-core","single_mcq","EASY",2,"HUMAN_CURATED","src-ssc-gd-portal",0,1,"UNIQUE","IMPORTED"
"q-ssc-gd-p17a-mumcjgkl-16","ver-ssc-gd-2026","subj-math","ch-gd_m_3","top-ch-gd_m_3-core","single_mcq","MEDIUM",2,"HUMAN_CURATED","src-ssc-gd-portal",0,1,"UNIQUE","IMPORTED"
"q-ssc-gd-p17a-mumcjgkl-17","ver-ssc-gd-2026","subj-math","ch-gd_m_4","top-ch-gd_m_4-core","single_mcq","EASY",2,"HUMAN_CURATED","src-ssc-gd-portal",0,1,"UNIQUE","IMPORTED"
"q-ssc-gd-p17a-mumcjgkl-18","ver-ssc-gd-2026","subj-math","ch-gd_m_5","top-ch-gd_m_5-core","single_mcq","MEDIUM",2,"HUMAN_CURATED","src-ssc-gd-portal",0,1,"UNIQUE","IMPORTED"
"q-ssc-gd-p17a-mumcjgkl-19","ver-ssc-gd-2026","subj-math","ch-gd_m_1","top-ch-gd_m_1-core","single_mcq","MEDIUM",2,"HUMAN_CURATED","src-ssc-gd-portal",0,1,"UNIQUE","IMPORTED"
"q-ssc-gd-p17a-mumcjgkl-20","ver-ssc-gd-2026","subj-hindi","ch-gd_l_2","top-ch-gd_l_2-core","single_mcq","EASY",2,"HUMAN_CURATED","src-ssc-gd-portal",0,1,"UNIQUE","IMPORTED"
"q-ssc-gd-p17a-mumcjgkl-21","ver-ssc-gd-2026","subj-hindi","ch-gd_l_2","top-ch-gd_l_2-core","single_mcq","EASY",2,"HUMAN_CURATED","src-ssc-gd-portal",0,1,"UNIQUE","IMPORTED"
"q-ssc-gd-p17a-mumcjgkl-22","ver-ssc-gd-2026","subj-hindi","ch-gd_l_3","top-ch-gd_l_3-core","single_mcq","EASY",2,"HUMAN_CURATED","src-ssc-gd-portal",0,1,"UNIQUE","IMPORTED"
"q-ssc-gd-p17a-mumcjgkl-23","ver-ssc-gd-2026","subj-hindi","ch-gd_l_1","top-ch-gd_l_1-core","single_mcq","MEDIUM",2,"HUMAN_CURATED","src-ssc-gd-portal",0,1,"UNIQUE","IMPORTED"
"q-ssc-gd-p17a-mumcjgkl-24","ver-ssc-gd-2026","subj-hindi","ch-gd_l_4","top-ch-gd_l_4-core","single_mcq","MEDIUM",2,"HUMAN_CURATED","src-ssc-gd-portal",0,1,"UNIQUE","IMPORTED"
"q-ssc-gd-p17a-mumcjgkl-25","ver-ssc-gd-2026","subj-hindi","ch-gd_l_1","top-ch-gd_l_1-core","single_mcq","EASY",2,"HUMAN_CURATED","src-ssc-gd-portal",0,1,"UNIQUE","IMPORTED"
"q-tndge-tamilnadu-undefined-Annual-Morning-q1","ver-tndge-tamilnadu-2026","subj-tamil","","","single_mcq","MEDIUM",1,"OFFICIAL_PYQ","src-tndge-tamilnadu-portal",1,1,"UNIQUE","FULLY_VERIFIED"
"q-tndge-tamilnadu-undefined-Annual-Morning-q10","ver-tndge-tamilnadu-2026","subj-tamil","","","single_mcq","MEDIUM",1,"OFFICIAL_PYQ","src-tndge-tamilnadu-portal",1,1,"UNIQUE","FULLY_VERIFIED"
"q-tndge-tamilnadu-undefined-Annual-Morning-q11","ver-tndge-tamilnadu-2026","subj-tamil","","","single_mcq","MEDIUM",1,"OFFICIAL_PYQ","src-tndge-tamilnadu-portal",1,1,"UNIQUE","FULLY_VERIFIED"
"q-tndge-tamilnadu-undefined-Annual-Morning-q12","ver-tndge-tamilnadu-2026","subj-tamil","","","single_mcq","MEDIUM",1,"OFFICIAL_PYQ","src-tndge-tamilnadu-portal",1,1,"UNIQUE","FULLY_VERIFIED"
"q-tndge-tamilnadu-undefined-Annual-Morning-q13","ver-tndge-tamilnadu-2026","subj-tamil","","","single_mcq","MEDIUM",1,"OFFICIAL_PYQ","src-tndge-tamilnadu-portal",1,1,"UNIQUE","FULLY_VERIFIED"
"q-tndge-tamilnadu-undefined-Annual-Morning-q14","ver-tndge-tamilnadu-2026","subj-tamil","","","single_mcq","MEDIUM",1,"OFFICIAL_PYQ","src-tndge-tamilnadu-portal",1,1,"UNIQUE","FULLY_VERIFIED"
"q-tndge-tamilnadu-undefined-Annual-Morning-q15","ver-tndge-tamilnadu-2026","subj-tamil","","","single_mcq","MEDIUM",1,"OFFICIAL_PYQ","src-tndge-tamilnadu-portal",1,1,"UNIQUE","FULLY_VERIFIED"
"q-tndge-tamilnadu-undefined-Annual-Morning-q16","ver-tndge-tamilnadu-2026","subj-tamil","","","single_mcq","MEDIUM",1,"OFFICIAL_PYQ","src-tndge-tamilnadu-portal",1,1,"UNIQUE","FULLY_VERIFIED"
"q-tndge-tamilnadu-undefined-Annual-Morning-q17","ver-tndge-tamilnadu-2026","subj-tamil","","","single_mcq","MEDIUM",1,"OFFICIAL_PYQ","src-tndge-tamilnadu-portal",1,1,"UNIQUE","FULLY_VERIFIED"
"q-tndge-tamilnadu-undefined-Annual-Morning-q18","ver-tndge-tamilnadu-2026","subj-tamil","","","single_mcq","MEDIUM",1,"OFFICIAL_PYQ","src-tndge-tamilnadu-portal",1,1,"UNIQUE","FULLY_VERIFIED"
"q-tndge-tamilnadu-undefined-Annual-Morning-q19","ver-tndge-tamilnadu-2026","subj-tamil","","","single_mcq","MEDIUM",1,"OFFICIAL_PYQ","src-tndge-tamilnadu-portal",1,1,"UNIQUE","FULLY_VERIFIED"
"q-tndge-tamilnadu-undefined-Annual-Morning-q2","ver-tndge-tamilnadu-2026","subj-tamil","","","single_mcq","MEDIUM",1,"OFFICIAL_PYQ","src-tndge-tamilnadu-portal",1,1,"UNIQUE","FULLY_VERIFIED"
"q-tndge-tamilnadu-undefined-Annual-Morning-q20","ver-tndge-tamilnadu-2026","subj-tamil","","","single_mcq","MEDIUM",1,"OFFICIAL_PYQ","src-tndge-tamilnadu-portal",1,1,"UNIQUE","FULLY_VERIFIED"
"q-tndge-tamilnadu-undefined-Annual-Morning-q21","ver-tndge-tamilnadu-2026","subj-tamil","","","single_mcq","MEDIUM",1,"OFFICIAL_PYQ","src-tndge-tamilnadu-portal",1,1,"UNIQUE","FULLY_VERIFIED"
"q-tndge-tamilnadu-undefined-Annual-Morning-q22","ver-tndge-tamilnadu-2026","subj-tamil","","","single_mcq","MEDIUM",1,"OFFICIAL_PYQ","src-tndge-tamilnadu-portal",1,1,"UNIQUE","FULLY_VERIFIED"
"q-tndge-tamilnadu-undefined-Annual-Morning-q23","ver-tndge-tamilnadu-2026","subj-tamil","","","single_mcq","MEDIUM",1,"OFFICIAL_PYQ","src-tndge-tamilnadu-portal",1,1,"UNIQUE","FULLY_VERIFIED"
"q-tndge-tamilnadu-undefined-Annual-Morning-q24","ver-tndge-tamilnadu-2026","subj-tamil","","","single_mcq","MEDIUM",1,"OFFICIAL_PYQ","src-tndge-tamilnadu-portal",1,1,"UNIQUE","FULLY_VERIFIED"
"q-tndge-tamilnadu-undefined-Annual-Morning-q25","ver-tndge-tamilnadu-2026","subj-tamil","","","single_mcq","MEDIUM",1,"OFFICIAL_PYQ","src-tndge-tamilnadu-portal",1,1,"UNIQUE","FULLY_VERIFIED"
"q-tndge-tamilnadu-undefined-Annual-Morning-q3","ver-tndge-tamilnadu-2026","subj-tamil","","","single_mcq","MEDIUM",1,"OFFICIAL_PYQ","src-tndge-tamilnadu-portal",1,1,"UNIQUE","FULLY_VERIFIED"
"q-tndge-tamilnadu-undefined-Annual-Morning-q4","ver-tndge-tamilnadu-2026","subj-tamil","","","single_mcq","MEDIUM",1,"OFFICIAL_PYQ","src-tndge-tamilnadu-portal",1,1,"UNIQUE","FULLY_VERIFIED"
"q-tndge-tamilnadu-undefined-Annual-Morning-q5","ver-tndge-tamilnadu-2026","subj-tamil","","","single_mcq","MEDIUM",1,"OFFICIAL_PYQ","src-tndge-tamilnadu-portal",1,1,"UNIQUE","FULLY_VERIFIED"
"q-tndge-tamilnadu-undefined-Annual-Morning-q6","ver-tndge-tamilnadu-2026","subj-tamil","","","single_mcq","MEDIUM",1,"OFFICIAL_PYQ","src-tndge-tamilnadu-portal",1,1,"UNIQUE","FULLY_VERIFIED"
"q-tndge-tamilnadu-undefined-Annual-Morning-q7","ver-tndge-tamilnadu-2026","subj-tamil","","","single_mcq","MEDIUM",1,"OFFICIAL_PYQ","src-tndge-tamilnadu-portal",1,1,"UNIQUE","FULLY_VERIFIED"
"q-tndge-tamilnadu-undefined-Annual-Morning-q8","ver-tndge-tamilnadu-2026","subj-tamil","","","single_mcq","MEDIUM",1,"OFFICIAL_PYQ","src-tndge-tamilnadu-portal",1,1,"UNIQUE","FULLY_VERIFIED"
"q-tndge-tamilnadu-undefined-Annual-Morning-q9","ver-tndge-tamilnadu-2026","subj-tamil","","","single_mcq","MEDIUM",1,"OFFICIAL_PYQ","src-tndge-tamilnadu-portal",1,1,"UNIQUE","FULLY_VERIFIED"
"q-up-police-constable-p17a-mumcjglq-1","ver-up-police-constable-2026","subj-gk","ch-up_g_1","top-ch-up_g_1-core","single_mcq","EASY",2,"HUMAN_CURATED","src-up-police-constable-portal",0,1,"UNIQUE","IMPORTED"
"q-up-police-constable-p17a-mumcjglr-10","ver-up-police-constable-2026","subj-hindi","ch-up_h_1","top-ch-up_h_1-core","single_mcq","MEDIUM",2,"HUMAN_CURATED","src-up-police-constable-portal",0,1,"UNIQUE","IMPORTED"
"q-up-police-constable-p17a-mumcjglr-11","ver-up-police-constable-2026","subj-hindi","ch-up_h_1","top-ch-up_h_1-core","single_mcq","EASY",2,"HUMAN_CURATED","src-up-police-constable-portal",0,1,"UNIQUE","IMPORTED"
"q-up-police-constable-p17a-mumcjglr-12","ver-up-police-constable-2026","subj-hindi","ch-up_h_1","top-ch-up_h_1-core","single_mcq","HARD",2,"HUMAN_CURATED","src-up-police-constable-portal",0,1,"UNIQUE","IMPORTED"
"q-up-police-constable-p17a-mumcjglr-2","ver-up-police-constable-2026","subj-gk","ch-up_g_1","top-ch-up_g_1-core","single_mcq","MEDIUM",2,"HUMAN_CURATED","src-up-police-constable-portal",0,1,"UNIQUE","IMPORTED"
"q-up-police-constable-p17a-mumcjglr-3","ver-up-police-constable-2026","subj-gk","ch-up_g_1","top-ch-up_g_1-core","single_mcq","HARD",2,"HUMAN_CURATED","src-up-police-constable-portal",0,1,"UNIQUE","IMPORTED"
"q-up-police-constable-p17a-mumcjglr-4","ver-up-police-constable-2026","subj-gk","ch-up_g_1","top-ch-up_g_1-core","single_mcq","MEDIUM",2,"HUMAN_CURATED","src-up-police-constable-portal",0,1,"UNIQUE","IMPORTED"
"q-up-police-constable-p17a-mumcjglr-5","ver-up-police-constable-2026","subj-gk","ch-up_g_1","top-ch-up_g_1-core","single_mcq","EASY",2,"HUMAN_CURATED","src-up-police-constable-portal",0,1,"UNIQUE","IMPORTED"
"q-up-police-constable-p17a-mumcjglr-6","ver-up-police-constable-2026","subj-gk","ch-up_g_1","top-ch-up_g_1-core","single_mcq","HARD",2,"HUMAN_CURATED","src-up-police-constable-portal",0,1,"UNIQUE","IMPORTED"
"q-up-police-constable-p17a-mumcjglr-7","ver-up-police-constable-2026","subj-gk","ch-up_g_1","top-ch-up_g_1-core","single_mcq","EASY",2,"HUMAN_CURATED","src-up-police-constable-portal",0,1,"UNIQUE","IMPORTED"
"q-up-police-constable-p17a-mumcjglr-8","ver-up-police-constable-2026","subj-hindi","ch-up_h_1","top-ch-up_h_1-core","single_mcq","MEDIUM",2,"HUMAN_CURATED","src-up-police-constable-portal",0,1,"UNIQUE","IMPORTED"
"q-up-police-constable-p17a-mumcjglr-9","ver-up-police-constable-2026","subj-hindi","ch-up_h_1","top-ch-up_h_1-core","single_mcq","HARD",2,"HUMAN_CURATED","src-up-police-constable-portal",0,1,"UNIQUE","IMPORTED"
"q-up-police-constable-p17a-mumcjgls-13","ver-up-police-constable-2026","subj-hindi","ch-up_h_1","top-ch-up_h_1-core","single_mcq","EASY",2,"HUMAN_CURATED","src-up-police-constable-portal",0,1,"UNIQUE","IMPORTED"
"q-up-police-constable-p17a-mumcjgls-14","ver-up-police-constable-2026","subj-math","ch-up_n_1","top-ch-up_n_1-core","single_mcq","MEDIUM",2,"HUMAN_CURATED","src-up-police-constable-portal",0,1,"UNIQUE","IMPORTED"
"q-up-police-constable-p17a-mumcjgls-15","ver-up-police-constable-2026","subj-math","ch-up_n_1","top-ch-up_n_1-core","single_mcq","HARD",2,"HUMAN_CURATED","src-up-police-constable-portal",0,1,"UNIQUE","IMPORTED"
"q-up-police-constable-p17a-mumcjgls-16","ver-up-police-constable-2026","subj-math","ch-up_n_1","top-ch-up_n_1-core","single_mcq","MEDIUM",2,"HUMAN_CURATED","src-up-police-constable-portal",0,1,"UNIQUE","IMPORTED"
"q-up-police-constable-p17a-mumcjgls-17","ver-up-police-constable-2026","subj-math","ch-up_n_1","top-ch-up_n_1-core","single_mcq","EASY",2,"HUMAN_CURATED","src-up-police-constable-portal",0,1,"UNIQUE","IMPORTED"
"q-up-police-constable-p17a-mumcjgls-18","ver-up-police-constable-2026","subj-math","ch-up_n_1","top-ch-up_n_1-core","single_mcq","HARD",2,"HUMAN_CURATED","src-up-police-constable-portal",0,1,"UNIQUE","IMPORTED"
"q-up-police-constable-p17a-mumcjgls-19","ver-up-police-constable-2026","subj-math","ch-up_n_1","top-ch-up_n_1-core","single_mcq","EASY",2,"HUMAN_CURATED","src-up-police-constable-portal",0,1,"UNIQUE","IMPORTED"
"q-up-police-constable-p17a-mumcjglt-20","ver-up-police-constable-2026","subj-reasoning","ch-up_r_1","top-ch-up_r_1-core","single_mcq","MEDIUM",2,"HUMAN_CURATED","src-up-police-constable-portal",0,1,"UNIQUE","IMPORTED"
"q-up-police-constable-p17a-mumcjglt-21","ver-up-police-constable-2026","subj-reasoning","ch-up_r_1","top-ch-up_r_1-core","single_mcq","HARD",2,"HUMAN_CURATED","src-up-police-constable-portal",0,1,"UNIQUE","IMPORTED"
"q-up-police-constable-p17a-mumcjglt-22","ver-up-police-constable-2026","subj-reasoning","ch-up_r_1","top-ch-up_r_1-core","single_mcq","MEDIUM",2,"HUMAN_CURATED","src-up-police-constable-portal",0,1,"UNIQUE","IMPORTED"
"q-up-police-constable-p17a-mumcjglu-23","ver-up-police-constable-2026","subj-reasoning","ch-up_r_1","top-ch-up_r_1-core","single_mcq","EASY",2,"HUMAN_CURATED","src-up-police-constable-portal",0,1,"UNIQUE","IMPORTED"
"q-up-police-constable-p17a-mumcjglu-24","ver-up-police-constable-2026","subj-reasoning","ch-up_r_1","top-ch-up_r_1-core","single_mcq","HARD",2,"HUMAN_CURATED","src-up-police-constable-portal",0,1,"UNIQUE","IMPORTED"
"q-up-police-constable-p17a-mumcjglu-25","ver-up-police-constable-2026","subj-reasoning","ch-up_r_1","top-ch-up_r_1-core","single_mcq","EASY",2,"HUMAN_CURATED","src-up-police-constable-portal",0,1,"UNIQUE","IMPORTED"
"q-upp-2024-s1-q1","ver-up-police-constable-2024","subj-hindi","","","single_mcq","MEDIUM",2,"OFFICIAL_PYQ","",1,1,"UNIQUE","APPROVED"
"q-upp-2024-s1-q2","ver-up-police-constable-2024","subj-gk","","","single_mcq","MEDIUM",2,"OFFICIAL_PYQ","",1,1,"UNIQUE","APPROVED"
"q-upp-constable-2024-s2-gk-q001","ver-up-police-constable-2026","subj-gk","","","single_mcq","MEDIUM",2,"OFFICIAL_PYQ","src-up-police-constable-portal",0,1,"UNIQUE","FULLY_VERIFIED"
"q-upp-constable-2024-s2-gk-q002","ver-up-police-constable-2026","subj-gk","","","single_mcq","MEDIUM",2,"OFFICIAL_PYQ","src-up-police-constable-portal",0,1,"UNIQUE","FULLY_VERIFIED"
"q-upp-constable-2024-s2-gk-q003","ver-up-police-constable-2026","subj-gk","","","single_mcq","MEDIUM",2,"OFFICIAL_PYQ","src-up-police-constable-portal",0,1,"UNIQUE","FULLY_VERIFIED"
"q-upp-constable-2024-s2-gk-q004","ver-up-police-constable-2026","subj-gk","","","single_mcq","MEDIUM",2,"OFFICIAL_PYQ","src-up-police-constable-portal",0,1,"UNIQUE","FULLY_VERIFIED"
"q-upp-constable-2024-s2-gk-q005","ver-up-police-constable-2026","subj-gk","","","single_mcq","MEDIUM",2,"OFFICIAL_PYQ","src-up-police-constable-portal",0,1,"UNIQUE","FULLY_VERIFIED"
"q-upp-constable-2024-s2-gk-q006","ver-up-police-constable-2026","subj-gk","","","single_mcq","MEDIUM",2,"OFFICIAL_PYQ","src-up-police-constable-portal",0,1,"UNIQUE","FULLY_VERIFIED"
"q-upp-constable-2024-s2-gk-q007","ver-up-police-constable-2026","subj-gk","","","single_mcq","MEDIUM",2,"OFFICIAL_PYQ","src-up-police-constable-portal",0,1,"UNIQUE","FULLY_VERIFIED"
"q-upp-constable-2024-s2-gk-q008","ver-up-police-constable-2026","subj-gk","","","single_mcq","MEDIUM",2,"OFFICIAL_PYQ","src-up-police-constable-portal",0,1,"UNIQUE","FULLY_VERIFIED"
"q-upp-constable-2024-s2-gk-q009","ver-up-police-constable-2026","subj-gk","","","single_mcq","MEDIUM",2,"OFFICIAL_PYQ","src-up-police-constable-portal",0,1,"UNIQUE","FULLY_VERIFIED"
"q-upp-constable-2024-s2-gk-q010","ver-up-police-constable-2026","subj-gk","","","single_mcq","MEDIUM",2,"OFFICIAL_PYQ","src-up-police-constable-portal",0,1,"UNIQUE","FULLY_VERIFIED"
"q-upp-constable-2024-s2-gk-q011","ver-up-police-constable-2026","subj-gk","","","single_mcq","MEDIUM",2,"OFFICIAL_PYQ","src-up-police-constable-portal",0,1,"UNIQUE","FULLY_VERIFIED"
"q-upp-constable-2024-s2-gk-q012","ver-up-police-constable-2026","subj-gk","","","single_mcq","MEDIUM",2,"OFFICIAL_PYQ","src-up-police-constable-portal",0,1,"UNIQUE","FULLY_VERIFIED"
"q-upp-constable-2024-s2-gk-q013","ver-up-police-constable-2026","subj-gk","","","single_mcq","MEDIUM",2,"OFFICIAL_PYQ","src-up-police-constable-portal",0,1,"UNIQUE","FULLY_VERIFIED"
"q-upp-constable-2024-s2-gk-q014","ver-up-police-constable-2026","subj-gk","","","single_mcq","MEDIUM",2,"OFFICIAL_PYQ","src-up-police-constable-portal",0,1,"UNIQUE","FULLY_VERIFIED"
"q-upp-constable-2024-s2-gk-q015","ver-up-police-constable-2026","subj-gk","","","single_mcq","MEDIUM",2,"OFFICIAL_PYQ","src-up-police-constable-portal",0,1,"UNIQUE","FULLY_VERIFIED"
"q-upp-constable-2024-s2-gk-q016","ver-up-police-constable-2026","subj-gk","","","single_mcq","MEDIUM",2,"OFFICIAL_PYQ","src-up-police-constable-portal",0,1,"UNIQUE","FULLY_VERIFIED"
"q-upp-constable-2024-s2-gk-q017","ver-up-police-constable-2026","subj-gk","","","single_mcq","MEDIUM",2,"OFFICIAL_PYQ","src-up-police-constable-portal",0,1,"UNIQUE","FULLY_VERIFIED"
"q-upp-constable-2024-s2-gk-q018","ver-up-police-constable-2026","subj-gk","","","single_mcq","MEDIUM",2,"OFFICIAL_PYQ","src-up-police-constable-portal",0,1,"UNIQUE","FULLY_VERIFIED"
"q-upp-constable-2024-s2-gk-q019","ver-up-police-constable-2026","subj-gk","","","single_mcq","MEDIUM",2,"OFFICIAL_PYQ","src-up-police-constable-portal",0,1,"UNIQUE","FULLY_VERIFIED"
"q-upp-constable-2024-s2-gk-q020","ver-up-police-constable-2026","subj-gk","","","single_mcq","MEDIUM",2,"OFFICIAL_PYQ","src-up-police-constable-portal",0,1,"UNIQUE","FULLY_VERIFIED"
"q-upp-constable-2024-s2-gk-q021","ver-up-police-constable-2026","subj-gk","","","single_mcq","MEDIUM",2,"OFFICIAL_PYQ","src-up-police-constable-portal",0,1,"UNIQUE","FULLY_VERIFIED"
"q-upp-constable-2024-s2-gk-q022","ver-up-police-constable-2026","subj-gk","","","single_mcq","MEDIUM",2,"OFFICIAL_PYQ","src-up-police-constable-portal",0,1,"UNIQUE","FULLY_VERIFIED"
"q-upp-constable-2024-s2-gk-q023","ver-up-police-constable-2026","subj-gk","","","single_mcq","MEDIUM",2,"OFFICIAL_PYQ","src-up-police-constable-portal",0,1,"UNIQUE","FULLY_VERIFIED"
"q-upp-constable-2024-s2-gk-q024","ver-up-police-constable-2026","subj-gk","","","single_mcq","MEDIUM",2,"OFFICIAL_PYQ","src-up-police-constable-portal",0,1,"UNIQUE","FULLY_VERIFIED"
"q-upp-constable-2024-s2-gk-q025","ver-up-police-constable-2026","subj-gk","","","single_mcq","MEDIUM",2,"OFFICIAL_PYQ","src-up-police-constable-portal",0,1,"UNIQUE","FULLY_VERIFIED"
"q-upp-constable-2024-s2-gk-q026","ver-up-police-constable-2026","subj-gk","","","single_mcq","MEDIUM",2,"OFFICIAL_PYQ","src-up-police-constable-portal",0,1,"UNIQUE","FULLY_VERIFIED"
"q-upp-constable-2024-s2-gk-q027","ver-up-police-constable-2026","subj-gk","","","single_mcq","MEDIUM",2,"OFFICIAL_PYQ","src-up-police-constable-portal",0,1,"UNIQUE","FULLY_VERIFIED"
"q-upp-constable-2024-s2-gk-q028","ver-up-police-constable-2026","subj-gk","","","single_mcq","MEDIUM",2,"OFFICIAL_PYQ","src-up-police-constable-portal",0,1,"UNIQUE","FULLY_VERIFIED"
"q-upp-constable-2024-s2-gk-q029","ver-up-police-constable-2026","subj-gk","","","single_mcq","MEDIUM",2,"OFFICIAL_PYQ","src-up-police-constable-portal",0,1,"UNIQUE","FULLY_VERIFIED"
"q-upp-constable-2024-s2-gk-q030","ver-up-police-constable-2026","subj-gk","","","single_mcq","MEDIUM",2,"OFFICIAL_PYQ","src-up-police-constable-portal",0,1,"UNIQUE","FULLY_VERIFIED"
"q-upp-constable-2024-s2-gk-q031","ver-up-police-constable-2026","subj-gk","","","single_mcq","MEDIUM",2,"OFFICIAL_PYQ","src-up-police-constable-portal",0,1,"UNIQUE","FULLY_VERIFIED"
"q-upp-constable-2024-s2-gk-q032","ver-up-police-constable-2026","subj-gk","","","single_mcq","MEDIUM",2,"OFFICIAL_PYQ","src-up-police-constable-portal",0,1,"UNIQUE","FULLY_VERIFIED"
"q-upp-constable-2024-s2-gk-q033","ver-up-police-constable-2026","subj-gk","","","single_mcq","MEDIUM",2,"OFFICIAL_PYQ","src-up-police-constable-portal",0,1,"UNIQUE","FULLY_VERIFIED"
"q-upp-constable-2024-s2-gk-q034","ver-up-police-constable-2026","subj-gk","","","single_mcq","MEDIUM",2,"OFFICIAL_PYQ","src-up-police-constable-portal",0,1,"UNIQUE","FULLY_VERIFIED"
"q-upp-constable-2024-s2-gk-q035","ver-up-police-constable-2026","subj-gk","","","single_mcq","MEDIUM",2,"OFFICIAL_PYQ","src-up-police-constable-portal",0,1,"UNIQUE","FULLY_VERIFIED"
"q-upp-constable-2024-s2-gk-q036","ver-up-police-constable-2026","subj-gk","","","single_mcq","MEDIUM",2,"OFFICIAL_PYQ","src-up-police-constable-portal",0,1,"UNIQUE","FULLY_VERIFIED"
"q-upp-constable-2024-s2-gk-q037","ver-up-police-constable-2026","subj-gk","","","single_mcq","MEDIUM",2,"OFFICIAL_PYQ","src-up-police-constable-portal",0,1,"UNIQUE","FULLY_VERIFIED"
"q-upp-constable-2024-s2-gk-q038","ver-up-police-constable-2026","subj-gk","","","single_mcq","MEDIUM",2,"OFFICIAL_PYQ","src-up-police-constable-portal",0,1,"UNIQUE","FULLY_VERIFIED"
"q-upsc-cse-2021-gs1-q1","ver-upsc-cse-2021","subj-gk","","","single_mcq","MEDIUM",2,"OFFICIAL_PYQ","",1,1,"UNIQUE","APPROVED"
"q-upsc-cse-2021-gs1-q2","ver-upsc-cse-2021","subj-history","","","single_mcq","MEDIUM",2,"OFFICIAL_PYQ","",1,1,"UNIQUE","APPROVED"
"q-upsc-cse-2021-gs1-q3","ver-upsc-cse-2021","subj-gk","","","single_mcq","MEDIUM",2,"OFFICIAL_PYQ","",1,1,"UNIQUE","APPROVED"
"q-upsc-cse-2022-gs1-q1","ver-upsc-cse-2022","subj-gk","","","single_mcq","MEDIUM",2,"OFFICIAL_PYQ","",1,1,"UNIQUE","APPROVED"
"q-upsc-cse-2022-gs1-q2","ver-upsc-cse-2022","subj-history","","","single_mcq","MEDIUM",2,"OFFICIAL_PYQ","",1,1,"UNIQUE","APPROVED"
"q-upsc-cse-2022-gs1-q3","ver-upsc-cse-2022","subj-gk","","","single_mcq","MEDIUM",2,"OFFICIAL_PYQ","",1,1,"UNIQUE","APPROVED"
"q-upsc-cse-2023-gs1-q1","ver-upsc-cse-2023","subj-gk","","","single_mcq","MEDIUM",2,"OFFICIAL_PYQ","",1,1,"UNIQUE","APPROVED"
"q-upsc-cse-2023-gs1-q2","ver-upsc-cse-2023","subj-history","","","single_mcq","MEDIUM",2,"OFFICIAL_PYQ","",1,1,"UNIQUE","APPROVED"
"q-upsc-cse-2023-gs1-q3","ver-upsc-cse-2023","subj-gk","","","single_mcq","MEDIUM",2,"OFFICIAL_PYQ","",1,1,"UNIQUE","APPROVED"
"q-upsc-cse-2024-gs1-q001","ver-upsc-cse-2026","subj-polity","","","single_mcq","HARD",2,"OFFICIAL_PYQ","src-upsc-cse-portal",1,1,"UNIQUE","FULLY_VERIFIED"
"q-upsc-cse-2024-gs1-q002","ver-upsc-cse-2026","subj-economics","","","single_mcq","HARD",2,"OFFICIAL_PYQ","src-upsc-cse-portal",1,1,"UNIQUE","FULLY_VERIFIED"
"q-upsc-cse-2024-gs1-q003","ver-upsc-cse-2026","subj-geography","","","single_mcq","HARD",2,"OFFICIAL_PYQ","src-upsc-cse-portal",1,1,"UNIQUE","FULLY_VERIFIED"
"q-upsc-cse-2024-gs1-q004","ver-upsc-cse-2026","subj-history","","","single_mcq","HARD",2,"OFFICIAL_PYQ","src-upsc-cse-portal",1,1,"UNIQUE","FULLY_VERIFIED"
"q-upsc-cse-2024-gs1-q005","ver-upsc-cse-2026","subj-science","","","single_mcq","HARD",2,"OFFICIAL_PYQ","src-upsc-cse-portal",1,1,"UNIQUE","FULLY_VERIFIED"
"q-upsc-cse-2024-gs1-q006","ver-upsc-cse-2026","subj-science","","","single_mcq","HARD",2,"OFFICIAL_PYQ","src-upsc-cse-portal",1,1,"UNIQUE","FULLY_VERIFIED"
"q-upsc-cse-2024-gs1-q007","ver-upsc-cse-2026","subj-gk","","","single_mcq","HARD",2,"OFFICIAL_PYQ","src-upsc-cse-portal",1,1,"UNIQUE","FULLY_VERIFIED"
"q-upsc-cse-2024-gs1-q008","ver-upsc-cse-2026","subj-polity","","","single_mcq","HARD",2,"OFFICIAL_PYQ","src-upsc-cse-portal",1,1,"UNIQUE","FULLY_VERIFIED"
"q-upsc-cse-2024-gs1-q009","ver-upsc-cse-2026","subj-economics","","","single_mcq","HARD",2,"OFFICIAL_PYQ","src-upsc-cse-portal",1,1,"UNIQUE","FULLY_VERIFIED"
"q-upsc-cse-2024-gs1-q010","ver-upsc-cse-2026","subj-geography","","","single_mcq","HARD",2,"OFFICIAL_PYQ","src-upsc-cse-portal",1,1,"UNIQUE","FULLY_VERIFIED"
"q-upsc-cse-2024-gs1-q011","ver-upsc-cse-2026","subj-history","","","single_mcq","HARD",2,"OFFICIAL_PYQ","src-upsc-cse-portal",1,1,"UNIQUE","FULLY_VERIFIED"
"q-upsc-cse-2024-gs1-q012","ver-upsc-cse-2026","subj-science","","","single_mcq","HARD",2,"OFFICIAL_PYQ","src-upsc-cse-portal",1,1,"UNIQUE","FULLY_VERIFIED"
"q-upsc-cse-2024-gs1-q013","ver-upsc-cse-2026","subj-science","","","single_mcq","HARD",2,"OFFICIAL_PYQ","src-upsc-cse-portal",1,1,"UNIQUE","FULLY_VERIFIED"
"q-upsc-cse-2024-gs1-q014","ver-upsc-cse-2026","subj-gk","","","single_mcq","HARD",2,"OFFICIAL_PYQ","src-upsc-cse-portal",1,1,"UNIQUE","FULLY_VERIFIED"
"q-upsc-cse-2024-gs1-q015","ver-upsc-cse-2026","subj-polity","","","single_mcq","HARD",2,"OFFICIAL_PYQ","src-upsc-cse-portal",1,1,"UNIQUE","FULLY_VERIFIED"
"q-upsc-cse-2024-gs1-q016","ver-upsc-cse-2026","subj-economics","","","single_mcq","HARD",2,"OFFICIAL_PYQ","src-upsc-cse-portal",1,1,"UNIQUE","FULLY_VERIFIED"
"q-upsc-cse-2024-gs1-q017","ver-upsc-cse-2026","subj-geography","","","single_mcq","HARD",2,"OFFICIAL_PYQ","src-upsc-cse-portal",1,1,"UNIQUE","FULLY_VERIFIED"
"q-upsc-cse-2024-gs1-q018","ver-upsc-cse-2026","subj-history","","","single_mcq","HARD",2,"OFFICIAL_PYQ","src-upsc-cse-portal",1,1,"UNIQUE","FULLY_VERIFIED"
"q-upsc-cse-2024-gs1-q019","ver-upsc-cse-2026","subj-science","","","single_mcq","HARD",2,"OFFICIAL_PYQ","src-upsc-cse-portal",1,1,"UNIQUE","FULLY_VERIFIED"
"q-upsc-cse-2024-gs1-q020","ver-upsc-cse-2026","subj-science","","","single_mcq","HARD",2,"OFFICIAL_PYQ","src-upsc-cse-portal",1,1,"UNIQUE","FULLY_VERIFIED"
"q-upsc-cse-2024-gs1-q021","ver-upsc-cse-2026","subj-gk","","","single_mcq","HARD",2,"OFFICIAL_PYQ","src-upsc-cse-portal",1,1,"UNIQUE","FULLY_VERIFIED"
"q-upsc-cse-2024-gs1-q022","ver-upsc-cse-2026","subj-polity","","","single_mcq","HARD",2,"OFFICIAL_PYQ","src-upsc-cse-portal",1,1,"UNIQUE","FULLY_VERIFIED"
"q-upsc-cse-2024-gs1-q023","ver-upsc-cse-2026","subj-economics","","","single_mcq","HARD",2,"OFFICIAL_PYQ","src-upsc-cse-portal",1,1,"UNIQUE","FULLY_VERIFIED"
"q-upsc-cse-2024-gs1-q024","ver-upsc-cse-2026","subj-geography","","","single_mcq","HARD",2,"OFFICIAL_PYQ","src-upsc-cse-portal",1,1,"UNIQUE","FULLY_VERIFIED"
"q-upsc-cse-2024-gs1-q025","ver-upsc-cse-2026","subj-history","","","single_mcq","HARD",2,"OFFICIAL_PYQ","src-upsc-cse-portal",1,1,"UNIQUE","FULLY_VERIFIED"
"q-upsc-cse-2024-gs1-q026","ver-upsc-cse-2026","subj-science","","","single_mcq","HARD",2,"OFFICIAL_PYQ","src-upsc-cse-portal",1,1,"UNIQUE","FULLY_VERIFIED"
"q-upsc-cse-2024-gs1-q027","ver-upsc-cse-2026","subj-science","","","single_mcq","HARD",2,"OFFICIAL_PYQ","src-upsc-cse-portal",1,1,"UNIQUE","FULLY_VERIFIED"
"q-upsc-cse-2024-gs1-q028","ver-upsc-cse-2026","subj-gk","","","single_mcq","HARD",2,"OFFICIAL_PYQ","src-upsc-cse-portal",1,1,"UNIQUE","FULLY_VERIFIED"
"q-upsc-cse-2024-gs1-q029","ver-upsc-cse-2026","subj-polity","","","single_mcq","HARD",2,"OFFICIAL_PYQ","src-upsc-cse-portal",1,1,"UNIQUE","FULLY_VERIFIED"
"q-upsc-cse-2024-gs1-q030","ver-upsc-cse-2026","subj-economics","","","single_mcq","HARD",2,"OFFICIAL_PYQ","src-upsc-cse-portal",1,1,"UNIQUE","FULLY_VERIFIED"
"q-upsc-cse-2024-gs1-q031","ver-upsc-cse-2026","subj-geography","","","single_mcq","HARD",2,"OFFICIAL_PYQ","src-upsc-cse-portal",1,1,"UNIQUE","FULLY_VERIFIED"
"q-upsc-cse-2024-gs1-q032","ver-upsc-cse-2026","subj-history","","","single_mcq","HARD",2,"OFFICIAL_PYQ","src-upsc-cse-portal",1,1,"UNIQUE","FULLY_VERIFIED"
"q-upsc-cse-2024-gs1-q033","ver-upsc-cse-2026","subj-science","","","single_mcq","HARD",2,"OFFICIAL_PYQ","src-upsc-cse-portal",1,1,"UNIQUE","FULLY_VERIFIED"
"q-upsc-cse-2024-gs1-q034","ver-upsc-cse-2026","subj-science","","","single_mcq","HARD",2,"OFFICIAL_PYQ","src-upsc-cse-portal",1,1,"UNIQUE","FULLY_VERIFIED"
"q-upsc-cse-2024-gs1-q035","ver-upsc-cse-2026","subj-gk","","","single_mcq","HARD",2,"OFFICIAL_PYQ","src-upsc-cse-portal",1,1,"UNIQUE","FULLY_VERIFIED"
"q-upsc-cse-2024-gs1-q036","ver-upsc-cse-2026","subj-polity","","","single_mcq","HARD",2,"OFFICIAL_PYQ","src-upsc-cse-portal",1,1,"UNIQUE","FULLY_VERIFIED"
"q-upsc-cse-2024-gs1-q037","ver-upsc-cse-2026","subj-economics","","","single_mcq","HARD",2,"OFFICIAL_PYQ","src-upsc-cse-portal",1,1,"UNIQUE","FULLY_VERIFIED"
"q-upsc-cse-2024-gs1-q038","ver-upsc-cse-2026","subj-geography","","","single_mcq","HARD",2,"OFFICIAL_PYQ","src-upsc-cse-portal",1,1,"UNIQUE","FULLY_VERIFIED"
"q-upsc-cse-2024-gs1-q039","ver-upsc-cse-2026","subj-history","","","single_mcq","HARD",2,"OFFICIAL_PYQ","src-upsc-cse-portal",1,1,"UNIQUE","FULLY_VERIFIED"
"q-upsc-cse-2024-gs1-q040","ver-upsc-cse-2026","subj-science","","","single_mcq","HARD",2,"OFFICIAL_PYQ","src-upsc-cse-portal",1,1,"UNIQUE","FULLY_VERIFIED"
"q-upsc-cse-2024-gs1-q041","ver-upsc-cse-2026","subj-science","","","single_mcq","HARD",2,"OFFICIAL_PYQ","src-upsc-cse-portal",1,1,"UNIQUE","FULLY_VERIFIED"
"q-upsc-cse-2024-gs1-q042","ver-upsc-cse-2026","subj-gk","","","single_mcq","HARD",2,"OFFICIAL_PYQ","src-upsc-cse-portal",1,1,"UNIQUE","FULLY_VERIFIED"
"q-upsc-cse-2024-gs1-q043","ver-upsc-cse-2026","subj-polity","","","single_mcq","HARD",2,"OFFICIAL_PYQ","src-upsc-cse-portal",1,1,"UNIQUE","FULLY_VERIFIED"
"q-upsc-cse-2024-gs1-q044","ver-upsc-cse-2026","subj-economics","","","single_mcq","HARD",2,"OFFICIAL_PYQ","src-upsc-cse-portal",1,1,"UNIQUE","FULLY_VERIFIED"
"q-upsc-cse-2024-gs1-q045","ver-upsc-cse-2026","subj-geography","","","single_mcq","HARD",2,"OFFICIAL_PYQ","src-upsc-cse-portal",1,1,"UNIQUE","FULLY_VERIFIED"
"q-upsc-cse-2024-gs1-q046","ver-upsc-cse-2026","subj-history","","","single_mcq","HARD",2,"OFFICIAL_PYQ","src-upsc-cse-portal",1,1,"UNIQUE","FULLY_VERIFIED"
"q-upsc-cse-2024-gs1-q047","ver-upsc-cse-2026","subj-science","","","single_mcq","HARD",2,"OFFICIAL_PYQ","src-upsc-cse-portal",1,1,"UNIQUE","FULLY_VERIFIED"
"q-upsc-cse-2024-gs1-q048","ver-upsc-cse-2026","subj-science","","","single_mcq","HARD",2,"OFFICIAL_PYQ","src-upsc-cse-portal",1,1,"UNIQUE","FULLY_VERIFIED"
"q-upsc-cse-2024-gs1-q049","ver-upsc-cse-2026","subj-gk","","","single_mcq","HARD",2,"OFFICIAL_PYQ","src-upsc-cse-portal",1,1,"UNIQUE","FULLY_VERIFIED"
"q-upsc-cse-2024-gs1-q050","ver-upsc-cse-2026","subj-polity","","","single_mcq","HARD",2,"OFFICIAL_PYQ","src-upsc-cse-portal",1,1,"UNIQUE","FULLY_VERIFIED"
"q-upsc-cse-2024-gs1-q051","ver-upsc-cse-2026","subj-economics","","","single_mcq","HARD",2,"OFFICIAL_PYQ","src-upsc-cse-portal",1,1,"UNIQUE","FULLY_VERIFIED"
"q-upsc-cse-2024-gs1-q052","ver-upsc-cse-2026","subj-geography","","","single_mcq","HARD",2,"OFFICIAL_PYQ","src-upsc-cse-portal",1,1,"UNIQUE","FULLY_VERIFIED"
"q-upsc-cse-2024-gs1-q053","ver-upsc-cse-2026","subj-history","","","single_mcq","HARD",2,"OFFICIAL_PYQ","src-upsc-cse-portal",1,1,"UNIQUE","FULLY_VERIFIED"
"q-upsc-cse-2024-gs1-q054","ver-upsc-cse-2026","subj-science","","","single_mcq","HARD",2,"OFFICIAL_PYQ","src-upsc-cse-portal",1,1,"UNIQUE","FULLY_VERIFIED"
"q-upsc-cse-2024-gs1-q055","ver-upsc-cse-2026","subj-science","","","single_mcq","HARD",2,"OFFICIAL_PYQ","src-upsc-cse-portal",1,1,"UNIQUE","FULLY_VERIFIED"
"q-upsc-cse-2024-gs1-q056","ver-upsc-cse-2026","subj-gk","","","single_mcq","HARD",2,"OFFICIAL_PYQ","src-upsc-cse-portal",1,1,"UNIQUE","FULLY_VERIFIED"
"q-upsc-cse-2024-gs1-q057","ver-upsc-cse-2026","subj-polity","","","single_mcq","HARD",2,"OFFICIAL_PYQ","src-upsc-cse-portal",1,1,"UNIQUE","FULLY_VERIFIED"
"q-upsc-cse-2024-gs1-q058","ver-upsc-cse-2026","subj-economics","","","single_mcq","HARD",2,"OFFICIAL_PYQ","src-upsc-cse-portal",1,1,"UNIQUE","FULLY_VERIFIED"
"q-upsc-cse-2024-gs1-q059","ver-upsc-cse-2026","subj-geography","","","single_mcq","HARD",2,"OFFICIAL_PYQ","src-upsc-cse-portal",1,1,"UNIQUE","FULLY_VERIFIED"
"q-upsc-cse-2024-gs1-q060","ver-upsc-cse-2026","subj-history","","","single_mcq","HARD",2,"OFFICIAL_PYQ","src-upsc-cse-portal",1,1,"UNIQUE","FULLY_VERIFIED"
"q-upsc-cse-2024-gs1-q061","ver-upsc-cse-2026","subj-science","","","single_mcq","HARD",2,"OFFICIAL_PYQ","src-upsc-cse-portal",1,1,"UNIQUE","FULLY_VERIFIED"
"q-upsc-cse-2024-gs1-q062","ver-upsc-cse-2026","subj-science","","","single_mcq","HARD",2,"OFFICIAL_PYQ","src-upsc-cse-portal",1,1,"UNIQUE","FULLY_VERIFIED"
"q-upsc-cse-2024-gs1-q063","ver-upsc-cse-2026","subj-gk","","","single_mcq","HARD",2,"OFFICIAL_PYQ","src-upsc-cse-portal",1,1,"UNIQUE","FULLY_VERIFIED"
"q-upsc-cse-2024-gs1-q064","ver-upsc-cse-2026","subj-polity","","","single_mcq","HARD",2,"OFFICIAL_PYQ","src-upsc-cse-portal",1,1,"UNIQUE","FULLY_VERIFIED"
"q-upsc-cse-2024-gs1-q065","ver-upsc-cse-2026","subj-economics","","","single_mcq","HARD",2,"OFFICIAL_PYQ","src-upsc-cse-portal",1,1,"UNIQUE","FULLY_VERIFIED"
"q-upsc-cse-2024-gs1-q066","ver-upsc-cse-2026","subj-geography","","","single_mcq","HARD",2,"OFFICIAL_PYQ","src-upsc-cse-portal",1,1,"UNIQUE","FULLY_VERIFIED"
"q-upsc-cse-2024-gs1-q067","ver-upsc-cse-2026","subj-history","","","single_mcq","HARD",2,"OFFICIAL_PYQ","src-upsc-cse-portal",1,1,"UNIQUE","FULLY_VERIFIED"
"q-upsc-cse-2024-gs1-q068","ver-upsc-cse-2026","subj-science","","","single_mcq","HARD",2,"OFFICIAL_PYQ","src-upsc-cse-portal",1,1,"UNIQUE","FULLY_VERIFIED"
"q-upsc-cse-2024-gs1-q069","ver-upsc-cse-2026","subj-science","","","single_mcq","HARD",2,"OFFICIAL_PYQ","src-upsc-cse-portal",1,1,"UNIQUE","FULLY_VERIFIED"
"q-upsc-cse-2024-gs1-q070","ver-upsc-cse-2026","subj-gk","","","single_mcq","HARD",2,"OFFICIAL_PYQ","src-upsc-cse-portal",1,1,"UNIQUE","FULLY_VERIFIED"
"q-upsc-cse-2024-gs1-q071","ver-upsc-cse-2026","subj-polity","","","single_mcq","HARD",2,"OFFICIAL_PYQ","src-upsc-cse-portal",1,1,"UNIQUE","FULLY_VERIFIED"
"q-upsc-cse-2024-gs1-q072","ver-upsc-cse-2026","subj-economics","","","single_mcq","HARD",2,"OFFICIAL_PYQ","src-upsc-cse-portal",1,1,"UNIQUE","FULLY_VERIFIED"
"q-upsc-cse-2024-gs1-q073","ver-upsc-cse-2026","subj-geography","","","single_mcq","HARD",2,"OFFICIAL_PYQ","src-upsc-cse-portal",1,1,"UNIQUE","FULLY_VERIFIED"
"q-upsc-cse-2024-gs1-q074","ver-upsc-cse-2026","subj-history","","","single_mcq","HARD",2,"OFFICIAL_PYQ","src-upsc-cse-portal",1,1,"UNIQUE","FULLY_VERIFIED"
"q-upsc-cse-2024-gs1-q075","ver-upsc-cse-2026","subj-science","","","single_mcq","HARD",2,"OFFICIAL_PYQ","src-upsc-cse-portal",1,1,"UNIQUE","FULLY_VERIFIED"
"q-upsc-cse-2024-gs1-q076","ver-upsc-cse-2026","subj-science","","","single_mcq","HARD",2,"OFFICIAL_PYQ","src-upsc-cse-portal",1,1,"UNIQUE","FULLY_VERIFIED"
"q-upsc-cse-2024-gs1-q077","ver-upsc-cse-2026","subj-gk","","","single_mcq","HARD",2,"OFFICIAL_PYQ","src-upsc-cse-portal",1,1,"UNIQUE","FULLY_VERIFIED"
"q-upsc-cse-2024-gs1-q078","ver-upsc-cse-2026","subj-polity","","","single_mcq","HARD",2,"OFFICIAL_PYQ","src-upsc-cse-portal",1,1,"UNIQUE","FULLY_VERIFIED"
"q-upsc-cse-2024-gs1-q079","ver-upsc-cse-2026","subj-economics","","","single_mcq","HARD",2,"OFFICIAL_PYQ","src-upsc-cse-portal",1,1,"UNIQUE","FULLY_VERIFIED"
"q-upsc-cse-2024-gs1-q080","ver-upsc-cse-2026","subj-geography","","","single_mcq","HARD",2,"OFFICIAL_PYQ","src-upsc-cse-portal",1,1,"UNIQUE","FULLY_VERIFIED"
"q-upsc-cse-2024-gs1-q081","ver-upsc-cse-2026","subj-history","","","single_mcq","HARD",2,"OFFICIAL_PYQ","src-upsc-cse-portal",1,1,"UNIQUE","FULLY_VERIFIED"
"q-upsc-cse-2024-gs1-q082","ver-upsc-cse-2026","subj-science","","","single_mcq","HARD",2,"OFFICIAL_PYQ","src-upsc-cse-portal",1,1,"UNIQUE","FULLY_VERIFIED"
"q-upsc-cse-2024-gs1-q083","ver-upsc-cse-2026","subj-science","","","single_mcq","HARD",2,"OFFICIAL_PYQ","src-upsc-cse-portal",1,1,"UNIQUE","FULLY_VERIFIED"
"q-upsc-cse-2024-gs1-q084","ver-upsc-cse-2026","subj-gk","","","single_mcq","HARD",2,"OFFICIAL_PYQ","src-upsc-cse-portal",1,1,"UNIQUE","FULLY_VERIFIED"
"q-upsc-cse-2024-gs1-q085","ver-upsc-cse-2026","subj-polity","","","single_mcq","HARD",2,"OFFICIAL_PYQ","src-upsc-cse-portal",1,1,"UNIQUE","FULLY_VERIFIED"
"q-upsc-cse-2024-gs1-q086","ver-upsc-cse-2026","subj-economics","","","single_mcq","HARD",2,"OFFICIAL_PYQ","src-upsc-cse-portal",1,1,"UNIQUE","FULLY_VERIFIED"
"q-upsc-cse-2024-gs1-q087","ver-upsc-cse-2026","subj-geography","","","single_mcq","HARD",2,"OFFICIAL_PYQ","src-upsc-cse-portal",1,1,"UNIQUE","FULLY_VERIFIED"
"q-upsc-cse-2024-gs1-q088","ver-upsc-cse-2026","subj-history","","","single_mcq","HARD",2,"OFFICIAL_PYQ","src-upsc-cse-portal",1,1,"UNIQUE","FULLY_VERIFIED"
"q-upsc-cse-2024-gs1-q089","ver-upsc-cse-2026","subj-science","","","single_mcq","HARD",2,"OFFICIAL_PYQ","src-upsc-cse-portal",1,1,"UNIQUE","FULLY_VERIFIED"
"q-upsc-cse-2024-gs1-q090","ver-upsc-cse-2026","subj-science","","","single_mcq","HARD",2,"OFFICIAL_PYQ","src-upsc-cse-portal",1,1,"UNIQUE","FULLY_VERIFIED"
"q-upsc-cse-2024-gs1-q091","ver-upsc-cse-2026","subj-gk","","","single_mcq","HARD",2,"OFFICIAL_PYQ","src-upsc-cse-portal",1,1,"UNIQUE","FULLY_VERIFIED"
"q-upsc-cse-2024-gs1-q092","ver-upsc-cse-2026","subj-polity","","","single_mcq","HARD",2,"OFFICIAL_PYQ","src-upsc-cse-portal",1,1,"UNIQUE","FULLY_VERIFIED"
"q-upsc-cse-2024-gs1-q093","ver-upsc-cse-2026","subj-economics","","","single_mcq","HARD",2,"OFFICIAL_PYQ","src-upsc-cse-portal",1,1,"UNIQUE","FULLY_VERIFIED"
"q-upsc-cse-2024-gs1-q094","ver-upsc-cse-2026","subj-geography","","","single_mcq","HARD",2,"OFFICIAL_PYQ","src-upsc-cse-portal",1,1,"UNIQUE","FULLY_VERIFIED"
"q-upsc-cse-2024-gs1-q095","ver-upsc-cse-2026","subj-history","","","single_mcq","HARD",2,"OFFICIAL_PYQ","src-upsc-cse-portal",1,1,"UNIQUE","FULLY_VERIFIED"
"q-upsc-cse-2024-gs1-q096","ver-upsc-cse-2026","subj-science","","","single_mcq","HARD",2,"OFFICIAL_PYQ","src-upsc-cse-portal",1,1,"UNIQUE","FULLY_VERIFIED"
"q-upsc-cse-2024-gs1-q097","ver-upsc-cse-2026","subj-science","","","single_mcq","HARD",2,"OFFICIAL_PYQ","src-upsc-cse-portal",1,1,"UNIQUE","FULLY_VERIFIED"
"q-upsc-cse-2024-gs1-q098","ver-upsc-cse-2026","subj-gk","","","single_mcq","HARD",2,"OFFICIAL_PYQ","src-upsc-cse-portal",1,1,"UNIQUE","FULLY_VERIFIED"
"q-upsc-cse-2024-gs1-q099","ver-upsc-cse-2026","subj-polity","","","single_mcq","HARD",2,"OFFICIAL_PYQ","src-upsc-cse-portal",1,1,"UNIQUE","FULLY_VERIFIED"
"q-upsc-cse-2024-gs1-q100","ver-upsc-cse-2026","subj-economics","","","single_mcq","HARD",2,"OFFICIAL_PYQ","src-upsc-cse-portal",1,1,"UNIQUE","FULLY_VERIFIED"
"q-upsc-nda-2023-gat-q1","ver-upsc-nda-2023","subj-science","","","single_mcq","MEDIUM",2,"OFFICIAL_PYQ","",1,1,"UNIQUE","APPROVED"
"q-upsc-nda-p17a-mumcjglk-1","ver-upsc-nda-2026","subj-math12","","","single_mcq","MEDIUM",2.5,"HUMAN_CURATED","src-upsc-nda-portal",0,1,"UNIQUE","IMPORTED"
"q-upsc-nda-p17a-mumcjgll-2","ver-upsc-nda-2026","subj-math12","","","single_mcq","MEDIUM",2.5,"HUMAN_CURATED","src-upsc-nda-portal",0,1,"UNIQUE","IMPORTED"
"q-upsc-nda-p17a-mumcjgll-3","ver-upsc-nda-2026","subj-math12","","","single_mcq","HARD",2.5,"HUMAN_CURATED","src-upsc-nda-portal",0,1,"UNIQUE","IMPORTED"
"q-upsc-nda-p17a-mumcjgll-4","ver-upsc-nda-2026","subj-math12","","","single_mcq","MEDIUM",2.5,"HUMAN_CURATED","src-upsc-nda-portal",0,1,"UNIQUE","IMPORTED"
"q-upsc-nda-p17a-mumcjglm-5","ver-upsc-nda-2026","subj-math12","","","single_mcq","MEDIUM",2.5,"HUMAN_CURATED","src-upsc-nda-portal",0,1,"UNIQUE","IMPORTED"
"q-upsc-nda-p17a-mumcjglm-6","ver-upsc-nda-2026","subj-math12","","","single_mcq","HARD",2.5,"HUMAN_CURATED","src-upsc-nda-portal",0,1,"UNIQUE","IMPORTED"
"q-upsc-nda-p17a-mumcjglm-7","ver-upsc-nda-2026","subj-math12","","","single_mcq","MEDIUM",2.5,"HUMAN_CURATED","src-upsc-nda-portal",0,1,"UNIQUE","IMPORTED"
"q-upsc-nda-p17a-mumcjglm-8","ver-upsc-nda-2026","subj-math12","","","single_mcq","MEDIUM",2.5,"HUMAN_CURATED","src-upsc-nda-portal",0,1,"UNIQUE","IMPORTED"
"q-upsc-nda-p17a-mumcjgln-10","ver-upsc-nda-2026","subj-math12","","","single_mcq","MEDIUM",2.5,"HUMAN_CURATED","src-upsc-nda-portal",0,1,"UNIQUE","IMPORTED"
"q-upsc-nda-p17a-mumcjgln-11","ver-upsc-nda-2026","subj-math12","","","single_mcq","MEDIUM",2.5,"HUMAN_CURATED","src-upsc-nda-portal",0,1,"UNIQUE","IMPORTED"
"q-upsc-nda-p17a-mumcjgln-12","ver-upsc-nda-2026","subj-math12","","","single_mcq","HARD",2.5,"HUMAN_CURATED","src-upsc-nda-portal",0,1,"UNIQUE","IMPORTED"
"q-upsc-nda-p17a-mumcjgln-13","ver-upsc-nda-2026","subj-math12","","","single_mcq","MEDIUM",2.5,"HUMAN_CURATED","src-upsc-nda-portal",0,1,"UNIQUE","IMPORTED"
"q-upsc-nda-p17a-mumcjgln-9","ver-upsc-nda-2026","subj-math12","","","single_mcq","HARD",2.5,"HUMAN_CURATED","src-upsc-nda-portal",0,1,"UNIQUE","IMPORTED"
"q-upsc-nda-p17a-mumcjglo-14","ver-upsc-nda-2026","subj-math12","","","single_mcq","MEDIUM",2.5,"HUMAN_CURATED","src-upsc-nda-portal",0,1,"UNIQUE","IMPORTED"
"q-upsc-nda-p17a-mumcjglo-15","ver-upsc-nda-2026","subj-math12","","","single_mcq","HARD",2.5,"HUMAN_CURATED","src-upsc-nda-portal",0,1,"UNIQUE","IMPORTED"
"q-upsc-nda-p17a-mumcjglo-16","ver-upsc-nda-2026","subj-math12","","","single_mcq","MEDIUM",2.5,"HUMAN_CURATED","src-upsc-nda-portal",0,1,"UNIQUE","IMPORTED"
"q-upsc-nda-p17a-mumcjglo-17","ver-upsc-nda-2026","subj-math12","","","single_mcq","MEDIUM",2.5,"HUMAN_CURATED","src-upsc-nda-portal",0,1,"UNIQUE","IMPORTED"
"q-upsc-nda-p17a-mumcjglo-18","ver-upsc-nda-2026","subj-math12","","","single_mcq","HARD",2.5,"HUMAN_CURATED","src-upsc-nda-portal",0,1,"UNIQUE","IMPORTED"
"q-upsc-nda-p17a-mumcjglo-19","ver-upsc-nda-2026","subj-math12","","","single_mcq","MEDIUM",2.5,"HUMAN_CURATED","src-upsc-nda-portal",0,1,"UNIQUE","IMPORTED"
"q-upsc-nda-p17a-mumcjglo-20","ver-upsc-nda-2026","subj-math12","","","single_mcq","MEDIUM",2.5,"HUMAN_CURATED","src-upsc-nda-portal",0,1,"UNIQUE","IMPORTED"
"q-upsc-nda-p17a-mumcjglo-21","ver-upsc-nda-2026","subj-math12","","","single_mcq","HARD",2.5,"HUMAN_CURATED","src-upsc-nda-portal",0,1,"UNIQUE","IMPORTED"
"q-upsc-nda-p17a-mumcjglo-22","ver-upsc-nda-2026","subj-math12","","","single_mcq","MEDIUM",2.5,"HUMAN_CURATED","src-upsc-nda-portal",0,1,"UNIQUE","IMPORTED"
"q-upsc-nda-p17a-mumcjglo-23","ver-upsc-nda-2026","subj-math12","","","single_mcq","MEDIUM",2.5,"HUMAN_CURATED","src-upsc-nda-portal",0,1,"UNIQUE","IMPORTED"
"q-upsc-nda-p17a-mumcjglo-24","ver-upsc-nda-2026","subj-math12","","","single_mcq","HARD",2.5,"HUMAN_CURATED","src-upsc-nda-portal",0,1,"UNIQUE","IMPORTED"
"q-upsc-nda-p17a-mumcjglo-25","ver-upsc-nda-2026","subj-math12","","","single_mcq","MEDIUM",2.5,"HUMAN_CURATED","src-upsc-nda-portal",0,1,"UNIQUE","IMPORTED"
