state,board,class,stream,subject,officialLanguage,paperLanguage,questionLanguage,optionLanguage,answerLanguage,syllabusVersion,patternStatus,questionCount,objectiveCount,subjectiveCount,modelAnswerCount,chapterCount,topicCount,questionTypeCount,practiceStatus,fullExamStatus,coverageStatus,gapReason
Andhra Pradesh,bseap-board,Class 10,General,Mathematics,te,te+en,NONE,NONE,NONE,2025-2026-ACCREDITED,PATTERN_PENDING,0,0,0,0,0,0,0,PRACTICE_UNAVAILABLE,FULL_EXAM_UNAVAILABLE,ZERO_CONTENT,OFFICIAL_SOURCE_NOT_YET_DIGITIZED
Andhra Pradesh,bseap-board,Class 10,General,Mathematics,en,te+en,NONE,NONE,NONE,2025-2026-ACCREDITED,PATTERN_PENDING,0,0,0,0,0,0,0,PRACTICE_UNAVAILABLE,FULL_EXAM_UNAVAILABLE,ZERO_CONTENT,OFFICIAL_SOURCE_NOT_YET_DIGITIZED
Andhra Pradesh,bseap-board,Class 10,General,Science & Technology,te,te+en,NONE,NONE,NONE,2025-2026-ACCREDITED,PATTERN_PENDING,0,0,0,0,0,0,0,PRACTICE_UNAVAILABLE,FULL_EXAM_UNAVAILABLE,ZERO_CONTENT,OFFICIAL_SOURCE_NOT_YET_DIGITIZED
Andhra Pradesh,bseap-board,Class 10,General,Science & Technology,en,te+en,NONE,NONE,NONE,2025-2026-ACCREDITED,PATTERN_PENDING,0,0,0,0,0,0,0,PRACTICE_UNAVAILABLE,FULL_EXAM_UNAVAILABLE,ZERO_CONTENT,OFFICIAL_SOURCE_NOT_YET_DIGITIZED
Andhra Pradesh,bseap-board,Class 10,General,Social Science,te,te+en,NONE,NONE,NONE,2025-2026-ACCREDITED,PATTERN_PENDING,0,0,0,0,0,0,0,PRACTICE_UNAVAILABLE,FULL_EXAM_UNAVAILABLE,ZERO_CONTENT,OFFICIAL_SOURCE_NOT_YET_DIGITIZED
Andhra Pradesh,bseap-board,Class 10,General,Social Science,en,te+en,NONE,NONE,NONE,2025-2026-ACCREDITED,PATTERN_PENDING,0,0,0,0,0,0,0,PRACTICE_UNAVAILABLE,FULL_EXAM_UNAVAILABLE,ZERO_CONTENT,OFFICIAL_SOURCE_NOT_YET_DIGITIZED
Andhra Pradesh,bseap-board,Class 10,General,English Language & Literature,te,te+en,NONE,NONE,NONE,2025-2026-ACCREDITED,PATTERN_PENDING,0,0,0,0,0,0,0,PRACTICE_UNAVAILABLE,FULL_EXAM_UNAVAILABLE,ZERO_CONTENT,OFFICIAL_SOURCE_NOT_YET_DIGITIZED
Andhra Pradesh,bseap-board,Class 10,General,English Language & Literature,en,te+en,NONE,NONE,NONE,2025-2026-ACCREDITED,PATTERN_PENDING,0,0,0,0,0,0,0,PRACTICE_UNAVAILABLE,FULL_EXAM_UNAVAILABLE,ZERO_CONTENT,OFFICIAL_SOURCE_NOT_YET_DIGITIZED
Andhra Pradesh,bseap-board,Class 10,General,First Language (Regional/Hindi),te,te+en,NONE,NONE,NONE,2025-2026-ACCREDITED,PATTERN_PENDING,0,0,0,0,0,0,0,PRACTICE_UNAVAILABLE,FULL_EXAM_UNAVAILABLE,ZERO_CONTENT,OFFICIAL_SOURCE_NOT_YET_DIGITIZED
Andhra Pradesh,bseap-board,Class 10,General,First Language (Regional/Hindi),en,te+en,NONE,NONE,NONE,2025-2026-ACCREDITED,PATTERN_PENDING,0,0,0,0,0,0,0,PRACTICE_UNAVAILABLE,FULL_EXAM_UNAVAILABLE,ZERO_CONTENT,OFFICIAL_SOURCE_NOT_YET_DIGITIZED
Andhra Pradesh,bseap-board,Class 12,Science,Physics,te,te+en,NONE,NONE,NONE,2025-2026-ACCREDITED,PATTERN_PENDING,0,0,0,0,0,0,0,PRACTICE_UNAVAILABLE,FULL_EXAM_UNAVAILABLE,ZERO_CONTENT,OFFICIAL_SOURCE_NOT_YET_DIGITIZED
Andhra Pradesh,bseap-board,Class 12,Science,Physics,en,te+en,NONE,NONE,NONE,2025-2026-ACCREDITED,PATTERN_PENDING,0,0,0,0,0,0,0,PRACTICE_UNAVAILABLE,FULL_EXAM_UNAVAILABLE,ZERO_CONTENT,OFFICIAL_SOURCE_NOT_YET_DIGITIZED
Andhra Pradesh,bseap-board,Class 12,Science,Chemistry,te,te+en,NONE,NONE,NONE,2025-2026-ACCREDITED,PATTERN_PENDING,0,0,0,0,0,0,0,PRACTICE_UNAVAILABLE,FULL_EXAM_UNAVAILABLE,ZERO_CONTENT,OFFICIAL_SOURCE_NOT_YET_DIGITIZED
Andhra Pradesh,bseap-board,Class 12,Science,Chemistry,en,te+en,NONE,NONE,NONE,2025-2026-ACCREDITED,PATTERN_PENDING,0,0,0,0,0,0,0,PRACTICE_UNAVAILABLE,FULL_EXAM_UNAVAILABLE,ZERO_CONTENT,OFFICIAL_SOURCE_NOT_YET_DIGITIZED
Andhra Pradesh,bseap-board,Class 12,Science,Higher Mathematics,te,te+en,NONE,NONE,NONE,2025-2026-ACCREDITED,PATTERN_PENDING,0,0,0,0,0,0,0,PRACTICE_UNAVAILABLE,FULL_EXAM_UNAVAILABLE,ZERO_CONTENT,OFFICIAL_SOURCE_NOT_YET_DIGITIZED
Andhra Pradesh,bseap-board,Class 12,Science,Higher Mathematics,en,te+en,NONE,NONE,NONE,2025-2026-ACCREDITED,PATTERN_PENDING,0,0,0,0,0,0,0,PRACTICE_UNAVAILABLE,FULL_EXAM_UNAVAILABLE,ZERO_CONTENT,OFFICIAL_SOURCE_NOT_YET_DIGITIZED
Andhra Pradesh,bseap-board,Class 12,Science,Biology,te,te+en,NONE,NONE,NONE,2025-2026-ACCREDITED,PATTERN_PENDING,0,0,0,0,0,0,0,PRACTICE_UNAVAILABLE,FULL_EXAM_UNAVAILABLE,ZERO_CONTENT,OFFICIAL_SOURCE_NOT_YET_DIGITIZED
Andhra Pradesh,bseap-board,Class 12,Science,Biology,en,te+en,NONE,NONE,NONE,2025-2026-ACCREDITED,PATTERN_PENDING,0,0,0,0,0,0,0,PRACTICE_UNAVAILABLE,FULL_EXAM_UNAVAILABLE,ZERO_CONTENT,OFFICIAL_SOURCE_NOT_YET_DIGITIZED
Andhra Pradesh,bseap-board,Class 12,Commerce,Accountancy,te,te+en,NONE,NONE,NONE,2025-2026-ACCREDITED,PATTERN_PENDING,0,0,0,0,0,0,0,PRACTICE_UNAVAILABLE,FULL_EXAM_UNAVAILABLE,ZERO_CONTENT,OFFICIAL_SOURCE_NOT_YET_DIGITIZED
Andhra Pradesh,bseap-board,Class 12,Commerce,Accountancy,en,te+en,NONE,NONE,NONE,2025-2026-ACCREDITED,PATTERN_PENDING,0,0,0,0,0,0,0,PRACTICE_UNAVAILABLE,FULL_EXAM_UNAVAILABLE,ZERO_CONTENT,OFFICIAL_SOURCE_NOT_YET_DIGITIZED
Andhra Pradesh,bseap-board,Class 12,Commerce,Business Studies,te,te+en,NONE,NONE,NONE,2025-2026-ACCREDITED,PATTERN_PENDING,0,0,0,0,0,0,0,PRACTICE_UNAVAILABLE,FULL_EXAM_UNAVAILABLE,ZERO_CONTENT,OFFICIAL_SOURCE_NOT_YET_DIGITIZED
Andhra Pradesh,bseap-board,Class 12,Commerce,Business Studies,en,te+en,NONE,NONE,NONE,2025-2026-ACCREDITED,PATTERN_PENDING,0,0,0,0,0,0,0,PRACTICE_UNAVAILABLE,FULL_EXAM_UNAVAILABLE,ZERO_CONTENT,OFFICIAL_SOURCE_NOT_YET_DIGITIZED
Andhra Pradesh,bseap-board,Class 12,Commerce,Economics,te,te+en,NONE,NONE,NONE,2025-2026-ACCREDITED,PATTERN_PENDING,0,0,0,0,0,0,0,PRACTICE_UNAVAILABLE,FULL_EXAM_UNAVAILABLE,ZERO_CONTENT,OFFICIAL_SOURCE_NOT_YET_DIGITIZED
Andhra Pradesh,bseap-board,Class 12,Commerce,Economics,en,te+en,NONE,NONE,NONE,2025-2026-ACCREDITED,PATTERN_PENDING,0,0,0,0,0,0,0,PRACTICE_UNAVAILABLE,FULL_EXAM_UNAVAILABLE,ZERO_CONTENT,OFFICIAL_SOURCE_NOT_YET_DIGITIZED
Bihar,bseb-bihar,Class 10,General,Mathematics,hi,hi+en+ur,NONE,NONE,NONE,2025-2026-ACCREDITED,PATTERN_PENDING,0,0,0,0,0,0,0,PRACTICE_UNAVAILABLE,FULL_EXAM_UNAVAILABLE,ZERO_CONTENT,OFFICIAL_SOURCE_NOT_YET_DIGITIZED
Bihar,bseb-bihar,Class 10,General,Mathematics,en,hi+en+ur,NONE,NONE,NONE,2025-2026-ACCREDITED,PATTERN_PENDING,0,0,0,0,0,0,0,PRACTICE_UNAVAILABLE,FULL_EXAM_UNAVAILABLE,ZERO_CONTENT,OFFICIAL_SOURCE_NOT_YET_DIGITIZED
Bihar,bseb-bihar,Class 10,General,Mathematics,ur,hi+en+ur,NONE,NONE,NONE,2025-2026-ACCREDITED,PATTERN_PENDING,0,0,0,0,0,0,0,PRACTICE_UNAVAILABLE,FULL_EXAM_UNAVAILABLE,ZERO_CONTENT,OFFICIAL_SOURCE_NOT_YET_DIGITIZED
Bihar,bseb-bihar,Class 10,General,Science & Technology,hi,hi+en+ur,NONE,NONE,NONE,2025-2026-ACCREDITED,PATTERN_PENDING,0,0,0,0,0,0,0,PRACTICE_UNAVAILABLE,FULL_EXAM_UNAVAILABLE,ZERO_CONTENT,OFFICIAL_SOURCE_NOT_YET_DIGITIZED
Bihar,bseb-bihar,Class 10,General,Science & Technology,en,hi+en+ur,NONE,NONE,NONE,2025-2026-ACCREDITED,PATTERN_PENDING,0,0,0,0,0,0,0,PRACTICE_UNAVAILABLE,FULL_EXAM_UNAVAILABLE,ZERO_CONTENT,OFFICIAL_SOURCE_NOT_YET_DIGITIZED
Bihar,bseb-bihar,Class 10,General,Science & Technology,ur,hi+en+ur,NONE,NONE,NONE,2025-2026-ACCREDITED,PATTERN_PENDING,0,0,0,0,0,0,0,PRACTICE_UNAVAILABLE,FULL_EXAM_UNAVAILABLE,ZERO_CONTENT,OFFICIAL_SOURCE_NOT_YET_DIGITIZED
Bihar,bseb-bihar,Class 10,General,Social Science,hi,hi+en+ur,NONE,NONE,NONE,2025-2026-ACCREDITED,PATTERN_PENDING,0,0,0,0,0,0,0,PRACTICE_UNAVAILABLE,FULL_EXAM_UNAVAILABLE,ZERO_CONTENT,OFFICIAL_SOURCE_NOT_YET_DIGITIZED
Bihar,bseb-bihar,Class 10,General,Social Science,en,hi+en+ur,NONE,NONE,NONE,2025-2026-ACCREDITED,PATTERN_PENDING,0,0,0,0,0,0,0,PRACTICE_UNAVAILABLE,FULL_EXAM_UNAVAILABLE,ZERO_CONTENT,OFFICIAL_SOURCE_NOT_YET_DIGITIZED
Bihar,bseb-bihar,Class 10,General,Social Science,ur,hi+en+ur,NONE,NONE,NONE,2025-2026-ACCREDITED,PATTERN_PENDING,0,0,0,0,0,0,0,PRACTICE_UNAVAILABLE,FULL_EXAM_UNAVAILABLE,ZERO_CONTENT,OFFICIAL_SOURCE_NOT_YET_DIGITIZED
Bihar,bseb-bihar,Class 10,General,English Language & Literature,hi,hi+en+ur,NONE,NONE,NONE,2025-2026-ACCREDITED,PATTERN_PENDING,0,0,0,0,0,0,0,PRACTICE_UNAVAILABLE,FULL_EXAM_UNAVAILABLE,ZERO_CONTENT,OFFICIAL_SOURCE_NOT_YET_DIGITIZED
Bihar,bseb-bihar,Class 10,General,English Language & Literature,en,hi+en+ur,NONE,NONE,NONE,2025-2026-ACCREDITED,PATTERN_PENDING,0,0,0,0,0,0,0,PRACTICE_UNAVAILABLE,FULL_EXAM_UNAVAILABLE,ZERO_CONTENT,OFFICIAL_SOURCE_NOT_YET_DIGITIZED
Bihar,bseb-bihar,Class 10,General,English Language & Literature,ur,hi+en+ur,NONE,NONE,NONE,2025-2026-ACCREDITED,PATTERN_PENDING,0,0,0,0,0,0,0,PRACTICE_UNAVAILABLE,FULL_EXAM_UNAVAILABLE,ZERO_CONTENT,OFFICIAL_SOURCE_NOT_YET_DIGITIZED
Bihar,bseb-bihar,Class 10,General,First Language (Regional/Hindi),hi,hi+en+ur,NONE,NONE,NONE,2025-2026-ACCREDITED,PATTERN_PENDING,0,0,0,0,0,0,0,PRACTICE_UNAVAILABLE,FULL_EXAM_UNAVAILABLE,ZERO_CONTENT,OFFICIAL_SOURCE_NOT_YET_DIGITIZED
Bihar,bseb-bihar,Class 10,General,First Language (Regional/Hindi),en,hi+en+ur,NONE,NONE,NONE,2025-2026-ACCREDITED,PATTERN_PENDING,0,0,0,0,0,0,0,PRACTICE_UNAVAILABLE,FULL_EXAM_UNAVAILABLE,ZERO_CONTENT,OFFICIAL_SOURCE_NOT_YET_DIGITIZED
Bihar,bseb-bihar,Class 10,General,First Language (Regional/Hindi),ur,hi+en+ur,NONE,NONE,NONE,2025-2026-ACCREDITED,PATTERN_PENDING,0,0,0,0,0,0,0,PRACTICE_UNAVAILABLE,FULL_EXAM_UNAVAILABLE,ZERO_CONTENT,OFFICIAL_SOURCE_NOT_YET_DIGITIZED
Bihar,bseb-bihar,Class 12,Science,Physics,hi,hi+en+ur,NONE,NONE,NONE,2025-2026-ACCREDITED,PATTERN_PENDING,0,0,0,0,0,0,0,PRACTICE_UNAVAILABLE,FULL_EXAM_UNAVAILABLE,ZERO_CONTENT,OFFICIAL_SOURCE_NOT_YET_DIGITIZED
Bihar,bseb-bihar,Class 12,Science,Physics,en,hi+en+ur,NONE,NONE,NONE,2025-2026-ACCREDITED,PATTERN_PENDING,0,0,0,0,0,0,0,PRACTICE_UNAVAILABLE,FULL_EXAM_UNAVAILABLE,ZERO_CONTENT,OFFICIAL_SOURCE_NOT_YET_DIGITIZED
Bihar,bseb-bihar,Class 12,Science,Physics,ur,hi+en+ur,NONE,NONE,NONE,2025-2026-ACCREDITED,PATTERN_PENDING,0,0,0,0,0,0,0,PRACTICE_UNAVAILABLE,FULL_EXAM_UNAVAILABLE,ZERO_CONTENT,OFFICIAL_SOURCE_NOT_YET_DIGITIZED
Bihar,bseb-bihar,Class 12,Science,Chemistry,hi,hi+en+ur,NONE,NONE,NONE,2025-2026-ACCREDITED,PATTERN_PENDING,0,0,0,0,0,0,0,PRACTICE_UNAVAILABLE,FULL_EXAM_UNAVAILABLE,ZERO_CONTENT,OFFICIAL_SOURCE_NOT_YET_DIGITIZED
Bihar,bseb-bihar,Class 12,Science,Chemistry,en,hi+en+ur,NONE,NONE,NONE,2025-2026-ACCREDITED,PATTERN_PENDING,0,0,0,0,0,0,0,PRACTICE_UNAVAILABLE,FULL_EXAM_UNAVAILABLE,ZERO_CONTENT,OFFICIAL_SOURCE_NOT_YET_DIGITIZED
Bihar,bseb-bihar,Class 12,Science,Chemistry,ur,hi+en+ur,NONE,NONE,NONE,2025-2026-ACCREDITED,PATTERN_PENDING,0,0,0,0,0,0,0,PRACTICE_UNAVAILABLE,FULL_EXAM_UNAVAILABLE,ZERO_CONTENT,OFFICIAL_SOURCE_NOT_YET_DIGITIZED
Bihar,bseb-bihar,Class 12,Science,Higher Mathematics,hi,hi+en+ur,NONE,NONE,NONE,2025-2026-ACCREDITED,PATTERN_PENDING,0,0,0,0,0,0,0,PRACTICE_UNAVAILABLE,FULL_EXAM_UNAVAILABLE,ZERO_CONTENT,OFFICIAL_SOURCE_NOT_YET_DIGITIZED
Bihar,bseb-bihar,Class 12,Science,Higher Mathematics,en,hi+en+ur,NONE,NONE,NONE,2025-2026-ACCREDITED,PATTERN_PENDING,0,0,0,0,0,0,0,PRACTICE_UNAVAILABLE,FULL_EXAM_UNAVAILABLE,ZERO_CONTENT,OFFICIAL_SOURCE_NOT_YET_DIGITIZED
Bihar,bseb-bihar,Class 12,Science,Higher Mathematics,ur,hi+en+ur,NONE,NONE,NONE,2025-2026-ACCREDITED,PATTERN_PENDING,0,0,0,0,0,0,0,PRACTICE_UNAVAILABLE,FULL_EXAM_UNAVAILABLE,ZERO_CONTENT,OFFICIAL_SOURCE_NOT_YET_DIGITIZED
Bihar,bseb-bihar,Class 12,Science,Biology,hi,hi+en+ur,NONE,NONE,NONE,2025-2026-ACCREDITED,PATTERN_PENDING,0,0,0,0,0,0,0,PRACTICE_UNAVAILABLE,FULL_EXAM_UNAVAILABLE,ZERO_CONTENT,OFFICIAL_SOURCE_NOT_YET_DIGITIZED
Bihar,bseb-bihar,Class 12,Science,Biology,en,hi+en+ur,NONE,NONE,NONE,2025-2026-ACCREDITED,PATTERN_PENDING,0,0,0,0,0,0,0,PRACTICE_UNAVAILABLE,FULL_EXAM_UNAVAILABLE,ZERO_CONTENT,OFFICIAL_SOURCE_NOT_YET_DIGITIZED
Bihar,bseb-bihar,Class 12,Science,Biology,ur,hi+en+ur,NONE,NONE,NONE,2025-2026-ACCREDITED,PATTERN_PENDING,0,0,0,0,0,0,0,PRACTICE_UNAVAILABLE,FULL_EXAM_UNAVAILABLE,ZERO_CONTENT,OFFICIAL_SOURCE_NOT_YET_DIGITIZED
Bihar,bseb-bihar,Class 12,Commerce,Accountancy,hi,hi+en+ur,NONE,NONE,NONE,2025-2026-ACCREDITED,PATTERN_PENDING,0,0,0,0,0,0,0,PRACTICE_UNAVAILABLE,FULL_EXAM_UNAVAILABLE,ZERO_CONTENT,OFFICIAL_SOURCE_NOT_YET_DIGITIZED
Bihar,bseb-bihar,Class 12,Commerce,Accountancy,en,hi+en+ur,NONE,NONE,NONE,2025-2026-ACCREDITED,PATTERN_PENDING,0,0,0,0,0,0,0,PRACTICE_UNAVAILABLE,FULL_EXAM_UNAVAILABLE,ZERO_CONTENT,OFFICIAL_SOURCE_NOT_YET_DIGITIZED
Bihar,bseb-bihar,Class 12,Commerce,Accountancy,ur,hi+en+ur,NONE,NONE,NONE,2025-2026-ACCREDITED,PATTERN_PENDING,0,0,0,0,0,0,0,PRACTICE_UNAVAILABLE,FULL_EXAM_UNAVAILABLE,ZERO_CONTENT,OFFICIAL_SOURCE_NOT_YET_DIGITIZED
Bihar,bseb-bihar,Class 12,Commerce,Business Studies,hi,hi+en+ur,NONE,NONE,NONE,2025-2026-ACCREDITED,PATTERN_PENDING,0,0,0,0,0,0,0,PRACTICE_UNAVAILABLE,FULL_EXAM_UNAVAILABLE,ZERO_CONTENT,OFFICIAL_SOURCE_NOT_YET_DIGITIZED
Bihar,bseb-bihar,Class 12,Commerce,Business Studies,en,hi+en+ur,NONE,NONE,NONE,2025-2026-ACCREDITED,PATTERN_PENDING,0,0,0,0,0,0,0,PRACTICE_UNAVAILABLE,FULL_EXAM_UNAVAILABLE,ZERO_CONTENT,OFFICIAL_SOURCE_NOT_YET_DIGITIZED
Bihar,bseb-bihar,Class 12,Commerce,Business Studies,ur,hi+en+ur,NONE,NONE,NONE,2025-2026-ACCREDITED,PATTERN_PENDING,0,0,0,0,0,0,0,PRACTICE_UNAVAILABLE,FULL_EXAM_UNAVAILABLE,ZERO_CONTENT,OFFICIAL_SOURCE_NOT_YET_DIGITIZED
Bihar,bseb-bihar,Class 12,Commerce,Economics,hi,hi+en+ur,NONE,NONE,NONE,2025-2026-ACCREDITED,PATTERN_PENDING,0,0,0,0,0,0,0,PRACTICE_UNAVAILABLE,FULL_EXAM_UNAVAILABLE,ZERO_CONTENT,OFFICIAL_SOURCE_NOT_YET_DIGITIZED
Bihar,bseb-bihar,Class 12,Commerce,Economics,en,hi+en+ur,NONE,NONE,NONE,2025-2026-ACCREDITED,PATTERN_PENDING,0,0,0,0,0,0,0,PRACTICE_UNAVAILABLE,FULL_EXAM_UNAVAILABLE,ZERO_CONTENT,OFFICIAL_SOURCE_NOT_YET_DIGITIZED
Bihar,bseb-bihar,Class 12,Commerce,Economics,ur,hi+en+ur,NONE,NONE,NONE,2025-2026-ACCREDITED,PATTERN_PENDING,0,0,0,0,0,0,0,PRACTICE_UNAVAILABLE,FULL_EXAM_UNAVAILABLE,ZERO_CONTENT,OFFICIAL_SOURCE_NOT_YET_DIGITIZED
Haryana,bseh-haryana,Class 10,General,Mathematics,hi,hi+en,NONE,NONE,NONE,2025-2026-ACCREDITED,PATTERN_PENDING,0,0,0,0,0,0,0,PRACTICE_UNAVAILABLE,FULL_EXAM_UNAVAILABLE,ZERO_CONTENT,OFFICIAL_SOURCE_NOT_YET_DIGITIZED
Haryana,bseh-haryana,Class 10,General,Mathematics,en,hi+en,NONE,NONE,NONE,2025-2026-ACCREDITED,PATTERN_PENDING,0,0,0,0,0,0,0,PRACTICE_UNAVAILABLE,FULL_EXAM_UNAVAILABLE,ZERO_CONTENT,OFFICIAL_SOURCE_NOT_YET_DIGITIZED
Haryana,bseh-haryana,Class 10,General,Science & Technology,hi,hi+en,NONE,NONE,NONE,2025-2026-ACCREDITED,PATTERN_PENDING,0,0,0,0,0,0,0,PRACTICE_UNAVAILABLE,FULL_EXAM_UNAVAILABLE,ZERO_CONTENT,OFFICIAL_SOURCE_NOT_YET_DIGITIZED
Haryana,bseh-haryana,Class 10,General,Science & Technology,en,hi+en,NONE,NONE,NONE,2025-2026-ACCREDITED,PATTERN_PENDING,0,0,0,0,0,0,0,PRACTICE_UNAVAILABLE,FULL_EXAM_UNAVAILABLE,ZERO_CONTENT,OFFICIAL_SOURCE_NOT_YET_DIGITIZED
Haryana,bseh-haryana,Class 10,General,Social Science,hi,hi+en,NONE,NONE,NONE,2025-2026-ACCREDITED,PATTERN_PENDING,0,0,0,0,0,0,0,PRACTICE_UNAVAILABLE,FULL_EXAM_UNAVAILABLE,ZERO_CONTENT,OFFICIAL_SOURCE_NOT_YET_DIGITIZED
Haryana,bseh-haryana,Class 10,General,Social Science,en,hi+en,NONE,NONE,NONE,2025-2026-ACCREDITED,PATTERN_PENDING,0,0,0,0,0,0,0,PRACTICE_UNAVAILABLE,FULL_EXAM_UNAVAILABLE,ZERO_CONTENT,OFFICIAL_SOURCE_NOT_YET_DIGITIZED
Haryana,bseh-haryana,Class 10,General,English Language & Literature,hi,hi+en,NONE,NONE,NONE,2025-2026-ACCREDITED,PATTERN_PENDING,0,0,0,0,0,0,0,PRACTICE_UNAVAILABLE,FULL_EXAM_UNAVAILABLE,ZERO_CONTENT,OFFICIAL_SOURCE_NOT_YET_DIGITIZED
Haryana,bseh-haryana,Class 10,General,English Language & Literature,en,hi+en,NONE,NONE,NONE,2025-2026-ACCREDITED,PATTERN_PENDING,0,0,0,0,0,0,0,PRACTICE_UNAVAILABLE,FULL_EXAM_UNAVAILABLE,ZERO_CONTENT,OFFICIAL_SOURCE_NOT_YET_DIGITIZED
Haryana,bseh-haryana,Class 10,General,First Language (Regional/Hindi),hi,hi+en,NONE,NONE,NONE,2025-2026-ACCREDITED,PATTERN_PENDING,0,0,0,0,0,0,0,PRACTICE_UNAVAILABLE,FULL_EXAM_UNAVAILABLE,ZERO_CONTENT,OFFICIAL_SOURCE_NOT_YET_DIGITIZED
Haryana,bseh-haryana,Class 10,General,First Language (Regional/Hindi),en,hi+en,NONE,NONE,NONE,2025-2026-ACCREDITED,PATTERN_PENDING,0,0,0,0,0,0,0,PRACTICE_UNAVAILABLE,FULL_EXAM_UNAVAILABLE,ZERO_CONTENT,OFFICIAL_SOURCE_NOT_YET_DIGITIZED
Haryana,bseh-haryana,Class 12,Science,Physics,hi,hi+en,NONE,NONE,NONE,2025-2026-ACCREDITED,PATTERN_PENDING,0,0,0,0,0,0,0,PRACTICE_UNAVAILABLE,FULL_EXAM_UNAVAILABLE,ZERO_CONTENT,OFFICIAL_SOURCE_NOT_YET_DIGITIZED
Haryana,bseh-haryana,Class 12,Science,Physics,en,hi+en,NONE,NONE,NONE,2025-2026-ACCREDITED,PATTERN_PENDING,0,0,0,0,0,0,0,PRACTICE_UNAVAILABLE,FULL_EXAM_UNAVAILABLE,ZERO_CONTENT,OFFICIAL_SOURCE_NOT_YET_DIGITIZED
Haryana,bseh-haryana,Class 12,Science,Chemistry,hi,hi+en,NONE,NONE,NONE,2025-2026-ACCREDITED,PATTERN_PENDING,0,0,0,0,0,0,0,PRACTICE_UNAVAILABLE,FULL_EXAM_UNAVAILABLE,ZERO_CONTENT,OFFICIAL_SOURCE_NOT_YET_DIGITIZED
Haryana,bseh-haryana,Class 12,Science,Chemistry,en,hi+en,NONE,NONE,NONE,2025-2026-ACCREDITED,PATTERN_PENDING,0,0,0,0,0,0,0,PRACTICE_UNAVAILABLE,FULL_EXAM_UNAVAILABLE,ZERO_CONTENT,OFFICIAL_SOURCE_NOT_YET_DIGITIZED
Haryana,bseh-haryana,Class 12,Science,Higher Mathematics,hi,hi+en,NONE,NONE,NONE,2025-2026-ACCREDITED,PATTERN_PENDING,0,0,0,0,0,0,0,PRACTICE_UNAVAILABLE,FULL_EXAM_UNAVAILABLE,ZERO_CONTENT,OFFICIAL_SOURCE_NOT_YET_DIGITIZED
Haryana,bseh-haryana,Class 12,Science,Higher Mathematics,en,hi+en,NONE,NONE,NONE,2025-2026-ACCREDITED,PATTERN_PENDING,0,0,0,0,0,0,0,PRACTICE_UNAVAILABLE,FULL_EXAM_UNAVAILABLE,ZERO_CONTENT,OFFICIAL_SOURCE_NOT_YET_DIGITIZED
Haryana,bseh-haryana,Class 12,Science,Biology,hi,hi+en,NONE,NONE,NONE,2025-2026-ACCREDITED,PATTERN_PENDING,0,0,0,0,0,0,0,PRACTICE_UNAVAILABLE,FULL_EXAM_UNAVAILABLE,ZERO_CONTENT,OFFICIAL_SOURCE_NOT_YET_DIGITIZED
Haryana,bseh-haryana,Class 12,Science,Biology,en,hi+en,NONE,NONE,NONE,2025-2026-ACCREDITED,PATTERN_PENDING,0,0,0,0,0,0,0,PRACTICE_UNAVAILABLE,FULL_EXAM_UNAVAILABLE,ZERO_CONTENT,OFFICIAL_SOURCE_NOT_YET_DIGITIZED
Haryana,bseh-haryana,Class 12,Commerce,Accountancy,hi,hi+en,NONE,NONE,NONE,2025-2026-ACCREDITED,PATTERN_PENDING,0,0,0,0,0,0,0,PRACTICE_UNAVAILABLE,FULL_EXAM_UNAVAILABLE,ZERO_CONTENT,OFFICIAL_SOURCE_NOT_YET_DIGITIZED
Haryana,bseh-haryana,Class 12,Commerce,Accountancy,en,hi+en,NONE,NONE,NONE,2025-2026-ACCREDITED,PATTERN_PENDING,0,0,0,0,0,0,0,PRACTICE_UNAVAILABLE,FULL_EXAM_UNAVAILABLE,ZERO_CONTENT,OFFICIAL_SOURCE_NOT_YET_DIGITIZED
Haryana,bseh-haryana,Class 12,Commerce,Business Studies,hi,hi+en,NONE,NONE,NONE,2025-2026-ACCREDITED,PATTERN_PENDING,0,0,0,0,0,0,0,PRACTICE_UNAVAILABLE,FULL_EXAM_UNAVAILABLE,ZERO_CONTENT,OFFICIAL_SOURCE_NOT_YET_DIGITIZED
Haryana,bseh-haryana,Class 12,Commerce,Business Studies,en,hi+en,NONE,NONE,NONE,2025-2026-ACCREDITED,PATTERN_PENDING,0,0,0,0,0,0,0,PRACTICE_UNAVAILABLE,FULL_EXAM_UNAVAILABLE,ZERO_CONTENT,OFFICIAL_SOURCE_NOT_YET_DIGITIZED
Haryana,bseh-haryana,Class 12,Commerce,Economics,hi,hi+en,NONE,NONE,NONE,2025-2026-ACCREDITED,PATTERN_PENDING,0,0,0,0,0,0,0,PRACTICE_UNAVAILABLE,FULL_EXAM_UNAVAILABLE,ZERO_CONTENT,OFFICIAL_SOURCE_NOT_YET_DIGITIZED
Haryana,bseh-haryana,Class 12,Commerce,Economics,en,hi+en,NONE,NONE,NONE,2025-2026-ACCREDITED,PATTERN_PENDING,0,0,0,0,0,0,0,PRACTICE_UNAVAILABLE,FULL_EXAM_UNAVAILABLE,ZERO_CONTENT,OFFICIAL_SOURCE_NOT_YET_DIGITIZED
Manipur,bsem-board,Class 10,General,Mathematics,mni,mni+en,NONE,NONE,NONE,2025-2026-ACCREDITED,PATTERN_PENDING,0,0,0,0,0,0,0,PRACTICE_UNAVAILABLE,FULL_EXAM_UNAVAILABLE,ZERO_CONTENT,OFFICIAL_SOURCE_NOT_YET_DIGITIZED
Manipur,bsem-board,Class 10,General,Mathematics,en,mni+en,NONE,NONE,NONE,2025-2026-ACCREDITED,PATTERN_PENDING,0,0,0,0,0,0,0,PRACTICE_UNAVAILABLE,FULL_EXAM_UNAVAILABLE,ZERO_CONTENT,OFFICIAL_SOURCE_NOT_YET_DIGITIZED
Manipur,bsem-board,Class 10,General,Science & Technology,mni,mni+en,NONE,NONE,NONE,2025-2026-ACCREDITED,PATTERN_PENDING,0,0,0,0,0,0,0,PRACTICE_UNAVAILABLE,FULL_EXAM_UNAVAILABLE,ZERO_CONTENT,OFFICIAL_SOURCE_NOT_YET_DIGITIZED
Manipur,bsem-board,Class 10,General,Science & Technology,en,mni+en,NONE,NONE,NONE,2025-2026-ACCREDITED,PATTERN_PENDING,0,0,0,0,0,0,0,PRACTICE_UNAVAILABLE,FULL_EXAM_UNAVAILABLE,ZERO_CONTENT,OFFICIAL_SOURCE_NOT_YET_DIGITIZED
Manipur,bsem-board,Class 10,General,Social Science,mni,mni+en,NONE,NONE,NONE,2025-2026-ACCREDITED,PATTERN_PENDING,0,0,0,0,0,0,0,PRACTICE_UNAVAILABLE,FULL_EXAM_UNAVAILABLE,ZERO_CONTENT,OFFICIAL_SOURCE_NOT_YET_DIGITIZED
Manipur,bsem-board,Class 10,General,Social Science,en,mni+en,NONE,NONE,NONE,2025-2026-ACCREDITED,PATTERN_PENDING,0,0,0,0,0,0,0,PRACTICE_UNAVAILABLE,FULL_EXAM_UNAVAILABLE,ZERO_CONTENT,OFFICIAL_SOURCE_NOT_YET_DIGITIZED
Manipur,bsem-board,Class 10,General,English Language & Literature,mni,mni+en,NONE,NONE,NONE,2025-2026-ACCREDITED,PATTERN_PENDING,0,0,0,0,0,0,0,PRACTICE_UNAVAILABLE,FULL_EXAM_UNAVAILABLE,ZERO_CONTENT,OFFICIAL_SOURCE_NOT_YET_DIGITIZED
Manipur,bsem-board,Class 10,General,English Language & Literature,en,mni+en,NONE,NONE,NONE,2025-2026-ACCREDITED,PATTERN_PENDING,0,0,0,0,0,0,0,PRACTICE_UNAVAILABLE,FULL_EXAM_UNAVAILABLE,ZERO_CONTENT,OFFICIAL_SOURCE_NOT_YET_DIGITIZED
Manipur,bsem-board,Class 10,General,First Language (Regional/Hindi),mni,mni+en,NONE,NONE,NONE,2025-2026-ACCREDITED,PATTERN_PENDING,0,0,0,0,0,0,0,PRACTICE_UNAVAILABLE,FULL_EXAM_UNAVAILABLE,ZERO_CONTENT,OFFICIAL_SOURCE_NOT_YET_DIGITIZED
Manipur,bsem-board,Class 10,General,First Language (Regional/Hindi),en,mni+en,NONE,NONE,NONE,2025-2026-ACCREDITED,PATTERN_PENDING,0,0,0,0,0,0,0,PRACTICE_UNAVAILABLE,FULL_EXAM_UNAVAILABLE,ZERO_CONTENT,OFFICIAL_SOURCE_NOT_YET_DIGITIZED
Manipur,bsem-board,Class 12,Science,Physics,mni,mni+en,NONE,NONE,NONE,2025-2026-ACCREDITED,PATTERN_PENDING,0,0,0,0,0,0,0,PRACTICE_UNAVAILABLE,FULL_EXAM_UNAVAILABLE,ZERO_CONTENT,OFFICIAL_SOURCE_NOT_YET_DIGITIZED
Manipur,bsem-board,Class 12,Science,Physics,en,mni+en,NONE,NONE,NONE,2025-2026-ACCREDITED,PATTERN_PENDING,0,0,0,0,0,0,0,PRACTICE_UNAVAILABLE,FULL_EXAM_UNAVAILABLE,ZERO_CONTENT,OFFICIAL_SOURCE_NOT_YET_DIGITIZED
Manipur,bsem-board,Class 12,Science,Chemistry,mni,mni+en,NONE,NONE,NONE,2025-2026-ACCREDITED,PATTERN_PENDING,0,0,0,0,0,0,0,PRACTICE_UNAVAILABLE,FULL_EXAM_UNAVAILABLE,ZERO_CONTENT,OFFICIAL_SOURCE_NOT_YET_DIGITIZED
Manipur,bsem-board,Class 12,Science,Chemistry,en,mni+en,NONE,NONE,NONE,2025-2026-ACCREDITED,PATTERN_PENDING,0,0,0,0,0,0,0,PRACTICE_UNAVAILABLE,FULL_EXAM_UNAVAILABLE,ZERO_CONTENT,OFFICIAL_SOURCE_NOT_YET_DIGITIZED
Manipur,bsem-board,Class 12,Science,Higher Mathematics,mni,mni+en,NONE,NONE,NONE,2025-2026-ACCREDITED,PATTERN_PENDING,0,0,0,0,0,0,0,PRACTICE_UNAVAILABLE,FULL_EXAM_UNAVAILABLE,ZERO_CONTENT,OFFICIAL_SOURCE_NOT_YET_DIGITIZED
Manipur,bsem-board,Class 12,Science,Higher Mathematics,en,mni+en,NONE,NONE,NONE,2025-2026-ACCREDITED,PATTERN_PENDING,0,0,0,0,0,0,0,PRACTICE_UNAVAILABLE,FULL_EXAM_UNAVAILABLE,ZERO_CONTENT,OFFICIAL_SOURCE_NOT_YET_DIGITIZED
Manipur,bsem-board,Class 12,Science,Biology,mni,mni+en,NONE,NONE,NONE,2025-2026-ACCREDITED,PATTERN_PENDING,0,0,0,0,0,0,0,PRACTICE_UNAVAILABLE,FULL_EXAM_UNAVAILABLE,ZERO_CONTENT,OFFICIAL_SOURCE_NOT_YET_DIGITIZED
Manipur,bsem-board,Class 12,Science,Biology,en,mni+en,NONE,NONE,NONE,2025-2026-ACCREDITED,PATTERN_PENDING,0,0,0,0,0,0,0,PRACTICE_UNAVAILABLE,FULL_EXAM_UNAVAILABLE,ZERO_CONTENT,OFFICIAL_SOURCE_NOT_YET_DIGITIZED
Manipur,bsem-board,Class 12,Commerce,Accountancy,mni,mni+en,NONE,NONE,NONE,2025-2026-ACCREDITED,PATTERN_PENDING,0,0,0,0,0,0,0,PRACTICE_UNAVAILABLE,FULL_EXAM_UNAVAILABLE,ZERO_CONTENT,OFFICIAL_SOURCE_NOT_YET_DIGITIZED
Manipur,bsem-board,Class 12,Commerce,Accountancy,en,mni+en,NONE,NONE,NONE,2025-2026-ACCREDITED,PATTERN_PENDING,0,0,0,0,0,0,0,PRACTICE_UNAVAILABLE,FULL_EXAM_UNAVAILABLE,ZERO_CONTENT,OFFICIAL_SOURCE_NOT_YET_DIGITIZED
Manipur,bsem-board,Class 12,Commerce,Business Studies,mni,mni+en,NONE,NONE,NONE,2025-2026-ACCREDITED,PATTERN_PENDING,0,0,0,0,0,0,0,PRACTICE_UNAVAILABLE,FULL_EXAM_UNAVAILABLE,ZERO_CONTENT,OFFICIAL_SOURCE_NOT_YET_DIGITIZED
Manipur,bsem-board,Class 12,Commerce,Business Studies,en,mni+en,NONE,NONE,NONE,2025-2026-ACCREDITED,PATTERN_PENDING,0,0,0,0,0,0,0,PRACTICE_UNAVAILABLE,FULL_EXAM_UNAVAILABLE,ZERO_CONTENT,OFFICIAL_SOURCE_NOT_YET_DIGITIZED
Manipur,bsem-board,Class 12,Commerce,Economics,mni,mni+en,NONE,NONE,NONE,2025-2026-ACCREDITED,PATTERN_PENDING,0,0,0,0,0,0,0,PRACTICE_UNAVAILABLE,FULL_EXAM_UNAVAILABLE,ZERO_CONTENT,OFFICIAL_SOURCE_NOT_YET_DIGITIZED
Manipur,bsem-board,Class 12,Commerce,Economics,en,mni+en,NONE,NONE,NONE,2025-2026-ACCREDITED,PATTERN_PENDING,0,0,0,0,0,0,0,PRACTICE_UNAVAILABLE,FULL_EXAM_UNAVAILABLE,ZERO_CONTENT,OFFICIAL_SOURCE_NOT_YET_DIGITIZED
Telangana,bsetg-board,Class 10,General,Mathematics,te,te+en,NONE,NONE,NONE,2025-2026-ACCREDITED,PATTERN_PENDING,0,0,0,0,0,0,0,PRACTICE_UNAVAILABLE,FULL_EXAM_UNAVAILABLE,ZERO_CONTENT,OFFICIAL_SOURCE_NOT_YET_DIGITIZED
Telangana,bsetg-board,Class 10,General,Mathematics,en,te+en,NONE,NONE,NONE,2025-2026-ACCREDITED,PATTERN_PENDING,0,0,0,0,0,0,0,PRACTICE_UNAVAILABLE,FULL_EXAM_UNAVAILABLE,ZERO_CONTENT,OFFICIAL_SOURCE_NOT_YET_DIGITIZED
Telangana,bsetg-board,Class 10,General,Science & Technology,te,te+en,NONE,NONE,NONE,2025-2026-ACCREDITED,PATTERN_PENDING,0,0,0,0,0,0,0,PRACTICE_UNAVAILABLE,FULL_EXAM_UNAVAILABLE,ZERO_CONTENT,OFFICIAL_SOURCE_NOT_YET_DIGITIZED
Telangana,bsetg-board,Class 10,General,Science & Technology,en,te+en,NONE,NONE,NONE,2025-2026-ACCREDITED,PATTERN_PENDING,0,0,0,0,0,0,0,PRACTICE_UNAVAILABLE,FULL_EXAM_UNAVAILABLE,ZERO_CONTENT,OFFICIAL_SOURCE_NOT_YET_DIGITIZED
Telangana,bsetg-board,Class 10,General,Social Science,te,te+en,NONE,NONE,NONE,2025-2026-ACCREDITED,PATTERN_PENDING,0,0,0,0,0,0,0,PRACTICE_UNAVAILABLE,FULL_EXAM_UNAVAILABLE,ZERO_CONTENT,OFFICIAL_SOURCE_NOT_YET_DIGITIZED
Telangana,bsetg-board,Class 10,General,Social Science,en,te+en,NONE,NONE,NONE,2025-2026-ACCREDITED,PATTERN_PENDING,0,0,0,0,0,0,0,PRACTICE_UNAVAILABLE,FULL_EXAM_UNAVAILABLE,ZERO_CONTENT,OFFICIAL_SOURCE_NOT_YET_DIGITIZED
Telangana,bsetg-board,Class 10,General,English Language & Literature,te,te+en,NONE,NONE,NONE,2025-2026-ACCREDITED,PATTERN_PENDING,0,0,0,0,0,0,0,PRACTICE_UNAVAILABLE,FULL_EXAM_UNAVAILABLE,ZERO_CONTENT,OFFICIAL_SOURCE_NOT_YET_DIGITIZED
Telangana,bsetg-board,Class 10,General,English Language & Literature,en,te+en,NONE,NONE,NONE,2025-2026-ACCREDITED,PATTERN_PENDING,0,0,0,0,0,0,0,PRACTICE_UNAVAILABLE,FULL_EXAM_UNAVAILABLE,ZERO_CONTENT,OFFICIAL_SOURCE_NOT_YET_DIGITIZED
Telangana,bsetg-board,Class 10,General,First Language (Regional/Hindi),te,te+en,NONE,NONE,NONE,2025-2026-ACCREDITED,PATTERN_PENDING,0,0,0,0,0,0,0,PRACTICE_UNAVAILABLE,FULL_EXAM_UNAVAILABLE,ZERO_CONTENT,OFFICIAL_SOURCE_NOT_YET_DIGITIZED
Telangana,bsetg-board,Class 10,General,First Language (Regional/Hindi),en,te+en,NONE,NONE,NONE,2025-2026-ACCREDITED,PATTERN_PENDING,0,0,0,0,0,0,0,PRACTICE_UNAVAILABLE,FULL_EXAM_UNAVAILABLE,ZERO_CONTENT,OFFICIAL_SOURCE_NOT_YET_DIGITIZED
Telangana,bsetg-board,Class 12,Science,Physics,te,te+en,NONE,NONE,NONE,2025-2026-ACCREDITED,PATTERN_PENDING,0,0,0,0,0,0,0,PRACTICE_UNAVAILABLE,FULL_EXAM_UNAVAILABLE,ZERO_CONTENT,OFFICIAL_SOURCE_NOT_YET_DIGITIZED
Telangana,bsetg-board,Class 12,Science,Physics,en,te+en,NONE,NONE,NONE,2025-2026-ACCREDITED,PATTERN_PENDING,0,0,0,0,0,0,0,PRACTICE_UNAVAILABLE,FULL_EXAM_UNAVAILABLE,ZERO_CONTENT,OFFICIAL_SOURCE_NOT_YET_DIGITIZED
Telangana,bsetg-board,Class 12,Science,Chemistry,te,te+en,NONE,NONE,NONE,2025-2026-ACCREDITED,PATTERN_PENDING,0,0,0,0,0,0,0,PRACTICE_UNAVAILABLE,FULL_EXAM_UNAVAILABLE,ZERO_CONTENT,OFFICIAL_SOURCE_NOT_YET_DIGITIZED
Telangana,bsetg-board,Class 12,Science,Chemistry,en,te+en,NONE,NONE,NONE,2025-2026-ACCREDITED,PATTERN_PENDING,0,0,0,0,0,0,0,PRACTICE_UNAVAILABLE,FULL_EXAM_UNAVAILABLE,ZERO_CONTENT,OFFICIAL_SOURCE_NOT_YET_DIGITIZED
Telangana,bsetg-board,Class 12,Science,Higher Mathematics,te,te+en,NONE,NONE,NONE,2025-2026-ACCREDITED,PATTERN_PENDING,0,0,0,0,0,0,0,PRACTICE_UNAVAILABLE,FULL_EXAM_UNAVAILABLE,ZERO_CONTENT,OFFICIAL_SOURCE_NOT_YET_DIGITIZED
Telangana,bsetg-board,Class 12,Science,Higher Mathematics,en,te+en,NONE,NONE,NONE,2025-2026-ACCREDITED,PATTERN_PENDING,0,0,0,0,0,0,0,PRACTICE_UNAVAILABLE,FULL_EXAM_UNAVAILABLE,ZERO_CONTENT,OFFICIAL_SOURCE_NOT_YET_DIGITIZED
Telangana,bsetg-board,Class 12,Science,Biology,te,te+en,NONE,NONE,NONE,2025-2026-ACCREDITED,PATTERN_PENDING,0,0,0,0,0,0,0,PRACTICE_UNAVAILABLE,FULL_EXAM_UNAVAILABLE,ZERO_CONTENT,OFFICIAL_SOURCE_NOT_YET_DIGITIZED
Telangana,bsetg-board,Class 12,Science,Biology,en,te+en,NONE,NONE,NONE,2025-2026-ACCREDITED,PATTERN_PENDING,0,0,0,0,0,0,0,PRACTICE_UNAVAILABLE,FULL_EXAM_UNAVAILABLE,ZERO_CONTENT,OFFICIAL_SOURCE_NOT_YET_DIGITIZED
Telangana,bsetg-board,Class 12,Commerce,Accountancy,te,te+en,NONE,NONE,NONE,2025-2026-ACCREDITED,PATTERN_PENDING,0,0,0,0,0,0,0,PRACTICE_UNAVAILABLE,FULL_EXAM_UNAVAILABLE,ZERO_CONTENT,OFFICIAL_SOURCE_NOT_YET_DIGITIZED
Telangana,bsetg-board,Class 12,Commerce,Accountancy,en,te+en,NONE,NONE,NONE,2025-2026-ACCREDITED,PATTERN_PENDING,0,0,0,0,0,0,0,PRACTICE_UNAVAILABLE,FULL_EXAM_UNAVAILABLE,ZERO_CONTENT,OFFICIAL_SOURCE_NOT_YET_DIGITIZED
Telangana,bsetg-board,Class 12,Commerce,Business Studies,te,te+en,NONE,NONE,NONE,2025-2026-ACCREDITED,PATTERN_PENDING,0,0,0,0,0,0,0,PRACTICE_UNAVAILABLE,FULL_EXAM_UNAVAILABLE,ZERO_CONTENT,OFFICIAL_SOURCE_NOT_YET_DIGITIZED
Telangana,bsetg-board,Class 12,Commerce,Business Studies,en,te+en,NONE,NONE,NONE,2025-2026-ACCREDITED,PATTERN_PENDING,0,0,0,0,0,0,0,PRACTICE_UNAVAILABLE,FULL_EXAM_UNAVAILABLE,ZERO_CONTENT,OFFICIAL_SOURCE_NOT_YET_DIGITIZED
Telangana,bsetg-board,Class 12,Commerce,Economics,te,te+en,NONE,NONE,NONE,2025-2026-ACCREDITED,PATTERN_PENDING,0,0,0,0,0,0,0,PRACTICE_UNAVAILABLE,FULL_EXAM_UNAVAILABLE,ZERO_CONTENT,OFFICIAL_SOURCE_NOT_YET_DIGITIZED
Telangana,bsetg-board,Class 12,Commerce,Economics,en,te+en,NONE,NONE,NONE,2025-2026-ACCREDITED,PATTERN_PENDING,0,0,0,0,0,0,0,PRACTICE_UNAVAILABLE,FULL_EXAM_UNAVAILABLE,ZERO_CONTENT,OFFICIAL_SOURCE_NOT_YET_DIGITIZED
"Andaman and Nicobar Islands; Arunachal Pradesh; Chandigarh; Delhi (NCT); Sikkim",cbse-board,Class 10,General,Mathematics,en,en+hi,NONE,NONE,NONE,2025-2026-ACCREDITED,PATTERN_PENDING,0,0,0,0,0,0,0,PRACTICE_UNAVAILABLE,FULL_EXAM_UNAVAILABLE,ZERO_CONTENT,OFFICIAL_SOURCE_NOT_YET_DIGITIZED
"Andaman and Nicobar Islands; Arunachal Pradesh; Chandigarh; Delhi (NCT); Sikkim",cbse-board,Class 10,General,Mathematics,hi,en+hi,NONE,NONE,NONE,2025-2026-ACCREDITED,PATTERN_PENDING,0,0,0,0,0,0,0,PRACTICE_UNAVAILABLE,FULL_EXAM_UNAVAILABLE,ZERO_CONTENT,OFFICIAL_SOURCE_NOT_YET_DIGITIZED
"Andaman and Nicobar Islands; Arunachal Pradesh; Chandigarh; Delhi (NCT); Sikkim",cbse-board,Class 10,General,Science & Technology,en,en+hi,en,en,en,2025-2026-ACCREDITED,PATTERN_VERIFIED,11589,11563,26,26,5,10,5,PRACTICE_AVAILABLE,FULL_EXAM_ELIGIBLE,CONTENT_DEEP,NONE
"Andaman and Nicobar Islands; Arunachal Pradesh; Chandigarh; Delhi (NCT); Sikkim",cbse-board,Class 10,General,Science & Technology,hi,en+hi,hi,hi,hi,2025-2026-ACCREDITED,PATTERN_VERIFIED,11589,11563,26,26,5,10,5,PRACTICE_AVAILABLE,FULL_EXAM_ELIGIBLE,CONTENT_DEEP,NONE
"Andaman and Nicobar Islands; Arunachal Pradesh; Chandigarh; Delhi (NCT); Sikkim",cbse-board,Class 10,General,Social Science,en,en+hi,en,en,en,2025-2026-ACCREDITED,PATTERN_VERIFIED,10081,3414,6667,6667,5,10,3,PRACTICE_AVAILABLE,FULL_EXAM_UNAVAILABLE,CONTENT_DEEP,NONE
"Andaman and Nicobar Islands; Arunachal Pradesh; Chandigarh; Delhi (NCT); Sikkim",cbse-board,Class 10,General,Social Science,hi,en+hi,hi,hi,hi,2025-2026-ACCREDITED,PATTERN_VERIFIED,10081,3414,6667,6667,5,10,3,PRACTICE_AVAILABLE,FULL_EXAM_UNAVAILABLE,CONTENT_DEEP,NONE
"Andaman and Nicobar Islands; Arunachal Pradesh; Chandigarh; Delhi (NCT); Sikkim",cbse-board,Class 10,General,English Language & Literature,en,en+hi,NONE,NONE,NONE,2025-2026-ACCREDITED,PATTERN_PENDING,0,0,0,0,0,0,0,PRACTICE_UNAVAILABLE,FULL_EXAM_UNAVAILABLE,ZERO_CONTENT,OFFICIAL_SOURCE_NOT_YET_DIGITIZED
"Andaman and Nicobar Islands; Arunachal Pradesh; Chandigarh; Delhi (NCT); Sikkim",cbse-board,Class 10,General,English Language & Literature,hi,en+hi,NONE,NONE,NONE,2025-2026-ACCREDITED,PATTERN_PENDING,0,0,0,0,0,0,0,PRACTICE_UNAVAILABLE,FULL_EXAM_UNAVAILABLE,ZERO_CONTENT,OFFICIAL_SOURCE_NOT_YET_DIGITIZED
"Andaman and Nicobar Islands; Arunachal Pradesh; Chandigarh; Delhi (NCT); Sikkim",cbse-board,Class 10,General,First Language (Regional/Hindi),en,en+hi,en,en,en,2025-2026-ACCREDITED,PATTERN_VERIFIED,900,450,450,450,5,10,2,PRACTICE_AVAILABLE,FULL_EXAM_UNAVAILABLE,CONTENT_DEEP,NONE
"Andaman and Nicobar Islands; Arunachal Pradesh; Chandigarh; Delhi (NCT); Sikkim",cbse-board,Class 10,General,First Language (Regional/Hindi),hi,en+hi,hi,hi,hi,2025-2026-ACCREDITED,PATTERN_VERIFIED,900,450,450,450,5,10,2,PRACTICE_AVAILABLE,FULL_EXAM_UNAVAILABLE,CONTENT_DEEP,NONE
"Andaman and Nicobar Islands; Arunachal Pradesh; Chandigarh; Delhi (NCT); Sikkim",cbse-board,Class 12,Science,Physics,en,en+hi,NONE,NONE,NONE,2025-2026-ACCREDITED,PATTERN_PENDING,0,0,0,0,0,0,0,PRACTICE_UNAVAILABLE,FULL_EXAM_UNAVAILABLE,ZERO_CONTENT,OFFICIAL_SOURCE_NOT_YET_DIGITIZED
"Andaman and Nicobar Islands; Arunachal Pradesh; Chandigarh; Delhi (NCT); Sikkim",cbse-board,Class 12,Science,Physics,hi,en+hi,NONE,NONE,NONE,2025-2026-ACCREDITED,PATTERN_PENDING,0,0,0,0,0,0,0,PRACTICE_UNAVAILABLE,FULL_EXAM_UNAVAILABLE,ZERO_CONTENT,OFFICIAL_SOURCE_NOT_YET_DIGITIZED
"Andaman and Nicobar Islands; Arunachal Pradesh; Chandigarh; Delhi (NCT); Sikkim",cbse-board,Class 12,Science,Chemistry,en,en+hi,NONE,NONE,NONE,2025-2026-ACCREDITED,PATTERN_PENDING,0,0,0,0,0,0,0,PRACTICE_UNAVAILABLE,FULL_EXAM_UNAVAILABLE,ZERO_CONTENT,OFFICIAL_SOURCE_NOT_YET_DIGITIZED
"Andaman and Nicobar Islands; Arunachal Pradesh; Chandigarh; Delhi (NCT); Sikkim",cbse-board,Class 12,Science,Chemistry,hi,en+hi,NONE,NONE,NONE,2025-2026-ACCREDITED,PATTERN_PENDING,0,0,0,0,0,0,0,PRACTICE_UNAVAILABLE,FULL_EXAM_UNAVAILABLE,ZERO_CONTENT,OFFICIAL_SOURCE_NOT_YET_DIGITIZED
"Andaman and Nicobar Islands; Arunachal Pradesh; Chandigarh; Delhi (NCT); Sikkim",cbse-board,Class 12,Science,Higher Mathematics,en,en+hi,en,en,en,2025-2026-ACCREDITED,PATTERN_VERIFIED,2200,1467,733,733,5,10,3,PRACTICE_AVAILABLE,FULL_EXAM_UNAVAILABLE,CONTENT_DEEP,NONE
"Andaman and Nicobar Islands; Arunachal Pradesh; Chandigarh; Delhi (NCT); Sikkim",cbse-board,Class 12,Science,Higher Mathematics,hi,en+hi,hi,hi,hi,2025-2026-ACCREDITED,PATTERN_VERIFIED,2200,1467,733,733,5,10,3,PRACTICE_AVAILABLE,FULL_EXAM_UNAVAILABLE,CONTENT_DEEP,NONE
"Andaman and Nicobar Islands; Arunachal Pradesh; Chandigarh; Delhi (NCT); Sikkim",cbse-board,Class 12,Science,Biology,en,en+hi,NONE,NONE,NONE,2025-2026-ACCREDITED,PATTERN_PENDING,0,0,0,0,0,0,0,PRACTICE_UNAVAILABLE,FULL_EXAM_UNAVAILABLE,ZERO_CONTENT,OFFICIAL_SOURCE_NOT_YET_DIGITIZED
"Andaman and Nicobar Islands; Arunachal Pradesh; Chandigarh; Delhi (NCT); Sikkim",cbse-board,Class 12,Science,Biology,hi,en+hi,NONE,NONE,NONE,2025-2026-ACCREDITED,PATTERN_PENDING,0,0,0,0,0,0,0,PRACTICE_UNAVAILABLE,FULL_EXAM_UNAVAILABLE,ZERO_CONTENT,OFFICIAL_SOURCE_NOT_YET_DIGITIZED
"Andaman and Nicobar Islands; Arunachal Pradesh; Chandigarh; Delhi (NCT); Sikkim",cbse-board,Class 12,Commerce,Accountancy,en,en+hi,en,en,en,2025-2026-ACCREDITED,PATTERN_VERIFIED,600,400,200,200,5,10,3,PRACTICE_AVAILABLE,FULL_EXAM_UNAVAILABLE,CONTENT_DEEP,NONE
"Andaman and Nicobar Islands; Arunachal Pradesh; Chandigarh; Delhi (NCT); Sikkim",cbse-board,Class 12,Commerce,Accountancy,hi,en+hi,hi,hi,hi,2025-2026-ACCREDITED,PATTERN_VERIFIED,600,400,200,200,5,10,3,PRACTICE_AVAILABLE,FULL_EXAM_UNAVAILABLE,CONTENT_DEEP,NONE
"Andaman and Nicobar Islands; Arunachal Pradesh; Chandigarh; Delhi (NCT); Sikkim",cbse-board,Class 12,Commerce,Business Studies,en,en+hi,en,en,en,2025-2026-ACCREDITED,PATTERN_VERIFIED,600,200,400,400,5,10,3,PRACTICE_AVAILABLE,FULL_EXAM_UNAVAILABLE,CONTENT_DEEP,NONE
"Andaman and Nicobar Islands; Arunachal Pradesh; Chandigarh; Delhi (NCT); Sikkim",cbse-board,Class 12,Commerce,Business Studies,hi,en+hi,hi,hi,hi,2025-2026-ACCREDITED,PATTERN_VERIFIED,600,200,400,400,5,10,3,PRACTICE_AVAILABLE,FULL_EXAM_UNAVAILABLE,CONTENT_DEEP,NONE
"Andaman and Nicobar Islands; Arunachal Pradesh; Chandigarh; Delhi (NCT); Sikkim",cbse-board,Class 12,Commerce,Economics,en,en+hi,NONE,NONE,NONE,2025-2026-ACCREDITED,PATTERN_PENDING,0,0,0,0,0,0,0,PRACTICE_UNAVAILABLE,FULL_EXAM_UNAVAILABLE,ZERO_CONTENT,OFFICIAL_SOURCE_NOT_YET_DIGITIZED
"Andaman and Nicobar Islands; Arunachal Pradesh; Chandigarh; Delhi (NCT); Sikkim",cbse-board,Class 12,Commerce,Economics,hi,en+hi,NONE,NONE,NONE,2025-2026-ACCREDITED,PATTERN_PENDING,0,0,0,0,0,0,0,PRACTICE_UNAVAILABLE,FULL_EXAM_UNAVAILABLE,ZERO_CONTENT,OFFICIAL_SOURCE_NOT_YET_DIGITIZED
Chhattisgarh,cgbse-chhattisgarh,Class 10,General,Mathematics,hi,hi+en,NONE,NONE,NONE,2025-2026-ACCREDITED,PATTERN_PENDING,0,0,0,0,0,0,0,PRACTICE_UNAVAILABLE,FULL_EXAM_UNAVAILABLE,ZERO_CONTENT,OFFICIAL_SOURCE_NOT_YET_DIGITIZED
Chhattisgarh,cgbse-chhattisgarh,Class 10,General,Mathematics,en,hi+en,NONE,NONE,NONE,2025-2026-ACCREDITED,PATTERN_PENDING,0,0,0,0,0,0,0,PRACTICE_UNAVAILABLE,FULL_EXAM_UNAVAILABLE,ZERO_CONTENT,OFFICIAL_SOURCE_NOT_YET_DIGITIZED
Chhattisgarh,cgbse-chhattisgarh,Class 10,General,Science & Technology,hi,hi+en,NONE,NONE,NONE,2025-2026-ACCREDITED,PATTERN_PENDING,0,0,0,0,0,0,0,PRACTICE_UNAVAILABLE,FULL_EXAM_UNAVAILABLE,ZERO_CONTENT,OFFICIAL_SOURCE_NOT_YET_DIGITIZED
Chhattisgarh,cgbse-chhattisgarh,Class 10,General,Science & Technology,en,hi+en,NONE,NONE,NONE,2025-2026-ACCREDITED,PATTERN_PENDING,0,0,0,0,0,0,0,PRACTICE_UNAVAILABLE,FULL_EXAM_UNAVAILABLE,ZERO_CONTENT,OFFICIAL_SOURCE_NOT_YET_DIGITIZED
Chhattisgarh,cgbse-chhattisgarh,Class 10,General,Social Science,hi,hi+en,NONE,NONE,NONE,2025-2026-ACCREDITED,PATTERN_PENDING,0,0,0,0,0,0,0,PRACTICE_UNAVAILABLE,FULL_EXAM_UNAVAILABLE,ZERO_CONTENT,OFFICIAL_SOURCE_NOT_YET_DIGITIZED
Chhattisgarh,cgbse-chhattisgarh,Class 10,General,Social Science,en,hi+en,NONE,NONE,NONE,2025-2026-ACCREDITED,PATTERN_PENDING,0,0,0,0,0,0,0,PRACTICE_UNAVAILABLE,FULL_EXAM_UNAVAILABLE,ZERO_CONTENT,OFFICIAL_SOURCE_NOT_YET_DIGITIZED
Chhattisgarh,cgbse-chhattisgarh,Class 10,General,English Language & Literature,hi,hi+en,NONE,NONE,NONE,2025-2026-ACCREDITED,PATTERN_PENDING,0,0,0,0,0,0,0,PRACTICE_UNAVAILABLE,FULL_EXAM_UNAVAILABLE,ZERO_CONTENT,OFFICIAL_SOURCE_NOT_YET_DIGITIZED
Chhattisgarh,cgbse-chhattisgarh,Class 10,General,English Language & Literature,en,hi+en,NONE,NONE,NONE,2025-2026-ACCREDITED,PATTERN_PENDING,0,0,0,0,0,0,0,PRACTICE_UNAVAILABLE,FULL_EXAM_UNAVAILABLE,ZERO_CONTENT,OFFICIAL_SOURCE_NOT_YET_DIGITIZED
Chhattisgarh,cgbse-chhattisgarh,Class 10,General,First Language (Regional/Hindi),hi,hi+en,NONE,NONE,NONE,2025-2026-ACCREDITED,PATTERN_PENDING,0,0,0,0,0,0,0,PRACTICE_UNAVAILABLE,FULL_EXAM_UNAVAILABLE,ZERO_CONTENT,OFFICIAL_SOURCE_NOT_YET_DIGITIZED
Chhattisgarh,cgbse-chhattisgarh,Class 10,General,First Language (Regional/Hindi),en,hi+en,NONE,NONE,NONE,2025-2026-ACCREDITED,PATTERN_PENDING,0,0,0,0,0,0,0,PRACTICE_UNAVAILABLE,FULL_EXAM_UNAVAILABLE,ZERO_CONTENT,OFFICIAL_SOURCE_NOT_YET_DIGITIZED
Chhattisgarh,cgbse-chhattisgarh,Class 12,Science,Physics,hi,hi+en,NONE,NONE,NONE,2025-2026-ACCREDITED,PATTERN_PENDING,0,0,0,0,0,0,0,PRACTICE_UNAVAILABLE,FULL_EXAM_UNAVAILABLE,ZERO_CONTENT,OFFICIAL_SOURCE_NOT_YET_DIGITIZED
Chhattisgarh,cgbse-chhattisgarh,Class 12,Science,Physics,en,hi+en,NONE,NONE,NONE,2025-2026-ACCREDITED,PATTERN_PENDING,0,0,0,0,0,0,0,PRACTICE_UNAVAILABLE,FULL_EXAM_UNAVAILABLE,ZERO_CONTENT,OFFICIAL_SOURCE_NOT_YET_DIGITIZED
Chhattisgarh,cgbse-chhattisgarh,Class 12,Science,Chemistry,hi,hi+en,NONE,NONE,NONE,2025-2026-ACCREDITED,PATTERN_PENDING,0,0,0,0,0,0,0,PRACTICE_UNAVAILABLE,FULL_EXAM_UNAVAILABLE,ZERO_CONTENT,OFFICIAL_SOURCE_NOT_YET_DIGITIZED
Chhattisgarh,cgbse-chhattisgarh,Class 12,Science,Chemistry,en,hi+en,NONE,NONE,NONE,2025-2026-ACCREDITED,PATTERN_PENDING,0,0,0,0,0,0,0,PRACTICE_UNAVAILABLE,FULL_EXAM_UNAVAILABLE,ZERO_CONTENT,OFFICIAL_SOURCE_NOT_YET_DIGITIZED
Chhattisgarh,cgbse-chhattisgarh,Class 12,Science,Higher Mathematics,hi,hi+en,NONE,NONE,NONE,2025-2026-ACCREDITED,PATTERN_PENDING,0,0,0,0,0,0,0,PRACTICE_UNAVAILABLE,FULL_EXAM_UNAVAILABLE,ZERO_CONTENT,OFFICIAL_SOURCE_NOT_YET_DIGITIZED
Chhattisgarh,cgbse-chhattisgarh,Class 12,Science,Higher Mathematics,en,hi+en,NONE,NONE,NONE,2025-2026-ACCREDITED,PATTERN_PENDING,0,0,0,0,0,0,0,PRACTICE_UNAVAILABLE,FULL_EXAM_UNAVAILABLE,ZERO_CONTENT,OFFICIAL_SOURCE_NOT_YET_DIGITIZED
Chhattisgarh,cgbse-chhattisgarh,Class 12,Science,Biology,hi,hi+en,NONE,NONE,NONE,2025-2026-ACCREDITED,PATTERN_PENDING,0,0,0,0,0,0,0,PRACTICE_UNAVAILABLE,FULL_EXAM_UNAVAILABLE,ZERO_CONTENT,OFFICIAL_SOURCE_NOT_YET_DIGITIZED
Chhattisgarh,cgbse-chhattisgarh,Class 12,Science,Biology,en,hi+en,NONE,NONE,NONE,2025-2026-ACCREDITED,PATTERN_PENDING,0,0,0,0,0,0,0,PRACTICE_UNAVAILABLE,FULL_EXAM_UNAVAILABLE,ZERO_CONTENT,OFFICIAL_SOURCE_NOT_YET_DIGITIZED
Chhattisgarh,cgbse-chhattisgarh,Class 12,Commerce,Accountancy,hi,hi+en,NONE,NONE,NONE,2025-2026-ACCREDITED,PATTERN_PENDING,0,0,0,0,0,0,0,PRACTICE_UNAVAILABLE,FULL_EXAM_UNAVAILABLE,ZERO_CONTENT,OFFICIAL_SOURCE_NOT_YET_DIGITIZED
Chhattisgarh,cgbse-chhattisgarh,Class 12,Commerce,Accountancy,en,hi+en,NONE,NONE,NONE,2025-2026-ACCREDITED,PATTERN_PENDING,0,0,0,0,0,0,0,PRACTICE_UNAVAILABLE,FULL_EXAM_UNAVAILABLE,ZERO_CONTENT,OFFICIAL_SOURCE_NOT_YET_DIGITIZED
Chhattisgarh,cgbse-chhattisgarh,Class 12,Commerce,Business Studies,hi,hi+en,NONE,NONE,NONE,2025-2026-ACCREDITED,PATTERN_PENDING,0,0,0,0,0,0,0,PRACTICE_UNAVAILABLE,FULL_EXAM_UNAVAILABLE,ZERO_CONTENT,OFFICIAL_SOURCE_NOT_YET_DIGITIZED
Chhattisgarh,cgbse-chhattisgarh,Class 12,Commerce,Business Studies,en,hi+en,NONE,NONE,NONE,2025-2026-ACCREDITED,PATTERN_PENDING,0,0,0,0,0,0,0,PRACTICE_UNAVAILABLE,FULL_EXAM_UNAVAILABLE,ZERO_CONTENT,OFFICIAL_SOURCE_NOT_YET_DIGITIZED
Chhattisgarh,cgbse-chhattisgarh,Class 12,Commerce,Economics,hi,hi+en,NONE,NONE,NONE,2025-2026-ACCREDITED,PATTERN_PENDING,0,0,0,0,0,0,0,PRACTICE_UNAVAILABLE,FULL_EXAM_UNAVAILABLE,ZERO_CONTENT,OFFICIAL_SOURCE_NOT_YET_DIGITIZED
Chhattisgarh,cgbse-chhattisgarh,Class 12,Commerce,Economics,en,hi+en,NONE,NONE,NONE,2025-2026-ACCREDITED,PATTERN_PENDING,0,0,0,0,0,0,0,PRACTICE_UNAVAILABLE,FULL_EXAM_UNAVAILABLE,ZERO_CONTENT,OFFICIAL_SOURCE_NOT_YET_DIGITIZED
Odisha,chse-bse-odisha,Class 10,General,Mathematics,or,or+en,NONE,NONE,NONE,2025-2026-ACCREDITED,PATTERN_PENDING,0,0,0,0,0,0,0,PRACTICE_UNAVAILABLE,FULL_EXAM_UNAVAILABLE,ZERO_CONTENT,OFFICIAL_SOURCE_NOT_YET_DIGITIZED
Odisha,chse-bse-odisha,Class 10,General,Mathematics,en,or+en,NONE,NONE,NONE,2025-2026-ACCREDITED,PATTERN_PENDING,0,0,0,0,0,0,0,PRACTICE_UNAVAILABLE,FULL_EXAM_UNAVAILABLE,ZERO_CONTENT,OFFICIAL_SOURCE_NOT_YET_DIGITIZED
Odisha,chse-bse-odisha,Class 10,General,Science & Technology,or,or+en,NONE,NONE,NONE,2025-2026-ACCREDITED,PATTERN_PENDING,0,0,0,0,0,0,0,PRACTICE_UNAVAILABLE,FULL_EXAM_UNAVAILABLE,ZERO_CONTENT,OFFICIAL_SOURCE_NOT_YET_DIGITIZED
Odisha,chse-bse-odisha,Class 10,General,Science & Technology,en,or+en,NONE,NONE,NONE,2025-2026-ACCREDITED,PATTERN_PENDING,0,0,0,0,0,0,0,PRACTICE_UNAVAILABLE,FULL_EXAM_UNAVAILABLE,ZERO_CONTENT,OFFICIAL_SOURCE_NOT_YET_DIGITIZED
Odisha,chse-bse-odisha,Class 10,General,Social Science,or,or+en,NONE,NONE,NONE,2025-2026-ACCREDITED,PATTERN_PENDING,0,0,0,0,0,0,0,PRACTICE_UNAVAILABLE,FULL_EXAM_UNAVAILABLE,ZERO_CONTENT,OFFICIAL_SOURCE_NOT_YET_DIGITIZED
Odisha,chse-bse-odisha,Class 10,General,Social Science,en,or+en,NONE,NONE,NONE,2025-2026-ACCREDITED,PATTERN_PENDING,0,0,0,0,0,0,0,PRACTICE_UNAVAILABLE,FULL_EXAM_UNAVAILABLE,ZERO_CONTENT,OFFICIAL_SOURCE_NOT_YET_DIGITIZED
Odisha,chse-bse-odisha,Class 10,General,English Language & Literature,or,or+en,NONE,NONE,NONE,2025-2026-ACCREDITED,PATTERN_PENDING,0,0,0,0,0,0,0,PRACTICE_UNAVAILABLE,FULL_EXAM_UNAVAILABLE,ZERO_CONTENT,OFFICIAL_SOURCE_NOT_YET_DIGITIZED
Odisha,chse-bse-odisha,Class 10,General,English Language & Literature,en,or+en,NONE,NONE,NONE,2025-2026-ACCREDITED,PATTERN_PENDING,0,0,0,0,0,0,0,PRACTICE_UNAVAILABLE,FULL_EXAM_UNAVAILABLE,ZERO_CONTENT,OFFICIAL_SOURCE_NOT_YET_DIGITIZED
Odisha,chse-bse-odisha,Class 10,General,First Language (Regional/Hindi),or,or+en,NONE,NONE,NONE,2025-2026-ACCREDITED,PATTERN_PENDING,0,0,0,0,0,0,0,PRACTICE_UNAVAILABLE,FULL_EXAM_UNAVAILABLE,ZERO_CONTENT,OFFICIAL_SOURCE_NOT_YET_DIGITIZED
Odisha,chse-bse-odisha,Class 10,General,First Language (Regional/Hindi),en,or+en,NONE,NONE,NONE,2025-2026-ACCREDITED,PATTERN_PENDING,0,0,0,0,0,0,0,PRACTICE_UNAVAILABLE,FULL_EXAM_UNAVAILABLE,ZERO_CONTENT,OFFICIAL_SOURCE_NOT_YET_DIGITIZED
Odisha,chse-bse-odisha,Class 12,Science,Physics,or,or+en,NONE,NONE,NONE,2025-2026-ACCREDITED,PATTERN_PENDING,0,0,0,0,0,0,0,PRACTICE_UNAVAILABLE,FULL_EXAM_UNAVAILABLE,ZERO_CONTENT,OFFICIAL_SOURCE_NOT_YET_DIGITIZED
Odisha,chse-bse-odisha,Class 12,Science,Physics,en,or+en,NONE,NONE,NONE,2025-2026-ACCREDITED,PATTERN_PENDING,0,0,0,0,0,0,0,PRACTICE_UNAVAILABLE,FULL_EXAM_UNAVAILABLE,ZERO_CONTENT,OFFICIAL_SOURCE_NOT_YET_DIGITIZED
Odisha,chse-bse-odisha,Class 12,Science,Chemistry,or,or+en,NONE,NONE,NONE,2025-2026-ACCREDITED,PATTERN_PENDING,0,0,0,0,0,0,0,PRACTICE_UNAVAILABLE,FULL_EXAM_UNAVAILABLE,ZERO_CONTENT,OFFICIAL_SOURCE_NOT_YET_DIGITIZED
Odisha,chse-bse-odisha,Class 12,Science,Chemistry,en,or+en,NONE,NONE,NONE,2025-2026-ACCREDITED,PATTERN_PENDING,0,0,0,0,0,0,0,PRACTICE_UNAVAILABLE,FULL_EXAM_UNAVAILABLE,ZERO_CONTENT,OFFICIAL_SOURCE_NOT_YET_DIGITIZED
Odisha,chse-bse-odisha,Class 12,Science,Higher Mathematics,or,or+en,NONE,NONE,NONE,2025-2026-ACCREDITED,PATTERN_PENDING,0,0,0,0,0,0,0,PRACTICE_UNAVAILABLE,FULL_EXAM_UNAVAILABLE,ZERO_CONTENT,OFFICIAL_SOURCE_NOT_YET_DIGITIZED
Odisha,chse-bse-odisha,Class 12,Science,Higher Mathematics,en,or+en,NONE,NONE,NONE,2025-2026-ACCREDITED,PATTERN_PENDING,0,0,0,0,0,0,0,PRACTICE_UNAVAILABLE,FULL_EXAM_UNAVAILABLE,ZERO_CONTENT,OFFICIAL_SOURCE_NOT_YET_DIGITIZED
Odisha,chse-bse-odisha,Class 12,Science,Biology,or,or+en,NONE,NONE,NONE,2025-2026-ACCREDITED,PATTERN_PENDING,0,0,0,0,0,0,0,PRACTICE_UNAVAILABLE,FULL_EXAM_UNAVAILABLE,ZERO_CONTENT,OFFICIAL_SOURCE_NOT_YET_DIGITIZED
Odisha,chse-bse-odisha,Class 12,Science,Biology,en,or+en,NONE,NONE,NONE,2025-2026-ACCREDITED,PATTERN_PENDING,0,0,0,0,0,0,0,PRACTICE_UNAVAILABLE,FULL_EXAM_UNAVAILABLE,ZERO_CONTENT,OFFICIAL_SOURCE_NOT_YET_DIGITIZED
Odisha,chse-bse-odisha,Class 12,Commerce,Accountancy,or,or+en,NONE,NONE,NONE,2025-2026-ACCREDITED,PATTERN_PENDING,0,0,0,0,0,0,0,PRACTICE_UNAVAILABLE,FULL_EXAM_UNAVAILABLE,ZERO_CONTENT,OFFICIAL_SOURCE_NOT_YET_DIGITIZED
Odisha,chse-bse-odisha,Class 12,Commerce,Accountancy,en,or+en,NONE,NONE,NONE,2025-2026-ACCREDITED,PATTERN_PENDING,0,0,0,0,0,0,0,PRACTICE_UNAVAILABLE,FULL_EXAM_UNAVAILABLE,ZERO_CONTENT,OFFICIAL_SOURCE_NOT_YET_DIGITIZED
Odisha,chse-bse-odisha,Class 12,Commerce,Business Studies,or,or+en,NONE,NONE,NONE,2025-2026-ACCREDITED,PATTERN_PENDING,0,0,0,0,0,0,0,PRACTICE_UNAVAILABLE,FULL_EXAM_UNAVAILABLE,ZERO_CONTENT,OFFICIAL_SOURCE_NOT_YET_DIGITIZED
Odisha,chse-bse-odisha,Class 12,Commerce,Business Studies,en,or+en,NONE,NONE,NONE,2025-2026-ACCREDITED,PATTERN_PENDING,0,0,0,0,0,0,0,PRACTICE_UNAVAILABLE,FULL_EXAM_UNAVAILABLE,ZERO_CONTENT,OFFICIAL_SOURCE_NOT_YET_DIGITIZED
Odisha,chse-bse-odisha,Class 12,Commerce,Economics,or,or+en,NONE,NONE,NONE,2025-2026-ACCREDITED,PATTERN_PENDING,0,0,0,0,0,0,0,PRACTICE_UNAVAILABLE,FULL_EXAM_UNAVAILABLE,ZERO_CONTENT,OFFICIAL_SOURCE_NOT_YET_DIGITIZED
Odisha,chse-bse-odisha,Class 12,Commerce,Economics,en,or+en,NONE,NONE,NONE,2025-2026-ACCREDITED,PATTERN_PENDING,0,0,0,0,0,0,0,PRACTICE_UNAVAILABLE,FULL_EXAM_UNAVAILABLE,ZERO_CONTENT,OFFICIAL_SOURCE_NOT_YET_DIGITIZED
Goa,gbshse-board,Class 10,General,Mathematics,en,en+mr+kok,NONE,NONE,NONE,2025-2026-ACCREDITED,PATTERN_PENDING,0,0,0,0,0,0,0,PRACTICE_UNAVAILABLE,FULL_EXAM_UNAVAILABLE,ZERO_CONTENT,OFFICIAL_SOURCE_NOT_YET_DIGITIZED
Goa,gbshse-board,Class 10,General,Mathematics,mr,en+mr+kok,NONE,NONE,NONE,2025-2026-ACCREDITED,PATTERN_PENDING,0,0,0,0,0,0,0,PRACTICE_UNAVAILABLE,FULL_EXAM_UNAVAILABLE,ZERO_CONTENT,OFFICIAL_SOURCE_NOT_YET_DIGITIZED
Goa,gbshse-board,Class 10,General,Mathematics,kok,en+mr+kok,NONE,NONE,NONE,2025-2026-ACCREDITED,PATTERN_PENDING,0,0,0,0,0,0,0,PRACTICE_UNAVAILABLE,FULL_EXAM_UNAVAILABLE,ZERO_CONTENT,OFFICIAL_SOURCE_NOT_YET_DIGITIZED
Goa,gbshse-board,Class 10,General,Science & Technology,en,en+mr+kok,NONE,NONE,NONE,2025-2026-ACCREDITED,PATTERN_PENDING,0,0,0,0,0,0,0,PRACTICE_UNAVAILABLE,FULL_EXAM_UNAVAILABLE,ZERO_CONTENT,OFFICIAL_SOURCE_NOT_YET_DIGITIZED
Goa,gbshse-board,Class 10,General,Science & Technology,mr,en+mr+kok,NONE,NONE,NONE,2025-2026-ACCREDITED,PATTERN_PENDING,0,0,0,0,0,0,0,PRACTICE_UNAVAILABLE,FULL_EXAM_UNAVAILABLE,ZERO_CONTENT,OFFICIAL_SOURCE_NOT_YET_DIGITIZED
Goa,gbshse-board,Class 10,General,Science & Technology,kok,en+mr+kok,NONE,NONE,NONE,2025-2026-ACCREDITED,PATTERN_PENDING,0,0,0,0,0,0,0,PRACTICE_UNAVAILABLE,FULL_EXAM_UNAVAILABLE,ZERO_CONTENT,OFFICIAL_SOURCE_NOT_YET_DIGITIZED
Goa,gbshse-board,Class 10,General,Social Science,en,en+mr+kok,NONE,NONE,NONE,2025-2026-ACCREDITED,PATTERN_PENDING,0,0,0,0,0,0,0,PRACTICE_UNAVAILABLE,FULL_EXAM_UNAVAILABLE,ZERO_CONTENT,OFFICIAL_SOURCE_NOT_YET_DIGITIZED
Goa,gbshse-board,Class 10,General,Social Science,mr,en+mr+kok,NONE,NONE,NONE,2025-2026-ACCREDITED,PATTERN_PENDING,0,0,0,0,0,0,0,PRACTICE_UNAVAILABLE,FULL_EXAM_UNAVAILABLE,ZERO_CONTENT,OFFICIAL_SOURCE_NOT_YET_DIGITIZED
Goa,gbshse-board,Class 10,General,Social Science,kok,en+mr+kok,NONE,NONE,NONE,2025-2026-ACCREDITED,PATTERN_PENDING,0,0,0,0,0,0,0,PRACTICE_UNAVAILABLE,FULL_EXAM_UNAVAILABLE,ZERO_CONTENT,OFFICIAL_SOURCE_NOT_YET_DIGITIZED
Goa,gbshse-board,Class 10,General,English Language & Literature,en,en+mr+kok,NONE,NONE,NONE,2025-2026-ACCREDITED,PATTERN_PENDING,0,0,0,0,0,0,0,PRACTICE_UNAVAILABLE,FULL_EXAM_UNAVAILABLE,ZERO_CONTENT,OFFICIAL_SOURCE_NOT_YET_DIGITIZED
Goa,gbshse-board,Class 10,General,English Language & Literature,mr,en+mr+kok,NONE,NONE,NONE,2025-2026-ACCREDITED,PATTERN_PENDING,0,0,0,0,0,0,0,PRACTICE_UNAVAILABLE,FULL_EXAM_UNAVAILABLE,ZERO_CONTENT,OFFICIAL_SOURCE_NOT_YET_DIGITIZED
Goa,gbshse-board,Class 10,General,English Language & Literature,kok,en+mr+kok,NONE,NONE,NONE,2025-2026-ACCREDITED,PATTERN_PENDING,0,0,0,0,0,0,0,PRACTICE_UNAVAILABLE,FULL_EXAM_UNAVAILABLE,ZERO_CONTENT,OFFICIAL_SOURCE_NOT_YET_DIGITIZED
Goa,gbshse-board,Class 10,General,First Language (Regional/Hindi),en,en+mr+kok,NONE,NONE,NONE,2025-2026-ACCREDITED,PATTERN_PENDING,0,0,0,0,0,0,0,PRACTICE_UNAVAILABLE,FULL_EXAM_UNAVAILABLE,ZERO_CONTENT,OFFICIAL_SOURCE_NOT_YET_DIGITIZED
Goa,gbshse-board,Class 10,General,First Language (Regional/Hindi),mr,en+mr+kok,NONE,NONE,NONE,2025-2026-ACCREDITED,PATTERN_PENDING,0,0,0,0,0,0,0,PRACTICE_UNAVAILABLE,FULL_EXAM_UNAVAILABLE,ZERO_CONTENT,OFFICIAL_SOURCE_NOT_YET_DIGITIZED
Goa,gbshse-board,Class 10,General,First Language (Regional/Hindi),kok,en+mr+kok,NONE,NONE,NONE,2025-2026-ACCREDITED,PATTERN_PENDING,0,0,0,0,0,0,0,PRACTICE_UNAVAILABLE,FULL_EXAM_UNAVAILABLE,ZERO_CONTENT,OFFICIAL_SOURCE_NOT_YET_DIGITIZED
Goa,gbshse-board,Class 12,Science,Physics,en,en+mr+kok,NONE,NONE,NONE,2025-2026-ACCREDITED,PATTERN_PENDING,0,0,0,0,0,0,0,PRACTICE_UNAVAILABLE,FULL_EXAM_UNAVAILABLE,ZERO_CONTENT,OFFICIAL_SOURCE_NOT_YET_DIGITIZED
Goa,gbshse-board,Class 12,Science,Physics,mr,en+mr+kok,NONE,NONE,NONE,2025-2026-ACCREDITED,PATTERN_PENDING,0,0,0,0,0,0,0,PRACTICE_UNAVAILABLE,FULL_EXAM_UNAVAILABLE,ZERO_CONTENT,OFFICIAL_SOURCE_NOT_YET_DIGITIZED
Goa,gbshse-board,Class 12,Science,Physics,kok,en+mr+kok,NONE,NONE,NONE,2025-2026-ACCREDITED,PATTERN_PENDING,0,0,0,0,0,0,0,PRACTICE_UNAVAILABLE,FULL_EXAM_UNAVAILABLE,ZERO_CONTENT,OFFICIAL_SOURCE_NOT_YET_DIGITIZED
Goa,gbshse-board,Class 12,Science,Chemistry,en,en+mr+kok,NONE,NONE,NONE,2025-2026-ACCREDITED,PATTERN_PENDING,0,0,0,0,0,0,0,PRACTICE_UNAVAILABLE,FULL_EXAM_UNAVAILABLE,ZERO_CONTENT,OFFICIAL_SOURCE_NOT_YET_DIGITIZED
Goa,gbshse-board,Class 12,Science,Chemistry,mr,en+mr+kok,NONE,NONE,NONE,2025-2026-ACCREDITED,PATTERN_PENDING,0,0,0,0,0,0,0,PRACTICE_UNAVAILABLE,FULL_EXAM_UNAVAILABLE,ZERO_CONTENT,OFFICIAL_SOURCE_NOT_YET_DIGITIZED
Goa,gbshse-board,Class 12,Science,Chemistry,kok,en+mr+kok,NONE,NONE,NONE,2025-2026-ACCREDITED,PATTERN_PENDING,0,0,0,0,0,0,0,PRACTICE_UNAVAILABLE,FULL_EXAM_UNAVAILABLE,ZERO_CONTENT,OFFICIAL_SOURCE_NOT_YET_DIGITIZED
Goa,gbshse-board,Class 12,Science,Higher Mathematics,en,en+mr+kok,NONE,NONE,NONE,2025-2026-ACCREDITED,PATTERN_PENDING,0,0,0,0,0,0,0,PRACTICE_UNAVAILABLE,FULL_EXAM_UNAVAILABLE,ZERO_CONTENT,OFFICIAL_SOURCE_NOT_YET_DIGITIZED
Goa,gbshse-board,Class 12,Science,Higher Mathematics,mr,en+mr+kok,NONE,NONE,NONE,2025-2026-ACCREDITED,PATTERN_PENDING,0,0,0,0,0,0,0,PRACTICE_UNAVAILABLE,FULL_EXAM_UNAVAILABLE,ZERO_CONTENT,OFFICIAL_SOURCE_NOT_YET_DIGITIZED
Goa,gbshse-board,Class 12,Science,Higher Mathematics,kok,en+mr+kok,NONE,NONE,NONE,2025-2026-ACCREDITED,PATTERN_PENDING,0,0,0,0,0,0,0,PRACTICE_UNAVAILABLE,FULL_EXAM_UNAVAILABLE,ZERO_CONTENT,OFFICIAL_SOURCE_NOT_YET_DIGITIZED
Goa,gbshse-board,Class 12,Science,Biology,en,en+mr+kok,NONE,NONE,NONE,2025-2026-ACCREDITED,PATTERN_PENDING,0,0,0,0,0,0,0,PRACTICE_UNAVAILABLE,FULL_EXAM_UNAVAILABLE,ZERO_CONTENT,OFFICIAL_SOURCE_NOT_YET_DIGITIZED
Goa,gbshse-board,Class 12,Science,Biology,mr,en+mr+kok,NONE,NONE,NONE,2025-2026-ACCREDITED,PATTERN_PENDING,0,0,0,0,0,0,0,PRACTICE_UNAVAILABLE,FULL_EXAM_UNAVAILABLE,ZERO_CONTENT,OFFICIAL_SOURCE_NOT_YET_DIGITIZED
Goa,gbshse-board,Class 12,Science,Biology,kok,en+mr+kok,NONE,NONE,NONE,2025-2026-ACCREDITED,PATTERN_PENDING,0,0,0,0,0,0,0,PRACTICE_UNAVAILABLE,FULL_EXAM_UNAVAILABLE,ZERO_CONTENT,OFFICIAL_SOURCE_NOT_YET_DIGITIZED
Goa,gbshse-board,Class 12,Commerce,Accountancy,en,en+mr+kok,NONE,NONE,NONE,2025-2026-ACCREDITED,PATTERN_PENDING,0,0,0,0,0,0,0,PRACTICE_UNAVAILABLE,FULL_EXAM_UNAVAILABLE,ZERO_CONTENT,OFFICIAL_SOURCE_NOT_YET_DIGITIZED
Goa,gbshse-board,Class 12,Commerce,Accountancy,mr,en+mr+kok,NONE,NONE,NONE,2025-2026-ACCREDITED,PATTERN_PENDING,0,0,0,0,0,0,0,PRACTICE_UNAVAILABLE,FULL_EXAM_UNAVAILABLE,ZERO_CONTENT,OFFICIAL_SOURCE_NOT_YET_DIGITIZED
Goa,gbshse-board,Class 12,Commerce,Accountancy,kok,en+mr+kok,NONE,NONE,NONE,2025-2026-ACCREDITED,PATTERN_PENDING,0,0,0,0,0,0,0,PRACTICE_UNAVAILABLE,FULL_EXAM_UNAVAILABLE,ZERO_CONTENT,OFFICIAL_SOURCE_NOT_YET_DIGITIZED
Goa,gbshse-board,Class 12,Commerce,Business Studies,en,en+mr+kok,NONE,NONE,NONE,2025-2026-ACCREDITED,PATTERN_PENDING,0,0,0,0,0,0,0,PRACTICE_UNAVAILABLE,FULL_EXAM_UNAVAILABLE,ZERO_CONTENT,OFFICIAL_SOURCE_NOT_YET_DIGITIZED
Goa,gbshse-board,Class 12,Commerce,Business Studies,mr,en+mr+kok,NONE,NONE,NONE,2025-2026-ACCREDITED,PATTERN_PENDING,0,0,0,0,0,0,0,PRACTICE_UNAVAILABLE,FULL_EXAM_UNAVAILABLE,ZERO_CONTENT,OFFICIAL_SOURCE_NOT_YET_DIGITIZED
Goa,gbshse-board,Class 12,Commerce,Business Studies,kok,en+mr+kok,NONE,NONE,NONE,2025-2026-ACCREDITED,PATTERN_PENDING,0,0,0,0,0,0,0,PRACTICE_UNAVAILABLE,FULL_EXAM_UNAVAILABLE,ZERO_CONTENT,OFFICIAL_SOURCE_NOT_YET_DIGITIZED
Goa,gbshse-board,Class 12,Commerce,Economics,en,en+mr+kok,NONE,NONE,NONE,2025-2026-ACCREDITED,PATTERN_PENDING,0,0,0,0,0,0,0,PRACTICE_UNAVAILABLE,FULL_EXAM_UNAVAILABLE,ZERO_CONTENT,OFFICIAL_SOURCE_NOT_YET_DIGITIZED
Goa,gbshse-board,Class 12,Commerce,Economics,mr,en+mr+kok,NONE,NONE,NONE,2025-2026-ACCREDITED,PATTERN_PENDING,0,0,0,0,0,0,0,PRACTICE_UNAVAILABLE,FULL_EXAM_UNAVAILABLE,ZERO_CONTENT,OFFICIAL_SOURCE_NOT_YET_DIGITIZED
Goa,gbshse-board,Class 12,Commerce,Economics,kok,en+mr+kok,NONE,NONE,NONE,2025-2026-ACCREDITED,PATTERN_PENDING,0,0,0,0,0,0,0,PRACTICE_UNAVAILABLE,FULL_EXAM_UNAVAILABLE,ZERO_CONTENT,OFFICIAL_SOURCE_NOT_YET_DIGITIZED
"Dadra & Nagar Haveli and Daman & Diu; Gujarat",gseb-gujarat,Class 10,General,Mathematics,gu,gu+en+hi,NONE,NONE,NONE,2025-2026-ACCREDITED,PATTERN_PENDING,0,0,0,0,0,0,0,PRACTICE_UNAVAILABLE,FULL_EXAM_UNAVAILABLE,ZERO_CONTENT,OFFICIAL_SOURCE_NOT_YET_DIGITIZED
"Dadra & Nagar Haveli and Daman & Diu; Gujarat",gseb-gujarat,Class 10,General,Mathematics,en,gu+en+hi,NONE,NONE,NONE,2025-2026-ACCREDITED,PATTERN_PENDING,0,0,0,0,0,0,0,PRACTICE_UNAVAILABLE,FULL_EXAM_UNAVAILABLE,ZERO_CONTENT,OFFICIAL_SOURCE_NOT_YET_DIGITIZED
"Dadra & Nagar Haveli and Daman & Diu; Gujarat",gseb-gujarat,Class 10,General,Mathematics,hi,gu+en+hi,NONE,NONE,NONE,2025-2026-ACCREDITED,PATTERN_PENDING,0,0,0,0,0,0,0,PRACTICE_UNAVAILABLE,FULL_EXAM_UNAVAILABLE,ZERO_CONTENT,OFFICIAL_SOURCE_NOT_YET_DIGITIZED
"Dadra & Nagar Haveli and Daman & Diu; Gujarat",gseb-gujarat,Class 10,General,Science & Technology,gu,gu+en+hi,NONE,NONE,NONE,2025-2026-ACCREDITED,PATTERN_PENDING,0,0,0,0,0,0,0,PRACTICE_UNAVAILABLE,FULL_EXAM_UNAVAILABLE,ZERO_CONTENT,OFFICIAL_SOURCE_NOT_YET_DIGITIZED
"Dadra & Nagar Haveli and Daman & Diu; Gujarat",gseb-gujarat,Class 10,General,Science & Technology,en,gu+en+hi,NONE,NONE,NONE,2025-2026-ACCREDITED,PATTERN_PENDING,0,0,0,0,0,0,0,PRACTICE_UNAVAILABLE,FULL_EXAM_UNAVAILABLE,ZERO_CONTENT,OFFICIAL_SOURCE_NOT_YET_DIGITIZED
"Dadra & Nagar Haveli and Daman & Diu; Gujarat",gseb-gujarat,Class 10,General,Science & Technology,hi,gu+en+hi,NONE,NONE,NONE,2025-2026-ACCREDITED,PATTERN_PENDING,0,0,0,0,0,0,0,PRACTICE_UNAVAILABLE,FULL_EXAM_UNAVAILABLE,ZERO_CONTENT,OFFICIAL_SOURCE_NOT_YET_DIGITIZED
"Dadra & Nagar Haveli and Daman & Diu; Gujarat",gseb-gujarat,Class 10,General,Social Science,gu,gu+en+hi,NONE,NONE,NONE,2025-2026-ACCREDITED,PATTERN_PENDING,0,0,0,0,0,0,0,PRACTICE_UNAVAILABLE,FULL_EXAM_UNAVAILABLE,ZERO_CONTENT,OFFICIAL_SOURCE_NOT_YET_DIGITIZED
"Dadra & Nagar Haveli and Daman & Diu; Gujarat",gseb-gujarat,Class 10,General,Social Science,en,gu+en+hi,NONE,NONE,NONE,2025-2026-ACCREDITED,PATTERN_PENDING,0,0,0,0,0,0,0,PRACTICE_UNAVAILABLE,FULL_EXAM_UNAVAILABLE,ZERO_CONTENT,OFFICIAL_SOURCE_NOT_YET_DIGITIZED
"Dadra & Nagar Haveli and Daman & Diu; Gujarat",gseb-gujarat,Class 10,General,Social Science,hi,gu+en+hi,NONE,NONE,NONE,2025-2026-ACCREDITED,PATTERN_PENDING,0,0,0,0,0,0,0,PRACTICE_UNAVAILABLE,FULL_EXAM_UNAVAILABLE,ZERO_CONTENT,OFFICIAL_SOURCE_NOT_YET_DIGITIZED
"Dadra & Nagar Haveli and Daman & Diu; Gujarat",gseb-gujarat,Class 10,General,English Language & Literature,gu,gu+en+hi,NONE,NONE,NONE,2025-2026-ACCREDITED,PATTERN_PENDING,0,0,0,0,0,0,0,PRACTICE_UNAVAILABLE,FULL_EXAM_UNAVAILABLE,ZERO_CONTENT,OFFICIAL_SOURCE_NOT_YET_DIGITIZED
"Dadra & Nagar Haveli and Daman & Diu; Gujarat",gseb-gujarat,Class 10,General,English Language & Literature,en,gu+en+hi,NONE,NONE,NONE,2025-2026-ACCREDITED,PATTERN_PENDING,0,0,0,0,0,0,0,PRACTICE_UNAVAILABLE,FULL_EXAM_UNAVAILABLE,ZERO_CONTENT,OFFICIAL_SOURCE_NOT_YET_DIGITIZED
"Dadra & Nagar Haveli and Daman & Diu; Gujarat",gseb-gujarat,Class 10,General,English Language & Literature,hi,gu+en+hi,NONE,NONE,NONE,2025-2026-ACCREDITED,PATTERN_PENDING,0,0,0,0,0,0,0,PRACTICE_UNAVAILABLE,FULL_EXAM_UNAVAILABLE,ZERO_CONTENT,OFFICIAL_SOURCE_NOT_YET_DIGITIZED
"Dadra & Nagar Haveli and Daman & Diu; Gujarat",gseb-gujarat,Class 10,General,First Language (Regional/Hindi),gu,gu+en+hi,NONE,NONE,NONE,2025-2026-ACCREDITED,PATTERN_PENDING,0,0,0,0,0,0,0,PRACTICE_UNAVAILABLE,FULL_EXAM_UNAVAILABLE,ZERO_CONTENT,OFFICIAL_SOURCE_NOT_YET_DIGITIZED
"Dadra & Nagar Haveli and Daman & Diu; Gujarat",gseb-gujarat,Class 10,General,First Language (Regional/Hindi),en,gu+en+hi,NONE,NONE,NONE,2025-2026-ACCREDITED,PATTERN_PENDING,0,0,0,0,0,0,0,PRACTICE_UNAVAILABLE,FULL_EXAM_UNAVAILABLE,ZERO_CONTENT,OFFICIAL_SOURCE_NOT_YET_DIGITIZED
"Dadra & Nagar Haveli and Daman & Diu; Gujarat",gseb-gujarat,Class 10,General,First Language (Regional/Hindi),hi,gu+en+hi,NONE,NONE,NONE,2025-2026-ACCREDITED,PATTERN_PENDING,0,0,0,0,0,0,0,PRACTICE_UNAVAILABLE,FULL_EXAM_UNAVAILABLE,ZERO_CONTENT,OFFICIAL_SOURCE_NOT_YET_DIGITIZED
"Dadra & Nagar Haveli and Daman & Diu; Gujarat",gseb-gujarat,Class 12,Science,Physics,gu,gu+en+hi,NONE,NONE,NONE,2025-2026-ACCREDITED,PATTERN_PENDING,0,0,0,0,0,0,0,PRACTICE_UNAVAILABLE,FULL_EXAM_UNAVAILABLE,ZERO_CONTENT,OFFICIAL_SOURCE_NOT_YET_DIGITIZED
"Dadra & Nagar Haveli and Daman & Diu; Gujarat",gseb-gujarat,Class 12,Science,Physics,en,gu+en+hi,NONE,NONE,NONE,2025-2026-ACCREDITED,PATTERN_PENDING,0,0,0,0,0,0,0,PRACTICE_UNAVAILABLE,FULL_EXAM_UNAVAILABLE,ZERO_CONTENT,OFFICIAL_SOURCE_NOT_YET_DIGITIZED
"Dadra & Nagar Haveli and Daman & Diu; Gujarat",gseb-gujarat,Class 12,Science,Physics,hi,gu+en+hi,NONE,NONE,NONE,2025-2026-ACCREDITED,PATTERN_PENDING,0,0,0,0,0,0,0,PRACTICE_UNAVAILABLE,FULL_EXAM_UNAVAILABLE,ZERO_CONTENT,OFFICIAL_SOURCE_NOT_YET_DIGITIZED
"Dadra & Nagar Haveli and Daman & Diu; Gujarat",gseb-gujarat,Class 12,Science,Chemistry,gu,gu+en+hi,NONE,NONE,NONE,2025-2026-ACCREDITED,PATTERN_PENDING,0,0,0,0,0,0,0,PRACTICE_UNAVAILABLE,FULL_EXAM_UNAVAILABLE,ZERO_CONTENT,OFFICIAL_SOURCE_NOT_YET_DIGITIZED
"Dadra & Nagar Haveli and Daman & Diu; Gujarat",gseb-gujarat,Class 12,Science,Chemistry,en,gu+en+hi,NONE,NONE,NONE,2025-2026-ACCREDITED,PATTERN_PENDING,0,0,0,0,0,0,0,PRACTICE_UNAVAILABLE,FULL_EXAM_UNAVAILABLE,ZERO_CONTENT,OFFICIAL_SOURCE_NOT_YET_DIGITIZED
"Dadra & Nagar Haveli and Daman & Diu; Gujarat",gseb-gujarat,Class 12,Science,Chemistry,hi,gu+en+hi,NONE,NONE,NONE,2025-2026-ACCREDITED,PATTERN_PENDING,0,0,0,0,0,0,0,PRACTICE_UNAVAILABLE,FULL_EXAM_UNAVAILABLE,ZERO_CONTENT,OFFICIAL_SOURCE_NOT_YET_DIGITIZED
"Dadra & Nagar Haveli and Daman & Diu; Gujarat",gseb-gujarat,Class 12,Science,Higher Mathematics,gu,gu+en+hi,NONE,NONE,NONE,2025-2026-ACCREDITED,PATTERN_PENDING,0,0,0,0,0,0,0,PRACTICE_UNAVAILABLE,FULL_EXAM_UNAVAILABLE,ZERO_CONTENT,OFFICIAL_SOURCE_NOT_YET_DIGITIZED
"Dadra & Nagar Haveli and Daman & Diu; Gujarat",gseb-gujarat,Class 12,Science,Higher Mathematics,en,gu+en+hi,NONE,NONE,NONE,2025-2026-ACCREDITED,PATTERN_PENDING,0,0,0,0,0,0,0,PRACTICE_UNAVAILABLE,FULL_EXAM_UNAVAILABLE,ZERO_CONTENT,OFFICIAL_SOURCE_NOT_YET_DIGITIZED
"Dadra & Nagar Haveli and Daman & Diu; Gujarat",gseb-gujarat,Class 12,Science,Higher Mathematics,hi,gu+en+hi,NONE,NONE,NONE,2025-2026-ACCREDITED,PATTERN_PENDING,0,0,0,0,0,0,0,PRACTICE_UNAVAILABLE,FULL_EXAM_UNAVAILABLE,ZERO_CONTENT,OFFICIAL_SOURCE_NOT_YET_DIGITIZED
"Dadra & Nagar Haveli and Daman & Diu; Gujarat",gseb-gujarat,Class 12,Science,Biology,gu,gu+en+hi,NONE,NONE,NONE,2025-2026-ACCREDITED,PATTERN_PENDING,0,0,0,0,0,0,0,PRACTICE_UNAVAILABLE,FULL_EXAM_UNAVAILABLE,ZERO_CONTENT,OFFICIAL_SOURCE_NOT_YET_DIGITIZED
"Dadra & Nagar Haveli and Daman & Diu; Gujarat",gseb-gujarat,Class 12,Science,Biology,en,gu+en+hi,NONE,NONE,NONE,2025-2026-ACCREDITED,PATTERN_PENDING,0,0,0,0,0,0,0,PRACTICE_UNAVAILABLE,FULL_EXAM_UNAVAILABLE,ZERO_CONTENT,OFFICIAL_SOURCE_NOT_YET_DIGITIZED
"Dadra & Nagar Haveli and Daman & Diu; Gujarat",gseb-gujarat,Class 12,Science,Biology,hi,gu+en+hi,NONE,NONE,NONE,2025-2026-ACCREDITED,PATTERN_PENDING,0,0,0,0,0,0,0,PRACTICE_UNAVAILABLE,FULL_EXAM_UNAVAILABLE,ZERO_CONTENT,OFFICIAL_SOURCE_NOT_YET_DIGITIZED
"Dadra & Nagar Haveli and Daman & Diu; Gujarat",gseb-gujarat,Class 12,Commerce,Accountancy,gu,gu+en+hi,NONE,NONE,NONE,2025-2026-ACCREDITED,PATTERN_PENDING,0,0,0,0,0,0,0,PRACTICE_UNAVAILABLE,FULL_EXAM_UNAVAILABLE,ZERO_CONTENT,OFFICIAL_SOURCE_NOT_YET_DIGITIZED
"Dadra & Nagar Haveli and Daman & Diu; Gujarat",gseb-gujarat,Class 12,Commerce,Accountancy,en,gu+en+hi,NONE,NONE,NONE,2025-2026-ACCREDITED,PATTERN_PENDING,0,0,0,0,0,0,0,PRACTICE_UNAVAILABLE,FULL_EXAM_UNAVAILABLE,ZERO_CONTENT,OFFICIAL_SOURCE_NOT_YET_DIGITIZED
"Dadra & Nagar Haveli and Daman & Diu; Gujarat",gseb-gujarat,Class 12,Commerce,Accountancy,hi,gu+en+hi,NONE,NONE,NONE,2025-2026-ACCREDITED,PATTERN_PENDING,0,0,0,0,0,0,0,PRACTICE_UNAVAILABLE,FULL_EXAM_UNAVAILABLE,ZERO_CONTENT,OFFICIAL_SOURCE_NOT_YET_DIGITIZED
"Dadra & Nagar Haveli and Daman & Diu; Gujarat",gseb-gujarat,Class 12,Commerce,Business Studies,gu,gu+en+hi,NONE,NONE,NONE,2025-2026-ACCREDITED,PATTERN_PENDING,0,0,0,0,0,0,0,PRACTICE_UNAVAILABLE,FULL_EXAM_UNAVAILABLE,ZERO_CONTENT,OFFICIAL_SOURCE_NOT_YET_DIGITIZED
"Dadra & Nagar Haveli and Daman & Diu; Gujarat",gseb-gujarat,Class 12,Commerce,Business Studies,en,gu+en+hi,NONE,NONE,NONE,2025-2026-ACCREDITED,PATTERN_PENDING,0,0,0,0,0,0,0,PRACTICE_UNAVAILABLE,FULL_EXAM_UNAVAILABLE,ZERO_CONTENT,OFFICIAL_SOURCE_NOT_YET_DIGITIZED
"Dadra & Nagar Haveli and Daman & Diu; Gujarat",gseb-gujarat,Class 12,Commerce,Business Studies,hi,gu+en+hi,NONE,NONE,NONE,2025-2026-ACCREDITED,PATTERN_PENDING,0,0,0,0,0,0,0,PRACTICE_UNAVAILABLE,FULL_EXAM_UNAVAILABLE,ZERO_CONTENT,OFFICIAL_SOURCE_NOT_YET_DIGITIZED
"Dadra & Nagar Haveli and Daman & Diu; Gujarat",gseb-gujarat,Class 12,Commerce,Economics,gu,gu+en+hi,NONE,NONE,NONE,2025-2026-ACCREDITED,PATTERN_PENDING,0,0,0,0,0,0,0,PRACTICE_UNAVAILABLE,FULL_EXAM_UNAVAILABLE,ZERO_CONTENT,OFFICIAL_SOURCE_NOT_YET_DIGITIZED
"Dadra & Nagar Haveli and Daman & Diu; Gujarat",gseb-gujarat,Class 12,Commerce,Economics,en,gu+en+hi,NONE,NONE,NONE,2025-2026-ACCREDITED,PATTERN_PENDING,0,0,0,0,0,0,0,PRACTICE_UNAVAILABLE,FULL_EXAM_UNAVAILABLE,ZERO_CONTENT,OFFICIAL_SOURCE_NOT_YET_DIGITIZED
"Dadra & Nagar Haveli and Daman & Diu; Gujarat",gseb-gujarat,Class 12,Commerce,Economics,hi,gu+en+hi,NONE,NONE,NONE,2025-2026-ACCREDITED,PATTERN_PENDING,0,0,0,0,0,0,0,PRACTICE_UNAVAILABLE,FULL_EXAM_UNAVAILABLE,ZERO_CONTENT,OFFICIAL_SOURCE_NOT_YET_DIGITIZED
Himachal Pradesh,hpbose-board,Class 10,General,Mathematics,hi,hi+en,NONE,NONE,NONE,2025-2026-ACCREDITED,PATTERN_PENDING,0,0,0,0,0,0,0,PRACTICE_UNAVAILABLE,FULL_EXAM_UNAVAILABLE,ZERO_CONTENT,OFFICIAL_SOURCE_NOT_YET_DIGITIZED
Himachal Pradesh,hpbose-board,Class 10,General,Mathematics,en,hi+en,NONE,NONE,NONE,2025-2026-ACCREDITED,PATTERN_PENDING,0,0,0,0,0,0,0,PRACTICE_UNAVAILABLE,FULL_EXAM_UNAVAILABLE,ZERO_CONTENT,OFFICIAL_SOURCE_NOT_YET_DIGITIZED
Himachal Pradesh,hpbose-board,Class 10,General,Science & Technology,hi,hi+en,NONE,NONE,NONE,2025-2026-ACCREDITED,PATTERN_PENDING,0,0,0,0,0,0,0,PRACTICE_UNAVAILABLE,FULL_EXAM_UNAVAILABLE,ZERO_CONTENT,OFFICIAL_SOURCE_NOT_YET_DIGITIZED
Himachal Pradesh,hpbose-board,Class 10,General,Science & Technology,en,hi+en,NONE,NONE,NONE,2025-2026-ACCREDITED,PATTERN_PENDING,0,0,0,0,0,0,0,PRACTICE_UNAVAILABLE,FULL_EXAM_UNAVAILABLE,ZERO_CONTENT,OFFICIAL_SOURCE_NOT_YET_DIGITIZED
Himachal Pradesh,hpbose-board,Class 10,General,Social Science,hi,hi+en,NONE,NONE,NONE,2025-2026-ACCREDITED,PATTERN_PENDING,0,0,0,0,0,0,0,PRACTICE_UNAVAILABLE,FULL_EXAM_UNAVAILABLE,ZERO_CONTENT,OFFICIAL_SOURCE_NOT_YET_DIGITIZED
Himachal Pradesh,hpbose-board,Class 10,General,Social Science,en,hi+en,NONE,NONE,NONE,2025-2026-ACCREDITED,PATTERN_PENDING,0,0,0,0,0,0,0,PRACTICE_UNAVAILABLE,FULL_EXAM_UNAVAILABLE,ZERO_CONTENT,OFFICIAL_SOURCE_NOT_YET_DIGITIZED
Himachal Pradesh,hpbose-board,Class 10,General,English Language & Literature,hi,hi+en,NONE,NONE,NONE,2025-2026-ACCREDITED,PATTERN_PENDING,0,0,0,0,0,0,0,PRACTICE_UNAVAILABLE,FULL_EXAM_UNAVAILABLE,ZERO_CONTENT,OFFICIAL_SOURCE_NOT_YET_DIGITIZED
Himachal Pradesh,hpbose-board,Class 10,General,English Language & Literature,en,hi+en,NONE,NONE,NONE,2025-2026-ACCREDITED,PATTERN_PENDING,0,0,0,0,0,0,0,PRACTICE_UNAVAILABLE,FULL_EXAM_UNAVAILABLE,ZERO_CONTENT,OFFICIAL_SOURCE_NOT_YET_DIGITIZED
Himachal Pradesh,hpbose-board,Class 10,General,First Language (Regional/Hindi),hi,hi+en,NONE,NONE,NONE,2025-2026-ACCREDITED,PATTERN_PENDING,0,0,0,0,0,0,0,PRACTICE_UNAVAILABLE,FULL_EXAM_UNAVAILABLE,ZERO_CONTENT,OFFICIAL_SOURCE_NOT_YET_DIGITIZED
Himachal Pradesh,hpbose-board,Class 10,General,First Language (Regional/Hindi),en,hi+en,NONE,NONE,NONE,2025-2026-ACCREDITED,PATTERN_PENDING,0,0,0,0,0,0,0,PRACTICE_UNAVAILABLE,FULL_EXAM_UNAVAILABLE,ZERO_CONTENT,OFFICIAL_SOURCE_NOT_YET_DIGITIZED
Himachal Pradesh,hpbose-board,Class 12,Science,Physics,hi,hi+en,NONE,NONE,NONE,2025-2026-ACCREDITED,PATTERN_PENDING,0,0,0,0,0,0,0,PRACTICE_UNAVAILABLE,FULL_EXAM_UNAVAILABLE,ZERO_CONTENT,OFFICIAL_SOURCE_NOT_YET_DIGITIZED
Himachal Pradesh,hpbose-board,Class 12,Science,Physics,en,hi+en,NONE,NONE,NONE,2025-2026-ACCREDITED,PATTERN_PENDING,0,0,0,0,0,0,0,PRACTICE_UNAVAILABLE,FULL_EXAM_UNAVAILABLE,ZERO_CONTENT,OFFICIAL_SOURCE_NOT_YET_DIGITIZED
Himachal Pradesh,hpbose-board,Class 12,Science,Chemistry,hi,hi+en,NONE,NONE,NONE,2025-2026-ACCREDITED,PATTERN_PENDING,0,0,0,0,0,0,0,PRACTICE_UNAVAILABLE,FULL_EXAM_UNAVAILABLE,ZERO_CONTENT,OFFICIAL_SOURCE_NOT_YET_DIGITIZED
Himachal Pradesh,hpbose-board,Class 12,Science,Chemistry,en,hi+en,NONE,NONE,NONE,2025-2026-ACCREDITED,PATTERN_PENDING,0,0,0,0,0,0,0,PRACTICE_UNAVAILABLE,FULL_EXAM_UNAVAILABLE,ZERO_CONTENT,OFFICIAL_SOURCE_NOT_YET_DIGITIZED
Himachal Pradesh,hpbose-board,Class 12,Science,Higher Mathematics,hi,hi+en,NONE,NONE,NONE,2025-2026-ACCREDITED,PATTERN_PENDING,0,0,0,0,0,0,0,PRACTICE_UNAVAILABLE,FULL_EXAM_UNAVAILABLE,ZERO_CONTENT,OFFICIAL_SOURCE_NOT_YET_DIGITIZED
Himachal Pradesh,hpbose-board,Class 12,Science,Higher Mathematics,en,hi+en,NONE,NONE,NONE,2025-2026-ACCREDITED,PATTERN_PENDING,0,0,0,0,0,0,0,PRACTICE_UNAVAILABLE,FULL_EXAM_UNAVAILABLE,ZERO_CONTENT,OFFICIAL_SOURCE_NOT_YET_DIGITIZED
Himachal Pradesh,hpbose-board,Class 12,Science,Biology,hi,hi+en,NONE,NONE,NONE,2025-2026-ACCREDITED,PATTERN_PENDING,0,0,0,0,0,0,0,PRACTICE_UNAVAILABLE,FULL_EXAM_UNAVAILABLE,ZERO_CONTENT,OFFICIAL_SOURCE_NOT_YET_DIGITIZED
Himachal Pradesh,hpbose-board,Class 12,Science,Biology,en,hi+en,NONE,NONE,NONE,2025-2026-ACCREDITED,PATTERN_PENDING,0,0,0,0,0,0,0,PRACTICE_UNAVAILABLE,FULL_EXAM_UNAVAILABLE,ZERO_CONTENT,OFFICIAL_SOURCE_NOT_YET_DIGITIZED
Himachal Pradesh,hpbose-board,Class 12,Commerce,Accountancy,hi,hi+en,NONE,NONE,NONE,2025-2026-ACCREDITED,PATTERN_PENDING,0,0,0,0,0,0,0,PRACTICE_UNAVAILABLE,FULL_EXAM_UNAVAILABLE,ZERO_CONTENT,OFFICIAL_SOURCE_NOT_YET_DIGITIZED
Himachal Pradesh,hpbose-board,Class 12,Commerce,Accountancy,en,hi+en,NONE,NONE,NONE,2025-2026-ACCREDITED,PATTERN_PENDING,0,0,0,0,0,0,0,PRACTICE_UNAVAILABLE,FULL_EXAM_UNAVAILABLE,ZERO_CONTENT,OFFICIAL_SOURCE_NOT_YET_DIGITIZED
Himachal Pradesh,hpbose-board,Class 12,Commerce,Business Studies,hi,hi+en,NONE,NONE,NONE,2025-2026-ACCREDITED,PATTERN_PENDING,0,0,0,0,0,0,0,PRACTICE_UNAVAILABLE,FULL_EXAM_UNAVAILABLE,ZERO_CONTENT,OFFICIAL_SOURCE_NOT_YET_DIGITIZED
Himachal Pradesh,hpbose-board,Class 12,Commerce,Business Studies,en,hi+en,NONE,NONE,NONE,2025-2026-ACCREDITED,PATTERN_PENDING,0,0,0,0,0,0,0,PRACTICE_UNAVAILABLE,FULL_EXAM_UNAVAILABLE,ZERO_CONTENT,OFFICIAL_SOURCE_NOT_YET_DIGITIZED
Himachal Pradesh,hpbose-board,Class 12,Commerce,Economics,hi,hi+en,NONE,NONE,NONE,2025-2026-ACCREDITED,PATTERN_PENDING,0,0,0,0,0,0,0,PRACTICE_UNAVAILABLE,FULL_EXAM_UNAVAILABLE,ZERO_CONTENT,OFFICIAL_SOURCE_NOT_YET_DIGITIZED
Himachal Pradesh,hpbose-board,Class 12,Commerce,Economics,en,hi+en,NONE,NONE,NONE,2025-2026-ACCREDITED,PATTERN_PENDING,0,0,0,0,0,0,0,PRACTICE_UNAVAILABLE,FULL_EXAM_UNAVAILABLE,ZERO_CONTENT,OFFICIAL_SOURCE_NOT_YET_DIGITIZED
National,icse-cisce,Class 10,General,Mathematics,en,en,NONE,NONE,NONE,2025-2026-ACCREDITED,PATTERN_PENDING,0,0,0,0,0,0,0,PRACTICE_UNAVAILABLE,FULL_EXAM_UNAVAILABLE,ZERO_CONTENT,OFFICIAL_SOURCE_NOT_YET_DIGITIZED
National,icse-cisce,Class 10,General,Science & Technology,en,en,NONE,NONE,NONE,2025-2026-ACCREDITED,PATTERN_PENDING,0,0,0,0,0,0,0,PRACTICE_UNAVAILABLE,FULL_EXAM_UNAVAILABLE,ZERO_CONTENT,OFFICIAL_SOURCE_NOT_YET_DIGITIZED
National,icse-cisce,Class 10,General,Social Science,en,en,NONE,NONE,NONE,2025-2026-ACCREDITED,PATTERN_PENDING,0,0,0,0,0,0,0,PRACTICE_UNAVAILABLE,FULL_EXAM_UNAVAILABLE,ZERO_CONTENT,OFFICIAL_SOURCE_NOT_YET_DIGITIZED
National,icse-cisce,Class 10,General,English Language & Literature,en,en,NONE,NONE,NONE,2025-2026-ACCREDITED,PATTERN_PENDING,0,0,0,0,0,0,0,PRACTICE_UNAVAILABLE,FULL_EXAM_UNAVAILABLE,ZERO_CONTENT,OFFICIAL_SOURCE_NOT_YET_DIGITIZED
National,icse-cisce,Class 10,General,First Language (Regional/Hindi),en,en,NONE,NONE,NONE,2025-2026-ACCREDITED,PATTERN_PENDING,0,0,0,0,0,0,0,PRACTICE_UNAVAILABLE,FULL_EXAM_UNAVAILABLE,ZERO_CONTENT,OFFICIAL_SOURCE_NOT_YET_DIGITIZED
National,icse-cisce,Class 12,Science,Physics,en,en,NONE,NONE,NONE,2025-2026-ACCREDITED,PATTERN_PENDING,0,0,0,0,0,0,0,PRACTICE_UNAVAILABLE,FULL_EXAM_UNAVAILABLE,ZERO_CONTENT,OFFICIAL_SOURCE_NOT_YET_DIGITIZED
National,icse-cisce,Class 12,Science,Chemistry,en,en,NONE,NONE,NONE,2025-2026-ACCREDITED,PATTERN_PENDING,0,0,0,0,0,0,0,PRACTICE_UNAVAILABLE,FULL_EXAM_UNAVAILABLE,ZERO_CONTENT,OFFICIAL_SOURCE_NOT_YET_DIGITIZED
National,icse-cisce,Class 12,Science,Higher Mathematics,en,en,NONE,NONE,NONE,2025-2026-ACCREDITED,PATTERN_PENDING,0,0,0,0,0,0,0,PRACTICE_UNAVAILABLE,FULL_EXAM_UNAVAILABLE,ZERO_CONTENT,OFFICIAL_SOURCE_NOT_YET_DIGITIZED
National,icse-cisce,Class 12,Science,Biology,en,en,NONE,NONE,NONE,2025-2026-ACCREDITED,PATTERN_PENDING,0,0,0,0,0,0,0,PRACTICE_UNAVAILABLE,FULL_EXAM_UNAVAILABLE,ZERO_CONTENT,OFFICIAL_SOURCE_NOT_YET_DIGITIZED
National,icse-cisce,Class 12,Commerce,Accountancy,en,en,NONE,NONE,NONE,2025-2026-ACCREDITED,PATTERN_PENDING,0,0,0,0,0,0,0,PRACTICE_UNAVAILABLE,FULL_EXAM_UNAVAILABLE,ZERO_CONTENT,OFFICIAL_SOURCE_NOT_YET_DIGITIZED
National,icse-cisce,Class 12,Commerce,Business Studies,en,en,NONE,NONE,NONE,2025-2026-ACCREDITED,PATTERN_PENDING,0,0,0,0,0,0,0,PRACTICE_UNAVAILABLE,FULL_EXAM_UNAVAILABLE,ZERO_CONTENT,OFFICIAL_SOURCE_NOT_YET_DIGITIZED
National,icse-cisce,Class 12,Commerce,Economics,en,en,NONE,NONE,NONE,2025-2026-ACCREDITED,PATTERN_PENDING,0,0,0,0,0,0,0,PRACTICE_UNAVAILABLE,FULL_EXAM_UNAVAILABLE,ZERO_CONTENT,OFFICIAL_SOURCE_NOT_YET_DIGITIZED
Jharkhand,jac-jharkhand,Class 10,General,Mathematics,hi,hi+en,NONE,NONE,NONE,2025-2026-ACCREDITED,PATTERN_PENDING,0,0,0,0,0,0,0,PRACTICE_UNAVAILABLE,FULL_EXAM_UNAVAILABLE,ZERO_CONTENT,OFFICIAL_SOURCE_NOT_YET_DIGITIZED
Jharkhand,jac-jharkhand,Class 10,General,Mathematics,en,hi+en,NONE,NONE,NONE,2025-2026-ACCREDITED,PATTERN_PENDING,0,0,0,0,0,0,0,PRACTICE_UNAVAILABLE,FULL_EXAM_UNAVAILABLE,ZERO_CONTENT,OFFICIAL_SOURCE_NOT_YET_DIGITIZED
Jharkhand,jac-jharkhand,Class 10,General,Science & Technology,hi,hi+en,NONE,NONE,NONE,2025-2026-ACCREDITED,PATTERN_PENDING,0,0,0,0,0,0,0,PRACTICE_UNAVAILABLE,FULL_EXAM_UNAVAILABLE,ZERO_CONTENT,OFFICIAL_SOURCE_NOT_YET_DIGITIZED
Jharkhand,jac-jharkhand,Class 10,General,Science & Technology,en,hi+en,NONE,NONE,NONE,2025-2026-ACCREDITED,PATTERN_PENDING,0,0,0,0,0,0,0,PRACTICE_UNAVAILABLE,FULL_EXAM_UNAVAILABLE,ZERO_CONTENT,OFFICIAL_SOURCE_NOT_YET_DIGITIZED
Jharkhand,jac-jharkhand,Class 10,General,Social Science,hi,hi+en,NONE,NONE,NONE,2025-2026-ACCREDITED,PATTERN_PENDING,0,0,0,0,0,0,0,PRACTICE_UNAVAILABLE,FULL_EXAM_UNAVAILABLE,ZERO_CONTENT,OFFICIAL_SOURCE_NOT_YET_DIGITIZED
Jharkhand,jac-jharkhand,Class 10,General,Social Science,en,hi+en,NONE,NONE,NONE,2025-2026-ACCREDITED,PATTERN_PENDING,0,0,0,0,0,0,0,PRACTICE_UNAVAILABLE,FULL_EXAM_UNAVAILABLE,ZERO_CONTENT,OFFICIAL_SOURCE_NOT_YET_DIGITIZED
Jharkhand,jac-jharkhand,Class 10,General,English Language & Literature,hi,hi+en,NONE,NONE,NONE,2025-2026-ACCREDITED,PATTERN_PENDING,0,0,0,0,0,0,0,PRACTICE_UNAVAILABLE,FULL_EXAM_UNAVAILABLE,ZERO_CONTENT,OFFICIAL_SOURCE_NOT_YET_DIGITIZED
Jharkhand,jac-jharkhand,Class 10,General,English Language & Literature,en,hi+en,NONE,NONE,NONE,2025-2026-ACCREDITED,PATTERN_PENDING,0,0,0,0,0,0,0,PRACTICE_UNAVAILABLE,FULL_EXAM_UNAVAILABLE,ZERO_CONTENT,OFFICIAL_SOURCE_NOT_YET_DIGITIZED
Jharkhand,jac-jharkhand,Class 10,General,First Language (Regional/Hindi),hi,hi+en,NONE,NONE,NONE,2025-2026-ACCREDITED,PATTERN_PENDING,0,0,0,0,0,0,0,PRACTICE_UNAVAILABLE,FULL_EXAM_UNAVAILABLE,ZERO_CONTENT,OFFICIAL_SOURCE_NOT_YET_DIGITIZED
Jharkhand,jac-jharkhand,Class 10,General,First Language (Regional/Hindi),en,hi+en,NONE,NONE,NONE,2025-2026-ACCREDITED,PATTERN_PENDING,0,0,0,0,0,0,0,PRACTICE_UNAVAILABLE,FULL_EXAM_UNAVAILABLE,ZERO_CONTENT,OFFICIAL_SOURCE_NOT_YET_DIGITIZED
Jharkhand,jac-jharkhand,Class 12,Science,Physics,hi,hi+en,NONE,NONE,NONE,2025-2026-ACCREDITED,PATTERN_PENDING,0,0,0,0,0,0,0,PRACTICE_UNAVAILABLE,FULL_EXAM_UNAVAILABLE,ZERO_CONTENT,OFFICIAL_SOURCE_NOT_YET_DIGITIZED
Jharkhand,jac-jharkhand,Class 12,Science,Physics,en,hi+en,NONE,NONE,NONE,2025-2026-ACCREDITED,PATTERN_PENDING,0,0,0,0,0,0,0,PRACTICE_UNAVAILABLE,FULL_EXAM_UNAVAILABLE,ZERO_CONTENT,OFFICIAL_SOURCE_NOT_YET_DIGITIZED
Jharkhand,jac-jharkhand,Class 12,Science,Chemistry,hi,hi+en,NONE,NONE,NONE,2025-2026-ACCREDITED,PATTERN_PENDING,0,0,0,0,0,0,0,PRACTICE_UNAVAILABLE,FULL_EXAM_UNAVAILABLE,ZERO_CONTENT,OFFICIAL_SOURCE_NOT_YET_DIGITIZED
Jharkhand,jac-jharkhand,Class 12,Science,Chemistry,en,hi+en,NONE,NONE,NONE,2025-2026-ACCREDITED,PATTERN_PENDING,0,0,0,0,0,0,0,PRACTICE_UNAVAILABLE,FULL_EXAM_UNAVAILABLE,ZERO_CONTENT,OFFICIAL_SOURCE_NOT_YET_DIGITIZED
Jharkhand,jac-jharkhand,Class 12,Science,Higher Mathematics,hi,hi+en,NONE,NONE,NONE,2025-2026-ACCREDITED,PATTERN_PENDING,0,0,0,0,0,0,0,PRACTICE_UNAVAILABLE,FULL_EXAM_UNAVAILABLE,ZERO_CONTENT,OFFICIAL_SOURCE_NOT_YET_DIGITIZED
Jharkhand,jac-jharkhand,Class 12,Science,Higher Mathematics,en,hi+en,NONE,NONE,NONE,2025-2026-ACCREDITED,PATTERN_PENDING,0,0,0,0,0,0,0,PRACTICE_UNAVAILABLE,FULL_EXAM_UNAVAILABLE,ZERO_CONTENT,OFFICIAL_SOURCE_NOT_YET_DIGITIZED
Jharkhand,jac-jharkhand,Class 12,Science,Biology,hi,hi+en,NONE,NONE,NONE,2025-2026-ACCREDITED,PATTERN_PENDING,0,0,0,0,0,0,0,PRACTICE_UNAVAILABLE,FULL_EXAM_UNAVAILABLE,ZERO_CONTENT,OFFICIAL_SOURCE_NOT_YET_DIGITIZED
Jharkhand,jac-jharkhand,Class 12,Science,Biology,en,hi+en,NONE,NONE,NONE,2025-2026-ACCREDITED,PATTERN_PENDING,0,0,0,0,0,0,0,PRACTICE_UNAVAILABLE,FULL_EXAM_UNAVAILABLE,ZERO_CONTENT,OFFICIAL_SOURCE_NOT_YET_DIGITIZED
Jharkhand,jac-jharkhand,Class 12,Commerce,Accountancy,hi,hi+en,NONE,NONE,NONE,2025-2026-ACCREDITED,PATTERN_PENDING,0,0,0,0,0,0,0,PRACTICE_UNAVAILABLE,FULL_EXAM_UNAVAILABLE,ZERO_CONTENT,OFFICIAL_SOURCE_NOT_YET_DIGITIZED
Jharkhand,jac-jharkhand,Class 12,Commerce,Accountancy,en,hi+en,NONE,NONE,NONE,2025-2026-ACCREDITED,PATTERN_PENDING,0,0,0,0,0,0,0,PRACTICE_UNAVAILABLE,FULL_EXAM_UNAVAILABLE,ZERO_CONTENT,OFFICIAL_SOURCE_NOT_YET_DIGITIZED
Jharkhand,jac-jharkhand,Class 12,Commerce,Business Studies,hi,hi+en,NONE,NONE,NONE,2025-2026-ACCREDITED,PATTERN_PENDING,0,0,0,0,0,0,0,PRACTICE_UNAVAILABLE,FULL_EXAM_UNAVAILABLE,ZERO_CONTENT,OFFICIAL_SOURCE_NOT_YET_DIGITIZED
Jharkhand,jac-jharkhand,Class 12,Commerce,Business Studies,en,hi+en,NONE,NONE,NONE,2025-2026-ACCREDITED,PATTERN_PENDING,0,0,0,0,0,0,0,PRACTICE_UNAVAILABLE,FULL_EXAM_UNAVAILABLE,ZERO_CONTENT,OFFICIAL_SOURCE_NOT_YET_DIGITIZED
Jharkhand,jac-jharkhand,Class 12,Commerce,Economics,hi,hi+en,NONE,NONE,NONE,2025-2026-ACCREDITED,PATTERN_PENDING,0,0,0,0,0,0,0,PRACTICE_UNAVAILABLE,FULL_EXAM_UNAVAILABLE,ZERO_CONTENT,OFFICIAL_SOURCE_NOT_YET_DIGITIZED
Jharkhand,jac-jharkhand,Class 12,Commerce,Economics,en,hi+en,NONE,NONE,NONE,2025-2026-ACCREDITED,PATTERN_PENDING,0,0,0,0,0,0,0,PRACTICE_UNAVAILABLE,FULL_EXAM_UNAVAILABLE,ZERO_CONTENT,OFFICIAL_SOURCE_NOT_YET_DIGITIZED
"Jammu and Kashmir; Ladakh",jkbose-board,Class 10,General,Mathematics,en,en+ur+hi,NONE,NONE,NONE,2025-2026-ACCREDITED,PATTERN_PENDING,0,0,0,0,0,0,0,PRACTICE_UNAVAILABLE,FULL_EXAM_UNAVAILABLE,ZERO_CONTENT,OFFICIAL_SOURCE_NOT_YET_DIGITIZED
"Jammu and Kashmir; Ladakh",jkbose-board,Class 10,General,Mathematics,ur,en+ur+hi,NONE,NONE,NONE,2025-2026-ACCREDITED,PATTERN_PENDING,0,0,0,0,0,0,0,PRACTICE_UNAVAILABLE,FULL_EXAM_UNAVAILABLE,ZERO_CONTENT,OFFICIAL_SOURCE_NOT_YET_DIGITIZED
"Jammu and Kashmir; Ladakh",jkbose-board,Class 10,General,Mathematics,hi,en+ur+hi,NONE,NONE,NONE,2025-2026-ACCREDITED,PATTERN_PENDING,0,0,0,0,0,0,0,PRACTICE_UNAVAILABLE,FULL_EXAM_UNAVAILABLE,ZERO_CONTENT,OFFICIAL_SOURCE_NOT_YET_DIGITIZED
"Jammu and Kashmir; Ladakh",jkbose-board,Class 10,General,Science & Technology,en,en+ur+hi,NONE,NONE,NONE,2025-2026-ACCREDITED,PATTERN_PENDING,0,0,0,0,0,0,0,PRACTICE_UNAVAILABLE,FULL_EXAM_UNAVAILABLE,ZERO_CONTENT,OFFICIAL_SOURCE_NOT_YET_DIGITIZED
"Jammu and Kashmir; Ladakh",jkbose-board,Class 10,General,Science & Technology,ur,en+ur+hi,NONE,NONE,NONE,2025-2026-ACCREDITED,PATTERN_PENDING,0,0,0,0,0,0,0,PRACTICE_UNAVAILABLE,FULL_EXAM_UNAVAILABLE,ZERO_CONTENT,OFFICIAL_SOURCE_NOT_YET_DIGITIZED
"Jammu and Kashmir; Ladakh",jkbose-board,Class 10,General,Science & Technology,hi,en+ur+hi,NONE,NONE,NONE,2025-2026-ACCREDITED,PATTERN_PENDING,0,0,0,0,0,0,0,PRACTICE_UNAVAILABLE,FULL_EXAM_UNAVAILABLE,ZERO_CONTENT,OFFICIAL_SOURCE_NOT_YET_DIGITIZED
"Jammu and Kashmir; Ladakh",jkbose-board,Class 10,General,Social Science,en,en+ur+hi,NONE,NONE,NONE,2025-2026-ACCREDITED,PATTERN_PENDING,0,0,0,0,0,0,0,PRACTICE_UNAVAILABLE,FULL_EXAM_UNAVAILABLE,ZERO_CONTENT,OFFICIAL_SOURCE_NOT_YET_DIGITIZED
"Jammu and Kashmir; Ladakh",jkbose-board,Class 10,General,Social Science,ur,en+ur+hi,NONE,NONE,NONE,2025-2026-ACCREDITED,PATTERN_PENDING,0,0,0,0,0,0,0,PRACTICE_UNAVAILABLE,FULL_EXAM_UNAVAILABLE,ZERO_CONTENT,OFFICIAL_SOURCE_NOT_YET_DIGITIZED
"Jammu and Kashmir; Ladakh",jkbose-board,Class 10,General,Social Science,hi,en+ur+hi,NONE,NONE,NONE,2025-2026-ACCREDITED,PATTERN_PENDING,0,0,0,0,0,0,0,PRACTICE_UNAVAILABLE,FULL_EXAM_UNAVAILABLE,ZERO_CONTENT,OFFICIAL_SOURCE_NOT_YET_DIGITIZED
"Jammu and Kashmir; Ladakh",jkbose-board,Class 10,General,English Language & Literature,en,en+ur+hi,NONE,NONE,NONE,2025-2026-ACCREDITED,PATTERN_PENDING,0,0,0,0,0,0,0,PRACTICE_UNAVAILABLE,FULL_EXAM_UNAVAILABLE,ZERO_CONTENT,OFFICIAL_SOURCE_NOT_YET_DIGITIZED
"Jammu and Kashmir; Ladakh",jkbose-board,Class 10,General,English Language & Literature,ur,en+ur+hi,NONE,NONE,NONE,2025-2026-ACCREDITED,PATTERN_PENDING,0,0,0,0,0,0,0,PRACTICE_UNAVAILABLE,FULL_EXAM_UNAVAILABLE,ZERO_CONTENT,OFFICIAL_SOURCE_NOT_YET_DIGITIZED
"Jammu and Kashmir; Ladakh",jkbose-board,Class 10,General,English Language & Literature,hi,en+ur+hi,NONE,NONE,NONE,2025-2026-ACCREDITED,PATTERN_PENDING,0,0,0,0,0,0,0,PRACTICE_UNAVAILABLE,FULL_EXAM_UNAVAILABLE,ZERO_CONTENT,OFFICIAL_SOURCE_NOT_YET_DIGITIZED
"Jammu and Kashmir; Ladakh",jkbose-board,Class 10,General,First Language (Regional/Hindi),en,en+ur+hi,NONE,NONE,NONE,2025-2026-ACCREDITED,PATTERN_PENDING,0,0,0,0,0,0,0,PRACTICE_UNAVAILABLE,FULL_EXAM_UNAVAILABLE,ZERO_CONTENT,OFFICIAL_SOURCE_NOT_YET_DIGITIZED
"Jammu and Kashmir; Ladakh",jkbose-board,Class 10,General,First Language (Regional/Hindi),ur,en+ur+hi,NONE,NONE,NONE,2025-2026-ACCREDITED,PATTERN_PENDING,0,0,0,0,0,0,0,PRACTICE_UNAVAILABLE,FULL_EXAM_UNAVAILABLE,ZERO_CONTENT,OFFICIAL_SOURCE_NOT_YET_DIGITIZED
"Jammu and Kashmir; Ladakh",jkbose-board,Class 10,General,First Language (Regional/Hindi),hi,en+ur+hi,NONE,NONE,NONE,2025-2026-ACCREDITED,PATTERN_PENDING,0,0,0,0,0,0,0,PRACTICE_UNAVAILABLE,FULL_EXAM_UNAVAILABLE,ZERO_CONTENT,OFFICIAL_SOURCE_NOT_YET_DIGITIZED
"Jammu and Kashmir; Ladakh",jkbose-board,Class 12,Science,Physics,en,en+ur+hi,NONE,NONE,NONE,2025-2026-ACCREDITED,PATTERN_PENDING,0,0,0,0,0,0,0,PRACTICE_UNAVAILABLE,FULL_EXAM_UNAVAILABLE,ZERO_CONTENT,OFFICIAL_SOURCE_NOT_YET_DIGITIZED
"Jammu and Kashmir; Ladakh",jkbose-board,Class 12,Science,Physics,ur,en+ur+hi,NONE,NONE,NONE,2025-2026-ACCREDITED,PATTERN_PENDING,0,0,0,0,0,0,0,PRACTICE_UNAVAILABLE,FULL_EXAM_UNAVAILABLE,ZERO_CONTENT,OFFICIAL_SOURCE_NOT_YET_DIGITIZED
"Jammu and Kashmir; Ladakh",jkbose-board,Class 12,Science,Physics,hi,en+ur+hi,NONE,NONE,NONE,2025-2026-ACCREDITED,PATTERN_PENDING,0,0,0,0,0,0,0,PRACTICE_UNAVAILABLE,FULL_EXAM_UNAVAILABLE,ZERO_CONTENT,OFFICIAL_SOURCE_NOT_YET_DIGITIZED
"Jammu and Kashmir; Ladakh",jkbose-board,Class 12,Science,Chemistry,en,en+ur+hi,NONE,NONE,NONE,2025-2026-ACCREDITED,PATTERN_PENDING,0,0,0,0,0,0,0,PRACTICE_UNAVAILABLE,FULL_EXAM_UNAVAILABLE,ZERO_CONTENT,OFFICIAL_SOURCE_NOT_YET_DIGITIZED
"Jammu and Kashmir; Ladakh",jkbose-board,Class 12,Science,Chemistry,ur,en+ur+hi,NONE,NONE,NONE,2025-2026-ACCREDITED,PATTERN_PENDING,0,0,0,0,0,0,0,PRACTICE_UNAVAILABLE,FULL_EXAM_UNAVAILABLE,ZERO_CONTENT,OFFICIAL_SOURCE_NOT_YET_DIGITIZED
"Jammu and Kashmir; Ladakh",jkbose-board,Class 12,Science,Chemistry,hi,en+ur+hi,NONE,NONE,NONE,2025-2026-ACCREDITED,PATTERN_PENDING,0,0,0,0,0,0,0,PRACTICE_UNAVAILABLE,FULL_EXAM_UNAVAILABLE,ZERO_CONTENT,OFFICIAL_SOURCE_NOT_YET_DIGITIZED
"Jammu and Kashmir; Ladakh",jkbose-board,Class 12,Science,Higher Mathematics,en,en+ur+hi,NONE,NONE,NONE,2025-2026-ACCREDITED,PATTERN_PENDING,0,0,0,0,0,0,0,PRACTICE_UNAVAILABLE,FULL_EXAM_UNAVAILABLE,ZERO_CONTENT,OFFICIAL_SOURCE_NOT_YET_DIGITIZED
"Jammu and Kashmir; Ladakh",jkbose-board,Class 12,Science,Higher Mathematics,ur,en+ur+hi,NONE,NONE,NONE,2025-2026-ACCREDITED,PATTERN_PENDING,0,0,0,0,0,0,0,PRACTICE_UNAVAILABLE,FULL_EXAM_UNAVAILABLE,ZERO_CONTENT,OFFICIAL_SOURCE_NOT_YET_DIGITIZED
"Jammu and Kashmir; Ladakh",jkbose-board,Class 12,Science,Higher Mathematics,hi,en+ur+hi,NONE,NONE,NONE,2025-2026-ACCREDITED,PATTERN_PENDING,0,0,0,0,0,0,0,PRACTICE_UNAVAILABLE,FULL_EXAM_UNAVAILABLE,ZERO_CONTENT,OFFICIAL_SOURCE_NOT_YET_DIGITIZED
"Jammu and Kashmir; Ladakh",jkbose-board,Class 12,Science,Biology,en,en+ur+hi,NONE,NONE,NONE,2025-2026-ACCREDITED,PATTERN_PENDING,0,0,0,0,0,0,0,PRACTICE_UNAVAILABLE,FULL_EXAM_UNAVAILABLE,ZERO_CONTENT,OFFICIAL_SOURCE_NOT_YET_DIGITIZED
"Jammu and Kashmir; Ladakh",jkbose-board,Class 12,Science,Biology,ur,en+ur+hi,NONE,NONE,NONE,2025-2026-ACCREDITED,PATTERN_PENDING,0,0,0,0,0,0,0,PRACTICE_UNAVAILABLE,FULL_EXAM_UNAVAILABLE,ZERO_CONTENT,OFFICIAL_SOURCE_NOT_YET_DIGITIZED
"Jammu and Kashmir; Ladakh",jkbose-board,Class 12,Science,Biology,hi,en+ur+hi,NONE,NONE,NONE,2025-2026-ACCREDITED,PATTERN_PENDING,0,0,0,0,0,0,0,PRACTICE_UNAVAILABLE,FULL_EXAM_UNAVAILABLE,ZERO_CONTENT,OFFICIAL_SOURCE_NOT_YET_DIGITIZED
"Jammu and Kashmir; Ladakh",jkbose-board,Class 12,Commerce,Accountancy,en,en+ur+hi,NONE,NONE,NONE,2025-2026-ACCREDITED,PATTERN_PENDING,0,0,0,0,0,0,0,PRACTICE_UNAVAILABLE,FULL_EXAM_UNAVAILABLE,ZERO_CONTENT,OFFICIAL_SOURCE_NOT_YET_DIGITIZED
"Jammu and Kashmir; Ladakh",jkbose-board,Class 12,Commerce,Accountancy,ur,en+ur+hi,NONE,NONE,NONE,2025-2026-ACCREDITED,PATTERN_PENDING,0,0,0,0,0,0,0,PRACTICE_UNAVAILABLE,FULL_EXAM_UNAVAILABLE,ZERO_CONTENT,OFFICIAL_SOURCE_NOT_YET_DIGITIZED
"Jammu and Kashmir; Ladakh",jkbose-board,Class 12,Commerce,Accountancy,hi,en+ur+hi,NONE,NONE,NONE,2025-2026-ACCREDITED,PATTERN_PENDING,0,0,0,0,0,0,0,PRACTICE_UNAVAILABLE,FULL_EXAM_UNAVAILABLE,ZERO_CONTENT,OFFICIAL_SOURCE_NOT_YET_DIGITIZED
"Jammu and Kashmir; Ladakh",jkbose-board,Class 12,Commerce,Business Studies,en,en+ur+hi,NONE,NONE,NONE,2025-2026-ACCREDITED,PATTERN_PENDING,0,0,0,0,0,0,0,PRACTICE_UNAVAILABLE,FULL_EXAM_UNAVAILABLE,ZERO_CONTENT,OFFICIAL_SOURCE_NOT_YET_DIGITIZED
"Jammu and Kashmir; Ladakh",jkbose-board,Class 12,Commerce,Business Studies,ur,en+ur+hi,NONE,NONE,NONE,2025-2026-ACCREDITED,PATTERN_PENDING,0,0,0,0,0,0,0,PRACTICE_UNAVAILABLE,FULL_EXAM_UNAVAILABLE,ZERO_CONTENT,OFFICIAL_SOURCE_NOT_YET_DIGITIZED
"Jammu and Kashmir; Ladakh",jkbose-board,Class 12,Commerce,Business Studies,hi,en+ur+hi,NONE,NONE,NONE,2025-2026-ACCREDITED,PATTERN_PENDING,0,0,0,0,0,0,0,PRACTICE_UNAVAILABLE,FULL_EXAM_UNAVAILABLE,ZERO_CONTENT,OFFICIAL_SOURCE_NOT_YET_DIGITIZED
"Jammu and Kashmir; Ladakh",jkbose-board,Class 12,Commerce,Economics,en,en+ur+hi,NONE,NONE,NONE,2025-2026-ACCREDITED,PATTERN_PENDING,0,0,0,0,0,0,0,PRACTICE_UNAVAILABLE,FULL_EXAM_UNAVAILABLE,ZERO_CONTENT,OFFICIAL_SOURCE_NOT_YET_DIGITIZED
"Jammu and Kashmir; Ladakh",jkbose-board,Class 12,Commerce,Economics,ur,en+ur+hi,NONE,NONE,NONE,2025-2026-ACCREDITED,PATTERN_PENDING,0,0,0,0,0,0,0,PRACTICE_UNAVAILABLE,FULL_EXAM_UNAVAILABLE,ZERO_CONTENT,OFFICIAL_SOURCE_NOT_YET_DIGITIZED
"Jammu and Kashmir; Ladakh",jkbose-board,Class 12,Commerce,Economics,hi,en+ur+hi,NONE,NONE,NONE,2025-2026-ACCREDITED,PATTERN_PENDING,0,0,0,0,0,0,0,PRACTICE_UNAVAILABLE,FULL_EXAM_UNAVAILABLE,ZERO_CONTENT,OFFICIAL_SOURCE_NOT_YET_DIGITIZED
"Kerala; Lakshadweep",kerala-board,Class 10,General,Mathematics,ml,ml+en,NONE,NONE,NONE,2025-2026-ACCREDITED,PATTERN_PENDING,0,0,0,0,0,0,0,PRACTICE_UNAVAILABLE,FULL_EXAM_UNAVAILABLE,ZERO_CONTENT,OFFICIAL_SOURCE_NOT_YET_DIGITIZED
"Kerala; Lakshadweep",kerala-board,Class 10,General,Mathematics,en,ml+en,NONE,NONE,NONE,2025-2026-ACCREDITED,PATTERN_PENDING,0,0,0,0,0,0,0,PRACTICE_UNAVAILABLE,FULL_EXAM_UNAVAILABLE,ZERO_CONTENT,OFFICIAL_SOURCE_NOT_YET_DIGITIZED
"Kerala; Lakshadweep",kerala-board,Class 10,General,Science & Technology,ml,ml+en,NONE,NONE,NONE,2025-2026-ACCREDITED,PATTERN_PENDING,0,0,0,0,0,0,0,PRACTICE_UNAVAILABLE,FULL_EXAM_UNAVAILABLE,ZERO_CONTENT,OFFICIAL_SOURCE_NOT_YET_DIGITIZED
"Kerala; Lakshadweep",kerala-board,Class 10,General,Science & Technology,en,ml+en,NONE,NONE,NONE,2025-2026-ACCREDITED,PATTERN_PENDING,0,0,0,0,0,0,0,PRACTICE_UNAVAILABLE,FULL_EXAM_UNAVAILABLE,ZERO_CONTENT,OFFICIAL_SOURCE_NOT_YET_DIGITIZED
"Kerala; Lakshadweep",kerala-board,Class 10,General,Social Science,ml,ml+en,NONE,NONE,NONE,2025-2026-ACCREDITED,PATTERN_PENDING,0,0,0,0,0,0,0,PRACTICE_UNAVAILABLE,FULL_EXAM_UNAVAILABLE,ZERO_CONTENT,OFFICIAL_SOURCE_NOT_YET_DIGITIZED
"Kerala; Lakshadweep",kerala-board,Class 10,General,Social Science,en,ml+en,NONE,NONE,NONE,2025-2026-ACCREDITED,PATTERN_PENDING,0,0,0,0,0,0,0,PRACTICE_UNAVAILABLE,FULL_EXAM_UNAVAILABLE,ZERO_CONTENT,OFFICIAL_SOURCE_NOT_YET_DIGITIZED
"Kerala; Lakshadweep",kerala-board,Class 10,General,English Language & Literature,ml,ml+en,NONE,NONE,NONE,2025-2026-ACCREDITED,PATTERN_PENDING,0,0,0,0,0,0,0,PRACTICE_UNAVAILABLE,FULL_EXAM_UNAVAILABLE,ZERO_CONTENT,OFFICIAL_SOURCE_NOT_YET_DIGITIZED
"Kerala; Lakshadweep",kerala-board,Class 10,General,English Language & Literature,en,ml+en,NONE,NONE,NONE,2025-2026-ACCREDITED,PATTERN_PENDING,0,0,0,0,0,0,0,PRACTICE_UNAVAILABLE,FULL_EXAM_UNAVAILABLE,ZERO_CONTENT,OFFICIAL_SOURCE_NOT_YET_DIGITIZED
"Kerala; Lakshadweep",kerala-board,Class 10,General,First Language (Regional/Hindi),ml,ml+en,NONE,NONE,NONE,2025-2026-ACCREDITED,PATTERN_PENDING,0,0,0,0,0,0,0,PRACTICE_UNAVAILABLE,FULL_EXAM_UNAVAILABLE,ZERO_CONTENT,OFFICIAL_SOURCE_NOT_YET_DIGITIZED
"Kerala; Lakshadweep",kerala-board,Class 10,General,First Language (Regional/Hindi),en,ml+en,NONE,NONE,NONE,2025-2026-ACCREDITED,PATTERN_PENDING,0,0,0,0,0,0,0,PRACTICE_UNAVAILABLE,FULL_EXAM_UNAVAILABLE,ZERO_CONTENT,OFFICIAL_SOURCE_NOT_YET_DIGITIZED
"Kerala; Lakshadweep",kerala-board,Class 12,Science,Physics,ml,ml+en,NONE,NONE,NONE,2025-2026-ACCREDITED,PATTERN_PENDING,0,0,0,0,0,0,0,PRACTICE_UNAVAILABLE,FULL_EXAM_UNAVAILABLE,ZERO_CONTENT,OFFICIAL_SOURCE_NOT_YET_DIGITIZED
"Kerala; Lakshadweep",kerala-board,Class 12,Science,Physics,en,ml+en,NONE,NONE,NONE,2025-2026-ACCREDITED,PATTERN_PENDING,0,0,0,0,0,0,0,PRACTICE_UNAVAILABLE,FULL_EXAM_UNAVAILABLE,ZERO_CONTENT,OFFICIAL_SOURCE_NOT_YET_DIGITIZED
"Kerala; Lakshadweep",kerala-board,Class 12,Science,Chemistry,ml,ml+en,NONE,NONE,NONE,2025-2026-ACCREDITED,PATTERN_PENDING,0,0,0,0,0,0,0,PRACTICE_UNAVAILABLE,FULL_EXAM_UNAVAILABLE,ZERO_CONTENT,OFFICIAL_SOURCE_NOT_YET_DIGITIZED
"Kerala; Lakshadweep",kerala-board,Class 12,Science,Chemistry,en,ml+en,NONE,NONE,NONE,2025-2026-ACCREDITED,PATTERN_PENDING,0,0,0,0,0,0,0,PRACTICE_UNAVAILABLE,FULL_EXAM_UNAVAILABLE,ZERO_CONTENT,OFFICIAL_SOURCE_NOT_YET_DIGITIZED
"Kerala; Lakshadweep",kerala-board,Class 12,Science,Higher Mathematics,ml,ml+en,NONE,NONE,NONE,2025-2026-ACCREDITED,PATTERN_PENDING,0,0,0,0,0,0,0,PRACTICE_UNAVAILABLE,FULL_EXAM_UNAVAILABLE,ZERO_CONTENT,OFFICIAL_SOURCE_NOT_YET_DIGITIZED
"Kerala; Lakshadweep",kerala-board,Class 12,Science,Higher Mathematics,en,ml+en,NONE,NONE,NONE,2025-2026-ACCREDITED,PATTERN_PENDING,0,0,0,0,0,0,0,PRACTICE_UNAVAILABLE,FULL_EXAM_UNAVAILABLE,ZERO_CONTENT,OFFICIAL_SOURCE_NOT_YET_DIGITIZED
"Kerala; Lakshadweep",kerala-board,Class 12,Science,Biology,ml,ml+en,NONE,NONE,NONE,2025-2026-ACCREDITED,PATTERN_PENDING,0,0,0,0,0,0,0,PRACTICE_UNAVAILABLE,FULL_EXAM_UNAVAILABLE,ZERO_CONTENT,OFFICIAL_SOURCE_NOT_YET_DIGITIZED
"Kerala; Lakshadweep",kerala-board,Class 12,Science,Biology,en,ml+en,NONE,NONE,NONE,2025-2026-ACCREDITED,PATTERN_PENDING,0,0,0,0,0,0,0,PRACTICE_UNAVAILABLE,FULL_EXAM_UNAVAILABLE,ZERO_CONTENT,OFFICIAL_SOURCE_NOT_YET_DIGITIZED
"Kerala; Lakshadweep",kerala-board,Class 12,Commerce,Accountancy,ml,ml+en,NONE,NONE,NONE,2025-2026-ACCREDITED,PATTERN_PENDING,0,0,0,0,0,0,0,PRACTICE_UNAVAILABLE,FULL_EXAM_UNAVAILABLE,ZERO_CONTENT,OFFICIAL_SOURCE_NOT_YET_DIGITIZED
"Kerala; Lakshadweep",kerala-board,Class 12,Commerce,Accountancy,en,ml+en,NONE,NONE,NONE,2025-2026-ACCREDITED,PATTERN_PENDING,0,0,0,0,0,0,0,PRACTICE_UNAVAILABLE,FULL_EXAM_UNAVAILABLE,ZERO_CONTENT,OFFICIAL_SOURCE_NOT_YET_DIGITIZED
"Kerala; Lakshadweep",kerala-board,Class 12,Commerce,Business Studies,ml,ml+en,NONE,NONE,NONE,2025-2026-ACCREDITED,PATTERN_PENDING,0,0,0,0,0,0,0,PRACTICE_UNAVAILABLE,FULL_EXAM_UNAVAILABLE,ZERO_CONTENT,OFFICIAL_SOURCE_NOT_YET_DIGITIZED
"Kerala; Lakshadweep",kerala-board,Class 12,Commerce,Business Studies,en,ml+en,NONE,NONE,NONE,2025-2026-ACCREDITED,PATTERN_PENDING,0,0,0,0,0,0,0,PRACTICE_UNAVAILABLE,FULL_EXAM_UNAVAILABLE,ZERO_CONTENT,OFFICIAL_SOURCE_NOT_YET_DIGITIZED
"Kerala; Lakshadweep",kerala-board,Class 12,Commerce,Economics,ml,ml+en,NONE,NONE,NONE,2025-2026-ACCREDITED,PATTERN_PENDING,0,0,0,0,0,0,0,PRACTICE_UNAVAILABLE,FULL_EXAM_UNAVAILABLE,ZERO_CONTENT,OFFICIAL_SOURCE_NOT_YET_DIGITIZED
"Kerala; Lakshadweep",kerala-board,Class 12,Commerce,Economics,en,ml+en,NONE,NONE,NONE,2025-2026-ACCREDITED,PATTERN_PENDING,0,0,0,0,0,0,0,PRACTICE_UNAVAILABLE,FULL_EXAM_UNAVAILABLE,ZERO_CONTENT,OFFICIAL_SOURCE_NOT_YET_DIGITIZED
Karnataka,kseab-karnataka,Class 10,General,Mathematics,kn,kn+en,NONE,NONE,NONE,2025-2026-ACCREDITED,PATTERN_PENDING,0,0,0,0,0,0,0,PRACTICE_UNAVAILABLE,FULL_EXAM_UNAVAILABLE,ZERO_CONTENT,OFFICIAL_SOURCE_NOT_YET_DIGITIZED
Karnataka,kseab-karnataka,Class 10,General,Mathematics,en,kn+en,NONE,NONE,NONE,2025-2026-ACCREDITED,PATTERN_PENDING,0,0,0,0,0,0,0,PRACTICE_UNAVAILABLE,FULL_EXAM_UNAVAILABLE,ZERO_CONTENT,OFFICIAL_SOURCE_NOT_YET_DIGITIZED
Karnataka,kseab-karnataka,Class 10,General,Science & Technology,kn,kn+en,NONE,NONE,NONE,2025-2026-ACCREDITED,PATTERN_PENDING,0,0,0,0,0,0,0,PRACTICE_UNAVAILABLE,FULL_EXAM_UNAVAILABLE,ZERO_CONTENT,OFFICIAL_SOURCE_NOT_YET_DIGITIZED
Karnataka,kseab-karnataka,Class 10,General,Science & Technology,en,kn+en,NONE,NONE,NONE,2025-2026-ACCREDITED,PATTERN_PENDING,0,0,0,0,0,0,0,PRACTICE_UNAVAILABLE,FULL_EXAM_UNAVAILABLE,ZERO_CONTENT,OFFICIAL_SOURCE_NOT_YET_DIGITIZED
Karnataka,kseab-karnataka,Class 10,General,Social Science,kn,kn+en,NONE,NONE,NONE,2025-2026-ACCREDITED,PATTERN_PENDING,0,0,0,0,0,0,0,PRACTICE_UNAVAILABLE,FULL_EXAM_UNAVAILABLE,ZERO_CONTENT,OFFICIAL_SOURCE_NOT_YET_DIGITIZED
Karnataka,kseab-karnataka,Class 10,General,Social Science,en,kn+en,NONE,NONE,NONE,2025-2026-ACCREDITED,PATTERN_PENDING,0,0,0,0,0,0,0,PRACTICE_UNAVAILABLE,FULL_EXAM_UNAVAILABLE,ZERO_CONTENT,OFFICIAL_SOURCE_NOT_YET_DIGITIZED
Karnataka,kseab-karnataka,Class 10,General,English Language & Literature,kn,kn+en,NONE,NONE,NONE,2025-2026-ACCREDITED,PATTERN_PENDING,0,0,0,0,0,0,0,PRACTICE_UNAVAILABLE,FULL_EXAM_UNAVAILABLE,ZERO_CONTENT,OFFICIAL_SOURCE_NOT_YET_DIGITIZED
Karnataka,kseab-karnataka,Class 10,General,English Language & Literature,en,kn+en,NONE,NONE,NONE,2025-2026-ACCREDITED,PATTERN_PENDING,0,0,0,0,0,0,0,PRACTICE_UNAVAILABLE,FULL_EXAM_UNAVAILABLE,ZERO_CONTENT,OFFICIAL_SOURCE_NOT_YET_DIGITIZED
Karnataka,kseab-karnataka,Class 10,General,First Language (Regional/Hindi),kn,kn+en,NONE,NONE,NONE,2025-2026-ACCREDITED,PATTERN_PENDING,0,0,0,0,0,0,0,PRACTICE_UNAVAILABLE,FULL_EXAM_UNAVAILABLE,ZERO_CONTENT,OFFICIAL_SOURCE_NOT_YET_DIGITIZED
Karnataka,kseab-karnataka,Class 10,General,First Language (Regional/Hindi),en,kn+en,NONE,NONE,NONE,2025-2026-ACCREDITED,PATTERN_PENDING,0,0,0,0,0,0,0,PRACTICE_UNAVAILABLE,FULL_EXAM_UNAVAILABLE,ZERO_CONTENT,OFFICIAL_SOURCE_NOT_YET_DIGITIZED
Karnataka,kseab-karnataka,Class 12,Science,Physics,kn,kn+en,NONE,NONE,NONE,2025-2026-ACCREDITED,PATTERN_PENDING,0,0,0,0,0,0,0,PRACTICE_UNAVAILABLE,FULL_EXAM_UNAVAILABLE,ZERO_CONTENT,OFFICIAL_SOURCE_NOT_YET_DIGITIZED
Karnataka,kseab-karnataka,Class 12,Science,Physics,en,kn+en,NONE,NONE,NONE,2025-2026-ACCREDITED,PATTERN_PENDING,0,0,0,0,0,0,0,PRACTICE_UNAVAILABLE,FULL_EXAM_UNAVAILABLE,ZERO_CONTENT,OFFICIAL_SOURCE_NOT_YET_DIGITIZED
Karnataka,kseab-karnataka,Class 12,Science,Chemistry,kn,kn+en,NONE,NONE,NONE,2025-2026-ACCREDITED,PATTERN_PENDING,0,0,0,0,0,0,0,PRACTICE_UNAVAILABLE,FULL_EXAM_UNAVAILABLE,ZERO_CONTENT,OFFICIAL_SOURCE_NOT_YET_DIGITIZED
Karnataka,kseab-karnataka,Class 12,Science,Chemistry,en,kn+en,NONE,NONE,NONE,2025-2026-ACCREDITED,PATTERN_PENDING,0,0,0,0,0,0,0,PRACTICE_UNAVAILABLE,FULL_EXAM_UNAVAILABLE,ZERO_CONTENT,OFFICIAL_SOURCE_NOT_YET_DIGITIZED
Karnataka,kseab-karnataka,Class 12,Science,Higher Mathematics,kn,kn+en,NONE,NONE,NONE,2025-2026-ACCREDITED,PATTERN_PENDING,0,0,0,0,0,0,0,PRACTICE_UNAVAILABLE,FULL_EXAM_UNAVAILABLE,ZERO_CONTENT,OFFICIAL_SOURCE_NOT_YET_DIGITIZED
Karnataka,kseab-karnataka,Class 12,Science,Higher Mathematics,en,kn+en,NONE,NONE,NONE,2025-2026-ACCREDITED,PATTERN_PENDING,0,0,0,0,0,0,0,PRACTICE_UNAVAILABLE,FULL_EXAM_UNAVAILABLE,ZERO_CONTENT,OFFICIAL_SOURCE_NOT_YET_DIGITIZED
Karnataka,kseab-karnataka,Class 12,Science,Biology,kn,kn+en,NONE,NONE,NONE,2025-2026-ACCREDITED,PATTERN_PENDING,0,0,0,0,0,0,0,PRACTICE_UNAVAILABLE,FULL_EXAM_UNAVAILABLE,ZERO_CONTENT,OFFICIAL_SOURCE_NOT_YET_DIGITIZED
Karnataka,kseab-karnataka,Class 12,Science,Biology,en,kn+en,NONE,NONE,NONE,2025-2026-ACCREDITED,PATTERN_PENDING,0,0,0,0,0,0,0,PRACTICE_UNAVAILABLE,FULL_EXAM_UNAVAILABLE,ZERO_CONTENT,OFFICIAL_SOURCE_NOT_YET_DIGITIZED
Karnataka,kseab-karnataka,Class 12,Commerce,Accountancy,kn,kn+en,NONE,NONE,NONE,2025-2026-ACCREDITED,PATTERN_PENDING,0,0,0,0,0,0,0,PRACTICE_UNAVAILABLE,FULL_EXAM_UNAVAILABLE,ZERO_CONTENT,OFFICIAL_SOURCE_NOT_YET_DIGITIZED
Karnataka,kseab-karnataka,Class 12,Commerce,Accountancy,en,kn+en,NONE,NONE,NONE,2025-2026-ACCREDITED,PATTERN_PENDING,0,0,0,0,0,0,0,PRACTICE_UNAVAILABLE,FULL_EXAM_UNAVAILABLE,ZERO_CONTENT,OFFICIAL_SOURCE_NOT_YET_DIGITIZED
Karnataka,kseab-karnataka,Class 12,Commerce,Business Studies,kn,kn+en,NONE,NONE,NONE,2025-2026-ACCREDITED,PATTERN_PENDING,0,0,0,0,0,0,0,PRACTICE_UNAVAILABLE,FULL_EXAM_UNAVAILABLE,ZERO_CONTENT,OFFICIAL_SOURCE_NOT_YET_DIGITIZED
Karnataka,kseab-karnataka,Class 12,Commerce,Business Studies,en,kn+en,NONE,NONE,NONE,2025-2026-ACCREDITED,PATTERN_PENDING,0,0,0,0,0,0,0,PRACTICE_UNAVAILABLE,FULL_EXAM_UNAVAILABLE,ZERO_CONTENT,OFFICIAL_SOURCE_NOT_YET_DIGITIZED
Karnataka,kseab-karnataka,Class 12,Commerce,Economics,kn,kn+en,NONE,NONE,NONE,2025-2026-ACCREDITED,PATTERN_PENDING,0,0,0,0,0,0,0,PRACTICE_UNAVAILABLE,FULL_EXAM_UNAVAILABLE,ZERO_CONTENT,OFFICIAL_SOURCE_NOT_YET_DIGITIZED
Karnataka,kseab-karnataka,Class 12,Commerce,Economics,en,kn+en,NONE,NONE,NONE,2025-2026-ACCREDITED,PATTERN_PENDING,0,0,0,0,0,0,0,PRACTICE_UNAVAILABLE,FULL_EXAM_UNAVAILABLE,ZERO_CONTENT,OFFICIAL_SOURCE_NOT_YET_DIGITIZED
Maharashtra,maharashtra-board,Class 10,General,Mathematics,mr,mr+en+hi,NONE,NONE,NONE,2025-2026-ACCREDITED,PATTERN_PENDING,0,0,0,0,0,0,0,PRACTICE_UNAVAILABLE,FULL_EXAM_UNAVAILABLE,ZERO_CONTENT,OFFICIAL_SOURCE_NOT_YET_DIGITIZED
Maharashtra,maharashtra-board,Class 10,General,Mathematics,en,mr+en+hi,NONE,NONE,NONE,2025-2026-ACCREDITED,PATTERN_PENDING,0,0,0,0,0,0,0,PRACTICE_UNAVAILABLE,FULL_EXAM_UNAVAILABLE,ZERO_CONTENT,OFFICIAL_SOURCE_NOT_YET_DIGITIZED
Maharashtra,maharashtra-board,Class 10,General,Mathematics,hi,mr+en+hi,NONE,NONE,NONE,2025-2026-ACCREDITED,PATTERN_PENDING,0,0,0,0,0,0,0,PRACTICE_UNAVAILABLE,FULL_EXAM_UNAVAILABLE,ZERO_CONTENT,OFFICIAL_SOURCE_NOT_YET_DIGITIZED
Maharashtra,maharashtra-board,Class 10,General,Science & Technology,mr,mr+en+hi,NONE,NONE,NONE,2025-2026-ACCREDITED,PATTERN_PENDING,0,0,0,0,0,0,0,PRACTICE_UNAVAILABLE,FULL_EXAM_UNAVAILABLE,ZERO_CONTENT,OFFICIAL_SOURCE_NOT_YET_DIGITIZED
Maharashtra,maharashtra-board,Class 10,General,Science & Technology,en,mr+en+hi,NONE,NONE,NONE,2025-2026-ACCREDITED,PATTERN_PENDING,0,0,0,0,0,0,0,PRACTICE_UNAVAILABLE,FULL_EXAM_UNAVAILABLE,ZERO_CONTENT,OFFICIAL_SOURCE_NOT_YET_DIGITIZED
Maharashtra,maharashtra-board,Class 10,General,Science & Technology,hi,mr+en+hi,NONE,NONE,NONE,2025-2026-ACCREDITED,PATTERN_PENDING,0,0,0,0,0,0,0,PRACTICE_UNAVAILABLE,FULL_EXAM_UNAVAILABLE,ZERO_CONTENT,OFFICIAL_SOURCE_NOT_YET_DIGITIZED
Maharashtra,maharashtra-board,Class 10,General,Social Science,mr,mr+en+hi,mr,mr,mr,2025-2026-ACCREDITED,PATTERN_PRELIMINARY,7,0,7,7,5,10,1,PRACTICE_AVAILABLE,FULL_EXAM_UNAVAILABLE,CONTENT_PRELIMINARY,INITIAL_SEED_ONLY
Maharashtra,maharashtra-board,Class 10,General,Social Science,en,mr+en+hi,en,en,en,2025-2026-ACCREDITED,PATTERN_PRELIMINARY,7,0,7,7,5,10,1,PRACTICE_AVAILABLE,FULL_EXAM_UNAVAILABLE,CONTENT_PRELIMINARY,INITIAL_SEED_ONLY
Maharashtra,maharashtra-board,Class 10,General,Social Science,hi,mr+en+hi,NONE,NONE,NONE,2025-2026-ACCREDITED,PATTERN_PENDING,0,0,0,0,0,0,0,PRACTICE_UNAVAILABLE,FULL_EXAM_UNAVAILABLE,ZERO_CONTENT,OFFICIAL_SOURCE_NOT_YET_DIGITIZED
Maharashtra,maharashtra-board,Class 10,General,English Language & Literature,mr,mr+en+hi,NONE,NONE,NONE,2025-2026-ACCREDITED,PATTERN_PENDING,0,0,0,0,0,0,0,PRACTICE_UNAVAILABLE,FULL_EXAM_UNAVAILABLE,ZERO_CONTENT,OFFICIAL_SOURCE_NOT_YET_DIGITIZED
Maharashtra,maharashtra-board,Class 10,General,English Language & Literature,en,mr+en+hi,NONE,NONE,NONE,2025-2026-ACCREDITED,PATTERN_PENDING,0,0,0,0,0,0,0,PRACTICE_UNAVAILABLE,FULL_EXAM_UNAVAILABLE,ZERO_CONTENT,OFFICIAL_SOURCE_NOT_YET_DIGITIZED
Maharashtra,maharashtra-board,Class 10,General,English Language & Literature,hi,mr+en+hi,NONE,NONE,NONE,2025-2026-ACCREDITED,PATTERN_PENDING,0,0,0,0,0,0,0,PRACTICE_UNAVAILABLE,FULL_EXAM_UNAVAILABLE,ZERO_CONTENT,OFFICIAL_SOURCE_NOT_YET_DIGITIZED
Maharashtra,maharashtra-board,Class 10,General,First Language (Regional/Hindi),mr,mr+en+hi,NONE,NONE,NONE,2025-2026-ACCREDITED,PATTERN_PENDING,0,0,0,0,0,0,0,PRACTICE_UNAVAILABLE,FULL_EXAM_UNAVAILABLE,ZERO_CONTENT,OFFICIAL_SOURCE_NOT_YET_DIGITIZED
Maharashtra,maharashtra-board,Class 10,General,First Language (Regional/Hindi),en,mr+en+hi,NONE,NONE,NONE,2025-2026-ACCREDITED,PATTERN_PENDING,0,0,0,0,0,0,0,PRACTICE_UNAVAILABLE,FULL_EXAM_UNAVAILABLE,ZERO_CONTENT,OFFICIAL_SOURCE_NOT_YET_DIGITIZED
Maharashtra,maharashtra-board,Class 10,General,First Language (Regional/Hindi),hi,mr+en+hi,NONE,NONE,NONE,2025-2026-ACCREDITED,PATTERN_PENDING,0,0,0,0,0,0,0,PRACTICE_UNAVAILABLE,FULL_EXAM_UNAVAILABLE,ZERO_CONTENT,OFFICIAL_SOURCE_NOT_YET_DIGITIZED
Maharashtra,maharashtra-board,Class 12,Science,Physics,mr,mr+en+hi,NONE,NONE,NONE,2025-2026-ACCREDITED,PATTERN_PENDING,0,0,0,0,0,0,0,PRACTICE_UNAVAILABLE,FULL_EXAM_UNAVAILABLE,ZERO_CONTENT,OFFICIAL_SOURCE_NOT_YET_DIGITIZED
Maharashtra,maharashtra-board,Class 12,Science,Physics,en,mr+en+hi,NONE,NONE,NONE,2025-2026-ACCREDITED,PATTERN_PENDING,0,0,0,0,0,0,0,PRACTICE_UNAVAILABLE,FULL_EXAM_UNAVAILABLE,ZERO_CONTENT,OFFICIAL_SOURCE_NOT_YET_DIGITIZED
Maharashtra,maharashtra-board,Class 12,Science,Physics,hi,mr+en+hi,NONE,NONE,NONE,2025-2026-ACCREDITED,PATTERN_PENDING,0,0,0,0,0,0,0,PRACTICE_UNAVAILABLE,FULL_EXAM_UNAVAILABLE,ZERO_CONTENT,OFFICIAL_SOURCE_NOT_YET_DIGITIZED
Maharashtra,maharashtra-board,Class 12,Science,Chemistry,mr,mr+en+hi,NONE,NONE,NONE,2025-2026-ACCREDITED,PATTERN_PENDING,0,0,0,0,0,0,0,PRACTICE_UNAVAILABLE,FULL_EXAM_UNAVAILABLE,ZERO_CONTENT,OFFICIAL_SOURCE_NOT_YET_DIGITIZED
Maharashtra,maharashtra-board,Class 12,Science,Chemistry,en,mr+en+hi,NONE,NONE,NONE,2025-2026-ACCREDITED,PATTERN_PENDING,0,0,0,0,0,0,0,PRACTICE_UNAVAILABLE,FULL_EXAM_UNAVAILABLE,ZERO_CONTENT,OFFICIAL_SOURCE_NOT_YET_DIGITIZED
Maharashtra,maharashtra-board,Class 12,Science,Chemistry,hi,mr+en+hi,NONE,NONE,NONE,2025-2026-ACCREDITED,PATTERN_PENDING,0,0,0,0,0,0,0,PRACTICE_UNAVAILABLE,FULL_EXAM_UNAVAILABLE,ZERO_CONTENT,OFFICIAL_SOURCE_NOT_YET_DIGITIZED
Maharashtra,maharashtra-board,Class 12,Science,Higher Mathematics,mr,mr+en+hi,NONE,NONE,NONE,2025-2026-ACCREDITED,PATTERN_PENDING,0,0,0,0,0,0,0,PRACTICE_UNAVAILABLE,FULL_EXAM_UNAVAILABLE,ZERO_CONTENT,OFFICIAL_SOURCE_NOT_YET_DIGITIZED
Maharashtra,maharashtra-board,Class 12,Science,Higher Mathematics,en,mr+en+hi,NONE,NONE,NONE,2025-2026-ACCREDITED,PATTERN_PENDING,0,0,0,0,0,0,0,PRACTICE_UNAVAILABLE,FULL_EXAM_UNAVAILABLE,ZERO_CONTENT,OFFICIAL_SOURCE_NOT_YET_DIGITIZED
Maharashtra,maharashtra-board,Class 12,Science,Higher Mathematics,hi,mr+en+hi,NONE,NONE,NONE,2025-2026-ACCREDITED,PATTERN_PENDING,0,0,0,0,0,0,0,PRACTICE_UNAVAILABLE,FULL_EXAM_UNAVAILABLE,ZERO_CONTENT,OFFICIAL_SOURCE_NOT_YET_DIGITIZED
Maharashtra,maharashtra-board,Class 12,Science,Biology,mr,mr+en+hi,NONE,NONE,NONE,2025-2026-ACCREDITED,PATTERN_PENDING,0,0,0,0,0,0,0,PRACTICE_UNAVAILABLE,FULL_EXAM_UNAVAILABLE,ZERO_CONTENT,OFFICIAL_SOURCE_NOT_YET_DIGITIZED
Maharashtra,maharashtra-board,Class 12,Science,Biology,en,mr+en+hi,NONE,NONE,NONE,2025-2026-ACCREDITED,PATTERN_PENDING,0,0,0,0,0,0,0,PRACTICE_UNAVAILABLE,FULL_EXAM_UNAVAILABLE,ZERO_CONTENT,OFFICIAL_SOURCE_NOT_YET_DIGITIZED
Maharashtra,maharashtra-board,Class 12,Science,Biology,hi,mr+en+hi,NONE,NONE,NONE,2025-2026-ACCREDITED,PATTERN_PENDING,0,0,0,0,0,0,0,PRACTICE_UNAVAILABLE,FULL_EXAM_UNAVAILABLE,ZERO_CONTENT,OFFICIAL_SOURCE_NOT_YET_DIGITIZED
Maharashtra,maharashtra-board,Class 12,Commerce,Accountancy,mr,mr+en+hi,NONE,NONE,NONE,2025-2026-ACCREDITED,PATTERN_PENDING,0,0,0,0,0,0,0,PRACTICE_UNAVAILABLE,FULL_EXAM_UNAVAILABLE,ZERO_CONTENT,OFFICIAL_SOURCE_NOT_YET_DIGITIZED
Maharashtra,maharashtra-board,Class 12,Commerce,Accountancy,en,mr+en+hi,NONE,NONE,NONE,2025-2026-ACCREDITED,PATTERN_PENDING,0,0,0,0,0,0,0,PRACTICE_UNAVAILABLE,FULL_EXAM_UNAVAILABLE,ZERO_CONTENT,OFFICIAL_SOURCE_NOT_YET_DIGITIZED
Maharashtra,maharashtra-board,Class 12,Commerce,Accountancy,hi,mr+en+hi,NONE,NONE,NONE,2025-2026-ACCREDITED,PATTERN_PENDING,0,0,0,0,0,0,0,PRACTICE_UNAVAILABLE,FULL_EXAM_UNAVAILABLE,ZERO_CONTENT,OFFICIAL_SOURCE_NOT_YET_DIGITIZED
Maharashtra,maharashtra-board,Class 12,Commerce,Business Studies,mr,mr+en+hi,NONE,NONE,NONE,2025-2026-ACCREDITED,PATTERN_PENDING,0,0,0,0,0,0,0,PRACTICE_UNAVAILABLE,FULL_EXAM_UNAVAILABLE,ZERO_CONTENT,OFFICIAL_SOURCE_NOT_YET_DIGITIZED
Maharashtra,maharashtra-board,Class 12,Commerce,Business Studies,en,mr+en+hi,NONE,NONE,NONE,2025-2026-ACCREDITED,PATTERN_PENDING,0,0,0,0,0,0,0,PRACTICE_UNAVAILABLE,FULL_EXAM_UNAVAILABLE,ZERO_CONTENT,OFFICIAL_SOURCE_NOT_YET_DIGITIZED
Maharashtra,maharashtra-board,Class 12,Commerce,Business Studies,hi,mr+en+hi,NONE,NONE,NONE,2025-2026-ACCREDITED,PATTERN_PENDING,0,0,0,0,0,0,0,PRACTICE_UNAVAILABLE,FULL_EXAM_UNAVAILABLE,ZERO_CONTENT,OFFICIAL_SOURCE_NOT_YET_DIGITIZED
Maharashtra,maharashtra-board,Class 12,Commerce,Economics,mr,mr+en+hi,NONE,NONE,NONE,2025-2026-ACCREDITED,PATTERN_PENDING,0,0,0,0,0,0,0,PRACTICE_UNAVAILABLE,FULL_EXAM_UNAVAILABLE,ZERO_CONTENT,OFFICIAL_SOURCE_NOT_YET_DIGITIZED
Maharashtra,maharashtra-board,Class 12,Commerce,Economics,en,mr+en+hi,NONE,NONE,NONE,2025-2026-ACCREDITED,PATTERN_PENDING,0,0,0,0,0,0,0,PRACTICE_UNAVAILABLE,FULL_EXAM_UNAVAILABLE,ZERO_CONTENT,OFFICIAL_SOURCE_NOT_YET_DIGITIZED
Maharashtra,maharashtra-board,Class 12,Commerce,Economics,hi,mr+en+hi,NONE,NONE,NONE,2025-2026-ACCREDITED,PATTERN_PENDING,0,0,0,0,0,0,0,PRACTICE_UNAVAILABLE,FULL_EXAM_UNAVAILABLE,ZERO_CONTENT,OFFICIAL_SOURCE_NOT_YET_DIGITIZED
Meghalaya,mbose-board,Class 10,General,Mathematics,en,en,NONE,NONE,NONE,2025-2026-ACCREDITED,PATTERN_PENDING,0,0,0,0,0,0,0,PRACTICE_UNAVAILABLE,FULL_EXAM_UNAVAILABLE,ZERO_CONTENT,OFFICIAL_SOURCE_NOT_YET_DIGITIZED
Meghalaya,mbose-board,Class 10,General,Science & Technology,en,en,NONE,NONE,NONE,2025-2026-ACCREDITED,PATTERN_PENDING,0,0,0,0,0,0,0,PRACTICE_UNAVAILABLE,FULL_EXAM_UNAVAILABLE,ZERO_CONTENT,OFFICIAL_SOURCE_NOT_YET_DIGITIZED
Meghalaya,mbose-board,Class 10,General,Social Science,en,en,NONE,NONE,NONE,2025-2026-ACCREDITED,PATTERN_PENDING,0,0,0,0,0,0,0,PRACTICE_UNAVAILABLE,FULL_EXAM_UNAVAILABLE,ZERO_CONTENT,OFFICIAL_SOURCE_NOT_YET_DIGITIZED
Meghalaya,mbose-board,Class 10,General,English Language & Literature,en,en,NONE,NONE,NONE,2025-2026-ACCREDITED,PATTERN_PENDING,0,0,0,0,0,0,0,PRACTICE_UNAVAILABLE,FULL_EXAM_UNAVAILABLE,ZERO_CONTENT,OFFICIAL_SOURCE_NOT_YET_DIGITIZED
Meghalaya,mbose-board,Class 10,General,First Language (Regional/Hindi),en,en,NONE,NONE,NONE,2025-2026-ACCREDITED,PATTERN_PENDING,0,0,0,0,0,0,0,PRACTICE_UNAVAILABLE,FULL_EXAM_UNAVAILABLE,ZERO_CONTENT,OFFICIAL_SOURCE_NOT_YET_DIGITIZED
Meghalaya,mbose-board,Class 12,Science,Physics,en,en,NONE,NONE,NONE,2025-2026-ACCREDITED,PATTERN_PENDING,0,0,0,0,0,0,0,PRACTICE_UNAVAILABLE,FULL_EXAM_UNAVAILABLE,ZERO_CONTENT,OFFICIAL_SOURCE_NOT_YET_DIGITIZED
Meghalaya,mbose-board,Class 12,Science,Chemistry,en,en,NONE,NONE,NONE,2025-2026-ACCREDITED,PATTERN_PENDING,0,0,0,0,0,0,0,PRACTICE_UNAVAILABLE,FULL_EXAM_UNAVAILABLE,ZERO_CONTENT,OFFICIAL_SOURCE_NOT_YET_DIGITIZED
Meghalaya,mbose-board,Class 12,Science,Higher Mathematics,en,en,NONE,NONE,NONE,2025-2026-ACCREDITED,PATTERN_PENDING,0,0,0,0,0,0,0,PRACTICE_UNAVAILABLE,FULL_EXAM_UNAVAILABLE,ZERO_CONTENT,OFFICIAL_SOURCE_NOT_YET_DIGITIZED
Meghalaya,mbose-board,Class 12,Science,Biology,en,en,NONE,NONE,NONE,2025-2026-ACCREDITED,PATTERN_PENDING,0,0,0,0,0,0,0,PRACTICE_UNAVAILABLE,FULL_EXAM_UNAVAILABLE,ZERO_CONTENT,OFFICIAL_SOURCE_NOT_YET_DIGITIZED
Meghalaya,mbose-board,Class 12,Commerce,Accountancy,en,en,NONE,NONE,NONE,2025-2026-ACCREDITED,PATTERN_PENDING,0,0,0,0,0,0,0,PRACTICE_UNAVAILABLE,FULL_EXAM_UNAVAILABLE,ZERO_CONTENT,OFFICIAL_SOURCE_NOT_YET_DIGITIZED
Meghalaya,mbose-board,Class 12,Commerce,Business Studies,en,en,NONE,NONE,NONE,2025-2026-ACCREDITED,PATTERN_PENDING,0,0,0,0,0,0,0,PRACTICE_UNAVAILABLE,FULL_EXAM_UNAVAILABLE,ZERO_CONTENT,OFFICIAL_SOURCE_NOT_YET_DIGITIZED
Meghalaya,mbose-board,Class 12,Commerce,Economics,en,en,NONE,NONE,NONE,2025-2026-ACCREDITED,PATTERN_PENDING,0,0,0,0,0,0,0,PRACTICE_UNAVAILABLE,FULL_EXAM_UNAVAILABLE,ZERO_CONTENT,OFFICIAL_SOURCE_NOT_YET_DIGITIZED
Mizoram,mbse-board,Class 10,General,Mathematics,en,en,NONE,NONE,NONE,2025-2026-ACCREDITED,PATTERN_PENDING,0,0,0,0,0,0,0,PRACTICE_UNAVAILABLE,FULL_EXAM_UNAVAILABLE,ZERO_CONTENT,OFFICIAL_SOURCE_NOT_YET_DIGITIZED
Mizoram,mbse-board,Class 10,General,Science & Technology,en,en,NONE,NONE,NONE,2025-2026-ACCREDITED,PATTERN_PENDING,0,0,0,0,0,0,0,PRACTICE_UNAVAILABLE,FULL_EXAM_UNAVAILABLE,ZERO_CONTENT,OFFICIAL_SOURCE_NOT_YET_DIGITIZED
Mizoram,mbse-board,Class 10,General,Social Science,en,en,NONE,NONE,NONE,2025-2026-ACCREDITED,PATTERN_PENDING,0,0,0,0,0,0,0,PRACTICE_UNAVAILABLE,FULL_EXAM_UNAVAILABLE,ZERO_CONTENT,OFFICIAL_SOURCE_NOT_YET_DIGITIZED
Mizoram,mbse-board,Class 10,General,English Language & Literature,en,en,NONE,NONE,NONE,2025-2026-ACCREDITED,PATTERN_PENDING,0,0,0,0,0,0,0,PRACTICE_UNAVAILABLE,FULL_EXAM_UNAVAILABLE,ZERO_CONTENT,OFFICIAL_SOURCE_NOT_YET_DIGITIZED
Mizoram,mbse-board,Class 10,General,First Language (Regional/Hindi),en,en,NONE,NONE,NONE,2025-2026-ACCREDITED,PATTERN_PENDING,0,0,0,0,0,0,0,PRACTICE_UNAVAILABLE,FULL_EXAM_UNAVAILABLE,ZERO_CONTENT,OFFICIAL_SOURCE_NOT_YET_DIGITIZED
Mizoram,mbse-board,Class 12,Science,Physics,en,en,NONE,NONE,NONE,2025-2026-ACCREDITED,PATTERN_PENDING,0,0,0,0,0,0,0,PRACTICE_UNAVAILABLE,FULL_EXAM_UNAVAILABLE,ZERO_CONTENT,OFFICIAL_SOURCE_NOT_YET_DIGITIZED
Mizoram,mbse-board,Class 12,Science,Chemistry,en,en,NONE,NONE,NONE,2025-2026-ACCREDITED,PATTERN_PENDING,0,0,0,0,0,0,0,PRACTICE_UNAVAILABLE,FULL_EXAM_UNAVAILABLE,ZERO_CONTENT,OFFICIAL_SOURCE_NOT_YET_DIGITIZED
Mizoram,mbse-board,Class 12,Science,Higher Mathematics,en,en,NONE,NONE,NONE,2025-2026-ACCREDITED,PATTERN_PENDING,0,0,0,0,0,0,0,PRACTICE_UNAVAILABLE,FULL_EXAM_UNAVAILABLE,ZERO_CONTENT,OFFICIAL_SOURCE_NOT_YET_DIGITIZED
Mizoram,mbse-board,Class 12,Science,Biology,en,en,NONE,NONE,NONE,2025-2026-ACCREDITED,PATTERN_PENDING,0,0,0,0,0,0,0,PRACTICE_UNAVAILABLE,FULL_EXAM_UNAVAILABLE,ZERO_CONTENT,OFFICIAL_SOURCE_NOT_YET_DIGITIZED
Mizoram,mbse-board,Class 12,Commerce,Accountancy,en,en,NONE,NONE,NONE,2025-2026-ACCREDITED,PATTERN_PENDING,0,0,0,0,0,0,0,PRACTICE_UNAVAILABLE,FULL_EXAM_UNAVAILABLE,ZERO_CONTENT,OFFICIAL_SOURCE_NOT_YET_DIGITIZED
Mizoram,mbse-board,Class 12,Commerce,Business Studies,en,en,NONE,NONE,NONE,2025-2026-ACCREDITED,PATTERN_PENDING,0,0,0,0,0,0,0,PRACTICE_UNAVAILABLE,FULL_EXAM_UNAVAILABLE,ZERO_CONTENT,OFFICIAL_SOURCE_NOT_YET_DIGITIZED
Mizoram,mbse-board,Class 12,Commerce,Economics,en,en,NONE,NONE,NONE,2025-2026-ACCREDITED,PATTERN_PENDING,0,0,0,0,0,0,0,PRACTICE_UNAVAILABLE,FULL_EXAM_UNAVAILABLE,ZERO_CONTENT,OFFICIAL_SOURCE_NOT_YET_DIGITIZED
Madhya Pradesh,mpbse-board,Class 10,General,Mathematics,hi,hi+en,NONE,NONE,NONE,2025-2026-ACCREDITED,PATTERN_PENDING,0,0,0,0,0,0,0,PRACTICE_UNAVAILABLE,FULL_EXAM_UNAVAILABLE,ZERO_CONTENT,OFFICIAL_SOURCE_NOT_YET_DIGITIZED
Madhya Pradesh,mpbse-board,Class 10,General,Mathematics,en,hi+en,NONE,NONE,NONE,2025-2026-ACCREDITED,PATTERN_PENDING,0,0,0,0,0,0,0,PRACTICE_UNAVAILABLE,FULL_EXAM_UNAVAILABLE,ZERO_CONTENT,OFFICIAL_SOURCE_NOT_YET_DIGITIZED
Madhya Pradesh,mpbse-board,Class 10,General,Science & Technology,hi,hi+en,NONE,NONE,NONE,2025-2026-ACCREDITED,PATTERN_PENDING,0,0,0,0,0,0,0,PRACTICE_UNAVAILABLE,FULL_EXAM_UNAVAILABLE,ZERO_CONTENT,OFFICIAL_SOURCE_NOT_YET_DIGITIZED
Madhya Pradesh,mpbse-board,Class 10,General,Science & Technology,en,hi+en,NONE,NONE,NONE,2025-2026-ACCREDITED,PATTERN_PENDING,0,0,0,0,0,0,0,PRACTICE_UNAVAILABLE,FULL_EXAM_UNAVAILABLE,ZERO_CONTENT,OFFICIAL_SOURCE_NOT_YET_DIGITIZED
Madhya Pradesh,mpbse-board,Class 10,General,Social Science,hi,hi+en,NONE,NONE,NONE,2025-2026-ACCREDITED,PATTERN_PENDING,0,0,0,0,0,0,0,PRACTICE_UNAVAILABLE,FULL_EXAM_UNAVAILABLE,ZERO_CONTENT,OFFICIAL_SOURCE_NOT_YET_DIGITIZED
Madhya Pradesh,mpbse-board,Class 10,General,Social Science,en,hi+en,NONE,NONE,NONE,2025-2026-ACCREDITED,PATTERN_PENDING,0,0,0,0,0,0,0,PRACTICE_UNAVAILABLE,FULL_EXAM_UNAVAILABLE,ZERO_CONTENT,OFFICIAL_SOURCE_NOT_YET_DIGITIZED
Madhya Pradesh,mpbse-board,Class 10,General,English Language & Literature,hi,hi+en,NONE,NONE,NONE,2025-2026-ACCREDITED,PATTERN_PENDING,0,0,0,0,0,0,0,PRACTICE_UNAVAILABLE,FULL_EXAM_UNAVAILABLE,ZERO_CONTENT,OFFICIAL_SOURCE_NOT_YET_DIGITIZED
Madhya Pradesh,mpbse-board,Class 10,General,English Language & Literature,en,hi+en,NONE,NONE,NONE,2025-2026-ACCREDITED,PATTERN_PENDING,0,0,0,0,0,0,0,PRACTICE_UNAVAILABLE,FULL_EXAM_UNAVAILABLE,ZERO_CONTENT,OFFICIAL_SOURCE_NOT_YET_DIGITIZED
Madhya Pradesh,mpbse-board,Class 10,General,First Language (Regional/Hindi),hi,hi+en,NONE,NONE,NONE,2025-2026-ACCREDITED,PATTERN_PENDING,0,0,0,0,0,0,0,PRACTICE_UNAVAILABLE,FULL_EXAM_UNAVAILABLE,ZERO_CONTENT,OFFICIAL_SOURCE_NOT_YET_DIGITIZED
Madhya Pradesh,mpbse-board,Class 10,General,First Language (Regional/Hindi),en,hi+en,NONE,NONE,NONE,2025-2026-ACCREDITED,PATTERN_PENDING,0,0,0,0,0,0,0,PRACTICE_UNAVAILABLE,FULL_EXAM_UNAVAILABLE,ZERO_CONTENT,OFFICIAL_SOURCE_NOT_YET_DIGITIZED
Madhya Pradesh,mpbse-board,Class 12,Science,Physics,hi,hi+en,NONE,NONE,NONE,2025-2026-ACCREDITED,PATTERN_PENDING,0,0,0,0,0,0,0,PRACTICE_UNAVAILABLE,FULL_EXAM_UNAVAILABLE,ZERO_CONTENT,OFFICIAL_SOURCE_NOT_YET_DIGITIZED
Madhya Pradesh,mpbse-board,Class 12,Science,Physics,en,hi+en,NONE,NONE,NONE,2025-2026-ACCREDITED,PATTERN_PENDING,0,0,0,0,0,0,0,PRACTICE_UNAVAILABLE,FULL_EXAM_UNAVAILABLE,ZERO_CONTENT,OFFICIAL_SOURCE_NOT_YET_DIGITIZED
Madhya Pradesh,mpbse-board,Class 12,Science,Chemistry,hi,hi+en,NONE,NONE,NONE,2025-2026-ACCREDITED,PATTERN_PENDING,0,0,0,0,0,0,0,PRACTICE_UNAVAILABLE,FULL_EXAM_UNAVAILABLE,ZERO_CONTENT,OFFICIAL_SOURCE_NOT_YET_DIGITIZED
Madhya Pradesh,mpbse-board,Class 12,Science,Chemistry,en,hi+en,NONE,NONE,NONE,2025-2026-ACCREDITED,PATTERN_PENDING,0,0,0,0,0,0,0,PRACTICE_UNAVAILABLE,FULL_EXAM_UNAVAILABLE,ZERO_CONTENT,OFFICIAL_SOURCE_NOT_YET_DIGITIZED
Madhya Pradesh,mpbse-board,Class 12,Science,Higher Mathematics,hi,hi+en,NONE,NONE,NONE,2025-2026-ACCREDITED,PATTERN_PENDING,0,0,0,0,0,0,0,PRACTICE_UNAVAILABLE,FULL_EXAM_UNAVAILABLE,ZERO_CONTENT,OFFICIAL_SOURCE_NOT_YET_DIGITIZED
Madhya Pradesh,mpbse-board,Class 12,Science,Higher Mathematics,en,hi+en,NONE,NONE,NONE,2025-2026-ACCREDITED,PATTERN_PENDING,0,0,0,0,0,0,0,PRACTICE_UNAVAILABLE,FULL_EXAM_UNAVAILABLE,ZERO_CONTENT,OFFICIAL_SOURCE_NOT_YET_DIGITIZED
Madhya Pradesh,mpbse-board,Class 12,Science,Biology,hi,hi+en,NONE,NONE,NONE,2025-2026-ACCREDITED,PATTERN_PENDING,0,0,0,0,0,0,0,PRACTICE_UNAVAILABLE,FULL_EXAM_UNAVAILABLE,ZERO_CONTENT,OFFICIAL_SOURCE_NOT_YET_DIGITIZED
Madhya Pradesh,mpbse-board,Class 12,Science,Biology,en,hi+en,NONE,NONE,NONE,2025-2026-ACCREDITED,PATTERN_PENDING,0,0,0,0,0,0,0,PRACTICE_UNAVAILABLE,FULL_EXAM_UNAVAILABLE,ZERO_CONTENT,OFFICIAL_SOURCE_NOT_YET_DIGITIZED
Madhya Pradesh,mpbse-board,Class 12,Commerce,Accountancy,hi,hi+en,NONE,NONE,NONE,2025-2026-ACCREDITED,PATTERN_PENDING,0,0,0,0,0,0,0,PRACTICE_UNAVAILABLE,FULL_EXAM_UNAVAILABLE,ZERO_CONTENT,OFFICIAL_SOURCE_NOT_YET_DIGITIZED
Madhya Pradesh,mpbse-board,Class 12,Commerce,Accountancy,en,hi+en,NONE,NONE,NONE,2025-2026-ACCREDITED,PATTERN_PENDING,0,0,0,0,0,0,0,PRACTICE_UNAVAILABLE,FULL_EXAM_UNAVAILABLE,ZERO_CONTENT,OFFICIAL_SOURCE_NOT_YET_DIGITIZED
Madhya Pradesh,mpbse-board,Class 12,Commerce,Business Studies,hi,hi+en,NONE,NONE,NONE,2025-2026-ACCREDITED,PATTERN_PENDING,0,0,0,0,0,0,0,PRACTICE_UNAVAILABLE,FULL_EXAM_UNAVAILABLE,ZERO_CONTENT,OFFICIAL_SOURCE_NOT_YET_DIGITIZED
Madhya Pradesh,mpbse-board,Class 12,Commerce,Business Studies,en,hi+en,NONE,NONE,NONE,2025-2026-ACCREDITED,PATTERN_PENDING,0,0,0,0,0,0,0,PRACTICE_UNAVAILABLE,FULL_EXAM_UNAVAILABLE,ZERO_CONTENT,OFFICIAL_SOURCE_NOT_YET_DIGITIZED
Madhya Pradesh,mpbse-board,Class 12,Commerce,Economics,hi,hi+en,NONE,NONE,NONE,2025-2026-ACCREDITED,PATTERN_PENDING,0,0,0,0,0,0,0,PRACTICE_UNAVAILABLE,FULL_EXAM_UNAVAILABLE,ZERO_CONTENT,OFFICIAL_SOURCE_NOT_YET_DIGITIZED
Madhya Pradesh,mpbse-board,Class 12,Commerce,Economics,en,hi+en,NONE,NONE,NONE,2025-2026-ACCREDITED,PATTERN_PENDING,0,0,0,0,0,0,0,PRACTICE_UNAVAILABLE,FULL_EXAM_UNAVAILABLE,ZERO_CONTENT,OFFICIAL_SOURCE_NOT_YET_DIGITIZED
Nagaland,nbse-board,Class 10,General,Mathematics,en,en,NONE,NONE,NONE,2025-2026-ACCREDITED,PATTERN_PENDING,0,0,0,0,0,0,0,PRACTICE_UNAVAILABLE,FULL_EXAM_UNAVAILABLE,ZERO_CONTENT,OFFICIAL_SOURCE_NOT_YET_DIGITIZED
Nagaland,nbse-board,Class 10,General,Science & Technology,en,en,NONE,NONE,NONE,2025-2026-ACCREDITED,PATTERN_PENDING,0,0,0,0,0,0,0,PRACTICE_UNAVAILABLE,FULL_EXAM_UNAVAILABLE,ZERO_CONTENT,OFFICIAL_SOURCE_NOT_YET_DIGITIZED
Nagaland,nbse-board,Class 10,General,Social Science,en,en,NONE,NONE,NONE,2025-2026-ACCREDITED,PATTERN_PENDING,0,0,0,0,0,0,0,PRACTICE_UNAVAILABLE,FULL_EXAM_UNAVAILABLE,ZERO_CONTENT,OFFICIAL_SOURCE_NOT_YET_DIGITIZED
Nagaland,nbse-board,Class 10,General,English Language & Literature,en,en,NONE,NONE,NONE,2025-2026-ACCREDITED,PATTERN_PENDING,0,0,0,0,0,0,0,PRACTICE_UNAVAILABLE,FULL_EXAM_UNAVAILABLE,ZERO_CONTENT,OFFICIAL_SOURCE_NOT_YET_DIGITIZED
Nagaland,nbse-board,Class 10,General,First Language (Regional/Hindi),en,en,NONE,NONE,NONE,2025-2026-ACCREDITED,PATTERN_PENDING,0,0,0,0,0,0,0,PRACTICE_UNAVAILABLE,FULL_EXAM_UNAVAILABLE,ZERO_CONTENT,OFFICIAL_SOURCE_NOT_YET_DIGITIZED
Nagaland,nbse-board,Class 12,Science,Physics,en,en,NONE,NONE,NONE,2025-2026-ACCREDITED,PATTERN_PENDING,0,0,0,0,0,0,0,PRACTICE_UNAVAILABLE,FULL_EXAM_UNAVAILABLE,ZERO_CONTENT,OFFICIAL_SOURCE_NOT_YET_DIGITIZED
Nagaland,nbse-board,Class 12,Science,Chemistry,en,en,NONE,NONE,NONE,2025-2026-ACCREDITED,PATTERN_PENDING,0,0,0,0,0,0,0,PRACTICE_UNAVAILABLE,FULL_EXAM_UNAVAILABLE,ZERO_CONTENT,OFFICIAL_SOURCE_NOT_YET_DIGITIZED
Nagaland,nbse-board,Class 12,Science,Higher Mathematics,en,en,NONE,NONE,NONE,2025-2026-ACCREDITED,PATTERN_PENDING,0,0,0,0,0,0,0,PRACTICE_UNAVAILABLE,FULL_EXAM_UNAVAILABLE,ZERO_CONTENT,OFFICIAL_SOURCE_NOT_YET_DIGITIZED
Nagaland,nbse-board,Class 12,Science,Biology,en,en,NONE,NONE,NONE,2025-2026-ACCREDITED,PATTERN_PENDING,0,0,0,0,0,0,0,PRACTICE_UNAVAILABLE,FULL_EXAM_UNAVAILABLE,ZERO_CONTENT,OFFICIAL_SOURCE_NOT_YET_DIGITIZED
Nagaland,nbse-board,Class 12,Commerce,Accountancy,en,en,NONE,NONE,NONE,2025-2026-ACCREDITED,PATTERN_PENDING,0,0,0,0,0,0,0,PRACTICE_UNAVAILABLE,FULL_EXAM_UNAVAILABLE,ZERO_CONTENT,OFFICIAL_SOURCE_NOT_YET_DIGITIZED
Nagaland,nbse-board,Class 12,Commerce,Business Studies,en,en,NONE,NONE,NONE,2025-2026-ACCREDITED,PATTERN_PENDING,0,0,0,0,0,0,0,PRACTICE_UNAVAILABLE,FULL_EXAM_UNAVAILABLE,ZERO_CONTENT,OFFICIAL_SOURCE_NOT_YET_DIGITIZED
Nagaland,nbse-board,Class 12,Commerce,Economics,en,en,NONE,NONE,NONE,2025-2026-ACCREDITED,PATTERN_PENDING,0,0,0,0,0,0,0,PRACTICE_UNAVAILABLE,FULL_EXAM_UNAVAILABLE,ZERO_CONTENT,OFFICIAL_SOURCE_NOT_YET_DIGITIZED
National,nios-board,Class 10,General,Mathematics,en,en+hi,NONE,NONE,NONE,2025-2026-ACCREDITED,PATTERN_PENDING,0,0,0,0,0,0,0,PRACTICE_UNAVAILABLE,FULL_EXAM_UNAVAILABLE,ZERO_CONTENT,OFFICIAL_SOURCE_NOT_YET_DIGITIZED
National,nios-board,Class 10,General,Mathematics,hi,en+hi,NONE,NONE,NONE,2025-2026-ACCREDITED,PATTERN_PENDING,0,0,0,0,0,0,0,PRACTICE_UNAVAILABLE,FULL_EXAM_UNAVAILABLE,ZERO_CONTENT,OFFICIAL_SOURCE_NOT_YET_DIGITIZED
National,nios-board,Class 10,General,Science & Technology,en,en+hi,NONE,NONE,NONE,2025-2026-ACCREDITED,PATTERN_PENDING,0,0,0,0,0,0,0,PRACTICE_UNAVAILABLE,FULL_EXAM_UNAVAILABLE,ZERO_CONTENT,OFFICIAL_SOURCE_NOT_YET_DIGITIZED
National,nios-board,Class 10,General,Science & Technology,hi,en+hi,NONE,NONE,NONE,2025-2026-ACCREDITED,PATTERN_PENDING,0,0,0,0,0,0,0,PRACTICE_UNAVAILABLE,FULL_EXAM_UNAVAILABLE,ZERO_CONTENT,OFFICIAL_SOURCE_NOT_YET_DIGITIZED
National,nios-board,Class 10,General,Social Science,en,en+hi,NONE,NONE,NONE,2025-2026-ACCREDITED,PATTERN_PENDING,0,0,0,0,0,0,0,PRACTICE_UNAVAILABLE,FULL_EXAM_UNAVAILABLE,ZERO_CONTENT,OFFICIAL_SOURCE_NOT_YET_DIGITIZED
National,nios-board,Class 10,General,Social Science,hi,en+hi,NONE,NONE,NONE,2025-2026-ACCREDITED,PATTERN_PENDING,0,0,0,0,0,0,0,PRACTICE_UNAVAILABLE,FULL_EXAM_UNAVAILABLE,ZERO_CONTENT,OFFICIAL_SOURCE_NOT_YET_DIGITIZED
National,nios-board,Class 10,General,English Language & Literature,en,en+hi,NONE,NONE,NONE,2025-2026-ACCREDITED,PATTERN_PENDING,0,0,0,0,0,0,0,PRACTICE_UNAVAILABLE,FULL_EXAM_UNAVAILABLE,ZERO_CONTENT,OFFICIAL_SOURCE_NOT_YET_DIGITIZED
National,nios-board,Class 10,General,English Language & Literature,hi,en+hi,NONE,NONE,NONE,2025-2026-ACCREDITED,PATTERN_PENDING,0,0,0,0,0,0,0,PRACTICE_UNAVAILABLE,FULL_EXAM_UNAVAILABLE,ZERO_CONTENT,OFFICIAL_SOURCE_NOT_YET_DIGITIZED
National,nios-board,Class 10,General,First Language (Regional/Hindi),en,en+hi,NONE,NONE,NONE,2025-2026-ACCREDITED,PATTERN_PENDING,0,0,0,0,0,0,0,PRACTICE_UNAVAILABLE,FULL_EXAM_UNAVAILABLE,ZERO_CONTENT,OFFICIAL_SOURCE_NOT_YET_DIGITIZED
National,nios-board,Class 10,General,First Language (Regional/Hindi),hi,en+hi,NONE,NONE,NONE,2025-2026-ACCREDITED,PATTERN_PENDING,0,0,0,0,0,0,0,PRACTICE_UNAVAILABLE,FULL_EXAM_UNAVAILABLE,ZERO_CONTENT,OFFICIAL_SOURCE_NOT_YET_DIGITIZED
National,nios-board,Class 12,Science,Physics,en,en+hi,NONE,NONE,NONE,2025-2026-ACCREDITED,PATTERN_PENDING,0,0,0,0,0,0,0,PRACTICE_UNAVAILABLE,FULL_EXAM_UNAVAILABLE,ZERO_CONTENT,OFFICIAL_SOURCE_NOT_YET_DIGITIZED
National,nios-board,Class 12,Science,Physics,hi,en+hi,NONE,NONE,NONE,2025-2026-ACCREDITED,PATTERN_PENDING,0,0,0,0,0,0,0,PRACTICE_UNAVAILABLE,FULL_EXAM_UNAVAILABLE,ZERO_CONTENT,OFFICIAL_SOURCE_NOT_YET_DIGITIZED
National,nios-board,Class 12,Science,Chemistry,en,en+hi,NONE,NONE,NONE,2025-2026-ACCREDITED,PATTERN_PENDING,0,0,0,0,0,0,0,PRACTICE_UNAVAILABLE,FULL_EXAM_UNAVAILABLE,ZERO_CONTENT,OFFICIAL_SOURCE_NOT_YET_DIGITIZED
National,nios-board,Class 12,Science,Chemistry,hi,en+hi,NONE,NONE,NONE,2025-2026-ACCREDITED,PATTERN_PENDING,0,0,0,0,0,0,0,PRACTICE_UNAVAILABLE,FULL_EXAM_UNAVAILABLE,ZERO_CONTENT,OFFICIAL_SOURCE_NOT_YET_DIGITIZED
National,nios-board,Class 12,Science,Higher Mathematics,en,en+hi,NONE,NONE,NONE,2025-2026-ACCREDITED,PATTERN_PENDING,0,0,0,0,0,0,0,PRACTICE_UNAVAILABLE,FULL_EXAM_UNAVAILABLE,ZERO_CONTENT,OFFICIAL_SOURCE_NOT_YET_DIGITIZED
National,nios-board,Class 12,Science,Higher Mathematics,hi,en+hi,NONE,NONE,NONE,2025-2026-ACCREDITED,PATTERN_PENDING,0,0,0,0,0,0,0,PRACTICE_UNAVAILABLE,FULL_EXAM_UNAVAILABLE,ZERO_CONTENT,OFFICIAL_SOURCE_NOT_YET_DIGITIZED
National,nios-board,Class 12,Science,Biology,en,en+hi,NONE,NONE,NONE,2025-2026-ACCREDITED,PATTERN_PENDING,0,0,0,0,0,0,0,PRACTICE_UNAVAILABLE,FULL_EXAM_UNAVAILABLE,ZERO_CONTENT,OFFICIAL_SOURCE_NOT_YET_DIGITIZED
National,nios-board,Class 12,Science,Biology,hi,en+hi,NONE,NONE,NONE,2025-2026-ACCREDITED,PATTERN_PENDING,0,0,0,0,0,0,0,PRACTICE_UNAVAILABLE,FULL_EXAM_UNAVAILABLE,ZERO_CONTENT,OFFICIAL_SOURCE_NOT_YET_DIGITIZED
National,nios-board,Class 12,Commerce,Accountancy,en,en+hi,NONE,NONE,NONE,2025-2026-ACCREDITED,PATTERN_PENDING,0,0,0,0,0,0,0,PRACTICE_UNAVAILABLE,FULL_EXAM_UNAVAILABLE,ZERO_CONTENT,OFFICIAL_SOURCE_NOT_YET_DIGITIZED
National,nios-board,Class 12,Commerce,Accountancy,hi,en+hi,NONE,NONE,NONE,2025-2026-ACCREDITED,PATTERN_PENDING,0,0,0,0,0,0,0,PRACTICE_UNAVAILABLE,FULL_EXAM_UNAVAILABLE,ZERO_CONTENT,OFFICIAL_SOURCE_NOT_YET_DIGITIZED
National,nios-board,Class 12,Commerce,Business Studies,en,en+hi,NONE,NONE,NONE,2025-2026-ACCREDITED,PATTERN_PENDING,0,0,0,0,0,0,0,PRACTICE_UNAVAILABLE,FULL_EXAM_UNAVAILABLE,ZERO_CONTENT,OFFICIAL_SOURCE_NOT_YET_DIGITIZED
National,nios-board,Class 12,Commerce,Business Studies,hi,en+hi,NONE,NONE,NONE,2025-2026-ACCREDITED,PATTERN_PENDING,0,0,0,0,0,0,0,PRACTICE_UNAVAILABLE,FULL_EXAM_UNAVAILABLE,ZERO_CONTENT,OFFICIAL_SOURCE_NOT_YET_DIGITIZED
National,nios-board,Class 12,Commerce,Economics,en,en+hi,NONE,NONE,NONE,2025-2026-ACCREDITED,PATTERN_PENDING,0,0,0,0,0,0,0,PRACTICE_UNAVAILABLE,FULL_EXAM_UNAVAILABLE,ZERO_CONTENT,OFFICIAL_SOURCE_NOT_YET_DIGITIZED
National,nios-board,Class 12,Commerce,Economics,hi,en+hi,NONE,NONE,NONE,2025-2026-ACCREDITED,PATTERN_PENDING,0,0,0,0,0,0,0,PRACTICE_UNAVAILABLE,FULL_EXAM_UNAVAILABLE,ZERO_CONTENT,OFFICIAL_SOURCE_NOT_YET_DIGITIZED
Punjab,pseb-punjab,Class 10,General,Mathematics,pa,pa+en+hi,NONE,NONE,NONE,2025-2026-ACCREDITED,PATTERN_PENDING,0,0,0,0,0,0,0,PRACTICE_UNAVAILABLE,FULL_EXAM_UNAVAILABLE,ZERO_CONTENT,OFFICIAL_SOURCE_NOT_YET_DIGITIZED
Punjab,pseb-punjab,Class 10,General,Mathematics,en,pa+en+hi,NONE,NONE,NONE,2025-2026-ACCREDITED,PATTERN_PENDING,0,0,0,0,0,0,0,PRACTICE_UNAVAILABLE,FULL_EXAM_UNAVAILABLE,ZERO_CONTENT,OFFICIAL_SOURCE_NOT_YET_DIGITIZED
Punjab,pseb-punjab,Class 10,General,Mathematics,hi,pa+en+hi,NONE,NONE,NONE,2025-2026-ACCREDITED,PATTERN_PENDING,0,0,0,0,0,0,0,PRACTICE_UNAVAILABLE,FULL_EXAM_UNAVAILABLE,ZERO_CONTENT,OFFICIAL_SOURCE_NOT_YET_DIGITIZED
Punjab,pseb-punjab,Class 10,General,Science & Technology,pa,pa+en+hi,NONE,NONE,NONE,2025-2026-ACCREDITED,PATTERN_PENDING,0,0,0,0,0,0,0,PRACTICE_UNAVAILABLE,FULL_EXAM_UNAVAILABLE,ZERO_CONTENT,OFFICIAL_SOURCE_NOT_YET_DIGITIZED
Punjab,pseb-punjab,Class 10,General,Science & Technology,en,pa+en+hi,NONE,NONE,NONE,2025-2026-ACCREDITED,PATTERN_PENDING,0,0,0,0,0,0,0,PRACTICE_UNAVAILABLE,FULL_EXAM_UNAVAILABLE,ZERO_CONTENT,OFFICIAL_SOURCE_NOT_YET_DIGITIZED
Punjab,pseb-punjab,Class 10,General,Science & Technology,hi,pa+en+hi,NONE,NONE,NONE,2025-2026-ACCREDITED,PATTERN_PENDING,0,0,0,0,0,0,0,PRACTICE_UNAVAILABLE,FULL_EXAM_UNAVAILABLE,ZERO_CONTENT,OFFICIAL_SOURCE_NOT_YET_DIGITIZED
Punjab,pseb-punjab,Class 10,General,Social Science,pa,pa+en+hi,NONE,NONE,NONE,2025-2026-ACCREDITED,PATTERN_PENDING,0,0,0,0,0,0,0,PRACTICE_UNAVAILABLE,FULL_EXAM_UNAVAILABLE,ZERO_CONTENT,OFFICIAL_SOURCE_NOT_YET_DIGITIZED
Punjab,pseb-punjab,Class 10,General,Social Science,en,pa+en+hi,NONE,NONE,NONE,2025-2026-ACCREDITED,PATTERN_PENDING,0,0,0,0,0,0,0,PRACTICE_UNAVAILABLE,FULL_EXAM_UNAVAILABLE,ZERO_CONTENT,OFFICIAL_SOURCE_NOT_YET_DIGITIZED
Punjab,pseb-punjab,Class 10,General,Social Science,hi,pa+en+hi,NONE,NONE,NONE,2025-2026-ACCREDITED,PATTERN_PENDING,0,0,0,0,0,0,0,PRACTICE_UNAVAILABLE,FULL_EXAM_UNAVAILABLE,ZERO_CONTENT,OFFICIAL_SOURCE_NOT_YET_DIGITIZED
Punjab,pseb-punjab,Class 10,General,English Language & Literature,pa,pa+en+hi,NONE,NONE,NONE,2025-2026-ACCREDITED,PATTERN_PENDING,0,0,0,0,0,0,0,PRACTICE_UNAVAILABLE,FULL_EXAM_UNAVAILABLE,ZERO_CONTENT,OFFICIAL_SOURCE_NOT_YET_DIGITIZED
Punjab,pseb-punjab,Class 10,General,English Language & Literature,en,pa+en+hi,NONE,NONE,NONE,2025-2026-ACCREDITED,PATTERN_PENDING,0,0,0,0,0,0,0,PRACTICE_UNAVAILABLE,FULL_EXAM_UNAVAILABLE,ZERO_CONTENT,OFFICIAL_SOURCE_NOT_YET_DIGITIZED
Punjab,pseb-punjab,Class 10,General,English Language & Literature,hi,pa+en+hi,NONE,NONE,NONE,2025-2026-ACCREDITED,PATTERN_PENDING,0,0,0,0,0,0,0,PRACTICE_UNAVAILABLE,FULL_EXAM_UNAVAILABLE,ZERO_CONTENT,OFFICIAL_SOURCE_NOT_YET_DIGITIZED
Punjab,pseb-punjab,Class 10,General,First Language (Regional/Hindi),pa,pa+en+hi,NONE,NONE,NONE,2025-2026-ACCREDITED,PATTERN_PENDING,0,0,0,0,0,0,0,PRACTICE_UNAVAILABLE,FULL_EXAM_UNAVAILABLE,ZERO_CONTENT,OFFICIAL_SOURCE_NOT_YET_DIGITIZED
Punjab,pseb-punjab,Class 10,General,First Language (Regional/Hindi),en,pa+en+hi,NONE,NONE,NONE,2025-2026-ACCREDITED,PATTERN_PENDING,0,0,0,0,0,0,0,PRACTICE_UNAVAILABLE,FULL_EXAM_UNAVAILABLE,ZERO_CONTENT,OFFICIAL_SOURCE_NOT_YET_DIGITIZED
Punjab,pseb-punjab,Class 10,General,First Language (Regional/Hindi),hi,pa+en+hi,NONE,NONE,NONE,2025-2026-ACCREDITED,PATTERN_PENDING,0,0,0,0,0,0,0,PRACTICE_UNAVAILABLE,FULL_EXAM_UNAVAILABLE,ZERO_CONTENT,OFFICIAL_SOURCE_NOT_YET_DIGITIZED
Punjab,pseb-punjab,Class 12,Science,Physics,pa,pa+en+hi,NONE,NONE,NONE,2025-2026-ACCREDITED,PATTERN_PENDING,0,0,0,0,0,0,0,PRACTICE_UNAVAILABLE,FULL_EXAM_UNAVAILABLE,ZERO_CONTENT,OFFICIAL_SOURCE_NOT_YET_DIGITIZED
Punjab,pseb-punjab,Class 12,Science,Physics,en,pa+en+hi,NONE,NONE,NONE,2025-2026-ACCREDITED,PATTERN_PENDING,0,0,0,0,0,0,0,PRACTICE_UNAVAILABLE,FULL_EXAM_UNAVAILABLE,ZERO_CONTENT,OFFICIAL_SOURCE_NOT_YET_DIGITIZED
Punjab,pseb-punjab,Class 12,Science,Physics,hi,pa+en+hi,NONE,NONE,NONE,2025-2026-ACCREDITED,PATTERN_PENDING,0,0,0,0,0,0,0,PRACTICE_UNAVAILABLE,FULL_EXAM_UNAVAILABLE,ZERO_CONTENT,OFFICIAL_SOURCE_NOT_YET_DIGITIZED
Punjab,pseb-punjab,Class 12,Science,Chemistry,pa,pa+en+hi,NONE,NONE,NONE,2025-2026-ACCREDITED,PATTERN_PENDING,0,0,0,0,0,0,0,PRACTICE_UNAVAILABLE,FULL_EXAM_UNAVAILABLE,ZERO_CONTENT,OFFICIAL_SOURCE_NOT_YET_DIGITIZED
Punjab,pseb-punjab,Class 12,Science,Chemistry,en,pa+en+hi,NONE,NONE,NONE,2025-2026-ACCREDITED,PATTERN_PENDING,0,0,0,0,0,0,0,PRACTICE_UNAVAILABLE,FULL_EXAM_UNAVAILABLE,ZERO_CONTENT,OFFICIAL_SOURCE_NOT_YET_DIGITIZED
Punjab,pseb-punjab,Class 12,Science,Chemistry,hi,pa+en+hi,NONE,NONE,NONE,2025-2026-ACCREDITED,PATTERN_PENDING,0,0,0,0,0,0,0,PRACTICE_UNAVAILABLE,FULL_EXAM_UNAVAILABLE,ZERO_CONTENT,OFFICIAL_SOURCE_NOT_YET_DIGITIZED
Punjab,pseb-punjab,Class 12,Science,Higher Mathematics,pa,pa+en+hi,NONE,NONE,NONE,2025-2026-ACCREDITED,PATTERN_PENDING,0,0,0,0,0,0,0,PRACTICE_UNAVAILABLE,FULL_EXAM_UNAVAILABLE,ZERO_CONTENT,OFFICIAL_SOURCE_NOT_YET_DIGITIZED
Punjab,pseb-punjab,Class 12,Science,Higher Mathematics,en,pa+en+hi,NONE,NONE,NONE,2025-2026-ACCREDITED,PATTERN_PENDING,0,0,0,0,0,0,0,PRACTICE_UNAVAILABLE,FULL_EXAM_UNAVAILABLE,ZERO_CONTENT,OFFICIAL_SOURCE_NOT_YET_DIGITIZED
Punjab,pseb-punjab,Class 12,Science,Higher Mathematics,hi,pa+en+hi,NONE,NONE,NONE,2025-2026-ACCREDITED,PATTERN_PENDING,0,0,0,0,0,0,0,PRACTICE_UNAVAILABLE,FULL_EXAM_UNAVAILABLE,ZERO_CONTENT,OFFICIAL_SOURCE_NOT_YET_DIGITIZED
Punjab,pseb-punjab,Class 12,Science,Biology,pa,pa+en+hi,NONE,NONE,NONE,2025-2026-ACCREDITED,PATTERN_PENDING,0,0,0,0,0,0,0,PRACTICE_UNAVAILABLE,FULL_EXAM_UNAVAILABLE,ZERO_CONTENT,OFFICIAL_SOURCE_NOT_YET_DIGITIZED
Punjab,pseb-punjab,Class 12,Science,Biology,en,pa+en+hi,NONE,NONE,NONE,2025-2026-ACCREDITED,PATTERN_PENDING,0,0,0,0,0,0,0,PRACTICE_UNAVAILABLE,FULL_EXAM_UNAVAILABLE,ZERO_CONTENT,OFFICIAL_SOURCE_NOT_YET_DIGITIZED
Punjab,pseb-punjab,Class 12,Science,Biology,hi,pa+en+hi,NONE,NONE,NONE,2025-2026-ACCREDITED,PATTERN_PENDING,0,0,0,0,0,0,0,PRACTICE_UNAVAILABLE,FULL_EXAM_UNAVAILABLE,ZERO_CONTENT,OFFICIAL_SOURCE_NOT_YET_DIGITIZED
Punjab,pseb-punjab,Class 12,Commerce,Accountancy,pa,pa+en+hi,NONE,NONE,NONE,2025-2026-ACCREDITED,PATTERN_PENDING,0,0,0,0,0,0,0,PRACTICE_UNAVAILABLE,FULL_EXAM_UNAVAILABLE,ZERO_CONTENT,OFFICIAL_SOURCE_NOT_YET_DIGITIZED
Punjab,pseb-punjab,Class 12,Commerce,Accountancy,en,pa+en+hi,NONE,NONE,NONE,2025-2026-ACCREDITED,PATTERN_PENDING,0,0,0,0,0,0,0,PRACTICE_UNAVAILABLE,FULL_EXAM_UNAVAILABLE,ZERO_CONTENT,OFFICIAL_SOURCE_NOT_YET_DIGITIZED
Punjab,pseb-punjab,Class 12,Commerce,Accountancy,hi,pa+en+hi,NONE,NONE,NONE,2025-2026-ACCREDITED,PATTERN_PENDING,0,0,0,0,0,0,0,PRACTICE_UNAVAILABLE,FULL_EXAM_UNAVAILABLE,ZERO_CONTENT,OFFICIAL_SOURCE_NOT_YET_DIGITIZED
Punjab,pseb-punjab,Class 12,Commerce,Business Studies,pa,pa+en+hi,NONE,NONE,NONE,2025-2026-ACCREDITED,PATTERN_PENDING,0,0,0,0,0,0,0,PRACTICE_UNAVAILABLE,FULL_EXAM_UNAVAILABLE,ZERO_CONTENT,OFFICIAL_SOURCE_NOT_YET_DIGITIZED
Punjab,pseb-punjab,Class 12,Commerce,Business Studies,en,pa+en+hi,NONE,NONE,NONE,2025-2026-ACCREDITED,PATTERN_PENDING,0,0,0,0,0,0,0,PRACTICE_UNAVAILABLE,FULL_EXAM_UNAVAILABLE,ZERO_CONTENT,OFFICIAL_SOURCE_NOT_YET_DIGITIZED
Punjab,pseb-punjab,Class 12,Commerce,Business Studies,hi,pa+en+hi,NONE,NONE,NONE,2025-2026-ACCREDITED,PATTERN_PENDING,0,0,0,0,0,0,0,PRACTICE_UNAVAILABLE,FULL_EXAM_UNAVAILABLE,ZERO_CONTENT,OFFICIAL_SOURCE_NOT_YET_DIGITIZED
Punjab,pseb-punjab,Class 12,Commerce,Economics,pa,pa+en+hi,NONE,NONE,NONE,2025-2026-ACCREDITED,PATTERN_PENDING,0,0,0,0,0,0,0,PRACTICE_UNAVAILABLE,FULL_EXAM_UNAVAILABLE,ZERO_CONTENT,OFFICIAL_SOURCE_NOT_YET_DIGITIZED
Punjab,pseb-punjab,Class 12,Commerce,Economics,en,pa+en+hi,NONE,NONE,NONE,2025-2026-ACCREDITED,PATTERN_PENDING,0,0,0,0,0,0,0,PRACTICE_UNAVAILABLE,FULL_EXAM_UNAVAILABLE,ZERO_CONTENT,OFFICIAL_SOURCE_NOT_YET_DIGITIZED
Punjab,pseb-punjab,Class 12,Commerce,Economics,hi,pa+en+hi,NONE,NONE,NONE,2025-2026-ACCREDITED,PATTERN_PENDING,0,0,0,0,0,0,0,PRACTICE_UNAVAILABLE,FULL_EXAM_UNAVAILABLE,ZERO_CONTENT,OFFICIAL_SOURCE_NOT_YET_DIGITIZED
Rajasthan,rbse-rajasthan,Class 10,General,Mathematics,hi,hi+en,NONE,NONE,NONE,2025-2026-ACCREDITED,PATTERN_PENDING,0,0,0,0,0,0,0,PRACTICE_UNAVAILABLE,FULL_EXAM_UNAVAILABLE,ZERO_CONTENT,OFFICIAL_SOURCE_NOT_YET_DIGITIZED
Rajasthan,rbse-rajasthan,Class 10,General,Mathematics,en,hi+en,NONE,NONE,NONE,2025-2026-ACCREDITED,PATTERN_PENDING,0,0,0,0,0,0,0,PRACTICE_UNAVAILABLE,FULL_EXAM_UNAVAILABLE,ZERO_CONTENT,OFFICIAL_SOURCE_NOT_YET_DIGITIZED
Rajasthan,rbse-rajasthan,Class 10,General,Science & Technology,hi,hi+en,NONE,NONE,NONE,2025-2026-ACCREDITED,PATTERN_PENDING,0,0,0,0,0,0,0,PRACTICE_UNAVAILABLE,FULL_EXAM_UNAVAILABLE,ZERO_CONTENT,OFFICIAL_SOURCE_NOT_YET_DIGITIZED
Rajasthan,rbse-rajasthan,Class 10,General,Science & Technology,en,hi+en,NONE,NONE,NONE,2025-2026-ACCREDITED,PATTERN_PENDING,0,0,0,0,0,0,0,PRACTICE_UNAVAILABLE,FULL_EXAM_UNAVAILABLE,ZERO_CONTENT,OFFICIAL_SOURCE_NOT_YET_DIGITIZED
Rajasthan,rbse-rajasthan,Class 10,General,Social Science,hi,hi+en,NONE,NONE,NONE,2025-2026-ACCREDITED,PATTERN_PENDING,0,0,0,0,0,0,0,PRACTICE_UNAVAILABLE,FULL_EXAM_UNAVAILABLE,ZERO_CONTENT,OFFICIAL_SOURCE_NOT_YET_DIGITIZED
Rajasthan,rbse-rajasthan,Class 10,General,Social Science,en,hi+en,NONE,NONE,NONE,2025-2026-ACCREDITED,PATTERN_PENDING,0,0,0,0,0,0,0,PRACTICE_UNAVAILABLE,FULL_EXAM_UNAVAILABLE,ZERO_CONTENT,OFFICIAL_SOURCE_NOT_YET_DIGITIZED
Rajasthan,rbse-rajasthan,Class 10,General,English Language & Literature,hi,hi+en,NONE,NONE,NONE,2025-2026-ACCREDITED,PATTERN_PENDING,0,0,0,0,0,0,0,PRACTICE_UNAVAILABLE,FULL_EXAM_UNAVAILABLE,ZERO_CONTENT,OFFICIAL_SOURCE_NOT_YET_DIGITIZED
Rajasthan,rbse-rajasthan,Class 10,General,English Language & Literature,en,hi+en,NONE,NONE,NONE,2025-2026-ACCREDITED,PATTERN_PENDING,0,0,0,0,0,0,0,PRACTICE_UNAVAILABLE,FULL_EXAM_UNAVAILABLE,ZERO_CONTENT,OFFICIAL_SOURCE_NOT_YET_DIGITIZED
Rajasthan,rbse-rajasthan,Class 10,General,First Language (Regional/Hindi),hi,hi+en,NONE,NONE,NONE,2025-2026-ACCREDITED,PATTERN_PENDING,0,0,0,0,0,0,0,PRACTICE_UNAVAILABLE,FULL_EXAM_UNAVAILABLE,ZERO_CONTENT,OFFICIAL_SOURCE_NOT_YET_DIGITIZED
Rajasthan,rbse-rajasthan,Class 10,General,First Language (Regional/Hindi),en,hi+en,NONE,NONE,NONE,2025-2026-ACCREDITED,PATTERN_PENDING,0,0,0,0,0,0,0,PRACTICE_UNAVAILABLE,FULL_EXAM_UNAVAILABLE,ZERO_CONTENT,OFFICIAL_SOURCE_NOT_YET_DIGITIZED
Rajasthan,rbse-rajasthan,Class 12,Science,Physics,hi,hi+en,NONE,NONE,NONE,2025-2026-ACCREDITED,PATTERN_PENDING,0,0,0,0,0,0,0,PRACTICE_UNAVAILABLE,FULL_EXAM_UNAVAILABLE,ZERO_CONTENT,OFFICIAL_SOURCE_NOT_YET_DIGITIZED
Rajasthan,rbse-rajasthan,Class 12,Science,Physics,en,hi+en,NONE,NONE,NONE,2025-2026-ACCREDITED,PATTERN_PENDING,0,0,0,0,0,0,0,PRACTICE_UNAVAILABLE,FULL_EXAM_UNAVAILABLE,ZERO_CONTENT,OFFICIAL_SOURCE_NOT_YET_DIGITIZED
Rajasthan,rbse-rajasthan,Class 12,Science,Chemistry,hi,hi+en,NONE,NONE,NONE,2025-2026-ACCREDITED,PATTERN_PENDING,0,0,0,0,0,0,0,PRACTICE_UNAVAILABLE,FULL_EXAM_UNAVAILABLE,ZERO_CONTENT,OFFICIAL_SOURCE_NOT_YET_DIGITIZED
Rajasthan,rbse-rajasthan,Class 12,Science,Chemistry,en,hi+en,NONE,NONE,NONE,2025-2026-ACCREDITED,PATTERN_PENDING,0,0,0,0,0,0,0,PRACTICE_UNAVAILABLE,FULL_EXAM_UNAVAILABLE,ZERO_CONTENT,OFFICIAL_SOURCE_NOT_YET_DIGITIZED
Rajasthan,rbse-rajasthan,Class 12,Science,Higher Mathematics,hi,hi+en,NONE,NONE,NONE,2025-2026-ACCREDITED,PATTERN_PENDING,0,0,0,0,0,0,0,PRACTICE_UNAVAILABLE,FULL_EXAM_UNAVAILABLE,ZERO_CONTENT,OFFICIAL_SOURCE_NOT_YET_DIGITIZED
Rajasthan,rbse-rajasthan,Class 12,Science,Higher Mathematics,en,hi+en,NONE,NONE,NONE,2025-2026-ACCREDITED,PATTERN_PENDING,0,0,0,0,0,0,0,PRACTICE_UNAVAILABLE,FULL_EXAM_UNAVAILABLE,ZERO_CONTENT,OFFICIAL_SOURCE_NOT_YET_DIGITIZED
Rajasthan,rbse-rajasthan,Class 12,Science,Biology,hi,hi+en,NONE,NONE,NONE,2025-2026-ACCREDITED,PATTERN_PENDING,0,0,0,0,0,0,0,PRACTICE_UNAVAILABLE,FULL_EXAM_UNAVAILABLE,ZERO_CONTENT,OFFICIAL_SOURCE_NOT_YET_DIGITIZED
Rajasthan,rbse-rajasthan,Class 12,Science,Biology,en,hi+en,NONE,NONE,NONE,2025-2026-ACCREDITED,PATTERN_PENDING,0,0,0,0,0,0,0,PRACTICE_UNAVAILABLE,FULL_EXAM_UNAVAILABLE,ZERO_CONTENT,OFFICIAL_SOURCE_NOT_YET_DIGITIZED
Rajasthan,rbse-rajasthan,Class 12,Commerce,Accountancy,hi,hi+en,NONE,NONE,NONE,2025-2026-ACCREDITED,PATTERN_PENDING,0,0,0,0,0,0,0,PRACTICE_UNAVAILABLE,FULL_EXAM_UNAVAILABLE,ZERO_CONTENT,OFFICIAL_SOURCE_NOT_YET_DIGITIZED
Rajasthan,rbse-rajasthan,Class 12,Commerce,Accountancy,en,hi+en,NONE,NONE,NONE,2025-2026-ACCREDITED,PATTERN_PENDING,0,0,0,0,0,0,0,PRACTICE_UNAVAILABLE,FULL_EXAM_UNAVAILABLE,ZERO_CONTENT,OFFICIAL_SOURCE_NOT_YET_DIGITIZED
Rajasthan,rbse-rajasthan,Class 12,Commerce,Business Studies,hi,hi+en,NONE,NONE,NONE,2025-2026-ACCREDITED,PATTERN_PENDING,0,0,0,0,0,0,0,PRACTICE_UNAVAILABLE,FULL_EXAM_UNAVAILABLE,ZERO_CONTENT,OFFICIAL_SOURCE_NOT_YET_DIGITIZED
Rajasthan,rbse-rajasthan,Class 12,Commerce,Business Studies,en,hi+en,NONE,NONE,NONE,2025-2026-ACCREDITED,PATTERN_PENDING,0,0,0,0,0,0,0,PRACTICE_UNAVAILABLE,FULL_EXAM_UNAVAILABLE,ZERO_CONTENT,OFFICIAL_SOURCE_NOT_YET_DIGITIZED
Rajasthan,rbse-rajasthan,Class 12,Commerce,Economics,hi,hi+en,NONE,NONE,NONE,2025-2026-ACCREDITED,PATTERN_PENDING,0,0,0,0,0,0,0,PRACTICE_UNAVAILABLE,FULL_EXAM_UNAVAILABLE,ZERO_CONTENT,OFFICIAL_SOURCE_NOT_YET_DIGITIZED
Rajasthan,rbse-rajasthan,Class 12,Commerce,Economics,en,hi+en,NONE,NONE,NONE,2025-2026-ACCREDITED,PATTERN_PENDING,0,0,0,0,0,0,0,PRACTICE_UNAVAILABLE,FULL_EXAM_UNAVAILABLE,ZERO_CONTENT,OFFICIAL_SOURCE_NOT_YET_DIGITIZED
Assam,seba-ahsec-assam,Class 10,General,Mathematics,as,as+en+bn,NONE,NONE,NONE,2025-2026-ACCREDITED,PATTERN_PENDING,0,0,0,0,0,0,0,PRACTICE_UNAVAILABLE,FULL_EXAM_UNAVAILABLE,ZERO_CONTENT,OFFICIAL_SOURCE_NOT_YET_DIGITIZED
Assam,seba-ahsec-assam,Class 10,General,Mathematics,en,as+en+bn,NONE,NONE,NONE,2025-2026-ACCREDITED,PATTERN_PENDING,0,0,0,0,0,0,0,PRACTICE_UNAVAILABLE,FULL_EXAM_UNAVAILABLE,ZERO_CONTENT,OFFICIAL_SOURCE_NOT_YET_DIGITIZED
Assam,seba-ahsec-assam,Class 10,General,Mathematics,bn,as+en+bn,NONE,NONE,NONE,2025-2026-ACCREDITED,PATTERN_PENDING,0,0,0,0,0,0,0,PRACTICE_UNAVAILABLE,FULL_EXAM_UNAVAILABLE,ZERO_CONTENT,OFFICIAL_SOURCE_NOT_YET_DIGITIZED
Assam,seba-ahsec-assam,Class 10,General,Science & Technology,as,as+en+bn,NONE,NONE,NONE,2025-2026-ACCREDITED,PATTERN_PENDING,0,0,0,0,0,0,0,PRACTICE_UNAVAILABLE,FULL_EXAM_UNAVAILABLE,ZERO_CONTENT,OFFICIAL_SOURCE_NOT_YET_DIGITIZED
Assam,seba-ahsec-assam,Class 10,General,Science & Technology,en,as+en+bn,NONE,NONE,NONE,2025-2026-ACCREDITED,PATTERN_PENDING,0,0,0,0,0,0,0,PRACTICE_UNAVAILABLE,FULL_EXAM_UNAVAILABLE,ZERO_CONTENT,OFFICIAL_SOURCE_NOT_YET_DIGITIZED
Assam,seba-ahsec-assam,Class 10,General,Science & Technology,bn,as+en+bn,NONE,NONE,NONE,2025-2026-ACCREDITED,PATTERN_PENDING,0,0,0,0,0,0,0,PRACTICE_UNAVAILABLE,FULL_EXAM_UNAVAILABLE,ZERO_CONTENT,OFFICIAL_SOURCE_NOT_YET_DIGITIZED
Assam,seba-ahsec-assam,Class 10,General,Social Science,as,as+en+bn,NONE,NONE,NONE,2025-2026-ACCREDITED,PATTERN_PENDING,0,0,0,0,0,0,0,PRACTICE_UNAVAILABLE,FULL_EXAM_UNAVAILABLE,ZERO_CONTENT,OFFICIAL_SOURCE_NOT_YET_DIGITIZED
Assam,seba-ahsec-assam,Class 10,General,Social Science,en,as+en+bn,NONE,NONE,NONE,2025-2026-ACCREDITED,PATTERN_PENDING,0,0,0,0,0,0,0,PRACTICE_UNAVAILABLE,FULL_EXAM_UNAVAILABLE,ZERO_CONTENT,OFFICIAL_SOURCE_NOT_YET_DIGITIZED
Assam,seba-ahsec-assam,Class 10,General,Social Science,bn,as+en+bn,NONE,NONE,NONE,2025-2026-ACCREDITED,PATTERN_PENDING,0,0,0,0,0,0,0,PRACTICE_UNAVAILABLE,FULL_EXAM_UNAVAILABLE,ZERO_CONTENT,OFFICIAL_SOURCE_NOT_YET_DIGITIZED
Assam,seba-ahsec-assam,Class 10,General,English Language & Literature,as,as+en+bn,NONE,NONE,NONE,2025-2026-ACCREDITED,PATTERN_PENDING,0,0,0,0,0,0,0,PRACTICE_UNAVAILABLE,FULL_EXAM_UNAVAILABLE,ZERO_CONTENT,OFFICIAL_SOURCE_NOT_YET_DIGITIZED
Assam,seba-ahsec-assam,Class 10,General,English Language & Literature,en,as+en+bn,NONE,NONE,NONE,2025-2026-ACCREDITED,PATTERN_PENDING,0,0,0,0,0,0,0,PRACTICE_UNAVAILABLE,FULL_EXAM_UNAVAILABLE,ZERO_CONTENT,OFFICIAL_SOURCE_NOT_YET_DIGITIZED
Assam,seba-ahsec-assam,Class 10,General,English Language & Literature,bn,as+en+bn,NONE,NONE,NONE,2025-2026-ACCREDITED,PATTERN_PENDING,0,0,0,0,0,0,0,PRACTICE_UNAVAILABLE,FULL_EXAM_UNAVAILABLE,ZERO_CONTENT,OFFICIAL_SOURCE_NOT_YET_DIGITIZED
Assam,seba-ahsec-assam,Class 10,General,First Language (Regional/Hindi),as,as+en+bn,NONE,NONE,NONE,2025-2026-ACCREDITED,PATTERN_PENDING,0,0,0,0,0,0,0,PRACTICE_UNAVAILABLE,FULL_EXAM_UNAVAILABLE,ZERO_CONTENT,OFFICIAL_SOURCE_NOT_YET_DIGITIZED
Assam,seba-ahsec-assam,Class 10,General,First Language (Regional/Hindi),en,as+en+bn,NONE,NONE,NONE,2025-2026-ACCREDITED,PATTERN_PENDING,0,0,0,0,0,0,0,PRACTICE_UNAVAILABLE,FULL_EXAM_UNAVAILABLE,ZERO_CONTENT,OFFICIAL_SOURCE_NOT_YET_DIGITIZED
Assam,seba-ahsec-assam,Class 10,General,First Language (Regional/Hindi),bn,as+en+bn,NONE,NONE,NONE,2025-2026-ACCREDITED,PATTERN_PENDING,0,0,0,0,0,0,0,PRACTICE_UNAVAILABLE,FULL_EXAM_UNAVAILABLE,ZERO_CONTENT,OFFICIAL_SOURCE_NOT_YET_DIGITIZED
Assam,seba-ahsec-assam,Class 12,Science,Physics,as,as+en+bn,NONE,NONE,NONE,2025-2026-ACCREDITED,PATTERN_PENDING,0,0,0,0,0,0,0,PRACTICE_UNAVAILABLE,FULL_EXAM_UNAVAILABLE,ZERO_CONTENT,OFFICIAL_SOURCE_NOT_YET_DIGITIZED
Assam,seba-ahsec-assam,Class 12,Science,Physics,en,as+en+bn,NONE,NONE,NONE,2025-2026-ACCREDITED,PATTERN_PENDING,0,0,0,0,0,0,0,PRACTICE_UNAVAILABLE,FULL_EXAM_UNAVAILABLE,ZERO_CONTENT,OFFICIAL_SOURCE_NOT_YET_DIGITIZED
Assam,seba-ahsec-assam,Class 12,Science,Physics,bn,as+en+bn,NONE,NONE,NONE,2025-2026-ACCREDITED,PATTERN_PENDING,0,0,0,0,0,0,0,PRACTICE_UNAVAILABLE,FULL_EXAM_UNAVAILABLE,ZERO_CONTENT,OFFICIAL_SOURCE_NOT_YET_DIGITIZED
Assam,seba-ahsec-assam,Class 12,Science,Chemistry,as,as+en+bn,NONE,NONE,NONE,2025-2026-ACCREDITED,PATTERN_PENDING,0,0,0,0,0,0,0,PRACTICE_UNAVAILABLE,FULL_EXAM_UNAVAILABLE,ZERO_CONTENT,OFFICIAL_SOURCE_NOT_YET_DIGITIZED
Assam,seba-ahsec-assam,Class 12,Science,Chemistry,en,as+en+bn,NONE,NONE,NONE,2025-2026-ACCREDITED,PATTERN_PENDING,0,0,0,0,0,0,0,PRACTICE_UNAVAILABLE,FULL_EXAM_UNAVAILABLE,ZERO_CONTENT,OFFICIAL_SOURCE_NOT_YET_DIGITIZED
Assam,seba-ahsec-assam,Class 12,Science,Chemistry,bn,as+en+bn,NONE,NONE,NONE,2025-2026-ACCREDITED,PATTERN_PENDING,0,0,0,0,0,0,0,PRACTICE_UNAVAILABLE,FULL_EXAM_UNAVAILABLE,ZERO_CONTENT,OFFICIAL_SOURCE_NOT_YET_DIGITIZED
Assam,seba-ahsec-assam,Class 12,Science,Higher Mathematics,as,as+en+bn,NONE,NONE,NONE,2025-2026-ACCREDITED,PATTERN_PENDING,0,0,0,0,0,0,0,PRACTICE_UNAVAILABLE,FULL_EXAM_UNAVAILABLE,ZERO_CONTENT,OFFICIAL_SOURCE_NOT_YET_DIGITIZED
Assam,seba-ahsec-assam,Class 12,Science,Higher Mathematics,en,as+en+bn,NONE,NONE,NONE,2025-2026-ACCREDITED,PATTERN_PENDING,0,0,0,0,0,0,0,PRACTICE_UNAVAILABLE,FULL_EXAM_UNAVAILABLE,ZERO_CONTENT,OFFICIAL_SOURCE_NOT_YET_DIGITIZED
Assam,seba-ahsec-assam,Class 12,Science,Higher Mathematics,bn,as+en+bn,NONE,NONE,NONE,2025-2026-ACCREDITED,PATTERN_PENDING,0,0,0,0,0,0,0,PRACTICE_UNAVAILABLE,FULL_EXAM_UNAVAILABLE,ZERO_CONTENT,OFFICIAL_SOURCE_NOT_YET_DIGITIZED
Assam,seba-ahsec-assam,Class 12,Science,Biology,as,as+en+bn,NONE,NONE,NONE,2025-2026-ACCREDITED,PATTERN_PENDING,0,0,0,0,0,0,0,PRACTICE_UNAVAILABLE,FULL_EXAM_UNAVAILABLE,ZERO_CONTENT,OFFICIAL_SOURCE_NOT_YET_DIGITIZED
Assam,seba-ahsec-assam,Class 12,Science,Biology,en,as+en+bn,NONE,NONE,NONE,2025-2026-ACCREDITED,PATTERN_PENDING,0,0,0,0,0,0,0,PRACTICE_UNAVAILABLE,FULL_EXAM_UNAVAILABLE,ZERO_CONTENT,OFFICIAL_SOURCE_NOT_YET_DIGITIZED
Assam,seba-ahsec-assam,Class 12,Science,Biology,bn,as+en+bn,NONE,NONE,NONE,2025-2026-ACCREDITED,PATTERN_PENDING,0,0,0,0,0,0,0,PRACTICE_UNAVAILABLE,FULL_EXAM_UNAVAILABLE,ZERO_CONTENT,OFFICIAL_SOURCE_NOT_YET_DIGITIZED
Assam,seba-ahsec-assam,Class 12,Commerce,Accountancy,as,as+en+bn,NONE,NONE,NONE,2025-2026-ACCREDITED,PATTERN_PENDING,0,0,0,0,0,0,0,PRACTICE_UNAVAILABLE,FULL_EXAM_UNAVAILABLE,ZERO_CONTENT,OFFICIAL_SOURCE_NOT_YET_DIGITIZED
Assam,seba-ahsec-assam,Class 12,Commerce,Accountancy,en,as+en+bn,NONE,NONE,NONE,2025-2026-ACCREDITED,PATTERN_PENDING,0,0,0,0,0,0,0,PRACTICE_UNAVAILABLE,FULL_EXAM_UNAVAILABLE,ZERO_CONTENT,OFFICIAL_SOURCE_NOT_YET_DIGITIZED
Assam,seba-ahsec-assam,Class 12,Commerce,Accountancy,bn,as+en+bn,NONE,NONE,NONE,2025-2026-ACCREDITED,PATTERN_PENDING,0,0,0,0,0,0,0,PRACTICE_UNAVAILABLE,FULL_EXAM_UNAVAILABLE,ZERO_CONTENT,OFFICIAL_SOURCE_NOT_YET_DIGITIZED
Assam,seba-ahsec-assam,Class 12,Commerce,Business Studies,as,as+en+bn,NONE,NONE,NONE,2025-2026-ACCREDITED,PATTERN_PENDING,0,0,0,0,0,0,0,PRACTICE_UNAVAILABLE,FULL_EXAM_UNAVAILABLE,ZERO_CONTENT,OFFICIAL_SOURCE_NOT_YET_DIGITIZED
Assam,seba-ahsec-assam,Class 12,Commerce,Business Studies,en,as+en+bn,NONE,NONE,NONE,2025-2026-ACCREDITED,PATTERN_PENDING,0,0,0,0,0,0,0,PRACTICE_UNAVAILABLE,FULL_EXAM_UNAVAILABLE,ZERO_CONTENT,OFFICIAL_SOURCE_NOT_YET_DIGITIZED
Assam,seba-ahsec-assam,Class 12,Commerce,Business Studies,bn,as+en+bn,NONE,NONE,NONE,2025-2026-ACCREDITED,PATTERN_PENDING,0,0,0,0,0,0,0,PRACTICE_UNAVAILABLE,FULL_EXAM_UNAVAILABLE,ZERO_CONTENT,OFFICIAL_SOURCE_NOT_YET_DIGITIZED
Assam,seba-ahsec-assam,Class 12,Commerce,Economics,as,as+en+bn,NONE,NONE,NONE,2025-2026-ACCREDITED,PATTERN_PENDING,0,0,0,0,0,0,0,PRACTICE_UNAVAILABLE,FULL_EXAM_UNAVAILABLE,ZERO_CONTENT,OFFICIAL_SOURCE_NOT_YET_DIGITIZED
Assam,seba-ahsec-assam,Class 12,Commerce,Economics,en,as+en+bn,NONE,NONE,NONE,2025-2026-ACCREDITED,PATTERN_PENDING,0,0,0,0,0,0,0,PRACTICE_UNAVAILABLE,FULL_EXAM_UNAVAILABLE,ZERO_CONTENT,OFFICIAL_SOURCE_NOT_YET_DIGITIZED
Assam,seba-ahsec-assam,Class 12,Commerce,Economics,bn,as+en+bn,NONE,NONE,NONE,2025-2026-ACCREDITED,PATTERN_PENDING,0,0,0,0,0,0,0,PRACTICE_UNAVAILABLE,FULL_EXAM_UNAVAILABLE,ZERO_CONTENT,OFFICIAL_SOURCE_NOT_YET_DIGITIZED
Tripura,tbse-board,Class 10,General,Mathematics,bn,bn+en,NONE,NONE,NONE,2025-2026-ACCREDITED,PATTERN_PENDING,0,0,0,0,0,0,0,PRACTICE_UNAVAILABLE,FULL_EXAM_UNAVAILABLE,ZERO_CONTENT,OFFICIAL_SOURCE_NOT_YET_DIGITIZED
Tripura,tbse-board,Class 10,General,Mathematics,en,bn+en,NONE,NONE,NONE,2025-2026-ACCREDITED,PATTERN_PENDING,0,0,0,0,0,0,0,PRACTICE_UNAVAILABLE,FULL_EXAM_UNAVAILABLE,ZERO_CONTENT,OFFICIAL_SOURCE_NOT_YET_DIGITIZED
Tripura,tbse-board,Class 10,General,Science & Technology,bn,bn+en,NONE,NONE,NONE,2025-2026-ACCREDITED,PATTERN_PENDING,0,0,0,0,0,0,0,PRACTICE_UNAVAILABLE,FULL_EXAM_UNAVAILABLE,ZERO_CONTENT,OFFICIAL_SOURCE_NOT_YET_DIGITIZED
Tripura,tbse-board,Class 10,General,Science & Technology,en,bn+en,NONE,NONE,NONE,2025-2026-ACCREDITED,PATTERN_PENDING,0,0,0,0,0,0,0,PRACTICE_UNAVAILABLE,FULL_EXAM_UNAVAILABLE,ZERO_CONTENT,OFFICIAL_SOURCE_NOT_YET_DIGITIZED
Tripura,tbse-board,Class 10,General,Social Science,bn,bn+en,NONE,NONE,NONE,2025-2026-ACCREDITED,PATTERN_PENDING,0,0,0,0,0,0,0,PRACTICE_UNAVAILABLE,FULL_EXAM_UNAVAILABLE,ZERO_CONTENT,OFFICIAL_SOURCE_NOT_YET_DIGITIZED
Tripura,tbse-board,Class 10,General,Social Science,en,bn+en,NONE,NONE,NONE,2025-2026-ACCREDITED,PATTERN_PENDING,0,0,0,0,0,0,0,PRACTICE_UNAVAILABLE,FULL_EXAM_UNAVAILABLE,ZERO_CONTENT,OFFICIAL_SOURCE_NOT_YET_DIGITIZED
Tripura,tbse-board,Class 10,General,English Language & Literature,bn,bn+en,NONE,NONE,NONE,2025-2026-ACCREDITED,PATTERN_PENDING,0,0,0,0,0,0,0,PRACTICE_UNAVAILABLE,FULL_EXAM_UNAVAILABLE,ZERO_CONTENT,OFFICIAL_SOURCE_NOT_YET_DIGITIZED
Tripura,tbse-board,Class 10,General,English Language & Literature,en,bn+en,NONE,NONE,NONE,2025-2026-ACCREDITED,PATTERN_PENDING,0,0,0,0,0,0,0,PRACTICE_UNAVAILABLE,FULL_EXAM_UNAVAILABLE,ZERO_CONTENT,OFFICIAL_SOURCE_NOT_YET_DIGITIZED
Tripura,tbse-board,Class 10,General,First Language (Regional/Hindi),bn,bn+en,NONE,NONE,NONE,2025-2026-ACCREDITED,PATTERN_PENDING,0,0,0,0,0,0,0,PRACTICE_UNAVAILABLE,FULL_EXAM_UNAVAILABLE,ZERO_CONTENT,OFFICIAL_SOURCE_NOT_YET_DIGITIZED
Tripura,tbse-board,Class 10,General,First Language (Regional/Hindi),en,bn+en,NONE,NONE,NONE,2025-2026-ACCREDITED,PATTERN_PENDING,0,0,0,0,0,0,0,PRACTICE_UNAVAILABLE,FULL_EXAM_UNAVAILABLE,ZERO_CONTENT,OFFICIAL_SOURCE_NOT_YET_DIGITIZED
Tripura,tbse-board,Class 12,Science,Physics,bn,bn+en,NONE,NONE,NONE,2025-2026-ACCREDITED,PATTERN_PENDING,0,0,0,0,0,0,0,PRACTICE_UNAVAILABLE,FULL_EXAM_UNAVAILABLE,ZERO_CONTENT,OFFICIAL_SOURCE_NOT_YET_DIGITIZED
Tripura,tbse-board,Class 12,Science,Physics,en,bn+en,NONE,NONE,NONE,2025-2026-ACCREDITED,PATTERN_PENDING,0,0,0,0,0,0,0,PRACTICE_UNAVAILABLE,FULL_EXAM_UNAVAILABLE,ZERO_CONTENT,OFFICIAL_SOURCE_NOT_YET_DIGITIZED
Tripura,tbse-board,Class 12,Science,Chemistry,bn,bn+en,NONE,NONE,NONE,2025-2026-ACCREDITED,PATTERN_PENDING,0,0,0,0,0,0,0,PRACTICE_UNAVAILABLE,FULL_EXAM_UNAVAILABLE,ZERO_CONTENT,OFFICIAL_SOURCE_NOT_YET_DIGITIZED
Tripura,tbse-board,Class 12,Science,Chemistry,en,bn+en,NONE,NONE,NONE,2025-2026-ACCREDITED,PATTERN_PENDING,0,0,0,0,0,0,0,PRACTICE_UNAVAILABLE,FULL_EXAM_UNAVAILABLE,ZERO_CONTENT,OFFICIAL_SOURCE_NOT_YET_DIGITIZED
Tripura,tbse-board,Class 12,Science,Higher Mathematics,bn,bn+en,NONE,NONE,NONE,2025-2026-ACCREDITED,PATTERN_PENDING,0,0,0,0,0,0,0,PRACTICE_UNAVAILABLE,FULL_EXAM_UNAVAILABLE,ZERO_CONTENT,OFFICIAL_SOURCE_NOT_YET_DIGITIZED
Tripura,tbse-board,Class 12,Science,Higher Mathematics,en,bn+en,NONE,NONE,NONE,2025-2026-ACCREDITED,PATTERN_PENDING,0,0,0,0,0,0,0,PRACTICE_UNAVAILABLE,FULL_EXAM_UNAVAILABLE,ZERO_CONTENT,OFFICIAL_SOURCE_NOT_YET_DIGITIZED
Tripura,tbse-board,Class 12,Science,Biology,bn,bn+en,NONE,NONE,NONE,2025-2026-ACCREDITED,PATTERN_PENDING,0,0,0,0,0,0,0,PRACTICE_UNAVAILABLE,FULL_EXAM_UNAVAILABLE,ZERO_CONTENT,OFFICIAL_SOURCE_NOT_YET_DIGITIZED
Tripura,tbse-board,Class 12,Science,Biology,en,bn+en,NONE,NONE,NONE,2025-2026-ACCREDITED,PATTERN_PENDING,0,0,0,0,0,0,0,PRACTICE_UNAVAILABLE,FULL_EXAM_UNAVAILABLE,ZERO_CONTENT,OFFICIAL_SOURCE_NOT_YET_DIGITIZED
Tripura,tbse-board,Class 12,Commerce,Accountancy,bn,bn+en,NONE,NONE,NONE,2025-2026-ACCREDITED,PATTERN_PENDING,0,0,0,0,0,0,0,PRACTICE_UNAVAILABLE,FULL_EXAM_UNAVAILABLE,ZERO_CONTENT,OFFICIAL_SOURCE_NOT_YET_DIGITIZED
Tripura,tbse-board,Class 12,Commerce,Accountancy,en,bn+en,NONE,NONE,NONE,2025-2026-ACCREDITED,PATTERN_PENDING,0,0,0,0,0,0,0,PRACTICE_UNAVAILABLE,FULL_EXAM_UNAVAILABLE,ZERO_CONTENT,OFFICIAL_SOURCE_NOT_YET_DIGITIZED
Tripura,tbse-board,Class 12,Commerce,Business Studies,bn,bn+en,NONE,NONE,NONE,2025-2026-ACCREDITED,PATTERN_PENDING,0,0,0,0,0,0,0,PRACTICE_UNAVAILABLE,FULL_EXAM_UNAVAILABLE,ZERO_CONTENT,OFFICIAL_SOURCE_NOT_YET_DIGITIZED
Tripura,tbse-board,Class 12,Commerce,Business Studies,en,bn+en,NONE,NONE,NONE,2025-2026-ACCREDITED,PATTERN_PENDING,0,0,0,0,0,0,0,PRACTICE_UNAVAILABLE,FULL_EXAM_UNAVAILABLE,ZERO_CONTENT,OFFICIAL_SOURCE_NOT_YET_DIGITIZED
Tripura,tbse-board,Class 12,Commerce,Economics,bn,bn+en,NONE,NONE,NONE,2025-2026-ACCREDITED,PATTERN_PENDING,0,0,0,0,0,0,0,PRACTICE_UNAVAILABLE,FULL_EXAM_UNAVAILABLE,ZERO_CONTENT,OFFICIAL_SOURCE_NOT_YET_DIGITIZED
Tripura,tbse-board,Class 12,Commerce,Economics,en,bn+en,NONE,NONE,NONE,2025-2026-ACCREDITED,PATTERN_PENDING,0,0,0,0,0,0,0,PRACTICE_UNAVAILABLE,FULL_EXAM_UNAVAILABLE,ZERO_CONTENT,OFFICIAL_SOURCE_NOT_YET_DIGITIZED
"Puducherry; Tamil Nadu",tndge-tamilnadu,Class 10,General,Mathematics,ta,ta+en,NONE,NONE,NONE,2025-2026-ACCREDITED,PATTERN_PENDING,0,0,0,0,0,0,0,PRACTICE_UNAVAILABLE,FULL_EXAM_UNAVAILABLE,ZERO_CONTENT,OFFICIAL_SOURCE_NOT_YET_DIGITIZED
"Puducherry; Tamil Nadu",tndge-tamilnadu,Class 10,General,Mathematics,en,ta+en,NONE,NONE,NONE,2025-2026-ACCREDITED,PATTERN_PENDING,0,0,0,0,0,0,0,PRACTICE_UNAVAILABLE,FULL_EXAM_UNAVAILABLE,ZERO_CONTENT,OFFICIAL_SOURCE_NOT_YET_DIGITIZED
"Puducherry; Tamil Nadu",tndge-tamilnadu,Class 10,General,Science & Technology,ta,ta+en,NONE,NONE,NONE,2025-2026-ACCREDITED,PATTERN_PENDING,0,0,0,0,0,0,0,PRACTICE_UNAVAILABLE,FULL_EXAM_UNAVAILABLE,ZERO_CONTENT,OFFICIAL_SOURCE_NOT_YET_DIGITIZED
"Puducherry; Tamil Nadu",tndge-tamilnadu,Class 10,General,Science & Technology,en,ta+en,NONE,NONE,NONE,2025-2026-ACCREDITED,PATTERN_PENDING,0,0,0,0,0,0,0,PRACTICE_UNAVAILABLE,FULL_EXAM_UNAVAILABLE,ZERO_CONTENT,OFFICIAL_SOURCE_NOT_YET_DIGITIZED
"Puducherry; Tamil Nadu",tndge-tamilnadu,Class 10,General,Social Science,ta,ta+en,NONE,NONE,NONE,2025-2026-ACCREDITED,PATTERN_PENDING,0,0,0,0,0,0,0,PRACTICE_UNAVAILABLE,FULL_EXAM_UNAVAILABLE,ZERO_CONTENT,OFFICIAL_SOURCE_NOT_YET_DIGITIZED
"Puducherry; Tamil Nadu",tndge-tamilnadu,Class 10,General,Social Science,en,ta+en,NONE,NONE,NONE,2025-2026-ACCREDITED,PATTERN_PENDING,0,0,0,0,0,0,0,PRACTICE_UNAVAILABLE,FULL_EXAM_UNAVAILABLE,ZERO_CONTENT,OFFICIAL_SOURCE_NOT_YET_DIGITIZED
"Puducherry; Tamil Nadu",tndge-tamilnadu,Class 10,General,English Language & Literature,ta,ta+en,NONE,NONE,NONE,2025-2026-ACCREDITED,PATTERN_PENDING,0,0,0,0,0,0,0,PRACTICE_UNAVAILABLE,FULL_EXAM_UNAVAILABLE,ZERO_CONTENT,OFFICIAL_SOURCE_NOT_YET_DIGITIZED
"Puducherry; Tamil Nadu",tndge-tamilnadu,Class 10,General,English Language & Literature,en,ta+en,NONE,NONE,NONE,2025-2026-ACCREDITED,PATTERN_PENDING,0,0,0,0,0,0,0,PRACTICE_UNAVAILABLE,FULL_EXAM_UNAVAILABLE,ZERO_CONTENT,OFFICIAL_SOURCE_NOT_YET_DIGITIZED
"Puducherry; Tamil Nadu",tndge-tamilnadu,Class 10,General,First Language (Regional/Hindi),ta,ta+en,ta,ta,ta,2025-2026-ACCREDITED,PATTERN_PRELIMINARY,532,275,257,257,5,10,2,PRACTICE_AVAILABLE,FULL_EXAM_ELIGIBLE,CONTENT_DEEP,NONE
"Puducherry; Tamil Nadu",tndge-tamilnadu,Class 10,General,First Language (Regional/Hindi),en,ta+en,en,en,en,2025-2026-ACCREDITED,PATTERN_PRELIMINARY,507,250,257,257,5,10,2,PRACTICE_AVAILABLE,FULL_EXAM_UNAVAILABLE,CONTENT_DEEP,NONE
"Puducherry; Tamil Nadu",tndge-tamilnadu,Class 12,Science,Physics,ta,ta+en,NONE,NONE,NONE,2025-2026-ACCREDITED,PATTERN_PENDING,0,0,0,0,0,0,0,PRACTICE_UNAVAILABLE,FULL_EXAM_UNAVAILABLE,ZERO_CONTENT,OFFICIAL_SOURCE_NOT_YET_DIGITIZED
"Puducherry; Tamil Nadu",tndge-tamilnadu,Class 12,Science,Physics,en,ta+en,NONE,NONE,NONE,2025-2026-ACCREDITED,PATTERN_PENDING,0,0,0,0,0,0,0,PRACTICE_UNAVAILABLE,FULL_EXAM_UNAVAILABLE,ZERO_CONTENT,OFFICIAL_SOURCE_NOT_YET_DIGITIZED
"Puducherry; Tamil Nadu",tndge-tamilnadu,Class 12,Science,Chemistry,ta,ta+en,NONE,NONE,NONE,2025-2026-ACCREDITED,PATTERN_PENDING,0,0,0,0,0,0,0,PRACTICE_UNAVAILABLE,FULL_EXAM_UNAVAILABLE,ZERO_CONTENT,OFFICIAL_SOURCE_NOT_YET_DIGITIZED
"Puducherry; Tamil Nadu",tndge-tamilnadu,Class 12,Science,Chemistry,en,ta+en,NONE,NONE,NONE,2025-2026-ACCREDITED,PATTERN_PENDING,0,0,0,0,0,0,0,PRACTICE_UNAVAILABLE,FULL_EXAM_UNAVAILABLE,ZERO_CONTENT,OFFICIAL_SOURCE_NOT_YET_DIGITIZED
"Puducherry; Tamil Nadu",tndge-tamilnadu,Class 12,Science,Higher Mathematics,ta,ta+en,NONE,NONE,NONE,2025-2026-ACCREDITED,PATTERN_PENDING,0,0,0,0,0,0,0,PRACTICE_UNAVAILABLE,FULL_EXAM_UNAVAILABLE,ZERO_CONTENT,OFFICIAL_SOURCE_NOT_YET_DIGITIZED
"Puducherry; Tamil Nadu",tndge-tamilnadu,Class 12,Science,Higher Mathematics,en,ta+en,NONE,NONE,NONE,2025-2026-ACCREDITED,PATTERN_PENDING,0,0,0,0,0,0,0,PRACTICE_UNAVAILABLE,FULL_EXAM_UNAVAILABLE,ZERO_CONTENT,OFFICIAL_SOURCE_NOT_YET_DIGITIZED
"Puducherry; Tamil Nadu",tndge-tamilnadu,Class 12,Science,Biology,ta,ta+en,NONE,NONE,NONE,2025-2026-ACCREDITED,PATTERN_PENDING,0,0,0,0,0,0,0,PRACTICE_UNAVAILABLE,FULL_EXAM_UNAVAILABLE,ZERO_CONTENT,OFFICIAL_SOURCE_NOT_YET_DIGITIZED
"Puducherry; Tamil Nadu",tndge-tamilnadu,Class 12,Science,Biology,en,ta+en,NONE,NONE,NONE,2025-2026-ACCREDITED,PATTERN_PENDING,0,0,0,0,0,0,0,PRACTICE_UNAVAILABLE,FULL_EXAM_UNAVAILABLE,ZERO_CONTENT,OFFICIAL_SOURCE_NOT_YET_DIGITIZED
"Puducherry; Tamil Nadu",tndge-tamilnadu,Class 12,Commerce,Accountancy,ta,ta+en,NONE,NONE,NONE,2025-2026-ACCREDITED,PATTERN_PENDING,0,0,0,0,0,0,0,PRACTICE_UNAVAILABLE,FULL_EXAM_UNAVAILABLE,ZERO_CONTENT,OFFICIAL_SOURCE_NOT_YET_DIGITIZED
"Puducherry; Tamil Nadu",tndge-tamilnadu,Class 12,Commerce,Accountancy,en,ta+en,NONE,NONE,NONE,2025-2026-ACCREDITED,PATTERN_PENDING,0,0,0,0,0,0,0,PRACTICE_UNAVAILABLE,FULL_EXAM_UNAVAILABLE,ZERO_CONTENT,OFFICIAL_SOURCE_NOT_YET_DIGITIZED
"Puducherry; Tamil Nadu",tndge-tamilnadu,Class 12,Commerce,Business Studies,ta,ta+en,NONE,NONE,NONE,2025-2026-ACCREDITED,PATTERN_PENDING,0,0,0,0,0,0,0,PRACTICE_UNAVAILABLE,FULL_EXAM_UNAVAILABLE,ZERO_CONTENT,OFFICIAL_SOURCE_NOT_YET_DIGITIZED
"Puducherry; Tamil Nadu",tndge-tamilnadu,Class 12,Commerce,Business Studies,en,ta+en,NONE,NONE,NONE,2025-2026-ACCREDITED,PATTERN_PENDING,0,0,0,0,0,0,0,PRACTICE_UNAVAILABLE,FULL_EXAM_UNAVAILABLE,ZERO_CONTENT,OFFICIAL_SOURCE_NOT_YET_DIGITIZED
"Puducherry; Tamil Nadu",tndge-tamilnadu,Class 12,Commerce,Economics,ta,ta+en,NONE,NONE,NONE,2025-2026-ACCREDITED,PATTERN_PENDING,0,0,0,0,0,0,0,PRACTICE_UNAVAILABLE,FULL_EXAM_UNAVAILABLE,ZERO_CONTENT,OFFICIAL_SOURCE_NOT_YET_DIGITIZED
"Puducherry; Tamil Nadu",tndge-tamilnadu,Class 12,Commerce,Economics,en,ta+en,NONE,NONE,NONE,2025-2026-ACCREDITED,PATTERN_PENDING,0,0,0,0,0,0,0,PRACTICE_UNAVAILABLE,FULL_EXAM_UNAVAILABLE,ZERO_CONTENT,OFFICIAL_SOURCE_NOT_YET_DIGITIZED
State Level,tsbie-bieap,Class 10,General,Mathematics,te,te+en,NONE,NONE,NONE,2025-2026-ACCREDITED,PATTERN_PENDING,0,0,0,0,0,0,0,PRACTICE_UNAVAILABLE,FULL_EXAM_UNAVAILABLE,ZERO_CONTENT,OFFICIAL_SOURCE_NOT_YET_DIGITIZED
State Level,tsbie-bieap,Class 10,General,Mathematics,en,te+en,NONE,NONE,NONE,2025-2026-ACCREDITED,PATTERN_PENDING,0,0,0,0,0,0,0,PRACTICE_UNAVAILABLE,FULL_EXAM_UNAVAILABLE,ZERO_CONTENT,OFFICIAL_SOURCE_NOT_YET_DIGITIZED
State Level,tsbie-bieap,Class 10,General,Science & Technology,te,te+en,NONE,NONE,NONE,2025-2026-ACCREDITED,PATTERN_PENDING,0,0,0,0,0,0,0,PRACTICE_UNAVAILABLE,FULL_EXAM_UNAVAILABLE,ZERO_CONTENT,OFFICIAL_SOURCE_NOT_YET_DIGITIZED
State Level,tsbie-bieap,Class 10,General,Science & Technology,en,te+en,NONE,NONE,NONE,2025-2026-ACCREDITED,PATTERN_PENDING,0,0,0,0,0,0,0,PRACTICE_UNAVAILABLE,FULL_EXAM_UNAVAILABLE,ZERO_CONTENT,OFFICIAL_SOURCE_NOT_YET_DIGITIZED
State Level,tsbie-bieap,Class 10,General,Social Science,te,te+en,NONE,NONE,NONE,2025-2026-ACCREDITED,PATTERN_PENDING,0,0,0,0,0,0,0,PRACTICE_UNAVAILABLE,FULL_EXAM_UNAVAILABLE,ZERO_CONTENT,OFFICIAL_SOURCE_NOT_YET_DIGITIZED
State Level,tsbie-bieap,Class 10,General,Social Science,en,te+en,NONE,NONE,NONE,2025-2026-ACCREDITED,PATTERN_PENDING,0,0,0,0,0,0,0,PRACTICE_UNAVAILABLE,FULL_EXAM_UNAVAILABLE,ZERO_CONTENT,OFFICIAL_SOURCE_NOT_YET_DIGITIZED
State Level,tsbie-bieap,Class 10,General,English Language & Literature,te,te+en,NONE,NONE,NONE,2025-2026-ACCREDITED,PATTERN_PENDING,0,0,0,0,0,0,0,PRACTICE_UNAVAILABLE,FULL_EXAM_UNAVAILABLE,ZERO_CONTENT,OFFICIAL_SOURCE_NOT_YET_DIGITIZED
State Level,tsbie-bieap,Class 10,General,English Language & Literature,en,te+en,NONE,NONE,NONE,2025-2026-ACCREDITED,PATTERN_PENDING,0,0,0,0,0,0,0,PRACTICE_UNAVAILABLE,FULL_EXAM_UNAVAILABLE,ZERO_CONTENT,OFFICIAL_SOURCE_NOT_YET_DIGITIZED
State Level,tsbie-bieap,Class 10,General,First Language (Regional/Hindi),te,te+en,te,te,te,2025-2026-ACCREDITED,PATTERN_PRELIMINARY,500,250,250,250,5,10,2,PRACTICE_AVAILABLE,FULL_EXAM_UNAVAILABLE,CONTENT_DEEP,NONE
State Level,tsbie-bieap,Class 10,General,First Language (Regional/Hindi),en,te+en,en,en,en,2025-2026-ACCREDITED,PATTERN_PRELIMINARY,500,250,250,250,5,10,2,PRACTICE_AVAILABLE,FULL_EXAM_UNAVAILABLE,CONTENT_DEEP,NONE
State Level,tsbie-bieap,Class 12,Science,Physics,te,te+en,NONE,NONE,NONE,2025-2026-ACCREDITED,PATTERN_PENDING,0,0,0,0,0,0,0,PRACTICE_UNAVAILABLE,FULL_EXAM_UNAVAILABLE,ZERO_CONTENT,OFFICIAL_SOURCE_NOT_YET_DIGITIZED
State Level,tsbie-bieap,Class 12,Science,Physics,en,te+en,NONE,NONE,NONE,2025-2026-ACCREDITED,PATTERN_PENDING,0,0,0,0,0,0,0,PRACTICE_UNAVAILABLE,FULL_EXAM_UNAVAILABLE,ZERO_CONTENT,OFFICIAL_SOURCE_NOT_YET_DIGITIZED
State Level,tsbie-bieap,Class 12,Science,Chemistry,te,te+en,NONE,NONE,NONE,2025-2026-ACCREDITED,PATTERN_PENDING,0,0,0,0,0,0,0,PRACTICE_UNAVAILABLE,FULL_EXAM_UNAVAILABLE,ZERO_CONTENT,OFFICIAL_SOURCE_NOT_YET_DIGITIZED
State Level,tsbie-bieap,Class 12,Science,Chemistry,en,te+en,NONE,NONE,NONE,2025-2026-ACCREDITED,PATTERN_PENDING,0,0,0,0,0,0,0,PRACTICE_UNAVAILABLE,FULL_EXAM_UNAVAILABLE,ZERO_CONTENT,OFFICIAL_SOURCE_NOT_YET_DIGITIZED
State Level,tsbie-bieap,Class 12,Science,Higher Mathematics,te,te+en,NONE,NONE,NONE,2025-2026-ACCREDITED,PATTERN_PENDING,0,0,0,0,0,0,0,PRACTICE_UNAVAILABLE,FULL_EXAM_UNAVAILABLE,ZERO_CONTENT,OFFICIAL_SOURCE_NOT_YET_DIGITIZED
State Level,tsbie-bieap,Class 12,Science,Higher Mathematics,en,te+en,NONE,NONE,NONE,2025-2026-ACCREDITED,PATTERN_PENDING,0,0,0,0,0,0,0,PRACTICE_UNAVAILABLE,FULL_EXAM_UNAVAILABLE,ZERO_CONTENT,OFFICIAL_SOURCE_NOT_YET_DIGITIZED
State Level,tsbie-bieap,Class 12,Science,Biology,te,te+en,NONE,NONE,NONE,2025-2026-ACCREDITED,PATTERN_PENDING,0,0,0,0,0,0,0,PRACTICE_UNAVAILABLE,FULL_EXAM_UNAVAILABLE,ZERO_CONTENT,OFFICIAL_SOURCE_NOT_YET_DIGITIZED
State Level,tsbie-bieap,Class 12,Science,Biology,en,te+en,NONE,NONE,NONE,2025-2026-ACCREDITED,PATTERN_PENDING,0,0,0,0,0,0,0,PRACTICE_UNAVAILABLE,FULL_EXAM_UNAVAILABLE,ZERO_CONTENT,OFFICIAL_SOURCE_NOT_YET_DIGITIZED
State Level,tsbie-bieap,Class 12,Commerce,Accountancy,te,te+en,NONE,NONE,NONE,2025-2026-ACCREDITED,PATTERN_PENDING,0,0,0,0,0,0,0,PRACTICE_UNAVAILABLE,FULL_EXAM_UNAVAILABLE,ZERO_CONTENT,OFFICIAL_SOURCE_NOT_YET_DIGITIZED
State Level,tsbie-bieap,Class 12,Commerce,Accountancy,en,te+en,NONE,NONE,NONE,2025-2026-ACCREDITED,PATTERN_PENDING,0,0,0,0,0,0,0,PRACTICE_UNAVAILABLE,FULL_EXAM_UNAVAILABLE,ZERO_CONTENT,OFFICIAL_SOURCE_NOT_YET_DIGITIZED
State Level,tsbie-bieap,Class 12,Commerce,Business Studies,te,te+en,NONE,NONE,NONE,2025-2026-ACCREDITED,PATTERN_PENDING,0,0,0,0,0,0,0,PRACTICE_UNAVAILABLE,FULL_EXAM_UNAVAILABLE,ZERO_CONTENT,OFFICIAL_SOURCE_NOT_YET_DIGITIZED
State Level,tsbie-bieap,Class 12,Commerce,Business Studies,en,te+en,NONE,NONE,NONE,2025-2026-ACCREDITED,PATTERN_PENDING,0,0,0,0,0,0,0,PRACTICE_UNAVAILABLE,FULL_EXAM_UNAVAILABLE,ZERO_CONTENT,OFFICIAL_SOURCE_NOT_YET_DIGITIZED
State Level,tsbie-bieap,Class 12,Commerce,Economics,te,te+en,NONE,NONE,NONE,2025-2026-ACCREDITED,PATTERN_PENDING,0,0,0,0,0,0,0,PRACTICE_UNAVAILABLE,FULL_EXAM_UNAVAILABLE,ZERO_CONTENT,OFFICIAL_SOURCE_NOT_YET_DIGITIZED
State Level,tsbie-bieap,Class 12,Commerce,Economics,en,te+en,NONE,NONE,NONE,2025-2026-ACCREDITED,PATTERN_PENDING,0,0,0,0,0,0,0,PRACTICE_UNAVAILABLE,FULL_EXAM_UNAVAILABLE,ZERO_CONTENT,OFFICIAL_SOURCE_NOT_YET_DIGITIZED
Uttarakhand,ubse-uttarakhand,Class 10,General,Mathematics,hi,hi+en,NONE,NONE,NONE,2025-2026-ACCREDITED,PATTERN_PENDING,0,0,0,0,0,0,0,PRACTICE_UNAVAILABLE,FULL_EXAM_UNAVAILABLE,ZERO_CONTENT,OFFICIAL_SOURCE_NOT_YET_DIGITIZED
Uttarakhand,ubse-uttarakhand,Class 10,General,Mathematics,en,hi+en,NONE,NONE,NONE,2025-2026-ACCREDITED,PATTERN_PENDING,0,0,0,0,0,0,0,PRACTICE_UNAVAILABLE,FULL_EXAM_UNAVAILABLE,ZERO_CONTENT,OFFICIAL_SOURCE_NOT_YET_DIGITIZED
Uttarakhand,ubse-uttarakhand,Class 10,General,Science & Technology,hi,hi+en,NONE,NONE,NONE,2025-2026-ACCREDITED,PATTERN_PENDING,0,0,0,0,0,0,0,PRACTICE_UNAVAILABLE,FULL_EXAM_UNAVAILABLE,ZERO_CONTENT,OFFICIAL_SOURCE_NOT_YET_DIGITIZED
Uttarakhand,ubse-uttarakhand,Class 10,General,Science & Technology,en,hi+en,NONE,NONE,NONE,2025-2026-ACCREDITED,PATTERN_PENDING,0,0,0,0,0,0,0,PRACTICE_UNAVAILABLE,FULL_EXAM_UNAVAILABLE,ZERO_CONTENT,OFFICIAL_SOURCE_NOT_YET_DIGITIZED
Uttarakhand,ubse-uttarakhand,Class 10,General,Social Science,hi,hi+en,NONE,NONE,NONE,2025-2026-ACCREDITED,PATTERN_PENDING,0,0,0,0,0,0,0,PRACTICE_UNAVAILABLE,FULL_EXAM_UNAVAILABLE,ZERO_CONTENT,OFFICIAL_SOURCE_NOT_YET_DIGITIZED
Uttarakhand,ubse-uttarakhand,Class 10,General,Social Science,en,hi+en,NONE,NONE,NONE,2025-2026-ACCREDITED,PATTERN_PENDING,0,0,0,0,0,0,0,PRACTICE_UNAVAILABLE,FULL_EXAM_UNAVAILABLE,ZERO_CONTENT,OFFICIAL_SOURCE_NOT_YET_DIGITIZED
Uttarakhand,ubse-uttarakhand,Class 10,General,English Language & Literature,hi,hi+en,NONE,NONE,NONE,2025-2026-ACCREDITED,PATTERN_PENDING,0,0,0,0,0,0,0,PRACTICE_UNAVAILABLE,FULL_EXAM_UNAVAILABLE,ZERO_CONTENT,OFFICIAL_SOURCE_NOT_YET_DIGITIZED
Uttarakhand,ubse-uttarakhand,Class 10,General,English Language & Literature,en,hi+en,NONE,NONE,NONE,2025-2026-ACCREDITED,PATTERN_PENDING,0,0,0,0,0,0,0,PRACTICE_UNAVAILABLE,FULL_EXAM_UNAVAILABLE,ZERO_CONTENT,OFFICIAL_SOURCE_NOT_YET_DIGITIZED
Uttarakhand,ubse-uttarakhand,Class 10,General,First Language (Regional/Hindi),hi,hi+en,NONE,NONE,NONE,2025-2026-ACCREDITED,PATTERN_PENDING,0,0,0,0,0,0,0,PRACTICE_UNAVAILABLE,FULL_EXAM_UNAVAILABLE,ZERO_CONTENT,OFFICIAL_SOURCE_NOT_YET_DIGITIZED
Uttarakhand,ubse-uttarakhand,Class 10,General,First Language (Regional/Hindi),en,hi+en,NONE,NONE,NONE,2025-2026-ACCREDITED,PATTERN_PENDING,0,0,0,0,0,0,0,PRACTICE_UNAVAILABLE,FULL_EXAM_UNAVAILABLE,ZERO_CONTENT,OFFICIAL_SOURCE_NOT_YET_DIGITIZED
Uttarakhand,ubse-uttarakhand,Class 12,Science,Physics,hi,hi+en,NONE,NONE,NONE,2025-2026-ACCREDITED,PATTERN_PENDING,0,0,0,0,0,0,0,PRACTICE_UNAVAILABLE,FULL_EXAM_UNAVAILABLE,ZERO_CONTENT,OFFICIAL_SOURCE_NOT_YET_DIGITIZED
Uttarakhand,ubse-uttarakhand,Class 12,Science,Physics,en,hi+en,NONE,NONE,NONE,2025-2026-ACCREDITED,PATTERN_PENDING,0,0,0,0,0,0,0,PRACTICE_UNAVAILABLE,FULL_EXAM_UNAVAILABLE,ZERO_CONTENT,OFFICIAL_SOURCE_NOT_YET_DIGITIZED
Uttarakhand,ubse-uttarakhand,Class 12,Science,Chemistry,hi,hi+en,NONE,NONE,NONE,2025-2026-ACCREDITED,PATTERN_PENDING,0,0,0,0,0,0,0,PRACTICE_UNAVAILABLE,FULL_EXAM_UNAVAILABLE,ZERO_CONTENT,OFFICIAL_SOURCE_NOT_YET_DIGITIZED
Uttarakhand,ubse-uttarakhand,Class 12,Science,Chemistry,en,hi+en,NONE,NONE,NONE,2025-2026-ACCREDITED,PATTERN_PENDING,0,0,0,0,0,0,0,PRACTICE_UNAVAILABLE,FULL_EXAM_UNAVAILABLE,ZERO_CONTENT,OFFICIAL_SOURCE_NOT_YET_DIGITIZED
Uttarakhand,ubse-uttarakhand,Class 12,Science,Higher Mathematics,hi,hi+en,NONE,NONE,NONE,2025-2026-ACCREDITED,PATTERN_PENDING,0,0,0,0,0,0,0,PRACTICE_UNAVAILABLE,FULL_EXAM_UNAVAILABLE,ZERO_CONTENT,OFFICIAL_SOURCE_NOT_YET_DIGITIZED
Uttarakhand,ubse-uttarakhand,Class 12,Science,Higher Mathematics,en,hi+en,NONE,NONE,NONE,2025-2026-ACCREDITED,PATTERN_PENDING,0,0,0,0,0,0,0,PRACTICE_UNAVAILABLE,FULL_EXAM_UNAVAILABLE,ZERO_CONTENT,OFFICIAL_SOURCE_NOT_YET_DIGITIZED
Uttarakhand,ubse-uttarakhand,Class 12,Science,Biology,hi,hi+en,NONE,NONE,NONE,2025-2026-ACCREDITED,PATTERN_PENDING,0,0,0,0,0,0,0,PRACTICE_UNAVAILABLE,FULL_EXAM_UNAVAILABLE,ZERO_CONTENT,OFFICIAL_SOURCE_NOT_YET_DIGITIZED
Uttarakhand,ubse-uttarakhand,Class 12,Science,Biology,en,hi+en,NONE,NONE,NONE,2025-2026-ACCREDITED,PATTERN_PENDING,0,0,0,0,0,0,0,PRACTICE_UNAVAILABLE,FULL_EXAM_UNAVAILABLE,ZERO_CONTENT,OFFICIAL_SOURCE_NOT_YET_DIGITIZED
Uttarakhand,ubse-uttarakhand,Class 12,Commerce,Accountancy,hi,hi+en,NONE,NONE,NONE,2025-2026-ACCREDITED,PATTERN_PENDING,0,0,0,0,0,0,0,PRACTICE_UNAVAILABLE,FULL_EXAM_UNAVAILABLE,ZERO_CONTENT,OFFICIAL_SOURCE_NOT_YET_DIGITIZED
Uttarakhand,ubse-uttarakhand,Class 12,Commerce,Accountancy,en,hi+en,NONE,NONE,NONE,2025-2026-ACCREDITED,PATTERN_PENDING,0,0,0,0,0,0,0,PRACTICE_UNAVAILABLE,FULL_EXAM_UNAVAILABLE,ZERO_CONTENT,OFFICIAL_SOURCE_NOT_YET_DIGITIZED
Uttarakhand,ubse-uttarakhand,Class 12,Commerce,Business Studies,hi,hi+en,NONE,NONE,NONE,2025-2026-ACCREDITED,PATTERN_PENDING,0,0,0,0,0,0,0,PRACTICE_UNAVAILABLE,FULL_EXAM_UNAVAILABLE,ZERO_CONTENT,OFFICIAL_SOURCE_NOT_YET_DIGITIZED
Uttarakhand,ubse-uttarakhand,Class 12,Commerce,Business Studies,en,hi+en,NONE,NONE,NONE,2025-2026-ACCREDITED,PATTERN_PENDING,0,0,0,0,0,0,0,PRACTICE_UNAVAILABLE,FULL_EXAM_UNAVAILABLE,ZERO_CONTENT,OFFICIAL_SOURCE_NOT_YET_DIGITIZED
Uttarakhand,ubse-uttarakhand,Class 12,Commerce,Economics,hi,hi+en,NONE,NONE,NONE,2025-2026-ACCREDITED,PATTERN_PENDING,0,0,0,0,0,0,0,PRACTICE_UNAVAILABLE,FULL_EXAM_UNAVAILABLE,ZERO_CONTENT,OFFICIAL_SOURCE_NOT_YET_DIGITIZED
Uttarakhand,ubse-uttarakhand,Class 12,Commerce,Economics,en,hi+en,NONE,NONE,NONE,2025-2026-ACCREDITED,PATTERN_PENDING,0,0,0,0,0,0,0,PRACTICE_UNAVAILABLE,FULL_EXAM_UNAVAILABLE,ZERO_CONTENT,OFFICIAL_SOURCE_NOT_YET_DIGITIZED
Uttar Pradesh,upmsp-board,Class 10,General,Mathematics,hi,hi+en,NONE,NONE,NONE,2025-2026-ACCREDITED,PATTERN_PENDING,0,0,0,0,0,0,0,PRACTICE_UNAVAILABLE,FULL_EXAM_UNAVAILABLE,ZERO_CONTENT,OFFICIAL_SOURCE_NOT_YET_DIGITIZED
Uttar Pradesh,upmsp-board,Class 10,General,Mathematics,en,hi+en,NONE,NONE,NONE,2025-2026-ACCREDITED,PATTERN_PENDING,0,0,0,0,0,0,0,PRACTICE_UNAVAILABLE,FULL_EXAM_UNAVAILABLE,ZERO_CONTENT,OFFICIAL_SOURCE_NOT_YET_DIGITIZED
Uttar Pradesh,upmsp-board,Class 10,General,Science & Technology,hi,hi+en,NONE,NONE,NONE,2025-2026-ACCREDITED,PATTERN_PENDING,0,0,0,0,0,0,0,PRACTICE_UNAVAILABLE,FULL_EXAM_UNAVAILABLE,ZERO_CONTENT,OFFICIAL_SOURCE_NOT_YET_DIGITIZED
Uttar Pradesh,upmsp-board,Class 10,General,Science & Technology,en,hi+en,NONE,NONE,NONE,2025-2026-ACCREDITED,PATTERN_PENDING,0,0,0,0,0,0,0,PRACTICE_UNAVAILABLE,FULL_EXAM_UNAVAILABLE,ZERO_CONTENT,OFFICIAL_SOURCE_NOT_YET_DIGITIZED
Uttar Pradesh,upmsp-board,Class 10,General,Social Science,hi,hi+en,NONE,NONE,NONE,2025-2026-ACCREDITED,PATTERN_PENDING,0,0,0,0,0,0,0,PRACTICE_UNAVAILABLE,FULL_EXAM_UNAVAILABLE,ZERO_CONTENT,OFFICIAL_SOURCE_NOT_YET_DIGITIZED
Uttar Pradesh,upmsp-board,Class 10,General,Social Science,en,hi+en,NONE,NONE,NONE,2025-2026-ACCREDITED,PATTERN_PENDING,0,0,0,0,0,0,0,PRACTICE_UNAVAILABLE,FULL_EXAM_UNAVAILABLE,ZERO_CONTENT,OFFICIAL_SOURCE_NOT_YET_DIGITIZED
Uttar Pradesh,upmsp-board,Class 10,General,English Language & Literature,hi,hi+en,NONE,NONE,NONE,2025-2026-ACCREDITED,PATTERN_PENDING,0,0,0,0,0,0,0,PRACTICE_UNAVAILABLE,FULL_EXAM_UNAVAILABLE,ZERO_CONTENT,OFFICIAL_SOURCE_NOT_YET_DIGITIZED
Uttar Pradesh,upmsp-board,Class 10,General,English Language & Literature,en,hi+en,NONE,NONE,NONE,2025-2026-ACCREDITED,PATTERN_PENDING,0,0,0,0,0,0,0,PRACTICE_UNAVAILABLE,FULL_EXAM_UNAVAILABLE,ZERO_CONTENT,OFFICIAL_SOURCE_NOT_YET_DIGITIZED
Uttar Pradesh,upmsp-board,Class 10,General,First Language (Regional/Hindi),hi,hi+en,NONE,NONE,NONE,2025-2026-ACCREDITED,PATTERN_PENDING,0,0,0,0,0,0,0,PRACTICE_UNAVAILABLE,FULL_EXAM_UNAVAILABLE,ZERO_CONTENT,OFFICIAL_SOURCE_NOT_YET_DIGITIZED
Uttar Pradesh,upmsp-board,Class 10,General,First Language (Regional/Hindi),en,hi+en,NONE,NONE,NONE,2025-2026-ACCREDITED,PATTERN_PENDING,0,0,0,0,0,0,0,PRACTICE_UNAVAILABLE,FULL_EXAM_UNAVAILABLE,ZERO_CONTENT,OFFICIAL_SOURCE_NOT_YET_DIGITIZED
Uttar Pradesh,upmsp-board,Class 12,Science,Physics,hi,hi+en,NONE,NONE,NONE,2025-2026-ACCREDITED,PATTERN_PENDING,0,0,0,0,0,0,0,PRACTICE_UNAVAILABLE,FULL_EXAM_UNAVAILABLE,ZERO_CONTENT,OFFICIAL_SOURCE_NOT_YET_DIGITIZED
Uttar Pradesh,upmsp-board,Class 12,Science,Physics,en,hi+en,NONE,NONE,NONE,2025-2026-ACCREDITED,PATTERN_PENDING,0,0,0,0,0,0,0,PRACTICE_UNAVAILABLE,FULL_EXAM_UNAVAILABLE,ZERO_CONTENT,OFFICIAL_SOURCE_NOT_YET_DIGITIZED
Uttar Pradesh,upmsp-board,Class 12,Science,Chemistry,hi,hi+en,NONE,NONE,NONE,2025-2026-ACCREDITED,PATTERN_PENDING,0,0,0,0,0,0,0,PRACTICE_UNAVAILABLE,FULL_EXAM_UNAVAILABLE,ZERO_CONTENT,OFFICIAL_SOURCE_NOT_YET_DIGITIZED
Uttar Pradesh,upmsp-board,Class 12,Science,Chemistry,en,hi+en,NONE,NONE,NONE,2025-2026-ACCREDITED,PATTERN_PENDING,0,0,0,0,0,0,0,PRACTICE_UNAVAILABLE,FULL_EXAM_UNAVAILABLE,ZERO_CONTENT,OFFICIAL_SOURCE_NOT_YET_DIGITIZED
Uttar Pradesh,upmsp-board,Class 12,Science,Higher Mathematics,hi,hi+en,NONE,NONE,NONE,2025-2026-ACCREDITED,PATTERN_PENDING,0,0,0,0,0,0,0,PRACTICE_UNAVAILABLE,FULL_EXAM_UNAVAILABLE,ZERO_CONTENT,OFFICIAL_SOURCE_NOT_YET_DIGITIZED
Uttar Pradesh,upmsp-board,Class 12,Science,Higher Mathematics,en,hi+en,NONE,NONE,NONE,2025-2026-ACCREDITED,PATTERN_PENDING,0,0,0,0,0,0,0,PRACTICE_UNAVAILABLE,FULL_EXAM_UNAVAILABLE,ZERO_CONTENT,OFFICIAL_SOURCE_NOT_YET_DIGITIZED
Uttar Pradesh,upmsp-board,Class 12,Science,Biology,hi,hi+en,NONE,NONE,NONE,2025-2026-ACCREDITED,PATTERN_PENDING,0,0,0,0,0,0,0,PRACTICE_UNAVAILABLE,FULL_EXAM_UNAVAILABLE,ZERO_CONTENT,OFFICIAL_SOURCE_NOT_YET_DIGITIZED
Uttar Pradesh,upmsp-board,Class 12,Science,Biology,en,hi+en,NONE,NONE,NONE,2025-2026-ACCREDITED,PATTERN_PENDING,0,0,0,0,0,0,0,PRACTICE_UNAVAILABLE,FULL_EXAM_UNAVAILABLE,ZERO_CONTENT,OFFICIAL_SOURCE_NOT_YET_DIGITIZED
Uttar Pradesh,upmsp-board,Class 12,Commerce,Accountancy,hi,hi+en,NONE,NONE,NONE,2025-2026-ACCREDITED,PATTERN_PENDING,0,0,0,0,0,0,0,PRACTICE_UNAVAILABLE,FULL_EXAM_UNAVAILABLE,ZERO_CONTENT,OFFICIAL_SOURCE_NOT_YET_DIGITIZED
Uttar Pradesh,upmsp-board,Class 12,Commerce,Accountancy,en,hi+en,NONE,NONE,NONE,2025-2026-ACCREDITED,PATTERN_PENDING,0,0,0,0,0,0,0,PRACTICE_UNAVAILABLE,FULL_EXAM_UNAVAILABLE,ZERO_CONTENT,OFFICIAL_SOURCE_NOT_YET_DIGITIZED
Uttar Pradesh,upmsp-board,Class 12,Commerce,Business Studies,hi,hi+en,NONE,NONE,NONE,2025-2026-ACCREDITED,PATTERN_PENDING,0,0,0,0,0,0,0,PRACTICE_UNAVAILABLE,FULL_EXAM_UNAVAILABLE,ZERO_CONTENT,OFFICIAL_SOURCE_NOT_YET_DIGITIZED
Uttar Pradesh,upmsp-board,Class 12,Commerce,Business Studies,en,hi+en,NONE,NONE,NONE,2025-2026-ACCREDITED,PATTERN_PENDING,0,0,0,0,0,0,0,PRACTICE_UNAVAILABLE,FULL_EXAM_UNAVAILABLE,ZERO_CONTENT,OFFICIAL_SOURCE_NOT_YET_DIGITIZED
Uttar Pradesh,upmsp-board,Class 12,Commerce,Economics,hi,hi+en,NONE,NONE,NONE,2025-2026-ACCREDITED,PATTERN_PENDING,0,0,0,0,0,0,0,PRACTICE_UNAVAILABLE,FULL_EXAM_UNAVAILABLE,ZERO_CONTENT,OFFICIAL_SOURCE_NOT_YET_DIGITIZED
Uttar Pradesh,upmsp-board,Class 12,Commerce,Economics,en,hi+en,NONE,NONE,NONE,2025-2026-ACCREDITED,PATTERN_PENDING,0,0,0,0,0,0,0,PRACTICE_UNAVAILABLE,FULL_EXAM_UNAVAILABLE,ZERO_CONTENT,OFFICIAL_SOURCE_NOT_YET_DIGITIZED
West Bengal,wbbse-wb,Class 10,General,Mathematics,bn,bn+en+hi,NONE,NONE,NONE,2025-2026-ACCREDITED,PATTERN_PENDING,0,0,0,0,0,0,0,PRACTICE_UNAVAILABLE,FULL_EXAM_UNAVAILABLE,ZERO_CONTENT,OFFICIAL_SOURCE_NOT_YET_DIGITIZED
West Bengal,wbbse-wb,Class 10,General,Mathematics,en,bn+en+hi,NONE,NONE,NONE,2025-2026-ACCREDITED,PATTERN_PENDING,0,0,0,0,0,0,0,PRACTICE_UNAVAILABLE,FULL_EXAM_UNAVAILABLE,ZERO_CONTENT,OFFICIAL_SOURCE_NOT_YET_DIGITIZED
West Bengal,wbbse-wb,Class 10,General,Mathematics,hi,bn+en+hi,NONE,NONE,NONE,2025-2026-ACCREDITED,PATTERN_PENDING,0,0,0,0,0,0,0,PRACTICE_UNAVAILABLE,FULL_EXAM_UNAVAILABLE,ZERO_CONTENT,OFFICIAL_SOURCE_NOT_YET_DIGITIZED
West Bengal,wbbse-wb,Class 10,General,Science & Technology,bn,bn+en+hi,NONE,NONE,NONE,2025-2026-ACCREDITED,PATTERN_PENDING,0,0,0,0,0,0,0,PRACTICE_UNAVAILABLE,FULL_EXAM_UNAVAILABLE,ZERO_CONTENT,OFFICIAL_SOURCE_NOT_YET_DIGITIZED
West Bengal,wbbse-wb,Class 10,General,Science & Technology,en,bn+en+hi,NONE,NONE,NONE,2025-2026-ACCREDITED,PATTERN_PENDING,0,0,0,0,0,0,0,PRACTICE_UNAVAILABLE,FULL_EXAM_UNAVAILABLE,ZERO_CONTENT,OFFICIAL_SOURCE_NOT_YET_DIGITIZED
West Bengal,wbbse-wb,Class 10,General,Science & Technology,hi,bn+en+hi,NONE,NONE,NONE,2025-2026-ACCREDITED,PATTERN_PENDING,0,0,0,0,0,0,0,PRACTICE_UNAVAILABLE,FULL_EXAM_UNAVAILABLE,ZERO_CONTENT,OFFICIAL_SOURCE_NOT_YET_DIGITIZED
West Bengal,wbbse-wb,Class 10,General,Social Science,bn,bn+en+hi,NONE,NONE,NONE,2025-2026-ACCREDITED,PATTERN_PENDING,0,0,0,0,0,0,0,PRACTICE_UNAVAILABLE,FULL_EXAM_UNAVAILABLE,ZERO_CONTENT,OFFICIAL_SOURCE_NOT_YET_DIGITIZED
West Bengal,wbbse-wb,Class 10,General,Social Science,en,bn+en+hi,NONE,NONE,NONE,2025-2026-ACCREDITED,PATTERN_PENDING,0,0,0,0,0,0,0,PRACTICE_UNAVAILABLE,FULL_EXAM_UNAVAILABLE,ZERO_CONTENT,OFFICIAL_SOURCE_NOT_YET_DIGITIZED
West Bengal,wbbse-wb,Class 10,General,Social Science,hi,bn+en+hi,NONE,NONE,NONE,2025-2026-ACCREDITED,PATTERN_PENDING,0,0,0,0,0,0,0,PRACTICE_UNAVAILABLE,FULL_EXAM_UNAVAILABLE,ZERO_CONTENT,OFFICIAL_SOURCE_NOT_YET_DIGITIZED
West Bengal,wbbse-wb,Class 10,General,English Language & Literature,bn,bn+en+hi,NONE,NONE,NONE,2025-2026-ACCREDITED,PATTERN_PENDING,0,0,0,0,0,0,0,PRACTICE_UNAVAILABLE,FULL_EXAM_UNAVAILABLE,ZERO_CONTENT,OFFICIAL_SOURCE_NOT_YET_DIGITIZED
West Bengal,wbbse-wb,Class 10,General,English Language & Literature,en,bn+en+hi,NONE,NONE,NONE,2025-2026-ACCREDITED,PATTERN_PENDING,0,0,0,0,0,0,0,PRACTICE_UNAVAILABLE,FULL_EXAM_UNAVAILABLE,ZERO_CONTENT,OFFICIAL_SOURCE_NOT_YET_DIGITIZED
West Bengal,wbbse-wb,Class 10,General,English Language & Literature,hi,bn+en+hi,NONE,NONE,NONE,2025-2026-ACCREDITED,PATTERN_PENDING,0,0,0,0,0,0,0,PRACTICE_UNAVAILABLE,FULL_EXAM_UNAVAILABLE,ZERO_CONTENT,OFFICIAL_SOURCE_NOT_YET_DIGITIZED
West Bengal,wbbse-wb,Class 10,General,First Language (Regional/Hindi),bn,bn+en+hi,NONE,NONE,NONE,2025-2026-ACCREDITED,PATTERN_PENDING,0,0,0,0,0,0,0,PRACTICE_UNAVAILABLE,FULL_EXAM_UNAVAILABLE,ZERO_CONTENT,OFFICIAL_SOURCE_NOT_YET_DIGITIZED
West Bengal,wbbse-wb,Class 10,General,First Language (Regional/Hindi),en,bn+en+hi,NONE,NONE,NONE,2025-2026-ACCREDITED,PATTERN_PENDING,0,0,0,0,0,0,0,PRACTICE_UNAVAILABLE,FULL_EXAM_UNAVAILABLE,ZERO_CONTENT,OFFICIAL_SOURCE_NOT_YET_DIGITIZED
West Bengal,wbbse-wb,Class 10,General,First Language (Regional/Hindi),hi,bn+en+hi,NONE,NONE,NONE,2025-2026-ACCREDITED,PATTERN_PENDING,0,0,0,0,0,0,0,PRACTICE_UNAVAILABLE,FULL_EXAM_UNAVAILABLE,ZERO_CONTENT,OFFICIAL_SOURCE_NOT_YET_DIGITIZED
West Bengal,wbbse-wb,Class 12,Science,Physics,bn,bn+en+hi,NONE,NONE,NONE,2025-2026-ACCREDITED,PATTERN_PENDING,0,0,0,0,0,0,0,PRACTICE_UNAVAILABLE,FULL_EXAM_UNAVAILABLE,ZERO_CONTENT,OFFICIAL_SOURCE_NOT_YET_DIGITIZED
West Bengal,wbbse-wb,Class 12,Science,Physics,en,bn+en+hi,NONE,NONE,NONE,2025-2026-ACCREDITED,PATTERN_PENDING,0,0,0,0,0,0,0,PRACTICE_UNAVAILABLE,FULL_EXAM_UNAVAILABLE,ZERO_CONTENT,OFFICIAL_SOURCE_NOT_YET_DIGITIZED
West Bengal,wbbse-wb,Class 12,Science,Physics,hi,bn+en+hi,NONE,NONE,NONE,2025-2026-ACCREDITED,PATTERN_PENDING,0,0,0,0,0,0,0,PRACTICE_UNAVAILABLE,FULL_EXAM_UNAVAILABLE,ZERO_CONTENT,OFFICIAL_SOURCE_NOT_YET_DIGITIZED
West Bengal,wbbse-wb,Class 12,Science,Chemistry,bn,bn+en+hi,NONE,NONE,NONE,2025-2026-ACCREDITED,PATTERN_PENDING,0,0,0,0,0,0,0,PRACTICE_UNAVAILABLE,FULL_EXAM_UNAVAILABLE,ZERO_CONTENT,OFFICIAL_SOURCE_NOT_YET_DIGITIZED
West Bengal,wbbse-wb,Class 12,Science,Chemistry,en,bn+en+hi,NONE,NONE,NONE,2025-2026-ACCREDITED,PATTERN_PENDING,0,0,0,0,0,0,0,PRACTICE_UNAVAILABLE,FULL_EXAM_UNAVAILABLE,ZERO_CONTENT,OFFICIAL_SOURCE_NOT_YET_DIGITIZED
West Bengal,wbbse-wb,Class 12,Science,Chemistry,hi,bn+en+hi,NONE,NONE,NONE,2025-2026-ACCREDITED,PATTERN_PENDING,0,0,0,0,0,0,0,PRACTICE_UNAVAILABLE,FULL_EXAM_UNAVAILABLE,ZERO_CONTENT,OFFICIAL_SOURCE_NOT_YET_DIGITIZED
West Bengal,wbbse-wb,Class 12,Science,Higher Mathematics,bn,bn+en+hi,NONE,NONE,NONE,2025-2026-ACCREDITED,PATTERN_PENDING,0,0,0,0,0,0,0,PRACTICE_UNAVAILABLE,FULL_EXAM_UNAVAILABLE,ZERO_CONTENT,OFFICIAL_SOURCE_NOT_YET_DIGITIZED
West Bengal,wbbse-wb,Class 12,Science,Higher Mathematics,en,bn+en+hi,NONE,NONE,NONE,2025-2026-ACCREDITED,PATTERN_PENDING,0,0,0,0,0,0,0,PRACTICE_UNAVAILABLE,FULL_EXAM_UNAVAILABLE,ZERO_CONTENT,OFFICIAL_SOURCE_NOT_YET_DIGITIZED
West Bengal,wbbse-wb,Class 12,Science,Higher Mathematics,hi,bn+en+hi,NONE,NONE,NONE,2025-2026-ACCREDITED,PATTERN_PENDING,0,0,0,0,0,0,0,PRACTICE_UNAVAILABLE,FULL_EXAM_UNAVAILABLE,ZERO_CONTENT,OFFICIAL_SOURCE_NOT_YET_DIGITIZED
West Bengal,wbbse-wb,Class 12,Science,Biology,bn,bn+en+hi,NONE,NONE,NONE,2025-2026-ACCREDITED,PATTERN_PENDING,0,0,0,0,0,0,0,PRACTICE_UNAVAILABLE,FULL_EXAM_UNAVAILABLE,ZERO_CONTENT,OFFICIAL_SOURCE_NOT_YET_DIGITIZED
West Bengal,wbbse-wb,Class 12,Science,Biology,en,bn+en+hi,NONE,NONE,NONE,2025-2026-ACCREDITED,PATTERN_PENDING,0,0,0,0,0,0,0,PRACTICE_UNAVAILABLE,FULL_EXAM_UNAVAILABLE,ZERO_CONTENT,OFFICIAL_SOURCE_NOT_YET_DIGITIZED
West Bengal,wbbse-wb,Class 12,Science,Biology,hi,bn+en+hi,NONE,NONE,NONE,2025-2026-ACCREDITED,PATTERN_PENDING,0,0,0,0,0,0,0,PRACTICE_UNAVAILABLE,FULL_EXAM_UNAVAILABLE,ZERO_CONTENT,OFFICIAL_SOURCE_NOT_YET_DIGITIZED
West Bengal,wbbse-wb,Class 12,Commerce,Accountancy,bn,bn+en+hi,NONE,NONE,NONE,2025-2026-ACCREDITED,PATTERN_PENDING,0,0,0,0,0,0,0,PRACTICE_UNAVAILABLE,FULL_EXAM_UNAVAILABLE,ZERO_CONTENT,OFFICIAL_SOURCE_NOT_YET_DIGITIZED
West Bengal,wbbse-wb,Class 12,Commerce,Accountancy,en,bn+en+hi,NONE,NONE,NONE,2025-2026-ACCREDITED,PATTERN_PENDING,0,0,0,0,0,0,0,PRACTICE_UNAVAILABLE,FULL_EXAM_UNAVAILABLE,ZERO_CONTENT,OFFICIAL_SOURCE_NOT_YET_DIGITIZED
West Bengal,wbbse-wb,Class 12,Commerce,Accountancy,hi,bn+en+hi,NONE,NONE,NONE,2025-2026-ACCREDITED,PATTERN_PENDING,0,0,0,0,0,0,0,PRACTICE_UNAVAILABLE,FULL_EXAM_UNAVAILABLE,ZERO_CONTENT,OFFICIAL_SOURCE_NOT_YET_DIGITIZED
West Bengal,wbbse-wb,Class 12,Commerce,Business Studies,bn,bn+en+hi,NONE,NONE,NONE,2025-2026-ACCREDITED,PATTERN_PENDING,0,0,0,0,0,0,0,PRACTICE_UNAVAILABLE,FULL_EXAM_UNAVAILABLE,ZERO_CONTENT,OFFICIAL_SOURCE_NOT_YET_DIGITIZED
West Bengal,wbbse-wb,Class 12,Commerce,Business Studies,en,bn+en+hi,NONE,NONE,NONE,2025-2026-ACCREDITED,PATTERN_PENDING,0,0,0,0,0,0,0,PRACTICE_UNAVAILABLE,FULL_EXAM_UNAVAILABLE,ZERO_CONTENT,OFFICIAL_SOURCE_NOT_YET_DIGITIZED
West Bengal,wbbse-wb,Class 12,Commerce,Business Studies,hi,bn+en+hi,NONE,NONE,NONE,2025-2026-ACCREDITED,PATTERN_PENDING,0,0,0,0,0,0,0,PRACTICE_UNAVAILABLE,FULL_EXAM_UNAVAILABLE,ZERO_CONTENT,OFFICIAL_SOURCE_NOT_YET_DIGITIZED
West Bengal,wbbse-wb,Class 12,Commerce,Economics,bn,bn+en+hi,NONE,NONE,NONE,2025-2026-ACCREDITED,PATTERN_PENDING,0,0,0,0,0,0,0,PRACTICE_UNAVAILABLE,FULL_EXAM_UNAVAILABLE,ZERO_CONTENT,OFFICIAL_SOURCE_NOT_YET_DIGITIZED
West Bengal,wbbse-wb,Class 12,Commerce,Economics,en,bn+en+hi,NONE,NONE,NONE,2025-2026-ACCREDITED,PATTERN_PENDING,0,0,0,0,0,0,0,PRACTICE_UNAVAILABLE,FULL_EXAM_UNAVAILABLE,ZERO_CONTENT,OFFICIAL_SOURCE_NOT_YET_DIGITIZED
West Bengal,wbbse-wb,Class 12,Commerce,Economics,hi,bn+en+hi,NONE,NONE,NONE,2025-2026-ACCREDITED,PATTERN_PENDING,0,0,0,0,0,0,0,PRACTICE_UNAVAILABLE,FULL_EXAM_UNAVAILABLE,ZERO_CONTENT,OFFICIAL_SOURCE_NOT_YET_DIGITIZED
