question_id,exam_version_id,subject_id,question_type_id,difficulty,marks,fingerprint,status,created_at
"q-subj-math-p17b-mumdrurd-1","ver-ssc-cgl-2026","subj-math","single_mcq","EASY",2,"0139f3959bccaa1b7686d9e7c785dafca4be34bd9cacef75fd93b22df81c48fb","SUCCESS_INGESTED","2026-09-29 07:54:30"
"q-subj-math-p17b-mumdrurd-2","ver-ssc-cgl-2026","subj-math","single_mcq","MEDIUM",2,"f98af5263b6da9e793bdc2e5c48c26c0135d61beb3d3c40ed28c72466481918c","SUCCESS_INGESTED","2026-09-29 07:54:30"
"q-subj-math-p17b-mumdrurd-3","ver-ssc-cgl-2026","subj-math","single_mcq","HARD",2,"7e66bf4b959577af9c81c50dc650eba1b235166ac0b4353125696e18ac15404d","SUCCESS_INGESTED","2026-09-29 07:54:30"
"q-subj-math-p17b-mumdrurd-4","ver-ssc-cgl-2026","subj-math","single_mcq","MEDIUM",2,"8c196fb990e4076ac7ce4eb66b60f9245e8ca001deda3c0a19606515dfff5ef4","SUCCESS_INGESTED","2026-09-29 07:54:30"
"q-subj-math-p17b-mumdrurd-5","ver-ssc-cgl-2026","subj-math","single_mcq","EASY",2,"163c9f30cbcfa2208a1e023e781dd31cf667139c83b8f6a6124e522f1afda08a","SUCCESS_INGESTED","2026-09-29 07:54:30"
"q-subj-math-p17b-mumdrure-6","ver-ssc-cgl-2026","subj-math","single_mcq","HARD",2,"6aea38739bd7c98c01ba148b2aa686807baa142a5f80a2c223b5e403b7d85643","SUCCESS_INGESTED","2026-09-29 07:54:30"
"q-subj-math-p17b-mumdrure-7","ver-ssc-cgl-2026","subj-math","single_mcq","EASY",2,"e3ebc5d6f708bf9c82f702ce75a307e03c2a20c8138ca08be535f5abf8abe390","SUCCESS_INGESTED","2026-09-29 07:54:30"
"q-subj-math-p17b-mumdrure-8","ver-ssc-cgl-2026","subj-math","single_mcq","MEDIUM",2,"68a011536a76a1fe47b58d6a991ad11bc6b4a059ca5f933d07b8c8f46b839d49","SUCCESS_INGESTED","2026-09-29 07:54:30"
"q-subj-math-p17b-mumdrure-9","ver-ssc-cgl-2026","subj-math","single_mcq","HARD",2,"2847f91a103dba7198f7e34a2f2306b22d5f8389d8399db6538a0bec54890661","SUCCESS_INGESTED","2026-09-29 07:54:30"
"q-subj-math-p17b-mumdrure-10","ver-ssc-cgl-2026","subj-math","single_mcq","MEDIUM",2,"bc54bf7a8cd1e122d87eec34e63eef70f876b8fb4933dcddc9281e94e4f15dde","SUCCESS_INGESTED","2026-09-29 07:54:30"
"q-subj-math-p17b-mumdrure-11","ver-ssc-cgl-2026","subj-math","single_mcq","EASY",2,"3d636bf74550086cca2f11004d476d045aeeb9a1832e4607aa0b0518ee8cb8d1","SUCCESS_INGESTED","2026-09-29 07:54:30"
"q-subj-math-p17b-mumdrure-12","ver-ssc-cgl-2026","subj-math","single_mcq","HARD",2,"93e6ea79fdbb0d3985067af50ec6c14449259689c225a8d3a4f38a70e7ecfafb","SUCCESS_INGESTED","2026-09-29 07:54:30"
"q-subj-math-p17b-mumdrure-13","ver-ssc-cgl-2026","subj-math","single_mcq","EASY",2,"7cd5baf23390338ad670277273388fc0f2db3561867641f2dd8aa69864e7fa48","SUCCESS_INGESTED","2026-09-29 07:54:30"
"q-subj-math-p17b-mumdrure-14","ver-ssc-cgl-2026","subj-math","single_mcq","MEDIUM",2,"c1c534eb143ddcd6561ff32eae7ffbb632fe499662bc9360ebb40b3ddd40b1b9","SUCCESS_INGESTED","2026-09-29 07:54:30"
"q-subj-math-p17b-mumdrure-15","ver-ssc-cgl-2026","subj-math","single_mcq","HARD",2,"e2da048e1002a4aa04cefad035f1fc556bd5ab92ecd0c44c3ef58f870998178e","SUCCESS_INGESTED","2026-09-29 07:54:30"
"q-subj-math-p17b-mumdrure-16","ver-ssc-cgl-2026","subj-math","single_mcq","MEDIUM",2,"7e2af568029fb605dc1bc4540fa0745cd257d1a56bfc289983d794d2021e8416","SUCCESS_INGESTED","2026-09-29 07:54:30"
"q-subj-math-p17b-mumdrure-17","ver-ssc-cgl-2026","subj-math","single_mcq","EASY",2,"bd02bd717e877be4adb938feac2116fc65300a67f2c2c82726bdd08fcf8ffc71","SUCCESS_INGESTED","2026-09-29 07:54:30"
"q-subj-math-p17b-mumdrure-18","ver-ssc-cgl-2026","subj-math","single_mcq","HARD",2,"c7f6c1e2feb535374e188200767985c61ba1601ef439bfe8609b5232b1cc94e7","SUCCESS_INGESTED","2026-09-29 07:54:30"
"q-subj-math-p17b-mumdrure-19","ver-ssc-cgl-2026","subj-math","single_mcq","EASY",2,"17a483fafd1caed792a7cc7e037a926f815df232f9b3d88ddc1edf1c564dfc96","SUCCESS_INGESTED","2026-09-29 07:54:30"
"q-subj-math-p17b-mumdrure-20","ver-ssc-cgl-2026","subj-math","single_mcq","MEDIUM",2,"f9aa603696882a475283e7ee341a6508ccb1388024a402d7c09ee052122ecb7c","SUCCESS_INGESTED","2026-09-29 07:54:30"
"q-subj-math-p17b-mumdrure-21","ver-ssc-cgl-2026","subj-math","single_mcq","HARD",2,"cc45dad859cb966603f8c2cdef958d2ea8f83352011e98571a8421e0113e9933","SUCCESS_INGESTED","2026-09-29 07:54:30"
"q-subj-math-p17b-mumdrure-22","ver-ssc-cgl-2026","subj-math","single_mcq","MEDIUM",2,"dc317bd94896fadc9f578917bed885b3c6d684055e8d45554576a5a2ae2b9d5a","SUCCESS_INGESTED","2026-09-29 07:54:30"
"q-subj-math-p17b-mumdrure-23","ver-ssc-cgl-2026","subj-math","single_mcq","EASY",2,"55aae23cddd65b954dfebb9eeb96738b76788ed38a08df3bd7fb8018bfb4e177","SUCCESS_INGESTED","2026-09-29 07:54:30"
"q-subj-math-p17b-mumdrure-24","ver-ssc-cgl-2026","subj-math","single_mcq","HARD",2,"d75a1f83ab6aaa0a7a0881f827f3032177032e4bb65cab6af57baa838f27c25a","SUCCESS_INGESTED","2026-09-29 07:54:30"
"q-subj-math-p17b-mumdrure-25","ver-ssc-cgl-2026","subj-math","single_mcq","EASY",2,"b2b7ed5102969af248621a77fe20576fb0ab5d8c4e561ba290cb07e22a6fd34e","SUCCESS_INGESTED","2026-09-29 07:54:30"
"q-subj-science-p17b-mumdrure-26","ver-cbse-board-2026","subj-science","single_mcq","EASY",1,"3fc5d2ab71cea4326df642223a66ca765d81687de42129095ca00a26360d0bbe","SUCCESS_INGESTED","2026-09-29 07:54:30"
"q-subj-science-p17b-mumdrure-27","ver-cbse-board-2026","subj-science","single_mcq","MEDIUM",1,"813a25c34ec02221f7960f7f2b65415452ba2b264550583e555a2a9a46b82ccc","SUCCESS_INGESTED","2026-09-29 07:54:30"
"q-subj-science-p17b-mumdrure-28","ver-cbse-board-2026","subj-science","single_mcq","HARD",1,"ed050b4a26bc7fa28cc4539cb4089bdff68366ba46e233a68529fd1cc7cf4427","SUCCESS_INGESTED","2026-09-29 07:54:30"
"q-subj-science-p17b-mumdrure-29","ver-cbse-board-2026","subj-science","single_mcq","MEDIUM",1,"8e408a69123808dbbc3ec09db9e6b9e4c29514ad433b84fa6a5241ab6b06e51b","SUCCESS_INGESTED","2026-09-29 07:54:30"
"q-subj-science-p17b-mumdrure-30","ver-cbse-board-2026","subj-science","single_mcq","EASY",1,"f2e8f0d0d97ad1cb647ac3b6a0c9c73b7ed5f4de0cbc7505bba364d234f5ace4","SUCCESS_INGESTED","2026-09-29 07:54:30"
"q-subj-science-p17b-mumdrure-31","ver-cbse-board-2026","subj-science","single_mcq","HARD",1,"b3f0ad64ca40ec6d9ec8f50b89c020219c179ad68ff57d08f52ee9f73521b13b","SUCCESS_INGESTED","2026-09-29 07:54:30"
"q-subj-science-p17b-mumdrure-32","ver-cbse-board-2026","subj-science","single_mcq","EASY",1,"a270f06edeb8f6b7a7d3bd33e30652fc55833d679ecc5155a85e5141a5f49f6e","SUCCESS_INGESTED","2026-09-29 07:54:30"
"q-subj-science-p17b-mumdrure-33","ver-cbse-board-2026","subj-science","single_mcq","MEDIUM",1,"e12bf7f5d47f054acec26d54ea0a35128ca536a82ae30d5dcf32bda8838d016a","SUCCESS_INGESTED","2026-09-29 07:54:30"
"q-subj-science-p17b-mumdrure-34","ver-cbse-board-2026","subj-science","single_mcq","HARD",1,"f369b630978e6a6cbd35a30b87285e272443652514e4fcbeaf2b4159039e0be7","SUCCESS_INGESTED","2026-09-29 07:54:30"
"q-subj-science-p17b-mumdrurf-35","ver-cbse-board-2026","subj-science","single_mcq","MEDIUM",1,"ccf4edd66e9840864b33a76eda2cd7b0a142272ef9c6767e059dc911dd6ac151","SUCCESS_INGESTED","2026-09-29 07:54:30"
"q-subj-science-p17b-mumdrurf-36","ver-cbse-board-2026","subj-science","single_mcq","EASY",1,"a7d83e8ef56905239cb9c3ab8702402291522bf88bf3b8c7e694bc6f0ab45804","SUCCESS_INGESTED","2026-09-29 07:54:30"
"q-subj-science-p17b-mumdrurf-37","ver-cbse-board-2026","subj-science","single_mcq","HARD",1,"78f1cb71187d8ca9345d37b7fbc913f56a9d8104398c009b4d01b4e75a443923","SUCCESS_INGESTED","2026-09-29 07:54:30"
"q-subj-science-p17b-mumdrurf-38","ver-cbse-board-2026","subj-science","single_mcq","EASY",1,"d27036121392a3131ac5c4899bd68e9f53b8df4b3533ba526adc0c0474a54545","SUCCESS_INGESTED","2026-09-29 07:54:30"
"q-subj-science-p17b-mumdrurf-39","ver-cbse-board-2026","subj-science","single_mcq","MEDIUM",1,"cb5da8409551be9e7086ade3584a779e2e5ea2cc652d2f4f60ef4282d6b3a9e8","SUCCESS_INGESTED","2026-09-29 07:54:30"
"q-subj-science-p17b-mumdrurf-40","ver-cbse-board-2026","subj-science","single_mcq","HARD",1,"eb0e47f379030e02737f497b99e77fe1f0f593d18bbb4032b27861fe3fbc67e3","SUCCESS_INGESTED","2026-09-29 07:54:30"
"q-subj-science-p17b-mumdrurf-41","ver-cbse-board-2026","subj-science","single_mcq","MEDIUM",1,"61a948afdb094f71f6638b1e62780ef916aaee0ba6452e3f117a131495531ab3","SUCCESS_INGESTED","2026-09-29 07:54:30"
"q-subj-science-p17b-mumdrurf-42","ver-cbse-board-2026","subj-science","single_mcq","EASY",1,"794cb746321a86fa67a3212e0f46065e2b1476b3815a8dc6d14617946f211869","SUCCESS_INGESTED","2026-09-29 07:54:30"
"q-subj-science-p17b-mumdrurf-43","ver-cbse-board-2026","subj-science","single_mcq","HARD",1,"cb84934ad3b556bfc3b334375bbb78487a85f243981e904b200ce9ef9dacb8ab","SUCCESS_INGESTED","2026-09-29 07:54:30"
"q-subj-science-p17b-mumdrurf-44","ver-cbse-board-2026","subj-science","single_mcq","EASY",1,"8420f604e1168dd6a89d147be9bdbae74e4b4e2edcd19b0a7ed1bf0a3f066f16","SUCCESS_INGESTED","2026-09-29 07:54:30"
"q-subj-science-p17b-mumdrurf-45","ver-cbse-board-2026","subj-science","single_mcq","MEDIUM",1,"d58dec2e6a74c748afa2aadd0cc16cc8987937d98da7f9842c94fe9eb5e0b8b7","SUCCESS_INGESTED","2026-09-29 07:54:30"
"q-subj-science-p17b-mumdrurf-46","ver-cbse-board-2026","subj-science","single_mcq","HARD",1,"6f0acec2e173c0a30c30bc982461d05944837b36f26b7083a8500e2b66d19901","SUCCESS_INGESTED","2026-09-29 07:54:30"
"q-subj-science-p17b-mumdrurf-47","ver-cbse-board-2026","subj-science","single_mcq","MEDIUM",1,"19f50a2c6454c10d283b5ecda920afd9550babdd40ea67ad850ba50bb492af79","SUCCESS_INGESTED","2026-09-29 07:54:30"
"q-subj-gk-p17b-mumdrurf-48","ver-upsc-cse-2026","subj-gk","single_mcq","EASY",2,"88c735f576f20da3314f753254e5f286eb69ff07241d813306ae6099dab5cf4e","SUCCESS_INGESTED","2026-09-29 07:54:30"
"q-subj-gk-p17b-mumdrurf-49","ver-upsc-cse-2026","subj-gk","single_mcq","MEDIUM",2,"972d2e4111e248242d636db50e5fa0e31ed0c0bba26e3da94ac0f161910a4198","SUCCESS_INGESTED","2026-09-29 07:54:30"
"q-subj-gk-p17b-mumdrurf-50","ver-upsc-cse-2026","subj-gk","single_mcq","HARD",2,"7aa1cf0d40dfc9f81317ce238c8e3bda38079d43053e27cde1f812600f79b583","SUCCESS_INGESTED","2026-09-29 07:54:30"
"q-subj-gk-p17b-mumdrurf-51","ver-upsc-cse-2026","subj-gk","single_mcq","MEDIUM",2,"d50ba3a12b3acb26a0f1722f7e37d43e0636201297026ff1aa78da93ae2f296c","SUCCESS_INGESTED","2026-09-29 07:54:30"
"q-subj-gk-p17b-mumdrurf-52","ver-upsc-cse-2026","subj-gk","single_mcq","EASY",2,"de88ad41cab27302626316f281b1e5e252ab32486651f37045a3983511b2d194","SUCCESS_INGESTED","2026-09-29 07:54:30"
"q-subj-reasoning-p17b-mumdrurf-53","ver-ibps-po-clerk-2026","subj-reasoning","single_mcq","EASY",1,"83d0ce03e6b9958a080f24953d6f22336b6d6663669426575d50c59239483876","SUCCESS_INGESTED","2026-09-29 07:54:30"
"q-subj-reasoning-p17b-mumdrurf-54","ver-ibps-po-clerk-2026","subj-reasoning","single_mcq","MEDIUM",1,"93f25dae7e72e2894e5999be08b951b7105161bcf61656bd111bb30413d0c6cd","SUCCESS_INGESTED","2026-09-29 07:54:30"
"q-subj-reasoning-p17b-mumdrurf-55","ver-ibps-po-clerk-2026","subj-reasoning","single_mcq","HARD",1,"4aecdeb72c9b5e9bd9429f7329553e510a70220ed01e8dd4a5a16b5ef16d13fe","SUCCESS_INGESTED","2026-09-29 07:54:30"
"q-subj-reasoning-p17b-mumdrurf-56","ver-ibps-po-clerk-2026","subj-reasoning","single_mcq","MEDIUM",1,"9e2e51a0696dc23c798c0bba4446f0bda28e3dc2a8732a05b4040e751cd789de","SUCCESS_INGESTED","2026-09-29 07:54:30"
"q-subj-reasoning-p17b-mumdrurf-57","ver-ibps-po-clerk-2026","subj-reasoning","single_mcq","EASY",1,"7702a28edc1f4c91111ffede5b2dba2685c3a3326c5c8333802fd2f8c094c5b3","SUCCESS_INGESTED","2026-09-29 07:54:30"
"q-subj-reasoning-p17b-mumdrurf-58","ver-ibps-po-clerk-2026","subj-reasoning","single_mcq","HARD",1,"58355318f02422d9682181151d601a14f46a3cc8008b616e3d18c731c41011f6","SUCCESS_INGESTED","2026-09-29 07:54:30"
"q-subj-reasoning-p17b-mumdrurf-59","ver-ibps-po-clerk-2026","subj-reasoning","single_mcq","EASY",1,"4a152f90f6810f5aeea2e1603a989912fee357b59803ff5345e0e5cb6b8ec470","SUCCESS_INGESTED","2026-09-29 07:54:30"
"q-subj-reasoning-p17b-mumdrurf-60","ver-ibps-po-clerk-2026","subj-reasoning","single_mcq","MEDIUM",1,"f248400c569d8ae2bd954f943915399034aa48752f4cd48e112637029c4f3f9b","SUCCESS_INGESTED","2026-09-29 07:54:30"
"q-subj-reasoning-p17b-mumdrurf-61","ver-ibps-po-clerk-2026","subj-reasoning","single_mcq","HARD",1,"48164912e988a8b14f907131a73d8016b1caf108cc7beb0670b69268b41d1722","SUCCESS_INGESTED","2026-09-29 07:54:30"
"q-subj-reasoning-p17b-mumdrurf-62","ver-ibps-po-clerk-2026","subj-reasoning","single_mcq","MEDIUM",1,"0862364712bec875e5cd377da4b43d1ae023f67e0025148833753a487c62966e","SUCCESS_INGESTED","2026-09-29 07:54:30"
"q-subj-reasoning-p17b-mumdrurf-63","ver-ibps-po-clerk-2026","subj-reasoning","single_mcq","EASY",1,"27e3785e6685a98e84997d706bfc9a148af0080f8c88eb7ea09358aeae319508","SUCCESS_INGESTED","2026-09-29 07:54:30"
"q-subj-reasoning-p17b-mumdrurf-64","ver-ibps-po-clerk-2026","subj-reasoning","single_mcq","HARD",1,"b2a1058d8d39da52fc16c638cab2889e3e19168e669597440620fb16514104be","SUCCESS_INGESTED","2026-09-29 07:54:30"
"q-subj-reasoning-p17b-mumdrurf-65","ver-ibps-po-clerk-2026","subj-reasoning","single_mcq","EASY",1,"302f228cf54d13dd63cb5dbd6f294da38cd33331095ad007a5f5b965576ba229","SUCCESS_INGESTED","2026-09-29 07:54:30"
"q-subj-reasoning-p17b-mumdrurf-66","ver-ibps-po-clerk-2026","subj-reasoning","single_mcq","MEDIUM",1,"a7279e5fa6e6d32b52896a757d6aa19ce8df96a0d4a907c6051b82e3dab66a3e","SUCCESS_INGESTED","2026-09-29 07:54:30"
"q-subj-reasoning-p17b-mumdrurg-67","ver-ibps-po-clerk-2026","subj-reasoning","single_mcq","HARD",1,"1737a294b398d91a69f11672672eba94b77833a11b28afd157c44fe06aaca14d","SUCCESS_INGESTED","2026-09-29 07:54:30"
"q-subj-reasoning-p17b-mumdrurg-68","ver-ibps-po-clerk-2026","subj-reasoning","single_mcq","MEDIUM",1,"134d7da5ff044f9a326331d882275c31db348fd25c2c8d443fb5cf2718004066","SUCCESS_INGESTED","2026-09-29 07:54:30"
"q-subj-reasoning-p17b-mumdrurg-69","ver-ibps-po-clerk-2026","subj-reasoning","single_mcq","EASY",1,"4bc5f797a04dc2140cfbeeecf85221b9b8839124ea5dbac0d44bcfe705accf4a","SUCCESS_INGESTED","2026-09-29 07:54:30"
"q-subj-reasoning-p17b-mumdrurg-70","ver-ibps-po-clerk-2026","subj-reasoning","single_mcq","HARD",1,"fb774c31b540a900c23066aa5656811cb1d853c6bacc951b839134711575848b","SUCCESS_INGESTED","2026-09-29 07:54:30"
"q-subj-reasoning-p17b-mumdrurg-71","ver-ibps-po-clerk-2026","subj-reasoning","single_mcq","EASY",1,"0e491c56ab1bdd91d542bff10a9282b9701c149a6e211c06921acb763d8630a4","SUCCESS_INGESTED","2026-09-29 07:54:30"
"q-subj-reasoning-p17b-mumdrurg-72","ver-ibps-po-clerk-2026","subj-reasoning","single_mcq","MEDIUM",1,"7fa54dd5d4bd75c02d90e1cf9b4cf3a6711b690adc0f7fdcd7ce60d069b13440","SUCCESS_INGESTED","2026-09-29 07:54:30"
"q-subj-reasoning-p17b-mumdrurg-73","ver-ibps-po-clerk-2026","subj-reasoning","single_mcq","HARD",1,"44a12bde6994c67be41f0fc544905b208c7e336cb77ef380b66bb25f8b4b45e7","SUCCESS_INGESTED","2026-09-29 07:54:30"
"q-subj-reasoning-p17b-mumdrurg-74","ver-ibps-po-clerk-2026","subj-reasoning","single_mcq","MEDIUM",1,"a9142c27d6f6546bcba0213d5fffe333c1e9c70e69d7857cbeb6ca0c4b0ef7bb","SUCCESS_INGESTED","2026-09-29 07:54:30"
"q-subj-reasoning-p17b-mumdrurg-75","ver-ibps-po-clerk-2026","subj-reasoning","single_mcq","EASY",1,"c27a069f22e50dcc52ede1ca2b1cf77a97be5228e7ddfbab49b7884e0ec6a3d7","SUCCESS_INGESTED","2026-09-29 07:54:30"
"q-subj-reasoning-p17b-mumdrurg-76","ver-ibps-po-clerk-2026","subj-reasoning","single_mcq","HARD",1,"45cdc4823d9ba6482af6e2b87c3e58017420b6bb283d923d30fc52405d9b50ba","SUCCESS_INGESTED","2026-09-29 07:54:30"
"q-subj-reasoning-p17b-mumdrurg-77","ver-ibps-po-clerk-2026","subj-reasoning","single_mcq","EASY",1,"98661dcaae9bc182afec3312d4bbafee4feac90f4afdf1170e22475b9fbf83bb","SUCCESS_INGESTED","2026-09-29 07:54:30"
"q-subj-reasoning-p17b-mumdrurg-78","ver-ibps-po-clerk-2026","subj-reasoning","single_mcq","MEDIUM",1,"9c1f27993343d63857eb3872c0b54ebc287575d34061318ce65ba63011b886fb","SUCCESS_INGESTED","2026-09-29 07:54:30"
"q-subj-reasoning-p17b-mumdrurg-79","ver-ibps-po-clerk-2026","subj-reasoning","single_mcq","HARD",1,"181fdaf46bc3a2fd7aac0e3646c654cd0937c02dbd994d81e0e12bdcf669ca9d","SUCCESS_INGESTED","2026-09-29 07:54:30"
"q-subj-reasoning-p17b-mumdrurg-80","ver-ibps-po-clerk-2026","subj-reasoning","single_mcq","MEDIUM",1,"da64d36966f63ce2a2323a34e3a9406adfc5f47fd981ab6c2708e798aa72db90","SUCCESS_INGESTED","2026-09-29 07:54:30"
"q-subj-reasoning-p17b-mumdrurg-81","ver-ibps-po-clerk-2026","subj-reasoning","single_mcq","EASY",1,"e261de16a584e6a5b2302ed869e6b9c9e60e7527a64850bba5de6a82eb3ca8e2","SUCCESS_INGESTED","2026-09-29 07:54:30"
"q-subj-reasoning-p17b-mumdrurg-82","ver-ibps-po-clerk-2026","subj-reasoning","single_mcq","HARD",1,"fd341a90ce9675e3002eb5ee17c119647aa66bda7e1328ce7aab7d44759b0243","SUCCESS_INGESTED","2026-09-29 07:54:30"
"q-subj-reasoning-p17b-mumdrurg-83","ver-ibps-po-clerk-2026","subj-reasoning","single_mcq","EASY",1,"7db3dcda590514afe6f21778eaeac51781859655fe7c5fc1911b179b14c21d03","SUCCESS_INGESTED","2026-09-29 07:54:30"
"q-subj-reasoning-p17b-mumdrurg-84","ver-ibps-po-clerk-2026","subj-reasoning","single_mcq","MEDIUM",1,"2fc5229cc43d18b59ef29b84c9add49d91a0fbc85c16970433cd9be66112d94d","SUCCESS_INGESTED","2026-09-29 07:54:30"
"q-subj-reasoning-p17b-mumdrurg-85","ver-ibps-po-clerk-2026","subj-reasoning","single_mcq","HARD",1,"a32b7605babe27d1e327566b6b4a9db7a39231408fd652b1fd1a32a8a3994e9c","SUCCESS_INGESTED","2026-09-29 07:54:30"
"q-subj-reasoning-p17b-mumdrurg-86","ver-ibps-po-clerk-2026","subj-reasoning","single_mcq","MEDIUM",1,"6cbe299ab2737536956bdfbff4de883dac03c9b2a25280155eda5c5d9e56424d","SUCCESS_INGESTED","2026-09-29 07:54:30"
"q-subj-reasoning-p17b-mumdrurg-87","ver-ibps-po-clerk-2026","subj-reasoning","single_mcq","EASY",1,"7d6c1299d40edafddb4040854b279633a2a51a5dfe514cfbd0a5641f2fb12d39","SUCCESS_INGESTED","2026-09-29 07:54:30"
"q-subj-reasoning-p17b-mumdrurg-88","ver-ibps-po-clerk-2026","subj-reasoning","single_mcq","HARD",1,"84a07c848ebb557e0f8aee70f7649ea0657cccb2c5df8a7551129c8920601f80","SUCCESS_INGESTED","2026-09-29 07:54:30"
"q-subj-reasoning-p17b-mumdrurg-89","ver-ibps-po-clerk-2026","subj-reasoning","single_mcq","EASY",1,"82a062f2c13bee6b8e9f068ec1a76f7d595e5f9c2d10202d9356cd553f5c9b7b","SUCCESS_INGESTED","2026-09-29 07:54:30"
"q-subj-reasoning-p17b-mumdrurg-90","ver-ibps-po-clerk-2026","subj-reasoning","single_mcq","MEDIUM",1,"59c35347be6280239f8a23987143186b827e088872daa2db87e66cc25c28783f","SUCCESS_INGESTED","2026-09-29 07:54:30"
"q-subj-reasoning-p17b-mumdrurg-91","ver-ibps-po-clerk-2026","subj-reasoning","single_mcq","HARD",1,"5c37904aef8f81761a9d6dfb00ecec6ff7b30f58efdf2bad791943e445179327","SUCCESS_INGESTED","2026-09-29 07:54:30"
"q-subj-reasoning-p17b-mumdrurg-92","ver-ibps-po-clerk-2026","subj-reasoning","single_mcq","MEDIUM",1,"abf2cda8e40c64736ed826e20fc4d838da0d665bbf969e18bd57ceb54518c15e","SUCCESS_INGESTED","2026-09-29 07:54:30"
"q-subj-reasoning-p17b-mumdrurg-93","ver-ibps-po-clerk-2026","subj-reasoning","single_mcq","EASY",1,"c8f2ab2b7d09d826266f7ba8d37534bed9c5f75347424f7e9747165a168033d8","SUCCESS_INGESTED","2026-09-29 07:54:30"
"q-subj-reasoning-p17b-mumdrurg-94","ver-ibps-po-clerk-2026","subj-reasoning","single_mcq","HARD",1,"49d1473b51914555a036c85b43d5dc18ddb0514b1300f718e0e1ac43a1eb62bc","SUCCESS_INGESTED","2026-09-29 07:54:30"
"q-subj-reasoning-p17b-mumdrurg-95","ver-ibps-po-clerk-2026","subj-reasoning","single_mcq","EASY",1,"8b7527c012f89ee6b1013b85548563ba62d30eebedc4eb031552ad0d2f96171a","SUCCESS_INGESTED","2026-09-29 07:54:30"
"q-subj-reasoning-p17b-mumdrurg-96","ver-ibps-po-clerk-2026","subj-reasoning","single_mcq","MEDIUM",1,"83afc327d4522b1615eb26ac12c67080c4eb9c095836ab97513c6cac75011b83","SUCCESS_INGESTED","2026-09-29 07:54:30"
"q-subj-reasoning-p17b-mumdrurh-97","ver-ibps-po-clerk-2026","subj-reasoning","single_mcq","HARD",1,"dec205102b75063148f4d3932a922c6ef9d81f0fd04390e63f4ac0d540104ab3","SUCCESS_INGESTED","2026-09-29 07:54:30"
"q-subj-reasoning-p17b-mumdrurh-98","ver-ibps-po-clerk-2026","subj-reasoning","single_mcq","MEDIUM",1,"1a910f73b9bf417dcff57cc0c503d8ba6387f5f8b3e98a0dd58cc0b451845785","SUCCESS_INGESTED","2026-09-29 07:54:30"
"q-subj-reasoning-p17b-mumdrurh-99","ver-ibps-po-clerk-2026","subj-reasoning","single_mcq","EASY",1,"50cda6aeeb515f4d3fe59eb9592df4f092a0bdb3f3187e15b83b3697294c33e6","SUCCESS_INGESTED","2026-09-29 07:54:30"
"q-subj-reasoning-p17b-mumdrurh-100","ver-ibps-po-clerk-2026","subj-reasoning","single_mcq","HARD",1,"728db172cdcec544c45be4fb3c0052ce767418acc180a70508f70a1e9ddd433f","SUCCESS_INGESTED","2026-09-29 07:54:30"
"q-subj-reasoning-p17b-mumdrurh-101","ver-ibps-po-clerk-2026","subj-reasoning","single_mcq","EASY",1,"ddf2e7020c392832084a18f60fa7420dffdc47a7a496b322cdbf7030812f5211","SUCCESS_INGESTED","2026-09-29 07:54:30"
"q-subj-reasoning-p17b-mumdrurh-102","ver-ibps-po-clerk-2026","subj-reasoning","single_mcq","MEDIUM",1,"82da1f025f73664b3e816a907baa34dbe0f5325e66a13297a2b9ab069e5a24d4","SUCCESS_INGESTED","2026-09-29 07:54:30"
"q-subj-reasoning-p17b-mumdrurh-103","ver-ibps-po-clerk-2026","subj-reasoning","single_mcq","HARD",1,"e1d7b9a2e27f4ffa0fa3bad1158c33e1471f6a09b3a3dd19fe85c638ede69882","SUCCESS_INGESTED","2026-09-29 07:54:30"
"q-subj-reasoning-p17b-mumdrurh-104","ver-ibps-po-clerk-2026","subj-reasoning","single_mcq","MEDIUM",1,"0ba7b2567f2d9b3eb03f6a1324cdfc3089c143c3dd3126c9774b98fe429cb2c7","SUCCESS_INGESTED","2026-09-29 07:54:30"
"q-subj-reasoning-p17b-mumdrurh-105","ver-ibps-po-clerk-2026","subj-reasoning","single_mcq","EASY",1,"f75ea6d06b6cebdcea3a138103c226c0305130739c7f7722aac0134320f2d5e3","SUCCESS_INGESTED","2026-09-29 07:54:30"
"q-subj-reasoning-p17b-mumdrurh-106","ver-ibps-po-clerk-2026","subj-reasoning","single_mcq","HARD",1,"3e68410c4937d602308effd406afdaed951618acceea86c9d62d56ea4b5fbc28","SUCCESS_INGESTED","2026-09-29 07:54:30"
"q-subj-reasoning-p17b-mumdrurh-107","ver-ibps-po-clerk-2026","subj-reasoning","single_mcq","EASY",1,"ef2c7a0e2a4021a08193e91579bbfa085b44a7e4777ec7fefcb1dbb3237546dd","SUCCESS_INGESTED","2026-09-29 07:54:30"
"q-subj-reasoning-p17b-mumdrurh-108","ver-ibps-po-clerk-2026","subj-reasoning","single_mcq","MEDIUM",1,"c088f4a062eb93204cd21b96303c9bc184315c2d407734b5f8baa8cb16560998","SUCCESS_INGESTED","2026-09-29 07:54:30"
"q-subj-reasoning-p17b-mumdrurh-109","ver-ibps-po-clerk-2026","subj-reasoning","single_mcq","HARD",1,"7c145a2551c128bc1f64c290212a83bc368971a4f886ba471935adb4e3e5a4d0","SUCCESS_INGESTED","2026-09-29 07:54:30"
"q-subj-reasoning-p17b-mumdrurh-110","ver-ibps-po-clerk-2026","subj-reasoning","single_mcq","MEDIUM",1,"8369f351bbe8da6c538bd8f3e87bda55c56e0ba55d7948036cfb9ee8524530e4","SUCCESS_INGESTED","2026-09-29 07:54:30"
"q-subj-reasoning-p17b-mumdrurh-111","ver-ibps-po-clerk-2026","subj-reasoning","single_mcq","EASY",1,"be5afac3ebdb823ab33161e714daf3e69e8b0e50f423ad4393f35af201998601","SUCCESS_INGESTED","2026-09-29 07:54:30"
"q-subj-reasoning-p17b-mumdrurh-112","ver-ibps-po-clerk-2026","subj-reasoning","single_mcq","HARD",1,"612282a854ef881de984f309524b61bd740289ec0b50088a3f4c6e291807dfc3","SUCCESS_INGESTED","2026-09-29 07:54:30"
"q-subj-reasoning-p17b-mumdrurh-113","ver-ibps-po-clerk-2026","subj-reasoning","single_mcq","EASY",1,"8a617f167062f61f623c1c0fcc6dae97c5d500d15f403ec3113971d91eb1cab1","SUCCESS_INGESTED","2026-09-29 07:54:30"
"q-subj-reasoning-p17b-mumdrurh-114","ver-ibps-po-clerk-2026","subj-reasoning","single_mcq","MEDIUM",1,"6d54ec818c7eed994350e6dd2d545e12c5da2a93c9ed0f562bccb0b5a5e5399f","SUCCESS_INGESTED","2026-09-29 07:54:30"
"q-subj-reasoning-p17b-mumdrurh-115","ver-ibps-po-clerk-2026","subj-reasoning","single_mcq","HARD",1,"790ea733b28e2c1d222685713a21d225c9e2078d5eb319339158945792706db0","SUCCESS_INGESTED","2026-09-29 07:54:30"
"q-subj-reasoning-p17b-mumdrurh-116","ver-ibps-po-clerk-2026","subj-reasoning","single_mcq","MEDIUM",1,"fd4dd5acda28950f4332bcab8e7704e310deb2afe979e3f083d54ec0996b485f","SUCCESS_INGESTED","2026-09-29 07:54:30"
"q-subj-reasoning-p17b-mumdrurh-117","ver-ibps-po-clerk-2026","subj-reasoning","single_mcq","EASY",1,"77eaf1ace131618be64127d68bb4fd1174cc1abddffa924137a28060829d06ca","SUCCESS_INGESTED","2026-09-29 07:54:30"
"q-subj-reasoning-p17b-mumdrurh-118","ver-ibps-po-clerk-2026","subj-reasoning","single_mcq","HARD",1,"92b1e897e7ebc866faea1c51f957bb1538a23532373d212e1bfc7a3a750644c9","SUCCESS_INGESTED","2026-09-29 07:54:30"
"q-subj-reasoning-p17b-mumdrurh-119","ver-ibps-po-clerk-2026","subj-reasoning","single_mcq","EASY",1,"07ccb53b0748069e5598746a3082d4fc293c595ce88f82fb07297f0f36c7d278","SUCCESS_INGESTED","2026-09-29 07:54:30"
"q-subj-reasoning-p17b-mumdrurh-120","ver-ibps-po-clerk-2026","subj-reasoning","single_mcq","MEDIUM",1,"da9a4e9cce8516043536d1e2bc4bb4676e5a7751fb24dba3220f41f1cbd48d3f","SUCCESS_INGESTED","2026-09-29 07:54:30"
"q-subj-reasoning-p17b-mumdrurh-121","ver-ibps-po-clerk-2026","subj-reasoning","single_mcq","HARD",1,"84ce53ea926f96c5bfe8872a7a2a4704be1b62a5f3046ae1a625197f7d95e33d","SUCCESS_INGESTED","2026-09-29 07:54:30"
"q-subj-reasoning-p17b-mumdrurh-122","ver-ibps-po-clerk-2026","subj-reasoning","single_mcq","MEDIUM",1,"7045d098f25e58a14ae4bf82362e758db4c268179a4e693cea88b5aac842015e","SUCCESS_INGESTED","2026-09-29 07:54:30"
"q-subj-reasoning-p17b-mumdrurh-123","ver-ibps-po-clerk-2026","subj-reasoning","single_mcq","EASY",1,"deb25237bba082e5b484000375ad997960a080c64b9110a49e89630192b64485","SUCCESS_INGESTED","2026-09-29 07:54:30"
"q-subj-reasoning-p17b-mumdrurh-124","ver-ibps-po-clerk-2026","subj-reasoning","single_mcq","HARD",1,"6eaba84718ad570aec13232bde90ff20b2410f0df56241ae5cf7cf20a134cb66","SUCCESS_INGESTED","2026-09-29 07:54:30"
"q-subj-reasoning-p17b-mumdrurh-125","ver-ibps-po-clerk-2026","subj-reasoning","single_mcq","EASY",1,"73db353efa10b38bd28c34b25fe650350a933aa810cf35865f87518fd8a287c4","SUCCESS_INGESTED","2026-09-29 07:54:30"
"q-subj-reasoning-p17b-mumdrurh-126","ver-ibps-po-clerk-2026","subj-reasoning","single_mcq","MEDIUM",1,"abf06059360e027ab027c84f335603b8d82b01a88e20dbb1d6f44ceaeb50f94d","SUCCESS_INGESTED","2026-09-29 07:54:30"
"q-subj-reasoning-p17b-mumdrurh-127","ver-ibps-po-clerk-2026","subj-reasoning","single_mcq","HARD",1,"390ec90914fcfa54f0e7ac87a31ab06bba33048dd3e11e43a6e44f3d503833eb","SUCCESS_INGESTED","2026-09-29 07:54:30"
"q-subj-reasoning-p17b-mumdrurh-128","ver-ibps-po-clerk-2026","subj-reasoning","single_mcq","MEDIUM",1,"c6bda2fd5d4bbd111fe3fab8268dc898d1f662ba76bb1a7b9d27f89e4f489fc8","SUCCESS_INGESTED","2026-09-29 07:54:30"
"q-subj-reasoning-p17b-mumdrurh-129","ver-ibps-po-clerk-2026","subj-reasoning","single_mcq","EASY",1,"97f63bb1f17728f95dd9ccf3afd833e65c7b4ce1210546bced4befba45d2d993","SUCCESS_INGESTED","2026-09-29 07:54:30"
"q-subj-reasoning-p17b-mumdrurh-130","ver-ibps-po-clerk-2026","subj-reasoning","single_mcq","HARD",1,"cbae44b8ef78e509a48cb390a26017d569ba55cd208d3e845b34bfc59f19dc87","SUCCESS_INGESTED","2026-09-29 07:54:30"
"q-subj-reasoning-p17b-mumdrurh-131","ver-ibps-po-clerk-2026","subj-reasoning","single_mcq","EASY",1,"bb838ae2de89d6780deea3982f723dd1b9aafc870cd59e23e001a892255e4c0f","SUCCESS_INGESTED","2026-09-29 07:54:30"
"q-subj-reasoning-p17b-mumdrurh-132","ver-ibps-po-clerk-2026","subj-reasoning","single_mcq","MEDIUM",1,"82650ac7038f11c1ba248c55c698512a7626d0fffcd89e969623bf2a297c43b0","SUCCESS_INGESTED","2026-09-29 07:54:30"
"q-subj-reasoning-p17b-mumdrurh-133","ver-ibps-po-clerk-2026","subj-reasoning","single_mcq","HARD",1,"4dbc1fd2373b5c5de3c449e01f89e6578cc644c90232212c218ee80d959eee19","SUCCESS_INGESTED","2026-09-29 07:54:30"
"q-subj-reasoning-p17b-mumdruri-134","ver-ibps-po-clerk-2026","subj-reasoning","single_mcq","MEDIUM",1,"17f9ee73ffa687bcfc1350b667644507ed29582547cf4e58ff5a6bde9fc40b5b","SUCCESS_INGESTED","2026-09-29 07:54:30"
"q-subj-reasoning-p17b-mumdruri-135","ver-ibps-po-clerk-2026","subj-reasoning","single_mcq","EASY",1,"6b3820f4f4eeb843231d63d25248b212430eb9d9d7da4938eade213c30515d2a","SUCCESS_INGESTED","2026-09-29 07:54:30"
"q-subj-reasoning-p17b-mumdruri-136","ver-ibps-po-clerk-2026","subj-reasoning","single_mcq","HARD",1,"b89d6efd364ff91108fb8a9980539383268b3698917d858b24acaef680f18e67","SUCCESS_INGESTED","2026-09-29 07:54:30"
"q-subj-reasoning-p17b-mumdruri-137","ver-ibps-po-clerk-2026","subj-reasoning","single_mcq","EASY",1,"28d74b25b314e3f09fc6bcd4ea718fa9c18e84a95aa68298ed6ac68d700fb2ec","SUCCESS_INGESTED","2026-09-29 07:54:30"
"q-subj-reasoning-p17b-mumdruri-138","ver-ibps-po-clerk-2026","subj-reasoning","single_mcq","MEDIUM",1,"8f6e5e9cca87699c0328f0e27c517dd45c5546b9f25da52d5d626e011c8761e2","SUCCESS_INGESTED","2026-09-29 07:54:30"
"q-subj-reasoning-p17b-mumdruri-139","ver-ibps-po-clerk-2026","subj-reasoning","single_mcq","HARD",1,"5e615c6ccca47fa85b4e98d99921e9facaac6b899c6cf90495c92c2784f7296d","SUCCESS_INGESTED","2026-09-29 07:54:30"
"q-subj-reasoning-p17b-mumdruri-140","ver-ibps-po-clerk-2026","subj-reasoning","single_mcq","MEDIUM",1,"d559731d7e69836667eebd3ed38515847f015ae1feccbe5ffd111be0b981c538","SUCCESS_INGESTED","2026-09-29 07:54:30"
"q-subj-reasoning-p17b-mumdruri-141","ver-ibps-po-clerk-2026","subj-reasoning","single_mcq","EASY",1,"2db83b15e05590de533166feef238e2ee1ba7004c4a682a6bcf932a452213d1a","SUCCESS_INGESTED","2026-09-29 07:54:30"
"q-subj-reasoning-p17b-mumdruri-142","ver-ibps-po-clerk-2026","subj-reasoning","single_mcq","HARD",1,"ff2707ba7dd9384d96922d04096d74328e52778b7d8501805f5d6264462bfe04","SUCCESS_INGESTED","2026-09-29 07:54:30"
"q-subj-reasoning-p17b-mumdruri-143","ver-ibps-po-clerk-2026","subj-reasoning","single_mcq","EASY",1,"ef6a50eec5564a74c8cafcf7dc59f7a68a0d7aa38fb86deb0ac52a106ce3793b","SUCCESS_INGESTED","2026-09-29 07:54:30"
"q-subj-reasoning-p17b-mumdruri-144","ver-ibps-po-clerk-2026","subj-reasoning","single_mcq","MEDIUM",1,"59f085636e08ab993ac428b241ad68d5830264254992694db5343077ff00fc82","SUCCESS_INGESTED","2026-09-29 07:54:30"
"q-subj-reasoning-p17b-mumdruri-145","ver-ibps-po-clerk-2026","subj-reasoning","single_mcq","HARD",1,"749681005f6c6771fe835a455f72db67b4d39937dc1f0428047f775e864a1b29","SUCCESS_INGESTED","2026-09-29 07:54:30"
"q-subj-reasoning-p17b-mumdruri-146","ver-ibps-po-clerk-2026","subj-reasoning","single_mcq","MEDIUM",1,"a6151a6a8203482f050a3749d90646c73e23b3ea64cc30b37ef949d4a57d7ca8","SUCCESS_INGESTED","2026-09-29 07:54:30"
"q-subj-reasoning-p17b-mumdruri-147","ver-ibps-po-clerk-2026","subj-reasoning","single_mcq","EASY",1,"ec5167cc6aba14158d63cdc59e750cc4855d38748c46c5f662837dbc870f8a43","SUCCESS_INGESTED","2026-09-29 07:54:30"
"q-subj-reasoning-p17b-mumdruri-148","ver-ibps-po-clerk-2026","subj-reasoning","single_mcq","HARD",1,"0c9cd110bf163301f3cf2597044024adcc504f26930c1aa8e7525044d7975c58","SUCCESS_INGESTED","2026-09-29 07:54:30"
"q-subj-reasoning-p17b-mumdruri-149","ver-ibps-po-clerk-2026","subj-reasoning","single_mcq","EASY",1,"f5ba4c1c1cdd4498cd081a87f1d0b0f41c042c2f556b9b387ec44502e2cfdd46","SUCCESS_INGESTED","2026-09-29 07:54:30"
"q-subj-reasoning-p17b-mumdruri-150","ver-ibps-po-clerk-2026","subj-reasoning","single_mcq","MEDIUM",1,"219bbee8fe52644e545667229b85213dc51066b69e60cb50051edccee941ae95","SUCCESS_INGESTED","2026-09-29 07:54:30"
"q-subj-reasoning-p17b-mumdruri-151","ver-ibps-po-clerk-2026","subj-reasoning","single_mcq","HARD",1,"5d7a2dab42f1ae8b85cc56704647fcfd59f65cdbe9a4407ecbea3e93932ebe48","SUCCESS_INGESTED","2026-09-29 07:54:30"
"q-subj-reasoning-p17b-mumdruri-152","ver-ibps-po-clerk-2026","subj-reasoning","single_mcq","MEDIUM",1,"0cbb40410727384dcecd1b949510eb1ea7d2551bd9d78ac256baa8331c4204a7","SUCCESS_INGESTED","2026-09-29 07:54:30"
"q-subj-reasoning-p17b-mumdruri-153","ver-ibps-po-clerk-2026","subj-reasoning","single_mcq","EASY",1,"780af6fefa1f131921b6e8f0051269c05154298368635a5ba390140a84be9f4e","SUCCESS_INGESTED","2026-09-29 07:54:30"
"q-subj-reasoning-p17b-mumdruri-154","ver-ibps-po-clerk-2026","subj-reasoning","single_mcq","HARD",1,"57aa924429a39d7f847276ca981d982777fa1ee3789ab39cc6b1d49ae1546890","SUCCESS_INGESTED","2026-09-29 07:54:30"
"q-subj-reasoning-p17b-mumdruri-155","ver-ibps-po-clerk-2026","subj-reasoning","single_mcq","EASY",1,"ba696f4e581770d191e5c8a8f4215326ae69064a2aa513395419daff1408a875","SUCCESS_INGESTED","2026-09-29 07:54:30"
"q-subj-reasoning-p17b-mumdruri-156","ver-ibps-po-clerk-2026","subj-reasoning","single_mcq","MEDIUM",1,"0b4ad3f647d07b78f29df34535f156267702fb95d05b54620bd1cd23076e95a1","SUCCESS_INGESTED","2026-09-29 07:54:30"
"q-subj-reasoning-p17b-mumdruri-157","ver-ibps-po-clerk-2026","subj-reasoning","single_mcq","HARD",1,"6ad95c0e5da31d2d5a0a08f2e146a2db334177bca8754d2f84c3813eece255d9","SUCCESS_INGESTED","2026-09-29 07:54:30"
"q-subj-reasoning-p17b-mumdruri-158","ver-ibps-po-clerk-2026","subj-reasoning","single_mcq","MEDIUM",1,"c274301a30553ef6c4ca47016d65a12fe4571e091ea202cb122f8688e3f27fa1","SUCCESS_INGESTED","2026-09-29 07:54:30"
"q-subj-reasoning-p17b-mumdruri-159","ver-ibps-po-clerk-2026","subj-reasoning","single_mcq","EASY",1,"658aa4c9641f458ebd440f7c6d3a6f7e2774ead3a881de51bcb8bae5bc6ed652","SUCCESS_INGESTED","2026-09-29 07:54:30"
"q-subj-reasoning-p17b-mumdruri-160","ver-ibps-po-clerk-2026","subj-reasoning","single_mcq","HARD",1,"5999b671a92a2a4d04e9717fa544ad499b176a8ea9fcf8f7893ef59b7d56acf3","SUCCESS_INGESTED","2026-09-29 07:54:30"
"q-subj-reasoning-p17b-mumdruri-161","ver-ibps-po-clerk-2026","subj-reasoning","single_mcq","EASY",1,"0d9e7dbf7f9df474c046782c7f6f72085ad5165cd81f57ac850538b0aecb4677","SUCCESS_INGESTED","2026-09-29 07:54:30"
"q-subj-reasoning-p17b-mumdruri-162","ver-ibps-po-clerk-2026","subj-reasoning","single_mcq","MEDIUM",1,"e7adede91f15296fbd42305559ced35da61cff9d39f32eae65f0964d4d8d02e8","SUCCESS_INGESTED","2026-09-29 07:54:30"
"q-subj-reasoning-p17b-mumdruri-163","ver-ibps-po-clerk-2026","subj-reasoning","single_mcq","HARD",1,"f63303547244aa2bac9b94df38fa388be74460ee0f17f95bd3ea13268dcb2e88","SUCCESS_INGESTED","2026-09-29 07:54:30"
"q-subj-english-p17b-mumdruri-164","ver-ssc-cgl-2026","subj-english","single_mcq","EASY",1,"ff6e3ac5671871d95a085130e77d4cce3dfc1aa2edccec58ded88ee9e75f29dd","SUCCESS_INGESTED","2026-09-29 07:54:30"
"q-subj-english-p17b-mumdruri-165","ver-ssc-cgl-2026","subj-english","single_mcq","MEDIUM",1,"203479b75364444ada20fd04223d76c0e6db178b9442f03967152760540d91ec","SUCCESS_INGESTED","2026-09-29 07:54:30"
"q-subj-english-p17b-mumdruri-166","ver-ssc-cgl-2026","subj-english","single_mcq","HARD",1,"a51ec236a1c97e2acc0115abda7d5834ffdbfa916095b946241e1115bc74b464","SUCCESS_INGESTED","2026-09-29 07:54:30"
"q-subj-english-p17b-mumdruri-167","ver-ssc-cgl-2026","subj-english","single_mcq","MEDIUM",1,"ee6f2beb92a9467c6b7e31e37a0440496541ee91f275f8a082934027700ad1f1","SUCCESS_INGESTED","2026-09-29 07:54:30"
"q-subj-english-p17b-mumdruri-168","ver-ssc-cgl-2026","subj-english","single_mcq","EASY",1,"31813cb24ed0e1c94f05fd2a11b727d6b8552547515242e63d760ed09444084e","SUCCESS_INGESTED","2026-09-29 07:54:30"
"q-subj-english-p17b-mumdruri-169","ver-ssc-cgl-2026","subj-english","single_mcq","HARD",1,"8cacf5ee3ba629ca1d25e21d2d5914cddcf2f76a19fbabc531461de5308a2695","SUCCESS_INGESTED","2026-09-29 07:54:30"
"q-subj-english-p17b-mumdrurj-170","ver-ssc-cgl-2026","subj-english","single_mcq","EASY",1,"8cda1c78b154fada78daf4f127faae3c8f5940a6ffbffbdaa5212fc14db9f8d8","SUCCESS_INGESTED","2026-09-29 07:54:30"
"q-subj-english-p17b-mumdrurj-171","ver-ssc-cgl-2026","subj-english","single_mcq","MEDIUM",1,"64d0988b2761c5d74bb8566c125f9a61678b163e2cbd4162d6b8acf3aaac647c","SUCCESS_INGESTED","2026-09-29 07:54:30"
"q-subj-english-p17b-mumdrurj-172","ver-ssc-cgl-2026","subj-english","single_mcq","HARD",1,"888c8a288ae38bc02e7dcd81f08aab56168763f9b433dcdadaffd8c29f451d54","SUCCESS_INGESTED","2026-09-29 07:54:30"
"q-subj-english-p17b-mumdrurj-173","ver-ssc-cgl-2026","subj-english","single_mcq","MEDIUM",1,"8ecdb536f87789740fac26d4103e9ca38338a8458fdb4e03056adf36b6ca1202","SUCCESS_INGESTED","2026-09-29 07:54:30"
"q-subj-english-p17b-mumdrurj-174","ver-ssc-cgl-2026","subj-english","single_mcq","EASY",1,"10db72d5b7ea2603be71e343be5ec0b942a3f5e02ac3d155044b803ebec16aed","SUCCESS_INGESTED","2026-09-29 07:54:30"
"q-subj-english-p17b-mumdrurj-175","ver-ssc-cgl-2026","subj-english","single_mcq","HARD",1,"d2ceb3904fc3f6545d593b2cb0f3ec748c9fbcf4c698583355d29648f38330b0","SUCCESS_INGESTED","2026-09-29 07:54:30"
"q-subj-english-p17b-mumdrurj-176","ver-ssc-cgl-2026","subj-english","single_mcq","EASY",1,"b7cfaa834e7f08c7817effab50beb07909e4e9e007b1185a49608891aae05b6b","SUCCESS_INGESTED","2026-09-29 07:54:30"
"q-subj-english-p17b-mumdrurj-177","ver-ssc-cgl-2026","subj-english","single_mcq","MEDIUM",1,"33ec1d8d24e14385bf3229ec7f8263aab22495f639efba301d031c77a6212f93","SUCCESS_INGESTED","2026-09-29 07:54:30"
"q-subj-english-p17b-mumdrurj-178","ver-ssc-cgl-2026","subj-english","single_mcq","HARD",1,"08d7be97a8f6fe8f9e03250be66edde7cc70da877e04e9b9b64c939d03b366a6","SUCCESS_INGESTED","2026-09-29 07:54:30"
"q-subj-english-p17b-mumdrurj-179","ver-ssc-cgl-2026","subj-english","single_mcq","MEDIUM",1,"5bcd80fedf6c29e7b49189800e7ab97fc0a88ae1b0b264ec4892194598e0c698","SUCCESS_INGESTED","2026-09-29 07:54:30"
"q-subj-english-p17b-mumdrurj-180","ver-ssc-cgl-2026","subj-english","single_mcq","EASY",1,"a406c9966f86f36bcfd023f26c02b8da1fcaf2567e597dd5c29d8caf90ad4539","SUCCESS_INGESTED","2026-09-29 07:54:30"
"q-subj-english-p17b-mumdrurj-181","ver-ssc-cgl-2026","subj-english","single_mcq","HARD",1,"d1da3339fab2a5f8a0bb58b368d41ce6653fb7a3f6cd8ad20f3c5a40153a3d1d","SUCCESS_INGESTED","2026-09-29 07:54:30"
"q-subj-english-p17b-mumdrurj-182","ver-ssc-cgl-2026","subj-english","single_mcq","EASY",1,"85f727aff2f2de58b6b637fc4710621134f8c1fd7f309d6ab779b7ee295404e9","SUCCESS_INGESTED","2026-09-29 07:54:30"
"q-subj-english-p17b-mumdrurj-183","ver-ssc-cgl-2026","subj-english","single_mcq","MEDIUM",1,"c331754b67344833970836f6cf1b94fa320660719fa3a8fb53df5969fc25a60e","SUCCESS_INGESTED","2026-09-29 07:54:30"
"q-subj-english-p17b-mumdrurj-184","ver-ssc-cgl-2026","subj-english","single_mcq","HARD",1,"2390543d9096e818b6e8a13fd91ec2a8cb928470c6c0a34d83f2b7b2c5461710","SUCCESS_INGESTED","2026-09-29 07:54:30"
"q-subj-english-p17b-mumdrurj-185","ver-ssc-cgl-2026","subj-english","single_mcq","MEDIUM",1,"02fc62d7b0b83a61c88c75e900ab14626d210d90aa756e0cf27a95934f14d93f","SUCCESS_INGESTED","2026-09-29 07:54:30"
"q-subj-english-p17b-mumdrurj-186","ver-ssc-cgl-2026","subj-english","single_mcq","EASY",1,"21e4c9e2c96465aafedced44316b202c953a14812df7fdb01ab2b0151533a043","SUCCESS_INGESTED","2026-09-29 07:54:30"
"q-subj-english-p17b-mumdrurj-187","ver-ssc-cgl-2026","subj-english","single_mcq","HARD",1,"1a800d2ecf76f2fbd30e257025eec624d0db068c70e7a380f891f4ac56d8b0fb","SUCCESS_INGESTED","2026-09-29 07:54:30"
"q-subj-english-p17b-mumdrurj-188","ver-ssc-cgl-2026","subj-english","single_mcq","EASY",1,"1e038a74888f6feea3b66f1f0e72ee8d6ac48899e8e01d4d463c993bc6fb48de","SUCCESS_INGESTED","2026-09-29 07:54:30"
"q-subj-english-p17b-mumdrurj-189","ver-ssc-cgl-2026","subj-english","single_mcq","MEDIUM",1,"87ce5061a80c7bec60837cc4adddbff495ec92a57f7831ee692406cd838617e5","SUCCESS_INGESTED","2026-09-29 07:54:30"
"q-subj-english-p17b-mumdrurj-190","ver-ssc-cgl-2026","subj-english","single_mcq","HARD",1,"a626cbb96e2e5342bd51d484d0ba62d4773ca7418e405c4b4be803ef07ae6407","SUCCESS_INGESTED","2026-09-29 07:54:30"
"q-subj-english-p17b-mumdrurj-191","ver-ssc-cgl-2026","subj-english","single_mcq","MEDIUM",1,"442a85b61c3a02c4d19568a1d28691eb0bea3453b378e198e44024d9d1e3af52","SUCCESS_INGESTED","2026-09-29 07:54:30"
"q-subj-english-p17b-mumdrurj-192","ver-ssc-cgl-2026","subj-english","single_mcq","EASY",1,"63648f6aad4793a5b6783c307d5fd9ce2e05d1b78533c63aec2b2c895be0a36a","SUCCESS_INGESTED","2026-09-29 07:54:30"
"q-subj-english-p17b-mumdrurj-193","ver-ssc-cgl-2026","subj-english","single_mcq","HARD",1,"b38c556afe9f0ba089e2b3469c2f28803e05196b97b766135759a2afdb58a44e","SUCCESS_INGESTED","2026-09-29 07:54:30"
"q-subj-english-p17b-mumdrurj-194","ver-ssc-cgl-2026","subj-english","single_mcq","EASY",1,"bd9563a0bf7f29bceffd562a7c024665d60813488629d0dbd7c7c7ac54448349","SUCCESS_INGESTED","2026-09-29 07:54:30"
"q-subj-english-p17b-mumdrurj-195","ver-ssc-cgl-2026","subj-english","single_mcq","MEDIUM",1,"7bf2440ae910362571f9107dd58abd40476712f055f9b423123cf3dc483b6ce5","SUCCESS_INGESTED","2026-09-29 07:54:30"
"q-subj-english-p17b-mumdrurj-196","ver-ssc-cgl-2026","subj-english","single_mcq","HARD",1,"54ea7dd644b037adb3a50c8ba9ce429fd0b8ff536687a6acceb13e289a4b7af6","SUCCESS_INGESTED","2026-09-29 07:54:30"
"q-subj-english-p17b-mumdrurj-197","ver-ssc-cgl-2026","subj-english","single_mcq","MEDIUM",1,"363012fdd14bc8f7c97e7e8934c472f3d5c8e35c39b348af2010808a11493d47","SUCCESS_INGESTED","2026-09-29 07:54:30"
"q-subj-english-p17b-mumdrurj-198","ver-ssc-cgl-2026","subj-english","single_mcq","EASY",1,"cb0e1123380a3cd0455699947a5d4a638cfd9262cca1369761b5411b50ca6d1f","SUCCESS_INGESTED","2026-09-29 07:54:30"
"q-subj-english-p17b-mumdrurj-199","ver-ssc-cgl-2026","subj-english","single_mcq","HARD",1,"4e0ac39f57caaf37f9c7b7e39ddc840c763ae404cab6c3777967df13c4146d2c","SUCCESS_INGESTED","2026-09-29 07:54:30"
"q-subj-english-p17b-mumdrurj-200","ver-ssc-cgl-2026","subj-english","single_mcq","EASY",1,"0961094d2610ad6f4cf4bf7994d34a1598856ed70670b5a4fe3271a1ca2bd503","SUCCESS_INGESTED","2026-09-29 07:54:30"
"q-subj-english-p17b-mumdrurj-201","ver-ssc-cgl-2026","subj-english","single_mcq","MEDIUM",1,"4d8eb477e42b39bad660f3eb03b156b050a761e7784c9c31e9f187963a653f90","SUCCESS_INGESTED","2026-09-29 07:54:30"
"q-subj-english-p17b-mumdrurj-202","ver-ssc-cgl-2026","subj-english","single_mcq","HARD",1,"31d72060fa5bf518ad9c06a049d6cb333629bc829e3a707670d685b210ae7558","SUCCESS_INGESTED","2026-09-29 07:54:30"
"q-subj-english-p17b-mumdrurj-203","ver-ssc-cgl-2026","subj-english","single_mcq","MEDIUM",1,"51d75f6811639938fcea2344858cc24f3945602d8b5bce620cf82c41a15adb32","SUCCESS_INGESTED","2026-09-29 07:54:30"
"q-subj-english-p17b-mumdrurj-204","ver-ssc-cgl-2026","subj-english","single_mcq","EASY",1,"d677e4539ded7b394737916cf399e433c34fb016fccb62fb9550b1c0d75d633b","SUCCESS_INGESTED","2026-09-29 07:54:30"
"q-subj-english-p17b-mumdrurj-205","ver-ssc-cgl-2026","subj-english","single_mcq","HARD",1,"439b0a9fc1eb2e1d4d718ef2e598f6b63d1724ace3a90f193b76b95d6b781e48","SUCCESS_INGESTED","2026-09-29 07:54:30"
"q-subj-english-p17b-mumdrurj-206","ver-ssc-cgl-2026","subj-english","single_mcq","EASY",1,"3e4de085b5076cbd83ba0e017de1c115ee2b3f7f22ef06148de5a4d601173fd7","SUCCESS_INGESTED","2026-09-29 07:54:30"
"q-subj-english-p17b-mumdrurj-207","ver-ssc-cgl-2026","subj-english","single_mcq","MEDIUM",1,"ae15a11983ec0b9397319582a2b38878ef3457e6aed168a430cf5fd6fe3c1653","SUCCESS_INGESTED","2026-09-29 07:54:30"
"q-subj-english-p17b-mumdrurj-208","ver-ssc-cgl-2026","subj-english","single_mcq","HARD",1,"126a7f84af3a9f961a72a0d1da4044aa3b7deecac84c069990ce470b46abc8d8","SUCCESS_INGESTED","2026-09-29 07:54:30"
"q-subj-english-p17b-mumdrurj-209","ver-ssc-cgl-2026","subj-english","single_mcq","MEDIUM",1,"75edaece008d47163d74dfaac5457839aa504b1cecdb46406806b80656c93650","SUCCESS_INGESTED","2026-09-29 07:54:30"
"q-subj-english-p17b-mumdrurk-210","ver-ssc-cgl-2026","subj-english","single_mcq","EASY",1,"5486698a7e4e54e3fd5ca599a381932e51388cc3c288fc228dec41251f281084","SUCCESS_INGESTED","2026-09-29 07:54:30"
"q-subj-english-p17b-mumdrurk-211","ver-ssc-cgl-2026","subj-english","single_mcq","HARD",1,"98d2c22ed7ad8cfaa2e48fb3d911f04502aa60a3338036af8df0fcd28d73a21d","SUCCESS_INGESTED","2026-09-29 07:54:30"
"q-subj-english-p17b-mumdrurk-212","ver-ssc-cgl-2026","subj-english","single_mcq","EASY",1,"9481ae01d0743cc57dfd143cb3a81475327b6b7c09b27f460283acac9d3c83da","SUCCESS_INGESTED","2026-09-29 07:54:30"
"q-subj-english-p17b-mumdrurk-213","ver-ssc-cgl-2026","subj-english","single_mcq","MEDIUM",1,"c1df3db278329e5ddc3514bbca25eaec3e34f157b806928116ef18c441a1e3f1","SUCCESS_INGESTED","2026-09-29 07:54:30"
"q-subj-english-p17b-mumdrurk-214","ver-ssc-cgl-2026","subj-english","single_mcq","HARD",1,"bc12db31065ce76c252b3dad8c6a71fcfaea8094be2bdb4040057cc5543a984c","SUCCESS_INGESTED","2026-09-29 07:54:30"
"q-subj-english-p17b-mumdrurk-215","ver-ssc-cgl-2026","subj-english","single_mcq","MEDIUM",1,"c38fc8015f89faff1aa746d32dcbd3404b7c7333a450106b2ca8638afb4c42f1","SUCCESS_INGESTED","2026-09-29 07:54:30"
"q-subj-english-p17b-mumdrurk-216","ver-ssc-cgl-2026","subj-english","single_mcq","EASY",1,"a1ecf3c5a5053218bfd32120d3aee0d81fc8f8629d458bedafc5a2c80b6eb546","SUCCESS_INGESTED","2026-09-29 07:54:30"
"q-subj-english-p17b-mumdrurk-217","ver-ssc-cgl-2026","subj-english","single_mcq","HARD",1,"1eaf4d3b07fb445456e33f839946e1b13954ed7d585bc7aa49b377c7b1b9983a","SUCCESS_INGESTED","2026-09-29 07:54:30"
"q-subj-english-p17b-mumdrurk-218","ver-ssc-cgl-2026","subj-english","single_mcq","EASY",1,"c6fb9dbc46f56c3c4a929c1d4aee1a867bac382e6d8a3601d34edbe5b8920b6f","SUCCESS_INGESTED","2026-09-29 07:54:30"
"q-subj-english-p17b-mumdrurk-219","ver-ssc-cgl-2026","subj-english","single_mcq","MEDIUM",1,"f980b2c0bcbd2dd39075cc5d379ce880a93111c4b66b959d5e3b78fe6c25afc3","SUCCESS_INGESTED","2026-09-29 07:54:30"
"q-subj-english-p17b-mumdrurk-220","ver-ssc-cgl-2026","subj-english","single_mcq","HARD",1,"3be22883e1d0b1d46f3d9501f77676c2fa3dd9f3de549dafda56ae91edf9bf27","SUCCESS_INGESTED","2026-09-29 07:54:30"
"q-subj-english-p17b-mumdrurk-221","ver-ssc-cgl-2026","subj-english","single_mcq","MEDIUM",1,"7782e104df5dc3436cceca5f6f59446ffef05589869f582ec0e846b125b792f7","SUCCESS_INGESTED","2026-09-29 07:54:30"
"q-subj-english-p17b-mumdrurk-222","ver-ssc-cgl-2026","subj-english","single_mcq","EASY",1,"d81421316dfb1e11e867034dc688ad5586b9f3695b5ff5fa2e0368d1bd89337b","SUCCESS_INGESTED","2026-09-29 07:54:30"
"q-subj-english-p17b-mumdrurk-223","ver-ssc-cgl-2026","subj-english","single_mcq","HARD",1,"5a977049da2e9b0a5c30c16eed3a62a3bc89aff69262d17213579f012bc2af7f","SUCCESS_INGESTED","2026-09-29 07:54:30"
"q-subj-english-p17b-mumdrurk-224","ver-ssc-cgl-2026","subj-english","single_mcq","EASY",1,"17dc050ea39893f00a4d141e8998c2cb87a9ce141f1e3803499ebfe07e644bd7","SUCCESS_INGESTED","2026-09-29 07:54:30"
"q-subj-english-p17b-mumdrurk-225","ver-ssc-cgl-2026","subj-english","single_mcq","MEDIUM",1,"95398201357a2c609da32ce09e5022cb4e6c6819e93e2e2ad26f800ec610cbee","SUCCESS_INGESTED","2026-09-29 07:54:30"
"q-subj-english-p17b-mumdrurk-226","ver-ssc-cgl-2026","subj-english","single_mcq","HARD",1,"ee6cd95ea18a5554d0f847a8bbfabf5d734a201f7a31fa1261c6671592b7a32e","SUCCESS_INGESTED","2026-09-29 07:54:30"
"q-subj-english-p17b-mumdrurk-227","ver-ssc-cgl-2026","subj-english","single_mcq","MEDIUM",1,"dba13ca9b73412d2eb12e8d87e8d58d8f9adb65e7cdefcc08dbecfdad0e2391b","SUCCESS_INGESTED","2026-09-29 07:54:30"
"q-subj-english-p17b-mumdrurk-228","ver-ssc-cgl-2026","subj-english","single_mcq","EASY",1,"30a1c7206350c2c3e830bfeb59c1e21f55930464c3289f668ee82366a47a4e6d","SUCCESS_INGESTED","2026-09-29 07:54:30"
"q-subj-english-p17b-mumdrurk-229","ver-ssc-cgl-2026","subj-english","single_mcq","HARD",1,"80420a6d31c4bcbe28eb608ef8f6369f7365f64b55c4401b3c2820edf39a5fc3","SUCCESS_INGESTED","2026-09-29 07:54:30"
"q-subj-english-p17b-mumdrurk-230","ver-ssc-cgl-2026","subj-english","single_mcq","EASY",1,"d72ca20ae8ed077e793862db201c40cc838e74ef1cc5633724adb0267de01713","SUCCESS_INGESTED","2026-09-29 07:54:30"
"q-subj-english-p17b-mumdrurk-231","ver-ssc-cgl-2026","subj-english","single_mcq","MEDIUM",1,"e896d81baa0b27d22a98246bd86cca8e8af9f8bd43ba856d9288066e7fcbcac5","SUCCESS_INGESTED","2026-09-29 07:54:30"
"q-subj-english-p17b-mumdrurk-232","ver-ssc-cgl-2026","subj-english","single_mcq","HARD",1,"b295b8a323477a2bf3d222a8c4d81c9c2a060f2d36105ad7a534c6e8775371e8","SUCCESS_INGESTED","2026-09-29 07:54:30"
"q-subj-english-p17b-mumdrurk-233","ver-ssc-cgl-2026","subj-english","single_mcq","MEDIUM",1,"e193cea8405c64fa7d2d9fd5507849893eebcf885620152162958ced8c49cbe4","SUCCESS_INGESTED","2026-09-29 07:54:30"
"q-subj-english-p17b-mumdrurk-234","ver-ssc-cgl-2026","subj-english","single_mcq","EASY",1,"ad549c7c06d84a765eaa682390a8a96d8bd2f31ad39869319e060f530fb5df1f","SUCCESS_INGESTED","2026-09-29 07:54:30"
"q-subj-english-p17b-mumdrurk-235","ver-ssc-cgl-2026","subj-english","single_mcq","HARD",1,"07882cb8a2759c707dbb45e9cfdae4cbc7dfb7299431d60099691b483a093b8b","SUCCESS_INGESTED","2026-09-29 07:54:30"
"q-subj-english-p17b-mumdrurk-236","ver-ssc-cgl-2026","subj-english","single_mcq","EASY",1,"f223f0e29da7c8eb25da98ce80a4e65fd6cb34b20ec1b17d6f8ed5159bb69cbd","SUCCESS_INGESTED","2026-09-29 07:54:30"
"q-subj-english-p17b-mumdrurk-237","ver-ssc-cgl-2026","subj-english","single_mcq","MEDIUM",1,"4ee8c0572c3bb85c602a16c3d2772a8668598bb091197a2ca877c9afb7b6230a","SUCCESS_INGESTED","2026-09-29 07:54:30"
"q-subj-english-p17b-mumdrurk-238","ver-ssc-cgl-2026","subj-english","single_mcq","HARD",1,"90ac3999de2e57b0426b0cacc876525cb08f11813bc3ceaf083befba48b4d7f2","SUCCESS_INGESTED","2026-09-29 07:54:30"
"q-subj-english-p17b-mumdrurk-239","ver-ssc-cgl-2026","subj-english","single_mcq","MEDIUM",1,"20ecc8c6ef71ec93498152239856ba9118201f2ccb498d3a6f3bbfa17b38c3f2","SUCCESS_INGESTED","2026-09-29 07:54:30"
"q-subj-english-p17b-mumdrurk-240","ver-ssc-cgl-2026","subj-english","single_mcq","EASY",1,"6aa45e4e52204b4227e8dbc580483e5a50031188dccde502ed9250e1a0b38bcf","SUCCESS_INGESTED","2026-09-29 07:54:30"
"q-subj-english-p17b-mumdrurk-241","ver-ssc-cgl-2026","subj-english","single_mcq","HARD",1,"69ca5e76d72b4df94eb74d2af6277e8beb91884625b843b0f23a03b51200c6f2","SUCCESS_INGESTED","2026-09-29 07:54:30"
"q-subj-english-p17b-mumdrurk-242","ver-ssc-cgl-2026","subj-english","single_mcq","EASY",1,"6b381d234a8c4016fe350fd9510956517982d7e29500cd1d5bd60e8dea4b68ca","SUCCESS_INGESTED","2026-09-29 07:54:30"
"q-subj-english-p17b-mumdrurk-243","ver-ssc-cgl-2026","subj-english","single_mcq","MEDIUM",1,"39ff34504b150204b750f2166b800f869bc49f84f610072390a2f8525ba469cb","SUCCESS_INGESTED","2026-09-29 07:54:30"
"q-subj-english-p17b-mumdrurk-244","ver-ssc-cgl-2026","subj-english","single_mcq","HARD",1,"a2e9377cf0411f0f7ccd28421e01f4d3abe4570b288d2689d95bab8f6bcecf40","SUCCESS_INGESTED","2026-09-29 07:54:30"
"q-subj-english-p17b-mumdrurk-245","ver-ssc-cgl-2026","subj-english","single_mcq","MEDIUM",1,"a422adf949516f86432a63e4cfdba6cbc2ede133fe9ff081ed803710958e5a8f","SUCCESS_INGESTED","2026-09-29 07:54:30"
"q-subj-english-p17b-mumdrurk-246","ver-ssc-cgl-2026","subj-english","single_mcq","EASY",1,"e1c581008feddbb69f770f5160a0ed2f63fcc5631722646cfa98e57bb861e01b","SUCCESS_INGESTED","2026-09-29 07:54:30"
"q-subj-english-p17b-mumdrurk-247","ver-ssc-cgl-2026","subj-english","single_mcq","HARD",1,"c721b03c2a26aeccb87511dcf0b61415c6809531b4af6b7f9e19520ae5561fac","SUCCESS_INGESTED","2026-09-29 07:54:30"
"q-subj-english-p17b-mumdrurk-248","ver-ssc-cgl-2026","subj-english","single_mcq","EASY",1,"d3662fd2dbeed7281d95ee2b8b01253a5637276b4e2d9c4d8f6e5bd8a75afa75","SUCCESS_INGESTED","2026-09-29 07:54:30"
"q-subj-english-p17b-mumdrurk-249","ver-ssc-cgl-2026","subj-english","single_mcq","MEDIUM",1,"625d16a5a2b59c2a98e249722996c87e36e822bf025cc2c240fa5170da5e3245","SUCCESS_INGESTED","2026-09-29 07:54:30"
"q-subj-english-p17b-mumdrurl-250","ver-ssc-cgl-2026","subj-english","single_mcq","HARD",1,"ef93214d0ca0d87796014122fb31eda424723fff50db97097d69b83adedd9d94","SUCCESS_INGESTED","2026-09-29 07:54:30"
"q-subj-hindi-p17b-mumdrurl-251","ver-up-police-constable-2026","subj-hindi","single_mcq","EASY",2,"7212041d4ca622f1dc5ffae255462975c37111544a5efdddd426238c3291785d","SUCCESS_INGESTED","2026-09-29 07:54:30"
"q-subj-hindi-p17b-mumdrurl-252","ver-up-police-constable-2026","subj-hindi","single_mcq","MEDIUM",2,"7b2c1727fc436b0cbf2b2e92815e40776e8e627e4ff794795bda2c9a970ccbc5","SUCCESS_INGESTED","2026-09-29 07:54:30"
"q-subj-hindi-p17b-mumdrurl-253","ver-up-police-constable-2026","subj-hindi","single_mcq","HARD",2,"ea4adfd06188c76560024f101d3a12142f6a656fee69c9671eef99363491ec4c","SUCCESS_INGESTED","2026-09-29 07:54:30"
"q-subj-hindi-p17b-mumdrurl-254","ver-up-police-constable-2026","subj-hindi","single_mcq","MEDIUM",2,"d77474409b913b64b4b14e056b2263b46b986c43e413ea05fdbc4f68144daa0f","SUCCESS_INGESTED","2026-09-29 07:54:30"
"q-subj-hindi-p17b-mumdrurl-255","ver-up-police-constable-2026","subj-hindi","single_mcq","EASY",2,"099a877e1f30762d4f244ebca17a44dcb0e643a3362c68389a479612e43a8310","SUCCESS_INGESTED","2026-09-29 07:54:30"
"q-subj-hindi-p17b-mumdrurl-256","ver-up-police-constable-2026","subj-hindi","single_mcq","HARD",2,"f7d25c613def319dac242d0a5106b8fcb821c52c7601d3f848f500cf9e2b63ee","SUCCESS_INGESTED","2026-09-29 07:54:30"
"q-subj-hindi-p17b-mumdrurl-257","ver-up-police-constable-2026","subj-hindi","single_mcq","EASY",2,"d695960e7ec8111cb31485572936f2a3f3eac0a6f7158e4cead661995116fb18","SUCCESS_INGESTED","2026-09-29 07:54:30"
"q-subj-hindi-p17b-mumdrurl-258","ver-up-police-constable-2026","subj-hindi","single_mcq","MEDIUM",2,"6fb6d04e51912e70fdf787c429ecdc3c8fd2a32f00b79153879c548657c2e0e9","SUCCESS_INGESTED","2026-09-29 07:54:30"
"q-subj-hindi-p17b-mumdrurl-259","ver-up-police-constable-2026","subj-hindi","single_mcq","HARD",2,"a524875ef48b8592879537d514189ab9df2a0bd5b0dcb709a2f4093b86dfddd6","SUCCESS_INGESTED","2026-09-29 07:54:30"
"q-subj-hindi-p17b-mumdrurl-260","ver-up-police-constable-2026","subj-hindi","single_mcq","MEDIUM",2,"64ee2007c64ebb0571104ec9e66a50690e1b3f6b30c319643e33bb0533510de5","SUCCESS_INGESTED","2026-09-29 07:54:30"
"q-subj-hindi-p17b-mumdrurl-261","ver-up-police-constable-2026","subj-hindi","single_mcq","EASY",2,"5033e70d1e12835c7807fd0a858a88f3e58ef94257a585ecf125f150dbf3ddea","SUCCESS_INGESTED","2026-09-29 07:54:30"
"q-subj-hindi-p17b-mumdrurl-262","ver-up-police-constable-2026","subj-hindi","single_mcq","HARD",2,"fb64d9036e1d8a9eaa91b2e4207f225fefdd63c14d509bd3c72241989d59e234","SUCCESS_INGESTED","2026-09-29 07:54:30"
"q-subj-hindi-p17b-mumdrurl-263","ver-up-police-constable-2026","subj-hindi","single_mcq","EASY",2,"49298816f23ed1bce7a1acd826fd32d129d7016d65bdf40f50f214881f33fce0","SUCCESS_INGESTED","2026-09-29 07:54:30"
"q-subj-hindi-p17b-mumdrurl-264","ver-up-police-constable-2026","subj-hindi","single_mcq","MEDIUM",2,"dedea1ccccead6b99ad93ca26561d3a15b00e1af7a419191df2fd3f6cc4be876","SUCCESS_INGESTED","2026-09-29 07:54:30"
"q-subj-hindi-p17b-mumdrurl-265","ver-up-police-constable-2026","subj-hindi","single_mcq","HARD",2,"2be2456c0963f5e6fba29217e81080734f9d9075786bdd22ded32027b7106b37","SUCCESS_INGESTED","2026-09-29 07:54:30"
"q-subj-hindi-p17b-mumdrurl-266","ver-up-police-constable-2026","subj-hindi","single_mcq","MEDIUM",2,"0483a81777bf50b75b2c594abcf70cf66b4f4da3d5e9f90564ad80c64a0eb730","SUCCESS_INGESTED","2026-09-29 07:54:30"
"q-subj-hindi-p17b-mumdrurl-267","ver-up-police-constable-2026","subj-hindi","single_mcq","EASY",2,"4dd3ca69236edccd141d58e752ba59af3d766516e78230dcdd0986fb476872c8","SUCCESS_INGESTED","2026-09-29 07:54:30"
"q-subj-hindi-p17b-mumdrurl-268","ver-up-police-constable-2026","subj-hindi","single_mcq","HARD",2,"7e3e4bad1015c05f6fcc70710354ca3a2978526e9a0acc761469550ff7a6b0d0","SUCCESS_INGESTED","2026-09-29 07:54:30"
"q-subj-hindi-p17b-mumdrurl-269","ver-up-police-constable-2026","subj-hindi","single_mcq","EASY",2,"8badbc187ae18edf1c5c11160e1a1f400b309fc11c29446448c60ca7fdfc7618","SUCCESS_INGESTED","2026-09-29 07:54:30"
"q-subj-hindi-p17b-mumdrurl-270","ver-up-police-constable-2026","subj-hindi","single_mcq","MEDIUM",2,"4ad86ceda821fab1ea5b275f9cac077c9465c1df5cc30c15c71a66b45b17709f","SUCCESS_INGESTED","2026-09-29 07:54:30"
"q-subj-hindi-p17b-mumdrurl-271","ver-up-police-constable-2026","subj-hindi","single_mcq","HARD",2,"0c92c097566a8768e32c2ac38df1298b957e4c818a18a6ef114a774169cec5a7","SUCCESS_INGESTED","2026-09-29 07:54:30"
"q-subj-hindi-p17b-mumdrurl-272","ver-up-police-constable-2026","subj-hindi","single_mcq","MEDIUM",2,"24500750d14a267e7489720826abf5f36f9429667d350208f8b53bfab3ddcec7","SUCCESS_INGESTED","2026-09-29 07:54:30"
"q-subj-hindi-p17b-mumdrurl-273","ver-up-police-constable-2026","subj-hindi","single_mcq","EASY",2,"5da97f28af90454b95040b41edea86da49d45cabcb52ee54242d650dc3fbad7a","SUCCESS_INGESTED","2026-09-29 07:54:30"
"q-subj-hindi-p17b-mumdrurl-274","ver-up-police-constable-2026","subj-hindi","single_mcq","HARD",2,"a11ebb54f6eedf2637dfa415b51ab3497035842bca6f5809eef34720e01f71ed","SUCCESS_INGESTED","2026-09-29 07:54:30"
"q-subj-hindi-p17b-mumdrurl-275","ver-up-police-constable-2026","subj-hindi","single_mcq","EASY",2,"84e53c14c2258037213a7cad84ea5bb7bb559bd4192c020363e54bd6a08105bb","SUCCESS_INGESTED","2026-09-29 07:54:30"
"q-subj-hindi-p17b-mumdrurl-276","ver-up-police-constable-2026","subj-hindi","single_mcq","MEDIUM",2,"2c117b37cab8abfd81ad75e847e268d07edc18cab1d7925b7b0711eba97f5079","SUCCESS_INGESTED","2026-09-29 07:54:30"
"q-subj-hindi-p17b-mumdrurl-277","ver-up-police-constable-2026","subj-hindi","single_mcq","HARD",2,"d44865ae1931ad80e3267c2949c26c11f2ab8597efa865e1040e173cfcce6f10","SUCCESS_INGESTED","2026-09-29 07:54:30"
"q-subj-hindi-p17b-mumdrurl-278","ver-up-police-constable-2026","subj-hindi","single_mcq","MEDIUM",2,"0e1d3f6776901ecb61222d54f4fe1945a861a20d95eb15c5f7c500263e105d7f","SUCCESS_INGESTED","2026-09-29 07:54:30"
"q-subj-hindi-p17b-mumdrurl-279","ver-up-police-constable-2026","subj-hindi","single_mcq","EASY",2,"19ced4f1513a6316ba6e9caa8313a7f64725fc80a5637aa9ee33ec29bd76e71e","SUCCESS_INGESTED","2026-09-29 07:54:30"
"q-subj-hindi-p17b-mumdrurl-280","ver-up-police-constable-2026","subj-hindi","single_mcq","HARD",2,"93dea8cc39f04775ae4d4c7b67eb30fa55a943c3a5f43395f09417886c56eb57","SUCCESS_INGESTED","2026-09-29 07:54:30"
"q-subj-hindi-p17b-mumdrurl-281","ver-up-police-constable-2026","subj-hindi","single_mcq","EASY",2,"12ffc8e95a2ab35dfebb15bb0cf0d8bf0de7800bdfa31f5483a369edc0e8e3dd","SUCCESS_INGESTED","2026-09-29 07:54:30"
"q-subj-hindi-p17b-mumdrurl-282","ver-up-police-constable-2026","subj-hindi","single_mcq","MEDIUM",2,"d5705be6786655aea1c85d09d64d56b02a903facd22b75a11f1b235d6d0eac7f","SUCCESS_INGESTED","2026-09-29 07:54:30"
"q-subj-hindi-p17b-mumdrurl-283","ver-up-police-constable-2026","subj-hindi","single_mcq","HARD",2,"cbfdafaec7aeaf5233f6fd3a3f333583a2eff59fbcd7f03e9c4bf01770088ce3","SUCCESS_INGESTED","2026-09-29 07:54:30"
"q-subj-hindi-p17b-mumdrurl-284","ver-up-police-constable-2026","subj-hindi","single_mcq","MEDIUM",2,"4d3af96d6cc777f25028d6578f13355ff43133a6c3bcbf789ebadba6ac97ebfa","SUCCESS_INGESTED","2026-09-29 07:54:30"
"q-subj-hindi-p17b-mumdrurl-285","ver-up-police-constable-2026","subj-hindi","single_mcq","EASY",2,"a1215d4aaf0e98a368118d1a48c41554cc7581c1316bfbef0866576503101197","SUCCESS_INGESTED","2026-09-29 07:54:30"
"q-subj-hindi-p17b-mumdrurm-286","ver-up-police-constable-2026","subj-hindi","single_mcq","HARD",2,"da83b8cc9996388410255be4f104fbab4acf4a46bdae009552804c5dbf83c001","SUCCESS_INGESTED","2026-09-29 07:54:30"
"q-subj-hindi-p17b-mumdrurm-287","ver-up-police-constable-2026","subj-hindi","single_mcq","EASY",2,"aa457124fde263f2d2c10bc539b8682c44caf163bfd18c5c46063c2c0842f927","SUCCESS_INGESTED","2026-09-29 07:54:30"
"q-subj-hindi-p17b-mumdrurm-288","ver-up-police-constable-2026","subj-hindi","single_mcq","MEDIUM",2,"97d24d2d0beedb2ce0cc2481f5daf5ccad134266d5e82492ba44c16df92c1c4a","SUCCESS_INGESTED","2026-09-29 07:54:30"
"q-subj-hindi-p17b-mumdrurm-289","ver-up-police-constable-2026","subj-hindi","single_mcq","HARD",2,"5e3d7efb8939b1111402b78d83e0e082dba5f606f9b0b1b411bcfc96a944ecb9","SUCCESS_INGESTED","2026-09-29 07:54:30"
"q-subj-hindi-p17b-mumdrurm-290","ver-up-police-constable-2026","subj-hindi","single_mcq","MEDIUM",2,"97b6307202dbddb1a0aa15ee8a9bcc48501bf1b0aef19b259cf5797e48b31d46","SUCCESS_INGESTED","2026-09-29 07:54:30"
"q-subj-hindi-p17b-mumdrurm-291","ver-up-police-constable-2026","subj-hindi","single_mcq","EASY",2,"b2dc05df570c97731df1ca4efe48979c40f4e3dca4f0c5239d8b34d00143b025","SUCCESS_INGESTED","2026-09-29 07:54:30"
"q-subj-hindi-p17b-mumdrurm-292","ver-up-police-constable-2026","subj-hindi","single_mcq","HARD",2,"a4003c2e8383cacc1ddc2c6b55f3057247096384d6fe5be43b9f684fbee52ea4","SUCCESS_INGESTED","2026-09-29 07:54:30"
"q-subj-hindi-p17b-mumdrurm-293","ver-up-police-constable-2026","subj-hindi","single_mcq","EASY",2,"988b47835e79a2d0c60b12a43f4f0c8323f979ea0e356a4b52d5b5f054025bd6","SUCCESS_INGESTED","2026-09-29 07:54:30"
"q-subj-hindi-p17b-mumdrurm-294","ver-up-police-constable-2026","subj-hindi","single_mcq","MEDIUM",2,"bcb00013d84e7fc468acf8f95e0c66a461f178c84cda1a51a0c770c0a1d00976","SUCCESS_INGESTED","2026-09-29 07:54:30"
"q-subj-hindi-p17b-mumdrurm-295","ver-up-police-constable-2026","subj-hindi","single_mcq","HARD",2,"542cc56132e13e8402f1a95d1194029ece6c5d3def1c8da20ed505a9ac070c7d","SUCCESS_INGESTED","2026-09-29 07:54:30"
"q-subj-hindi-p17b-mumdrurm-296","ver-up-police-constable-2026","subj-hindi","single_mcq","MEDIUM",2,"02981c147295d91b0c720ada81c19d8914b1a82c640c7710fa541fc3f41e233f","SUCCESS_INGESTED","2026-09-29 07:54:30"
"q-subj-hindi-p17b-mumdrurm-297","ver-up-police-constable-2026","subj-hindi","single_mcq","EASY",2,"cac14c5368fa87e06fcdc4a58f798dc633027cddd907609f69e729cd0e0f719d","SUCCESS_INGESTED","2026-09-29 07:54:30"
"q-subj-hindi-p17b-mumdrurm-298","ver-up-police-constable-2026","subj-hindi","single_mcq","HARD",2,"3bd8a974ef417c55c373dd3a9089af291652b2a94eab104edfe6e9afcbb24523","SUCCESS_INGESTED","2026-09-29 07:54:30"
"q-subj-hindi-p17b-mumdrurm-299","ver-up-police-constable-2026","subj-hindi","single_mcq","EASY",2,"2fa84fd91907227a502ae7f1138d83da606043bf36d1614feb3f591393b37a7a","SUCCESS_INGESTED","2026-09-29 07:54:30"
"q-subj-hindi-p17b-mumdrurm-300","ver-up-police-constable-2026","subj-hindi","single_mcq","MEDIUM",2,"2057f3131cbc22673dbc6e515dcfd4278ce2cf241c2a24a2a2d3e3187d17cc71","SUCCESS_INGESTED","2026-09-29 07:54:30"
"q-subj-hindi-p17b-mumdrurm-301","ver-up-police-constable-2026","subj-hindi","single_mcq","HARD",2,"e3643c5c1ff3c7b03f713f4679e53c22ed354c22c0e76419ab84a210abf79657","SUCCESS_INGESTED","2026-09-29 07:54:30"
"q-subj-hindi-p17b-mumdrurm-302","ver-up-police-constable-2026","subj-hindi","single_mcq","MEDIUM",2,"bdbd92d8697ea737032d2d3acebacb9b0750e6742e02c48192f989029109062a","SUCCESS_INGESTED","2026-09-29 07:54:30"
"q-subj-hindi-p17b-mumdrurm-303","ver-up-police-constable-2026","subj-hindi","single_mcq","EASY",2,"dbde1fe469abd5d597002c0460a1b7a9046b1e1f6000de0b0b7f730b1bb39ec1","SUCCESS_INGESTED","2026-09-29 07:54:30"
"q-subj-hindi-p17b-mumdrurm-304","ver-up-police-constable-2026","subj-hindi","single_mcq","HARD",2,"17521631c1d1a1941c14fb4cdb85de76f2fbf9ddc6fe7d8c46813a4870a98e6e","SUCCESS_INGESTED","2026-09-29 07:54:30"
"q-subj-hindi-p17b-mumdrurm-305","ver-up-police-constable-2026","subj-hindi","single_mcq","EASY",2,"ca03a5f695fab89cbaeef673c93c96a0d8ae86d3e12a028167b912b3cc1da438","SUCCESS_INGESTED","2026-09-29 07:54:30"
"q-subj-hindi-p17b-mumdrurm-306","ver-up-police-constable-2026","subj-hindi","single_mcq","MEDIUM",2,"8939c7dd7e09422c65d1a53af5d6fd46426cae6888ea9b242145aacb121d4650","SUCCESS_INGESTED","2026-09-29 07:54:30"
"q-subj-hindi-p17b-mumdrurm-307","ver-up-police-constable-2026","subj-hindi","single_mcq","HARD",2,"5f5a25bb6cda2fc783d3a859e48750a0f4ecf2c48560d89e45fa94507034b453","SUCCESS_INGESTED","2026-09-29 07:54:30"
"q-subj-hindi-p17b-mumdrurn-308","ver-up-police-constable-2026","subj-hindi","single_mcq","MEDIUM",2,"68102d6d44642544eabb3f988577b80c03e0327d29e5d9084d3c6cf10c43e8cc","SUCCESS_INGESTED","2026-09-29 07:54:30"
"q-subj-hindi-p17b-mumdrurn-309","ver-up-police-constable-2026","subj-hindi","single_mcq","EASY",2,"063a4e736cedd20ee7a30859a4b2e3a22be2c0c7a7c0c7ec6308ada672dd4037","SUCCESS_INGESTED","2026-09-29 07:54:30"
"q-subj-hindi-p17b-mumdrurn-310","ver-up-police-constable-2026","subj-hindi","single_mcq","HARD",2,"0a34397b1d9cf07440d26f51303274e841a46cca620de9e586bb81452c42ef17","SUCCESS_INGESTED","2026-09-29 07:54:30"
"q-subj-hindi-p17b-mumdrurn-311","ver-up-police-constable-2026","subj-hindi","single_mcq","EASY",2,"ad5e625b038bac37301e11536d472fe4ab31f1b99e78db66758c9d8ebcdb1bca","SUCCESS_INGESTED","2026-09-29 07:54:30"
"q-subj-hindi-p17b-mumdrurn-312","ver-up-police-constable-2026","subj-hindi","single_mcq","MEDIUM",2,"35c6ab63dd0ca000377d2fd6ed36688642b470b8da47e0513583cbf41f78b8d8","SUCCESS_INGESTED","2026-09-29 07:54:30"
"q-subj-hindi-p17b-mumdrurn-313","ver-up-police-constable-2026","subj-hindi","single_mcq","HARD",2,"5d884bd4ad23bbc3cdddb62fcc84a5bbe1b0b7224b5838b93a5dd5f3a48983d2","SUCCESS_INGESTED","2026-09-29 07:54:30"
"q-subj-hindi-p17b-mumdrurn-314","ver-up-police-constable-2026","subj-hindi","single_mcq","MEDIUM",2,"21962f09a2c3051655024d6f7226a327875c2a5aa3347bc8df3979c2d1000d04","SUCCESS_INGESTED","2026-09-29 07:54:30"
"q-subj-hindi-p17b-mumdrurn-315","ver-up-police-constable-2026","subj-hindi","single_mcq","EASY",2,"63e798e9a6c1ecfe2a4d0bf57be2d2c37f820d06c17c53d5a474386a020f6e9b","SUCCESS_INGESTED","2026-09-29 07:54:30"
"q-subj-hindi-p17b-mumdrurn-316","ver-up-police-constable-2026","subj-hindi","single_mcq","HARD",2,"8a3273f3698a69127c942e42917507b36e3cdec0c0a7e35255db8a83872d50a7","SUCCESS_INGESTED","2026-09-29 07:54:30"
"q-subj-hindi-p17b-mumdrurn-317","ver-up-police-constable-2026","subj-hindi","single_mcq","EASY",2,"ac9aa212dbdbcc7f3792d61b147d00a35f4fd1b69b8cef87b8bd218da3a61e8e","SUCCESS_INGESTED","2026-09-29 07:54:30"
"q-subj-hindi-p17b-mumdrurn-318","ver-up-police-constable-2026","subj-hindi","single_mcq","MEDIUM",2,"71273c09a0f200a4ddbee731efef42d587f83c5982e4d57351b3b7552179d9d9","SUCCESS_INGESTED","2026-09-29 07:54:30"
"q-subj-hindi-p17b-mumdrurn-319","ver-up-police-constable-2026","subj-hindi","single_mcq","HARD",2,"ff4ef426777ab93c89bacc3ca40c15c301d6f6094e744cdcea599078ec33178b","SUCCESS_INGESTED","2026-09-29 07:54:30"
"q-subj-hindi-p17b-mumdrurn-320","ver-up-police-constable-2026","subj-hindi","single_mcq","MEDIUM",2,"8041ddb6586a486ecd155ae18fce634acbb25c2db13c52ae3635b0cfa62fdcd2","SUCCESS_INGESTED","2026-09-29 07:54:30"
"q-subj-hindi-p17b-mumdrurn-321","ver-up-police-constable-2026","subj-hindi","single_mcq","EASY",2,"55ece47159c13582d2f9e9dfb2b34281cd287e8d8d9be825f119267572f973b4","SUCCESS_INGESTED","2026-09-29 07:54:30"
"q-subj-hindi-p17b-mumdrurn-322","ver-up-police-constable-2026","subj-hindi","single_mcq","HARD",2,"549b397924cfaa8c82000458d9d34e1856c0e201084a00a6aaa07212cfab82ea","SUCCESS_INGESTED","2026-09-29 07:54:30"
"q-subj-hindi-p17b-mumdrurn-323","ver-up-police-constable-2026","subj-hindi","single_mcq","EASY",2,"6936c886f329622b1e3b9e88ffeea597faf5b04bc97c4b2cef06a3529b414aa9","SUCCESS_INGESTED","2026-09-29 07:54:30"
"q-subj-hindi-p17b-mumdrurn-324","ver-up-police-constable-2026","subj-hindi","single_mcq","MEDIUM",2,"30f07d614aea9812e41ff6dd1555df94da2b3a9b291dc2a93a9cc17d7bd1b7d8","SUCCESS_INGESTED","2026-09-29 07:54:30"
"q-subj-hindi-p17b-mumdrurn-325","ver-up-police-constable-2026","subj-hindi","single_mcq","HARD",2,"3745c5e35ae28fe849bd1dfc99e7c7528908e61f3dbfed24729dcd032038dc50","SUCCESS_INGESTED","2026-09-29 07:54:30"
"q-subj-hindi-p17b-mumdrurn-326","ver-up-police-constable-2026","subj-hindi","single_mcq","MEDIUM",2,"661280ac4cfda5c2bc4b89204c488f2d2cc38a1541f6e958f8dfe19c440eaef1","SUCCESS_INGESTED","2026-09-29 07:54:30"
"q-subj-hindi-p17b-mumdrurn-327","ver-up-police-constable-2026","subj-hindi","single_mcq","EASY",2,"dbc3251749a6cc7709ea7965dbecf8e6bc5ba4a807e94fb336ab42b850a72e3e","SUCCESS_INGESTED","2026-09-29 07:54:30"
"q-subj-hindi-p17b-mumdrurn-328","ver-up-police-constable-2026","subj-hindi","single_mcq","HARD",2,"fa375701b2abbce821dbce51502e61e011b98e0e66fc1b0b408743ae32ed144e","SUCCESS_INGESTED","2026-09-29 07:54:30"
"q-subj-hindi-p17b-mumdrurn-329","ver-up-police-constable-2026","subj-hindi","single_mcq","EASY",2,"e2f3737b98bf9d9d6c58f9cc711c73b56b6a282e3511eafb2cb4acd39e7ac4c8","SUCCESS_INGESTED","2026-09-29 07:54:30"
"q-subj-hindi-p17b-mumdrurn-330","ver-up-police-constable-2026","subj-hindi","single_mcq","MEDIUM",2,"105d225f1c4b6a3f260927076648ff4b2f670be309ccc7b6947b788b31dd8eb8","SUCCESS_INGESTED","2026-09-29 07:54:30"
"q-subj-hindi-p17b-mumdrurn-331","ver-up-police-constable-2026","subj-hindi","single_mcq","HARD",2,"e6fa8c46928171b7513a094d45e0cb11a72c26612e11ba6789b33f7ffbca57bd","SUCCESS_INGESTED","2026-09-29 07:54:30"
"q-subj-hindi-p17b-mumdrurn-332","ver-up-police-constable-2026","subj-hindi","single_mcq","MEDIUM",2,"96d2663e4a41ce24b79861b1431d5e72f935278aafb572e5ca0964a011ab2fb3","SUCCESS_INGESTED","2026-09-29 07:54:30"
"q-subj-hindi-p17b-mumdruro-333","ver-up-police-constable-2026","subj-hindi","single_mcq","EASY",2,"745119c2e644414b435efe15d2f6c42c9a4f614b04ccda78b3eb16cc19e17c2a","SUCCESS_INGESTED","2026-09-29 07:54:30"
"q-subj-hindi-p17b-mumdruro-334","ver-up-police-constable-2026","subj-hindi","single_mcq","HARD",2,"323338ce34d0f451b3927f4fe6483ff89acf343679c6de7269156930fb73a99f","SUCCESS_INGESTED","2026-09-29 07:54:30"
"q-subj-hindi-p17b-mumdruro-335","ver-up-police-constable-2026","subj-hindi","single_mcq","EASY",2,"a9006b3a36f3b3446b383a52c6d71fba5017f88f6215edee68ac21fb5793c2e0","SUCCESS_INGESTED","2026-09-29 07:54:30"
"q-subj-hindi-p17b-mumdruro-336","ver-up-police-constable-2026","subj-hindi","single_mcq","MEDIUM",2,"ebe5ee0f8016cc42d12aab9ff52cb88e688bf73f302d0913cf1bbee514225740","SUCCESS_INGESTED","2026-09-29 07:54:30"
"q-subj-hindi-p17b-mumdruro-337","ver-up-police-constable-2026","subj-hindi","single_mcq","HARD",2,"f1ec277d5cba10c09cb94c6c2076a0421f8f1faa71c8c18c62e344812c0b1525","SUCCESS_INGESTED","2026-09-29 07:54:30"
"q-subj-hindi-p17b-mumdruro-338","ver-up-police-constable-2026","subj-hindi","single_mcq","MEDIUM",2,"51fb440b0f3a624600166a9bbcb5a18e9fa4a07f639eca9d680e2ef848d43c81","SUCCESS_INGESTED","2026-09-29 07:54:30"
"q-subj-hindi-p17b-mumdruro-339","ver-up-police-constable-2026","subj-hindi","single_mcq","EASY",2,"4c8f43186f212372b5998a1944646f75b0cb00930150457cb4d418311e16419c","SUCCESS_INGESTED","2026-09-29 07:54:30"
"q-subj-hindi-p17b-mumdruro-340","ver-up-police-constable-2026","subj-hindi","single_mcq","HARD",2,"8a025f4ce621a52271e66699272d4a914b17c5e4a567a15140c09dbdd50ae8ac","SUCCESS_INGESTED","2026-09-29 07:54:30"
"q-subj-hindi-p17b-mumdruro-341","ver-up-police-constable-2026","subj-hindi","single_mcq","EASY",2,"7b02b7f72ae0c9bc88f9e3591b0d17d900466298ea9323886eb21693b74ed624","SUCCESS_INGESTED","2026-09-29 07:54:30"
"q-subj-hindi-p17b-mumdruro-342","ver-up-police-constable-2026","subj-hindi","single_mcq","MEDIUM",2,"9797b242c88f9718fbee0eda4b7abb63313a649c876a50595b58763e654ef031","SUCCESS_INGESTED","2026-09-29 07:54:30"
"q-subj-hindi-p17b-mumdruro-343","ver-up-police-constable-2026","subj-hindi","single_mcq","HARD",2,"2e0333e4a4de90f5b0e533aed763488b5bcc507fa66d81bb13273d8900cc4599","SUCCESS_INGESTED","2026-09-29 07:54:30"
"q-subj-hindi-p17b-mumdruro-344","ver-up-police-constable-2026","subj-hindi","single_mcq","MEDIUM",2,"bea7560de68f30876d2c943694866b9510bab45b56eb6287e7a2183407752e0a","SUCCESS_INGESTED","2026-09-29 07:54:30"
"q-subj-hindi-p17b-mumdruro-345","ver-up-police-constable-2026","subj-hindi","single_mcq","EASY",2,"34928e44e0646cb08f9ab30c3b15de726d94294efb7e8b80a76490bca26aea3f","SUCCESS_INGESTED","2026-09-29 07:54:30"
"q-subj-hindi-p17b-mumdruro-346","ver-up-police-constable-2026","subj-hindi","single_mcq","HARD",2,"571b12dd0ba4533ed4aae51288bcc07708a0e54b57258cc7b11b05423a4b400f","SUCCESS_INGESTED","2026-09-29 07:54:30"
"q-subj-hindi-p17b-mumdruro-347","ver-up-police-constable-2026","subj-hindi","single_mcq","EASY",2,"5737350d8bb6aeb1cc0777266300ab5233c17f811ed5e9944a026cd25436d35d","SUCCESS_INGESTED","2026-09-29 07:54:30"
"q-subj-hindi-p17b-mumdruro-348","ver-up-police-constable-2026","subj-hindi","single_mcq","MEDIUM",2,"8ef6ae64669a7e7cbccf304b299cbb8ae68b27871b9009ac4c18cca9c1619a7b","SUCCESS_INGESTED","2026-09-29 07:54:30"
"q-subj-hindi-p17b-mumdruro-349","ver-up-police-constable-2026","subj-hindi","single_mcq","HARD",2,"262a789ccd2135d580b65ebf33f93a922f7d524545a7ced306fc3fb7091ec9c6","SUCCESS_INGESTED","2026-09-29 07:54:30"
"q-subj-hindi-p17b-mumdruro-350","ver-up-police-constable-2026","subj-hindi","single_mcq","MEDIUM",2,"c485c09bd5b72997d922ec1446f49c208734b38fa42741d124ee171dd54b0bc0","SUCCESS_INGESTED","2026-09-29 07:54:30"
"q-subj-hindi-p17b-mumdruro-351","ver-up-police-constable-2026","subj-hindi","single_mcq","EASY",2,"87f8bf0787b767666fc407c56f9f417dbb78f2391513da4cb9eb7d5d526acc0e","SUCCESS_INGESTED","2026-09-29 07:54:30"
"q-subj-hindi-p17b-mumdruro-352","ver-up-police-constable-2026","subj-hindi","single_mcq","HARD",2,"9bf40b0b81b3d8e7b41c421df5500f4d4a8706f19df0971c8752fad2ffd7437d","SUCCESS_INGESTED","2026-09-29 07:54:30"
"q-subj-social-p17b-mumdruro-353","ver-cbse-board-2026","subj-social","single_mcq","EASY",1,"e4f09addc19a7b4ee9e0ba69722b54d778556fa6e2a02f5a7c1622c76bf00b7b","SUCCESS_INGESTED","2026-09-29 07:54:30"
"q-subj-social-p17b-mumdruro-354","ver-cbse-board-2026","subj-social","single_mcq","MEDIUM",1,"8eb814db7dee48a6feb920cf8fe04706d423fe6609e8a72c4bd090ce7fe01908","SUCCESS_INGESTED","2026-09-29 07:54:30"
"q-subj-social-p17b-mumdruro-355","ver-cbse-board-2026","subj-social","single_mcq","HARD",1,"5db39cf9e061ab4bc0d212946dd5fc482dcdd7afcdc8007e5ec7adb1db0afe0d","SUCCESS_INGESTED","2026-09-29 07:54:30"
"q-subj-social-p17b-mumdruro-356","ver-cbse-board-2026","subj-social","single_mcq","MEDIUM",1,"5d8f3050d8ac20a9a2a60563dc447e0964fdc132a6ebb0526eeea68e78d95e2b","SUCCESS_INGESTED","2026-09-29 07:54:30"
"q-subj-social-p17b-mumdruro-357","ver-cbse-board-2026","subj-social","single_mcq","EASY",1,"be3c9673e068d47b2a5e7caac20e4ea8c5110bafface6a0298305e7331bba17c","SUCCESS_INGESTED","2026-09-29 07:54:30"
"q-subj-social-p17b-mumdruro-358","ver-cbse-board-2026","subj-social","single_mcq","HARD",1,"ba80aca101f90e6e3a88702d22eb96b002b9ae7f5d247f32c3813a7424a315ae","SUCCESS_INGESTED","2026-09-29 07:54:30"
"q-subj-social-p17b-mumdruro-359","ver-cbse-board-2026","subj-social","single_mcq","EASY",1,"cce8b7852c58920a560b88c537342b5edfeac72fa1923d17427f3592ef97f1e8","SUCCESS_INGESTED","2026-09-29 07:54:30"
"q-subj-social-p17b-mumdruro-360","ver-cbse-board-2026","subj-social","single_mcq","MEDIUM",1,"a7a50512ed7133dec9d5bd928909b007ed92f1801fa88880580c1605c3f4fc49","SUCCESS_INGESTED","2026-09-29 07:54:30"
"q-subj-social-p17b-mumdruro-361","ver-cbse-board-2026","subj-social","single_mcq","HARD",1,"830d2163aab9040477f5e7b96a401d68a600f38721553846b91cd02839da2565","SUCCESS_INGESTED","2026-09-29 07:54:30"
"q-subj-social-p17b-mumdruro-362","ver-cbse-board-2026","subj-social","single_mcq","MEDIUM",1,"394818d04c9bdd66a2c7a2369fef880a4c0ad8a138b1e869988e7c6e0b56124f","SUCCESS_INGESTED","2026-09-29 07:54:30"
"q-subj-social-p17b-mumdruro-363","ver-cbse-board-2026","subj-social","single_mcq","EASY",1,"f08436748eacb2041ef27d31fbdcdd1f0fd4a386b49ab092081200dfe04f2b11","SUCCESS_INGESTED","2026-09-29 07:54:30"
"q-subj-social-p17b-mumdrurp-364","ver-cbse-board-2026","subj-social","single_mcq","HARD",1,"d12c246c74676336b4b1a114042b5d2f56ed068f03e15d5fe59ad54028284065","SUCCESS_INGESTED","2026-09-29 07:54:30"
"q-subj-social-p17b-mumdrurp-365","ver-cbse-board-2026","subj-social","single_mcq","EASY",1,"d4428b0b7c1758e0fa6c51de661c994ba13203988cc102da76a2a7f5b6833486","SUCCESS_INGESTED","2026-09-29 07:54:30"
"q-subj-social-p17b-mumdrurp-366","ver-cbse-board-2026","subj-social","single_mcq","MEDIUM",1,"1364612f24468f13e4924c7790a47594fca32de3a9d9785acd13bcc470d910c5","SUCCESS_INGESTED","2026-09-29 07:54:30"
"q-subj-social-p17b-mumdrurp-367","ver-cbse-board-2026","subj-social","single_mcq","HARD",1,"7f8f581ac664d1275bac80359f54a7bc03ce41889f62a87cac03343436a7857c","SUCCESS_INGESTED","2026-09-29 07:54:30"
"q-subj-social-p17b-mumdrurp-368","ver-cbse-board-2026","subj-social","single_mcq","MEDIUM",1,"6a744dcf9ce82a379357629bced1cce4e8eb4abd2b432a6f5b66865030c22bf8","SUCCESS_INGESTED","2026-09-29 07:54:30"
"q-subj-social-p17b-mumdrurp-369","ver-cbse-board-2026","subj-social","single_mcq","EASY",1,"330980c1683c05d4c3a80fe2704d8f1b9f14fbffdeaa2e48d794d1f87beb41cd","SUCCESS_INGESTED","2026-09-29 07:54:30"
"q-subj-social-p17b-mumdrurp-370","ver-cbse-board-2026","subj-social","single_mcq","HARD",1,"22ab69085b4f26137b2e7ee528e434086433242f0aa5be28c512a741f2908012","SUCCESS_INGESTED","2026-09-29 07:54:30"
"q-subj-social-p17b-mumdrurp-371","ver-cbse-board-2026","subj-social","single_mcq","EASY",1,"eafef037c9e832c4175ae052d33f481859329955d0786f26148f50d171f44c39","SUCCESS_INGESTED","2026-09-29 07:54:30"
"q-subj-social-p17b-mumdrurp-372","ver-cbse-board-2026","subj-social","single_mcq","MEDIUM",1,"bde808edde7c01e3db8b9a2de1b26f6fa5307018363c5199a44a9a2a319f1ee1","SUCCESS_INGESTED","2026-09-29 07:54:30"
"q-subj-social-p17b-mumdrurp-373","ver-cbse-board-2026","subj-social","single_mcq","HARD",1,"f0e8077e7a37edd63bf9e11d1d2ffef9ad52242f125bc38499ff5b4b0b1a00dd","SUCCESS_INGESTED","2026-09-29 07:54:30"
"q-subj-social-p17b-mumdrurp-374","ver-cbse-board-2026","subj-social","single_mcq","MEDIUM",1,"0193e912d7a5bf5584ddac3bc1de298b885a7dcd4c49cdaf83efe1c30a56664f","SUCCESS_INGESTED","2026-09-29 07:54:30"
"q-subj-social-p17b-mumdrurp-375","ver-cbse-board-2026","subj-social","single_mcq","EASY",1,"fae4cefd4c5217d178efcf4442ecede27f3b33b31bb76a944a3a7544c82a73af","SUCCESS_INGESTED","2026-09-29 07:54:30"
"q-subj-social-p17b-mumdrurp-376","ver-cbse-board-2026","subj-social","single_mcq","HARD",1,"d03bb8901d03ba79dc1a8d2f46152b883d8a107d8baec308bcb7927684d73b41","SUCCESS_INGESTED","2026-09-29 07:54:30"
"q-subj-social-p17b-mumdrurp-377","ver-cbse-board-2026","subj-social","single_mcq","EASY",1,"8e46a2e8d15ddb30aab7e4fec030c591ee160b985fe56e21dcc5641b08fa4ed2","SUCCESS_INGESTED","2026-09-29 07:54:30"
"q-subj-social-p17b-mumdrurp-378","ver-cbse-board-2026","subj-social","single_mcq","MEDIUM",1,"25463a79e8c5a747bcca87a7b4e4dbf9fa99f6fa1f16d6fa8c4f8ea803699b1f","SUCCESS_INGESTED","2026-09-29 07:54:30"
"q-subj-social-p17b-mumdrurp-379","ver-cbse-board-2026","subj-social","single_mcq","HARD",1,"7fd75c1359ec9c450f35e9b8ef6e9e85cc9c0dd4688a48383d74e2c0a7b0ce8d","SUCCESS_INGESTED","2026-09-29 07:54:30"
"q-subj-social-p17b-mumdrurp-380","ver-cbse-board-2026","subj-social","single_mcq","MEDIUM",1,"a9b1df1bc1ff5a706cd99af30350a103246c0159ef104681b39ee3671b421abc","SUCCESS_INGESTED","2026-09-29 07:54:30"
"q-subj-social-p17b-mumdrurp-381","ver-cbse-board-2026","subj-social","single_mcq","EASY",1,"450c149e659ade8ba19e25c106814c8de64e48650d130262b94577df5c762dfb","SUCCESS_INGESTED","2026-09-29 07:54:30"
"q-subj-social-p17b-mumdrurp-382","ver-cbse-board-2026","subj-social","single_mcq","HARD",1,"4fcb635577c0c9ffca5bfc17750d2edc2bf3ea4a71854cef20b873da2a71db3b","SUCCESS_INGESTED","2026-09-29 07:54:30"
"q-subj-social-p17b-mumdrurp-383","ver-cbse-board-2026","subj-social","single_mcq","EASY",1,"3274625e455271cb6022c47d8707d036a2dcd28ccb9a885efe2b0d774c959794","SUCCESS_INGESTED","2026-09-29 07:54:30"
"q-subj-social-p17b-mumdrurp-384","ver-cbse-board-2026","subj-social","single_mcq","MEDIUM",1,"2ffd9c4aaa2c0dd73ec2b399d194b46e00f3df53267350d7368252ee24aa5607","SUCCESS_INGESTED","2026-09-29 07:54:30"
"q-subj-social-p17b-mumdrurp-385","ver-cbse-board-2026","subj-social","single_mcq","HARD",1,"f30b9b4e1115671aa6cccab79469d6fc52324c206aa49792b7ba8997c122ba8d","SUCCESS_INGESTED","2026-09-29 07:54:30"
"q-subj-social-p17b-mumdrurp-386","ver-cbse-board-2026","subj-social","single_mcq","MEDIUM",1,"6161f555c60f6cb51547bf5e77b4d42e5d4cc768dffbd90bbea45c0f24a4794f","SUCCESS_INGESTED","2026-09-29 07:54:30"
"q-subj-social-p17b-mumdrurp-387","ver-cbse-board-2026","subj-social","single_mcq","EASY",1,"78f3d3a3020e8e11ebea84c4e45235d2a5d325fecf4ccf222f161998fe7b29b0","SUCCESS_INGESTED","2026-09-29 07:54:30"
"q-subj-social-p17b-mumdrurp-388","ver-cbse-board-2026","subj-social","single_mcq","HARD",1,"88e4d1c67a605abd7904cd32b90872a5b1e1d984b057d57f8c727076d63d27f9","SUCCESS_INGESTED","2026-09-29 07:54:30"
"q-subj-social-p17b-mumdrurp-389","ver-cbse-board-2026","subj-social","single_mcq","EASY",1,"73282d08c07b077f6d23dc6203eb0c8a28d2d7651860249d8b3ca5347b1d364d","SUCCESS_INGESTED","2026-09-29 07:54:30"
"q-subj-social-p17b-mumdrurp-390","ver-cbse-board-2026","subj-social","single_mcq","MEDIUM",1,"12eb925d3a2b8873991ea96cd9b49b67cdf436ff5664759794ef1d27a284a515","SUCCESS_INGESTED","2026-09-29 07:54:30"
"q-subj-social-p17b-mumdrurp-391","ver-cbse-board-2026","subj-social","single_mcq","HARD",1,"784b0724b63366094ea671b92bfad86f444f176459895649547fa0974d6aecdd","SUCCESS_INGESTED","2026-09-29 07:54:30"
"q-subj-social-p17b-mumdrurp-392","ver-cbse-board-2026","subj-social","single_mcq","MEDIUM",1,"2ae3701e4ca95468e4626590c760a15c55713ab2e3e5b2118a98598e3981ff36","SUCCESS_INGESTED","2026-09-29 07:54:30"
"q-subj-social-p17b-mumdrurp-393","ver-cbse-board-2026","subj-social","single_mcq","EASY",1,"dfbff0562a003e7fc906bb94532ef5db25b774b4f11e2a7f5c724de6336937de","SUCCESS_INGESTED","2026-09-29 07:54:30"
"q-subj-social-p17b-mumdrurp-394","ver-cbse-board-2026","subj-social","single_mcq","HARD",1,"96cd485e17d01235bf586fe80f75a4cb9ec12335fc9d0de0b75860f797cef8fd","SUCCESS_INGESTED","2026-09-29 07:54:30"
"q-subj-social-p17b-mumdrurp-395","ver-cbse-board-2026","subj-social","single_mcq","EASY",1,"7a5c78e4724bdd0c7198bab848d8bfbc5bb936c9e9e63dcb46990828ba7a902e","SUCCESS_INGESTED","2026-09-29 07:54:30"
"q-subj-social-p17b-mumdrurp-396","ver-cbse-board-2026","subj-social","single_mcq","MEDIUM",1,"0815e6bba15057534842fa32d86bad8a233ba736a96120e8acf404a0e418d4c9","SUCCESS_INGESTED","2026-09-29 07:54:30"
"q-subj-social-p17b-mumdrurp-397","ver-cbse-board-2026","subj-social","single_mcq","HARD",1,"e27b63dc1014a46191d6506f80454c2f9f01c1f8a9bf548d711628bd09141bff","SUCCESS_INGESTED","2026-09-29 07:54:30"
"q-subj-social-p17b-mumdrurp-398","ver-cbse-board-2026","subj-social","single_mcq","MEDIUM",1,"4abe5c8f295c4ed3eb50d5efc632c4e91127848ef525f0c5a45243739cedb24f","SUCCESS_INGESTED","2026-09-29 07:54:30"
"q-subj-social-p17b-mumdrurp-399","ver-cbse-board-2026","subj-social","single_mcq","EASY",1,"e215d2d4c8543af2e6573015b401590106e706f95968b684fb0484cf3d0fdcb5","SUCCESS_INGESTED","2026-09-29 07:54:30"
"q-subj-social-p17b-mumdrurq-400","ver-cbse-board-2026","subj-social","single_mcq","HARD",1,"9f9c2830786673d75e14ebf40dd349859bdb9d5527d8dfc59f08a59c7a97f947","SUCCESS_INGESTED","2026-09-29 07:54:30"
"q-subj-social-p17b-mumdrurq-401","ver-cbse-board-2026","subj-social","single_mcq","EASY",1,"0cdf5ee3343dddd0c8ed68d3eb9ba26ab80c1772ec3d16c23eaa87811365ec28","SUCCESS_INGESTED","2026-09-29 07:54:30"
"q-subj-social-p17b-mumdrurq-402","ver-cbse-board-2026","subj-social","single_mcq","MEDIUM",1,"b940439a90e6405af940301347a6f55aaf355f80952e69ecdbf5b20197d6bbbe","SUCCESS_INGESTED","2026-09-29 07:54:30"
"q-subj-social-p17b-mumdrurq-403","ver-cbse-board-2026","subj-social","single_mcq","HARD",1,"e573e3a7525bf9dff2032f09bbdf00046f5bc1edcd4ae073aacd39c2e14546f1","SUCCESS_INGESTED","2026-09-29 07:54:30"
"q-subj-social-p17b-mumdrurq-404","ver-cbse-board-2026","subj-social","single_mcq","MEDIUM",1,"7be56c8745f8fdc9aec932718241679a9a436905ccdd09c2ef593e5b908ff781","SUCCESS_INGESTED","2026-09-29 07:54:30"
"q-subj-social-p17b-mumdrurq-405","ver-cbse-board-2026","subj-social","single_mcq","EASY",1,"8013d373f43716f640d892428d451271a193e32f375d7418b210979458695b38","SUCCESS_INGESTED","2026-09-29 07:54:30"
"q-subj-social-p17b-mumdrurq-406","ver-cbse-board-2026","subj-social","single_mcq","HARD",1,"23dfc9372c71cac31c0d8c453fd0ec7dbe7904d90455a1046af5d46a1cdaff7d","SUCCESS_INGESTED","2026-09-29 07:54:30"
"q-subj-social-p17b-mumdrurq-407","ver-cbse-board-2026","subj-social","single_mcq","EASY",1,"a9fe34c90d9ddbbc26ae15c3bc3f8690704e5a1472e04e0e7f7e601140a9027b","SUCCESS_INGESTED","2026-09-29 07:54:30"
"q-subj-social-p17b-mumdrurq-408","ver-cbse-board-2026","subj-social","single_mcq","MEDIUM",1,"0af776950c68be17e68f1e48a09fff3f6ac9c06221683323bf287fbb1b26e27f","SUCCESS_INGESTED","2026-09-29 07:54:30"
"q-subj-social-p17b-mumdrurq-409","ver-cbse-board-2026","subj-social","single_mcq","HARD",1,"8c0da30b3ab239d3ed2f3572e271cba78cdf1ac6a3a26727e6888c507eebcc60","SUCCESS_INGESTED","2026-09-29 07:54:30"
"q-subj-social-p17b-mumdrurq-410","ver-cbse-board-2026","subj-social","single_mcq","MEDIUM",1,"67d7d4e60825e15f86e943034a51e83ffd74954cd9b1d177a6285c1797c95798","SUCCESS_INGESTED","2026-09-29 07:54:30"
"q-subj-social-p17b-mumdrurq-411","ver-cbse-board-2026","subj-social","single_mcq","EASY",1,"5be10d33b863b3e9636c8bba30c9c044c92f4ea8a52195e1bbd96ba910417e35","SUCCESS_INGESTED","2026-09-29 07:54:30"
"q-subj-social-p17b-mumdrurq-412","ver-cbse-board-2026","subj-social","single_mcq","HARD",1,"b8c33ecdf0ecc189ec8515965a456d9009cb1c6b5c94db5a64363b0ec42debf1","SUCCESS_INGESTED","2026-09-29 07:54:30"
"q-subj-social-p17b-mumdrurq-413","ver-cbse-board-2026","subj-social","single_mcq","EASY",1,"3675d2b6aabd57580a8cbf4d39b2c58443002555ea5282ac19516d57b8d30835","SUCCESS_INGESTED","2026-09-29 07:54:30"
"q-subj-social-p17b-mumdrurq-414","ver-cbse-board-2026","subj-social","single_mcq","MEDIUM",1,"b2bd036964a8dfc52cef55d0143e761890579e5f5e504ae74efba721423136a6","SUCCESS_INGESTED","2026-09-29 07:54:30"
"q-subj-social-p17b-mumdrurq-415","ver-cbse-board-2026","subj-social","single_mcq","HARD",1,"8beb4b87eca9201f2438c63f1a4906408da5f54bd787689078f4621e5afe0f9d","SUCCESS_INGESTED","2026-09-29 07:54:30"
"q-subj-social-p17b-mumdrurq-416","ver-cbse-board-2026","subj-social","single_mcq","MEDIUM",1,"35899bf67b36c34612b360abcc6a79368868376419f3601efa805fa47ea2648a","SUCCESS_INGESTED","2026-09-29 07:54:30"
"q-subj-social-p17b-mumdrurq-417","ver-cbse-board-2026","subj-social","single_mcq","EASY",1,"8538cc02e110ff93ecd5eed617a7c599cc94357ee4f8ce3303ae72da077da4d3","SUCCESS_INGESTED","2026-09-29 07:54:30"
"q-subj-social-p17b-mumdrurq-418","ver-cbse-board-2026","subj-social","single_mcq","HARD",1,"74403e26a5022fb960e4c8c91af6acb6c5e77b4320d8cae9ef508155560ff654","SUCCESS_INGESTED","2026-09-29 07:54:30"
"q-subj-social-p17b-mumdrurq-419","ver-cbse-board-2026","subj-social","single_mcq","EASY",1,"697701e707f55d1566fb8d8b1f96e6357d662a5ae5493bfc008f0a44763e27bb","SUCCESS_INGESTED","2026-09-29 07:54:30"
"q-subj-social-p17b-mumdrurq-420","ver-cbse-board-2026","subj-social","single_mcq","MEDIUM",1,"57044da57851de14f4025a7fb93db6709b3aec1ece7f5e0ce290029ac1ba950d","SUCCESS_INGESTED","2026-09-29 07:54:30"
"q-subj-social-p17b-mumdrurq-421","ver-cbse-board-2026","subj-social","single_mcq","HARD",1,"e3f174452953a3c6718dad356a51a834f262ed9951d22a1a83cd7ecc62435e46","SUCCESS_INGESTED","2026-09-29 07:54:30"
"q-subj-social-p17b-mumdrurq-422","ver-cbse-board-2026","subj-social","single_mcq","MEDIUM",1,"0afe01137f4573405adc6035aba12d16bb46c36688976f72fe1dce606c9f5045","SUCCESS_INGESTED","2026-09-29 07:54:30"
"q-subj-social-p17b-mumdrurq-423","ver-cbse-board-2026","subj-social","single_mcq","EASY",1,"3b97c7d9a9c24f914d6783c6b9a92e43340a7995562211ca3833956451fec07c","SUCCESS_INGESTED","2026-09-29 07:54:30"
"q-subj-social-p17b-mumdrurq-424","ver-cbse-board-2026","subj-social","single_mcq","HARD",1,"37ccf5b5ea3d88f8d374e0a8fa998c63dd766f77aed05fd160f0e3c58749fcad","SUCCESS_INGESTED","2026-09-29 07:54:30"
"q-subj-social-p17b-mumdrurq-425","ver-cbse-board-2026","subj-social","single_mcq","EASY",1,"15785882ab5c098946ff424a35035133a76e6e99430b3b7d76119a99a82ecb93","SUCCESS_INGESTED","2026-09-29 07:54:30"
"q-subj-social-p17b-mumdrurq-426","ver-cbse-board-2026","subj-social","single_mcq","MEDIUM",1,"51845069a5f9a5fc2537384b01364cf46d746f66e3a80f193e7f566eb3282cc5","SUCCESS_INGESTED","2026-09-29 07:54:30"
"q-subj-social-p17b-mumdrurq-427","ver-cbse-board-2026","subj-social","single_mcq","HARD",1,"cdc587f21d5c6dac1c5f9937738e63ea36e27efac64ab9a2eb10906669ce4b3f","SUCCESS_INGESTED","2026-09-29 07:54:30"
"q-subj-social-p17b-mumdrurq-428","ver-cbse-board-2026","subj-social","single_mcq","MEDIUM",1,"28fe8d6b43511ba231a0e67fc8139456d80beb45c8531d670e736b4ed72c3a7a","SUCCESS_INGESTED","2026-09-29 07:54:30"
"q-subj-social-p17b-mumdrurq-429","ver-cbse-board-2026","subj-social","single_mcq","EASY",1,"81f40e8a03a80a4acda984b8ac563795f2c3768ab9ea3a5daf572e32a93fdf60","SUCCESS_INGESTED","2026-09-29 07:54:30"
"q-subj-social-p17b-mumdrurq-430","ver-cbse-board-2026","subj-social","single_mcq","HARD",1,"bf8ed3052d11c495233f16c891c7c2f0a0b78e36ab3d4032c35e9eed97009a96","SUCCESS_INGESTED","2026-09-29 07:54:30"
"q-subj-social-p17b-mumdrurq-431","ver-cbse-board-2026","subj-social","single_mcq","EASY",1,"ba3c2f1df1337492cf57374114ab53f51029a85293c34ca9a11a4d7d5a34435e","SUCCESS_INGESTED","2026-09-29 07:54:30"
"q-subj-social-p17b-mumdrurq-432","ver-cbse-board-2026","subj-social","single_mcq","MEDIUM",1,"034d9d89e05de48555c301a779634b427e4f95dacca3d0a8a7570123fe3916b5","SUCCESS_INGESTED","2026-09-29 07:54:30"
"q-subj-social-p17b-mumdrurq-433","ver-cbse-board-2026","subj-social","single_mcq","HARD",1,"80fac5e578250653a92f70a1c8436d357f2f4ec5b8a8b1a222f70fdcace61807","SUCCESS_INGESTED","2026-09-29 07:54:30"
"q-subj-economics-p17b-mumdrurq-434","ver-upsc-cse-2026","subj-economics","long_answer","HARD",15,"e14310a3c0862367ae64b10e764ec2dce373c1d25e98f25bb81280da7c9d52ae","SUCCESS_INGESTED","2026-09-29 07:54:30"
"q-subj-science-p17b-mumdrurq-435","ver-cbse-board-2026","subj-science","short_answer","MEDIUM",3,"2275fd5fb5718fe44dac5662161ad68adf0f0ef7d5baa4257dc0a3e46290ee4f","SUCCESS_INGESTED","2026-09-29 07:54:30"
"q-subj-tamil-p17b-mumdrurq-436","ver-tndge-tamilnadu-2026","subj-tamil","short_answer","MEDIUM",4,"b0f8e07496be96e1a7e0b7bede61a9706e0b38a59ebf59b9b3e72e6cead5d7a8","SUCCESS_INGESTED","2026-09-29 07:54:30"
"q-subj-social-p17b-mumdrurr-437","ver-maharashtra-board-2026","subj-social","short_answer","MEDIUM",4,"a230334eac56098ea0512835529a43afb4a2aa27ef3628823c11dc8aa6cd3937","SUCCESS_INGESTED","2026-09-29 07:54:30"
"q-subj-polity-p17b-mumdrurr-438","ver-upsc-cse-2026","subj-polity","long_answer","HARD",15,"a8ac6a1e98c262c9e08ac22ec8427c03f238569e498b4db05f9a4592b24e090a","SUCCESS_INGESTED","2026-09-29 07:54:30"
"q-subj-economics-p17b-mumdrurr-439","ver-upsc-cse-2026","subj-economics","long_answer","HARD",15,"741c236c85a651ad9b8c2a413a9a8112a662659d8be6e041dfbbc6740c4b3bc3","SUCCESS_INGESTED","2026-09-29 07:54:30"
"q-subj-science-p17b-mumdrurr-440","ver-cbse-board-2026","subj-science","short_answer","MEDIUM",3,"c23fc6ab6c11073abfafc31a71280932c74b9460100803dbfc8e92dac45efaa0","SUCCESS_INGESTED","2026-09-29 07:54:30"
"q-subj-tamil-p17b-mumdrurr-441","ver-tndge-tamilnadu-2026","subj-tamil","short_answer","MEDIUM",4,"a51c0437a4845a7d1d1032eabd1c37b5eae23fa3e907c69758f5fe7aba88c052","SUCCESS_INGESTED","2026-09-29 07:54:30"
"q-subj-social-p17b-mumdrurr-442","ver-maharashtra-board-2026","subj-social","short_answer","MEDIUM",4,"f1dbbf62c533bbfd7b5694772770c96d53e6e29c4eb63c41a00eabff30520cc4","SUCCESS_INGESTED","2026-09-29 07:54:30"
"q-subj-polity-p17b-mumdrurr-443","ver-upsc-cse-2026","subj-polity","long_answer","HARD",15,"83066e0dfb17c1d16c5a83430ed49e10c22ed4a9e0fc145a663b211a296470f3","SUCCESS_INGESTED","2026-09-29 07:54:30"
"q-subj-economics-p17b-mumdrurr-444","ver-upsc-cse-2026","subj-economics","long_answer","HARD",15,"2e2e2a407175ffc334febdc4a60a778b665a42454200dd15ae53de5a58fc2c56","SUCCESS_INGESTED","2026-09-29 07:54:30"
"q-subj-science-p17b-mumdrurr-445","ver-cbse-board-2026","subj-science","short_answer","MEDIUM",3,"b720fcdd930db64f3986276f38ee994ac1676ef33bb995085f9e92d6a3ac82c8","SUCCESS_INGESTED","2026-09-29 07:54:30"
"q-subj-tamil-p17b-mumdrurr-446","ver-tndge-tamilnadu-2026","subj-tamil","short_answer","MEDIUM",4,"a5f08cc569a811929dde8b8c615f9b0e95512023a34820c3a771e92f5ae7e69f","SUCCESS_INGESTED","2026-09-29 07:54:30"
"q-subj-social-p17b-mumdrurr-447","ver-maharashtra-board-2026","subj-social","short_answer","MEDIUM",4,"192fd60aa7077b4d23014e6be53947313330b9e9b98ac4710c4aa3681f68fd6c","SUCCESS_INGESTED","2026-09-29 07:54:30"
"q-subj-polity-p17b-mumdrurr-448","ver-upsc-cse-2026","subj-polity","long_answer","HARD",15,"546b62323a94eaa653404093abe8135b3268f34b3c1c4c9a038cea9419253d46","SUCCESS_INGESTED","2026-09-29 07:54:30"
"q-subj-economics-p17b-mumdrurr-449","ver-upsc-cse-2026","subj-economics","long_answer","HARD",15,"79ca98926367dcdbcf229802fcf0b97c1e4bf8980a3fd89e97665515fdb11e67","SUCCESS_INGESTED","2026-09-29 07:54:30"
"q-subj-science-p17b-mumdrurr-450","ver-cbse-board-2026","subj-science","short_answer","MEDIUM",3,"9195220964afb8c79f3b10ccdf290316299aab0f4498fba86d096eb8bc4ecab3","SUCCESS_INGESTED","2026-09-29 07:54:30"
"q-subj-tamil-p17b-mumdrurr-451","ver-tndge-tamilnadu-2026","subj-tamil","short_answer","MEDIUM",4,"9ca7034abc8d69efabd91044350b048ac9d41fe0bd1bcf436c3d2fe2133729d6","SUCCESS_INGESTED","2026-09-29 07:54:30"
"q-subj-social-p17b-mumdrurr-452","ver-maharashtra-board-2026","subj-social","short_answer","MEDIUM",4,"d1a3b4d8cc05e1a2fe26ba5465f0191d81c388ac106dec2e3270e0e9844647cf","SUCCESS_INGESTED","2026-09-29 07:54:30"
"q-subj-polity-p17b-mumdrurr-453","ver-upsc-cse-2026","subj-polity","long_answer","HARD",15,"8d91305befd88c40ca3fa3cbd0fa5b4a2158cb79ae72087ec41906c23b24fd23","SUCCESS_INGESTED","2026-09-29 07:54:30"
"q-subj-economics-p17b-mumdrurr-454","ver-upsc-cse-2026","subj-economics","long_answer","HARD",15,"74e9208250f64825c8d6010350e8a3911814f956dd4211ab68e3e95f6d8ef7cc","SUCCESS_INGESTED","2026-09-29 07:54:30"
"q-subj-science-p17b-mumdrurr-455","ver-cbse-board-2026","subj-science","short_answer","MEDIUM",3,"026ba04bc08073c929def982420af9bcc55ca67ba38cd2e33e9fddddcd01f874","SUCCESS_INGESTED","2026-09-29 07:54:30"
"q-subj-tamil-p17b-mumdrurr-456","ver-tndge-tamilnadu-2026","subj-tamil","short_answer","MEDIUM",4,"a047ca7b64d7a0d48a944f533022ff81a44703d4a983d676f30d206abb16a88e","SUCCESS_INGESTED","2026-09-29 07:54:30"
"q-subj-social-p17b-mumdrurr-457","ver-maharashtra-board-2026","subj-social","short_answer","MEDIUM",4,"3ab5afa3714928f7e754fdcb53b56c031645b23b3c2b1507d4c38a91f8647001","SUCCESS_INGESTED","2026-09-29 07:54:30"
"q-subj-polity-p17b-mumdrurr-458","ver-upsc-cse-2026","subj-polity","long_answer","HARD",15,"68b58e7027ef7334befe36b6a663eff6651adfe115144585d86f736c8e405018","SUCCESS_INGESTED","2026-09-29 07:54:30"
"q-subj-economics-p17b-mumdrurr-459","ver-upsc-cse-2026","subj-economics","long_answer","HARD",15,"b1203ccce7e26c6fb6d71193a6968d767ab784cd50fa698636e76a5e06a171ff","SUCCESS_INGESTED","2026-09-29 07:54:30"
"q-subj-science-p17b-mumdrurr-460","ver-cbse-board-2026","subj-science","short_answer","MEDIUM",3,"40da540eb04dc7f4f0c598b9bc7f14fc96ccbdf69de23ff8fd90bd41b94c2d20","SUCCESS_INGESTED","2026-09-29 07:54:30"
"q-subj-tamil-p17b-mumdrurr-461","ver-tndge-tamilnadu-2026","subj-tamil","short_answer","MEDIUM",4,"51f40ceae3ebed9bb27ef1b7834f73eef37a8aafd331e35ad4cf793be3da0b8a","SUCCESS_INGESTED","2026-09-29 07:54:30"
"q-subj-social-p17b-mumdrurr-462","ver-maharashtra-board-2026","subj-social","short_answer","MEDIUM",4,"44703f3aa2f8cd2284e36ac9ec4fdbe9dd568566b910af0342dfe377fe726c7b","SUCCESS_INGESTED","2026-09-29 07:54:30"
"q-subj-polity-p17b-mumdrurr-463","ver-upsc-cse-2026","subj-polity","long_answer","HARD",15,"f8a9d7252d0b9286fbdb84205ea5c0f4c32969e838d788b7a250f75f50fa4d9e","SUCCESS_INGESTED","2026-09-29 07:54:30"
"q-subj-economics-p17b-mumdrurr-464","ver-upsc-cse-2026","subj-economics","long_answer","HARD",15,"b3854c8a05582f4bb951bb51434b0a3d79a6725b10657e748f4205a743eec163","SUCCESS_INGESTED","2026-09-29 07:54:30"
"q-subj-science-p17b-mumdrurr-465","ver-cbse-board-2026","subj-science","short_answer","MEDIUM",3,"5a12c06f333f78f692691e158b1f6a4705eea78468ae92125156e65e904e35fd","SUCCESS_INGESTED","2026-09-29 07:54:30"
"q-subj-tamil-p17b-mumdrurr-466","ver-tndge-tamilnadu-2026","subj-tamil","short_answer","MEDIUM",4,"dda08c72fdecc9d41e9f7faa9a83a7033b899cc3dd9b6c134159c4aa2d2b3416","SUCCESS_INGESTED","2026-09-29 07:54:30"
"q-subj-social-p17b-mumdrurr-467","ver-maharashtra-board-2026","subj-social","short_answer","MEDIUM",4,"3eba0ed805fb897bd5dd28b733c37de542df52840cce091858275bf70cb23317","SUCCESS_INGESTED","2026-09-29 07:54:30"
"q-subj-polity-p17b-mumdrurr-468","ver-upsc-cse-2026","subj-polity","long_answer","HARD",15,"c1a2a2164234c743553563872c6ed62d0017cfbb18331c38affbffe895897cb9","SUCCESS_INGESTED","2026-09-29 07:54:30"
"q-subj-gk-p17b-mumdvtqo-1","ver-upsc-cse-2026","subj-gk","single_mcq","EASY",2,"9b929bfbbec103450e4d62e2d76b5baa9157573b5effcf86722fb54195cf8410","SUCCESS_INGESTED","2026-09-29 07:57:35"
"q-subj-gk-p17b-mumdvtqp-2","ver-upsc-cse-2026","subj-gk","single_mcq","MEDIUM",2,"492253af017583e96de7f38e05e0c327f577227ac19467587dec9e5123913eb4","SUCCESS_INGESTED","2026-09-29 07:57:35"
"q-subj-gk-p17b-mumdvtqp-3","ver-upsc-cse-2026","subj-gk","single_mcq","HARD",2,"66994625cddc129f0c150df2428aa0e10e9a5fe275eef197113e7d06803cf49b","SUCCESS_INGESTED","2026-09-29 07:57:35"
"q-subj-gk-p17b-mumdvtqp-4","ver-upsc-cse-2026","subj-gk","single_mcq","MEDIUM",2,"ef703d103af8b312791a45b60f17856fd57d9ed9cd07ae524ed3834cbe3cfbd5","SUCCESS_INGESTED","2026-09-29 07:57:35"
"q-subj-gk-p17b-mumdvtqp-5","ver-upsc-cse-2026","subj-gk","single_mcq","EASY",2,"7f27559130517a023a7f1fe138da30b5ccec6d1b1c903ab4629b9517b7b5b1e9","SUCCESS_INGESTED","2026-09-29 07:57:35"
"q-subj-gk-p17b-mumdvtqp-6","ver-upsc-cse-2026","subj-gk","single_mcq","HARD",2,"f732a21e49b0ffd98ae8e1482b053e50891dcb10a7634eafa2d05bbb25af99a7","SUCCESS_INGESTED","2026-09-29 07:57:35"
"q-subj-gk-p17b-mumdvtqp-7","ver-upsc-cse-2026","subj-gk","single_mcq","EASY",2,"29a868eb694afbac3f62e478e0a262a39e64c3fc0a4409551ff3cc5c9eb6bb1b","SUCCESS_INGESTED","2026-09-29 07:57:35"
"q-subj-gk-p17b-mumdvtqp-8","ver-upsc-cse-2026","subj-gk","single_mcq","MEDIUM",2,"ae61a431519a44f4cef3f5ec514e59d8c4479cfb8036223eb4d4dca2d138cd5e","SUCCESS_INGESTED","2026-09-29 07:57:35"
"q-subj-gk-p17b-mumdvtqp-9","ver-upsc-cse-2026","subj-gk","single_mcq","HARD",2,"23d5ff69164358700216e7c31f220142363e3bae96a81cc5c04e66f0ca3c7a72","SUCCESS_INGESTED","2026-09-29 07:57:35"
"q-subj-gk-p17b-mumdvtqp-10","ver-upsc-cse-2026","subj-gk","single_mcq","MEDIUM",2,"d77eb71415d594b9836a799cdbb9ac9e18880a4d0f8bd30e1382f00bf73ceb03","SUCCESS_INGESTED","2026-09-29 07:57:35"
"q-subj-gk-p17b-mumdvtqp-11","ver-upsc-cse-2026","subj-gk","single_mcq","EASY",2,"737c761923af5bd6815db69b4c146af47374b876e93553e0c2fc2f854b8bd994","SUCCESS_INGESTED","2026-09-29 07:57:35"
"q-subj-gk-p17b-mumdvtqp-12","ver-upsc-cse-2026","subj-gk","single_mcq","HARD",2,"d9a60b3241f6a52bc3e6836fb109f3266ea107cdcbc25bd8d2b8f6c4c269ddd9","SUCCESS_INGESTED","2026-09-29 07:57:35"
"q-subj-gk-p17b-mumdvtqp-13","ver-upsc-cse-2026","subj-gk","single_mcq","EASY",2,"5a1b6b55bf07e37e29679326eaffefd71df19aef2237b82987edbd41c250ddec","SUCCESS_INGESTED","2026-09-29 07:57:35"
"q-subj-gk-p17b-mumdvtqp-14","ver-upsc-cse-2026","subj-gk","single_mcq","MEDIUM",2,"dd269d430e7af494d125a0521dd84543cb1eb26d7371281b5d775de5eaa587be","SUCCESS_INGESTED","2026-09-29 07:57:35"
"q-subj-gk-p17b-mumdvtqp-15","ver-upsc-cse-2026","subj-gk","single_mcq","HARD",2,"7cabe30757796a6845e974786a1f447e62970dbb01c0e60b1a32b27fb066e1e8","SUCCESS_INGESTED","2026-09-29 07:57:35"
"q-subj-gk-p17b-mumdvtqp-16","ver-upsc-cse-2026","subj-gk","single_mcq","MEDIUM",2,"7d0ef2087d61a314c53e95e73be1395edcdfceb4c850573aa288b7739af44cf7","SUCCESS_INGESTED","2026-09-29 07:57:35"
"q-subj-gk-p17b-mumdvtqp-17","ver-upsc-cse-2026","subj-gk","single_mcq","EASY",2,"34ee839c007746ef067c7ff1ca2807fb25715a97e2bf85746e737af54a6ff135","SUCCESS_INGESTED","2026-09-29 07:57:35"
"q-subj-gk-p17b-mumdvtqp-18","ver-upsc-cse-2026","subj-gk","single_mcq","HARD",2,"6c181710460c41e167a367503e1052317070efce0f1319eb1e7651d050d4ac71","SUCCESS_INGESTED","2026-09-29 07:57:35"
"q-subj-gk-p17b-mumdvtqp-19","ver-upsc-cse-2026","subj-gk","single_mcq","EASY",2,"696c1f4ef32708a42391c7d907f9e7cb726962ce7ab84c36d1d56592b79fb08e","SUCCESS_INGESTED","2026-09-29 07:57:35"
"q-subj-gk-p17b-mumdvtqp-20","ver-upsc-cse-2026","subj-gk","single_mcq","MEDIUM",2,"55908e41c31e1b5463997b34ba5bc82c9762f0c13d0e89d535c378d118e5d491","SUCCESS_INGESTED","2026-09-29 07:57:35"
"q-subj-gk-p17b-mumdvtqp-21","ver-upsc-cse-2026","subj-gk","single_mcq","HARD",2,"d681f80aef469e121909aa05f8d4503f45ec186b2e35a402e624a39e13ad53ef","SUCCESS_INGESTED","2026-09-29 07:57:35"
"q-subj-gk-p17b-mumdvtqp-22","ver-upsc-cse-2026","subj-gk","single_mcq","MEDIUM",2,"a72ab76d51a866b2ec763173be38db541800410648939cdb057ecc7fe166d044","SUCCESS_INGESTED","2026-09-29 07:57:35"
"q-subj-gk-p17b-mumdvtqp-23","ver-upsc-cse-2026","subj-gk","single_mcq","EASY",2,"de63f62650da028f3d1e8824ba3128a4ba3fbce5094e58ddcb7b3bfaba9b333d","SUCCESS_INGESTED","2026-09-29 07:57:35"
"q-subj-gk-p17b-mumdvtqp-24","ver-upsc-cse-2026","subj-gk","single_mcq","HARD",2,"c54038488f79760d1c4c2b6eb4304afa4c2f63f1ab347725e3286319bb266ea8","SUCCESS_INGESTED","2026-09-29 07:57:35"
"q-subj-gk-p17b-mumdvtqq-25","ver-upsc-cse-2026","subj-gk","single_mcq","EASY",2,"7009ad5669c71446d1570fad8074863a1f2ddee643bf8c679d7cea6ac8b22e0d","SUCCESS_INGESTED","2026-09-29 07:57:35"
"q-subj-gk-p17b-mumdvtqq-26","ver-upsc-cse-2026","subj-gk","single_mcq","MEDIUM",2,"3bbcc80688d4bc5ce3d53c874b9e05edd42c4941da26bd92be7fa4ce3fefc292","SUCCESS_INGESTED","2026-09-29 07:57:35"
"q-subj-gk-p17b-mumdvtqq-27","ver-upsc-cse-2026","subj-gk","single_mcq","HARD",2,"b890541ee71f9a777fa879b5e9a131ed30cf7581c646877cabdce0d351846cee","SUCCESS_INGESTED","2026-09-29 07:57:35"
"q-subj-gk-p17b-mumdvtqq-28","ver-upsc-cse-2026","subj-gk","single_mcq","MEDIUM",2,"d49a50b6157ef9969243f1c3d87b7cfa3b6c045196835411963843e0ab6d1132","SUCCESS_INGESTED","2026-09-29 07:57:35"
"q-subj-gk-p17b-mumdvtqq-29","ver-upsc-cse-2026","subj-gk","single_mcq","EASY",2,"11d8762b881abc9471b61f4090d50d9f1fde95b19c611a85fe0347091243ed88","SUCCESS_INGESTED","2026-09-29 07:57:35"
"q-subj-gk-p17b-mumdvtqq-30","ver-upsc-cse-2026","subj-gk","single_mcq","HARD",2,"0035171e91fb6c7dd546470d011351a9bead003c5c6463764ad193e9b00a5a28","SUCCESS_INGESTED","2026-09-29 07:57:35"
"q-subj-gk-p17b-mumdvtqq-31","ver-upsc-cse-2026","subj-gk","single_mcq","EASY",2,"c58cdfebd0b788a18ad7ee6150f52b9e3504fabecf6da5748eae4da55339dc51","SUCCESS_INGESTED","2026-09-29 07:57:35"
"q-subj-gk-p17b-mumdvtqq-32","ver-upsc-cse-2026","subj-gk","single_mcq","MEDIUM",2,"c92efcb31ef3497a46a5583c07da8e8432c6dff2353dd8eba2e8f3be5c310f19","SUCCESS_INGESTED","2026-09-29 07:57:35"
"q-subj-gk-p17b-mumdvtqq-33","ver-upsc-cse-2026","subj-gk","single_mcq","HARD",2,"65b591e415da734582bdd6c3b1f35790fd7238694907b755657fce22282f86ac","SUCCESS_INGESTED","2026-09-29 07:57:35"
"q-subj-gk-p17b-mumdvtqq-34","ver-upsc-cse-2026","subj-gk","single_mcq","MEDIUM",2,"e11640c793f64288a377d026b4ac45f0db886e7abed57fbd8201510ddb39ea6a","SUCCESS_INGESTED","2026-09-29 07:57:35"
"q-subj-gk-p17b-mumdvtqq-35","ver-upsc-cse-2026","subj-gk","single_mcq","EASY",2,"f417cebce9ae91815067a81fdf8be315248dca682a5d9f929deb4ea387212881","SUCCESS_INGESTED","2026-09-29 07:57:35"
"q-subj-gk-p17b-mumdvtqq-36","ver-upsc-cse-2026","subj-gk","single_mcq","HARD",2,"395eaee86f5fab19ab3eb77181f33dd62bf34f36c403e55ffa95d83dbb493c93","SUCCESS_INGESTED","2026-09-29 07:57:35"
"q-subj-gk-p17b-mumdvtqq-37","ver-upsc-cse-2026","subj-gk","single_mcq","EASY",2,"0db0306d0e3c16fd4bbde0dc4d75b801d39c01baba93f25f7b317098ecf79b97","SUCCESS_INGESTED","2026-09-29 07:57:35"
"q-subj-gk-p17b-mumdvtqq-38","ver-upsc-cse-2026","subj-gk","single_mcq","MEDIUM",2,"f57ebad65a9966449ca42c15127833f0a8330c0447efe406f48482c62d02ad6c","SUCCESS_INGESTED","2026-09-29 07:57:35"
"q-subj-gk-p17b-mumdvtqq-39","ver-upsc-cse-2026","subj-gk","single_mcq","HARD",2,"a0d04989f7451bd0407396b3a70e7abec7f2631d0a2547408cab28da21c9f3e4","SUCCESS_INGESTED","2026-09-29 07:57:35"
"q-subj-gk-p17b-mumdvtqq-40","ver-upsc-cse-2026","subj-gk","single_mcq","MEDIUM",2,"36d4dabb42b598641697407958b9b2ab21f745dad5a58018fd7ccd080731717e","SUCCESS_INGESTED","2026-09-29 07:57:35"
"q-subj-gk-p17b-mumdvtqq-41","ver-upsc-cse-2026","subj-gk","single_mcq","EASY",2,"0b16a26298156ba30128d3f45b9a96baec048bd3fb1d00a5a55a5946fcf60ad8","SUCCESS_INGESTED","2026-09-29 07:57:35"
"q-subj-gk-p17b-mumdvtqq-42","ver-upsc-cse-2026","subj-gk","single_mcq","HARD",2,"bd4c16ab78cc82938ed659cdbe267985f2127dbe3f8b4b0aa3a61fae4ffd9ad7","SUCCESS_INGESTED","2026-09-29 07:57:35"
"q-subj-gk-p17b-mumdvtqq-43","ver-upsc-cse-2026","subj-gk","single_mcq","EASY",2,"272f9fc819480b50cf3e6ccb3674a268fd641ef1cd073a6d59b4837ed10ba0ed","SUCCESS_INGESTED","2026-09-29 07:57:35"
"q-subj-gk-p17b-mumdvtqq-44","ver-upsc-cse-2026","subj-gk","single_mcq","MEDIUM",2,"ebb791ffa45db77e94e5c8dfb183e095da4e8958b62c2c73f8e2ef2219f6711c","SUCCESS_INGESTED","2026-09-29 07:57:35"
"q-subj-gk-p17b-mumdvtqq-45","ver-upsc-cse-2026","subj-gk","single_mcq","HARD",2,"055900844c98cfbd14e250355465081f9226d23aa6e067810c471f238a66353d","SUCCESS_INGESTED","2026-09-29 07:57:35"