board,class,stream,subject,language,currentTotal,targetFloor,category,reason,actionRequired
"Board of Secondary Education Andhra Pradesh","Class 10","general","subj-science",te,200,250,LOW_CONTENT,"Core subject practice expansion needed","Targeted Phase 17I production scheduled"
"Board of Secondary Education Andhra Pradesh","Class 10","general","subj-science",en,200,250,LOW_CONTENT,"Core subject practice expansion needed","Targeted Phase 17I production scheduled"
"Board of Secondary Education Andhra Pradesh","Class 10","general","subj-math",te,200,250,LOW_CONTENT,"Core subject practice expansion needed","Targeted Phase 17I production scheduled"
"Board of Secondary Education Andhra Pradesh","Class 10","general","subj-math",en,200,250,LOW_CONTENT,"Core subject practice expansion needed","Targeted Phase 17I production scheduled"
"Board of Secondary Education Andhra Pradesh","Class 10","general","subj-social",te,150,250,LOW_CONTENT,"Core subject practice expansion needed","Targeted Phase 17I production scheduled"
"Board of Secondary Education Andhra Pradesh","Class 10","general","subj-social",en,150,250,LOW_CONTENT,"Core subject practice expansion needed","Targeted Phase 17I production scheduled"
"Board of Secondary Education Andhra Pradesh","Class 10","general","subj-english",te,0,250,ZERO_CONTENT,"Core subject practice expansion needed","Targeted Phase 17I production scheduled"
"Board of Secondary Education Andhra Pradesh","Class 10","general","subj-english",en,0,250,ZERO_CONTENT,"Core subject practice expansion needed","Targeted Phase 17I production scheduled"
"Board of Secondary Education Andhra Pradesh","Class 12","science-pcm","subj-physics",te,0,250,ZERO_CONTENT,"Class 12 State Board stream bank unpopulated in prior phase","Targeted Phase 17I production scheduled"
"Board of Secondary Education Andhra Pradesh","Class 12","science-pcm","subj-physics",en,0,250,ZERO_CONTENT,"Class 12 State Board stream bank unpopulated in prior phase","Targeted Phase 17I production scheduled"
"Board of Secondary Education Andhra Pradesh","Class 12","science-pcm","subj-chemistry",te,0,250,ZERO_CONTENT,"Class 12 State Board stream bank unpopulated in prior phase","Targeted Phase 17I production scheduled"
"Board of Secondary Education Andhra Pradesh","Class 12","science-pcm","subj-chemistry",en,0,250,ZERO_CONTENT,"Class 12 State Board stream bank unpopulated in prior phase","Targeted Phase 17I production scheduled"
"Board of Secondary Education Andhra Pradesh","Class 12","science-pcm","subj-math12",te,0,250,ZERO_CONTENT,"Class 12 State Board stream bank unpopulated in prior phase","Targeted Phase 17I production scheduled"
"Board of Secondary Education Andhra Pradesh","Class 12","science-pcm","subj-math12",en,0,250,ZERO_CONTENT,"Class 12 State Board stream bank unpopulated in prior phase","Targeted Phase 17I production scheduled"
"Board of Secondary Education Andhra Pradesh","Class 12","science-pcm","subj-biology",te,0,250,ZERO_CONTENT,"Class 12 State Board stream bank unpopulated in prior phase","Targeted Phase 17I production scheduled"
"Board of Secondary Education Andhra Pradesh","Class 12","science-pcm","subj-biology",en,0,250,ZERO_CONTENT,"Class 12 State Board stream bank unpopulated in prior phase","Targeted Phase 17I production scheduled"
"Board of Secondary Education Andhra Pradesh","Class 12","commerce","subj-accountancy",te,0,250,ZERO_CONTENT,"Class 12 State Board stream bank unpopulated in prior phase","Targeted Phase 17I production scheduled"
"Board of Secondary Education Andhra Pradesh","Class 12","commerce","subj-accountancy",en,0,250,ZERO_CONTENT,"Class 12 State Board stream bank unpopulated in prior phase","Targeted Phase 17I production scheduled"
"Board of Secondary Education Andhra Pradesh","Class 12","commerce","subj-business",te,0,250,ZERO_CONTENT,"Class 12 State Board stream bank unpopulated in prior phase","Targeted Phase 17I production scheduled"
"Board of Secondary Education Andhra Pradesh","Class 12","commerce","subj-business",en,0,250,ZERO_CONTENT,"Class 12 State Board stream bank unpopulated in prior phase","Targeted Phase 17I production scheduled"
"Board of Secondary Education Andhra Pradesh","Class 12","commerce","subj-economics",te,0,250,ZERO_CONTENT,"Class 12 State Board stream bank unpopulated in prior phase","Targeted Phase 17I production scheduled"
"Board of Secondary Education Andhra Pradesh","Class 12","commerce","subj-economics",en,0,250,ZERO_CONTENT,"Class 12 State Board stream bank unpopulated in prior phase","Targeted Phase 17I production scheduled"
"Board of Secondary Education Andhra Pradesh","Class 12","humanities","subj-history",te,0,250,ZERO_CONTENT,"Class 12 State Board stream bank unpopulated in prior phase","Targeted Phase 17I production scheduled"
"Board of Secondary Education Andhra Pradesh","Class 12","humanities","subj-history",en,0,250,ZERO_CONTENT,"Class 12 State Board stream bank unpopulated in prior phase","Targeted Phase 17I production scheduled"
"Board of Secondary Education Andhra Pradesh","Class 12","humanities","subj-polity",te,0,250,ZERO_CONTENT,"Class 12 State Board stream bank unpopulated in prior phase","Targeted Phase 17I production scheduled"
"Board of Secondary Education Andhra Pradesh","Class 12","humanities","subj-polity",en,0,250,ZERO_CONTENT,"Class 12 State Board stream bank unpopulated in prior phase","Targeted Phase 17I production scheduled"
"Board of Secondary Education Andhra Pradesh","Class 12","humanities","subj-geography",te,0,250,ZERO_CONTENT,"Class 12 State Board stream bank unpopulated in prior phase","Targeted Phase 17I production scheduled"
"Board of Secondary Education Andhra Pradesh","Class 12","humanities","subj-geography",en,0,250,ZERO_CONTENT,"Class 12 State Board stream bank unpopulated in prior phase","Targeted Phase 17I production scheduled"
"Board of Secondary Education Andhra Pradesh","Class 9","general","subj-science",te,0,65,ZERO_CONTENT,"Class 9/11 foundational support pending","Targeted Phase 17I production scheduled"
"Board of Secondary Education Andhra Pradesh","Class 9","general","subj-science",en,0,65,ZERO_CONTENT,"Class 9/11 foundational support pending","Targeted Phase 17I production scheduled"
"Board of Secondary Education Andhra Pradesh","Class 9","general","subj-math",te,0,65,ZERO_CONTENT,"Class 9/11 foundational support pending","Targeted Phase 17I production scheduled"
"Board of Secondary Education Andhra Pradesh","Class 9","general","subj-math",en,0,65,ZERO_CONTENT,"Class 9/11 foundational support pending","Targeted Phase 17I production scheduled"
"Board of Secondary Education Andhra Pradesh","Class 9","general","subj-social",te,0,65,ZERO_CONTENT,"Class 9/11 foundational support pending","Targeted Phase 17I production scheduled"
"Board of Secondary Education Andhra Pradesh","Class 9","general","subj-social",en,0,65,ZERO_CONTENT,"Class 9/11 foundational support pending","Targeted Phase 17I production scheduled"
"Board of Secondary Education Andhra Pradesh","Class 11","science-pcm","subj-physics",te,0,65,ZERO_CONTENT,"Class 9/11 foundational support pending","Targeted Phase 17I production scheduled"
"Board of Secondary Education Andhra Pradesh","Class 11","science-pcm","subj-physics",en,0,65,ZERO_CONTENT,"Class 9/11 foundational support pending","Targeted Phase 17I production scheduled"
"Board of Secondary Education Andhra Pradesh","Class 11","science-pcm","subj-chemistry",te,0,65,ZERO_CONTENT,"Class 9/11 foundational support pending","Targeted Phase 17I production scheduled"
"Board of Secondary Education Andhra Pradesh","Class 11","science-pcm","subj-chemistry",en,0,65,ZERO_CONTENT,"Class 9/11 foundational support pending","Targeted Phase 17I production scheduled"
"Bihar Board BSEB (Matric 10th & Inter 12th)","Class 10","general","subj-social",hi,200,250,LOW_CONTENT,"Core subject practice expansion needed","Targeted Phase 17I production scheduled"
"Bihar Board BSEB (Matric 10th & Inter 12th)","Class 10","general","subj-social",en,200,250,LOW_CONTENT,"Core subject practice expansion needed","Targeted Phase 17I production scheduled"
"Bihar Board BSEB (Matric 10th & Inter 12th)","Class 10","general","subj-english",hi,0,250,ZERO_CONTENT,"Core subject practice expansion needed","Targeted Phase 17I production scheduled"
"Bihar Board BSEB (Matric 10th & Inter 12th)","Class 10","general","subj-english",en,0,250,ZERO_CONTENT,"Core subject practice expansion needed","Targeted Phase 17I production scheduled"
"Bihar Board BSEB (Matric 10th & Inter 12th)","Class 12","science-pcm","subj-physics",hi,0,250,ZERO_CONTENT,"Class 12 State Board stream bank unpopulated in prior phase","Targeted Phase 17I production scheduled"
"Bihar Board BSEB (Matric 10th & Inter 12th)","Class 12","science-pcm","subj-physics",en,0,250,ZERO_CONTENT,"Class 12 State Board stream bank unpopulated in prior phase","Targeted Phase 17I production scheduled"
"Bihar Board BSEB (Matric 10th & Inter 12th)","Class 12","science-pcm","subj-chemistry",hi,0,250,ZERO_CONTENT,"Class 12 State Board stream bank unpopulated in prior phase","Targeted Phase 17I production scheduled"
"Bihar Board BSEB (Matric 10th & Inter 12th)","Class 12","science-pcm","subj-chemistry",en,0,250,ZERO_CONTENT,"Class 12 State Board stream bank unpopulated in prior phase","Targeted Phase 17I production scheduled"
"Bihar Board BSEB (Matric 10th & Inter 12th)","Class 12","science-pcm","subj-math12",hi,0,250,ZERO_CONTENT,"Class 12 State Board stream bank unpopulated in prior phase","Targeted Phase 17I production scheduled"
"Bihar Board BSEB (Matric 10th & Inter 12th)","Class 12","science-pcm","subj-math12",en,0,250,ZERO_CONTENT,"Class 12 State Board stream bank unpopulated in prior phase","Targeted Phase 17I production scheduled"
"Bihar Board BSEB (Matric 10th & Inter 12th)","Class 12","science-pcm","subj-biology",hi,0,250,ZERO_CONTENT,"Class 12 State Board stream bank unpopulated in prior phase","Targeted Phase 17I production scheduled"
"Bihar Board BSEB (Matric 10th & Inter 12th)","Class 12","science-pcm","subj-biology",en,0,250,ZERO_CONTENT,"Class 12 State Board stream bank unpopulated in prior phase","Targeted Phase 17I production scheduled"
"Bihar Board BSEB (Matric 10th & Inter 12th)","Class 12","commerce","subj-accountancy",hi,0,250,ZERO_CONTENT,"Class 12 State Board stream bank unpopulated in prior phase","Targeted Phase 17I production scheduled"
"Bihar Board BSEB (Matric 10th & Inter 12th)","Class 12","commerce","subj-accountancy",en,0,250,ZERO_CONTENT,"Class 12 State Board stream bank unpopulated in prior phase","Targeted Phase 17I production scheduled"
"Bihar Board BSEB (Matric 10th & Inter 12th)","Class 12","commerce","subj-business",hi,0,250,ZERO_CONTENT,"Class 12 State Board stream bank unpopulated in prior phase","Targeted Phase 17I production scheduled"
"Bihar Board BSEB (Matric 10th & Inter 12th)","Class 12","commerce","subj-business",en,0,250,ZERO_CONTENT,"Class 12 State Board stream bank unpopulated in prior phase","Targeted Phase 17I production scheduled"
"Bihar Board BSEB (Matric 10th & Inter 12th)","Class 12","commerce","subj-economics",hi,0,250,ZERO_CONTENT,"Class 12 State Board stream bank unpopulated in prior phase","Targeted Phase 17I production scheduled"
"Bihar Board BSEB (Matric 10th & Inter 12th)","Class 12","commerce","subj-economics",en,0,250,ZERO_CONTENT,"Class 12 State Board stream bank unpopulated in prior phase","Targeted Phase 17I production scheduled"
"Bihar Board BSEB (Matric 10th & Inter 12th)","Class 12","humanities","subj-history",hi,0,250,ZERO_CONTENT,"Class 12 State Board stream bank unpopulated in prior phase","Targeted Phase 17I production scheduled"
"Bihar Board BSEB (Matric 10th & Inter 12th)","Class 12","humanities","subj-history",en,0,250,ZERO_CONTENT,"Class 12 State Board stream bank unpopulated in prior phase","Targeted Phase 17I production scheduled"
"Bihar Board BSEB (Matric 10th & Inter 12th)","Class 12","humanities","subj-polity",hi,0,250,ZERO_CONTENT,"Class 12 State Board stream bank unpopulated in prior phase","Targeted Phase 17I production scheduled"
"Bihar Board BSEB (Matric 10th & Inter 12th)","Class 12","humanities","subj-polity",en,0,250,ZERO_CONTENT,"Class 12 State Board stream bank unpopulated in prior phase","Targeted Phase 17I production scheduled"
"Bihar Board BSEB (Matric 10th & Inter 12th)","Class 12","humanities","subj-geography",hi,0,250,ZERO_CONTENT,"Class 12 State Board stream bank unpopulated in prior phase","Targeted Phase 17I production scheduled"
"Bihar Board BSEB (Matric 10th & Inter 12th)","Class 12","humanities","subj-geography",en,0,250,ZERO_CONTENT,"Class 12 State Board stream bank unpopulated in prior phase","Targeted Phase 17I production scheduled"
"Bihar Board BSEB (Matric 10th & Inter 12th)","Class 9","general","subj-science",hi,0,65,ZERO_CONTENT,"Class 9/11 foundational support pending","Targeted Phase 17I production scheduled"
"Bihar Board BSEB (Matric 10th & Inter 12th)","Class 9","general","subj-science",en,0,65,ZERO_CONTENT,"Class 9/11 foundational support pending","Targeted Phase 17I production scheduled"
"Bihar Board BSEB (Matric 10th & Inter 12th)","Class 9","general","subj-math",hi,0,65,ZERO_CONTENT,"Class 9/11 foundational support pending","Targeted Phase 17I production scheduled"
"Bihar Board BSEB (Matric 10th & Inter 12th)","Class 9","general","subj-math",en,0,65,ZERO_CONTENT,"Class 9/11 foundational support pending","Targeted Phase 17I production scheduled"
"Bihar Board BSEB (Matric 10th & Inter 12th)","Class 9","general","subj-social",hi,0,65,ZERO_CONTENT,"Class 9/11 foundational support pending","Targeted Phase 17I production scheduled"
"Bihar Board BSEB (Matric 10th & Inter 12th)","Class 9","general","subj-social",en,0,65,ZERO_CONTENT,"Class 9/11 foundational support pending","Targeted Phase 17I production scheduled"
"Bihar Board BSEB (Matric 10th & Inter 12th)","Class 11","science-pcm","subj-physics",hi,0,65,ZERO_CONTENT,"Class 9/11 foundational support pending","Targeted Phase 17I production scheduled"
"Bihar Board BSEB (Matric 10th & Inter 12th)","Class 11","science-pcm","subj-physics",en,0,65,ZERO_CONTENT,"Class 9/11 foundational support pending","Targeted Phase 17I production scheduled"
"Bihar Board BSEB (Matric 10th & Inter 12th)","Class 11","science-pcm","subj-chemistry",hi,0,65,ZERO_CONTENT,"Class 9/11 foundational support pending","Targeted Phase 17I production scheduled"
"Bihar Board BSEB (Matric 10th & Inter 12th)","Class 11","science-pcm","subj-chemistry",en,0,65,ZERO_CONTENT,"Class 9/11 foundational support pending","Targeted Phase 17I production scheduled"
"Haryana Board (BSEH Bhiwani 10th & 12th)","Class 10","general","subj-hindi",hi,200,250,LOW_CONTENT,"Core subject practice expansion needed","Targeted Phase 17I production scheduled"
"Haryana Board (BSEH Bhiwani 10th & 12th)","Class 10","general","subj-hindi",en,200,250,LOW_CONTENT,"Core subject practice expansion needed","Targeted Phase 17I production scheduled"
"Haryana Board (BSEH Bhiwani 10th & 12th)","Class 10","general","subj-science",hi,200,250,LOW_CONTENT,"Core subject practice expansion needed","Targeted Phase 17I production scheduled"
"Haryana Board (BSEH Bhiwani 10th & 12th)","Class 10","general","subj-science",en,200,250,LOW_CONTENT,"Core subject practice expansion needed","Targeted Phase 17I production scheduled"
"Haryana Board (BSEH Bhiwani 10th & 12th)","Class 10","general","subj-math",hi,200,250,LOW_CONTENT,"Core subject practice expansion needed","Targeted Phase 17I production scheduled"
"Haryana Board (BSEH Bhiwani 10th & 12th)","Class 10","general","subj-math",en,200,250,LOW_CONTENT,"Core subject practice expansion needed","Targeted Phase 17I production scheduled"
"Haryana Board (BSEH Bhiwani 10th & 12th)","Class 10","general","subj-social",hi,200,250,LOW_CONTENT,"Core subject practice expansion needed","Targeted Phase 17I production scheduled"
"Haryana Board (BSEH Bhiwani 10th & 12th)","Class 10","general","subj-social",en,200,250,LOW_CONTENT,"Core subject practice expansion needed","Targeted Phase 17I production scheduled"
"Haryana Board (BSEH Bhiwani 10th & 12th)","Class 10","general","subj-english",hi,0,250,ZERO_CONTENT,"Core subject practice expansion needed","Targeted Phase 17I production scheduled"
"Haryana Board (BSEH Bhiwani 10th & 12th)","Class 10","general","subj-english",en,0,250,ZERO_CONTENT,"Core subject practice expansion needed","Targeted Phase 17I production scheduled"
"Haryana Board (BSEH Bhiwani 10th & 12th)","Class 12","science-pcm","subj-physics",hi,0,250,ZERO_CONTENT,"Class 12 State Board stream bank unpopulated in prior phase","Targeted Phase 17I production scheduled"
"Haryana Board (BSEH Bhiwani 10th & 12th)","Class 12","science-pcm","subj-physics",en,0,250,ZERO_CONTENT,"Class 12 State Board stream bank unpopulated in prior phase","Targeted Phase 17I production scheduled"
"Haryana Board (BSEH Bhiwani 10th & 12th)","Class 12","science-pcm","subj-chemistry",hi,0,250,ZERO_CONTENT,"Class 12 State Board stream bank unpopulated in prior phase","Targeted Phase 17I production scheduled"
"Haryana Board (BSEH Bhiwani 10th & 12th)","Class 12","science-pcm","subj-chemistry",en,0,250,ZERO_CONTENT,"Class 12 State Board stream bank unpopulated in prior phase","Targeted Phase 17I production scheduled"
"Haryana Board (BSEH Bhiwani 10th & 12th)","Class 12","science-pcm","subj-math12",hi,0,250,ZERO_CONTENT,"Class 12 State Board stream bank unpopulated in prior phase","Targeted Phase 17I production scheduled"
"Haryana Board (BSEH Bhiwani 10th & 12th)","Class 12","science-pcm","subj-math12",en,0,250,ZERO_CONTENT,"Class 12 State Board stream bank unpopulated in prior phase","Targeted Phase 17I production scheduled"
"Haryana Board (BSEH Bhiwani 10th & 12th)","Class 12","science-pcm","subj-biology",hi,0,250,ZERO_CONTENT,"Class 12 State Board stream bank unpopulated in prior phase","Targeted Phase 17I production scheduled"
"Haryana Board (BSEH Bhiwani 10th & 12th)","Class 12","science-pcm","subj-biology",en,0,250,ZERO_CONTENT,"Class 12 State Board stream bank unpopulated in prior phase","Targeted Phase 17I production scheduled"
"Haryana Board (BSEH Bhiwani 10th & 12th)","Class 12","commerce","subj-accountancy",hi,0,250,ZERO_CONTENT,"Class 12 State Board stream bank unpopulated in prior phase","Targeted Phase 17I production scheduled"
"Haryana Board (BSEH Bhiwani 10th & 12th)","Class 12","commerce","subj-accountancy",en,0,250,ZERO_CONTENT,"Class 12 State Board stream bank unpopulated in prior phase","Targeted Phase 17I production scheduled"
"Haryana Board (BSEH Bhiwani 10th & 12th)","Class 12","commerce","subj-business",hi,0,250,ZERO_CONTENT,"Class 12 State Board stream bank unpopulated in prior phase","Targeted Phase 17I production scheduled"
"Haryana Board (BSEH Bhiwani 10th & 12th)","Class 12","commerce","subj-business",en,0,250,ZERO_CONTENT,"Class 12 State Board stream bank unpopulated in prior phase","Targeted Phase 17I production scheduled"
"Haryana Board (BSEH Bhiwani 10th & 12th)","Class 12","commerce","subj-economics",hi,0,250,ZERO_CONTENT,"Class 12 State Board stream bank unpopulated in prior phase","Targeted Phase 17I production scheduled"
"Haryana Board (BSEH Bhiwani 10th & 12th)","Class 12","commerce","subj-economics",en,0,250,ZERO_CONTENT,"Class 12 State Board stream bank unpopulated in prior phase","Targeted Phase 17I production scheduled"
"Haryana Board (BSEH Bhiwani 10th & 12th)","Class 12","humanities","subj-history",hi,0,250,ZERO_CONTENT,"Class 12 State Board stream bank unpopulated in prior phase","Targeted Phase 17I production scheduled"
"Haryana Board (BSEH Bhiwani 10th & 12th)","Class 12","humanities","subj-history",en,0,250,ZERO_CONTENT,"Class 12 State Board stream bank unpopulated in prior phase","Targeted Phase 17I production scheduled"
"Haryana Board (BSEH Bhiwani 10th & 12th)","Class 12","humanities","subj-polity",hi,0,250,ZERO_CONTENT,"Class 12 State Board stream bank unpopulated in prior phase","Targeted Phase 17I production scheduled"
"Haryana Board (BSEH Bhiwani 10th & 12th)","Class 12","humanities","subj-polity",en,0,250,ZERO_CONTENT,"Class 12 State Board stream bank unpopulated in prior phase","Targeted Phase 17I production scheduled"
"Haryana Board (BSEH Bhiwani 10th & 12th)","Class 12","humanities","subj-geography",hi,0,250,ZERO_CONTENT,"Class 12 State Board stream bank unpopulated in prior phase","Targeted Phase 17I production scheduled"
"Haryana Board (BSEH Bhiwani 10th & 12th)","Class 12","humanities","subj-geography",en,0,250,ZERO_CONTENT,"Class 12 State Board stream bank unpopulated in prior phase","Targeted Phase 17I production scheduled"
"Haryana Board (BSEH Bhiwani 10th & 12th)","Class 9","general","subj-science",hi,0,65,ZERO_CONTENT,"Class 9/11 foundational support pending","Targeted Phase 17I production scheduled"
"Haryana Board (BSEH Bhiwani 10th & 12th)","Class 9","general","subj-science",en,0,65,ZERO_CONTENT,"Class 9/11 foundational support pending","Targeted Phase 17I production scheduled"
"Haryana Board (BSEH Bhiwani 10th & 12th)","Class 9","general","subj-math",hi,0,65,ZERO_CONTENT,"Class 9/11 foundational support pending","Targeted Phase 17I production scheduled"
"Haryana Board (BSEH Bhiwani 10th & 12th)","Class 9","general","subj-math",en,0,65,ZERO_CONTENT,"Class 9/11 foundational support pending","Targeted Phase 17I production scheduled"
"Haryana Board (BSEH Bhiwani 10th & 12th)","Class 9","general","subj-social",hi,0,65,ZERO_CONTENT,"Class 9/11 foundational support pending","Targeted Phase 17I production scheduled"
"Haryana Board (BSEH Bhiwani 10th & 12th)","Class 9","general","subj-social",en,0,65,ZERO_CONTENT,"Class 9/11 foundational support pending","Targeted Phase 17I production scheduled"
"Haryana Board (BSEH Bhiwani 10th & 12th)","Class 11","science-pcm","subj-physics",hi,0,65,ZERO_CONTENT,"Class 9/11 foundational support pending","Targeted Phase 17I production scheduled"
"Haryana Board (BSEH Bhiwani 10th & 12th)","Class 11","science-pcm","subj-physics",en,0,65,ZERO_CONTENT,"Class 9/11 foundational support pending","Targeted Phase 17I production scheduled"
"Haryana Board (BSEH Bhiwani 10th & 12th)","Class 11","science-pcm","subj-chemistry",hi,0,65,ZERO_CONTENT,"Class 9/11 foundational support pending","Targeted Phase 17I production scheduled"
"Haryana Board (BSEH Bhiwani 10th & 12th)","Class 11","science-pcm","subj-chemistry",en,0,65,ZERO_CONTENT,"Class 9/11 foundational support pending","Targeted Phase 17I production scheduled"
"Board of Secondary Education Manipur","Class 10","general","subj-hindi",mni,0,250,ZERO_CONTENT,"Core subject practice expansion needed","Targeted Phase 17I production scheduled"
"Board of Secondary Education Manipur","Class 10","general","subj-hindi",en,0,250,ZERO_CONTENT,"Core subject practice expansion needed","Targeted Phase 17I production scheduled"
"Board of Secondary Education Manipur","Class 10","general","subj-science",mni,0,250,ZERO_CONTENT,"Core subject practice expansion needed","Targeted Phase 17I production scheduled"
"Board of Secondary Education Manipur","Class 10","general","subj-science",en,200,250,LOW_CONTENT,"Core subject practice expansion needed","Targeted Phase 17I production scheduled"
"Board of Secondary Education Manipur","Class 10","general","subj-math",mni,0,250,ZERO_CONTENT,"Core subject practice expansion needed","Targeted Phase 17I production scheduled"
"Board of Secondary Education Manipur","Class 10","general","subj-math",en,200,250,LOW_CONTENT,"Core subject practice expansion needed","Targeted Phase 17I production scheduled"
"Board of Secondary Education Manipur","Class 10","general","subj-social",mni,0,250,ZERO_CONTENT,"Core subject practice expansion needed","Targeted Phase 17I production scheduled"
"Board of Secondary Education Manipur","Class 10","general","subj-social",en,100,250,LOW_CONTENT,"Core subject practice expansion needed","Targeted Phase 17I production scheduled"
"Board of Secondary Education Manipur","Class 10","general","subj-english",mni,0,250,ZERO_CONTENT,"Core subject practice expansion needed","Targeted Phase 17I production scheduled"
"Board of Secondary Education Manipur","Class 10","general","subj-english",en,100,250,LOW_CONTENT,"Core subject practice expansion needed","Targeted Phase 17I production scheduled"
"Board of Secondary Education Manipur","Class 12","science-pcm","subj-physics",mni,0,250,ZERO_CONTENT,"Class 12 State Board stream bank unpopulated in prior phase","Targeted Phase 17I production scheduled"
"Board of Secondary Education Manipur","Class 12","science-pcm","subj-physics",en,0,250,ZERO_CONTENT,"Class 12 State Board stream bank unpopulated in prior phase","Targeted Phase 17I production scheduled"
"Board of Secondary Education Manipur","Class 12","science-pcm","subj-chemistry",mni,0,250,ZERO_CONTENT,"Class 12 State Board stream bank unpopulated in prior phase","Targeted Phase 17I production scheduled"
"Board of Secondary Education Manipur","Class 12","science-pcm","subj-chemistry",en,0,250,ZERO_CONTENT,"Class 12 State Board stream bank unpopulated in prior phase","Targeted Phase 17I production scheduled"
"Board of Secondary Education Manipur","Class 12","science-pcm","subj-math12",mni,0,250,ZERO_CONTENT,"Class 12 State Board stream bank unpopulated in prior phase","Targeted Phase 17I production scheduled"
"Board of Secondary Education Manipur","Class 12","science-pcm","subj-math12",en,0,250,ZERO_CONTENT,"Class 12 State Board stream bank unpopulated in prior phase","Targeted Phase 17I production scheduled"
"Board of Secondary Education Manipur","Class 12","science-pcm","subj-biology",mni,0,250,ZERO_CONTENT,"Class 12 State Board stream bank unpopulated in prior phase","Targeted Phase 17I production scheduled"
"Board of Secondary Education Manipur","Class 12","science-pcm","subj-biology",en,0,250,ZERO_CONTENT,"Class 12 State Board stream bank unpopulated in prior phase","Targeted Phase 17I production scheduled"
"Board of Secondary Education Manipur","Class 12","commerce","subj-accountancy",mni,0,250,ZERO_CONTENT,"Class 12 State Board stream bank unpopulated in prior phase","Targeted Phase 17I production scheduled"
"Board of Secondary Education Manipur","Class 12","commerce","subj-accountancy",en,0,250,ZERO_CONTENT,"Class 12 State Board stream bank unpopulated in prior phase","Targeted Phase 17I production scheduled"
"Board of Secondary Education Manipur","Class 12","commerce","subj-business",mni,0,250,ZERO_CONTENT,"Class 12 State Board stream bank unpopulated in prior phase","Targeted Phase 17I production scheduled"
"Board of Secondary Education Manipur","Class 12","commerce","subj-business",en,0,250,ZERO_CONTENT,"Class 12 State Board stream bank unpopulated in prior phase","Targeted Phase 17I production scheduled"
"Board of Secondary Education Manipur","Class 12","commerce","subj-economics",mni,0,250,ZERO_CONTENT,"Class 12 State Board stream bank unpopulated in prior phase","Targeted Phase 17I production scheduled"
"Board of Secondary Education Manipur","Class 12","commerce","subj-economics",en,0,250,ZERO_CONTENT,"Class 12 State Board stream bank unpopulated in prior phase","Targeted Phase 17I production scheduled"
"Board of Secondary Education Manipur","Class 12","humanities","subj-history",mni,0,250,ZERO_CONTENT,"Class 12 State Board stream bank unpopulated in prior phase","Targeted Phase 17I production scheduled"
"Board of Secondary Education Manipur","Class 12","humanities","subj-history",en,0,250,ZERO_CONTENT,"Class 12 State Board stream bank unpopulated in prior phase","Targeted Phase 17I production scheduled"
"Board of Secondary Education Manipur","Class 12","humanities","subj-polity",mni,0,250,ZERO_CONTENT,"Class 12 State Board stream bank unpopulated in prior phase","Targeted Phase 17I production scheduled"
"Board of Secondary Education Manipur","Class 12","humanities","subj-polity",en,0,250,ZERO_CONTENT,"Class 12 State Board stream bank unpopulated in prior phase","Targeted Phase 17I production scheduled"
"Board of Secondary Education Manipur","Class 12","humanities","subj-geography",mni,0,250,ZERO_CONTENT,"Class 12 State Board stream bank unpopulated in prior phase","Targeted Phase 17I production scheduled"
"Board of Secondary Education Manipur","Class 12","humanities","subj-geography",en,0,250,ZERO_CONTENT,"Class 12 State Board stream bank unpopulated in prior phase","Targeted Phase 17I production scheduled"
"Board of Secondary Education Manipur","Class 9","general","subj-science",mni,0,65,ZERO_CONTENT,"Class 9/11 foundational support pending","Targeted Phase 17I production scheduled"
"Board of Secondary Education Manipur","Class 9","general","subj-science",en,0,65,ZERO_CONTENT,"Class 9/11 foundational support pending","Targeted Phase 17I production scheduled"
"Board of Secondary Education Manipur","Class 9","general","subj-math",mni,0,65,ZERO_CONTENT,"Class 9/11 foundational support pending","Targeted Phase 17I production scheduled"
"Board of Secondary Education Manipur","Class 9","general","subj-math",en,0,65,ZERO_CONTENT,"Class 9/11 foundational support pending","Targeted Phase 17I production scheduled"
"Board of Secondary Education Manipur","Class 9","general","subj-social",mni,0,65,ZERO_CONTENT,"Class 9/11 foundational support pending","Targeted Phase 17I production scheduled"
"Board of Secondary Education Manipur","Class 9","general","subj-social",en,0,65,ZERO_CONTENT,"Class 9/11 foundational support pending","Targeted Phase 17I production scheduled"
"Board of Secondary Education Manipur","Class 11","science-pcm","subj-physics",mni,0,65,ZERO_CONTENT,"Class 9/11 foundational support pending","Targeted Phase 17I production scheduled"
"Board of Secondary Education Manipur","Class 11","science-pcm","subj-physics",en,0,65,ZERO_CONTENT,"Class 9/11 foundational support pending","Targeted Phase 17I production scheduled"
"Board of Secondary Education Manipur","Class 11","science-pcm","subj-chemistry",mni,0,65,ZERO_CONTENT,"Class 9/11 foundational support pending","Targeted Phase 17I production scheduled"
"Board of Secondary Education Manipur","Class 11","science-pcm","subj-chemistry",en,0,65,ZERO_CONTENT,"Class 9/11 foundational support pending","Targeted Phase 17I production scheduled"
"Directorate of Government Examinations Telangana","Class 10","general","subj-science",te,200,250,LOW_CONTENT,"Core subject practice expansion needed","Targeted Phase 17I production scheduled"
"Directorate of Government Examinations Telangana","Class 10","general","subj-science",en,200,250,LOW_CONTENT,"Core subject practice expansion needed","Targeted Phase 17I production scheduled"
"Directorate of Government Examinations Telangana","Class 10","general","subj-math",te,200,250,LOW_CONTENT,"Core subject practice expansion needed","Targeted Phase 17I production scheduled"
"Directorate of Government Examinations Telangana","Class 10","general","subj-math",en,200,250,LOW_CONTENT,"Core subject practice expansion needed","Targeted Phase 17I production scheduled"
"Directorate of Government Examinations Telangana","Class 10","general","subj-social",te,150,250,LOW_CONTENT,"Core subject practice expansion needed","Targeted Phase 17I production scheduled"
"Directorate of Government Examinations Telangana","Class 10","general","subj-social",en,150,250,LOW_CONTENT,"Core subject practice expansion needed","Targeted Phase 17I production scheduled"
"Directorate of Government Examinations Telangana","Class 10","general","subj-english",te,0,250,ZERO_CONTENT,"Core subject practice expansion needed","Targeted Phase 17I production scheduled"
"Directorate of Government Examinations Telangana","Class 10","general","subj-english",en,0,250,ZERO_CONTENT,"Core subject practice expansion needed","Targeted Phase 17I production scheduled"
"Directorate of Government Examinations Telangana","Class 12","science-pcm","subj-physics",te,0,250,ZERO_CONTENT,"Class 12 State Board stream bank unpopulated in prior phase","Targeted Phase 17I production scheduled"
"Directorate of Government Examinations Telangana","Class 12","science-pcm","subj-physics",en,0,250,ZERO_CONTENT,"Class 12 State Board stream bank unpopulated in prior phase","Targeted Phase 17I production scheduled"
"Directorate of Government Examinations Telangana","Class 12","science-pcm","subj-chemistry",te,0,250,ZERO_CONTENT,"Class 12 State Board stream bank unpopulated in prior phase","Targeted Phase 17I production scheduled"
"Directorate of Government Examinations Telangana","Class 12","science-pcm","subj-chemistry",en,0,250,ZERO_CONTENT,"Class 12 State Board stream bank unpopulated in prior phase","Targeted Phase 17I production scheduled"
"Directorate of Government Examinations Telangana","Class 12","science-pcm","subj-math12",te,0,250,ZERO_CONTENT,"Class 12 State Board stream bank unpopulated in prior phase","Targeted Phase 17I production scheduled"
"Directorate of Government Examinations Telangana","Class 12","science-pcm","subj-math12",en,0,250,ZERO_CONTENT,"Class 12 State Board stream bank unpopulated in prior phase","Targeted Phase 17I production scheduled"
"Directorate of Government Examinations Telangana","Class 12","science-pcm","subj-biology",te,0,250,ZERO_CONTENT,"Class 12 State Board stream bank unpopulated in prior phase","Targeted Phase 17I production scheduled"
"Directorate of Government Examinations Telangana","Class 12","science-pcm","subj-biology",en,0,250,ZERO_CONTENT,"Class 12 State Board stream bank unpopulated in prior phase","Targeted Phase 17I production scheduled"
"Directorate of Government Examinations Telangana","Class 12","commerce","subj-accountancy",te,0,250,ZERO_CONTENT,"Class 12 State Board stream bank unpopulated in prior phase","Targeted Phase 17I production scheduled"
"Directorate of Government Examinations Telangana","Class 12","commerce","subj-accountancy",en,0,250,ZERO_CONTENT,"Class 12 State Board stream bank unpopulated in prior phase","Targeted Phase 17I production scheduled"
"Directorate of Government Examinations Telangana","Class 12","commerce","subj-business",te,0,250,ZERO_CONTENT,"Class 12 State Board stream bank unpopulated in prior phase","Targeted Phase 17I production scheduled"
"Directorate of Government Examinations Telangana","Class 12","commerce","subj-business",en,0,250,ZERO_CONTENT,"Class 12 State Board stream bank unpopulated in prior phase","Targeted Phase 17I production scheduled"
"Directorate of Government Examinations Telangana","Class 12","commerce","subj-economics",te,0,250,ZERO_CONTENT,"Class 12 State Board stream bank unpopulated in prior phase","Targeted Phase 17I production scheduled"
"Directorate of Government Examinations Telangana","Class 12","commerce","subj-economics",en,0,250,ZERO_CONTENT,"Class 12 State Board stream bank unpopulated in prior phase","Targeted Phase 17I production scheduled"
"Directorate of Government Examinations Telangana","Class 12","humanities","subj-history",te,0,250,ZERO_CONTENT,"Class 12 State Board stream bank unpopulated in prior phase","Targeted Phase 17I production scheduled"
"Directorate of Government Examinations Telangana","Class 12","humanities","subj-history",en,0,250,ZERO_CONTENT,"Class 12 State Board stream bank unpopulated in prior phase","Targeted Phase 17I production scheduled"
"Directorate of Government Examinations Telangana","Class 12","humanities","subj-polity",te,0,250,ZERO_CONTENT,"Class 12 State Board stream bank unpopulated in prior phase","Targeted Phase 17I production scheduled"
"Directorate of Government Examinations Telangana","Class 12","humanities","subj-polity",en,0,250,ZERO_CONTENT,"Class 12 State Board stream bank unpopulated in prior phase","Targeted Phase 17I production scheduled"
"Directorate of Government Examinations Telangana","Class 12","humanities","subj-geography",te,0,250,ZERO_CONTENT,"Class 12 State Board stream bank unpopulated in prior phase","Targeted Phase 17I production scheduled"
"Directorate of Government Examinations Telangana","Class 12","humanities","subj-geography",en,0,250,ZERO_CONTENT,"Class 12 State Board stream bank unpopulated in prior phase","Targeted Phase 17I production scheduled"
"Directorate of Government Examinations Telangana","Class 9","general","subj-science",te,0,65,ZERO_CONTENT,"Class 9/11 foundational support pending","Targeted Phase 17I production scheduled"
"Directorate of Government Examinations Telangana","Class 9","general","subj-science",en,0,65,ZERO_CONTENT,"Class 9/11 foundational support pending","Targeted Phase 17I production scheduled"
"Directorate of Government Examinations Telangana","Class 9","general","subj-math",te,0,65,ZERO_CONTENT,"Class 9/11 foundational support pending","Targeted Phase 17I production scheduled"
"Directorate of Government Examinations Telangana","Class 9","general","subj-math",en,0,65,ZERO_CONTENT,"Class 9/11 foundational support pending","Targeted Phase 17I production scheduled"
"Directorate of Government Examinations Telangana","Class 9","general","subj-social",te,0,65,ZERO_CONTENT,"Class 9/11 foundational support pending","Targeted Phase 17I production scheduled"
"Directorate of Government Examinations Telangana","Class 9","general","subj-social",en,0,65,ZERO_CONTENT,"Class 9/11 foundational support pending","Targeted Phase 17I production scheduled"
"Directorate of Government Examinations Telangana","Class 11","science-pcm","subj-physics",te,0,65,ZERO_CONTENT,"Class 9/11 foundational support pending","Targeted Phase 17I production scheduled"
"Directorate of Government Examinations Telangana","Class 11","science-pcm","subj-physics",en,0,65,ZERO_CONTENT,"Class 9/11 foundational support pending","Targeted Phase 17I production scheduled"
"Directorate of Government Examinations Telangana","Class 11","science-pcm","subj-chemistry",te,0,65,ZERO_CONTENT,"Class 9/11 foundational support pending","Targeted Phase 17I production scheduled"
"Directorate of Government Examinations Telangana","Class 11","science-pcm","subj-chemistry",en,0,65,ZERO_CONTENT,"Class 9/11 foundational support pending","Targeted Phase 17I production scheduled"
"CBSE Board (Class 10th & 12th)","Class 10","general","subj-hindi",en,0,250,ZERO_CONTENT,"Core subject practice expansion needed","Targeted Phase 17I production scheduled"
"CBSE Board (Class 10th & 12th)","Class 10","general","subj-science",en,11530,250,LOW_CONTENT,"Core subject practice expansion needed","Targeted Phase 17I production scheduled"
"CBSE Board (Class 10th & 12th)","Class 10","general","subj-math",en,0,250,ZERO_CONTENT,"Core subject practice expansion needed","Targeted Phase 17I production scheduled"
"CBSE Board (Class 10th & 12th)","Class 10","general","subj-english",en,0,250,ZERO_CONTENT,"Core subject practice expansion needed","Targeted Phase 17I production scheduled"
"CBSE Board (Class 10th & 12th)","Class 12","science-pcm","subj-physics",en,0,250,ZERO_CONTENT,"Class 12 State Board stream bank unpopulated in prior phase","Targeted Phase 17I production scheduled"
"CBSE Board (Class 10th & 12th)","Class 12","science-pcm","subj-chemistry",en,0,250,ZERO_CONTENT,"Class 12 State Board stream bank unpopulated in prior phase","Targeted Phase 17I production scheduled"
"CBSE Board (Class 10th & 12th)","Class 12","science-pcm","subj-biology",en,0,250,ZERO_CONTENT,"Class 12 State Board stream bank unpopulated in prior phase","Targeted Phase 17I production scheduled"
"CBSE Board (Class 10th & 12th)","Class 12","commerce","subj-economics",en,0,250,ZERO_CONTENT,"Class 12 State Board stream bank unpopulated in prior phase","Targeted Phase 17I production scheduled"
"CBSE Board (Class 10th & 12th)","Class 12","humanities","subj-history",en,0,250,ZERO_CONTENT,"Class 12 State Board stream bank unpopulated in prior phase","Targeted Phase 17I production scheduled"
"CBSE Board (Class 10th & 12th)","Class 12","humanities","subj-polity",en,0,250,ZERO_CONTENT,"Class 12 State Board stream bank unpopulated in prior phase","Targeted Phase 17I production scheduled"
"CBSE Board (Class 10th & 12th)","Class 12","humanities","subj-geography",en,0,250,ZERO_CONTENT,"Class 12 State Board stream bank unpopulated in prior phase","Targeted Phase 17I production scheduled"
"CBSE Board (Class 10th & 12th)","Class 9","general","subj-social",en,0,65,ZERO_CONTENT,"Class 9/11 foundational support pending","Targeted Phase 17I production scheduled"
"Chhattisgarh Board (CGBSE Raipur 10th & 12th)","Class 10","general","subj-hindi",hi,200,250,LOW_CONTENT,"Core subject practice expansion needed","Targeted Phase 17I production scheduled"
"Chhattisgarh Board (CGBSE Raipur 10th & 12th)","Class 10","general","subj-hindi",en,200,250,LOW_CONTENT,"Core subject practice expansion needed","Targeted Phase 17I production scheduled"
"Chhattisgarh Board (CGBSE Raipur 10th & 12th)","Class 10","general","subj-science",hi,200,250,LOW_CONTENT,"Core subject practice expansion needed","Targeted Phase 17I production scheduled"
"Chhattisgarh Board (CGBSE Raipur 10th & 12th)","Class 10","general","subj-science",en,200,250,LOW_CONTENT,"Core subject practice expansion needed","Targeted Phase 17I production scheduled"
"Chhattisgarh Board (CGBSE Raipur 10th & 12th)","Class 10","general","subj-math",hi,200,250,LOW_CONTENT,"Core subject practice expansion needed","Targeted Phase 17I production scheduled"
"Chhattisgarh Board (CGBSE Raipur 10th & 12th)","Class 10","general","subj-math",en,200,250,LOW_CONTENT,"Core subject practice expansion needed","Targeted Phase 17I production scheduled"
"Chhattisgarh Board (CGBSE Raipur 10th & 12th)","Class 10","general","subj-social",hi,200,250,LOW_CONTENT,"Core subject practice expansion needed","Targeted Phase 17I production scheduled"
"Chhattisgarh Board (CGBSE Raipur 10th & 12th)","Class 10","general","subj-social",en,200,250,LOW_CONTENT,"Core subject practice expansion needed","Targeted Phase 17I production scheduled"
"Chhattisgarh Board (CGBSE Raipur 10th & 12th)","Class 10","general","subj-english",hi,0,250,ZERO_CONTENT,"Core subject practice expansion needed","Targeted Phase 17I production scheduled"
"Chhattisgarh Board (CGBSE Raipur 10th & 12th)","Class 10","general","subj-english",en,0,250,ZERO_CONTENT,"Core subject practice expansion needed","Targeted Phase 17I production scheduled"
"Chhattisgarh Board (CGBSE Raipur 10th & 12th)","Class 12","science-pcm","subj-physics",hi,0,250,ZERO_CONTENT,"Class 12 State Board stream bank unpopulated in prior phase","Targeted Phase 17I production scheduled"
"Chhattisgarh Board (CGBSE Raipur 10th & 12th)","Class 12","science-pcm","subj-physics",en,0,250,ZERO_CONTENT,"Class 12 State Board stream bank unpopulated in prior phase","Targeted Phase 17I production scheduled"
"Chhattisgarh Board (CGBSE Raipur 10th & 12th)","Class 12","science-pcm","subj-chemistry",hi,0,250,ZERO_CONTENT,"Class 12 State Board stream bank unpopulated in prior phase","Targeted Phase 17I production scheduled"
"Chhattisgarh Board (CGBSE Raipur 10th & 12th)","Class 12","science-pcm","subj-chemistry",en,0,250,ZERO_CONTENT,"Class 12 State Board stream bank unpopulated in prior phase","Targeted Phase 17I production scheduled"
"Chhattisgarh Board (CGBSE Raipur 10th & 12th)","Class 12","science-pcm","subj-math12",hi,0,250,ZERO_CONTENT,"Class 12 State Board stream bank unpopulated in prior phase","Targeted Phase 17I production scheduled"
"Chhattisgarh Board (CGBSE Raipur 10th & 12th)","Class 12","science-pcm","subj-math12",en,0,250,ZERO_CONTENT,"Class 12 State Board stream bank unpopulated in prior phase","Targeted Phase 17I production scheduled"
"Chhattisgarh Board (CGBSE Raipur 10th & 12th)","Class 12","science-pcm","subj-biology",hi,0,250,ZERO_CONTENT,"Class 12 State Board stream bank unpopulated in prior phase","Targeted Phase 17I production scheduled"
"Chhattisgarh Board (CGBSE Raipur 10th & 12th)","Class 12","science-pcm","subj-biology",en,0,250,ZERO_CONTENT,"Class 12 State Board stream bank unpopulated in prior phase","Targeted Phase 17I production scheduled"
"Chhattisgarh Board (CGBSE Raipur 10th & 12th)","Class 12","commerce","subj-accountancy",hi,0,250,ZERO_CONTENT,"Class 12 State Board stream bank unpopulated in prior phase","Targeted Phase 17I production scheduled"
"Chhattisgarh Board (CGBSE Raipur 10th & 12th)","Class 12","commerce","subj-accountancy",en,0,250,ZERO_CONTENT,"Class 12 State Board stream bank unpopulated in prior phase","Targeted Phase 17I production scheduled"
"Chhattisgarh Board (CGBSE Raipur 10th & 12th)","Class 12","commerce","subj-business",hi,0,250,ZERO_CONTENT,"Class 12 State Board stream bank unpopulated in prior phase","Targeted Phase 17I production scheduled"
"Chhattisgarh Board (CGBSE Raipur 10th & 12th)","Class 12","commerce","subj-business",en,0,250,ZERO_CONTENT,"Class 12 State Board stream bank unpopulated in prior phase","Targeted Phase 17I production scheduled"
"Chhattisgarh Board (CGBSE Raipur 10th & 12th)","Class 12","commerce","subj-economics",hi,0,250,ZERO_CONTENT,"Class 12 State Board stream bank unpopulated in prior phase","Targeted Phase 17I production scheduled"
"Chhattisgarh Board (CGBSE Raipur 10th & 12th)","Class 12","commerce","subj-economics",en,0,250,ZERO_CONTENT,"Class 12 State Board stream bank unpopulated in prior phase","Targeted Phase 17I production scheduled"
"Chhattisgarh Board (CGBSE Raipur 10th & 12th)","Class 12","humanities","subj-history",hi,0,250,ZERO_CONTENT,"Class 12 State Board stream bank unpopulated in prior phase","Targeted Phase 17I production scheduled"
"Chhattisgarh Board (CGBSE Raipur 10th & 12th)","Class 12","humanities","subj-history",en,0,250,ZERO_CONTENT,"Class 12 State Board stream bank unpopulated in prior phase","Targeted Phase 17I production scheduled"
"Chhattisgarh Board (CGBSE Raipur 10th & 12th)","Class 12","humanities","subj-polity",hi,0,250,ZERO_CONTENT,"Class 12 State Board stream bank unpopulated in prior phase","Targeted Phase 17I production scheduled"
"Chhattisgarh Board (CGBSE Raipur 10th & 12th)","Class 12","humanities","subj-polity",en,0,250,ZERO_CONTENT,"Class 12 State Board stream bank unpopulated in prior phase","Targeted Phase 17I production scheduled"
"Chhattisgarh Board (CGBSE Raipur 10th & 12th)","Class 12","humanities","subj-geography",hi,0,250,ZERO_CONTENT,"Class 12 State Board stream bank unpopulated in prior phase","Targeted Phase 17I production scheduled"
"Chhattisgarh Board (CGBSE Raipur 10th & 12th)","Class 12","humanities","subj-geography",en,0,250,ZERO_CONTENT,"Class 12 State Board stream bank unpopulated in prior phase","Targeted Phase 17I production scheduled"
"Chhattisgarh Board (CGBSE Raipur 10th & 12th)","Class 9","general","subj-science",hi,0,65,ZERO_CONTENT,"Class 9/11 foundational support pending","Targeted Phase 17I production scheduled"
"Chhattisgarh Board (CGBSE Raipur 10th & 12th)","Class 9","general","subj-science",en,0,65,ZERO_CONTENT,"Class 9/11 foundational support pending","Targeted Phase 17I production scheduled"
"Chhattisgarh Board (CGBSE Raipur 10th & 12th)","Class 9","general","subj-math",hi,0,65,ZERO_CONTENT,"Class 9/11 foundational support pending","Targeted Phase 17I production scheduled"
"Chhattisgarh Board (CGBSE Raipur 10th & 12th)","Class 9","general","subj-math",en,0,65,ZERO_CONTENT,"Class 9/11 foundational support pending","Targeted Phase 17I production scheduled"
"Chhattisgarh Board (CGBSE Raipur 10th & 12th)","Class 9","general","subj-social",hi,0,65,ZERO_CONTENT,"Class 9/11 foundational support pending","Targeted Phase 17I production scheduled"
"Chhattisgarh Board (CGBSE Raipur 10th & 12th)","Class 9","general","subj-social",en,0,65,ZERO_CONTENT,"Class 9/11 foundational support pending","Targeted Phase 17I production scheduled"
"Chhattisgarh Board (CGBSE Raipur 10th & 12th)","Class 11","science-pcm","subj-physics",hi,0,65,ZERO_CONTENT,"Class 9/11 foundational support pending","Targeted Phase 17I production scheduled"
"Chhattisgarh Board (CGBSE Raipur 10th & 12th)","Class 11","science-pcm","subj-physics",en,0,65,ZERO_CONTENT,"Class 9/11 foundational support pending","Targeted Phase 17I production scheduled"
"Chhattisgarh Board (CGBSE Raipur 10th & 12th)","Class 11","science-pcm","subj-chemistry",hi,0,65,ZERO_CONTENT,"Class 9/11 foundational support pending","Targeted Phase 17I production scheduled"
"Chhattisgarh Board (CGBSE Raipur 10th & 12th)","Class 11","science-pcm","subj-chemistry",en,0,65,ZERO_CONTENT,"Class 9/11 foundational support pending","Targeted Phase 17I production scheduled"
"Odisha Board (BSE Matric 10th & CHSE +2 Council)","Class 10","general","subj-english",or,0,250,ZERO_CONTENT,"Core subject practice expansion needed","Targeted Phase 17I production scheduled"
"Odisha Board (BSE Matric 10th & CHSE +2 Council)","Class 10","general","subj-english",en,0,250,ZERO_CONTENT,"Core subject practice expansion needed","Targeted Phase 17I production scheduled"
"Odisha Board (BSE Matric 10th & CHSE +2 Council)","Class 12","science-pcm","subj-physics",or,0,250,ZERO_CONTENT,"Class 12 State Board stream bank unpopulated in prior phase","Targeted Phase 17I production scheduled"
"Odisha Board (BSE Matric 10th & CHSE +2 Council)","Class 12","science-pcm","subj-physics",en,0,250,ZERO_CONTENT,"Class 12 State Board stream bank unpopulated in prior phase","Targeted Phase 17I production scheduled"
"Odisha Board (BSE Matric 10th & CHSE +2 Council)","Class 12","science-pcm","subj-chemistry",or,0,250,ZERO_CONTENT,"Class 12 State Board stream bank unpopulated in prior phase","Targeted Phase 17I production scheduled"
"Odisha Board (BSE Matric 10th & CHSE +2 Council)","Class 12","science-pcm","subj-chemistry",en,0,250,ZERO_CONTENT,"Class 12 State Board stream bank unpopulated in prior phase","Targeted Phase 17I production scheduled"
"Odisha Board (BSE Matric 10th & CHSE +2 Council)","Class 12","science-pcm","subj-math12",or,0,250,ZERO_CONTENT,"Class 12 State Board stream bank unpopulated in prior phase","Targeted Phase 17I production scheduled"
"Odisha Board (BSE Matric 10th & CHSE +2 Council)","Class 12","science-pcm","subj-math12",en,0,250,ZERO_CONTENT,"Class 12 State Board stream bank unpopulated in prior phase","Targeted Phase 17I production scheduled"
"Odisha Board (BSE Matric 10th & CHSE +2 Council)","Class 12","science-pcm","subj-biology",or,0,250,ZERO_CONTENT,"Class 12 State Board stream bank unpopulated in prior phase","Targeted Phase 17I production scheduled"
"Odisha Board (BSE Matric 10th & CHSE +2 Council)","Class 12","science-pcm","subj-biology",en,0,250,ZERO_CONTENT,"Class 12 State Board stream bank unpopulated in prior phase","Targeted Phase 17I production scheduled"
"Odisha Board (BSE Matric 10th & CHSE +2 Council)","Class 12","commerce","subj-accountancy",or,0,250,ZERO_CONTENT,"Class 12 State Board stream bank unpopulated in prior phase","Targeted Phase 17I production scheduled"
"Odisha Board (BSE Matric 10th & CHSE +2 Council)","Class 12","commerce","subj-accountancy",en,0,250,ZERO_CONTENT,"Class 12 State Board stream bank unpopulated in prior phase","Targeted Phase 17I production scheduled"
"Odisha Board (BSE Matric 10th & CHSE +2 Council)","Class 12","commerce","subj-business",or,0,250,ZERO_CONTENT,"Class 12 State Board stream bank unpopulated in prior phase","Targeted Phase 17I production scheduled"
"Odisha Board (BSE Matric 10th & CHSE +2 Council)","Class 12","commerce","subj-business",en,0,250,ZERO_CONTENT,"Class 12 State Board stream bank unpopulated in prior phase","Targeted Phase 17I production scheduled"
"Odisha Board (BSE Matric 10th & CHSE +2 Council)","Class 12","commerce","subj-economics",or,0,250,ZERO_CONTENT,"Class 12 State Board stream bank unpopulated in prior phase","Targeted Phase 17I production scheduled"
"Odisha Board (BSE Matric 10th & CHSE +2 Council)","Class 12","commerce","subj-economics",en,0,250,ZERO_CONTENT,"Class 12 State Board stream bank unpopulated in prior phase","Targeted Phase 17I production scheduled"
"Odisha Board (BSE Matric 10th & CHSE +2 Council)","Class 12","humanities","subj-history",or,0,250,ZERO_CONTENT,"Class 12 State Board stream bank unpopulated in prior phase","Targeted Phase 17I production scheduled"
"Odisha Board (BSE Matric 10th & CHSE +2 Council)","Class 12","humanities","subj-history",en,0,250,ZERO_CONTENT,"Class 12 State Board stream bank unpopulated in prior phase","Targeted Phase 17I production scheduled"
"Odisha Board (BSE Matric 10th & CHSE +2 Council)","Class 12","humanities","subj-polity",or,0,250,ZERO_CONTENT,"Class 12 State Board stream bank unpopulated in prior phase","Targeted Phase 17I production scheduled"
"Odisha Board (BSE Matric 10th & CHSE +2 Council)","Class 12","humanities","subj-polity",en,0,250,ZERO_CONTENT,"Class 12 State Board stream bank unpopulated in prior phase","Targeted Phase 17I production scheduled"
"Odisha Board (BSE Matric 10th & CHSE +2 Council)","Class 12","humanities","subj-geography",or,0,250,ZERO_CONTENT,"Class 12 State Board stream bank unpopulated in prior phase","Targeted Phase 17I production scheduled"
"Odisha Board (BSE Matric 10th & CHSE +2 Council)","Class 12","humanities","subj-geography",en,0,250,ZERO_CONTENT,"Class 12 State Board stream bank unpopulated in prior phase","Targeted Phase 17I production scheduled"
"Odisha Board (BSE Matric 10th & CHSE +2 Council)","Class 9","general","subj-science",or,0,65,ZERO_CONTENT,"Class 9/11 foundational support pending","Targeted Phase 17I production scheduled"
"Odisha Board (BSE Matric 10th & CHSE +2 Council)","Class 9","general","subj-science",en,0,65,ZERO_CONTENT,"Class 9/11 foundational support pending","Targeted Phase 17I production scheduled"
"Odisha Board (BSE Matric 10th & CHSE +2 Council)","Class 9","general","subj-math",or,0,65,ZERO_CONTENT,"Class 9/11 foundational support pending","Targeted Phase 17I production scheduled"
"Odisha Board (BSE Matric 10th & CHSE +2 Council)","Class 9","general","subj-math",en,0,65,ZERO_CONTENT,"Class 9/11 foundational support pending","Targeted Phase 17I production scheduled"
"Odisha Board (BSE Matric 10th & CHSE +2 Council)","Class 9","general","subj-social",or,0,65,ZERO_CONTENT,"Class 9/11 foundational support pending","Targeted Phase 17I production scheduled"
"Odisha Board (BSE Matric 10th & CHSE +2 Council)","Class 9","general","subj-social",en,0,65,ZERO_CONTENT,"Class 9/11 foundational support pending","Targeted Phase 17I production scheduled"
"Odisha Board (BSE Matric 10th & CHSE +2 Council)","Class 11","science-pcm","subj-physics",or,0,65,ZERO_CONTENT,"Class 9/11 foundational support pending","Targeted Phase 17I production scheduled"
"Odisha Board (BSE Matric 10th & CHSE +2 Council)","Class 11","science-pcm","subj-physics",en,0,65,ZERO_CONTENT,"Class 9/11 foundational support pending","Targeted Phase 17I production scheduled"
"Odisha Board (BSE Matric 10th & CHSE +2 Council)","Class 11","science-pcm","subj-chemistry",or,0,65,ZERO_CONTENT,"Class 9/11 foundational support pending","Targeted Phase 17I production scheduled"
"Odisha Board (BSE Matric 10th & CHSE +2 Council)","Class 11","science-pcm","subj-chemistry",en,0,65,ZERO_CONTENT,"Class 9/11 foundational support pending","Targeted Phase 17I production scheduled"
"Goa Board of Secondary and Higher Secondary Education","Class 10","general","subj-hindi",kok,0,250,ZERO_CONTENT,"Core subject practice expansion needed","Targeted Phase 17I production scheduled"
"Goa Board of Secondary and Higher Secondary Education","Class 10","general","subj-hindi",en,0,250,ZERO_CONTENT,"Core subject practice expansion needed","Targeted Phase 17I production scheduled"
"Goa Board of Secondary and Higher Secondary Education","Class 10","general","subj-science",kok,0,250,ZERO_CONTENT,"Core subject practice expansion needed","Targeted Phase 17I production scheduled"
"Goa Board of Secondary and Higher Secondary Education","Class 10","general","subj-science",en,200,250,LOW_CONTENT,"Core subject practice expansion needed","Targeted Phase 17I production scheduled"
"Goa Board of Secondary and Higher Secondary Education","Class 10","general","subj-math",kok,0,250,ZERO_CONTENT,"Core subject practice expansion needed","Targeted Phase 17I production scheduled"
"Goa Board of Secondary and Higher Secondary Education","Class 10","general","subj-math",en,200,250,LOW_CONTENT,"Core subject practice expansion needed","Targeted Phase 17I production scheduled"
"Goa Board of Secondary and Higher Secondary Education","Class 10","general","subj-social",kok,0,250,ZERO_CONTENT,"Core subject practice expansion needed","Targeted Phase 17I production scheduled"
"Goa Board of Secondary and Higher Secondary Education","Class 10","general","subj-social",en,0,250,ZERO_CONTENT,"Core subject practice expansion needed","Targeted Phase 17I production scheduled"
"Goa Board of Secondary and Higher Secondary Education","Class 10","general","subj-english",kok,0,250,ZERO_CONTENT,"Core subject practice expansion needed","Targeted Phase 17I production scheduled"
"Goa Board of Secondary and Higher Secondary Education","Class 10","general","subj-english",en,100,250,LOW_CONTENT,"Core subject practice expansion needed","Targeted Phase 17I production scheduled"
"Goa Board of Secondary and Higher Secondary Education","Class 12","science-pcm","subj-physics",kok,0,250,ZERO_CONTENT,"Class 12 State Board stream bank unpopulated in prior phase","Targeted Phase 17I production scheduled"
"Goa Board of Secondary and Higher Secondary Education","Class 12","science-pcm","subj-physics",en,0,250,ZERO_CONTENT,"Class 12 State Board stream bank unpopulated in prior phase","Targeted Phase 17I production scheduled"
"Goa Board of Secondary and Higher Secondary Education","Class 12","science-pcm","subj-chemistry",kok,0,250,ZERO_CONTENT,"Class 12 State Board stream bank unpopulated in prior phase","Targeted Phase 17I production scheduled"
"Goa Board of Secondary and Higher Secondary Education","Class 12","science-pcm","subj-chemistry",en,0,250,ZERO_CONTENT,"Class 12 State Board stream bank unpopulated in prior phase","Targeted Phase 17I production scheduled"
"Goa Board of Secondary and Higher Secondary Education","Class 12","science-pcm","subj-math12",kok,0,250,ZERO_CONTENT,"Class 12 State Board stream bank unpopulated in prior phase","Targeted Phase 17I production scheduled"
"Goa Board of Secondary and Higher Secondary Education","Class 12","science-pcm","subj-math12",en,0,250,ZERO_CONTENT,"Class 12 State Board stream bank unpopulated in prior phase","Targeted Phase 17I production scheduled"
"Goa Board of Secondary and Higher Secondary Education","Class 12","science-pcm","subj-biology",kok,0,250,ZERO_CONTENT,"Class 12 State Board stream bank unpopulated in prior phase","Targeted Phase 17I production scheduled"
"Goa Board of Secondary and Higher Secondary Education","Class 12","science-pcm","subj-biology",en,0,250,ZERO_CONTENT,"Class 12 State Board stream bank unpopulated in prior phase","Targeted Phase 17I production scheduled"
"Goa Board of Secondary and Higher Secondary Education","Class 12","commerce","subj-accountancy",kok,0,250,ZERO_CONTENT,"Class 12 State Board stream bank unpopulated in prior phase","Targeted Phase 17I production scheduled"
"Goa Board of Secondary and Higher Secondary Education","Class 12","commerce","subj-accountancy",en,0,250,ZERO_CONTENT,"Class 12 State Board stream bank unpopulated in prior phase","Targeted Phase 17I production scheduled"
"Goa Board of Secondary and Higher Secondary Education","Class 12","commerce","subj-business",kok,0,250,ZERO_CONTENT,"Class 12 State Board stream bank unpopulated in prior phase","Targeted Phase 17I production scheduled"
"Goa Board of Secondary and Higher Secondary Education","Class 12","commerce","subj-business",en,0,250,ZERO_CONTENT,"Class 12 State Board stream bank unpopulated in prior phase","Targeted Phase 17I production scheduled"
"Goa Board of Secondary and Higher Secondary Education","Class 12","commerce","subj-economics",kok,0,250,ZERO_CONTENT,"Class 12 State Board stream bank unpopulated in prior phase","Targeted Phase 17I production scheduled"
"Goa Board of Secondary and Higher Secondary Education","Class 12","commerce","subj-economics",en,0,250,ZERO_CONTENT,"Class 12 State Board stream bank unpopulated in prior phase","Targeted Phase 17I production scheduled"
"Goa Board of Secondary and Higher Secondary Education","Class 12","humanities","subj-history",kok,0,250,ZERO_CONTENT,"Class 12 State Board stream bank unpopulated in prior phase","Targeted Phase 17I production scheduled"
"Goa Board of Secondary and Higher Secondary Education","Class 12","humanities","subj-history",en,0,250,ZERO_CONTENT,"Class 12 State Board stream bank unpopulated in prior phase","Targeted Phase 17I production scheduled"
"Goa Board of Secondary and Higher Secondary Education","Class 12","humanities","subj-polity",kok,0,250,ZERO_CONTENT,"Class 12 State Board stream bank unpopulated in prior phase","Targeted Phase 17I production scheduled"
"Goa Board of Secondary and Higher Secondary Education","Class 12","humanities","subj-polity",en,0,250,ZERO_CONTENT,"Class 12 State Board stream bank unpopulated in prior phase","Targeted Phase 17I production scheduled"
"Goa Board of Secondary and Higher Secondary Education","Class 12","humanities","subj-geography",kok,0,250,ZERO_CONTENT,"Class 12 State Board stream bank unpopulated in prior phase","Targeted Phase 17I production scheduled"
"Goa Board of Secondary and Higher Secondary Education","Class 12","humanities","subj-geography",en,0,250,ZERO_CONTENT,"Class 12 State Board stream bank unpopulated in prior phase","Targeted Phase 17I production scheduled"
"Goa Board of Secondary and Higher Secondary Education","Class 9","general","subj-science",kok,0,65,ZERO_CONTENT,"Class 9/11 foundational support pending","Targeted Phase 17I production scheduled"
"Goa Board of Secondary and Higher Secondary Education","Class 9","general","subj-science",en,0,65,ZERO_CONTENT,"Class 9/11 foundational support pending","Targeted Phase 17I production scheduled"
"Goa Board of Secondary and Higher Secondary Education","Class 9","general","subj-math",kok,0,65,ZERO_CONTENT,"Class 9/11 foundational support pending","Targeted Phase 17I production scheduled"
"Goa Board of Secondary and Higher Secondary Education","Class 9","general","subj-math",en,0,65,ZERO_CONTENT,"Class 9/11 foundational support pending","Targeted Phase 17I production scheduled"
"Goa Board of Secondary and Higher Secondary Education","Class 9","general","subj-social",kok,0,65,ZERO_CONTENT,"Class 9/11 foundational support pending","Targeted Phase 17I production scheduled"
"Goa Board of Secondary and Higher Secondary Education","Class 9","general","subj-social",en,0,65,ZERO_CONTENT,"Class 9/11 foundational support pending","Targeted Phase 17I production scheduled"
"Goa Board of Secondary and Higher Secondary Education","Class 11","science-pcm","subj-physics",kok,0,65,ZERO_CONTENT,"Class 9/11 foundational support pending","Targeted Phase 17I production scheduled"
"Goa Board of Secondary and Higher Secondary Education","Class 11","science-pcm","subj-physics",en,0,65,ZERO_CONTENT,"Class 9/11 foundational support pending","Targeted Phase 17I production scheduled"
"Goa Board of Secondary and Higher Secondary Education","Class 11","science-pcm","subj-chemistry",kok,0,65,ZERO_CONTENT,"Class 9/11 foundational support pending","Targeted Phase 17I production scheduled"
"Goa Board of Secondary and Higher Secondary Education","Class 11","science-pcm","subj-chemistry",en,0,65,ZERO_CONTENT,"Class 9/11 foundational support pending","Targeted Phase 17I production scheduled"
"Gujarat Board (GSEB SSC 10th & HSC 12th)","Class 10","general","subj-english",gu,0,250,ZERO_CONTENT,"Core subject practice expansion needed","Targeted Phase 17I production scheduled"
"Gujarat Board (GSEB SSC 10th & HSC 12th)","Class 10","general","subj-english",en,0,250,ZERO_CONTENT,"Core subject practice expansion needed","Targeted Phase 17I production scheduled"
"Gujarat Board (GSEB SSC 10th & HSC 12th)","Class 12","science-pcm","subj-physics",gu,0,250,ZERO_CONTENT,"Class 12 State Board stream bank unpopulated in prior phase","Targeted Phase 17I production scheduled"
"Gujarat Board (GSEB SSC 10th & HSC 12th)","Class 12","science-pcm","subj-physics",en,0,250,ZERO_CONTENT,"Class 12 State Board stream bank unpopulated in prior phase","Targeted Phase 17I production scheduled"
"Gujarat Board (GSEB SSC 10th & HSC 12th)","Class 12","science-pcm","subj-chemistry",gu,0,250,ZERO_CONTENT,"Class 12 State Board stream bank unpopulated in prior phase","Targeted Phase 17I production scheduled"
"Gujarat Board (GSEB SSC 10th & HSC 12th)","Class 12","science-pcm","subj-chemistry",en,0,250,ZERO_CONTENT,"Class 12 State Board stream bank unpopulated in prior phase","Targeted Phase 17I production scheduled"
"Gujarat Board (GSEB SSC 10th & HSC 12th)","Class 12","science-pcm","subj-math12",gu,0,250,ZERO_CONTENT,"Class 12 State Board stream bank unpopulated in prior phase","Targeted Phase 17I production scheduled"
"Gujarat Board (GSEB SSC 10th & HSC 12th)","Class 12","science-pcm","subj-math12",en,0,250,ZERO_CONTENT,"Class 12 State Board stream bank unpopulated in prior phase","Targeted Phase 17I production scheduled"
"Gujarat Board (GSEB SSC 10th & HSC 12th)","Class 12","science-pcm","subj-biology",gu,0,250,ZERO_CONTENT,"Class 12 State Board stream bank unpopulated in prior phase","Targeted Phase 17I production scheduled"
"Gujarat Board (GSEB SSC 10th & HSC 12th)","Class 12","science-pcm","subj-biology",en,0,250,ZERO_CONTENT,"Class 12 State Board stream bank unpopulated in prior phase","Targeted Phase 17I production scheduled"
"Gujarat Board (GSEB SSC 10th & HSC 12th)","Class 12","commerce","subj-accountancy",gu,0,250,ZERO_CONTENT,"Class 12 State Board stream bank unpopulated in prior phase","Targeted Phase 17I production scheduled"
"Gujarat Board (GSEB SSC 10th & HSC 12th)","Class 12","commerce","subj-accountancy",en,0,250,ZERO_CONTENT,"Class 12 State Board stream bank unpopulated in prior phase","Targeted Phase 17I production scheduled"
"Gujarat Board (GSEB SSC 10th & HSC 12th)","Class 12","commerce","subj-business",gu,0,250,ZERO_CONTENT,"Class 12 State Board stream bank unpopulated in prior phase","Targeted Phase 17I production scheduled"
"Gujarat Board (GSEB SSC 10th & HSC 12th)","Class 12","commerce","subj-business",en,0,250,ZERO_CONTENT,"Class 12 State Board stream bank unpopulated in prior phase","Targeted Phase 17I production scheduled"
"Gujarat Board (GSEB SSC 10th & HSC 12th)","Class 12","commerce","subj-economics",gu,0,250,ZERO_CONTENT,"Class 12 State Board stream bank unpopulated in prior phase","Targeted Phase 17I production scheduled"
"Gujarat Board (GSEB SSC 10th & HSC 12th)","Class 12","commerce","subj-economics",en,0,250,ZERO_CONTENT,"Class 12 State Board stream bank unpopulated in prior phase","Targeted Phase 17I production scheduled"
"Gujarat Board (GSEB SSC 10th & HSC 12th)","Class 12","humanities","subj-history",gu,0,250,ZERO_CONTENT,"Class 12 State Board stream bank unpopulated in prior phase","Targeted Phase 17I production scheduled"
"Gujarat Board (GSEB SSC 10th & HSC 12th)","Class 12","humanities","subj-history",en,0,250,ZERO_CONTENT,"Class 12 State Board stream bank unpopulated in prior phase","Targeted Phase 17I production scheduled"
"Gujarat Board (GSEB SSC 10th & HSC 12th)","Class 12","humanities","subj-polity",gu,0,250,ZERO_CONTENT,"Class 12 State Board stream bank unpopulated in prior phase","Targeted Phase 17I production scheduled"
"Gujarat Board (GSEB SSC 10th & HSC 12th)","Class 12","humanities","subj-polity",en,0,250,ZERO_CONTENT,"Class 12 State Board stream bank unpopulated in prior phase","Targeted Phase 17I production scheduled"
"Gujarat Board (GSEB SSC 10th & HSC 12th)","Class 12","humanities","subj-geography",gu,0,250,ZERO_CONTENT,"Class 12 State Board stream bank unpopulated in prior phase","Targeted Phase 17I production scheduled"
"Gujarat Board (GSEB SSC 10th & HSC 12th)","Class 12","humanities","subj-geography",en,0,250,ZERO_CONTENT,"Class 12 State Board stream bank unpopulated in prior phase","Targeted Phase 17I production scheduled"
"Gujarat Board (GSEB SSC 10th & HSC 12th)","Class 9","general","subj-science",gu,0,65,ZERO_CONTENT,"Class 9/11 foundational support pending","Targeted Phase 17I production scheduled"
"Gujarat Board (GSEB SSC 10th & HSC 12th)","Class 9","general","subj-science",en,0,65,ZERO_CONTENT,"Class 9/11 foundational support pending","Targeted Phase 17I production scheduled"
"Gujarat Board (GSEB SSC 10th & HSC 12th)","Class 9","general","subj-math",gu,0,65,ZERO_CONTENT,"Class 9/11 foundational support pending","Targeted Phase 17I production scheduled"
"Gujarat Board (GSEB SSC 10th & HSC 12th)","Class 9","general","subj-math",en,0,65,ZERO_CONTENT,"Class 9/11 foundational support pending","Targeted Phase 17I production scheduled"
"Gujarat Board (GSEB SSC 10th & HSC 12th)","Class 9","general","subj-social",gu,0,65,ZERO_CONTENT,"Class 9/11 foundational support pending","Targeted Phase 17I production scheduled"
"Gujarat Board (GSEB SSC 10th & HSC 12th)","Class 9","general","subj-social",en,0,65,ZERO_CONTENT,"Class 9/11 foundational support pending","Targeted Phase 17I production scheduled"
"Gujarat Board (GSEB SSC 10th & HSC 12th)","Class 11","science-pcm","subj-physics",gu,0,65,ZERO_CONTENT,"Class 9/11 foundational support pending","Targeted Phase 17I production scheduled"
"Gujarat Board (GSEB SSC 10th & HSC 12th)","Class 11","science-pcm","subj-physics",en,0,65,ZERO_CONTENT,"Class 9/11 foundational support pending","Targeted Phase 17I production scheduled"
"Gujarat Board (GSEB SSC 10th & HSC 12th)","Class 11","science-pcm","subj-chemistry",gu,0,65,ZERO_CONTENT,"Class 9/11 foundational support pending","Targeted Phase 17I production scheduled"
"Gujarat Board (GSEB SSC 10th & HSC 12th)","Class 11","science-pcm","subj-chemistry",en,0,65,ZERO_CONTENT,"Class 9/11 foundational support pending","Targeted Phase 17I production scheduled"
"Himachal Pradesh Board of School Education","Class 10","general","subj-hindi",hi,200,250,LOW_CONTENT,"Core subject practice expansion needed","Targeted Phase 17I production scheduled"
"Himachal Pradesh Board of School Education","Class 10","general","subj-hindi",en,200,250,LOW_CONTENT,"Core subject practice expansion needed","Targeted Phase 17I production scheduled"
"Himachal Pradesh Board of School Education","Class 10","general","subj-science",hi,200,250,LOW_CONTENT,"Core subject practice expansion needed","Targeted Phase 17I production scheduled"
"Himachal Pradesh Board of School Education","Class 10","general","subj-science",en,200,250,LOW_CONTENT,"Core subject practice expansion needed","Targeted Phase 17I production scheduled"
"Himachal Pradesh Board of School Education","Class 10","general","subj-math",hi,200,250,LOW_CONTENT,"Core subject practice expansion needed","Targeted Phase 17I production scheduled"
"Himachal Pradesh Board of School Education","Class 10","general","subj-math",en,200,250,LOW_CONTENT,"Core subject practice expansion needed","Targeted Phase 17I production scheduled"
"Himachal Pradesh Board of School Education","Class 10","general","subj-social",hi,200,250,LOW_CONTENT,"Core subject practice expansion needed","Targeted Phase 17I production scheduled"
"Himachal Pradesh Board of School Education","Class 10","general","subj-social",en,200,250,LOW_CONTENT,"Core subject practice expansion needed","Targeted Phase 17I production scheduled"
"Himachal Pradesh Board of School Education","Class 10","general","subj-english",hi,0,250,ZERO_CONTENT,"Core subject practice expansion needed","Targeted Phase 17I production scheduled"
"Himachal Pradesh Board of School Education","Class 10","general","subj-english",en,0,250,ZERO_CONTENT,"Core subject practice expansion needed","Targeted Phase 17I production scheduled"
"Himachal Pradesh Board of School Education","Class 12","science-pcm","subj-physics",hi,0,250,ZERO_CONTENT,"Class 12 State Board stream bank unpopulated in prior phase","Targeted Phase 17I production scheduled"
"Himachal Pradesh Board of School Education","Class 12","science-pcm","subj-physics",en,0,250,ZERO_CONTENT,"Class 12 State Board stream bank unpopulated in prior phase","Targeted Phase 17I production scheduled"
"Himachal Pradesh Board of School Education","Class 12","science-pcm","subj-chemistry",hi,0,250,ZERO_CONTENT,"Class 12 State Board stream bank unpopulated in prior phase","Targeted Phase 17I production scheduled"
"Himachal Pradesh Board of School Education","Class 12","science-pcm","subj-chemistry",en,0,250,ZERO_CONTENT,"Class 12 State Board stream bank unpopulated in prior phase","Targeted Phase 17I production scheduled"
"Himachal Pradesh Board of School Education","Class 12","science-pcm","subj-math12",hi,0,250,ZERO_CONTENT,"Class 12 State Board stream bank unpopulated in prior phase","Targeted Phase 17I production scheduled"
"Himachal Pradesh Board of School Education","Class 12","science-pcm","subj-math12",en,0,250,ZERO_CONTENT,"Class 12 State Board stream bank unpopulated in prior phase","Targeted Phase 17I production scheduled"
"Himachal Pradesh Board of School Education","Class 12","science-pcm","subj-biology",hi,0,250,ZERO_CONTENT,"Class 12 State Board stream bank unpopulated in prior phase","Targeted Phase 17I production scheduled"
"Himachal Pradesh Board of School Education","Class 12","science-pcm","subj-biology",en,0,250,ZERO_CONTENT,"Class 12 State Board stream bank unpopulated in prior phase","Targeted Phase 17I production scheduled"
"Himachal Pradesh Board of School Education","Class 12","commerce","subj-accountancy",hi,0,250,ZERO_CONTENT,"Class 12 State Board stream bank unpopulated in prior phase","Targeted Phase 17I production scheduled"
"Himachal Pradesh Board of School Education","Class 12","commerce","subj-accountancy",en,0,250,ZERO_CONTENT,"Class 12 State Board stream bank unpopulated in prior phase","Targeted Phase 17I production scheduled"
"Himachal Pradesh Board of School Education","Class 12","commerce","subj-business",hi,0,250,ZERO_CONTENT,"Class 12 State Board stream bank unpopulated in prior phase","Targeted Phase 17I production scheduled"
"Himachal Pradesh Board of School Education","Class 12","commerce","subj-business",en,0,250,ZERO_CONTENT,"Class 12 State Board stream bank unpopulated in prior phase","Targeted Phase 17I production scheduled"
"Himachal Pradesh Board of School Education","Class 12","commerce","subj-economics",hi,0,250,ZERO_CONTENT,"Class 12 State Board stream bank unpopulated in prior phase","Targeted Phase 17I production scheduled"
"Himachal Pradesh Board of School Education","Class 12","commerce","subj-economics",en,0,250,ZERO_CONTENT,"Class 12 State Board stream bank unpopulated in prior phase","Targeted Phase 17I production scheduled"
"Himachal Pradesh Board of School Education","Class 12","humanities","subj-history",hi,0,250,ZERO_CONTENT,"Class 12 State Board stream bank unpopulated in prior phase","Targeted Phase 17I production scheduled"
"Himachal Pradesh Board of School Education","Class 12","humanities","subj-history",en,0,250,ZERO_CONTENT,"Class 12 State Board stream bank unpopulated in prior phase","Targeted Phase 17I production scheduled"
"Himachal Pradesh Board of School Education","Class 12","humanities","subj-polity",hi,0,250,ZERO_CONTENT,"Class 12 State Board stream bank unpopulated in prior phase","Targeted Phase 17I production scheduled"
"Himachal Pradesh Board of School Education","Class 12","humanities","subj-polity",en,0,250,ZERO_CONTENT,"Class 12 State Board stream bank unpopulated in prior phase","Targeted Phase 17I production scheduled"
"Himachal Pradesh Board of School Education","Class 12","humanities","subj-geography",hi,0,250,ZERO_CONTENT,"Class 12 State Board stream bank unpopulated in prior phase","Targeted Phase 17I production scheduled"
"Himachal Pradesh Board of School Education","Class 12","humanities","subj-geography",en,0,250,ZERO_CONTENT,"Class 12 State Board stream bank unpopulated in prior phase","Targeted Phase 17I production scheduled"
"Himachal Pradesh Board of School Education","Class 9","general","subj-science",hi,0,65,ZERO_CONTENT,"Class 9/11 foundational support pending","Targeted Phase 17I production scheduled"
"Himachal Pradesh Board of School Education","Class 9","general","subj-science",en,0,65,ZERO_CONTENT,"Class 9/11 foundational support pending","Targeted Phase 17I production scheduled"
"Himachal Pradesh Board of School Education","Class 9","general","subj-math",hi,0,65,ZERO_CONTENT,"Class 9/11 foundational support pending","Targeted Phase 17I production scheduled"
"Himachal Pradesh Board of School Education","Class 9","general","subj-math",en,0,65,ZERO_CONTENT,"Class 9/11 foundational support pending","Targeted Phase 17I production scheduled"
"Himachal Pradesh Board of School Education","Class 9","general","subj-social",hi,0,65,ZERO_CONTENT,"Class 9/11 foundational support pending","Targeted Phase 17I production scheduled"
"Himachal Pradesh Board of School Education","Class 9","general","subj-social",en,0,65,ZERO_CONTENT,"Class 9/11 foundational support pending","Targeted Phase 17I production scheduled"
"Himachal Pradesh Board of School Education","Class 11","science-pcm","subj-physics",hi,0,65,ZERO_CONTENT,"Class 9/11 foundational support pending","Targeted Phase 17I production scheduled"
"Himachal Pradesh Board of School Education","Class 11","science-pcm","subj-physics",en,0,65,ZERO_CONTENT,"Class 9/11 foundational support pending","Targeted Phase 17I production scheduled"
"Himachal Pradesh Board of School Education","Class 11","science-pcm","subj-chemistry",hi,0,65,ZERO_CONTENT,"Class 9/11 foundational support pending","Targeted Phase 17I production scheduled"
"Himachal Pradesh Board of School Education","Class 11","science-pcm","subj-chemistry",en,0,65,ZERO_CONTENT,"Class 9/11 foundational support pending","Targeted Phase 17I production scheduled"
"ICSE & ISC Board (Class 10th & 12th)","Class 10","general","subj-hindi",hi,0,250,ZERO_CONTENT,"Core subject practice expansion needed","Targeted Phase 17I production scheduled"
"ICSE & ISC Board (Class 10th & 12th)","Class 10","general","subj-hindi",en,0,250,ZERO_CONTENT,"Core subject practice expansion needed","Targeted Phase 17I production scheduled"
"ICSE & ISC Board (Class 10th & 12th)","Class 10","general","subj-science",hi,0,250,ZERO_CONTENT,"Core subject practice expansion needed","Targeted Phase 17I production scheduled"
"ICSE & ISC Board (Class 10th & 12th)","Class 10","general","subj-math",hi,0,250,ZERO_CONTENT,"Core subject practice expansion needed","Targeted Phase 17I production scheduled"
"ICSE & ISC Board (Class 10th & 12th)","Class 10","general","subj-social",hi,0,250,ZERO_CONTENT,"Core subject practice expansion needed","Targeted Phase 17I production scheduled"
"ICSE & ISC Board (Class 10th & 12th)","Class 10","general","subj-social",en,200,250,LOW_CONTENT,"Core subject practice expansion needed","Targeted Phase 17I production scheduled"
"ICSE & ISC Board (Class 10th & 12th)","Class 10","general","subj-english",hi,0,250,ZERO_CONTENT,"Core subject practice expansion needed","Targeted Phase 17I production scheduled"
"ICSE & ISC Board (Class 10th & 12th)","Class 10","general","subj-english",en,200,250,LOW_CONTENT,"Core subject practice expansion needed","Targeted Phase 17I production scheduled"
"ICSE & ISC Board (Class 10th & 12th)","Class 12","science-pcm","subj-physics",hi,0,250,ZERO_CONTENT,"Class 12 State Board stream bank unpopulated in prior phase","Targeted Phase 17I production scheduled"
"ICSE & ISC Board (Class 10th & 12th)","Class 12","science-pcm","subj-physics",en,0,250,ZERO_CONTENT,"Class 12 State Board stream bank unpopulated in prior phase","Targeted Phase 17I production scheduled"
"ICSE & ISC Board (Class 10th & 12th)","Class 12","science-pcm","subj-chemistry",hi,0,250,ZERO_CONTENT,"Class 12 State Board stream bank unpopulated in prior phase","Targeted Phase 17I production scheduled"
"ICSE & ISC Board (Class 10th & 12th)","Class 12","science-pcm","subj-chemistry",en,0,250,ZERO_CONTENT,"Class 12 State Board stream bank unpopulated in prior phase","Targeted Phase 17I production scheduled"
"ICSE & ISC Board (Class 10th & 12th)","Class 12","science-pcm","subj-math12",hi,0,250,ZERO_CONTENT,"Class 12 State Board stream bank unpopulated in prior phase","Targeted Phase 17I production scheduled"
"ICSE & ISC Board (Class 10th & 12th)","Class 12","science-pcm","subj-math12",en,0,250,ZERO_CONTENT,"Class 12 State Board stream bank unpopulated in prior phase","Targeted Phase 17I production scheduled"
"ICSE & ISC Board (Class 10th & 12th)","Class 12","science-pcm","subj-biology",hi,0,250,ZERO_CONTENT,"Class 12 State Board stream bank unpopulated in prior phase","Targeted Phase 17I production scheduled"
"ICSE & ISC Board (Class 10th & 12th)","Class 12","science-pcm","subj-biology",en,0,250,ZERO_CONTENT,"Class 12 State Board stream bank unpopulated in prior phase","Targeted Phase 17I production scheduled"
"ICSE & ISC Board (Class 10th & 12th)","Class 12","commerce","subj-accountancy",hi,0,250,ZERO_CONTENT,"Class 12 State Board stream bank unpopulated in prior phase","Targeted Phase 17I production scheduled"
"ICSE & ISC Board (Class 10th & 12th)","Class 12","commerce","subj-accountancy",en,0,250,ZERO_CONTENT,"Class 12 State Board stream bank unpopulated in prior phase","Targeted Phase 17I production scheduled"
"ICSE & ISC Board (Class 10th & 12th)","Class 12","commerce","subj-business",hi,0,250,ZERO_CONTENT,"Class 12 State Board stream bank unpopulated in prior phase","Targeted Phase 17I production scheduled"
"ICSE & ISC Board (Class 10th & 12th)","Class 12","commerce","subj-business",en,0,250,ZERO_CONTENT,"Class 12 State Board stream bank unpopulated in prior phase","Targeted Phase 17I production scheduled"
"ICSE & ISC Board (Class 10th & 12th)","Class 12","commerce","subj-economics",hi,0,250,ZERO_CONTENT,"Class 12 State Board stream bank unpopulated in prior phase","Targeted Phase 17I production scheduled"
"ICSE & ISC Board (Class 10th & 12th)","Class 12","commerce","subj-economics",en,0,250,ZERO_CONTENT,"Class 12 State Board stream bank unpopulated in prior phase","Targeted Phase 17I production scheduled"
"ICSE & ISC Board (Class 10th & 12th)","Class 12","humanities","subj-history",hi,0,250,ZERO_CONTENT,"Class 12 State Board stream bank unpopulated in prior phase","Targeted Phase 17I production scheduled"
"ICSE & ISC Board (Class 10th & 12th)","Class 12","humanities","subj-history",en,0,250,ZERO_CONTENT,"Class 12 State Board stream bank unpopulated in prior phase","Targeted Phase 17I production scheduled"
"ICSE & ISC Board (Class 10th & 12th)","Class 12","humanities","subj-polity",hi,0,250,ZERO_CONTENT,"Class 12 State Board stream bank unpopulated in prior phase","Targeted Phase 17I production scheduled"
"ICSE & ISC Board (Class 10th & 12th)","Class 12","humanities","subj-polity",en,0,250,ZERO_CONTENT,"Class 12 State Board stream bank unpopulated in prior phase","Targeted Phase 17I production scheduled"
"ICSE & ISC Board (Class 10th & 12th)","Class 12","humanities","subj-geography",hi,0,250,ZERO_CONTENT,"Class 12 State Board stream bank unpopulated in prior phase","Targeted Phase 17I production scheduled"
"ICSE & ISC Board (Class 10th & 12th)","Class 12","humanities","subj-geography",en,0,250,ZERO_CONTENT,"Class 12 State Board stream bank unpopulated in prior phase","Targeted Phase 17I production scheduled"
"ICSE & ISC Board (Class 10th & 12th)","Class 9","general","subj-science",hi,0,65,ZERO_CONTENT,"Class 9/11 foundational support pending","Targeted Phase 17I production scheduled"
"ICSE & ISC Board (Class 10th & 12th)","Class 9","general","subj-science",en,0,65,ZERO_CONTENT,"Class 9/11 foundational support pending","Targeted Phase 17I production scheduled"
"ICSE & ISC Board (Class 10th & 12th)","Class 9","general","subj-math",hi,0,65,ZERO_CONTENT,"Class 9/11 foundational support pending","Targeted Phase 17I production scheduled"
"ICSE & ISC Board (Class 10th & 12th)","Class 9","general","subj-math",en,0,65,ZERO_CONTENT,"Class 9/11 foundational support pending","Targeted Phase 17I production scheduled"
"ICSE & ISC Board (Class 10th & 12th)","Class 9","general","subj-social",hi,0,65,ZERO_CONTENT,"Class 9/11 foundational support pending","Targeted Phase 17I production scheduled"
"ICSE & ISC Board (Class 10th & 12th)","Class 9","general","subj-social",en,0,65,ZERO_CONTENT,"Class 9/11 foundational support pending","Targeted Phase 17I production scheduled"
"ICSE & ISC Board (Class 10th & 12th)","Class 11","science-pcm","subj-physics",hi,0,65,ZERO_CONTENT,"Class 9/11 foundational support pending","Targeted Phase 17I production scheduled"
"ICSE & ISC Board (Class 10th & 12th)","Class 11","science-pcm","subj-physics",en,0,65,ZERO_CONTENT,"Class 9/11 foundational support pending","Targeted Phase 17I production scheduled"
"ICSE & ISC Board (Class 10th & 12th)","Class 11","science-pcm","subj-chemistry",hi,0,65,ZERO_CONTENT,"Class 9/11 foundational support pending","Targeted Phase 17I production scheduled"
"ICSE & ISC Board (Class 10th & 12th)","Class 11","science-pcm","subj-chemistry",en,0,65,ZERO_CONTENT,"Class 9/11 foundational support pending","Targeted Phase 17I production scheduled"
"Jharkhand Board (JAC Ranchi Matric 10th & Inter 12th)","Class 10","general","subj-hindi",hi,200,250,LOW_CONTENT,"Core subject practice expansion needed","Targeted Phase 17I production scheduled"
"Jharkhand Board (JAC Ranchi Matric 10th & Inter 12th)","Class 10","general","subj-hindi",en,200,250,LOW_CONTENT,"Core subject practice expansion needed","Targeted Phase 17I production scheduled"
"Jharkhand Board (JAC Ranchi Matric 10th & Inter 12th)","Class 10","general","subj-science",hi,200,250,LOW_CONTENT,"Core subject practice expansion needed","Targeted Phase 17I production scheduled"
"Jharkhand Board (JAC Ranchi Matric 10th & Inter 12th)","Class 10","general","subj-science",en,200,250,LOW_CONTENT,"Core subject practice expansion needed","Targeted Phase 17I production scheduled"
"Jharkhand Board (JAC Ranchi Matric 10th & Inter 12th)","Class 10","general","subj-math",hi,200,250,LOW_CONTENT,"Core subject practice expansion needed","Targeted Phase 17I production scheduled"
"Jharkhand Board (JAC Ranchi Matric 10th & Inter 12th)","Class 10","general","subj-math",en,200,250,LOW_CONTENT,"Core subject practice expansion needed","Targeted Phase 17I production scheduled"
"Jharkhand Board (JAC Ranchi Matric 10th & Inter 12th)","Class 10","general","subj-social",hi,200,250,LOW_CONTENT,"Core subject practice expansion needed","Targeted Phase 17I production scheduled"
"Jharkhand Board (JAC Ranchi Matric 10th & Inter 12th)","Class 10","general","subj-social",en,200,250,LOW_CONTENT,"Core subject practice expansion needed","Targeted Phase 17I production scheduled"
"Jharkhand Board (JAC Ranchi Matric 10th & Inter 12th)","Class 10","general","subj-english",hi,0,250,ZERO_CONTENT,"Core subject practice expansion needed","Targeted Phase 17I production scheduled"
"Jharkhand Board (JAC Ranchi Matric 10th & Inter 12th)","Class 10","general","subj-english",en,0,250,ZERO_CONTENT,"Core subject practice expansion needed","Targeted Phase 17I production scheduled"
"Jharkhand Board (JAC Ranchi Matric 10th & Inter 12th)","Class 12","science-pcm","subj-physics",hi,0,250,ZERO_CONTENT,"Class 12 State Board stream bank unpopulated in prior phase","Targeted Phase 17I production scheduled"
"Jharkhand Board (JAC Ranchi Matric 10th & Inter 12th)","Class 12","science-pcm","subj-physics",en,0,250,ZERO_CONTENT,"Class 12 State Board stream bank unpopulated in prior phase","Targeted Phase 17I production scheduled"
"Jharkhand Board (JAC Ranchi Matric 10th & Inter 12th)","Class 12","science-pcm","subj-chemistry",hi,0,250,ZERO_CONTENT,"Class 12 State Board stream bank unpopulated in prior phase","Targeted Phase 17I production scheduled"
"Jharkhand Board (JAC Ranchi Matric 10th & Inter 12th)","Class 12","science-pcm","subj-chemistry",en,0,250,ZERO_CONTENT,"Class 12 State Board stream bank unpopulated in prior phase","Targeted Phase 17I production scheduled"
"Jharkhand Board (JAC Ranchi Matric 10th & Inter 12th)","Class 12","science-pcm","subj-math12",hi,0,250,ZERO_CONTENT,"Class 12 State Board stream bank unpopulated in prior phase","Targeted Phase 17I production scheduled"
"Jharkhand Board (JAC Ranchi Matric 10th & Inter 12th)","Class 12","science-pcm","subj-math12",en,0,250,ZERO_CONTENT,"Class 12 State Board stream bank unpopulated in prior phase","Targeted Phase 17I production scheduled"
"Jharkhand Board (JAC Ranchi Matric 10th & Inter 12th)","Class 12","science-pcm","subj-biology",hi,0,250,ZERO_CONTENT,"Class 12 State Board stream bank unpopulated in prior phase","Targeted Phase 17I production scheduled"
"Jharkhand Board (JAC Ranchi Matric 10th & Inter 12th)","Class 12","science-pcm","subj-biology",en,0,250,ZERO_CONTENT,"Class 12 State Board stream bank unpopulated in prior phase","Targeted Phase 17I production scheduled"
"Jharkhand Board (JAC Ranchi Matric 10th & Inter 12th)","Class 12","commerce","subj-accountancy",hi,0,250,ZERO_CONTENT,"Class 12 State Board stream bank unpopulated in prior phase","Targeted Phase 17I production scheduled"
"Jharkhand Board (JAC Ranchi Matric 10th & Inter 12th)","Class 12","commerce","subj-accountancy",en,0,250,ZERO_CONTENT,"Class 12 State Board stream bank unpopulated in prior phase","Targeted Phase 17I production scheduled"
"Jharkhand Board (JAC Ranchi Matric 10th & Inter 12th)","Class 12","commerce","subj-business",hi,0,250,ZERO_CONTENT,"Class 12 State Board stream bank unpopulated in prior phase","Targeted Phase 17I production scheduled"
"Jharkhand Board (JAC Ranchi Matric 10th & Inter 12th)","Class 12","commerce","subj-business",en,0,250,ZERO_CONTENT,"Class 12 State Board stream bank unpopulated in prior phase","Targeted Phase 17I production scheduled"
"Jharkhand Board (JAC Ranchi Matric 10th & Inter 12th)","Class 12","commerce","subj-economics",hi,0,250,ZERO_CONTENT,"Class 12 State Board stream bank unpopulated in prior phase","Targeted Phase 17I production scheduled"
"Jharkhand Board (JAC Ranchi Matric 10th & Inter 12th)","Class 12","commerce","subj-economics",en,0,250,ZERO_CONTENT,"Class 12 State Board stream bank unpopulated in prior phase","Targeted Phase 17I production scheduled"
"Jharkhand Board (JAC Ranchi Matric 10th & Inter 12th)","Class 12","humanities","subj-history",hi,0,250,ZERO_CONTENT,"Class 12 State Board stream bank unpopulated in prior phase","Targeted Phase 17I production scheduled"
"Jharkhand Board (JAC Ranchi Matric 10th & Inter 12th)","Class 12","humanities","subj-history",en,0,250,ZERO_CONTENT,"Class 12 State Board stream bank unpopulated in prior phase","Targeted Phase 17I production scheduled"
"Jharkhand Board (JAC Ranchi Matric 10th & Inter 12th)","Class 12","humanities","subj-polity",hi,0,250,ZERO_CONTENT,"Class 12 State Board stream bank unpopulated in prior phase","Targeted Phase 17I production scheduled"
"Jharkhand Board (JAC Ranchi Matric 10th & Inter 12th)","Class 12","humanities","subj-polity",en,0,250,ZERO_CONTENT,"Class 12 State Board stream bank unpopulated in prior phase","Targeted Phase 17I production scheduled"
"Jharkhand Board (JAC Ranchi Matric 10th & Inter 12th)","Class 12","humanities","subj-geography",hi,0,250,ZERO_CONTENT,"Class 12 State Board stream bank unpopulated in prior phase","Targeted Phase 17I production scheduled"
"Jharkhand Board (JAC Ranchi Matric 10th & Inter 12th)","Class 12","humanities","subj-geography",en,0,250,ZERO_CONTENT,"Class 12 State Board stream bank unpopulated in prior phase","Targeted Phase 17I production scheduled"
"Jharkhand Board (JAC Ranchi Matric 10th & Inter 12th)","Class 9","general","subj-science",hi,0,65,ZERO_CONTENT,"Class 9/11 foundational support pending","Targeted Phase 17I production scheduled"
"Jharkhand Board (JAC Ranchi Matric 10th & Inter 12th)","Class 9","general","subj-science",en,0,65,ZERO_CONTENT,"Class 9/11 foundational support pending","Targeted Phase 17I production scheduled"
"Jharkhand Board (JAC Ranchi Matric 10th & Inter 12th)","Class 9","general","subj-math",hi,0,65,ZERO_CONTENT,"Class 9/11 foundational support pending","Targeted Phase 17I production scheduled"
"Jharkhand Board (JAC Ranchi Matric 10th & Inter 12th)","Class 9","general","subj-math",en,0,65,ZERO_CONTENT,"Class 9/11 foundational support pending","Targeted Phase 17I production scheduled"
"Jharkhand Board (JAC Ranchi Matric 10th & Inter 12th)","Class 9","general","subj-social",hi,0,65,ZERO_CONTENT,"Class 9/11 foundational support pending","Targeted Phase 17I production scheduled"
"Jharkhand Board (JAC Ranchi Matric 10th & Inter 12th)","Class 9","general","subj-social",en,0,65,ZERO_CONTENT,"Class 9/11 foundational support pending","Targeted Phase 17I production scheduled"
"Jharkhand Board (JAC Ranchi Matric 10th & Inter 12th)","Class 11","science-pcm","subj-physics",hi,0,65,ZERO_CONTENT,"Class 9/11 foundational support pending","Targeted Phase 17I production scheduled"
"Jharkhand Board (JAC Ranchi Matric 10th & Inter 12th)","Class 11","science-pcm","subj-physics",en,0,65,ZERO_CONTENT,"Class 9/11 foundational support pending","Targeted Phase 17I production scheduled"
"Jharkhand Board (JAC Ranchi Matric 10th & Inter 12th)","Class 11","science-pcm","subj-chemistry",hi,0,65,ZERO_CONTENT,"Class 9/11 foundational support pending","Targeted Phase 17I production scheduled"
"Jharkhand Board (JAC Ranchi Matric 10th & Inter 12th)","Class 11","science-pcm","subj-chemistry",en,0,65,ZERO_CONTENT,"Class 9/11 foundational support pending","Targeted Phase 17I production scheduled"
"Jammu & Kashmir Board of School Education","Class 10","general","subj-urdu",ur,40,250,LOW_CONTENT,"Core subject practice expansion needed","Targeted Phase 17I production scheduled"
"Jammu & Kashmir Board of School Education","Class 10","general","subj-urdu",en,200,250,LOW_CONTENT,"Core subject practice expansion needed","Targeted Phase 17I production scheduled"
"Jammu & Kashmir Board of School Education","Class 10","general","subj-science",ur,40,250,LOW_CONTENT,"Core subject practice expansion needed","Targeted Phase 17I production scheduled"
"Jammu & Kashmir Board of School Education","Class 10","general","subj-science",en,200,250,LOW_CONTENT,"Core subject practice expansion needed","Targeted Phase 17I production scheduled"
"Jammu & Kashmir Board of School Education","Class 10","general","subj-math",ur,40,250,LOW_CONTENT,"Core subject practice expansion needed","Targeted Phase 17I production scheduled"
"Jammu & Kashmir Board of School Education","Class 10","general","subj-math",en,200,250,LOW_CONTENT,"Core subject practice expansion needed","Targeted Phase 17I production scheduled"
"Jammu & Kashmir Board of School Education","Class 10","general","subj-social",ur,0,250,ZERO_CONTENT,"Core subject practice expansion needed","Targeted Phase 17I production scheduled"
"Jammu & Kashmir Board of School Education","Class 10","general","subj-social",en,0,250,ZERO_CONTENT,"Core subject practice expansion needed","Targeted Phase 17I production scheduled"
"Jammu & Kashmir Board of School Education","Class 10","general","subj-english",ur,40,250,LOW_CONTENT,"Core subject practice expansion needed","Targeted Phase 17I production scheduled"
"Jammu & Kashmir Board of School Education","Class 10","general","subj-english",en,200,250,LOW_CONTENT,"Core subject practice expansion needed","Targeted Phase 17I production scheduled"
"Jammu & Kashmir Board of School Education","Class 12","science-pcm","subj-physics",ur,0,250,ZERO_CONTENT,"Class 12 State Board stream bank unpopulated in prior phase","Targeted Phase 17I production scheduled"
"Jammu & Kashmir Board of School Education","Class 12","science-pcm","subj-physics",en,0,250,ZERO_CONTENT,"Class 12 State Board stream bank unpopulated in prior phase","Targeted Phase 17I production scheduled"
"Jammu & Kashmir Board of School Education","Class 12","science-pcm","subj-chemistry",ur,0,250,ZERO_CONTENT,"Class 12 State Board stream bank unpopulated in prior phase","Targeted Phase 17I production scheduled"
"Jammu & Kashmir Board of School Education","Class 12","science-pcm","subj-chemistry",en,0,250,ZERO_CONTENT,"Class 12 State Board stream bank unpopulated in prior phase","Targeted Phase 17I production scheduled"
"Jammu & Kashmir Board of School Education","Class 12","science-pcm","subj-math12",ur,0,250,ZERO_CONTENT,"Class 12 State Board stream bank unpopulated in prior phase","Targeted Phase 17I production scheduled"
"Jammu & Kashmir Board of School Education","Class 12","science-pcm","subj-math12",en,0,250,ZERO_CONTENT,"Class 12 State Board stream bank unpopulated in prior phase","Targeted Phase 17I production scheduled"
"Jammu & Kashmir Board of School Education","Class 12","science-pcm","subj-biology",ur,0,250,ZERO_CONTENT,"Class 12 State Board stream bank unpopulated in prior phase","Targeted Phase 17I production scheduled"
"Jammu & Kashmir Board of School Education","Class 12","science-pcm","subj-biology",en,0,250,ZERO_CONTENT,"Class 12 State Board stream bank unpopulated in prior phase","Targeted Phase 17I production scheduled"
"Jammu & Kashmir Board of School Education","Class 12","commerce","subj-accountancy",ur,0,250,ZERO_CONTENT,"Class 12 State Board stream bank unpopulated in prior phase","Targeted Phase 17I production scheduled"
"Jammu & Kashmir Board of School Education","Class 12","commerce","subj-accountancy",en,0,250,ZERO_CONTENT,"Class 12 State Board stream bank unpopulated in prior phase","Targeted Phase 17I production scheduled"
"Jammu & Kashmir Board of School Education","Class 12","commerce","subj-business",ur,0,250,ZERO_CONTENT,"Class 12 State Board stream bank unpopulated in prior phase","Targeted Phase 17I production scheduled"
"Jammu & Kashmir Board of School Education","Class 12","commerce","subj-business",en,0,250,ZERO_CONTENT,"Class 12 State Board stream bank unpopulated in prior phase","Targeted Phase 17I production scheduled"
"Jammu & Kashmir Board of School Education","Class 12","commerce","subj-economics",ur,0,250,ZERO_CONTENT,"Class 12 State Board stream bank unpopulated in prior phase","Targeted Phase 17I production scheduled"
"Jammu & Kashmir Board of School Education","Class 12","commerce","subj-economics",en,0,250,ZERO_CONTENT,"Class 12 State Board stream bank unpopulated in prior phase","Targeted Phase 17I production scheduled"
"Jammu & Kashmir Board of School Education","Class 12","humanities","subj-history",ur,0,250,ZERO_CONTENT,"Class 12 State Board stream bank unpopulated in prior phase","Targeted Phase 17I production scheduled"
"Jammu & Kashmir Board of School Education","Class 12","humanities","subj-history",en,0,250,ZERO_CONTENT,"Class 12 State Board stream bank unpopulated in prior phase","Targeted Phase 17I production scheduled"
"Jammu & Kashmir Board of School Education","Class 12","humanities","subj-polity",ur,0,250,ZERO_CONTENT,"Class 12 State Board stream bank unpopulated in prior phase","Targeted Phase 17I production scheduled"
"Jammu & Kashmir Board of School Education","Class 12","humanities","subj-polity",en,0,250,ZERO_CONTENT,"Class 12 State Board stream bank unpopulated in prior phase","Targeted Phase 17I production scheduled"
"Jammu & Kashmir Board of School Education","Class 12","humanities","subj-geography",ur,0,250,ZERO_CONTENT,"Class 12 State Board stream bank unpopulated in prior phase","Targeted Phase 17I production scheduled"
"Jammu & Kashmir Board of School Education","Class 12","humanities","subj-geography",en,0,250,ZERO_CONTENT,"Class 12 State Board stream bank unpopulated in prior phase","Targeted Phase 17I production scheduled"
"Jammu & Kashmir Board of School Education","Class 9","general","subj-science",ur,0,65,ZERO_CONTENT,"Class 9/11 foundational support pending","Targeted Phase 17I production scheduled"
"Jammu & Kashmir Board of School Education","Class 9","general","subj-science",en,0,65,ZERO_CONTENT,"Class 9/11 foundational support pending","Targeted Phase 17I production scheduled"
"Jammu & Kashmir Board of School Education","Class 9","general","subj-math",ur,0,65,ZERO_CONTENT,"Class 9/11 foundational support pending","Targeted Phase 17I production scheduled"
"Jammu & Kashmir Board of School Education","Class 9","general","subj-math",en,0,65,ZERO_CONTENT,"Class 9/11 foundational support pending","Targeted Phase 17I production scheduled"
"Jammu & Kashmir Board of School Education","Class 9","general","subj-social",ur,0,65,ZERO_CONTENT,"Class 9/11 foundational support pending","Targeted Phase 17I production scheduled"
"Jammu & Kashmir Board of School Education","Class 9","general","subj-social",en,0,65,ZERO_CONTENT,"Class 9/11 foundational support pending","Targeted Phase 17I production scheduled"
"Jammu & Kashmir Board of School Education","Class 11","science-pcm","subj-physics",ur,0,65,ZERO_CONTENT,"Class 9/11 foundational support pending","Targeted Phase 17I production scheduled"
"Jammu & Kashmir Board of School Education","Class 11","science-pcm","subj-physics",en,0,65,ZERO_CONTENT,"Class 9/11 foundational support pending","Targeted Phase 17I production scheduled"
"Jammu & Kashmir Board of School Education","Class 11","science-pcm","subj-chemistry",ur,0,65,ZERO_CONTENT,"Class 9/11 foundational support pending","Targeted Phase 17I production scheduled"
"Jammu & Kashmir Board of School Education","Class 11","science-pcm","subj-chemistry",en,0,65,ZERO_CONTENT,"Class 9/11 foundational support pending","Targeted Phase 17I production scheduled"
"Kerala Directorate of General Education & Pareeksha Bhavan","Class 10","general","subj-english",ml,0,250,ZERO_CONTENT,"Core subject practice expansion needed","Targeted Phase 17I production scheduled"
"Kerala Directorate of General Education & Pareeksha Bhavan","Class 10","general","subj-english",en,0,250,ZERO_CONTENT,"Core subject practice expansion needed","Targeted Phase 17I production scheduled"
"Kerala Directorate of General Education & Pareeksha Bhavan","Class 12","science-pcm","subj-physics",ml,0,250,ZERO_CONTENT,"Class 12 State Board stream bank unpopulated in prior phase","Targeted Phase 17I production scheduled"
"Kerala Directorate of General Education & Pareeksha Bhavan","Class 12","science-pcm","subj-physics",en,0,250,ZERO_CONTENT,"Class 12 State Board stream bank unpopulated in prior phase","Targeted Phase 17I production scheduled"
"Kerala Directorate of General Education & Pareeksha Bhavan","Class 12","science-pcm","subj-chemistry",ml,0,250,ZERO_CONTENT,"Class 12 State Board stream bank unpopulated in prior phase","Targeted Phase 17I production scheduled"
"Kerala Directorate of General Education & Pareeksha Bhavan","Class 12","science-pcm","subj-chemistry",en,0,250,ZERO_CONTENT,"Class 12 State Board stream bank unpopulated in prior phase","Targeted Phase 17I production scheduled"
"Kerala Directorate of General Education & Pareeksha Bhavan","Class 12","science-pcm","subj-math12",ml,0,250,ZERO_CONTENT,"Class 12 State Board stream bank unpopulated in prior phase","Targeted Phase 17I production scheduled"
"Kerala Directorate of General Education & Pareeksha Bhavan","Class 12","science-pcm","subj-math12",en,0,250,ZERO_CONTENT,"Class 12 State Board stream bank unpopulated in prior phase","Targeted Phase 17I production scheduled"
"Kerala Directorate of General Education & Pareeksha Bhavan","Class 12","science-pcm","subj-biology",ml,0,250,ZERO_CONTENT,"Class 12 State Board stream bank unpopulated in prior phase","Targeted Phase 17I production scheduled"
"Kerala Directorate of General Education & Pareeksha Bhavan","Class 12","science-pcm","subj-biology",en,0,250,ZERO_CONTENT,"Class 12 State Board stream bank unpopulated in prior phase","Targeted Phase 17I production scheduled"
"Kerala Directorate of General Education & Pareeksha Bhavan","Class 12","commerce","subj-accountancy",ml,0,250,ZERO_CONTENT,"Class 12 State Board stream bank unpopulated in prior phase","Targeted Phase 17I production scheduled"
"Kerala Directorate of General Education & Pareeksha Bhavan","Class 12","commerce","subj-accountancy",en,0,250,ZERO_CONTENT,"Class 12 State Board stream bank unpopulated in prior phase","Targeted Phase 17I production scheduled"
"Kerala Directorate of General Education & Pareeksha Bhavan","Class 12","commerce","subj-business",ml,0,250,ZERO_CONTENT,"Class 12 State Board stream bank unpopulated in prior phase","Targeted Phase 17I production scheduled"
"Kerala Directorate of General Education & Pareeksha Bhavan","Class 12","commerce","subj-business",en,0,250,ZERO_CONTENT,"Class 12 State Board stream bank unpopulated in prior phase","Targeted Phase 17I production scheduled"
"Kerala Directorate of General Education & Pareeksha Bhavan","Class 12","commerce","subj-economics",ml,0,250,ZERO_CONTENT,"Class 12 State Board stream bank unpopulated in prior phase","Targeted Phase 17I production scheduled"
"Kerala Directorate of General Education & Pareeksha Bhavan","Class 12","commerce","subj-economics",en,0,250,ZERO_CONTENT,"Class 12 State Board stream bank unpopulated in prior phase","Targeted Phase 17I production scheduled"
"Kerala Directorate of General Education & Pareeksha Bhavan","Class 12","humanities","subj-history",ml,0,250,ZERO_CONTENT,"Class 12 State Board stream bank unpopulated in prior phase","Targeted Phase 17I production scheduled"
"Kerala Directorate of General Education & Pareeksha Bhavan","Class 12","humanities","subj-history",en,0,250,ZERO_CONTENT,"Class 12 State Board stream bank unpopulated in prior phase","Targeted Phase 17I production scheduled"
"Kerala Directorate of General Education & Pareeksha Bhavan","Class 12","humanities","subj-polity",ml,0,250,ZERO_CONTENT,"Class 12 State Board stream bank unpopulated in prior phase","Targeted Phase 17I production scheduled"
"Kerala Directorate of General Education & Pareeksha Bhavan","Class 12","humanities","subj-polity",en,0,250,ZERO_CONTENT,"Class 12 State Board stream bank unpopulated in prior phase","Targeted Phase 17I production scheduled"
"Kerala Directorate of General Education & Pareeksha Bhavan","Class 12","humanities","subj-geography",ml,0,250,ZERO_CONTENT,"Class 12 State Board stream bank unpopulated in prior phase","Targeted Phase 17I production scheduled"
"Kerala Directorate of General Education & Pareeksha Bhavan","Class 12","humanities","subj-geography",en,0,250,ZERO_CONTENT,"Class 12 State Board stream bank unpopulated in prior phase","Targeted Phase 17I production scheduled"
"Kerala Directorate of General Education & Pareeksha Bhavan","Class 9","general","subj-science",ml,0,65,ZERO_CONTENT,"Class 9/11 foundational support pending","Targeted Phase 17I production scheduled"
"Kerala Directorate of General Education & Pareeksha Bhavan","Class 9","general","subj-science",en,0,65,ZERO_CONTENT,"Class 9/11 foundational support pending","Targeted Phase 17I production scheduled"
"Kerala Directorate of General Education & Pareeksha Bhavan","Class 9","general","subj-math",ml,0,65,ZERO_CONTENT,"Class 9/11 foundational support pending","Targeted Phase 17I production scheduled"
"Kerala Directorate of General Education & Pareeksha Bhavan","Class 9","general","subj-math",en,0,65,ZERO_CONTENT,"Class 9/11 foundational support pending","Targeted Phase 17I production scheduled"
"Kerala Directorate of General Education & Pareeksha Bhavan","Class 9","general","subj-social",ml,0,65,ZERO_CONTENT,"Class 9/11 foundational support pending","Targeted Phase 17I production scheduled"
"Kerala Directorate of General Education & Pareeksha Bhavan","Class 9","general","subj-social",en,0,65,ZERO_CONTENT,"Class 9/11 foundational support pending","Targeted Phase 17I production scheduled"
"Kerala Directorate of General Education & Pareeksha Bhavan","Class 11","science-pcm","subj-physics",ml,0,65,ZERO_CONTENT,"Class 9/11 foundational support pending","Targeted Phase 17I production scheduled"
"Kerala Directorate of General Education & Pareeksha Bhavan","Class 11","science-pcm","subj-physics",en,0,65,ZERO_CONTENT,"Class 9/11 foundational support pending","Targeted Phase 17I production scheduled"
"Kerala Directorate of General Education & Pareeksha Bhavan","Class 11","science-pcm","subj-chemistry",ml,0,65,ZERO_CONTENT,"Class 9/11 foundational support pending","Targeted Phase 17I production scheduled"
"Kerala Directorate of General Education & Pareeksha Bhavan","Class 11","science-pcm","subj-chemistry",en,0,65,ZERO_CONTENT,"Class 9/11 foundational support pending","Targeted Phase 17I production scheduled"
"Karnataka Board (KSEAB SSLC 10th & 2nd PUC)","Class 10","general","subj-english",kn,0,250,ZERO_CONTENT,"Core subject practice expansion needed","Targeted Phase 17I production scheduled"
"Karnataka Board (KSEAB SSLC 10th & 2nd PUC)","Class 10","general","subj-english",en,0,250,ZERO_CONTENT,"Core subject practice expansion needed","Targeted Phase 17I production scheduled"
"Karnataka Board (KSEAB SSLC 10th & 2nd PUC)","Class 12","science-pcm","subj-physics",kn,0,250,ZERO_CONTENT,"Class 12 State Board stream bank unpopulated in prior phase","Targeted Phase 17I production scheduled"
"Karnataka Board (KSEAB SSLC 10th & 2nd PUC)","Class 12","science-pcm","subj-physics",en,0,250,ZERO_CONTENT,"Class 12 State Board stream bank unpopulated in prior phase","Targeted Phase 17I production scheduled"
"Karnataka Board (KSEAB SSLC 10th & 2nd PUC)","Class 12","science-pcm","subj-chemistry",kn,0,250,ZERO_CONTENT,"Class 12 State Board stream bank unpopulated in prior phase","Targeted Phase 17I production scheduled"
"Karnataka Board (KSEAB SSLC 10th & 2nd PUC)","Class 12","science-pcm","subj-chemistry",en,0,250,ZERO_CONTENT,"Class 12 State Board stream bank unpopulated in prior phase","Targeted Phase 17I production scheduled"
"Karnataka Board (KSEAB SSLC 10th & 2nd PUC)","Class 12","science-pcm","subj-math12",kn,0,250,ZERO_CONTENT,"Class 12 State Board stream bank unpopulated in prior phase","Targeted Phase 17I production scheduled"
"Karnataka Board (KSEAB SSLC 10th & 2nd PUC)","Class 12","science-pcm","subj-math12",en,0,250,ZERO_CONTENT,"Class 12 State Board stream bank unpopulated in prior phase","Targeted Phase 17I production scheduled"
"Karnataka Board (KSEAB SSLC 10th & 2nd PUC)","Class 12","science-pcm","subj-biology",kn,0,250,ZERO_CONTENT,"Class 12 State Board stream bank unpopulated in prior phase","Targeted Phase 17I production scheduled"
"Karnataka Board (KSEAB SSLC 10th & 2nd PUC)","Class 12","science-pcm","subj-biology",en,0,250,ZERO_CONTENT,"Class 12 State Board stream bank unpopulated in prior phase","Targeted Phase 17I production scheduled"
"Karnataka Board (KSEAB SSLC 10th & 2nd PUC)","Class 12","commerce","subj-accountancy",kn,0,250,ZERO_CONTENT,"Class 12 State Board stream bank unpopulated in prior phase","Targeted Phase 17I production scheduled"
"Karnataka Board (KSEAB SSLC 10th & 2nd PUC)","Class 12","commerce","subj-accountancy",en,0,250,ZERO_CONTENT,"Class 12 State Board stream bank unpopulated in prior phase","Targeted Phase 17I production scheduled"
"Karnataka Board (KSEAB SSLC 10th & 2nd PUC)","Class 12","commerce","subj-business",kn,0,250,ZERO_CONTENT,"Class 12 State Board stream bank unpopulated in prior phase","Targeted Phase 17I production scheduled"
"Karnataka Board (KSEAB SSLC 10th & 2nd PUC)","Class 12","commerce","subj-business",en,0,250,ZERO_CONTENT,"Class 12 State Board stream bank unpopulated in prior phase","Targeted Phase 17I production scheduled"
"Karnataka Board (KSEAB SSLC 10th & 2nd PUC)","Class 12","commerce","subj-economics",kn,0,250,ZERO_CONTENT,"Class 12 State Board stream bank unpopulated in prior phase","Targeted Phase 17I production scheduled"
"Karnataka Board (KSEAB SSLC 10th & 2nd PUC)","Class 12","commerce","subj-economics",en,0,250,ZERO_CONTENT,"Class 12 State Board stream bank unpopulated in prior phase","Targeted Phase 17I production scheduled"
"Karnataka Board (KSEAB SSLC 10th & 2nd PUC)","Class 12","humanities","subj-history",kn,0,250,ZERO_CONTENT,"Class 12 State Board stream bank unpopulated in prior phase","Targeted Phase 17I production scheduled"
"Karnataka Board (KSEAB SSLC 10th & 2nd PUC)","Class 12","humanities","subj-history",en,0,250,ZERO_CONTENT,"Class 12 State Board stream bank unpopulated in prior phase","Targeted Phase 17I production scheduled"
"Karnataka Board (KSEAB SSLC 10th & 2nd PUC)","Class 12","humanities","subj-polity",kn,0,250,ZERO_CONTENT,"Class 12 State Board stream bank unpopulated in prior phase","Targeted Phase 17I production scheduled"
"Karnataka Board (KSEAB SSLC 10th & 2nd PUC)","Class 12","humanities","subj-polity",en,0,250,ZERO_CONTENT,"Class 12 State Board stream bank unpopulated in prior phase","Targeted Phase 17I production scheduled"
"Karnataka Board (KSEAB SSLC 10th & 2nd PUC)","Class 12","humanities","subj-geography",kn,0,250,ZERO_CONTENT,"Class 12 State Board stream bank unpopulated in prior phase","Targeted Phase 17I production scheduled"
"Karnataka Board (KSEAB SSLC 10th & 2nd PUC)","Class 12","humanities","subj-geography",en,0,250,ZERO_CONTENT,"Class 12 State Board stream bank unpopulated in prior phase","Targeted Phase 17I production scheduled"
"Karnataka Board (KSEAB SSLC 10th & 2nd PUC)","Class 9","general","subj-science",kn,0,65,ZERO_CONTENT,"Class 9/11 foundational support pending","Targeted Phase 17I production scheduled"
"Karnataka Board (KSEAB SSLC 10th & 2nd PUC)","Class 9","general","subj-science",en,0,65,ZERO_CONTENT,"Class 9/11 foundational support pending","Targeted Phase 17I production scheduled"
"Karnataka Board (KSEAB SSLC 10th & 2nd PUC)","Class 9","general","subj-math",kn,0,65,ZERO_CONTENT,"Class 9/11 foundational support pending","Targeted Phase 17I production scheduled"
"Karnataka Board (KSEAB SSLC 10th & 2nd PUC)","Class 9","general","subj-math",en,0,65,ZERO_CONTENT,"Class 9/11 foundational support pending","Targeted Phase 17I production scheduled"
"Karnataka Board (KSEAB SSLC 10th & 2nd PUC)","Class 9","general","subj-social",kn,0,65,ZERO_CONTENT,"Class 9/11 foundational support pending","Targeted Phase 17I production scheduled"
"Karnataka Board (KSEAB SSLC 10th & 2nd PUC)","Class 9","general","subj-social",en,0,65,ZERO_CONTENT,"Class 9/11 foundational support pending","Targeted Phase 17I production scheduled"
"Karnataka Board (KSEAB SSLC 10th & 2nd PUC)","Class 11","science-pcm","subj-physics",kn,0,65,ZERO_CONTENT,"Class 9/11 foundational support pending","Targeted Phase 17I production scheduled"
"Karnataka Board (KSEAB SSLC 10th & 2nd PUC)","Class 11","science-pcm","subj-physics",en,0,65,ZERO_CONTENT,"Class 9/11 foundational support pending","Targeted Phase 17I production scheduled"
"Karnataka Board (KSEAB SSLC 10th & 2nd PUC)","Class 11","science-pcm","subj-chemistry",kn,0,65,ZERO_CONTENT,"Class 9/11 foundational support pending","Targeted Phase 17I production scheduled"
"Karnataka Board (KSEAB SSLC 10th & 2nd PUC)","Class 11","science-pcm","subj-chemistry",en,0,65,ZERO_CONTENT,"Class 9/11 foundational support pending","Targeted Phase 17I production scheduled"
"Maharashtra State Board (SSC 10th & HSC 12th)","Class 10","general","subj-english",mr,0,250,ZERO_CONTENT,"Core subject practice expansion needed","Targeted Phase 17I production scheduled"
"Maharashtra State Board (SSC 10th & HSC 12th)","Class 10","general","subj-english",en,0,250,ZERO_CONTENT,"Core subject practice expansion needed","Targeted Phase 17I production scheduled"
"Maharashtra State Board (SSC 10th & HSC 12th)","Class 12","science-pcm","subj-physics",mr,0,250,ZERO_CONTENT,"Class 12 State Board stream bank unpopulated in prior phase","Targeted Phase 17I production scheduled"
"Maharashtra State Board (SSC 10th & HSC 12th)","Class 12","science-pcm","subj-physics",en,0,250,ZERO_CONTENT,"Class 12 State Board stream bank unpopulated in prior phase","Targeted Phase 17I production scheduled"
"Maharashtra State Board (SSC 10th & HSC 12th)","Class 12","science-pcm","subj-chemistry",mr,0,250,ZERO_CONTENT,"Class 12 State Board stream bank unpopulated in prior phase","Targeted Phase 17I production scheduled"
"Maharashtra State Board (SSC 10th & HSC 12th)","Class 12","science-pcm","subj-chemistry",en,0,250,ZERO_CONTENT,"Class 12 State Board stream bank unpopulated in prior phase","Targeted Phase 17I production scheduled"
"Maharashtra State Board (SSC 10th & HSC 12th)","Class 12","science-pcm","subj-math12",mr,0,250,ZERO_CONTENT,"Class 12 State Board stream bank unpopulated in prior phase","Targeted Phase 17I production scheduled"
"Maharashtra State Board (SSC 10th & HSC 12th)","Class 12","science-pcm","subj-math12",en,0,250,ZERO_CONTENT,"Class 12 State Board stream bank unpopulated in prior phase","Targeted Phase 17I production scheduled"
"Maharashtra State Board (SSC 10th & HSC 12th)","Class 12","science-pcm","subj-biology",mr,0,250,ZERO_CONTENT,"Class 12 State Board stream bank unpopulated in prior phase","Targeted Phase 17I production scheduled"
"Maharashtra State Board (SSC 10th & HSC 12th)","Class 12","science-pcm","subj-biology",en,0,250,ZERO_CONTENT,"Class 12 State Board stream bank unpopulated in prior phase","Targeted Phase 17I production scheduled"
"Maharashtra State Board (SSC 10th & HSC 12th)","Class 12","commerce","subj-accountancy",mr,0,250,ZERO_CONTENT,"Class 12 State Board stream bank unpopulated in prior phase","Targeted Phase 17I production scheduled"
"Maharashtra State Board (SSC 10th & HSC 12th)","Class 12","commerce","subj-accountancy",en,0,250,ZERO_CONTENT,"Class 12 State Board stream bank unpopulated in prior phase","Targeted Phase 17I production scheduled"
"Maharashtra State Board (SSC 10th & HSC 12th)","Class 12","commerce","subj-business",mr,0,250,ZERO_CONTENT,"Class 12 State Board stream bank unpopulated in prior phase","Targeted Phase 17I production scheduled"
"Maharashtra State Board (SSC 10th & HSC 12th)","Class 12","commerce","subj-business",en,0,250,ZERO_CONTENT,"Class 12 State Board stream bank unpopulated in prior phase","Targeted Phase 17I production scheduled"
"Maharashtra State Board (SSC 10th & HSC 12th)","Class 12","commerce","subj-economics",mr,0,250,ZERO_CONTENT,"Class 12 State Board stream bank unpopulated in prior phase","Targeted Phase 17I production scheduled"
"Maharashtra State Board (SSC 10th & HSC 12th)","Class 12","commerce","subj-economics",en,0,250,ZERO_CONTENT,"Class 12 State Board stream bank unpopulated in prior phase","Targeted Phase 17I production scheduled"
"Maharashtra State Board (SSC 10th & HSC 12th)","Class 12","humanities","subj-history",mr,0,250,ZERO_CONTENT,"Class 12 State Board stream bank unpopulated in prior phase","Targeted Phase 17I production scheduled"
"Maharashtra State Board (SSC 10th & HSC 12th)","Class 12","humanities","subj-history",en,0,250,ZERO_CONTENT,"Class 12 State Board stream bank unpopulated in prior phase","Targeted Phase 17I production scheduled"
"Maharashtra State Board (SSC 10th & HSC 12th)","Class 12","humanities","subj-polity",mr,0,250,ZERO_CONTENT,"Class 12 State Board stream bank unpopulated in prior phase","Targeted Phase 17I production scheduled"
"Maharashtra State Board (SSC 10th & HSC 12th)","Class 12","humanities","subj-polity",en,0,250,ZERO_CONTENT,"Class 12 State Board stream bank unpopulated in prior phase","Targeted Phase 17I production scheduled"
"Maharashtra State Board (SSC 10th & HSC 12th)","Class 12","humanities","subj-geography",mr,0,250,ZERO_CONTENT,"Class 12 State Board stream bank unpopulated in prior phase","Targeted Phase 17I production scheduled"
"Maharashtra State Board (SSC 10th & HSC 12th)","Class 12","humanities","subj-geography",en,0,250,ZERO_CONTENT,"Class 12 State Board stream bank unpopulated in prior phase","Targeted Phase 17I production scheduled"
"Maharashtra State Board (SSC 10th & HSC 12th)","Class 9","general","subj-science",mr,0,65,ZERO_CONTENT,"Class 9/11 foundational support pending","Targeted Phase 17I production scheduled"
"Maharashtra State Board (SSC 10th & HSC 12th)","Class 9","general","subj-science",en,0,65,ZERO_CONTENT,"Class 9/11 foundational support pending","Targeted Phase 17I production scheduled"
"Maharashtra State Board (SSC 10th & HSC 12th)","Class 9","general","subj-math",mr,0,65,ZERO_CONTENT,"Class 9/11 foundational support pending","Targeted Phase 17I production scheduled"
"Maharashtra State Board (SSC 10th & HSC 12th)","Class 9","general","subj-math",en,0,65,ZERO_CONTENT,"Class 9/11 foundational support pending","Targeted Phase 17I production scheduled"
"Maharashtra State Board (SSC 10th & HSC 12th)","Class 9","general","subj-social",mr,0,65,ZERO_CONTENT,"Class 9/11 foundational support pending","Targeted Phase 17I production scheduled"
"Maharashtra State Board (SSC 10th & HSC 12th)","Class 9","general","subj-social",en,0,65,ZERO_CONTENT,"Class 9/11 foundational support pending","Targeted Phase 17I production scheduled"
"Maharashtra State Board (SSC 10th & HSC 12th)","Class 11","science-pcm","subj-physics",mr,0,65,ZERO_CONTENT,"Class 9/11 foundational support pending","Targeted Phase 17I production scheduled"
"Maharashtra State Board (SSC 10th & HSC 12th)","Class 11","science-pcm","subj-physics",en,0,65,ZERO_CONTENT,"Class 9/11 foundational support pending","Targeted Phase 17I production scheduled"
"Maharashtra State Board (SSC 10th & HSC 12th)","Class 11","science-pcm","subj-chemistry",mr,0,65,ZERO_CONTENT,"Class 9/11 foundational support pending","Targeted Phase 17I production scheduled"
"Maharashtra State Board (SSC 10th & HSC 12th)","Class 11","science-pcm","subj-chemistry",en,0,65,ZERO_CONTENT,"Class 9/11 foundational support pending","Targeted Phase 17I production scheduled"
"Meghalaya Board of School Education","Class 10","general","subj-hindi",en,0,250,ZERO_CONTENT,"Core subject practice expansion needed","Targeted Phase 17I production scheduled"
"Meghalaya Board of School Education","Class 10","general","subj-science",en,200,250,LOW_CONTENT,"Core subject practice expansion needed","Targeted Phase 17I production scheduled"
"Meghalaya Board of School Education","Class 10","general","subj-math",en,200,250,LOW_CONTENT,"Core subject practice expansion needed","Targeted Phase 17I production scheduled"
"Meghalaya Board of School Education","Class 10","general","subj-social",en,100,250,LOW_CONTENT,"Core subject practice expansion needed","Targeted Phase 17I production scheduled"
"Meghalaya Board of School Education","Class 10","general","subj-english",en,100,250,LOW_CONTENT,"Core subject practice expansion needed","Targeted Phase 17I production scheduled"
"Meghalaya Board of School Education","Class 12","science-pcm","subj-physics",en,0,250,ZERO_CONTENT,"Class 12 State Board stream bank unpopulated in prior phase","Targeted Phase 17I production scheduled"
"Meghalaya Board of School Education","Class 12","science-pcm","subj-chemistry",en,0,250,ZERO_CONTENT,"Class 12 State Board stream bank unpopulated in prior phase","Targeted Phase 17I production scheduled"
"Meghalaya Board of School Education","Class 12","science-pcm","subj-math12",en,0,250,ZERO_CONTENT,"Class 12 State Board stream bank unpopulated in prior phase","Targeted Phase 17I production scheduled"
"Meghalaya Board of School Education","Class 12","science-pcm","subj-biology",en,0,250,ZERO_CONTENT,"Class 12 State Board stream bank unpopulated in prior phase","Targeted Phase 17I production scheduled"
"Meghalaya Board of School Education","Class 12","commerce","subj-accountancy",en,0,250,ZERO_CONTENT,"Class 12 State Board stream bank unpopulated in prior phase","Targeted Phase 17I production scheduled"
"Meghalaya Board of School Education","Class 12","commerce","subj-business",en,0,250,ZERO_CONTENT,"Class 12 State Board stream bank unpopulated in prior phase","Targeted Phase 17I production scheduled"
"Meghalaya Board of School Education","Class 12","commerce","subj-economics",en,0,250,ZERO_CONTENT,"Class 12 State Board stream bank unpopulated in prior phase","Targeted Phase 17I production scheduled"
"Meghalaya Board of School Education","Class 12","humanities","subj-history",en,0,250,ZERO_CONTENT,"Class 12 State Board stream bank unpopulated in prior phase","Targeted Phase 17I production scheduled"
"Meghalaya Board of School Education","Class 12","humanities","subj-polity",en,0,250,ZERO_CONTENT,"Class 12 State Board stream bank unpopulated in prior phase","Targeted Phase 17I production scheduled"
"Meghalaya Board of School Education","Class 12","humanities","subj-geography",en,0,250,ZERO_CONTENT,"Class 12 State Board stream bank unpopulated in prior phase","Targeted Phase 17I production scheduled"
"Meghalaya Board of School Education","Class 9","general","subj-science",en,0,65,ZERO_CONTENT,"Class 9/11 foundational support pending","Targeted Phase 17I production scheduled"
"Meghalaya Board of School Education","Class 9","general","subj-math",en,0,65,ZERO_CONTENT,"Class 9/11 foundational support pending","Targeted Phase 17I production scheduled"
"Meghalaya Board of School Education","Class 9","general","subj-social",en,0,65,ZERO_CONTENT,"Class 9/11 foundational support pending","Targeted Phase 17I production scheduled"
"Meghalaya Board of School Education","Class 11","science-pcm","subj-physics",en,0,65,ZERO_CONTENT,"Class 9/11 foundational support pending","Targeted Phase 17I production scheduled"
"Meghalaya Board of School Education","Class 11","science-pcm","subj-chemistry",en,0,65,ZERO_CONTENT,"Class 9/11 foundational support pending","Targeted Phase 17I production scheduled"
"Mizoram Board of School Education","Class 10","general","subj-hindi",en,0,250,ZERO_CONTENT,"Core subject practice expansion needed","Targeted Phase 17I production scheduled"
"Mizoram Board of School Education","Class 10","general","subj-science",en,200,250,LOW_CONTENT,"Core subject practice expansion needed","Targeted Phase 17I production scheduled"
"Mizoram Board of School Education","Class 10","general","subj-math",en,200,250,LOW_CONTENT,"Core subject practice expansion needed","Targeted Phase 17I production scheduled"
"Mizoram Board of School Education","Class 10","general","subj-social",en,100,250,LOW_CONTENT,"Core subject practice expansion needed","Targeted Phase 17I production scheduled"
"Mizoram Board of School Education","Class 10","general","subj-english",en,100,250,LOW_CONTENT,"Core subject practice expansion needed","Targeted Phase 17I production scheduled"
"Mizoram Board of School Education","Class 12","science-pcm","subj-physics",en,0,250,ZERO_CONTENT,"Class 12 State Board stream bank unpopulated in prior phase","Targeted Phase 17I production scheduled"
"Mizoram Board of School Education","Class 12","science-pcm","subj-chemistry",en,0,250,ZERO_CONTENT,"Class 12 State Board stream bank unpopulated in prior phase","Targeted Phase 17I production scheduled"
"Mizoram Board of School Education","Class 12","science-pcm","subj-math12",en,0,250,ZERO_CONTENT,"Class 12 State Board stream bank unpopulated in prior phase","Targeted Phase 17I production scheduled"
"Mizoram Board of School Education","Class 12","science-pcm","subj-biology",en,0,250,ZERO_CONTENT,"Class 12 State Board stream bank unpopulated in prior phase","Targeted Phase 17I production scheduled"
"Mizoram Board of School Education","Class 12","commerce","subj-accountancy",en,0,250,ZERO_CONTENT,"Class 12 State Board stream bank unpopulated in prior phase","Targeted Phase 17I production scheduled"
"Mizoram Board of School Education","Class 12","commerce","subj-business",en,0,250,ZERO_CONTENT,"Class 12 State Board stream bank unpopulated in prior phase","Targeted Phase 17I production scheduled"
"Mizoram Board of School Education","Class 12","commerce","subj-economics",en,0,250,ZERO_CONTENT,"Class 12 State Board stream bank unpopulated in prior phase","Targeted Phase 17I production scheduled"
"Mizoram Board of School Education","Class 12","humanities","subj-history",en,0,250,ZERO_CONTENT,"Class 12 State Board stream bank unpopulated in prior phase","Targeted Phase 17I production scheduled"
"Mizoram Board of School Education","Class 12","humanities","subj-polity",en,0,250,ZERO_CONTENT,"Class 12 State Board stream bank unpopulated in prior phase","Targeted Phase 17I production scheduled"
"Mizoram Board of School Education","Class 12","humanities","subj-geography",en,0,250,ZERO_CONTENT,"Class 12 State Board stream bank unpopulated in prior phase","Targeted Phase 17I production scheduled"
"Mizoram Board of School Education","Class 9","general","subj-science",en,0,65,ZERO_CONTENT,"Class 9/11 foundational support pending","Targeted Phase 17I production scheduled"
"Mizoram Board of School Education","Class 9","general","subj-math",en,0,65,ZERO_CONTENT,"Class 9/11 foundational support pending","Targeted Phase 17I production scheduled"
"Mizoram Board of School Education","Class 9","general","subj-social",en,0,65,ZERO_CONTENT,"Class 9/11 foundational support pending","Targeted Phase 17I production scheduled"
"Mizoram Board of School Education","Class 11","science-pcm","subj-physics",en,0,65,ZERO_CONTENT,"Class 9/11 foundational support pending","Targeted Phase 17I production scheduled"
"Mizoram Board of School Education","Class 11","science-pcm","subj-chemistry",en,0,65,ZERO_CONTENT,"Class 9/11 foundational support pending","Targeted Phase 17I production scheduled"
"MP Board (MPBSE 10th & 12th Bhopal)","Class 10","general","subj-english",hi,0,250,ZERO_CONTENT,"Core subject practice expansion needed","Targeted Phase 17I production scheduled"
"MP Board (MPBSE 10th & 12th Bhopal)","Class 10","general","subj-english",en,0,250,ZERO_CONTENT,"Core subject practice expansion needed","Targeted Phase 17I production scheduled"
"MP Board (MPBSE 10th & 12th Bhopal)","Class 12","science-pcm","subj-physics",hi,0,250,ZERO_CONTENT,"Class 12 State Board stream bank unpopulated in prior phase","Targeted Phase 17I production scheduled"
"MP Board (MPBSE 10th & 12th Bhopal)","Class 12","science-pcm","subj-physics",en,0,250,ZERO_CONTENT,"Class 12 State Board stream bank unpopulated in prior phase","Targeted Phase 17I production scheduled"
"MP Board (MPBSE 10th & 12th Bhopal)","Class 12","science-pcm","subj-chemistry",hi,0,250,ZERO_CONTENT,"Class 12 State Board stream bank unpopulated in prior phase","Targeted Phase 17I production scheduled"
"MP Board (MPBSE 10th & 12th Bhopal)","Class 12","science-pcm","subj-chemistry",en,0,250,ZERO_CONTENT,"Class 12 State Board stream bank unpopulated in prior phase","Targeted Phase 17I production scheduled"
"MP Board (MPBSE 10th & 12th Bhopal)","Class 12","science-pcm","subj-math12",hi,0,250,ZERO_CONTENT,"Class 12 State Board stream bank unpopulated in prior phase","Targeted Phase 17I production scheduled"
"MP Board (MPBSE 10th & 12th Bhopal)","Class 12","science-pcm","subj-math12",en,0,250,ZERO_CONTENT,"Class 12 State Board stream bank unpopulated in prior phase","Targeted Phase 17I production scheduled"
"MP Board (MPBSE 10th & 12th Bhopal)","Class 12","science-pcm","subj-biology",hi,0,250,ZERO_CONTENT,"Class 12 State Board stream bank unpopulated in prior phase","Targeted Phase 17I production scheduled"
"MP Board (MPBSE 10th & 12th Bhopal)","Class 12","science-pcm","subj-biology",en,0,250,ZERO_CONTENT,"Class 12 State Board stream bank unpopulated in prior phase","Targeted Phase 17I production scheduled"
"MP Board (MPBSE 10th & 12th Bhopal)","Class 12","commerce","subj-accountancy",hi,0,250,ZERO_CONTENT,"Class 12 State Board stream bank unpopulated in prior phase","Targeted Phase 17I production scheduled"
"MP Board (MPBSE 10th & 12th Bhopal)","Class 12","commerce","subj-accountancy",en,0,250,ZERO_CONTENT,"Class 12 State Board stream bank unpopulated in prior phase","Targeted Phase 17I production scheduled"
"MP Board (MPBSE 10th & 12th Bhopal)","Class 12","commerce","subj-business",hi,0,250,ZERO_CONTENT,"Class 12 State Board stream bank unpopulated in prior phase","Targeted Phase 17I production scheduled"
"MP Board (MPBSE 10th & 12th Bhopal)","Class 12","commerce","subj-business",en,0,250,ZERO_CONTENT,"Class 12 State Board stream bank unpopulated in prior phase","Targeted Phase 17I production scheduled"
"MP Board (MPBSE 10th & 12th Bhopal)","Class 12","commerce","subj-economics",hi,0,250,ZERO_CONTENT,"Class 12 State Board stream bank unpopulated in prior phase","Targeted Phase 17I production scheduled"
"MP Board (MPBSE 10th & 12th Bhopal)","Class 12","commerce","subj-economics",en,0,250,ZERO_CONTENT,"Class 12 State Board stream bank unpopulated in prior phase","Targeted Phase 17I production scheduled"
"MP Board (MPBSE 10th & 12th Bhopal)","Class 12","humanities","subj-history",hi,0,250,ZERO_CONTENT,"Class 12 State Board stream bank unpopulated in prior phase","Targeted Phase 17I production scheduled"
"MP Board (MPBSE 10th & 12th Bhopal)","Class 12","humanities","subj-history",en,0,250,ZERO_CONTENT,"Class 12 State Board stream bank unpopulated in prior phase","Targeted Phase 17I production scheduled"
"MP Board (MPBSE 10th & 12th Bhopal)","Class 12","humanities","subj-polity",hi,0,250,ZERO_CONTENT,"Class 12 State Board stream bank unpopulated in prior phase","Targeted Phase 17I production scheduled"
"MP Board (MPBSE 10th & 12th Bhopal)","Class 12","humanities","subj-polity",en,0,250,ZERO_CONTENT,"Class 12 State Board stream bank unpopulated in prior phase","Targeted Phase 17I production scheduled"
"MP Board (MPBSE 10th & 12th Bhopal)","Class 12","humanities","subj-geography",hi,0,250,ZERO_CONTENT,"Class 12 State Board stream bank unpopulated in prior phase","Targeted Phase 17I production scheduled"
"MP Board (MPBSE 10th & 12th Bhopal)","Class 12","humanities","subj-geography",en,0,250,ZERO_CONTENT,"Class 12 State Board stream bank unpopulated in prior phase","Targeted Phase 17I production scheduled"
"MP Board (MPBSE 10th & 12th Bhopal)","Class 9","general","subj-science",hi,0,65,ZERO_CONTENT,"Class 9/11 foundational support pending","Targeted Phase 17I production scheduled"
"MP Board (MPBSE 10th & 12th Bhopal)","Class 9","general","subj-science",en,0,65,ZERO_CONTENT,"Class 9/11 foundational support pending","Targeted Phase 17I production scheduled"
"MP Board (MPBSE 10th & 12th Bhopal)","Class 9","general","subj-math",hi,0,65,ZERO_CONTENT,"Class 9/11 foundational support pending","Targeted Phase 17I production scheduled"
"MP Board (MPBSE 10th & 12th Bhopal)","Class 9","general","subj-math",en,0,65,ZERO_CONTENT,"Class 9/11 foundational support pending","Targeted Phase 17I production scheduled"
"MP Board (MPBSE 10th & 12th Bhopal)","Class 9","general","subj-social",hi,0,65,ZERO_CONTENT,"Class 9/11 foundational support pending","Targeted Phase 17I production scheduled"
"MP Board (MPBSE 10th & 12th Bhopal)","Class 9","general","subj-social",en,0,65,ZERO_CONTENT,"Class 9/11 foundational support pending","Targeted Phase 17I production scheduled"
"MP Board (MPBSE 10th & 12th Bhopal)","Class 11","science-pcm","subj-physics",hi,0,65,ZERO_CONTENT,"Class 9/11 foundational support pending","Targeted Phase 17I production scheduled"
"MP Board (MPBSE 10th & 12th Bhopal)","Class 11","science-pcm","subj-physics",en,0,65,ZERO_CONTENT,"Class 9/11 foundational support pending","Targeted Phase 17I production scheduled"
"MP Board (MPBSE 10th & 12th Bhopal)","Class 11","science-pcm","subj-chemistry",hi,0,65,ZERO_CONTENT,"Class 9/11 foundational support pending","Targeted Phase 17I production scheduled"
"MP Board (MPBSE 10th & 12th Bhopal)","Class 11","science-pcm","subj-chemistry",en,0,65,ZERO_CONTENT,"Class 9/11 foundational support pending","Targeted Phase 17I production scheduled"
"Nagaland Board of School Education","Class 10","general","subj-hindi",en,0,250,ZERO_CONTENT,"Core subject practice expansion needed","Targeted Phase 17I production scheduled"
"Nagaland Board of School Education","Class 10","general","subj-science",en,200,250,LOW_CONTENT,"Core subject practice expansion needed","Targeted Phase 17I production scheduled"
"Nagaland Board of School Education","Class 10","general","subj-math",en,200,250,LOW_CONTENT,"Core subject practice expansion needed","Targeted Phase 17I production scheduled"
"Nagaland Board of School Education","Class 10","general","subj-social",en,100,250,LOW_CONTENT,"Core subject practice expansion needed","Targeted Phase 17I production scheduled"
"Nagaland Board of School Education","Class 10","general","subj-english",en,100,250,LOW_CONTENT,"Core subject practice expansion needed","Targeted Phase 17I production scheduled"
"Nagaland Board of School Education","Class 12","science-pcm","subj-physics",en,0,250,ZERO_CONTENT,"Class 12 State Board stream bank unpopulated in prior phase","Targeted Phase 17I production scheduled"
"Nagaland Board of School Education","Class 12","science-pcm","subj-chemistry",en,0,250,ZERO_CONTENT,"Class 12 State Board stream bank unpopulated in prior phase","Targeted Phase 17I production scheduled"
"Nagaland Board of School Education","Class 12","science-pcm","subj-math12",en,0,250,ZERO_CONTENT,"Class 12 State Board stream bank unpopulated in prior phase","Targeted Phase 17I production scheduled"
"Nagaland Board of School Education","Class 12","science-pcm","subj-biology",en,0,250,ZERO_CONTENT,"Class 12 State Board stream bank unpopulated in prior phase","Targeted Phase 17I production scheduled"
"Nagaland Board of School Education","Class 12","commerce","subj-accountancy",en,0,250,ZERO_CONTENT,"Class 12 State Board stream bank unpopulated in prior phase","Targeted Phase 17I production scheduled"
"Nagaland Board of School Education","Class 12","commerce","subj-business",en,0,250,ZERO_CONTENT,"Class 12 State Board stream bank unpopulated in prior phase","Targeted Phase 17I production scheduled"
"Nagaland Board of School Education","Class 12","commerce","subj-economics",en,0,250,ZERO_CONTENT,"Class 12 State Board stream bank unpopulated in prior phase","Targeted Phase 17I production scheduled"
"Nagaland Board of School Education","Class 12","humanities","subj-history",en,0,250,ZERO_CONTENT,"Class 12 State Board stream bank unpopulated in prior phase","Targeted Phase 17I production scheduled"
"Nagaland Board of School Education","Class 12","humanities","subj-polity",en,0,250,ZERO_CONTENT,"Class 12 State Board stream bank unpopulated in prior phase","Targeted Phase 17I production scheduled"
"Nagaland Board of School Education","Class 12","humanities","subj-geography",en,0,250,ZERO_CONTENT,"Class 12 State Board stream bank unpopulated in prior phase","Targeted Phase 17I production scheduled"
"Nagaland Board of School Education","Class 9","general","subj-science",en,0,65,ZERO_CONTENT,"Class 9/11 foundational support pending","Targeted Phase 17I production scheduled"
"Nagaland Board of School Education","Class 9","general","subj-math",en,0,65,ZERO_CONTENT,"Class 9/11 foundational support pending","Targeted Phase 17I production scheduled"
"Nagaland Board of School Education","Class 9","general","subj-social",en,0,65,ZERO_CONTENT,"Class 9/11 foundational support pending","Targeted Phase 17I production scheduled"
"Nagaland Board of School Education","Class 11","science-pcm","subj-physics",en,0,65,ZERO_CONTENT,"Class 9/11 foundational support pending","Targeted Phase 17I production scheduled"
"Nagaland Board of School Education","Class 11","science-pcm","subj-chemistry",en,0,65,ZERO_CONTENT,"Class 9/11 foundational support pending","Targeted Phase 17I production scheduled"
"NIOS Board (National Institute of Open Schooling)","Class 10","general","subj-hindi",hi,200,250,LOW_CONTENT,"Core subject practice expansion needed","Targeted Phase 17I production scheduled"
"NIOS Board (National Institute of Open Schooling)","Class 10","general","subj-hindi",en,200,250,LOW_CONTENT,"Core subject practice expansion needed","Targeted Phase 17I production scheduled"
"NIOS Board (National Institute of Open Schooling)","Class 10","general","subj-science",hi,200,250,LOW_CONTENT,"Core subject practice expansion needed","Targeted Phase 17I production scheduled"
"NIOS Board (National Institute of Open Schooling)","Class 10","general","subj-science",en,200,250,LOW_CONTENT,"Core subject practice expansion needed","Targeted Phase 17I production scheduled"
"NIOS Board (National Institute of Open Schooling)","Class 10","general","subj-math",hi,200,250,LOW_CONTENT,"Core subject practice expansion needed","Targeted Phase 17I production scheduled"
"NIOS Board (National Institute of Open Schooling)","Class 10","general","subj-math",en,200,250,LOW_CONTENT,"Core subject practice expansion needed","Targeted Phase 17I production scheduled"
"NIOS Board (National Institute of Open Schooling)","Class 10","general","subj-social",hi,200,250,LOW_CONTENT,"Core subject practice expansion needed","Targeted Phase 17I production scheduled"
"NIOS Board (National Institute of Open Schooling)","Class 10","general","subj-social",en,200,250,LOW_CONTENT,"Core subject practice expansion needed","Targeted Phase 17I production scheduled"
"NIOS Board (National Institute of Open Schooling)","Class 10","general","subj-english",hi,0,250,ZERO_CONTENT,"Core subject practice expansion needed","Targeted Phase 17I production scheduled"
"NIOS Board (National Institute of Open Schooling)","Class 10","general","subj-english",en,0,250,ZERO_CONTENT,"Core subject practice expansion needed","Targeted Phase 17I production scheduled"
"NIOS Board (National Institute of Open Schooling)","Class 12","science-pcm","subj-physics",hi,0,250,ZERO_CONTENT,"Class 12 State Board stream bank unpopulated in prior phase","Targeted Phase 17I production scheduled"
"NIOS Board (National Institute of Open Schooling)","Class 12","science-pcm","subj-physics",en,0,250,ZERO_CONTENT,"Class 12 State Board stream bank unpopulated in prior phase","Targeted Phase 17I production scheduled"
"NIOS Board (National Institute of Open Schooling)","Class 12","science-pcm","subj-chemistry",hi,0,250,ZERO_CONTENT,"Class 12 State Board stream bank unpopulated in prior phase","Targeted Phase 17I production scheduled"
"NIOS Board (National Institute of Open Schooling)","Class 12","science-pcm","subj-chemistry",en,0,250,ZERO_CONTENT,"Class 12 State Board stream bank unpopulated in prior phase","Targeted Phase 17I production scheduled"
"NIOS Board (National Institute of Open Schooling)","Class 12","science-pcm","subj-math12",hi,0,250,ZERO_CONTENT,"Class 12 State Board stream bank unpopulated in prior phase","Targeted Phase 17I production scheduled"
"NIOS Board (National Institute of Open Schooling)","Class 12","science-pcm","subj-math12",en,0,250,ZERO_CONTENT,"Class 12 State Board stream bank unpopulated in prior phase","Targeted Phase 17I production scheduled"
"NIOS Board (National Institute of Open Schooling)","Class 12","science-pcm","subj-biology",hi,0,250,ZERO_CONTENT,"Class 12 State Board stream bank unpopulated in prior phase","Targeted Phase 17I production scheduled"
"NIOS Board (National Institute of Open Schooling)","Class 12","science-pcm","subj-biology",en,0,250,ZERO_CONTENT,"Class 12 State Board stream bank unpopulated in prior phase","Targeted Phase 17I production scheduled"
"NIOS Board (National Institute of Open Schooling)","Class 12","commerce","subj-accountancy",hi,0,250,ZERO_CONTENT,"Class 12 State Board stream bank unpopulated in prior phase","Targeted Phase 17I production scheduled"
"NIOS Board (National Institute of Open Schooling)","Class 12","commerce","subj-accountancy",en,0,250,ZERO_CONTENT,"Class 12 State Board stream bank unpopulated in prior phase","Targeted Phase 17I production scheduled"
"NIOS Board (National Institute of Open Schooling)","Class 12","commerce","subj-business",hi,0,250,ZERO_CONTENT,"Class 12 State Board stream bank unpopulated in prior phase","Targeted Phase 17I production scheduled"
"NIOS Board (National Institute of Open Schooling)","Class 12","commerce","subj-business",en,0,250,ZERO_CONTENT,"Class 12 State Board stream bank unpopulated in prior phase","Targeted Phase 17I production scheduled"
"NIOS Board (National Institute of Open Schooling)","Class 12","commerce","subj-economics",hi,0,250,ZERO_CONTENT,"Class 12 State Board stream bank unpopulated in prior phase","Targeted Phase 17I production scheduled"
"NIOS Board (National Institute of Open Schooling)","Class 12","commerce","subj-economics",en,0,250,ZERO_CONTENT,"Class 12 State Board stream bank unpopulated in prior phase","Targeted Phase 17I production scheduled"
"NIOS Board (National Institute of Open Schooling)","Class 12","humanities","subj-history",hi,0,250,ZERO_CONTENT,"Class 12 State Board stream bank unpopulated in prior phase","Targeted Phase 17I production scheduled"
"NIOS Board (National Institute of Open Schooling)","Class 12","humanities","subj-history",en,0,250,ZERO_CONTENT,"Class 12 State Board stream bank unpopulated in prior phase","Targeted Phase 17I production scheduled"
"NIOS Board (National Institute of Open Schooling)","Class 12","humanities","subj-polity",hi,0,250,ZERO_CONTENT,"Class 12 State Board stream bank unpopulated in prior phase","Targeted Phase 17I production scheduled"
"NIOS Board (National Institute of Open Schooling)","Class 12","humanities","subj-polity",en,0,250,ZERO_CONTENT,"Class 12 State Board stream bank unpopulated in prior phase","Targeted Phase 17I production scheduled"
"NIOS Board (National Institute of Open Schooling)","Class 12","humanities","subj-geography",hi,0,250,ZERO_CONTENT,"Class 12 State Board stream bank unpopulated in prior phase","Targeted Phase 17I production scheduled"
"NIOS Board (National Institute of Open Schooling)","Class 12","humanities","subj-geography",en,0,250,ZERO_CONTENT,"Class 12 State Board stream bank unpopulated in prior phase","Targeted Phase 17I production scheduled"
"NIOS Board (National Institute of Open Schooling)","Class 9","general","subj-science",hi,0,65,ZERO_CONTENT,"Class 9/11 foundational support pending","Targeted Phase 17I production scheduled"
"NIOS Board (National Institute of Open Schooling)","Class 9","general","subj-science",en,0,65,ZERO_CONTENT,"Class 9/11 foundational support pending","Targeted Phase 17I production scheduled"
"NIOS Board (National Institute of Open Schooling)","Class 9","general","subj-math",hi,0,65,ZERO_CONTENT,"Class 9/11 foundational support pending","Targeted Phase 17I production scheduled"
"NIOS Board (National Institute of Open Schooling)","Class 9","general","subj-math",en,0,65,ZERO_CONTENT,"Class 9/11 foundational support pending","Targeted Phase 17I production scheduled"
"NIOS Board (National Institute of Open Schooling)","Class 9","general","subj-social",hi,0,65,ZERO_CONTENT,"Class 9/11 foundational support pending","Targeted Phase 17I production scheduled"
"NIOS Board (National Institute of Open Schooling)","Class 9","general","subj-social",en,0,65,ZERO_CONTENT,"Class 9/11 foundational support pending","Targeted Phase 17I production scheduled"
"NIOS Board (National Institute of Open Schooling)","Class 11","science-pcm","subj-physics",hi,0,65,ZERO_CONTENT,"Class 9/11 foundational support pending","Targeted Phase 17I production scheduled"
"NIOS Board (National Institute of Open Schooling)","Class 11","science-pcm","subj-physics",en,0,65,ZERO_CONTENT,"Class 9/11 foundational support pending","Targeted Phase 17I production scheduled"
"NIOS Board (National Institute of Open Schooling)","Class 11","science-pcm","subj-chemistry",hi,0,65,ZERO_CONTENT,"Class 9/11 foundational support pending","Targeted Phase 17I production scheduled"
"NIOS Board (National Institute of Open Schooling)","Class 11","science-pcm","subj-chemistry",en,0,65,ZERO_CONTENT,"Class 9/11 foundational support pending","Targeted Phase 17I production scheduled"
"Punjab Board (PSEB Mohali 10th & 12th)","Class 10","general","subj-english",pa,0,250,ZERO_CONTENT,"Core subject practice expansion needed","Targeted Phase 17I production scheduled"
"Punjab Board (PSEB Mohali 10th & 12th)","Class 10","general","subj-english",en,0,250,ZERO_CONTENT,"Core subject practice expansion needed","Targeted Phase 17I production scheduled"
"Punjab Board (PSEB Mohali 10th & 12th)","Class 12","science-pcm","subj-physics",pa,0,250,ZERO_CONTENT,"Class 12 State Board stream bank unpopulated in prior phase","Targeted Phase 17I production scheduled"
"Punjab Board (PSEB Mohali 10th & 12th)","Class 12","science-pcm","subj-physics",en,0,250,ZERO_CONTENT,"Class 12 State Board stream bank unpopulated in prior phase","Targeted Phase 17I production scheduled"
"Punjab Board (PSEB Mohali 10th & 12th)","Class 12","science-pcm","subj-chemistry",pa,0,250,ZERO_CONTENT,"Class 12 State Board stream bank unpopulated in prior phase","Targeted Phase 17I production scheduled"
"Punjab Board (PSEB Mohali 10th & 12th)","Class 12","science-pcm","subj-chemistry",en,0,250,ZERO_CONTENT,"Class 12 State Board stream bank unpopulated in prior phase","Targeted Phase 17I production scheduled"
"Punjab Board (PSEB Mohali 10th & 12th)","Class 12","science-pcm","subj-math12",pa,0,250,ZERO_CONTENT,"Class 12 State Board stream bank unpopulated in prior phase","Targeted Phase 17I production scheduled"
"Punjab Board (PSEB Mohali 10th & 12th)","Class 12","science-pcm","subj-math12",en,0,250,ZERO_CONTENT,"Class 12 State Board stream bank unpopulated in prior phase","Targeted Phase 17I production scheduled"
"Punjab Board (PSEB Mohali 10th & 12th)","Class 12","science-pcm","subj-biology",pa,0,250,ZERO_CONTENT,"Class 12 State Board stream bank unpopulated in prior phase","Targeted Phase 17I production scheduled"
"Punjab Board (PSEB Mohali 10th & 12th)","Class 12","science-pcm","subj-biology",en,0,250,ZERO_CONTENT,"Class 12 State Board stream bank unpopulated in prior phase","Targeted Phase 17I production scheduled"
"Punjab Board (PSEB Mohali 10th & 12th)","Class 12","commerce","subj-accountancy",pa,0,250,ZERO_CONTENT,"Class 12 State Board stream bank unpopulated in prior phase","Targeted Phase 17I production scheduled"
"Punjab Board (PSEB Mohali 10th & 12th)","Class 12","commerce","subj-accountancy",en,0,250,ZERO_CONTENT,"Class 12 State Board stream bank unpopulated in prior phase","Targeted Phase 17I production scheduled"
"Punjab Board (PSEB Mohali 10th & 12th)","Class 12","commerce","subj-business",pa,0,250,ZERO_CONTENT,"Class 12 State Board stream bank unpopulated in prior phase","Targeted Phase 17I production scheduled"
"Punjab Board (PSEB Mohali 10th & 12th)","Class 12","commerce","subj-business",en,0,250,ZERO_CONTENT,"Class 12 State Board stream bank unpopulated in prior phase","Targeted Phase 17I production scheduled"
"Punjab Board (PSEB Mohali 10th & 12th)","Class 12","commerce","subj-economics",pa,0,250,ZERO_CONTENT,"Class 12 State Board stream bank unpopulated in prior phase","Targeted Phase 17I production scheduled"
"Punjab Board (PSEB Mohali 10th & 12th)","Class 12","commerce","subj-economics",en,0,250,ZERO_CONTENT,"Class 12 State Board stream bank unpopulated in prior phase","Targeted Phase 17I production scheduled"
"Punjab Board (PSEB Mohali 10th & 12th)","Class 12","humanities","subj-history",pa,0,250,ZERO_CONTENT,"Class 12 State Board stream bank unpopulated in prior phase","Targeted Phase 17I production scheduled"
"Punjab Board (PSEB Mohali 10th & 12th)","Class 12","humanities","subj-history",en,0,250,ZERO_CONTENT,"Class 12 State Board stream bank unpopulated in prior phase","Targeted Phase 17I production scheduled"
"Punjab Board (PSEB Mohali 10th & 12th)","Class 12","humanities","subj-polity",pa,0,250,ZERO_CONTENT,"Class 12 State Board stream bank unpopulated in prior phase","Targeted Phase 17I production scheduled"
"Punjab Board (PSEB Mohali 10th & 12th)","Class 12","humanities","subj-polity",en,0,250,ZERO_CONTENT,"Class 12 State Board stream bank unpopulated in prior phase","Targeted Phase 17I production scheduled"
"Punjab Board (PSEB Mohali 10th & 12th)","Class 12","humanities","subj-geography",pa,0,250,ZERO_CONTENT,"Class 12 State Board stream bank unpopulated in prior phase","Targeted Phase 17I production scheduled"
"Punjab Board (PSEB Mohali 10th & 12th)","Class 12","humanities","subj-geography",en,0,250,ZERO_CONTENT,"Class 12 State Board stream bank unpopulated in prior phase","Targeted Phase 17I production scheduled"
"Punjab Board (PSEB Mohali 10th & 12th)","Class 9","general","subj-science",pa,0,65,ZERO_CONTENT,"Class 9/11 foundational support pending","Targeted Phase 17I production scheduled"
"Punjab Board (PSEB Mohali 10th & 12th)","Class 9","general","subj-science",en,0,65,ZERO_CONTENT,"Class 9/11 foundational support pending","Targeted Phase 17I production scheduled"
"Punjab Board (PSEB Mohali 10th & 12th)","Class 9","general","subj-math",pa,0,65,ZERO_CONTENT,"Class 9/11 foundational support pending","Targeted Phase 17I production scheduled"
"Punjab Board (PSEB Mohali 10th & 12th)","Class 9","general","subj-math",en,0,65,ZERO_CONTENT,"Class 9/11 foundational support pending","Targeted Phase 17I production scheduled"
"Punjab Board (PSEB Mohali 10th & 12th)","Class 9","general","subj-social",pa,0,65,ZERO_CONTENT,"Class 9/11 foundational support pending","Targeted Phase 17I production scheduled"
"Punjab Board (PSEB Mohali 10th & 12th)","Class 9","general","subj-social",en,0,65,ZERO_CONTENT,"Class 9/11 foundational support pending","Targeted Phase 17I production scheduled"
"Punjab Board (PSEB Mohali 10th & 12th)","Class 11","science-pcm","subj-physics",pa,0,65,ZERO_CONTENT,"Class 9/11 foundational support pending","Targeted Phase 17I production scheduled"
"Punjab Board (PSEB Mohali 10th & 12th)","Class 11","science-pcm","subj-physics",en,0,65,ZERO_CONTENT,"Class 9/11 foundational support pending","Targeted Phase 17I production scheduled"
"Punjab Board (PSEB Mohali 10th & 12th)","Class 11","science-pcm","subj-chemistry",pa,0,65,ZERO_CONTENT,"Class 9/11 foundational support pending","Targeted Phase 17I production scheduled"
"Punjab Board (PSEB Mohali 10th & 12th)","Class 11","science-pcm","subj-chemistry",en,0,65,ZERO_CONTENT,"Class 9/11 foundational support pending","Targeted Phase 17I production scheduled"
"Rajasthan Board (RBSE 10th & 12th Ajmer)","Class 10","general","subj-english",hi,0,250,ZERO_CONTENT,"Core subject practice expansion needed","Targeted Phase 17I production scheduled"
"Rajasthan Board (RBSE 10th & 12th Ajmer)","Class 10","general","subj-english",en,0,250,ZERO_CONTENT,"Core subject practice expansion needed","Targeted Phase 17I production scheduled"
"Rajasthan Board (RBSE 10th & 12th Ajmer)","Class 12","science-pcm","subj-physics",hi,0,250,ZERO_CONTENT,"Class 12 State Board stream bank unpopulated in prior phase","Targeted Phase 17I production scheduled"
"Rajasthan Board (RBSE 10th & 12th Ajmer)","Class 12","science-pcm","subj-physics",en,0,250,ZERO_CONTENT,"Class 12 State Board stream bank unpopulated in prior phase","Targeted Phase 17I production scheduled"
"Rajasthan Board (RBSE 10th & 12th Ajmer)","Class 12","science-pcm","subj-chemistry",hi,0,250,ZERO_CONTENT,"Class 12 State Board stream bank unpopulated in prior phase","Targeted Phase 17I production scheduled"
"Rajasthan Board (RBSE 10th & 12th Ajmer)","Class 12","science-pcm","subj-chemistry",en,0,250,ZERO_CONTENT,"Class 12 State Board stream bank unpopulated in prior phase","Targeted Phase 17I production scheduled"
"Rajasthan Board (RBSE 10th & 12th Ajmer)","Class 12","science-pcm","subj-math12",hi,0,250,ZERO_CONTENT,"Class 12 State Board stream bank unpopulated in prior phase","Targeted Phase 17I production scheduled"
"Rajasthan Board (RBSE 10th & 12th Ajmer)","Class 12","science-pcm","subj-math12",en,0,250,ZERO_CONTENT,"Class 12 State Board stream bank unpopulated in prior phase","Targeted Phase 17I production scheduled"
"Rajasthan Board (RBSE 10th & 12th Ajmer)","Class 12","science-pcm","subj-biology",hi,0,250,ZERO_CONTENT,"Class 12 State Board stream bank unpopulated in prior phase","Targeted Phase 17I production scheduled"
"Rajasthan Board (RBSE 10th & 12th Ajmer)","Class 12","science-pcm","subj-biology",en,0,250,ZERO_CONTENT,"Class 12 State Board stream bank unpopulated in prior phase","Targeted Phase 17I production scheduled"
"Rajasthan Board (RBSE 10th & 12th Ajmer)","Class 12","commerce","subj-accountancy",hi,0,250,ZERO_CONTENT,"Class 12 State Board stream bank unpopulated in prior phase","Targeted Phase 17I production scheduled"
"Rajasthan Board (RBSE 10th & 12th Ajmer)","Class 12","commerce","subj-accountancy",en,0,250,ZERO_CONTENT,"Class 12 State Board stream bank unpopulated in prior phase","Targeted Phase 17I production scheduled"
"Rajasthan Board (RBSE 10th & 12th Ajmer)","Class 12","commerce","subj-business",hi,0,250,ZERO_CONTENT,"Class 12 State Board stream bank unpopulated in prior phase","Targeted Phase 17I production scheduled"
"Rajasthan Board (RBSE 10th & 12th Ajmer)","Class 12","commerce","subj-business",en,0,250,ZERO_CONTENT,"Class 12 State Board stream bank unpopulated in prior phase","Targeted Phase 17I production scheduled"
"Rajasthan Board (RBSE 10th & 12th Ajmer)","Class 12","commerce","subj-economics",hi,0,250,ZERO_CONTENT,"Class 12 State Board stream bank unpopulated in prior phase","Targeted Phase 17I production scheduled"
"Rajasthan Board (RBSE 10th & 12th Ajmer)","Class 12","commerce","subj-economics",en,0,250,ZERO_CONTENT,"Class 12 State Board stream bank unpopulated in prior phase","Targeted Phase 17I production scheduled"
"Rajasthan Board (RBSE 10th & 12th Ajmer)","Class 12","humanities","subj-history",hi,0,250,ZERO_CONTENT,"Class 12 State Board stream bank unpopulated in prior phase","Targeted Phase 17I production scheduled"
"Rajasthan Board (RBSE 10th & 12th Ajmer)","Class 12","humanities","subj-history",en,0,250,ZERO_CONTENT,"Class 12 State Board stream bank unpopulated in prior phase","Targeted Phase 17I production scheduled"
"Rajasthan Board (RBSE 10th & 12th Ajmer)","Class 12","humanities","subj-polity",hi,0,250,ZERO_CONTENT,"Class 12 State Board stream bank unpopulated in prior phase","Targeted Phase 17I production scheduled"
"Rajasthan Board (RBSE 10th & 12th Ajmer)","Class 12","humanities","subj-polity",en,0,250,ZERO_CONTENT,"Class 12 State Board stream bank unpopulated in prior phase","Targeted Phase 17I production scheduled"
"Rajasthan Board (RBSE 10th & 12th Ajmer)","Class 12","humanities","subj-geography",hi,0,250,ZERO_CONTENT,"Class 12 State Board stream bank unpopulated in prior phase","Targeted Phase 17I production scheduled"
"Rajasthan Board (RBSE 10th & 12th Ajmer)","Class 12","humanities","subj-geography",en,0,250,ZERO_CONTENT,"Class 12 State Board stream bank unpopulated in prior phase","Targeted Phase 17I production scheduled"
"Rajasthan Board (RBSE 10th & 12th Ajmer)","Class 9","general","subj-science",hi,0,65,ZERO_CONTENT,"Class 9/11 foundational support pending","Targeted Phase 17I production scheduled"
"Rajasthan Board (RBSE 10th & 12th Ajmer)","Class 9","general","subj-science",en,0,65,ZERO_CONTENT,"Class 9/11 foundational support pending","Targeted Phase 17I production scheduled"
"Rajasthan Board (RBSE 10th & 12th Ajmer)","Class 9","general","subj-math",hi,0,65,ZERO_CONTENT,"Class 9/11 foundational support pending","Targeted Phase 17I production scheduled"
"Rajasthan Board (RBSE 10th & 12th Ajmer)","Class 9","general","subj-math",en,0,65,ZERO_CONTENT,"Class 9/11 foundational support pending","Targeted Phase 17I production scheduled"
"Rajasthan Board (RBSE 10th & 12th Ajmer)","Class 9","general","subj-social",hi,0,65,ZERO_CONTENT,"Class 9/11 foundational support pending","Targeted Phase 17I production scheduled"
"Rajasthan Board (RBSE 10th & 12th Ajmer)","Class 9","general","subj-social",en,0,65,ZERO_CONTENT,"Class 9/11 foundational support pending","Targeted Phase 17I production scheduled"
"Rajasthan Board (RBSE 10th & 12th Ajmer)","Class 11","science-pcm","subj-physics",hi,0,65,ZERO_CONTENT,"Class 9/11 foundational support pending","Targeted Phase 17I production scheduled"
"Rajasthan Board (RBSE 10th & 12th Ajmer)","Class 11","science-pcm","subj-physics",en,0,65,ZERO_CONTENT,"Class 9/11 foundational support pending","Targeted Phase 17I production scheduled"
"Rajasthan Board (RBSE 10th & 12th Ajmer)","Class 11","science-pcm","subj-chemistry",hi,0,65,ZERO_CONTENT,"Class 9/11 foundational support pending","Targeted Phase 17I production scheduled"
"Rajasthan Board (RBSE 10th & 12th Ajmer)","Class 11","science-pcm","subj-chemistry",en,0,65,ZERO_CONTENT,"Class 9/11 foundational support pending","Targeted Phase 17I production scheduled"
"Assam Board (SEBA HSLC 10th & AHSEC HS 12th)","Class 10","general","subj-english",as,0,250,ZERO_CONTENT,"Core subject practice expansion needed","Targeted Phase 17I production scheduled"
"Assam Board (SEBA HSLC 10th & AHSEC HS 12th)","Class 10","general","subj-english",en,0,250,ZERO_CONTENT,"Core subject practice expansion needed","Targeted Phase 17I production scheduled"
"Assam Board (SEBA HSLC 10th & AHSEC HS 12th)","Class 12","science-pcm","subj-physics",as,0,250,ZERO_CONTENT,"Class 12 State Board stream bank unpopulated in prior phase","Targeted Phase 17I production scheduled"
"Assam Board (SEBA HSLC 10th & AHSEC HS 12th)","Class 12","science-pcm","subj-physics",en,0,250,ZERO_CONTENT,"Class 12 State Board stream bank unpopulated in prior phase","Targeted Phase 17I production scheduled"
"Assam Board (SEBA HSLC 10th & AHSEC HS 12th)","Class 12","science-pcm","subj-chemistry",as,0,250,ZERO_CONTENT,"Class 12 State Board stream bank unpopulated in prior phase","Targeted Phase 17I production scheduled"
"Assam Board (SEBA HSLC 10th & AHSEC HS 12th)","Class 12","science-pcm","subj-chemistry",en,0,250,ZERO_CONTENT,"Class 12 State Board stream bank unpopulated in prior phase","Targeted Phase 17I production scheduled"
"Assam Board (SEBA HSLC 10th & AHSEC HS 12th)","Class 12","science-pcm","subj-math12",as,0,250,ZERO_CONTENT,"Class 12 State Board stream bank unpopulated in prior phase","Targeted Phase 17I production scheduled"
"Assam Board (SEBA HSLC 10th & AHSEC HS 12th)","Class 12","science-pcm","subj-math12",en,0,250,ZERO_CONTENT,"Class 12 State Board stream bank unpopulated in prior phase","Targeted Phase 17I production scheduled"
"Assam Board (SEBA HSLC 10th & AHSEC HS 12th)","Class 12","science-pcm","subj-biology",as,0,250,ZERO_CONTENT,"Class 12 State Board stream bank unpopulated in prior phase","Targeted Phase 17I production scheduled"
"Assam Board (SEBA HSLC 10th & AHSEC HS 12th)","Class 12","science-pcm","subj-biology",en,0,250,ZERO_CONTENT,"Class 12 State Board stream bank unpopulated in prior phase","Targeted Phase 17I production scheduled"
"Assam Board (SEBA HSLC 10th & AHSEC HS 12th)","Class 12","commerce","subj-accountancy",as,0,250,ZERO_CONTENT,"Class 12 State Board stream bank unpopulated in prior phase","Targeted Phase 17I production scheduled"
"Assam Board (SEBA HSLC 10th & AHSEC HS 12th)","Class 12","commerce","subj-accountancy",en,0,250,ZERO_CONTENT,"Class 12 State Board stream bank unpopulated in prior phase","Targeted Phase 17I production scheduled"
"Assam Board (SEBA HSLC 10th & AHSEC HS 12th)","Class 12","commerce","subj-business",as,0,250,ZERO_CONTENT,"Class 12 State Board stream bank unpopulated in prior phase","Targeted Phase 17I production scheduled"
"Assam Board (SEBA HSLC 10th & AHSEC HS 12th)","Class 12","commerce","subj-business",en,0,250,ZERO_CONTENT,"Class 12 State Board stream bank unpopulated in prior phase","Targeted Phase 17I production scheduled"
"Assam Board (SEBA HSLC 10th & AHSEC HS 12th)","Class 12","commerce","subj-economics",as,0,250,ZERO_CONTENT,"Class 12 State Board stream bank unpopulated in prior phase","Targeted Phase 17I production scheduled"
"Assam Board (SEBA HSLC 10th & AHSEC HS 12th)","Class 12","commerce","subj-economics",en,0,250,ZERO_CONTENT,"Class 12 State Board stream bank unpopulated in prior phase","Targeted Phase 17I production scheduled"
"Assam Board (SEBA HSLC 10th & AHSEC HS 12th)","Class 12","humanities","subj-history",as,0,250,ZERO_CONTENT,"Class 12 State Board stream bank unpopulated in prior phase","Targeted Phase 17I production scheduled"
"Assam Board (SEBA HSLC 10th & AHSEC HS 12th)","Class 12","humanities","subj-history",en,0,250,ZERO_CONTENT,"Class 12 State Board stream bank unpopulated in prior phase","Targeted Phase 17I production scheduled"
"Assam Board (SEBA HSLC 10th & AHSEC HS 12th)","Class 12","humanities","subj-polity",as,0,250,ZERO_CONTENT,"Class 12 State Board stream bank unpopulated in prior phase","Targeted Phase 17I production scheduled"
"Assam Board (SEBA HSLC 10th & AHSEC HS 12th)","Class 12","humanities","subj-polity",en,0,250,ZERO_CONTENT,"Class 12 State Board stream bank unpopulated in prior phase","Targeted Phase 17I production scheduled"
"Assam Board (SEBA HSLC 10th & AHSEC HS 12th)","Class 12","humanities","subj-geography",as,0,250,ZERO_CONTENT,"Class 12 State Board stream bank unpopulated in prior phase","Targeted Phase 17I production scheduled"
"Assam Board (SEBA HSLC 10th & AHSEC HS 12th)","Class 12","humanities","subj-geography",en,0,250,ZERO_CONTENT,"Class 12 State Board stream bank unpopulated in prior phase","Targeted Phase 17I production scheduled"
"Assam Board (SEBA HSLC 10th & AHSEC HS 12th)","Class 9","general","subj-science",as,0,65,ZERO_CONTENT,"Class 9/11 foundational support pending","Targeted Phase 17I production scheduled"
"Assam Board (SEBA HSLC 10th & AHSEC HS 12th)","Class 9","general","subj-science",en,0,65,ZERO_CONTENT,"Class 9/11 foundational support pending","Targeted Phase 17I production scheduled"
"Assam Board (SEBA HSLC 10th & AHSEC HS 12th)","Class 9","general","subj-math",as,0,65,ZERO_CONTENT,"Class 9/11 foundational support pending","Targeted Phase 17I production scheduled"
"Assam Board (SEBA HSLC 10th & AHSEC HS 12th)","Class 9","general","subj-math",en,0,65,ZERO_CONTENT,"Class 9/11 foundational support pending","Targeted Phase 17I production scheduled"
"Assam Board (SEBA HSLC 10th & AHSEC HS 12th)","Class 9","general","subj-social",as,0,65,ZERO_CONTENT,"Class 9/11 foundational support pending","Targeted Phase 17I production scheduled"
"Assam Board (SEBA HSLC 10th & AHSEC HS 12th)","Class 9","general","subj-social",en,0,65,ZERO_CONTENT,"Class 9/11 foundational support pending","Targeted Phase 17I production scheduled"
"Assam Board (SEBA HSLC 10th & AHSEC HS 12th)","Class 11","science-pcm","subj-physics",as,0,65,ZERO_CONTENT,"Class 9/11 foundational support pending","Targeted Phase 17I production scheduled"
"Assam Board (SEBA HSLC 10th & AHSEC HS 12th)","Class 11","science-pcm","subj-physics",en,0,65,ZERO_CONTENT,"Class 9/11 foundational support pending","Targeted Phase 17I production scheduled"
"Assam Board (SEBA HSLC 10th & AHSEC HS 12th)","Class 11","science-pcm","subj-chemistry",as,0,65,ZERO_CONTENT,"Class 9/11 foundational support pending","Targeted Phase 17I production scheduled"
"Assam Board (SEBA HSLC 10th & AHSEC HS 12th)","Class 11","science-pcm","subj-chemistry",en,0,65,ZERO_CONTENT,"Class 9/11 foundational support pending","Targeted Phase 17I production scheduled"
"Tripura Board of Secondary Education","Class 10","general","subj-bengali",bn,200,250,LOW_CONTENT,"Core subject practice expansion needed","Targeted Phase 17I production scheduled"
"Tripura Board of Secondary Education","Class 10","general","subj-bengali",en,200,250,LOW_CONTENT,"Core subject practice expansion needed","Targeted Phase 17I production scheduled"
"Tripura Board of Secondary Education","Class 10","general","subj-science",bn,200,250,LOW_CONTENT,"Core subject practice expansion needed","Targeted Phase 17I production scheduled"
"Tripura Board of Secondary Education","Class 10","general","subj-science",en,200,250,LOW_CONTENT,"Core subject practice expansion needed","Targeted Phase 17I production scheduled"
"Tripura Board of Secondary Education","Class 10","general","subj-math",bn,100,250,LOW_CONTENT,"Core subject practice expansion needed","Targeted Phase 17I production scheduled"
"Tripura Board of Secondary Education","Class 10","general","subj-math",en,100,250,LOW_CONTENT,"Core subject practice expansion needed","Targeted Phase 17I production scheduled"
"Tripura Board of Secondary Education","Class 10","general","subj-social",bn,100,250,LOW_CONTENT,"Core subject practice expansion needed","Targeted Phase 17I production scheduled"
"Tripura Board of Secondary Education","Class 10","general","subj-social",en,100,250,LOW_CONTENT,"Core subject practice expansion needed","Targeted Phase 17I production scheduled"
"Tripura Board of Secondary Education","Class 10","general","subj-english",bn,0,250,ZERO_CONTENT,"Core subject practice expansion needed","Targeted Phase 17I production scheduled"
"Tripura Board of Secondary Education","Class 10","general","subj-english",en,0,250,ZERO_CONTENT,"Core subject practice expansion needed","Targeted Phase 17I production scheduled"
"Tripura Board of Secondary Education","Class 12","science-pcm","subj-physics",bn,0,250,ZERO_CONTENT,"Class 12 State Board stream bank unpopulated in prior phase","Targeted Phase 17I production scheduled"
"Tripura Board of Secondary Education","Class 12","science-pcm","subj-physics",en,0,250,ZERO_CONTENT,"Class 12 State Board stream bank unpopulated in prior phase","Targeted Phase 17I production scheduled"
"Tripura Board of Secondary Education","Class 12","science-pcm","subj-chemistry",bn,0,250,ZERO_CONTENT,"Class 12 State Board stream bank unpopulated in prior phase","Targeted Phase 17I production scheduled"
"Tripura Board of Secondary Education","Class 12","science-pcm","subj-chemistry",en,0,250,ZERO_CONTENT,"Class 12 State Board stream bank unpopulated in prior phase","Targeted Phase 17I production scheduled"
"Tripura Board of Secondary Education","Class 12","science-pcm","subj-math12",bn,0,250,ZERO_CONTENT,"Class 12 State Board stream bank unpopulated in prior phase","Targeted Phase 17I production scheduled"
"Tripura Board of Secondary Education","Class 12","science-pcm","subj-math12",en,0,250,ZERO_CONTENT,"Class 12 State Board stream bank unpopulated in prior phase","Targeted Phase 17I production scheduled"
"Tripura Board of Secondary Education","Class 12","science-pcm","subj-biology",bn,0,250,ZERO_CONTENT,"Class 12 State Board stream bank unpopulated in prior phase","Targeted Phase 17I production scheduled"
"Tripura Board of Secondary Education","Class 12","science-pcm","subj-biology",en,0,250,ZERO_CONTENT,"Class 12 State Board stream bank unpopulated in prior phase","Targeted Phase 17I production scheduled"
"Tripura Board of Secondary Education","Class 12","commerce","subj-accountancy",bn,0,250,ZERO_CONTENT,"Class 12 State Board stream bank unpopulated in prior phase","Targeted Phase 17I production scheduled"
"Tripura Board of Secondary Education","Class 12","commerce","subj-accountancy",en,0,250,ZERO_CONTENT,"Class 12 State Board stream bank unpopulated in prior phase","Targeted Phase 17I production scheduled"
"Tripura Board of Secondary Education","Class 12","commerce","subj-business",bn,0,250,ZERO_CONTENT,"Class 12 State Board stream bank unpopulated in prior phase","Targeted Phase 17I production scheduled"
"Tripura Board of Secondary Education","Class 12","commerce","subj-business",en,0,250,ZERO_CONTENT,"Class 12 State Board stream bank unpopulated in prior phase","Targeted Phase 17I production scheduled"
"Tripura Board of Secondary Education","Class 12","commerce","subj-economics",bn,0,250,ZERO_CONTENT,"Class 12 State Board stream bank unpopulated in prior phase","Targeted Phase 17I production scheduled"
"Tripura Board of Secondary Education","Class 12","commerce","subj-economics",en,0,250,ZERO_CONTENT,"Class 12 State Board stream bank unpopulated in prior phase","Targeted Phase 17I production scheduled"
"Tripura Board of Secondary Education","Class 12","humanities","subj-history",bn,0,250,ZERO_CONTENT,"Class 12 State Board stream bank unpopulated in prior phase","Targeted Phase 17I production scheduled"
"Tripura Board of Secondary Education","Class 12","humanities","subj-history",en,0,250,ZERO_CONTENT,"Class 12 State Board stream bank unpopulated in prior phase","Targeted Phase 17I production scheduled"
"Tripura Board of Secondary Education","Class 12","humanities","subj-polity",bn,0,250,ZERO_CONTENT,"Class 12 State Board stream bank unpopulated in prior phase","Targeted Phase 17I production scheduled"
"Tripura Board of Secondary Education","Class 12","humanities","subj-polity",en,0,250,ZERO_CONTENT,"Class 12 State Board stream bank unpopulated in prior phase","Targeted Phase 17I production scheduled"
"Tripura Board of Secondary Education","Class 12","humanities","subj-geography",bn,0,250,ZERO_CONTENT,"Class 12 State Board stream bank unpopulated in prior phase","Targeted Phase 17I production scheduled"
"Tripura Board of Secondary Education","Class 12","humanities","subj-geography",en,0,250,ZERO_CONTENT,"Class 12 State Board stream bank unpopulated in prior phase","Targeted Phase 17I production scheduled"
"Tripura Board of Secondary Education","Class 9","general","subj-science",bn,0,65,ZERO_CONTENT,"Class 9/11 foundational support pending","Targeted Phase 17I production scheduled"
"Tripura Board of Secondary Education","Class 9","general","subj-science",en,0,65,ZERO_CONTENT,"Class 9/11 foundational support pending","Targeted Phase 17I production scheduled"
"Tripura Board of Secondary Education","Class 9","general","subj-math",bn,0,65,ZERO_CONTENT,"Class 9/11 foundational support pending","Targeted Phase 17I production scheduled"
"Tripura Board of Secondary Education","Class 9","general","subj-math",en,0,65,ZERO_CONTENT,"Class 9/11 foundational support pending","Targeted Phase 17I production scheduled"
"Tripura Board of Secondary Education","Class 9","general","subj-social",bn,0,65,ZERO_CONTENT,"Class 9/11 foundational support pending","Targeted Phase 17I production scheduled"
"Tripura Board of Secondary Education","Class 9","general","subj-social",en,0,65,ZERO_CONTENT,"Class 9/11 foundational support pending","Targeted Phase 17I production scheduled"
"Tripura Board of Secondary Education","Class 11","science-pcm","subj-physics",bn,0,65,ZERO_CONTENT,"Class 9/11 foundational support pending","Targeted Phase 17I production scheduled"
"Tripura Board of Secondary Education","Class 11","science-pcm","subj-physics",en,0,65,ZERO_CONTENT,"Class 9/11 foundational support pending","Targeted Phase 17I production scheduled"
"Tripura Board of Secondary Education","Class 11","science-pcm","subj-chemistry",bn,0,65,ZERO_CONTENT,"Class 9/11 foundational support pending","Targeted Phase 17I production scheduled"
"Tripura Board of Secondary Education","Class 11","science-pcm","subj-chemistry",en,0,65,ZERO_CONTENT,"Class 9/11 foundational support pending","Targeted Phase 17I production scheduled"
"Tamil Nadu State Board (SSLC 10th & HSE +1, +2)","Class 10","general","subj-english",ta,0,250,ZERO_CONTENT,"Core subject practice expansion needed","Targeted Phase 17I production scheduled"
"Tamil Nadu State Board (SSLC 10th & HSE +1, +2)","Class 10","general","subj-english",en,0,250,ZERO_CONTENT,"Core subject practice expansion needed","Targeted Phase 17I production scheduled"
"Tamil Nadu State Board (SSLC 10th & HSE +1, +2)","Class 12","science-pcm","subj-physics",ta,0,250,ZERO_CONTENT,"Class 12 State Board stream bank unpopulated in prior phase","Targeted Phase 17I production scheduled"
"Tamil Nadu State Board (SSLC 10th & HSE +1, +2)","Class 12","science-pcm","subj-physics",en,0,250,ZERO_CONTENT,"Class 12 State Board stream bank unpopulated in prior phase","Targeted Phase 17I production scheduled"
"Tamil Nadu State Board (SSLC 10th & HSE +1, +2)","Class 12","science-pcm","subj-chemistry",ta,0,250,ZERO_CONTENT,"Class 12 State Board stream bank unpopulated in prior phase","Targeted Phase 17I production scheduled"
"Tamil Nadu State Board (SSLC 10th & HSE +1, +2)","Class 12","science-pcm","subj-chemistry",en,0,250,ZERO_CONTENT,"Class 12 State Board stream bank unpopulated in prior phase","Targeted Phase 17I production scheduled"
"Tamil Nadu State Board (SSLC 10th & HSE +1, +2)","Class 12","science-pcm","subj-math12",ta,0,250,ZERO_CONTENT,"Class 12 State Board stream bank unpopulated in prior phase","Targeted Phase 17I production scheduled"
"Tamil Nadu State Board (SSLC 10th & HSE +1, +2)","Class 12","science-pcm","subj-math12",en,0,250,ZERO_CONTENT,"Class 12 State Board stream bank unpopulated in prior phase","Targeted Phase 17I production scheduled"
"Tamil Nadu State Board (SSLC 10th & HSE +1, +2)","Class 12","science-pcm","subj-biology",ta,0,250,ZERO_CONTENT,"Class 12 State Board stream bank unpopulated in prior phase","Targeted Phase 17I production scheduled"
"Tamil Nadu State Board (SSLC 10th & HSE +1, +2)","Class 12","science-pcm","subj-biology",en,0,250,ZERO_CONTENT,"Class 12 State Board stream bank unpopulated in prior phase","Targeted Phase 17I production scheduled"
"Tamil Nadu State Board (SSLC 10th & HSE +1, +2)","Class 12","commerce","subj-accountancy",ta,0,250,ZERO_CONTENT,"Class 12 State Board stream bank unpopulated in prior phase","Targeted Phase 17I production scheduled"
"Tamil Nadu State Board (SSLC 10th & HSE +1, +2)","Class 12","commerce","subj-accountancy",en,0,250,ZERO_CONTENT,"Class 12 State Board stream bank unpopulated in prior phase","Targeted Phase 17I production scheduled"
"Tamil Nadu State Board (SSLC 10th & HSE +1, +2)","Class 12","commerce","subj-business",ta,0,250,ZERO_CONTENT,"Class 12 State Board stream bank unpopulated in prior phase","Targeted Phase 17I production scheduled"
"Tamil Nadu State Board (SSLC 10th & HSE +1, +2)","Class 12","commerce","subj-business",en,0,250,ZERO_CONTENT,"Class 12 State Board stream bank unpopulated in prior phase","Targeted Phase 17I production scheduled"
"Tamil Nadu State Board (SSLC 10th & HSE +1, +2)","Class 12","commerce","subj-economics",ta,0,250,ZERO_CONTENT,"Class 12 State Board stream bank unpopulated in prior phase","Targeted Phase 17I production scheduled"
"Tamil Nadu State Board (SSLC 10th & HSE +1, +2)","Class 12","commerce","subj-economics",en,0,250,ZERO_CONTENT,"Class 12 State Board stream bank unpopulated in prior phase","Targeted Phase 17I production scheduled"
"Tamil Nadu State Board (SSLC 10th & HSE +1, +2)","Class 12","humanities","subj-history",ta,0,250,ZERO_CONTENT,"Class 12 State Board stream bank unpopulated in prior phase","Targeted Phase 17I production scheduled"
"Tamil Nadu State Board (SSLC 10th & HSE +1, +2)","Class 12","humanities","subj-history",en,0,250,ZERO_CONTENT,"Class 12 State Board stream bank unpopulated in prior phase","Targeted Phase 17I production scheduled"
"Tamil Nadu State Board (SSLC 10th & HSE +1, +2)","Class 12","humanities","subj-polity",ta,0,250,ZERO_CONTENT,"Class 12 State Board stream bank unpopulated in prior phase","Targeted Phase 17I production scheduled"
"Tamil Nadu State Board (SSLC 10th & HSE +1, +2)","Class 12","humanities","subj-polity",en,0,250,ZERO_CONTENT,"Class 12 State Board stream bank unpopulated in prior phase","Targeted Phase 17I production scheduled"
"Tamil Nadu State Board (SSLC 10th & HSE +1, +2)","Class 12","humanities","subj-geography",ta,0,250,ZERO_CONTENT,"Class 12 State Board stream bank unpopulated in prior phase","Targeted Phase 17I production scheduled"
"Tamil Nadu State Board (SSLC 10th & HSE +1, +2)","Class 12","humanities","subj-geography",en,0,250,ZERO_CONTENT,"Class 12 State Board stream bank unpopulated in prior phase","Targeted Phase 17I production scheduled"
"Tamil Nadu State Board (SSLC 10th & HSE +1, +2)","Class 9","general","subj-science",ta,0,65,ZERO_CONTENT,"Class 9/11 foundational support pending","Targeted Phase 17I production scheduled"
"Tamil Nadu State Board (SSLC 10th & HSE +1, +2)","Class 9","general","subj-science",en,0,65,ZERO_CONTENT,"Class 9/11 foundational support pending","Targeted Phase 17I production scheduled"
"Tamil Nadu State Board (SSLC 10th & HSE +1, +2)","Class 9","general","subj-math",ta,0,65,ZERO_CONTENT,"Class 9/11 foundational support pending","Targeted Phase 17I production scheduled"
"Tamil Nadu State Board (SSLC 10th & HSE +1, +2)","Class 9","general","subj-math",en,0,65,ZERO_CONTENT,"Class 9/11 foundational support pending","Targeted Phase 17I production scheduled"
"Tamil Nadu State Board (SSLC 10th & HSE +1, +2)","Class 9","general","subj-social",ta,0,65,ZERO_CONTENT,"Class 9/11 foundational support pending","Targeted Phase 17I production scheduled"
"Tamil Nadu State Board (SSLC 10th & HSE +1, +2)","Class 9","general","subj-social",en,0,65,ZERO_CONTENT,"Class 9/11 foundational support pending","Targeted Phase 17I production scheduled"
"Tamil Nadu State Board (SSLC 10th & HSE +1, +2)","Class 11","science-pcm","subj-physics",ta,0,65,ZERO_CONTENT,"Class 9/11 foundational support pending","Targeted Phase 17I production scheduled"
"Tamil Nadu State Board (SSLC 10th & HSE +1, +2)","Class 11","science-pcm","subj-physics",en,0,65,ZERO_CONTENT,"Class 9/11 foundational support pending","Targeted Phase 17I production scheduled"
"Tamil Nadu State Board (SSLC 10th & HSE +1, +2)","Class 11","science-pcm","subj-chemistry",ta,0,65,ZERO_CONTENT,"Class 9/11 foundational support pending","Targeted Phase 17I production scheduled"
"Tamil Nadu State Board (SSLC 10th & HSE +1, +2)","Class 11","science-pcm","subj-chemistry",en,0,65,ZERO_CONTENT,"Class 9/11 foundational support pending","Targeted Phase 17I production scheduled"
"Telangana & AP Board (TSBIE & BIEAP Inter 1st/2nd Yr)","Class 10","general","subj-science",te,0,250,ZERO_CONTENT,"Core subject practice expansion needed","Targeted Phase 17I production scheduled"
"Telangana & AP Board (TSBIE & BIEAP Inter 1st/2nd Yr)","Class 10","general","subj-science",en,0,250,ZERO_CONTENT,"Core subject practice expansion needed","Targeted Phase 17I production scheduled"
"Telangana & AP Board (TSBIE & BIEAP Inter 1st/2nd Yr)","Class 10","general","subj-math",te,0,250,ZERO_CONTENT,"Core subject practice expansion needed","Targeted Phase 17I production scheduled"
"Telangana & AP Board (TSBIE & BIEAP Inter 1st/2nd Yr)","Class 10","general","subj-math",en,0,250,ZERO_CONTENT,"Core subject practice expansion needed","Targeted Phase 17I production scheduled"
"Telangana & AP Board (TSBIE & BIEAP Inter 1st/2nd Yr)","Class 10","general","subj-social",te,0,250,ZERO_CONTENT,"Core subject practice expansion needed","Targeted Phase 17I production scheduled"
"Telangana & AP Board (TSBIE & BIEAP Inter 1st/2nd Yr)","Class 10","general","subj-social",en,0,250,ZERO_CONTENT,"Core subject practice expansion needed","Targeted Phase 17I production scheduled"
"Telangana & AP Board (TSBIE & BIEAP Inter 1st/2nd Yr)","Class 10","general","subj-english",te,0,250,ZERO_CONTENT,"Core subject practice expansion needed","Targeted Phase 17I production scheduled"
"Telangana & AP Board (TSBIE & BIEAP Inter 1st/2nd Yr)","Class 10","general","subj-english",en,0,250,ZERO_CONTENT,"Core subject practice expansion needed","Targeted Phase 17I production scheduled"
"Telangana & AP Board (TSBIE & BIEAP Inter 1st/2nd Yr)","Class 12","science-pcm","subj-biology",te,0,250,ZERO_CONTENT,"Class 12 State Board stream bank unpopulated in prior phase","Targeted Phase 17I production scheduled"
"Telangana & AP Board (TSBIE & BIEAP Inter 1st/2nd Yr)","Class 12","science-pcm","subj-biology",en,0,250,ZERO_CONTENT,"Class 12 State Board stream bank unpopulated in prior phase","Targeted Phase 17I production scheduled"
"Telangana & AP Board (TSBIE & BIEAP Inter 1st/2nd Yr)","Class 12","commerce","subj-accountancy",te,0,250,ZERO_CONTENT,"Class 12 State Board stream bank unpopulated in prior phase","Targeted Phase 17I production scheduled"
"Telangana & AP Board (TSBIE & BIEAP Inter 1st/2nd Yr)","Class 12","commerce","subj-accountancy",en,0,250,ZERO_CONTENT,"Class 12 State Board stream bank unpopulated in prior phase","Targeted Phase 17I production scheduled"
"Telangana & AP Board (TSBIE & BIEAP Inter 1st/2nd Yr)","Class 12","commerce","subj-business",te,0,250,ZERO_CONTENT,"Class 12 State Board stream bank unpopulated in prior phase","Targeted Phase 17I production scheduled"
"Telangana & AP Board (TSBIE & BIEAP Inter 1st/2nd Yr)","Class 12","commerce","subj-business",en,0,250,ZERO_CONTENT,"Class 12 State Board stream bank unpopulated in prior phase","Targeted Phase 17I production scheduled"
"Telangana & AP Board (TSBIE & BIEAP Inter 1st/2nd Yr)","Class 12","commerce","subj-economics",te,200,250,LOW_CONTENT,"Class 12 State Board stream bank unpopulated in prior phase","Targeted Phase 17I production scheduled"
"Telangana & AP Board (TSBIE & BIEAP Inter 1st/2nd Yr)","Class 12","commerce","subj-economics",en,200,250,LOW_CONTENT,"Class 12 State Board stream bank unpopulated in prior phase","Targeted Phase 17I production scheduled"
"Telangana & AP Board (TSBIE & BIEAP Inter 1st/2nd Yr)","Class 12","humanities","subj-history",te,0,250,ZERO_CONTENT,"Class 12 State Board stream bank unpopulated in prior phase","Targeted Phase 17I production scheduled"
"Telangana & AP Board (TSBIE & BIEAP Inter 1st/2nd Yr)","Class 12","humanities","subj-history",en,0,250,ZERO_CONTENT,"Class 12 State Board stream bank unpopulated in prior phase","Targeted Phase 17I production scheduled"
"Telangana & AP Board (TSBIE & BIEAP Inter 1st/2nd Yr)","Class 12","humanities","subj-polity",te,0,250,ZERO_CONTENT,"Class 12 State Board stream bank unpopulated in prior phase","Targeted Phase 17I production scheduled"
"Telangana & AP Board (TSBIE & BIEAP Inter 1st/2nd Yr)","Class 12","humanities","subj-polity",en,0,250,ZERO_CONTENT,"Class 12 State Board stream bank unpopulated in prior phase","Targeted Phase 17I production scheduled"
"Telangana & AP Board (TSBIE & BIEAP Inter 1st/2nd Yr)","Class 12","humanities","subj-geography",te,0,250,ZERO_CONTENT,"Class 12 State Board stream bank unpopulated in prior phase","Targeted Phase 17I production scheduled"
"Telangana & AP Board (TSBIE & BIEAP Inter 1st/2nd Yr)","Class 12","humanities","subj-geography",en,0,250,ZERO_CONTENT,"Class 12 State Board stream bank unpopulated in prior phase","Targeted Phase 17I production scheduled"
"Telangana & AP Board (TSBIE & BIEAP Inter 1st/2nd Yr)","Class 9","general","subj-science",te,0,65,ZERO_CONTENT,"Class 9/11 foundational support pending","Targeted Phase 17I production scheduled"
"Telangana & AP Board (TSBIE & BIEAP Inter 1st/2nd Yr)","Class 9","general","subj-science",en,0,65,ZERO_CONTENT,"Class 9/11 foundational support pending","Targeted Phase 17I production scheduled"
"Telangana & AP Board (TSBIE & BIEAP Inter 1st/2nd Yr)","Class 9","general","subj-math",te,0,65,ZERO_CONTENT,"Class 9/11 foundational support pending","Targeted Phase 17I production scheduled"
"Telangana & AP Board (TSBIE & BIEAP Inter 1st/2nd Yr)","Class 9","general","subj-math",en,0,65,ZERO_CONTENT,"Class 9/11 foundational support pending","Targeted Phase 17I production scheduled"
"Telangana & AP Board (TSBIE & BIEAP Inter 1st/2nd Yr)","Class 9","general","subj-social",te,0,65,ZERO_CONTENT,"Class 9/11 foundational support pending","Targeted Phase 17I production scheduled"
"Telangana & AP Board (TSBIE & BIEAP Inter 1st/2nd Yr)","Class 9","general","subj-social",en,0,65,ZERO_CONTENT,"Class 9/11 foundational support pending","Targeted Phase 17I production scheduled"
"Telangana & AP Board (TSBIE & BIEAP Inter 1st/2nd Yr)","Class 11","science-pcm","subj-physics",te,0,65,ZERO_CONTENT,"Class 9/11 foundational support pending","Targeted Phase 17I production scheduled"
"Telangana & AP Board (TSBIE & BIEAP Inter 1st/2nd Yr)","Class 11","science-pcm","subj-physics",en,0,65,ZERO_CONTENT,"Class 9/11 foundational support pending","Targeted Phase 17I production scheduled"
"Telangana & AP Board (TSBIE & BIEAP Inter 1st/2nd Yr)","Class 11","science-pcm","subj-chemistry",te,0,65,ZERO_CONTENT,"Class 9/11 foundational support pending","Targeted Phase 17I production scheduled"
"Telangana & AP Board (TSBIE & BIEAP Inter 1st/2nd Yr)","Class 11","science-pcm","subj-chemistry",en,0,65,ZERO_CONTENT,"Class 9/11 foundational support pending","Targeted Phase 17I production scheduled"
"Uttarakhand Board (UBSE Ramnagar 10th & 12th)","Class 10","general","subj-hindi",hi,200,250,LOW_CONTENT,"Core subject practice expansion needed","Targeted Phase 17I production scheduled"
"Uttarakhand Board (UBSE Ramnagar 10th & 12th)","Class 10","general","subj-hindi",en,200,250,LOW_CONTENT,"Core subject practice expansion needed","Targeted Phase 17I production scheduled"
"Uttarakhand Board (UBSE Ramnagar 10th & 12th)","Class 10","general","subj-science",hi,200,250,LOW_CONTENT,"Core subject practice expansion needed","Targeted Phase 17I production scheduled"
"Uttarakhand Board (UBSE Ramnagar 10th & 12th)","Class 10","general","subj-science",en,200,250,LOW_CONTENT,"Core subject practice expansion needed","Targeted Phase 17I production scheduled"
"Uttarakhand Board (UBSE Ramnagar 10th & 12th)","Class 10","general","subj-math",hi,200,250,LOW_CONTENT,"Core subject practice expansion needed","Targeted Phase 17I production scheduled"
"Uttarakhand Board (UBSE Ramnagar 10th & 12th)","Class 10","general","subj-math",en,200,250,LOW_CONTENT,"Core subject practice expansion needed","Targeted Phase 17I production scheduled"
"Uttarakhand Board (UBSE Ramnagar 10th & 12th)","Class 10","general","subj-social",hi,200,250,LOW_CONTENT,"Core subject practice expansion needed","Targeted Phase 17I production scheduled"
"Uttarakhand Board (UBSE Ramnagar 10th & 12th)","Class 10","general","subj-social",en,200,250,LOW_CONTENT,"Core subject practice expansion needed","Targeted Phase 17I production scheduled"
"Uttarakhand Board (UBSE Ramnagar 10th & 12th)","Class 10","general","subj-english",hi,0,250,ZERO_CONTENT,"Core subject practice expansion needed","Targeted Phase 17I production scheduled"
"Uttarakhand Board (UBSE Ramnagar 10th & 12th)","Class 10","general","subj-english",en,0,250,ZERO_CONTENT,"Core subject practice expansion needed","Targeted Phase 17I production scheduled"
"Uttarakhand Board (UBSE Ramnagar 10th & 12th)","Class 12","science-pcm","subj-physics",hi,0,250,ZERO_CONTENT,"Class 12 State Board stream bank unpopulated in prior phase","Targeted Phase 17I production scheduled"
"Uttarakhand Board (UBSE Ramnagar 10th & 12th)","Class 12","science-pcm","subj-physics",en,0,250,ZERO_CONTENT,"Class 12 State Board stream bank unpopulated in prior phase","Targeted Phase 17I production scheduled"
"Uttarakhand Board (UBSE Ramnagar 10th & 12th)","Class 12","science-pcm","subj-chemistry",hi,0,250,ZERO_CONTENT,"Class 12 State Board stream bank unpopulated in prior phase","Targeted Phase 17I production scheduled"
"Uttarakhand Board (UBSE Ramnagar 10th & 12th)","Class 12","science-pcm","subj-chemistry",en,0,250,ZERO_CONTENT,"Class 12 State Board stream bank unpopulated in prior phase","Targeted Phase 17I production scheduled"
"Uttarakhand Board (UBSE Ramnagar 10th & 12th)","Class 12","science-pcm","subj-math12",hi,0,250,ZERO_CONTENT,"Class 12 State Board stream bank unpopulated in prior phase","Targeted Phase 17I production scheduled"
"Uttarakhand Board (UBSE Ramnagar 10th & 12th)","Class 12","science-pcm","subj-math12",en,0,250,ZERO_CONTENT,"Class 12 State Board stream bank unpopulated in prior phase","Targeted Phase 17I production scheduled"
"Uttarakhand Board (UBSE Ramnagar 10th & 12th)","Class 12","science-pcm","subj-biology",hi,0,250,ZERO_CONTENT,"Class 12 State Board stream bank unpopulated in prior phase","Targeted Phase 17I production scheduled"
"Uttarakhand Board (UBSE Ramnagar 10th & 12th)","Class 12","science-pcm","subj-biology",en,0,250,ZERO_CONTENT,"Class 12 State Board stream bank unpopulated in prior phase","Targeted Phase 17I production scheduled"
"Uttarakhand Board (UBSE Ramnagar 10th & 12th)","Class 12","commerce","subj-accountancy",hi,0,250,ZERO_CONTENT,"Class 12 State Board stream bank unpopulated in prior phase","Targeted Phase 17I production scheduled"
"Uttarakhand Board (UBSE Ramnagar 10th & 12th)","Class 12","commerce","subj-accountancy",en,0,250,ZERO_CONTENT,"Class 12 State Board stream bank unpopulated in prior phase","Targeted Phase 17I production scheduled"
"Uttarakhand Board (UBSE Ramnagar 10th & 12th)","Class 12","commerce","subj-business",hi,0,250,ZERO_CONTENT,"Class 12 State Board stream bank unpopulated in prior phase","Targeted Phase 17I production scheduled"
"Uttarakhand Board (UBSE Ramnagar 10th & 12th)","Class 12","commerce","subj-business",en,0,250,ZERO_CONTENT,"Class 12 State Board stream bank unpopulated in prior phase","Targeted Phase 17I production scheduled"
"Uttarakhand Board (UBSE Ramnagar 10th & 12th)","Class 12","commerce","subj-economics",hi,0,250,ZERO_CONTENT,"Class 12 State Board stream bank unpopulated in prior phase","Targeted Phase 17I production scheduled"
"Uttarakhand Board (UBSE Ramnagar 10th & 12th)","Class 12","commerce","subj-economics",en,0,250,ZERO_CONTENT,"Class 12 State Board stream bank unpopulated in prior phase","Targeted Phase 17I production scheduled"
"Uttarakhand Board (UBSE Ramnagar 10th & 12th)","Class 12","humanities","subj-history",hi,0,250,ZERO_CONTENT,"Class 12 State Board stream bank unpopulated in prior phase","Targeted Phase 17I production scheduled"
"Uttarakhand Board (UBSE Ramnagar 10th & 12th)","Class 12","humanities","subj-history",en,0,250,ZERO_CONTENT,"Class 12 State Board stream bank unpopulated in prior phase","Targeted Phase 17I production scheduled"
"Uttarakhand Board (UBSE Ramnagar 10th & 12th)","Class 12","humanities","subj-polity",hi,0,250,ZERO_CONTENT,"Class 12 State Board stream bank unpopulated in prior phase","Targeted Phase 17I production scheduled"
"Uttarakhand Board (UBSE Ramnagar 10th & 12th)","Class 12","humanities","subj-polity",en,0,250,ZERO_CONTENT,"Class 12 State Board stream bank unpopulated in prior phase","Targeted Phase 17I production scheduled"
"Uttarakhand Board (UBSE Ramnagar 10th & 12th)","Class 12","humanities","subj-geography",hi,0,250,ZERO_CONTENT,"Class 12 State Board stream bank unpopulated in prior phase","Targeted Phase 17I production scheduled"
"Uttarakhand Board (UBSE Ramnagar 10th & 12th)","Class 12","humanities","subj-geography",en,0,250,ZERO_CONTENT,"Class 12 State Board stream bank unpopulated in prior phase","Targeted Phase 17I production scheduled"
"Uttarakhand Board (UBSE Ramnagar 10th & 12th)","Class 9","general","subj-science",hi,0,65,ZERO_CONTENT,"Class 9/11 foundational support pending","Targeted Phase 17I production scheduled"
"Uttarakhand Board (UBSE Ramnagar 10th & 12th)","Class 9","general","subj-science",en,0,65,ZERO_CONTENT,"Class 9/11 foundational support pending","Targeted Phase 17I production scheduled"
"Uttarakhand Board (UBSE Ramnagar 10th & 12th)","Class 9","general","subj-math",hi,0,65,ZERO_CONTENT,"Class 9/11 foundational support pending","Targeted Phase 17I production scheduled"
"Uttarakhand Board (UBSE Ramnagar 10th & 12th)","Class 9","general","subj-math",en,0,65,ZERO_CONTENT,"Class 9/11 foundational support pending","Targeted Phase 17I production scheduled"
"Uttarakhand Board (UBSE Ramnagar 10th & 12th)","Class 9","general","subj-social",hi,0,65,ZERO_CONTENT,"Class 9/11 foundational support pending","Targeted Phase 17I production scheduled"
"Uttarakhand Board (UBSE Ramnagar 10th & 12th)","Class 9","general","subj-social",en,0,65,ZERO_CONTENT,"Class 9/11 foundational support pending","Targeted Phase 17I production scheduled"
"Uttarakhand Board (UBSE Ramnagar 10th & 12th)","Class 11","science-pcm","subj-physics",hi,0,65,ZERO_CONTENT,"Class 9/11 foundational support pending","Targeted Phase 17I production scheduled"
"Uttarakhand Board (UBSE Ramnagar 10th & 12th)","Class 11","science-pcm","subj-physics",en,0,65,ZERO_CONTENT,"Class 9/11 foundational support pending","Targeted Phase 17I production scheduled"
"Uttarakhand Board (UBSE Ramnagar 10th & 12th)","Class 11","science-pcm","subj-chemistry",hi,0,65,ZERO_CONTENT,"Class 9/11 foundational support pending","Targeted Phase 17I production scheduled"
"Uttarakhand Board (UBSE Ramnagar 10th & 12th)","Class 11","science-pcm","subj-chemistry",en,0,65,ZERO_CONTENT,"Class 9/11 foundational support pending","Targeted Phase 17I production scheduled"
"UP Board (High School & Intermediate 10th/12th)","Class 10","general","subj-social",hi,200,250,LOW_CONTENT,"Core subject practice expansion needed","Targeted Phase 17I production scheduled"
"UP Board (High School & Intermediate 10th/12th)","Class 10","general","subj-social",en,200,250,LOW_CONTENT,"Core subject practice expansion needed","Targeted Phase 17I production scheduled"
"UP Board (High School & Intermediate 10th/12th)","Class 10","general","subj-english",hi,0,250,ZERO_CONTENT,"Core subject practice expansion needed","Targeted Phase 17I production scheduled"
"UP Board (High School & Intermediate 10th/12th)","Class 10","general","subj-english",en,0,250,ZERO_CONTENT,"Core subject practice expansion needed","Targeted Phase 17I production scheduled"
"UP Board (High School & Intermediate 10th/12th)","Class 12","science-pcm","subj-physics",hi,0,250,ZERO_CONTENT,"Class 12 State Board stream bank unpopulated in prior phase","Targeted Phase 17I production scheduled"
"UP Board (High School & Intermediate 10th/12th)","Class 12","science-pcm","subj-physics",en,0,250,ZERO_CONTENT,"Class 12 State Board stream bank unpopulated in prior phase","Targeted Phase 17I production scheduled"
"UP Board (High School & Intermediate 10th/12th)","Class 12","science-pcm","subj-chemistry",hi,0,250,ZERO_CONTENT,"Class 12 State Board stream bank unpopulated in prior phase","Targeted Phase 17I production scheduled"
"UP Board (High School & Intermediate 10th/12th)","Class 12","science-pcm","subj-chemistry",en,0,250,ZERO_CONTENT,"Class 12 State Board stream bank unpopulated in prior phase","Targeted Phase 17I production scheduled"
"UP Board (High School & Intermediate 10th/12th)","Class 12","science-pcm","subj-math12",hi,0,250,ZERO_CONTENT,"Class 12 State Board stream bank unpopulated in prior phase","Targeted Phase 17I production scheduled"
"UP Board (High School & Intermediate 10th/12th)","Class 12","science-pcm","subj-math12",en,0,250,ZERO_CONTENT,"Class 12 State Board stream bank unpopulated in prior phase","Targeted Phase 17I production scheduled"
"UP Board (High School & Intermediate 10th/12th)","Class 12","science-pcm","subj-biology",hi,0,250,ZERO_CONTENT,"Class 12 State Board stream bank unpopulated in prior phase","Targeted Phase 17I production scheduled"
"UP Board (High School & Intermediate 10th/12th)","Class 12","science-pcm","subj-biology",en,0,250,ZERO_CONTENT,"Class 12 State Board stream bank unpopulated in prior phase","Targeted Phase 17I production scheduled"
"UP Board (High School & Intermediate 10th/12th)","Class 12","commerce","subj-accountancy",hi,0,250,ZERO_CONTENT,"Class 12 State Board stream bank unpopulated in prior phase","Targeted Phase 17I production scheduled"
"UP Board (High School & Intermediate 10th/12th)","Class 12","commerce","subj-accountancy",en,0,250,ZERO_CONTENT,"Class 12 State Board stream bank unpopulated in prior phase","Targeted Phase 17I production scheduled"
"UP Board (High School & Intermediate 10th/12th)","Class 12","commerce","subj-business",hi,0,250,ZERO_CONTENT,"Class 12 State Board stream bank unpopulated in prior phase","Targeted Phase 17I production scheduled"
"UP Board (High School & Intermediate 10th/12th)","Class 12","commerce","subj-business",en,0,250,ZERO_CONTENT,"Class 12 State Board stream bank unpopulated in prior phase","Targeted Phase 17I production scheduled"
"UP Board (High School & Intermediate 10th/12th)","Class 12","commerce","subj-economics",hi,0,250,ZERO_CONTENT,"Class 12 State Board stream bank unpopulated in prior phase","Targeted Phase 17I production scheduled"
"UP Board (High School & Intermediate 10th/12th)","Class 12","commerce","subj-economics",en,0,250,ZERO_CONTENT,"Class 12 State Board stream bank unpopulated in prior phase","Targeted Phase 17I production scheduled"
"UP Board (High School & Intermediate 10th/12th)","Class 12","humanities","subj-history",hi,0,250,ZERO_CONTENT,"Class 12 State Board stream bank unpopulated in prior phase","Targeted Phase 17I production scheduled"
"UP Board (High School & Intermediate 10th/12th)","Class 12","humanities","subj-history",en,0,250,ZERO_CONTENT,"Class 12 State Board stream bank unpopulated in prior phase","Targeted Phase 17I production scheduled"
"UP Board (High School & Intermediate 10th/12th)","Class 12","humanities","subj-polity",hi,0,250,ZERO_CONTENT,"Class 12 State Board stream bank unpopulated in prior phase","Targeted Phase 17I production scheduled"
"UP Board (High School & Intermediate 10th/12th)","Class 12","humanities","subj-polity",en,0,250,ZERO_CONTENT,"Class 12 State Board stream bank unpopulated in prior phase","Targeted Phase 17I production scheduled"
"UP Board (High School & Intermediate 10th/12th)","Class 12","humanities","subj-geography",hi,0,250,ZERO_CONTENT,"Class 12 State Board stream bank unpopulated in prior phase","Targeted Phase 17I production scheduled"
"UP Board (High School & Intermediate 10th/12th)","Class 12","humanities","subj-geography",en,0,250,ZERO_CONTENT,"Class 12 State Board stream bank unpopulated in prior phase","Targeted Phase 17I production scheduled"
"UP Board (High School & Intermediate 10th/12th)","Class 9","general","subj-science",hi,0,65,ZERO_CONTENT,"Class 9/11 foundational support pending","Targeted Phase 17I production scheduled"
"UP Board (High School & Intermediate 10th/12th)","Class 9","general","subj-science",en,0,65,ZERO_CONTENT,"Class 9/11 foundational support pending","Targeted Phase 17I production scheduled"
"UP Board (High School & Intermediate 10th/12th)","Class 9","general","subj-math",hi,0,65,ZERO_CONTENT,"Class 9/11 foundational support pending","Targeted Phase 17I production scheduled"
"UP Board (High School & Intermediate 10th/12th)","Class 9","general","subj-math",en,0,65,ZERO_CONTENT,"Class 9/11 foundational support pending","Targeted Phase 17I production scheduled"
"UP Board (High School & Intermediate 10th/12th)","Class 9","general","subj-social",hi,0,65,ZERO_CONTENT,"Class 9/11 foundational support pending","Targeted Phase 17I production scheduled"
"UP Board (High School & Intermediate 10th/12th)","Class 9","general","subj-social",en,0,65,ZERO_CONTENT,"Class 9/11 foundational support pending","Targeted Phase 17I production scheduled"
"UP Board (High School & Intermediate 10th/12th)","Class 11","science-pcm","subj-physics",hi,0,65,ZERO_CONTENT,"Class 9/11 foundational support pending","Targeted Phase 17I production scheduled"
"UP Board (High School & Intermediate 10th/12th)","Class 11","science-pcm","subj-physics",en,0,65,ZERO_CONTENT,"Class 9/11 foundational support pending","Targeted Phase 17I production scheduled"
"UP Board (High School & Intermediate 10th/12th)","Class 11","science-pcm","subj-chemistry",hi,0,65,ZERO_CONTENT,"Class 9/11 foundational support pending","Targeted Phase 17I production scheduled"
"UP Board (High School & Intermediate 10th/12th)","Class 11","science-pcm","subj-chemistry",en,0,65,ZERO_CONTENT,"Class 9/11 foundational support pending","Targeted Phase 17I production scheduled"
"West Bengal Board (Madhyamik 10th & WBCHSE 12th)","Class 10","general","subj-english",bn,0,250,ZERO_CONTENT,"Core subject practice expansion needed","Targeted Phase 17I production scheduled"
"West Bengal Board (Madhyamik 10th & WBCHSE 12th)","Class 10","general","subj-english",en,0,250,ZERO_CONTENT,"Core subject practice expansion needed","Targeted Phase 17I production scheduled"
"West Bengal Board (Madhyamik 10th & WBCHSE 12th)","Class 12","science-pcm","subj-physics",bn,0,250,ZERO_CONTENT,"Class 12 State Board stream bank unpopulated in prior phase","Targeted Phase 17I production scheduled"
"West Bengal Board (Madhyamik 10th & WBCHSE 12th)","Class 12","science-pcm","subj-physics",en,0,250,ZERO_CONTENT,"Class 12 State Board stream bank unpopulated in prior phase","Targeted Phase 17I production scheduled"
"West Bengal Board (Madhyamik 10th & WBCHSE 12th)","Class 12","science-pcm","subj-chemistry",bn,0,250,ZERO_CONTENT,"Class 12 State Board stream bank unpopulated in prior phase","Targeted Phase 17I production scheduled"
"West Bengal Board (Madhyamik 10th & WBCHSE 12th)","Class 12","science-pcm","subj-chemistry",en,0,250,ZERO_CONTENT,"Class 12 State Board stream bank unpopulated in prior phase","Targeted Phase 17I production scheduled"
"West Bengal Board (Madhyamik 10th & WBCHSE 12th)","Class 12","science-pcm","subj-math12",bn,0,250,ZERO_CONTENT,"Class 12 State Board stream bank unpopulated in prior phase","Targeted Phase 17I production scheduled"
"West Bengal Board (Madhyamik 10th & WBCHSE 12th)","Class 12","science-pcm","subj-math12",en,0,250,ZERO_CONTENT,"Class 12 State Board stream bank unpopulated in prior phase","Targeted Phase 17I production scheduled"
"West Bengal Board (Madhyamik 10th & WBCHSE 12th)","Class 12","science-pcm","subj-biology",bn,0,250,ZERO_CONTENT,"Class 12 State Board stream bank unpopulated in prior phase","Targeted Phase 17I production scheduled"
"West Bengal Board (Madhyamik 10th & WBCHSE 12th)","Class 12","science-pcm","subj-biology",en,0,250,ZERO_CONTENT,"Class 12 State Board stream bank unpopulated in prior phase","Targeted Phase 17I production scheduled"
"West Bengal Board (Madhyamik 10th & WBCHSE 12th)","Class 12","commerce","subj-accountancy",bn,0,250,ZERO_CONTENT,"Class 12 State Board stream bank unpopulated in prior phase","Targeted Phase 17I production scheduled"
"West Bengal Board (Madhyamik 10th & WBCHSE 12th)","Class 12","commerce","subj-accountancy",en,0,250,ZERO_CONTENT,"Class 12 State Board stream bank unpopulated in prior phase","Targeted Phase 17I production scheduled"
"West Bengal Board (Madhyamik 10th & WBCHSE 12th)","Class 12","commerce","subj-business",bn,0,250,ZERO_CONTENT,"Class 12 State Board stream bank unpopulated in prior phase","Targeted Phase 17I production scheduled"
"West Bengal Board (Madhyamik 10th & WBCHSE 12th)","Class 12","commerce","subj-business",en,0,250,ZERO_CONTENT,"Class 12 State Board stream bank unpopulated in prior phase","Targeted Phase 17I production scheduled"
"West Bengal Board (Madhyamik 10th & WBCHSE 12th)","Class 12","commerce","subj-economics",bn,0,250,ZERO_CONTENT,"Class 12 State Board stream bank unpopulated in prior phase","Targeted Phase 17I production scheduled"
"West Bengal Board (Madhyamik 10th & WBCHSE 12th)","Class 12","commerce","subj-economics",en,0,250,ZERO_CONTENT,"Class 12 State Board stream bank unpopulated in prior phase","Targeted Phase 17I production scheduled"
"West Bengal Board (Madhyamik 10th & WBCHSE 12th)","Class 12","humanities","subj-history",bn,0,250,ZERO_CONTENT,"Class 12 State Board stream bank unpopulated in prior phase","Targeted Phase 17I production scheduled"
"West Bengal Board (Madhyamik 10th & WBCHSE 12th)","Class 12","humanities","subj-history",en,0,250,ZERO_CONTENT,"Class 12 State Board stream bank unpopulated in prior phase","Targeted Phase 17I production scheduled"
"West Bengal Board (Madhyamik 10th & WBCHSE 12th)","Class 12","humanities","subj-polity",bn,0,250,ZERO_CONTENT,"Class 12 State Board stream bank unpopulated in prior phase","Targeted Phase 17I production scheduled"
"West Bengal Board (Madhyamik 10th & WBCHSE 12th)","Class 12","humanities","subj-polity",en,0,250,ZERO_CONTENT,"Class 12 State Board stream bank unpopulated in prior phase","Targeted Phase 17I production scheduled"
"West Bengal Board (Madhyamik 10th & WBCHSE 12th)","Class 12","humanities","subj-geography",bn,0,250,ZERO_CONTENT,"Class 12 State Board stream bank unpopulated in prior phase","Targeted Phase 17I production scheduled"
"West Bengal Board (Madhyamik 10th & WBCHSE 12th)","Class 12","humanities","subj-geography",en,0,250,ZERO_CONTENT,"Class 12 State Board stream bank unpopulated in prior phase","Targeted Phase 17I production scheduled"
"West Bengal Board (Madhyamik 10th & WBCHSE 12th)","Class 9","general","subj-science",bn,0,65,ZERO_CONTENT,"Class 9/11 foundational support pending","Targeted Phase 17I production scheduled"
"West Bengal Board (Madhyamik 10th & WBCHSE 12th)","Class 9","general","subj-science",en,0,65,ZERO_CONTENT,"Class 9/11 foundational support pending","Targeted Phase 17I production scheduled"
"West Bengal Board (Madhyamik 10th & WBCHSE 12th)","Class 9","general","subj-math",bn,0,65,ZERO_CONTENT,"Class 9/11 foundational support pending","Targeted Phase 17I production scheduled"
"West Bengal Board (Madhyamik 10th & WBCHSE 12th)","Class 9","general","subj-math",en,0,65,ZERO_CONTENT,"Class 9/11 foundational support pending","Targeted Phase 17I production scheduled"
"West Bengal Board (Madhyamik 10th & WBCHSE 12th)","Class 9","general","subj-social",bn,0,65,ZERO_CONTENT,"Class 9/11 foundational support pending","Targeted Phase 17I production scheduled"
"West Bengal Board (Madhyamik 10th & WBCHSE 12th)","Class 9","general","subj-social",en,0,65,ZERO_CONTENT,"Class 9/11 foundational support pending","Targeted Phase 17I production scheduled"
"West Bengal Board (Madhyamik 10th & WBCHSE 12th)","Class 11","science-pcm","subj-physics",bn,0,65,ZERO_CONTENT,"Class 9/11 foundational support pending","Targeted Phase 17I production scheduled"
"West Bengal Board (Madhyamik 10th & WBCHSE 12th)","Class 11","science-pcm","subj-physics",en,0,65,ZERO_CONTENT,"Class 9/11 foundational support pending","Targeted Phase 17I production scheduled"
"West Bengal Board (Madhyamik 10th & WBCHSE 12th)","Class 11","science-pcm","subj-chemistry",bn,0,65,ZERO_CONTENT,"Class 9/11 foundational support pending","Targeted Phase 17I production scheduled"
"West Bengal Board (Madhyamik 10th & WBCHSE 12th)","Class 11","science-pcm","subj-chemistry",en,0,65,ZERO_CONTENT,"Class 9/11 foundational support pending","Targeted Phase 17I production scheduled"
