question_id,provenance,question_tier,trust_status,full_exam_eligible,paper_id,subject_id
"q-c12-acc-0001","HUMAN_CURATED","TIER_6_NEEDS_REVIEW","NEEDS_REVIEW",0,"","subj-accountancy"
"q-c12-acc-0002","HUMAN_CURATED","TIER_6_NEEDS_REVIEW","NEEDS_REVIEW",0,"","subj-accountancy"
"q-c12-acc-0003","HUMAN_CURATED","TIER_6_NEEDS_REVIEW","NEEDS_REVIEW",0,"","subj-accountancy"
"q-c12-acc-0004","HUMAN_CURATED","TIER_6_NEEDS_REVIEW","NEEDS_REVIEW",0,"","subj-accountancy"
"q-c12-acc-0005","HUMAN_CURATED","TIER_6_NEEDS_REVIEW","NEEDS_REVIEW",0,"","subj-accountancy"
"q-c12-acc-0006","HUMAN_CURATED","TIER_6_NEEDS_REVIEW","NEEDS_REVIEW",0,"","subj-accountancy"
"q-c12-acc-0007","HUMAN_CURATED","TIER_6_NEEDS_REVIEW","NEEDS_REVIEW",0,"","subj-accountancy"
"q-c12-acc-0008","HUMAN_CURATED","TIER_6_NEEDS_REVIEW","NEEDS_REVIEW",0,"","subj-accountancy"
"q-c12-acc-0009","HUMAN_CURATED","TIER_6_NEEDS_REVIEW","NEEDS_REVIEW",0,"","subj-accountancy"
"q-c12-acc-0010","HUMAN_CURATED","TIER_6_NEEDS_REVIEW","NEEDS_REVIEW",0,"","subj-accountancy"
"q-c12-acc-0011","HUMAN_CURATED","TIER_6_NEEDS_REVIEW","NEEDS_REVIEW",0,"","subj-accountancy"
"q-c12-acc-0012","HUMAN_CURATED","TIER_6_NEEDS_REVIEW","NEEDS_REVIEW",0,"","subj-accountancy"
"q-c12-bio-0001","HUMAN_CURATED","TIER_4_HUMAN_CURATED","PRACTICE_ONLY",0,"","subj-biology"
"q-c12-bio-0002","HUMAN_CURATED","TIER_4_HUMAN_CURATED","PRACTICE_ONLY",0,"","subj-biology"
"q-c12-bio-0003","HUMAN_CURATED","TIER_4_HUMAN_CURATED","PRACTICE_ONLY",0,"","subj-biology"
"q-c12-bio-0004","HUMAN_CURATED","TIER_4_HUMAN_CURATED","PRACTICE_ONLY",0,"","subj-biology"
"q-c12-bio-0005","HUMAN_CURATED","TIER_4_HUMAN_CURATED","PRACTICE_ONLY",0,"","subj-biology"
"q-c12-bio-0006","HUMAN_CURATED","TIER_4_HUMAN_CURATED","PRACTICE_ONLY",0,"","subj-biology"
"q-c12-bio-0007","HUMAN_CURATED","TIER_4_HUMAN_CURATED","PRACTICE_ONLY",0,"","subj-biology"
"q-c12-bio-0008","HUMAN_CURATED","TIER_4_HUMAN_CURATED","PRACTICE_ONLY",0,"","subj-biology"
"q-c12-bio-0009","HUMAN_CURATED","TIER_4_HUMAN_CURATED","PRACTICE_ONLY",0,"","subj-biology"
"q-c12-bio-0010","HUMAN_CURATED","TIER_4_HUMAN_CURATED","PRACTICE_ONLY",0,"","subj-biology"
"q-c12-bio-0011","HUMAN_CURATED","TIER_4_HUMAN_CURATED","PRACTICE_ONLY",0,"","subj-biology"
"q-c12-bio-0012","HUMAN_CURATED","TIER_4_HUMAN_CURATED","PRACTICE_ONLY",0,"","subj-biology"
"q-c12-bio-0013","HUMAN_CURATED","TIER_4_HUMAN_CURATED","PRACTICE_ONLY",0,"","subj-biology"
"q-c12-bio-0014","HUMAN_CURATED","TIER_4_HUMAN_CURATED","PRACTICE_ONLY",0,"","subj-biology"
"q-c12-bio-0015","HUMAN_CURATED","TIER_4_HUMAN_CURATED","PRACTICE_ONLY",0,"","subj-biology"
"q-c12-bio-0016","HUMAN_CURATED","TIER_4_HUMAN_CURATED","PRACTICE_ONLY",0,"","subj-biology"
"q-c12-bio-0017","HUMAN_CURATED","TIER_4_HUMAN_CURATED","PRACTICE_ONLY",0,"","subj-biology"
"q-c12-bio-0018","HUMAN_CURATED","TIER_4_HUMAN_CURATED","PRACTICE_ONLY",0,"","subj-biology"
"q-c12-bio-0019","HUMAN_CURATED","TIER_4_HUMAN_CURATED","PRACTICE_ONLY",0,"","subj-biology"
"q-c12-bio-0020","HUMAN_CURATED","TIER_4_HUMAN_CURATED","PRACTICE_ONLY",0,"","subj-biology"
"q-c12-bio-0021","HUMAN_CURATED","TIER_4_HUMAN_CURATED","PRACTICE_ONLY",0,"","subj-biology"
"q-c12-bio-0022","HUMAN_CURATED","TIER_4_HUMAN_CURATED","PRACTICE_ONLY",0,"","subj-biology"
"q-c12-bio-0023","HUMAN_CURATED","TIER_4_HUMAN_CURATED","PRACTICE_ONLY",0,"","subj-biology"
"q-c12-bio-0024","HUMAN_CURATED","TIER_4_HUMAN_CURATED","PRACTICE_ONLY",0,"","subj-biology"
"q-c12-bio-0025","HUMAN_CURATED","TIER_4_HUMAN_CURATED","PRACTICE_ONLY",0,"","subj-biology"
"q-c12-bio-0026","HUMAN_CURATED","TIER_4_HUMAN_CURATED","PRACTICE_ONLY",0,"","subj-biology"
"q-c12-bio-0027","HUMAN_CURATED","TIER_4_HUMAN_CURATED","PRACTICE_ONLY",0,"","subj-biology"
"q-c12-bio-0028","HUMAN_CURATED","TIER_4_HUMAN_CURATED","PRACTICE_ONLY",0,"","subj-biology"
"q-c12-bio-0029","HUMAN_CURATED","TIER_4_HUMAN_CURATED","PRACTICE_ONLY",0,"","subj-biology"
"q-c12-bio-0030","HUMAN_CURATED","TIER_4_HUMAN_CURATED","PRACTICE_ONLY",0,"","subj-biology"
"q-c12-bio-0031","HUMAN_CURATED","TIER_4_HUMAN_CURATED","PRACTICE_ONLY",0,"","subj-biology"
"q-c12-bio-0032","HUMAN_CURATED","TIER_4_HUMAN_CURATED","PRACTICE_ONLY",0,"","subj-biology"
"q-c12-bio-0033","HUMAN_CURATED","TIER_4_HUMAN_CURATED","PRACTICE_ONLY",0,"","subj-biology"
"q-c12-bio-0034","HUMAN_CURATED","TIER_4_HUMAN_CURATED","PRACTICE_ONLY",0,"","subj-biology"
"q-c12-bio-0035","HUMAN_CURATED","TIER_4_HUMAN_CURATED","PRACTICE_ONLY",0,"","subj-biology"
"q-c12-bus-0001","HUMAN_CURATED","TIER_6_NEEDS_REVIEW","NEEDS_REVIEW",0,"","subj-business"
"q-c12-bus-0002","HUMAN_CURATED","TIER_6_NEEDS_REVIEW","NEEDS_REVIEW",0,"","subj-business"
"q-c12-bus-0003","HUMAN_CURATED","TIER_6_NEEDS_REVIEW","NEEDS_REVIEW",0,"","subj-business"
"q-c12-bus-0004","HUMAN_CURATED","TIER_6_NEEDS_REVIEW","NEEDS_REVIEW",0,"","subj-business"
"q-c12-bus-0005","HUMAN_CURATED","TIER_6_NEEDS_REVIEW","NEEDS_REVIEW",0,"","subj-business"
"q-c12-bus-0006","HUMAN_CURATED","TIER_6_NEEDS_REVIEW","NEEDS_REVIEW",0,"","subj-business"
"q-c12-bus-0007","HUMAN_CURATED","TIER_6_NEEDS_REVIEW","NEEDS_REVIEW",0,"","subj-business"
"q-c12-bus-0008","HUMAN_CURATED","TIER_6_NEEDS_REVIEW","NEEDS_REVIEW",0,"","subj-business"
"q-c12-bus-0009","HUMAN_CURATED","TIER_6_NEEDS_REVIEW","NEEDS_REVIEW",0,"","subj-business"
"q-c12-bus-0010","HUMAN_CURATED","TIER_6_NEEDS_REVIEW","NEEDS_REVIEW",0,"","subj-business"
"q-c12-bus-0011","HUMAN_CURATED","TIER_6_NEEDS_REVIEW","NEEDS_REVIEW",0,"","subj-business"
"q-c12-bus-0012","HUMAN_CURATED","TIER_6_NEEDS_REVIEW","NEEDS_REVIEW",0,"","subj-business"
"q-c12-chm-0001","HUMAN_CURATED","TIER_4_HUMAN_CURATED","PRACTICE_ONLY",0,"","subj-chemistry"
"q-c12-chm-0002","HUMAN_CURATED","TIER_4_HUMAN_CURATED","PRACTICE_ONLY",0,"","subj-chemistry"
"q-c12-chm-0003","HUMAN_CURATED","TIER_4_HUMAN_CURATED","PRACTICE_ONLY",0,"","subj-chemistry"
"q-c12-chm-0004","HUMAN_CURATED","TIER_4_HUMAN_CURATED","PRACTICE_ONLY",0,"","subj-chemistry"
"q-c12-chm-0005","HUMAN_CURATED","TIER_4_HUMAN_CURATED","PRACTICE_ONLY",0,"","subj-chemistry"
"q-c12-chm-0006","HUMAN_CURATED","TIER_4_HUMAN_CURATED","PRACTICE_ONLY",0,"","subj-chemistry"
"q-c12-chm-0007","HUMAN_CURATED","TIER_4_HUMAN_CURATED","PRACTICE_ONLY",0,"","subj-chemistry"
"q-c12-chm-0008","HUMAN_CURATED","TIER_4_HUMAN_CURATED","PRACTICE_ONLY",0,"","subj-chemistry"
"q-c12-chm-0009","HUMAN_CURATED","TIER_4_HUMAN_CURATED","PRACTICE_ONLY",0,"","subj-chemistry"
"q-c12-chm-0010","HUMAN_CURATED","TIER_4_HUMAN_CURATED","PRACTICE_ONLY",0,"","subj-chemistry"
"q-c12-chm-0011","HUMAN_CURATED","TIER_4_HUMAN_CURATED","PRACTICE_ONLY",0,"","subj-chemistry"
"q-c12-chm-0012","HUMAN_CURATED","TIER_4_HUMAN_CURATED","PRACTICE_ONLY",0,"","subj-chemistry"
"q-c12-chm-0013","HUMAN_CURATED","TIER_4_HUMAN_CURATED","PRACTICE_ONLY",0,"","subj-chemistry"
"q-c12-chm-0014","HUMAN_CURATED","TIER_4_HUMAN_CURATED","PRACTICE_ONLY",0,"","subj-chemistry"
"q-c12-chm-0015","HUMAN_CURATED","TIER_4_HUMAN_CURATED","PRACTICE_ONLY",0,"","subj-chemistry"
"q-c12-chm-0016","HUMAN_CURATED","TIER_4_HUMAN_CURATED","PRACTICE_ONLY",0,"","subj-chemistry"
"q-c12-chm-0017","HUMAN_CURATED","TIER_4_HUMAN_CURATED","PRACTICE_ONLY",0,"","subj-chemistry"
"q-c12-chm-0018","HUMAN_CURATED","TIER_4_HUMAN_CURATED","PRACTICE_ONLY",0,"","subj-chemistry"
"q-c12-chm-0019","HUMAN_CURATED","TIER_4_HUMAN_CURATED","PRACTICE_ONLY",0,"","subj-chemistry"
"q-c12-chm-0020","HUMAN_CURATED","TIER_4_HUMAN_CURATED","PRACTICE_ONLY",0,"","subj-chemistry"
"q-c12-chm-0021","HUMAN_CURATED","TIER_4_HUMAN_CURATED","PRACTICE_ONLY",0,"","subj-chemistry"
"q-c12-chm-0022","HUMAN_CURATED","TIER_4_HUMAN_CURATED","PRACTICE_ONLY",0,"","subj-chemistry"
"q-c12-chm-0023","HUMAN_CURATED","TIER_4_HUMAN_CURATED","PRACTICE_ONLY",0,"","subj-chemistry"
"q-c12-chm-0024","HUMAN_CURATED","TIER_4_HUMAN_CURATED","PRACTICE_ONLY",0,"","subj-chemistry"
"q-c12-chm-0025","HUMAN_CURATED","TIER_4_HUMAN_CURATED","PRACTICE_ONLY",0,"","subj-chemistry"
"q-c12-chm-0026","HUMAN_CURATED","TIER_4_HUMAN_CURATED","PRACTICE_ONLY",0,"","subj-chemistry"
"q-c12-chm-0027","HUMAN_CURATED","TIER_4_HUMAN_CURATED","PRACTICE_ONLY",0,"","subj-chemistry"
"q-c12-chm-0028","HUMAN_CURATED","TIER_4_HUMAN_CURATED","PRACTICE_ONLY",0,"","subj-chemistry"
"q-c12-chm-0029","HUMAN_CURATED","TIER_4_HUMAN_CURATED","PRACTICE_ONLY",0,"","subj-chemistry"
"q-c12-chm-0030","HUMAN_CURATED","TIER_4_HUMAN_CURATED","PRACTICE_ONLY",0,"","subj-chemistry"
"q-c12-chm-0031","HUMAN_CURATED","TIER_4_HUMAN_CURATED","PRACTICE_ONLY",0,"","subj-chemistry"
"q-c12-chm-0032","HUMAN_CURATED","TIER_4_HUMAN_CURATED","PRACTICE_ONLY",0,"","subj-chemistry"
"q-c12-chm-0033","HUMAN_CURATED","TIER_4_HUMAN_CURATED","PRACTICE_ONLY",0,"","subj-chemistry"
"q-c12-chm-0034","HUMAN_CURATED","TIER_4_HUMAN_CURATED","PRACTICE_ONLY",0,"","subj-chemistry"
"q-c12-chm-0035","HUMAN_CURATED","TIER_4_HUMAN_CURATED","PRACTICE_ONLY",0,"","subj-chemistry"
"q-c12-eco-0001","HUMAN_CURATED","TIER_6_NEEDS_REVIEW","NEEDS_REVIEW",0,"","subj-economics"
"q-c12-eco-0002","HUMAN_CURATED","TIER_6_NEEDS_REVIEW","NEEDS_REVIEW",0,"","subj-economics"
"q-c12-eco-0003","HUMAN_CURATED","TIER_6_NEEDS_REVIEW","NEEDS_REVIEW",0,"","subj-economics"
"q-c12-eco-0004","HUMAN_CURATED","TIER_6_NEEDS_REVIEW","NEEDS_REVIEW",0,"","subj-economics"
"q-c12-eco-0005","HUMAN_CURATED","TIER_6_NEEDS_REVIEW","NEEDS_REVIEW",0,"","subj-economics"
"q-c12-eco-0006","HUMAN_CURATED","TIER_6_NEEDS_REVIEW","NEEDS_REVIEW",0,"","subj-economics"
"q-c12-eco-0007","HUMAN_CURATED","TIER_6_NEEDS_REVIEW","NEEDS_REVIEW",0,"","subj-economics"
"q-c12-eco-0008","HUMAN_CURATED","TIER_6_NEEDS_REVIEW","NEEDS_REVIEW",0,"","subj-economics"
"q-c12-eco-0009","HUMAN_CURATED","TIER_6_NEEDS_REVIEW","NEEDS_REVIEW",0,"","subj-economics"
"q-c12-eco-0010","HUMAN_CURATED","TIER_6_NEEDS_REVIEW","NEEDS_REVIEW",0,"","subj-economics"
"q-c12-eco-0011","HUMAN_CURATED","TIER_6_NEEDS_REVIEW","NEEDS_REVIEW",0,"","subj-economics"
"q-c12-eco-0012","HUMAN_CURATED","TIER_6_NEEDS_REVIEW","NEEDS_REVIEW",0,"","subj-economics"
"q-c12-geo-0001","HUMAN_CURATED","TIER_4_HUMAN_CURATED","PRACTICE_ONLY",0,"","subj-geography"
"q-c12-geo-0002","HUMAN_CURATED","TIER_4_HUMAN_CURATED","PRACTICE_ONLY",0,"","subj-geography"
"q-c12-geo-0003","HUMAN_CURATED","TIER_4_HUMAN_CURATED","PRACTICE_ONLY",0,"","subj-geography"
"q-c12-geo-0004","HUMAN_CURATED","TIER_4_HUMAN_CURATED","PRACTICE_ONLY",0,"","subj-geography"
"q-c12-geo-0005","HUMAN_CURATED","TIER_4_HUMAN_CURATED","PRACTICE_ONLY",0,"","subj-geography"
"q-c12-geo-0006","HUMAN_CURATED","TIER_4_HUMAN_CURATED","PRACTICE_ONLY",0,"","subj-geography"
"q-c12-geo-0007","HUMAN_CURATED","TIER_4_HUMAN_CURATED","PRACTICE_ONLY",0,"","subj-geography"
"q-c12-geo-0008","HUMAN_CURATED","TIER_4_HUMAN_CURATED","PRACTICE_ONLY",0,"","subj-geography"
"q-c12-geo-0009","HUMAN_CURATED","TIER_4_HUMAN_CURATED","PRACTICE_ONLY",0,"","subj-geography"
"q-c12-geo-0010","HUMAN_CURATED","TIER_4_HUMAN_CURATED","PRACTICE_ONLY",0,"","subj-geography"
"q-c12-geo-0011","HUMAN_CURATED","TIER_4_HUMAN_CURATED","PRACTICE_ONLY",0,"","subj-geography"
"q-c12-geo-0012","HUMAN_CURATED","TIER_4_HUMAN_CURATED","PRACTICE_ONLY",0,"","subj-geography"
"q-c12-his-0001","HUMAN_CURATED","TIER_4_HUMAN_CURATED","PRACTICE_ONLY",0,"","subj-history"
"q-c12-his-0002","HUMAN_CURATED","TIER_4_HUMAN_CURATED","PRACTICE_ONLY",0,"","subj-history"
"q-c12-his-0003","HUMAN_CURATED","TIER_4_HUMAN_CURATED","PRACTICE_ONLY",0,"","subj-history"
"q-c12-his-0004","HUMAN_CURATED","TIER_4_HUMAN_CURATED","PRACTICE_ONLY",0,"","subj-history"
"q-c12-his-0005","HUMAN_CURATED","TIER_4_HUMAN_CURATED","PRACTICE_ONLY",0,"","subj-history"
"q-c12-his-0006","HUMAN_CURATED","TIER_4_HUMAN_CURATED","PRACTICE_ONLY",0,"","subj-history"
"q-c12-his-0007","HUMAN_CURATED","TIER_4_HUMAN_CURATED","PRACTICE_ONLY",0,"","subj-history"
"q-c12-his-0008","HUMAN_CURATED","TIER_4_HUMAN_CURATED","PRACTICE_ONLY",0,"","subj-history"
"q-c12-his-0009","HUMAN_CURATED","TIER_4_HUMAN_CURATED","PRACTICE_ONLY",0,"","subj-history"
"q-c12-his-0010","HUMAN_CURATED","TIER_4_HUMAN_CURATED","PRACTICE_ONLY",0,"","subj-history"
"q-c12-his-0011","HUMAN_CURATED","TIER_4_HUMAN_CURATED","PRACTICE_ONLY",0,"","subj-history"
"q-c12-his-0012","HUMAN_CURATED","TIER_4_HUMAN_CURATED","PRACTICE_ONLY",0,"","subj-history"
"q-c12-math-0001","HUMAN_CURATED","TIER_4_HUMAN_CURATED","PRACTICE_ONLY",0,"","subj-math12"
"q-c12-math-0002","HUMAN_CURATED","TIER_4_HUMAN_CURATED","PRACTICE_ONLY",0,"","subj-math12"
"q-c12-math-0003","HUMAN_CURATED","TIER_4_HUMAN_CURATED","PRACTICE_ONLY",0,"","subj-math12"
"q-c12-math-0004","HUMAN_CURATED","TIER_4_HUMAN_CURATED","PRACTICE_ONLY",0,"","subj-math12"
"q-c12-math-0005","HUMAN_CURATED","TIER_4_HUMAN_CURATED","PRACTICE_ONLY",0,"","subj-math12"
"q-c12-math-0006","HUMAN_CURATED","TIER_4_HUMAN_CURATED","PRACTICE_ONLY",0,"","subj-math12"
"q-c12-math-0007","HUMAN_CURATED","TIER_4_HUMAN_CURATED","PRACTICE_ONLY",0,"","subj-math12"
"q-c12-math-0008","HUMAN_CURATED","TIER_4_HUMAN_CURATED","PRACTICE_ONLY",0,"","subj-math12"
"q-c12-math-0009","HUMAN_CURATED","TIER_4_HUMAN_CURATED","PRACTICE_ONLY",0,"","subj-math12"
"q-c12-math-0010","HUMAN_CURATED","TIER_4_HUMAN_CURATED","PRACTICE_ONLY",0,"","subj-math12"
"q-c12-math-0011","HUMAN_CURATED","TIER_4_HUMAN_CURATED","PRACTICE_ONLY",0,"","subj-math12"
"q-c12-math-0012","HUMAN_CURATED","TIER_4_HUMAN_CURATED","PRACTICE_ONLY",0,"","subj-math12"
"q-c12-math-0013","HUMAN_CURATED","TIER_4_HUMAN_CURATED","PRACTICE_ONLY",0,"","subj-math12"
"q-c12-math-0014","HUMAN_CURATED","TIER_4_HUMAN_CURATED","PRACTICE_ONLY",0,"","subj-math12"
"q-c12-math-0015","HUMAN_CURATED","TIER_4_HUMAN_CURATED","PRACTICE_ONLY",0,"","subj-math12"
"q-c12-math-0016","HUMAN_CURATED","TIER_4_HUMAN_CURATED","PRACTICE_ONLY",0,"","subj-math12"
"q-c12-math-0017","HUMAN_CURATED","TIER_4_HUMAN_CURATED","PRACTICE_ONLY",0,"","subj-math12"
"q-c12-math-0018","HUMAN_CURATED","TIER_4_HUMAN_CURATED","PRACTICE_ONLY",0,"","subj-math12"
"q-c12-math-0019","HUMAN_CURATED","TIER_4_HUMAN_CURATED","PRACTICE_ONLY",0,"","subj-math12"
"q-c12-math-0020","HUMAN_CURATED","TIER_4_HUMAN_CURATED","PRACTICE_ONLY",0,"","subj-math12"
"q-c12-math-0021","HUMAN_CURATED","TIER_4_HUMAN_CURATED","PRACTICE_ONLY",0,"","subj-math12"
"q-c12-math-0022","HUMAN_CURATED","TIER_4_HUMAN_CURATED","PRACTICE_ONLY",0,"","subj-math12"
"q-c12-math-0023","HUMAN_CURATED","TIER_4_HUMAN_CURATED","PRACTICE_ONLY",0,"","subj-math12"
"q-c12-math-0024","HUMAN_CURATED","TIER_4_HUMAN_CURATED","PRACTICE_ONLY",0,"","subj-math12"
"q-c12-math-0025","HUMAN_CURATED","TIER_4_HUMAN_CURATED","PRACTICE_ONLY",0,"","subj-math12"
"q-c12-math-0026","HUMAN_CURATED","TIER_4_HUMAN_CURATED","PRACTICE_ONLY",0,"","subj-math12"
"q-c12-math-0027","HUMAN_CURATED","TIER_4_HUMAN_CURATED","PRACTICE_ONLY",0,"","subj-math12"
"q-c12-math-0028","HUMAN_CURATED","TIER_4_HUMAN_CURATED","PRACTICE_ONLY",0,"","subj-math12"
"q-c12-math-0029","HUMAN_CURATED","TIER_4_HUMAN_CURATED","PRACTICE_ONLY",0,"","subj-math12"
"q-c12-math-0030","HUMAN_CURATED","TIER_4_HUMAN_CURATED","PRACTICE_ONLY",0,"","subj-math12"
"q-c12-math-0031","HUMAN_CURATED","TIER_4_HUMAN_CURATED","PRACTICE_ONLY",0,"","subj-math12"
"q-c12-math-0032","HUMAN_CURATED","TIER_4_HUMAN_CURATED","PRACTICE_ONLY",0,"","subj-math12"
"q-c12-math-0033","HUMAN_CURATED","TIER_4_HUMAN_CURATED","PRACTICE_ONLY",0,"","subj-math12"
"q-c12-math-0034","HUMAN_CURATED","TIER_4_HUMAN_CURATED","PRACTICE_ONLY",0,"","subj-math12"
"q-c12-math-0035","HUMAN_CURATED","TIER_4_HUMAN_CURATED","PRACTICE_ONLY",0,"","subj-math12"
"q-c12-math-0036","HUMAN_CURATED","TIER_4_HUMAN_CURATED","PRACTICE_ONLY",0,"","subj-math12"
"q-c12-math-0037","HUMAN_CURATED","TIER_4_HUMAN_CURATED","PRACTICE_ONLY",0,"","subj-math12"
"q-c12-math-0038","HUMAN_CURATED","TIER_4_HUMAN_CURATED","PRACTICE_ONLY",0,"","subj-math12"
"q-c12-math-0039","HUMAN_CURATED","TIER_4_HUMAN_CURATED","PRACTICE_ONLY",0,"","subj-math12"
"q-c12-math-0040","HUMAN_CURATED","TIER_4_HUMAN_CURATED","PRACTICE_ONLY",0,"","subj-math12"
"q-c12-math-0041","HUMAN_CURATED","TIER_4_HUMAN_CURATED","PRACTICE_ONLY",0,"","subj-math12"
"q-c12-math-0042","HUMAN_CURATED","TIER_4_HUMAN_CURATED","PRACTICE_ONLY",0,"","subj-math12"
"q-c12-math-0043","HUMAN_CURATED","TIER_4_HUMAN_CURATED","PRACTICE_ONLY",0,"","subj-math12"
"q-c12-math-0044","HUMAN_CURATED","TIER_4_HUMAN_CURATED","PRACTICE_ONLY",0,"","subj-math12"
"q-c12-math-0045","HUMAN_CURATED","TIER_4_HUMAN_CURATED","PRACTICE_ONLY",0,"","subj-math12"
"q-c12-phy-0001","HUMAN_CURATED","TIER_4_HUMAN_CURATED","PRACTICE_ONLY",0,"","subj-physics"
"q-c12-phy-0002","HUMAN_CURATED","TIER_4_HUMAN_CURATED","PRACTICE_ONLY",0,"","subj-physics"
"q-c12-phy-0003","HUMAN_CURATED","TIER_4_HUMAN_CURATED","PRACTICE_ONLY",0,"","subj-physics"
"q-c12-phy-0004","HUMAN_CURATED","TIER_4_HUMAN_CURATED","PRACTICE_ONLY",0,"","subj-physics"
"q-c12-phy-0005","HUMAN_CURATED","TIER_4_HUMAN_CURATED","PRACTICE_ONLY",0,"","subj-physics"
"q-c12-phy-0006","HUMAN_CURATED","TIER_4_HUMAN_CURATED","PRACTICE_ONLY",0,"","subj-physics"
"q-c12-phy-0007","HUMAN_CURATED","TIER_4_HUMAN_CURATED","PRACTICE_ONLY",0,"","subj-physics"
"q-c12-phy-0008","HUMAN_CURATED","TIER_4_HUMAN_CURATED","PRACTICE_ONLY",0,"","subj-physics"
"q-c12-phy-0009","HUMAN_CURATED","TIER_4_HUMAN_CURATED","PRACTICE_ONLY",0,"","subj-physics"
"q-c12-phy-0010","HUMAN_CURATED","TIER_4_HUMAN_CURATED","PRACTICE_ONLY",0,"","subj-physics"
"q-c12-phy-0011","HUMAN_CURATED","TIER_4_HUMAN_CURATED","PRACTICE_ONLY",0,"","subj-physics"
"q-c12-phy-0012","HUMAN_CURATED","TIER_4_HUMAN_CURATED","PRACTICE_ONLY",0,"","subj-physics"
"q-c12-phy-0013","HUMAN_CURATED","TIER_4_HUMAN_CURATED","PRACTICE_ONLY",0,"","subj-physics"
"q-c12-phy-0014","HUMAN_CURATED","TIER_4_HUMAN_CURATED","PRACTICE_ONLY",0,"","subj-physics"
"q-c12-phy-0015","HUMAN_CURATED","TIER_4_HUMAN_CURATED","PRACTICE_ONLY",0,"","subj-physics"
"q-c12-phy-0016","HUMAN_CURATED","TIER_4_HUMAN_CURATED","PRACTICE_ONLY",0,"","subj-physics"
"q-c12-phy-0017","HUMAN_CURATED","TIER_4_HUMAN_CURATED","PRACTICE_ONLY",0,"","subj-physics"
"q-c12-phy-0018","HUMAN_CURATED","TIER_4_HUMAN_CURATED","PRACTICE_ONLY",0,"","subj-physics"
"q-c12-phy-0019","HUMAN_CURATED","TIER_4_HUMAN_CURATED","PRACTICE_ONLY",0,"","subj-physics"
"q-c12-phy-0020","HUMAN_CURATED","TIER_4_HUMAN_CURATED","PRACTICE_ONLY",0,"","subj-physics"
"q-c12-phy-0021","HUMAN_CURATED","TIER_4_HUMAN_CURATED","PRACTICE_ONLY",0,"","subj-physics"
"q-c12-phy-0022","HUMAN_CURATED","TIER_4_HUMAN_CURATED","PRACTICE_ONLY",0,"","subj-physics"
"q-c12-phy-0023","HUMAN_CURATED","TIER_4_HUMAN_CURATED","PRACTICE_ONLY",0,"","subj-physics"
"q-c12-phy-0024","HUMAN_CURATED","TIER_4_HUMAN_CURATED","PRACTICE_ONLY",0,"","subj-physics"
"q-c12-phy-0025","HUMAN_CURATED","TIER_4_HUMAN_CURATED","PRACTICE_ONLY",0,"","subj-physics"
"q-c12-phy-0026","HUMAN_CURATED","TIER_4_HUMAN_CURATED","PRACTICE_ONLY",0,"","subj-physics"
"q-c12-phy-0027","HUMAN_CURATED","TIER_4_HUMAN_CURATED","PRACTICE_ONLY",0,"","subj-physics"
"q-c12-phy-0028","HUMAN_CURATED","TIER_4_HUMAN_CURATED","PRACTICE_ONLY",0,"","subj-physics"
"q-c12-phy-0029","HUMAN_CURATED","TIER_4_HUMAN_CURATED","PRACTICE_ONLY",0,"","subj-physics"
"q-c12-phy-0030","HUMAN_CURATED","TIER_4_HUMAN_CURATED","PRACTICE_ONLY",0,"","subj-physics"
"q-c12-pol-0001","HUMAN_CURATED","TIER_4_HUMAN_CURATED","PRACTICE_ONLY",0,"","subj-polity"
"q-c12-pol-0002","HUMAN_CURATED","TIER_4_HUMAN_CURATED","PRACTICE_ONLY",0,"","subj-polity"
"q-c12-pol-0003","HUMAN_CURATED","TIER_4_HUMAN_CURATED","PRACTICE_ONLY",0,"","subj-polity"
"q-c12-pol-0004","HUMAN_CURATED","TIER_4_HUMAN_CURATED","PRACTICE_ONLY",0,"","subj-polity"
"q-c12-pol-0005","HUMAN_CURATED","TIER_4_HUMAN_CURATED","PRACTICE_ONLY",0,"","subj-polity"
"q-c12-pol-0006","HUMAN_CURATED","TIER_4_HUMAN_CURATED","PRACTICE_ONLY",0,"","subj-polity"
"q-c12-pol-0007","HUMAN_CURATED","TIER_4_HUMAN_CURATED","PRACTICE_ONLY",0,"","subj-polity"
"q-c12-pol-0008","HUMAN_CURATED","TIER_4_HUMAN_CURATED","PRACTICE_ONLY",0,"","subj-polity"
"q-c12-pol-0009","HUMAN_CURATED","TIER_4_HUMAN_CURATED","PRACTICE_ONLY",0,"","subj-polity"
"q-c12-pol-0010","HUMAN_CURATED","TIER_4_HUMAN_CURATED","PRACTICE_ONLY",0,"","subj-polity"
"q-c12-pol-0011","HUMAN_CURATED","TIER_4_HUMAN_CURATED","PRACTICE_ONLY",0,"","subj-polity"
"q-c12-pol-0012","HUMAN_CURATED","TIER_4_HUMAN_CURATED","PRACTICE_ONLY",0,"","subj-polity"
"q-cmp-gk-0001","HUMAN_CURATED","TIER_4_HUMAN_CURATED","PRACTICE_ONLY",0,"","subj-gk"
"q-cmp-gk-0002","HUMAN_CURATED","TIER_4_HUMAN_CURATED","PRACTICE_ONLY",0,"","subj-gk"
"q-cmp-gk-0003","HUMAN_CURATED","TIER_4_HUMAN_CURATED","PRACTICE_ONLY",0,"","subj-gk"
"q-cmp-gk-0004","HUMAN_CURATED","TIER_4_HUMAN_CURATED","PRACTICE_ONLY",0,"","subj-gk"
"q-cmp-gk-0005","HUMAN_CURATED","TIER_4_HUMAN_CURATED","PRACTICE_ONLY",0,"","subj-gk"
"q-cmp-gk-0006","HUMAN_CURATED","TIER_4_HUMAN_CURATED","PRACTICE_ONLY",0,"","subj-gk"
"q-cmp-gk-0007","HUMAN_CURATED","TIER_4_HUMAN_CURATED","PRACTICE_ONLY",0,"","subj-gk"
"q-cmp-gk-0008","HUMAN_CURATED","TIER_4_HUMAN_CURATED","PRACTICE_ONLY",0,"","subj-gk"
"q-cmp-gk-0009","HUMAN_CURATED","TIER_4_HUMAN_CURATED","PRACTICE_ONLY",0,"","subj-gk"
"q-cmp-gk-0010","HUMAN_CURATED","TIER_4_HUMAN_CURATED","PRACTICE_ONLY",0,"","subj-gk"
"q-cmp-gk-0011","HUMAN_CURATED","TIER_4_HUMAN_CURATED","PRACTICE_ONLY",0,"","subj-gk"
"q-cmp-gk-0012","HUMAN_CURATED","TIER_4_HUMAN_CURATED","PRACTICE_ONLY",0,"","subj-gk"
"q-cmp-gk-0013","HUMAN_CURATED","TIER_4_HUMAN_CURATED","PRACTICE_ONLY",0,"","subj-gk"
"q-cmp-gk-0014","HUMAN_CURATED","TIER_4_HUMAN_CURATED","PRACTICE_ONLY",0,"","subj-gk"
"q-cmp-gk-0015","HUMAN_CURATED","TIER_4_HUMAN_CURATED","PRACTICE_ONLY",0,"","subj-gk"
"q-cmp-gk-0016","HUMAN_CURATED","TIER_4_HUMAN_CURATED","PRACTICE_ONLY",0,"","subj-gk"
"q-cmp-gk-0017","HUMAN_CURATED","TIER_4_HUMAN_CURATED","PRACTICE_ONLY",0,"","subj-gk"
"q-cmp-gk-0018","HUMAN_CURATED","TIER_4_HUMAN_CURATED","PRACTICE_ONLY",0,"","subj-gk"
"q-cmp-gk-0019","HUMAN_CURATED","TIER_4_HUMAN_CURATED","PRACTICE_ONLY",0,"","subj-gk"
"q-cmp-gk-0020","HUMAN_CURATED","TIER_4_HUMAN_CURATED","PRACTICE_ONLY",0,"","subj-gk"
"q-cmp-gk-0021","HUMAN_CURATED","TIER_4_HUMAN_CURATED","PRACTICE_ONLY",0,"","subj-gk"
"q-cmp-gk-0022","HUMAN_CURATED","TIER_4_HUMAN_CURATED","PRACTICE_ONLY",0,"","subj-gk"
"q-cmp-gk-0023","HUMAN_CURATED","TIER_4_HUMAN_CURATED","PRACTICE_ONLY",0,"","subj-gk"
"q-cmp-gk-0024","HUMAN_CURATED","TIER_4_HUMAN_CURATED","PRACTICE_ONLY",0,"","subj-gk"
"q-cmp-gk-0025","HUMAN_CURATED","TIER_4_HUMAN_CURATED","PRACTICE_ONLY",0,"","subj-gk"
"q-cmp-gk-0026","HUMAN_CURATED","TIER_4_HUMAN_CURATED","PRACTICE_ONLY",0,"","subj-gk"
"q-cmp-gk-0027","HUMAN_CURATED","TIER_4_HUMAN_CURATED","PRACTICE_ONLY",0,"","subj-gk"
"q-cmp-gk-0028","HUMAN_CURATED","TIER_4_HUMAN_CURATED","PRACTICE_ONLY",0,"","subj-gk"
"q-cmp-gk-0029","HUMAN_CURATED","TIER_4_HUMAN_CURATED","PRACTICE_ONLY",0,"","subj-gk"
"q-cmp-gk-0030","HUMAN_CURATED","TIER_4_HUMAN_CURATED","PRACTICE_ONLY",0,"","subj-gk"
"q-cmp-law-0001","HUMAN_CURATED","TIER_6_NEEDS_REVIEW","NEEDS_REVIEW",0,"","subj-law"
"q-cmp-law-0002","HUMAN_CURATED","TIER_6_NEEDS_REVIEW","NEEDS_REVIEW",0,"","subj-law"
"q-cmp-law-0003","HUMAN_CURATED","TIER_6_NEEDS_REVIEW","NEEDS_REVIEW",0,"","subj-law"
"q-cmp-law-0004","HUMAN_CURATED","TIER_6_NEEDS_REVIEW","NEEDS_REVIEW",0,"","subj-law"
"q-cmp-law-0005","HUMAN_CURATED","TIER_6_NEEDS_REVIEW","NEEDS_REVIEW",0,"","subj-law"
"q-cmp-law-0006","HUMAN_CURATED","TIER_6_NEEDS_REVIEW","NEEDS_REVIEW",0,"","subj-law"
"q-cmp-law-0007","HUMAN_CURATED","TIER_6_NEEDS_REVIEW","NEEDS_REVIEW",0,"","subj-law"
"q-cmp-law-0008","HUMAN_CURATED","TIER_6_NEEDS_REVIEW","NEEDS_REVIEW",0,"","subj-law"
"q-cmp-law-0009","HUMAN_CURATED","TIER_6_NEEDS_REVIEW","NEEDS_REVIEW",0,"","subj-law"
"q-cmp-law-0010","HUMAN_CURATED","TIER_6_NEEDS_REVIEW","NEEDS_REVIEW",0,"","subj-law"
"q-cmp-law-0011","HUMAN_CURATED","TIER_6_NEEDS_REVIEW","NEEDS_REVIEW",0,"","subj-law"
"q-cmp-law-0012","HUMAN_CURATED","TIER_6_NEEDS_REVIEW","NEEDS_REVIEW",0,"","subj-law"
"q-cmp-law-0013","HUMAN_CURATED","TIER_6_NEEDS_REVIEW","NEEDS_REVIEW",0,"","subj-law"
"q-cmp-law-0014","HUMAN_CURATED","TIER_6_NEEDS_REVIEW","NEEDS_REVIEW",0,"","subj-law"
"q-cmp-law-0015","HUMAN_CURATED","TIER_6_NEEDS_REVIEW","NEEDS_REVIEW",0,"","subj-law"
"q-cmp-law-0016","HUMAN_CURATED","TIER_6_NEEDS_REVIEW","NEEDS_REVIEW",0,"","subj-law"
"q-cmp-law-0017","HUMAN_CURATED","TIER_6_NEEDS_REVIEW","NEEDS_REVIEW",0,"","subj-law"
"q-cmp-law-0018","HUMAN_CURATED","TIER_6_NEEDS_REVIEW","NEEDS_REVIEW",0,"","subj-law"
"q-cmp-law-0019","HUMAN_CURATED","TIER_6_NEEDS_REVIEW","NEEDS_REVIEW",0,"","subj-law"
"q-cmp-law-0020","HUMAN_CURATED","TIER_6_NEEDS_REVIEW","NEEDS_REVIEW",0,"","subj-law"
"q-cmp-law-0021","HUMAN_CURATED","TIER_6_NEEDS_REVIEW","NEEDS_REVIEW",0,"","subj-law"
"q-cmp-law-0022","HUMAN_CURATED","TIER_6_NEEDS_REVIEW","NEEDS_REVIEW",0,"","subj-law"
"q-cmp-law-0023","HUMAN_CURATED","TIER_6_NEEDS_REVIEW","NEEDS_REVIEW",0,"","subj-law"
"q-cmp-law-0024","HUMAN_CURATED","TIER_6_NEEDS_REVIEW","NEEDS_REVIEW",0,"","subj-law"
"q-cmp-law-0025","HUMAN_CURATED","TIER_6_NEEDS_REVIEW","NEEDS_REVIEW",0,"","subj-law"
"q-cmp-mth-0001","HUMAN_CURATED","TIER_4_HUMAN_CURATED","PRACTICE_ONLY",0,"","subj-math"
"q-cmp-mth-0002","HUMAN_CURATED","TIER_4_HUMAN_CURATED","PRACTICE_ONLY",0,"","subj-math"
"q-cmp-mth-0003","HUMAN_CURATED","TIER_4_HUMAN_CURATED","PRACTICE_ONLY",0,"","subj-math"
"q-cmp-mth-0004","HUMAN_CURATED","TIER_4_HUMAN_CURATED","PRACTICE_ONLY",0,"","subj-math"
"q-cmp-mth-0005","HUMAN_CURATED","TIER_4_HUMAN_CURATED","PRACTICE_ONLY",0,"","subj-math"
"q-cmp-mth-0006","HUMAN_CURATED","TIER_4_HUMAN_CURATED","PRACTICE_ONLY",0,"","subj-math"
"q-cmp-mth-0007","HUMAN_CURATED","TIER_4_HUMAN_CURATED","PRACTICE_ONLY",0,"","subj-math"
"q-cmp-mth-0008","HUMAN_CURATED","TIER_4_HUMAN_CURATED","PRACTICE_ONLY",0,"","subj-math"
"q-cmp-mth-0009","HUMAN_CURATED","TIER_4_HUMAN_CURATED","PRACTICE_ONLY",0,"","subj-math"
"q-cmp-mth-0010","HUMAN_CURATED","TIER_4_HUMAN_CURATED","PRACTICE_ONLY",0,"","subj-math"
"q-cmp-mth-0011","HUMAN_CURATED","TIER_4_HUMAN_CURATED","PRACTICE_ONLY",0,"","subj-math"
"q-cmp-mth-0012","HUMAN_CURATED","TIER_4_HUMAN_CURATED","PRACTICE_ONLY",0,"","subj-math"
"q-cmp-mth-0013","HUMAN_CURATED","TIER_4_HUMAN_CURATED","PRACTICE_ONLY",0,"","subj-math"
"q-cmp-mth-0014","HUMAN_CURATED","TIER_4_HUMAN_CURATED","PRACTICE_ONLY",0,"","subj-math"
"q-cmp-mth-0015","HUMAN_CURATED","TIER_4_HUMAN_CURATED","PRACTICE_ONLY",0,"","subj-math"
"q-cmp-mth-0016","HUMAN_CURATED","TIER_4_HUMAN_CURATED","PRACTICE_ONLY",0,"","subj-math"
"q-cmp-mth-0017","HUMAN_CURATED","TIER_4_HUMAN_CURATED","PRACTICE_ONLY",0,"","subj-math"
"q-cmp-mth-0018","HUMAN_CURATED","TIER_4_HUMAN_CURATED","PRACTICE_ONLY",0,"","subj-math"
"q-cmp-mth-0019","HUMAN_CURATED","TIER_4_HUMAN_CURATED","PRACTICE_ONLY",0,"","subj-math"
"q-cmp-mth-0020","HUMAN_CURATED","TIER_4_HUMAN_CURATED","PRACTICE_ONLY",0,"","subj-math"
"q-cmp-mth-0021","HUMAN_CURATED","TIER_4_HUMAN_CURATED","PRACTICE_ONLY",0,"","subj-math"
"q-cmp-mth-0022","HUMAN_CURATED","TIER_4_HUMAN_CURATED","PRACTICE_ONLY",0,"","subj-math"
"q-cmp-mth-0023","HUMAN_CURATED","TIER_4_HUMAN_CURATED","PRACTICE_ONLY",0,"","subj-math"
"q-cmp-mth-0024","HUMAN_CURATED","TIER_4_HUMAN_CURATED","PRACTICE_ONLY",0,"","subj-math"
"q-cmp-mth-0025","HUMAN_CURATED","TIER_4_HUMAN_CURATED","PRACTICE_ONLY",0,"","subj-math"
"q-cmp-mth-0026","HUMAN_CURATED","TIER_4_HUMAN_CURATED","PRACTICE_ONLY",0,"","subj-math"
"q-cmp-mth-0027","HUMAN_CURATED","TIER_4_HUMAN_CURATED","PRACTICE_ONLY",0,"","subj-math"
"q-cmp-mth-0028","HUMAN_CURATED","TIER_4_HUMAN_CURATED","PRACTICE_ONLY",0,"","subj-math"
"q-cmp-mth-0029","HUMAN_CURATED","TIER_4_HUMAN_CURATED","PRACTICE_ONLY",0,"","subj-math"
"q-cmp-mth-0030","HUMAN_CURATED","TIER_4_HUMAN_CURATED","PRACTICE_ONLY",0,"","subj-math"
"q-cmp-rea-0001","HUMAN_CURATED","TIER_4_HUMAN_CURATED","PRACTICE_ONLY",0,"","subj-reasoning"
"q-cmp-rea-0002","HUMAN_CURATED","TIER_4_HUMAN_CURATED","PRACTICE_ONLY",0,"","subj-reasoning"
"q-cmp-rea-0003","HUMAN_CURATED","TIER_4_HUMAN_CURATED","PRACTICE_ONLY",0,"","subj-reasoning"
"q-cmp-rea-0004","HUMAN_CURATED","TIER_4_HUMAN_CURATED","PRACTICE_ONLY",0,"","subj-reasoning"
"q-cmp-rea-0005","HUMAN_CURATED","TIER_4_HUMAN_CURATED","PRACTICE_ONLY",0,"","subj-reasoning"
"q-cmp-rea-0006","HUMAN_CURATED","TIER_4_HUMAN_CURATED","PRACTICE_ONLY",0,"","subj-reasoning"
"q-cmp-rea-0007","HUMAN_CURATED","TIER_4_HUMAN_CURATED","PRACTICE_ONLY",0,"","subj-reasoning"
"q-cmp-rea-0008","HUMAN_CURATED","TIER_4_HUMAN_CURATED","PRACTICE_ONLY",0,"","subj-reasoning"
"q-cmp-rea-0009","HUMAN_CURATED","TIER_4_HUMAN_CURATED","PRACTICE_ONLY",0,"","subj-reasoning"
"q-cmp-rea-0010","HUMAN_CURATED","TIER_4_HUMAN_CURATED","PRACTICE_ONLY",0,"","subj-reasoning"
"q-cmp-rea-0011","HUMAN_CURATED","TIER_4_HUMAN_CURATED","PRACTICE_ONLY",0,"","subj-reasoning"
"q-cmp-rea-0012","HUMAN_CURATED","TIER_4_HUMAN_CURATED","PRACTICE_ONLY",0,"","subj-reasoning"
"q-cmp-rea-0013","HUMAN_CURATED","TIER_4_HUMAN_CURATED","PRACTICE_ONLY",0,"","subj-reasoning"
"q-cmp-rea-0014","HUMAN_CURATED","TIER_4_HUMAN_CURATED","PRACTICE_ONLY",0,"","subj-reasoning"
"q-cmp-rea-0015","HUMAN_CURATED","TIER_4_HUMAN_CURATED","PRACTICE_ONLY",0,"","subj-reasoning"
"q-cmp-rea-0016","HUMAN_CURATED","TIER_4_HUMAN_CURATED","PRACTICE_ONLY",0,"","subj-reasoning"
"q-cmp-rea-0017","HUMAN_CURATED","TIER_4_HUMAN_CURATED","PRACTICE_ONLY",0,"","subj-reasoning"
"q-cmp-rea-0018","HUMAN_CURATED","TIER_4_HUMAN_CURATED","PRACTICE_ONLY",0,"","subj-reasoning"
"q-cmp-rea-0019","HUMAN_CURATED","TIER_4_HUMAN_CURATED","PRACTICE_ONLY",0,"","subj-reasoning"
"q-cmp-rea-0020","HUMAN_CURATED","TIER_4_HUMAN_CURATED","PRACTICE_ONLY",0,"","subj-reasoning"
"q-cmp-rea-0021","HUMAN_CURATED","TIER_4_HUMAN_CURATED","PRACTICE_ONLY",0,"","subj-reasoning"
"q-cmp-rea-0022","HUMAN_CURATED","TIER_4_HUMAN_CURATED","PRACTICE_ONLY",0,"","subj-reasoning"
"q-cmp-rea-0023","HUMAN_CURATED","TIER_4_HUMAN_CURATED","PRACTICE_ONLY",0,"","subj-reasoning"
"q-cmp-rea-0024","HUMAN_CURATED","TIER_4_HUMAN_CURATED","PRACTICE_ONLY",0,"","subj-reasoning"
"q-cmp-rea-0025","HUMAN_CURATED","TIER_4_HUMAN_CURATED","PRACTICE_ONLY",0,"","subj-reasoning"
"q-cmp-rea-0026","HUMAN_CURATED","TIER_4_HUMAN_CURATED","PRACTICE_ONLY",0,"","subj-reasoning"
"q-cmp-rea-0027","HUMAN_CURATED","TIER_4_HUMAN_CURATED","PRACTICE_ONLY",0,"","subj-reasoning"
"q-cmp-rea-0028","HUMAN_CURATED","TIER_4_HUMAN_CURATED","PRACTICE_ONLY",0,"","subj-reasoning"
"q-cmp-rea-0029","HUMAN_CURATED","TIER_4_HUMAN_CURATED","PRACTICE_ONLY",0,"","subj-reasoning"
"q-cmp-rea-0030","HUMAN_CURATED","TIER_4_HUMAN_CURATED","PRACTICE_ONLY",0,"","subj-reasoning"
"q-cmp-rsc-0001","HUMAN_CURATED","TIER_4_HUMAN_CURATED","PRACTICE_ONLY",0,"","subj-railway-sci"
"q-cmp-rsc-0002","HUMAN_CURATED","TIER_4_HUMAN_CURATED","PRACTICE_ONLY",0,"","subj-railway-sci"
"q-cmp-rsc-0003","HUMAN_CURATED","TIER_4_HUMAN_CURATED","PRACTICE_ONLY",0,"","subj-railway-sci"
"q-cmp-rsc-0004","HUMAN_CURATED","TIER_4_HUMAN_CURATED","PRACTICE_ONLY",0,"","subj-railway-sci"
"q-cmp-rsc-0005","HUMAN_CURATED","TIER_4_HUMAN_CURATED","PRACTICE_ONLY",0,"","subj-railway-sci"
"q-cmp-rsc-0006","HUMAN_CURATED","TIER_4_HUMAN_CURATED","PRACTICE_ONLY",0,"","subj-railway-sci"
"q-cmp-rsc-0007","HUMAN_CURATED","TIER_4_HUMAN_CURATED","PRACTICE_ONLY",0,"","subj-railway-sci"
"q-cmp-rsc-0008","HUMAN_CURATED","TIER_4_HUMAN_CURATED","PRACTICE_ONLY",0,"","subj-railway-sci"
"q-cmp-rsc-0009","HUMAN_CURATED","TIER_4_HUMAN_CURATED","PRACTICE_ONLY",0,"","subj-railway-sci"
"q-cmp-rsc-0010","HUMAN_CURATED","TIER_4_HUMAN_CURATED","PRACTICE_ONLY",0,"","subj-railway-sci"
"q-cmp-rsc-0011","HUMAN_CURATED","TIER_4_HUMAN_CURATED","PRACTICE_ONLY",0,"","subj-railway-sci"
"q-cmp-rsc-0012","HUMAN_CURATED","TIER_4_HUMAN_CURATED","PRACTICE_ONLY",0,"","subj-railway-sci"
"q-cmp-rsc-0013","HUMAN_CURATED","TIER_4_HUMAN_CURATED","PRACTICE_ONLY",0,"","subj-railway-sci"
"q-cmp-rsc-0014","HUMAN_CURATED","TIER_4_HUMAN_CURATED","PRACTICE_ONLY",0,"","subj-railway-sci"
"q-cmp-rsc-0015","HUMAN_CURATED","TIER_4_HUMAN_CURATED","PRACTICE_ONLY",0,"","subj-railway-sci"
"q-cmp-rsc-0016","HUMAN_CURATED","TIER_4_HUMAN_CURATED","PRACTICE_ONLY",0,"","subj-railway-sci"
"q-cmp-rsc-0017","HUMAN_CURATED","TIER_4_HUMAN_CURATED","PRACTICE_ONLY",0,"","subj-railway-sci"
"q-cmp-rsc-0018","HUMAN_CURATED","TIER_4_HUMAN_CURATED","PRACTICE_ONLY",0,"","subj-railway-sci"
"q-cmp-rsc-0019","HUMAN_CURATED","TIER_4_HUMAN_CURATED","PRACTICE_ONLY",0,"","subj-railway-sci"
"q-cmp-rsc-0020","HUMAN_CURATED","TIER_4_HUMAN_CURATED","PRACTICE_ONLY",0,"","subj-railway-sci"
"q-cmp-rsc-0021","HUMAN_CURATED","TIER_4_HUMAN_CURATED","PRACTICE_ONLY",0,"","subj-railway-sci"
"q-cmp-rsc-0022","HUMAN_CURATED","TIER_4_HUMAN_CURATED","PRACTICE_ONLY",0,"","subj-railway-sci"
"q-cmp-rsc-0023","HUMAN_CURATED","TIER_4_HUMAN_CURATED","PRACTICE_ONLY",0,"","subj-railway-sci"
"q-cmp-rsc-0024","HUMAN_CURATED","TIER_4_HUMAN_CURATED","PRACTICE_ONLY",0,"","subj-railway-sci"
"q-cmp-rsc-0025","HUMAN_CURATED","TIER_4_HUMAN_CURATED","PRACTICE_ONLY",0,"","subj-railway-sci"
"q-cmp-rsc-0026","HUMAN_CURATED","TIER_4_HUMAN_CURATED","PRACTICE_ONLY",0,"","subj-railway-sci"
"q-cmp-rsc-0027","HUMAN_CURATED","TIER_4_HUMAN_CURATED","PRACTICE_ONLY",0,"","subj-railway-sci"
"q-cmp-rsc-0028","HUMAN_CURATED","TIER_4_HUMAN_CURATED","PRACTICE_ONLY",0,"","subj-railway-sci"
"q-cmp-rsc-0029","HUMAN_CURATED","TIER_4_HUMAN_CURATED","PRACTICE_ONLY",0,"","subj-railway-sci"
"q-cmp-rsc-0030","HUMAN_CURATED","TIER_4_HUMAN_CURATED","PRACTICE_ONLY",0,"","subj-railway-sci"
"q-hy-en-0001","HUMAN_CURATED","TIER_4_HUMAN_CURATED","PRACTICE_ONLY",0,"","subj-english"
"q-hy-en-0002","HUMAN_CURATED","TIER_4_HUMAN_CURATED","PRACTICE_ONLY",0,"","subj-english"
"q-hy-en-0003","HUMAN_CURATED","TIER_4_HUMAN_CURATED","PRACTICE_ONLY",0,"","subj-english"
"q-hy-en-0004","HUMAN_CURATED","TIER_4_HUMAN_CURATED","PRACTICE_ONLY",0,"","subj-english"
"q-hy-en-0005","HUMAN_CURATED","TIER_4_HUMAN_CURATED","PRACTICE_ONLY",0,"","subj-english"
"q-hy-en-0006","HUMAN_CURATED","TIER_4_HUMAN_CURATED","PRACTICE_ONLY",0,"","subj-english"
"q-hy-en-0007","HUMAN_CURATED","TIER_4_HUMAN_CURATED","PRACTICE_ONLY",0,"","subj-english"
"q-hy-en-0008","HUMAN_CURATED","TIER_4_HUMAN_CURATED","PRACTICE_ONLY",0,"","subj-english"
"q-hy-en-0009","HUMAN_CURATED","TIER_4_HUMAN_CURATED","PRACTICE_ONLY",0,"","subj-english"
"q-hy-en-0010","HUMAN_CURATED","TIER_4_HUMAN_CURATED","PRACTICE_ONLY",0,"","subj-english"
"q-hy-en-0011","HUMAN_CURATED","TIER_4_HUMAN_CURATED","PRACTICE_ONLY",0,"","subj-english"
"q-hy-en-0012","HUMAN_CURATED","TIER_4_HUMAN_CURATED","PRACTICE_ONLY",0,"","subj-english"
"q-hy-en-0013","HUMAN_CURATED","TIER_4_HUMAN_CURATED","PRACTICE_ONLY",0,"","subj-english"
"q-hy-en-0014","HUMAN_CURATED","TIER_4_HUMAN_CURATED","PRACTICE_ONLY",0,"","subj-english"
"q-hy-en-0015","HUMAN_CURATED","TIER_4_HUMAN_CURATED","PRACTICE_ONLY",0,"","subj-english"
"q-hy-en-0016","HUMAN_CURATED","TIER_4_HUMAN_CURATED","PRACTICE_ONLY",0,"","subj-english"
"q-hy-en-0017","HUMAN_CURATED","TIER_4_HUMAN_CURATED","PRACTICE_ONLY",0,"","subj-english"
"q-hy-en-0018","HUMAN_CURATED","TIER_4_HUMAN_CURATED","PRACTICE_ONLY",0,"","subj-english"
"q-hy-en-0019","HUMAN_CURATED","TIER_4_HUMAN_CURATED","PRACTICE_ONLY",0,"","subj-english"
"q-hy-en-0020","HUMAN_CURATED","TIER_4_HUMAN_CURATED","PRACTICE_ONLY",0,"","subj-english"
"q-hy-en-0021","HUMAN_CURATED","TIER_4_HUMAN_CURATED","PRACTICE_ONLY",0,"","subj-english"
"q-hy-en-0022","HUMAN_CURATED","TIER_4_HUMAN_CURATED","PRACTICE_ONLY",0,"","subj-english"
"q-hy-en-0023","HUMAN_CURATED","TIER_4_HUMAN_CURATED","PRACTICE_ONLY",0,"","subj-english"
"q-hy-en-0024","HUMAN_CURATED","TIER_4_HUMAN_CURATED","PRACTICE_ONLY",0,"","subj-english"
"q-hy-en-0025","HUMAN_CURATED","TIER_4_HUMAN_CURATED","PRACTICE_ONLY",0,"","subj-english"
"q-hy-en-0026","HUMAN_CURATED","TIER_4_HUMAN_CURATED","PRACTICE_ONLY",0,"","subj-english"
"q-hy-en-0027","HUMAN_CURATED","TIER_4_HUMAN_CURATED","PRACTICE_ONLY",0,"","subj-english"
"q-hy-en-0028","HUMAN_CURATED","TIER_4_HUMAN_CURATED","PRACTICE_ONLY",0,"","subj-english"
"q-hy-en-0029","HUMAN_CURATED","TIER_4_HUMAN_CURATED","PRACTICE_ONLY",0,"","subj-english"
"q-hy-en-0030","HUMAN_CURATED","TIER_4_HUMAN_CURATED","PRACTICE_ONLY",0,"","subj-english"
"q-hy-en-0031","HUMAN_CURATED","TIER_4_HUMAN_CURATED","PRACTICE_ONLY",0,"","subj-english"
"q-hy-en-0032","HUMAN_CURATED","TIER_4_HUMAN_CURATED","PRACTICE_ONLY",0,"","subj-english"
"q-hy-en-0033","HUMAN_CURATED","TIER_4_HUMAN_CURATED","PRACTICE_ONLY",0,"","subj-english"
"q-hy-en-0034","HUMAN_CURATED","TIER_4_HUMAN_CURATED","PRACTICE_ONLY",0,"","subj-english"
"q-hy-en-0035","HUMAN_CURATED","TIER_4_HUMAN_CURATED","PRACTICE_ONLY",0,"","subj-english"
"q-hy-en-0036","HUMAN_CURATED","TIER_4_HUMAN_CURATED","PRACTICE_ONLY",0,"","subj-english"
"q-hy-en-0037","HUMAN_CURATED","TIER_4_HUMAN_CURATED","PRACTICE_ONLY",0,"","subj-english"
"q-hy-en-0038","HUMAN_CURATED","TIER_4_HUMAN_CURATED","PRACTICE_ONLY",0,"","subj-english"
"q-hy-en-0039","HUMAN_CURATED","TIER_4_HUMAN_CURATED","PRACTICE_ONLY",0,"","subj-english"
"q-hy-en-0040","HUMAN_CURATED","TIER_4_HUMAN_CURATED","PRACTICE_ONLY",0,"","subj-english"
"q-hy-en-0041","HUMAN_CURATED","TIER_4_HUMAN_CURATED","PRACTICE_ONLY",0,"","subj-english"
"q-hy-en-0042","HUMAN_CURATED","TIER_4_HUMAN_CURATED","PRACTICE_ONLY",0,"","subj-english"
"q-hy-en-0043","HUMAN_CURATED","TIER_4_HUMAN_CURATED","PRACTICE_ONLY",0,"","subj-english"
"q-hy-en-0044","HUMAN_CURATED","TIER_4_HUMAN_CURATED","PRACTICE_ONLY",0,"","subj-english"
"q-hy-en-0045","HUMAN_CURATED","TIER_4_HUMAN_CURATED","PRACTICE_ONLY",0,"","subj-english"
"q-hy-en-0046","HUMAN_CURATED","TIER_4_HUMAN_CURATED","PRACTICE_ONLY",0,"","subj-english"
"q-hy-en-0047","HUMAN_CURATED","TIER_4_HUMAN_CURATED","PRACTICE_ONLY",0,"","subj-english"
"q-hy-en-0048","HUMAN_CURATED","TIER_4_HUMAN_CURATED","PRACTICE_ONLY",0,"","subj-english"
"q-hy-en-0049","HUMAN_CURATED","TIER_4_HUMAN_CURATED","PRACTICE_ONLY",0,"","subj-english"
"q-hy-en-0050","HUMAN_CURATED","TIER_4_HUMAN_CURATED","PRACTICE_ONLY",0,"","subj-english"
"q-hy-en-0051","HUMAN_CURATED","TIER_4_HUMAN_CURATED","PRACTICE_ONLY",0,"","subj-english"
"q-hy-en-0052","HUMAN_CURATED","TIER_4_HUMAN_CURATED","PRACTICE_ONLY",0,"","subj-english"
"q-hy-en-0053","HUMAN_CURATED","TIER_4_HUMAN_CURATED","PRACTICE_ONLY",0,"","subj-english"
"q-hy-en-0054","HUMAN_CURATED","TIER_4_HUMAN_CURATED","PRACTICE_ONLY",0,"","subj-english"
"q-hy-en-0055","HUMAN_CURATED","TIER_4_HUMAN_CURATED","PRACTICE_ONLY",0,"","subj-english"
"q-hy-en-0056","HUMAN_CURATED","TIER_4_HUMAN_CURATED","PRACTICE_ONLY",0,"","subj-english"
"q-hy-en-0057","HUMAN_CURATED","TIER_4_HUMAN_CURATED","PRACTICE_ONLY",0,"","subj-english"
"q-hy-en-0058","HUMAN_CURATED","TIER_4_HUMAN_CURATED","PRACTICE_ONLY",0,"","subj-english"
"q-hy-en-0059","HUMAN_CURATED","TIER_4_HUMAN_CURATED","PRACTICE_ONLY",0,"","subj-english"
"q-hy-en-0060","HUMAN_CURATED","TIER_4_HUMAN_CURATED","PRACTICE_ONLY",0,"","subj-english"
"q-hy-en-0061","HUMAN_CURATED","TIER_4_HUMAN_CURATED","PRACTICE_ONLY",0,"","subj-english"
"q-hy-en-0062","HUMAN_CURATED","TIER_4_HUMAN_CURATED","PRACTICE_ONLY",0,"","subj-english"
"q-hy-en-0063","HUMAN_CURATED","TIER_4_HUMAN_CURATED","PRACTICE_ONLY",0,"","subj-english"
"q-hy-en-0064","HUMAN_CURATED","TIER_4_HUMAN_CURATED","PRACTICE_ONLY",0,"","subj-english"
"q-hy-en-0065","HUMAN_CURATED","TIER_4_HUMAN_CURATED","PRACTICE_ONLY",0,"","subj-english"
"q-hy-en-0066","HUMAN_CURATED","TIER_4_HUMAN_CURATED","PRACTICE_ONLY",0,"","subj-english"
"q-hy-en-0067","HUMAN_CURATED","TIER_4_HUMAN_CURATED","PRACTICE_ONLY",0,"","subj-english"
"q-hy-en-0068","HUMAN_CURATED","TIER_4_HUMAN_CURATED","PRACTICE_ONLY",0,"","subj-english"
"q-hy-en-0069","HUMAN_CURATED","TIER_4_HUMAN_CURATED","PRACTICE_ONLY",0,"","subj-english"
"q-hy-en-0070","HUMAN_CURATED","TIER_4_HUMAN_CURATED","PRACTICE_ONLY",0,"","subj-english"
"q-hy-en-0071","HUMAN_CURATED","TIER_4_HUMAN_CURATED","PRACTICE_ONLY",0,"","subj-english"
"q-hy-en-0072","HUMAN_CURATED","TIER_4_HUMAN_CURATED","PRACTICE_ONLY",0,"","subj-english"
"q-hy-en-0073","HUMAN_CURATED","TIER_4_HUMAN_CURATED","PRACTICE_ONLY",0,"","subj-english"
"q-hy-en-0074","HUMAN_CURATED","TIER_4_HUMAN_CURATED","PRACTICE_ONLY",0,"","subj-english"
"q-hy-en-0075","HUMAN_CURATED","TIER_4_HUMAN_CURATED","PRACTICE_ONLY",0,"","subj-english"
"q-hy-en-0076","HUMAN_CURATED","TIER_4_HUMAN_CURATED","PRACTICE_ONLY",0,"","subj-english"
"q-hy-en-0077","HUMAN_CURATED","TIER_4_HUMAN_CURATED","PRACTICE_ONLY",0,"","subj-english"
"q-hy-en-0078","HUMAN_CURATED","TIER_4_HUMAN_CURATED","PRACTICE_ONLY",0,"","subj-english"
"q-hy-en-0079","HUMAN_CURATED","TIER_4_HUMAN_CURATED","PRACTICE_ONLY",0,"","subj-english"
"q-hy-en-0080","HUMAN_CURATED","TIER_4_HUMAN_CURATED","PRACTICE_ONLY",0,"","subj-english"
"q-hy-en-0081","HUMAN_CURATED","TIER_4_HUMAN_CURATED","PRACTICE_ONLY",0,"","subj-english"
"q-hy-en-0082","HUMAN_CURATED","TIER_4_HUMAN_CURATED","PRACTICE_ONLY",0,"","subj-english"
"q-hy-en-0083","HUMAN_CURATED","TIER_4_HUMAN_CURATED","PRACTICE_ONLY",0,"","subj-english"
"q-hy-en-0084","HUMAN_CURATED","TIER_4_HUMAN_CURATED","PRACTICE_ONLY",0,"","subj-english"
"q-hy-en-0085","HUMAN_CURATED","TIER_4_HUMAN_CURATED","PRACTICE_ONLY",0,"","subj-english"
"q-hy-hi-0001","HUMAN_CURATED","TIER_4_HUMAN_CURATED","PRACTICE_ONLY",0,"","subj-hindi"
"q-hy-hi-0002","HUMAN_CURATED","TIER_4_HUMAN_CURATED","PRACTICE_ONLY",0,"","subj-hindi"
"q-hy-hi-0003","HUMAN_CURATED","TIER_4_HUMAN_CURATED","PRACTICE_ONLY",0,"","subj-hindi"
"q-hy-hi-0004","HUMAN_CURATED","TIER_4_HUMAN_CURATED","PRACTICE_ONLY",0,"","subj-hindi"
"q-hy-hi-0005","HUMAN_CURATED","TIER_4_HUMAN_CURATED","PRACTICE_ONLY",0,"","subj-hindi"
"q-hy-hi-0006","HUMAN_CURATED","TIER_4_HUMAN_CURATED","PRACTICE_ONLY",0,"","subj-hindi"
"q-hy-hi-0007","HUMAN_CURATED","TIER_4_HUMAN_CURATED","PRACTICE_ONLY",0,"","subj-hindi"
"q-hy-hi-0008","HUMAN_CURATED","TIER_4_HUMAN_CURATED","PRACTICE_ONLY",0,"","subj-hindi"
"q-hy-hi-0009","HUMAN_CURATED","TIER_4_HUMAN_CURATED","PRACTICE_ONLY",0,"","subj-hindi"
"q-hy-hi-0010","HUMAN_CURATED","TIER_4_HUMAN_CURATED","PRACTICE_ONLY",0,"","subj-hindi"
"q-hy-hi-0011","HUMAN_CURATED","TIER_4_HUMAN_CURATED","PRACTICE_ONLY",0,"","subj-hindi"
"q-hy-hi-0012","HUMAN_CURATED","TIER_4_HUMAN_CURATED","PRACTICE_ONLY",0,"","subj-hindi"
"q-hy-hi-0013","HUMAN_CURATED","TIER_4_HUMAN_CURATED","PRACTICE_ONLY",0,"","subj-hindi"
"q-hy-hi-0014","HUMAN_CURATED","TIER_4_HUMAN_CURATED","PRACTICE_ONLY",0,"","subj-hindi"
"q-hy-hi-0015","HUMAN_CURATED","TIER_4_HUMAN_CURATED","PRACTICE_ONLY",0,"","subj-hindi"
"q-hy-hi-0016","HUMAN_CURATED","TIER_4_HUMAN_CURATED","PRACTICE_ONLY",0,"","subj-hindi"
"q-hy-hi-0017","HUMAN_CURATED","TIER_4_HUMAN_CURATED","PRACTICE_ONLY",0,"","subj-hindi"
"q-hy-hi-0018","HUMAN_CURATED","TIER_4_HUMAN_CURATED","PRACTICE_ONLY",0,"","subj-hindi"
"q-hy-hi-0019","HUMAN_CURATED","TIER_4_HUMAN_CURATED","PRACTICE_ONLY",0,"","subj-hindi"
"q-hy-hi-0020","HUMAN_CURATED","TIER_4_HUMAN_CURATED","PRACTICE_ONLY",0,"","subj-hindi"
"q-hy-hi-0021","HUMAN_CURATED","TIER_4_HUMAN_CURATED","PRACTICE_ONLY",0,"","subj-hindi"
"q-hy-hi-0022","HUMAN_CURATED","TIER_4_HUMAN_CURATED","PRACTICE_ONLY",0,"","subj-hindi"
"q-hy-hi-0023","HUMAN_CURATED","TIER_4_HUMAN_CURATED","PRACTICE_ONLY",0,"","subj-hindi"
"q-hy-hi-0024","HUMAN_CURATED","TIER_4_HUMAN_CURATED","PRACTICE_ONLY",0,"","subj-hindi"
"q-hy-hi-0025","HUMAN_CURATED","TIER_4_HUMAN_CURATED","PRACTICE_ONLY",0,"","subj-hindi"
"q-hy-hi-0026","HUMAN_CURATED","TIER_4_HUMAN_CURATED","PRACTICE_ONLY",0,"","subj-hindi"
"q-hy-hi-0027","HUMAN_CURATED","TIER_4_HUMAN_CURATED","PRACTICE_ONLY",0,"","subj-hindi"
"q-hy-hi-0028","HUMAN_CURATED","TIER_4_HUMAN_CURATED","PRACTICE_ONLY",0,"","subj-hindi"
"q-hy-hi-0029","HUMAN_CURATED","TIER_4_HUMAN_CURATED","PRACTICE_ONLY",0,"","subj-hindi"
"q-hy-hi-0030","HUMAN_CURATED","TIER_4_HUMAN_CURATED","PRACTICE_ONLY",0,"","subj-hindi"
"q-hy-hi-0031","HUMAN_CURATED","TIER_4_HUMAN_CURATED","PRACTICE_ONLY",0,"","subj-hindi"
"q-hy-hi-0032","HUMAN_CURATED","TIER_4_HUMAN_CURATED","PRACTICE_ONLY",0,"","subj-hindi"
"q-hy-hi-0033","HUMAN_CURATED","TIER_4_HUMAN_CURATED","PRACTICE_ONLY",0,"","subj-hindi"
"q-hy-hi-0034","HUMAN_CURATED","TIER_4_HUMAN_CURATED","PRACTICE_ONLY",0,"","subj-hindi"
"q-hy-hi-0035","HUMAN_CURATED","TIER_4_HUMAN_CURATED","PRACTICE_ONLY",0,"","subj-hindi"
"q-hy-hi-0036","HUMAN_CURATED","TIER_4_HUMAN_CURATED","PRACTICE_ONLY",0,"","subj-hindi"
"q-hy-hi-0037","HUMAN_CURATED","TIER_4_HUMAN_CURATED","PRACTICE_ONLY",0,"","subj-hindi"
"q-hy-hi-0038","HUMAN_CURATED","TIER_4_HUMAN_CURATED","PRACTICE_ONLY",0,"","subj-hindi"
"q-hy-hi-0039","HUMAN_CURATED","TIER_4_HUMAN_CURATED","PRACTICE_ONLY",0,"","subj-hindi"
"q-hy-hi-0040","HUMAN_CURATED","TIER_4_HUMAN_CURATED","PRACTICE_ONLY",0,"","subj-hindi"
"q-hy-hi-0041","HUMAN_CURATED","TIER_4_HUMAN_CURATED","PRACTICE_ONLY",0,"","subj-hindi"
"q-hy-hi-0042","HUMAN_CURATED","TIER_4_HUMAN_CURATED","PRACTICE_ONLY",0,"","subj-hindi"
"q-hy-hi-0043","HUMAN_CURATED","TIER_4_HUMAN_CURATED","PRACTICE_ONLY",0,"","subj-hindi"
"q-hy-hi-0044","HUMAN_CURATED","TIER_4_HUMAN_CURATED","PRACTICE_ONLY",0,"","subj-hindi"
"q-hy-hi-0045","HUMAN_CURATED","TIER_4_HUMAN_CURATED","PRACTICE_ONLY",0,"","subj-hindi"
"q-hy-hi-0046","HUMAN_CURATED","TIER_4_HUMAN_CURATED","PRACTICE_ONLY",0,"","subj-hindi"
"q-hy-hi-0047","HUMAN_CURATED","TIER_4_HUMAN_CURATED","PRACTICE_ONLY",0,"","subj-hindi"
"q-hy-hi-0048","HUMAN_CURATED","TIER_4_HUMAN_CURATED","PRACTICE_ONLY",0,"","subj-hindi"
"q-hy-hi-0049","HUMAN_CURATED","TIER_4_HUMAN_CURATED","PRACTICE_ONLY",0,"","subj-hindi"
"q-hy-hi-0050","HUMAN_CURATED","TIER_4_HUMAN_CURATED","PRACTICE_ONLY",0,"","subj-hindi"
"q-hy-hi-0051","HUMAN_CURATED","TIER_4_HUMAN_CURATED","PRACTICE_ONLY",0,"","subj-hindi"
"q-hy-hi-0052","HUMAN_CURATED","TIER_4_HUMAN_CURATED","PRACTICE_ONLY",0,"","subj-hindi"
"q-hy-hi-0053","HUMAN_CURATED","TIER_4_HUMAN_CURATED","PRACTICE_ONLY",0,"","subj-hindi"
"q-hy-hi-0054","HUMAN_CURATED","TIER_4_HUMAN_CURATED","PRACTICE_ONLY",0,"","subj-hindi"
"q-hy-hi-0055","HUMAN_CURATED","TIER_4_HUMAN_CURATED","PRACTICE_ONLY",0,"","subj-hindi"
"q-hy-hi-0056","HUMAN_CURATED","TIER_4_HUMAN_CURATED","PRACTICE_ONLY",0,"","subj-hindi"
"q-hy-hi-0057","HUMAN_CURATED","TIER_4_HUMAN_CURATED","PRACTICE_ONLY",0,"","subj-hindi"
"q-hy-hi-0058","HUMAN_CURATED","TIER_4_HUMAN_CURATED","PRACTICE_ONLY",0,"","subj-hindi"
"q-hy-hi-0059","HUMAN_CURATED","TIER_4_HUMAN_CURATED","PRACTICE_ONLY",0,"","subj-hindi"
"q-hy-hi-0060","HUMAN_CURATED","TIER_4_HUMAN_CURATED","PRACTICE_ONLY",0,"","subj-hindi"
"q-hy-hi-0061","HUMAN_CURATED","TIER_4_HUMAN_CURATED","PRACTICE_ONLY",0,"","subj-hindi"
"q-hy-hi-0062","HUMAN_CURATED","TIER_4_HUMAN_CURATED","PRACTICE_ONLY",0,"","subj-hindi"
"q-hy-hi-0063","HUMAN_CURATED","TIER_4_HUMAN_CURATED","PRACTICE_ONLY",0,"","subj-hindi"
"q-hy-hi-0064","HUMAN_CURATED","TIER_4_HUMAN_CURATED","PRACTICE_ONLY",0,"","subj-hindi"
"q-hy-hi-0065","HUMAN_CURATED","TIER_4_HUMAN_CURATED","PRACTICE_ONLY",0,"","subj-hindi"
"q-hy-hi-0066","HUMAN_CURATED","TIER_4_HUMAN_CURATED","PRACTICE_ONLY",0,"","subj-hindi"
"q-hy-hi-0067","HUMAN_CURATED","TIER_4_HUMAN_CURATED","PRACTICE_ONLY",0,"","subj-hindi"
"q-hy-hi-0068","HUMAN_CURATED","TIER_4_HUMAN_CURATED","PRACTICE_ONLY",0,"","subj-hindi"
"q-hy-hi-0069","HUMAN_CURATED","TIER_4_HUMAN_CURATED","PRACTICE_ONLY",0,"","subj-hindi"
"q-hy-hi-0070","HUMAN_CURATED","TIER_4_HUMAN_CURATED","PRACTICE_ONLY",0,"","subj-hindi"
"q-hy-hi-0071","HUMAN_CURATED","TIER_4_HUMAN_CURATED","PRACTICE_ONLY",0,"","subj-hindi"
"q-hy-hi-0072","HUMAN_CURATED","TIER_4_HUMAN_CURATED","PRACTICE_ONLY",0,"","subj-hindi"
"q-hy-hi-0073","HUMAN_CURATED","TIER_4_HUMAN_CURATED","PRACTICE_ONLY",0,"","subj-hindi"
"q-hy-hi-0074","HUMAN_CURATED","TIER_4_HUMAN_CURATED","PRACTICE_ONLY",0,"","subj-hindi"
"q-hy-hi-0075","HUMAN_CURATED","TIER_4_HUMAN_CURATED","PRACTICE_ONLY",0,"","subj-hindi"
"q-hy-hi-0076","HUMAN_CURATED","TIER_4_HUMAN_CURATED","PRACTICE_ONLY",0,"","subj-hindi"
"q-hy-hi-0077","HUMAN_CURATED","TIER_4_HUMAN_CURATED","PRACTICE_ONLY",0,"","subj-hindi"
"q-hy-hi-0078","HUMAN_CURATED","TIER_4_HUMAN_CURATED","PRACTICE_ONLY",0,"","subj-hindi"
"q-hy-hi-0079","HUMAN_CURATED","TIER_4_HUMAN_CURATED","PRACTICE_ONLY",0,"","subj-hindi"
"q-hy-hi-0080","HUMAN_CURATED","TIER_4_HUMAN_CURATED","PRACTICE_ONLY",0,"","subj-hindi"
"q-hy-hi-0081","HUMAN_CURATED","TIER_4_HUMAN_CURATED","PRACTICE_ONLY",0,"","subj-hindi"
"q-hy-hi-0082","HUMAN_CURATED","TIER_4_HUMAN_CURATED","PRACTICE_ONLY",0,"","subj-hindi"
"q-hy-hi-0083","HUMAN_CURATED","TIER_4_HUMAN_CURATED","PRACTICE_ONLY",0,"","subj-hindi"
"q-hy-hi-0084","HUMAN_CURATED","TIER_4_HUMAN_CURATED","PRACTICE_ONLY",0,"","subj-hindi"
"q-hy-hi-0085","HUMAN_CURATED","TIER_4_HUMAN_CURATED","PRACTICE_ONLY",0,"","subj-hindi"
"q-hy-math-0001","HUMAN_CURATED","TIER_4_HUMAN_CURATED","PRACTICE_ONLY",0,"","subj-math"
"q-hy-math-0002","HUMAN_CURATED","TIER_4_HUMAN_CURATED","PRACTICE_ONLY",0,"","subj-math"
"q-hy-math-0003","HUMAN_CURATED","TIER_4_HUMAN_CURATED","PRACTICE_ONLY",0,"","subj-math"
"q-hy-math-0004","HUMAN_CURATED","TIER_4_HUMAN_CURATED","PRACTICE_ONLY",0,"","subj-math"
"q-hy-math-0005","HUMAN_CURATED","TIER_4_HUMAN_CURATED","PRACTICE_ONLY",0,"","subj-math"
"q-hy-math-0006","HUMAN_CURATED","TIER_4_HUMAN_CURATED","PRACTICE_ONLY",0,"","subj-math"
"q-hy-math-0007","HUMAN_CURATED","TIER_4_HUMAN_CURATED","PRACTICE_ONLY",0,"","subj-math"
"q-hy-math-0008","HUMAN_CURATED","TIER_4_HUMAN_CURATED","PRACTICE_ONLY",0,"","subj-math"
"q-hy-math-0009","HUMAN_CURATED","TIER_4_HUMAN_CURATED","PRACTICE_ONLY",0,"","subj-math"
"q-hy-math-0010","HUMAN_CURATED","TIER_4_HUMAN_CURATED","PRACTICE_ONLY",0,"","subj-math"
"q-hy-math-0011","HUMAN_CURATED","TIER_4_HUMAN_CURATED","PRACTICE_ONLY",0,"","subj-math"
"q-hy-math-0012","HUMAN_CURATED","TIER_4_HUMAN_CURATED","PRACTICE_ONLY",0,"","subj-math"
"q-hy-math-0013","HUMAN_CURATED","TIER_4_HUMAN_CURATED","PRACTICE_ONLY",0,"","subj-math"
"q-hy-math-0014","HUMAN_CURATED","TIER_4_HUMAN_CURATED","PRACTICE_ONLY",0,"","subj-math"
"q-hy-math-0015","HUMAN_CURATED","TIER_4_HUMAN_CURATED","PRACTICE_ONLY",0,"","subj-math"
"q-hy-math-0016","HUMAN_CURATED","TIER_4_HUMAN_CURATED","PRACTICE_ONLY",0,"","subj-math"
"q-hy-math-0017","HUMAN_CURATED","TIER_4_HUMAN_CURATED","PRACTICE_ONLY",0,"","subj-math"
"q-hy-math-0018","HUMAN_CURATED","TIER_4_HUMAN_CURATED","PRACTICE_ONLY",0,"","subj-math"
"q-hy-math-0019","HUMAN_CURATED","TIER_4_HUMAN_CURATED","PRACTICE_ONLY",0,"","subj-math"
"q-hy-math-0020","HUMAN_CURATED","TIER_4_HUMAN_CURATED","PRACTICE_ONLY",0,"","subj-math"
"q-hy-math-0021","HUMAN_CURATED","TIER_4_HUMAN_CURATED","PRACTICE_ONLY",0,"","subj-math"
"q-hy-math-0022","HUMAN_CURATED","TIER_4_HUMAN_CURATED","PRACTICE_ONLY",0,"","subj-math"
"q-hy-math-0023","HUMAN_CURATED","TIER_4_HUMAN_CURATED","PRACTICE_ONLY",0,"","subj-math"
"q-hy-math-0024","HUMAN_CURATED","TIER_4_HUMAN_CURATED","PRACTICE_ONLY",0,"","subj-math"
"q-hy-math-0025","HUMAN_CURATED","TIER_4_HUMAN_CURATED","PRACTICE_ONLY",0,"","subj-math"
"q-hy-math-0026","HUMAN_CURATED","TIER_4_HUMAN_CURATED","PRACTICE_ONLY",0,"","subj-math"
"q-hy-math-0027","HUMAN_CURATED","TIER_4_HUMAN_CURATED","PRACTICE_ONLY",0,"","subj-math"
"q-hy-math-0028","HUMAN_CURATED","TIER_4_HUMAN_CURATED","PRACTICE_ONLY",0,"","subj-math"
"q-hy-math-0029","HUMAN_CURATED","TIER_4_HUMAN_CURATED","PRACTICE_ONLY",0,"","subj-math"
"q-hy-math-0030","HUMAN_CURATED","TIER_4_HUMAN_CURATED","PRACTICE_ONLY",0,"","subj-math"
"q-hy-math-0031","HUMAN_CURATED","TIER_4_HUMAN_CURATED","PRACTICE_ONLY",0,"","subj-math"
"q-hy-math-0032","HUMAN_CURATED","TIER_4_HUMAN_CURATED","PRACTICE_ONLY",0,"","subj-math"
"q-hy-math-0033","HUMAN_CURATED","TIER_4_HUMAN_CURATED","PRACTICE_ONLY",0,"","subj-math"
"q-hy-math-0034","HUMAN_CURATED","TIER_4_HUMAN_CURATED","PRACTICE_ONLY",0,"","subj-math"
"q-hy-math-0035","HUMAN_CURATED","TIER_4_HUMAN_CURATED","PRACTICE_ONLY",0,"","subj-math"
"q-hy-math-0036","HUMAN_CURATED","TIER_4_HUMAN_CURATED","PRACTICE_ONLY",0,"","subj-math"
"q-hy-math-0037","HUMAN_CURATED","TIER_4_HUMAN_CURATED","PRACTICE_ONLY",0,"","subj-math"
"q-hy-math-0038","HUMAN_CURATED","TIER_4_HUMAN_CURATED","PRACTICE_ONLY",0,"","subj-math"
"q-hy-math-0039","HUMAN_CURATED","TIER_4_HUMAN_CURATED","PRACTICE_ONLY",0,"","subj-math"
"q-hy-math-0040","HUMAN_CURATED","TIER_4_HUMAN_CURATED","PRACTICE_ONLY",0,"","subj-math"
"q-hy-math-0041","HUMAN_CURATED","TIER_4_HUMAN_CURATED","PRACTICE_ONLY",0,"","subj-math"
"q-hy-math-0042","HUMAN_CURATED","TIER_4_HUMAN_CURATED","PRACTICE_ONLY",0,"","subj-math"
"q-hy-math-0043","HUMAN_CURATED","TIER_4_HUMAN_CURATED","PRACTICE_ONLY",0,"","subj-math"
"q-hy-math-0044","HUMAN_CURATED","TIER_4_HUMAN_CURATED","PRACTICE_ONLY",0,"","subj-math"
"q-hy-math-0045","HUMAN_CURATED","TIER_4_HUMAN_CURATED","PRACTICE_ONLY",0,"","subj-math"
"q-hy-math-0046","HUMAN_CURATED","TIER_4_HUMAN_CURATED","PRACTICE_ONLY",0,"","subj-math"
"q-hy-math-0047","HUMAN_CURATED","TIER_4_HUMAN_CURATED","PRACTICE_ONLY",0,"","subj-math"
"q-hy-math-0048","HUMAN_CURATED","TIER_4_HUMAN_CURATED","PRACTICE_ONLY",0,"","subj-math"
"q-hy-math-0049","HUMAN_CURATED","TIER_4_HUMAN_CURATED","PRACTICE_ONLY",0,"","subj-math"
"q-hy-math-0050","HUMAN_CURATED","TIER_4_HUMAN_CURATED","PRACTICE_ONLY",0,"","subj-math"
"q-hy-math-0051","HUMAN_CURATED","TIER_4_HUMAN_CURATED","PRACTICE_ONLY",0,"","subj-math"
"q-hy-math-0052","HUMAN_CURATED","TIER_4_HUMAN_CURATED","PRACTICE_ONLY",0,"","subj-math"
"q-hy-math-0053","HUMAN_CURATED","TIER_4_HUMAN_CURATED","PRACTICE_ONLY",0,"","subj-math"
"q-hy-math-0054","HUMAN_CURATED","TIER_4_HUMAN_CURATED","PRACTICE_ONLY",0,"","subj-math"
"q-hy-math-0055","HUMAN_CURATED","TIER_4_HUMAN_CURATED","PRACTICE_ONLY",0,"","subj-math"
"q-hy-math-0056","HUMAN_CURATED","TIER_4_HUMAN_CURATED","PRACTICE_ONLY",0,"","subj-math"
"q-hy-math-0057","HUMAN_CURATED","TIER_4_HUMAN_CURATED","PRACTICE_ONLY",0,"","subj-math"
"q-hy-math-0058","HUMAN_CURATED","TIER_4_HUMAN_CURATED","PRACTICE_ONLY",0,"","subj-math"
"q-hy-math-0059","HUMAN_CURATED","TIER_4_HUMAN_CURATED","PRACTICE_ONLY",0,"","subj-math"
"q-hy-math-0060","HUMAN_CURATED","TIER_4_HUMAN_CURATED","PRACTICE_ONLY",0,"","subj-math"
"q-hy-math-0061","HUMAN_CURATED","TIER_4_HUMAN_CURATED","PRACTICE_ONLY",0,"","subj-math"
"q-hy-math-0062","HUMAN_CURATED","TIER_4_HUMAN_CURATED","PRACTICE_ONLY",0,"","subj-math"
"q-hy-math-0063","HUMAN_CURATED","TIER_4_HUMAN_CURATED","PRACTICE_ONLY",0,"","subj-math"
"q-hy-math-0064","HUMAN_CURATED","TIER_4_HUMAN_CURATED","PRACTICE_ONLY",0,"","subj-math"
"q-hy-math-0065","HUMAN_CURATED","TIER_4_HUMAN_CURATED","PRACTICE_ONLY",0,"","subj-math"
"q-hy-math-0066","HUMAN_CURATED","TIER_4_HUMAN_CURATED","PRACTICE_ONLY",0,"","subj-math"
"q-hy-math-0067","HUMAN_CURATED","TIER_4_HUMAN_CURATED","PRACTICE_ONLY",0,"","subj-math"
"q-hy-math-0068","HUMAN_CURATED","TIER_4_HUMAN_CURATED","PRACTICE_ONLY",0,"","subj-math"
"q-hy-math-0069","HUMAN_CURATED","TIER_4_HUMAN_CURATED","PRACTICE_ONLY",0,"","subj-math"
"q-hy-math-0070","HUMAN_CURATED","TIER_4_HUMAN_CURATED","PRACTICE_ONLY",0,"","subj-math"
"q-hy-math-0071","HUMAN_CURATED","TIER_4_HUMAN_CURATED","PRACTICE_ONLY",0,"","subj-math"
"q-hy-math-0072","HUMAN_CURATED","TIER_4_HUMAN_CURATED","PRACTICE_ONLY",0,"","subj-math"
"q-hy-math-0073","HUMAN_CURATED","TIER_4_HUMAN_CURATED","PRACTICE_ONLY",0,"","subj-math"
"q-hy-math-0074","HUMAN_CURATED","TIER_4_HUMAN_CURATED","PRACTICE_ONLY",0,"","subj-math"
"q-hy-math-0075","HUMAN_CURATED","TIER_4_HUMAN_CURATED","PRACTICE_ONLY",0,"","subj-math"
"q-hy-math-0076","HUMAN_CURATED","TIER_4_HUMAN_CURATED","PRACTICE_ONLY",0,"","subj-math"
"q-hy-math-0077","HUMAN_CURATED","TIER_4_HUMAN_CURATED","PRACTICE_ONLY",0,"","subj-math"
"q-hy-math-0078","HUMAN_CURATED","TIER_4_HUMAN_CURATED","PRACTICE_ONLY",0,"","subj-math"
"q-hy-math-0079","HUMAN_CURATED","TIER_4_HUMAN_CURATED","PRACTICE_ONLY",0,"","subj-math"
"q-hy-math-0080","HUMAN_CURATED","TIER_4_HUMAN_CURATED","PRACTICE_ONLY",0,"","subj-math"
"q-hy-math-0081","HUMAN_CURATED","TIER_4_HUMAN_CURATED","PRACTICE_ONLY",0,"","subj-math"
"q-hy-math-0082","HUMAN_CURATED","TIER_4_HUMAN_CURATED","PRACTICE_ONLY",0,"","subj-math"
"q-hy-math-0083","HUMAN_CURATED","TIER_4_HUMAN_CURATED","PRACTICE_ONLY",0,"","subj-math"
"q-hy-math-0084","HUMAN_CURATED","TIER_4_HUMAN_CURATED","PRACTICE_ONLY",0,"","subj-math"
"q-hy-math-0085","HUMAN_CURATED","TIER_4_HUMAN_CURATED","PRACTICE_ONLY",0,"","subj-math"
"q-hy-sa-0001","HUMAN_CURATED","TIER_6_NEEDS_REVIEW","NEEDS_REVIEW",0,"","subj-sanskrit"
"q-hy-sa-0002","HUMAN_CURATED","TIER_6_NEEDS_REVIEW","NEEDS_REVIEW",0,"","subj-sanskrit"
"q-hy-sa-0003","HUMAN_CURATED","TIER_6_NEEDS_REVIEW","NEEDS_REVIEW",0,"","subj-sanskrit"
"q-hy-sa-0004","HUMAN_CURATED","TIER_6_NEEDS_REVIEW","NEEDS_REVIEW",0,"","subj-sanskrit"
"q-hy-sa-0005","HUMAN_CURATED","TIER_6_NEEDS_REVIEW","NEEDS_REVIEW",0,"","subj-sanskrit"
"q-hy-sa-0006","HUMAN_CURATED","TIER_6_NEEDS_REVIEW","NEEDS_REVIEW",0,"","subj-sanskrit"
"q-hy-sa-0007","HUMAN_CURATED","TIER_6_NEEDS_REVIEW","NEEDS_REVIEW",0,"","subj-sanskrit"
"q-hy-sa-0008","HUMAN_CURATED","TIER_6_NEEDS_REVIEW","NEEDS_REVIEW",0,"","subj-sanskrit"
"q-hy-sa-0009","HUMAN_CURATED","TIER_6_NEEDS_REVIEW","NEEDS_REVIEW",0,"","subj-sanskrit"
"q-hy-sa-0010","HUMAN_CURATED","TIER_6_NEEDS_REVIEW","NEEDS_REVIEW",0,"","subj-sanskrit"
"q-hy-sa-0011","HUMAN_CURATED","TIER_6_NEEDS_REVIEW","NEEDS_REVIEW",0,"","subj-sanskrit"
"q-hy-sa-0012","HUMAN_CURATED","TIER_6_NEEDS_REVIEW","NEEDS_REVIEW",0,"","subj-sanskrit"
"q-hy-sa-0013","HUMAN_CURATED","TIER_6_NEEDS_REVIEW","NEEDS_REVIEW",0,"","subj-sanskrit"
"q-hy-sa-0014","HUMAN_CURATED","TIER_6_NEEDS_REVIEW","NEEDS_REVIEW",0,"","subj-sanskrit"
"q-hy-sa-0015","HUMAN_CURATED","TIER_6_NEEDS_REVIEW","NEEDS_REVIEW",0,"","subj-sanskrit"
"q-hy-sa-0016","HUMAN_CURATED","TIER_6_NEEDS_REVIEW","NEEDS_REVIEW",0,"","subj-sanskrit"
"q-hy-sa-0017","HUMAN_CURATED","TIER_6_NEEDS_REVIEW","NEEDS_REVIEW",0,"","subj-sanskrit"
"q-hy-sa-0018","HUMAN_CURATED","TIER_6_NEEDS_REVIEW","NEEDS_REVIEW",0,"","subj-sanskrit"
"q-hy-sa-0019","HUMAN_CURATED","TIER_6_NEEDS_REVIEW","NEEDS_REVIEW",0,"","subj-sanskrit"
"q-hy-sa-0020","HUMAN_CURATED","TIER_6_NEEDS_REVIEW","NEEDS_REVIEW",0,"","subj-sanskrit"
"q-hy-sa-0021","HUMAN_CURATED","TIER_6_NEEDS_REVIEW","NEEDS_REVIEW",0,"","subj-sanskrit"
"q-hy-sa-0022","HUMAN_CURATED","TIER_6_NEEDS_REVIEW","NEEDS_REVIEW",0,"","subj-sanskrit"
"q-hy-sa-0023","HUMAN_CURATED","TIER_6_NEEDS_REVIEW","NEEDS_REVIEW",0,"","subj-sanskrit"
"q-hy-sa-0024","HUMAN_CURATED","TIER_6_NEEDS_REVIEW","NEEDS_REVIEW",0,"","subj-sanskrit"
"q-hy-sa-0025","HUMAN_CURATED","TIER_6_NEEDS_REVIEW","NEEDS_REVIEW",0,"","subj-sanskrit"
"q-hy-sa-0026","HUMAN_CURATED","TIER_6_NEEDS_REVIEW","NEEDS_REVIEW",0,"","subj-sanskrit"
"q-hy-sa-0027","HUMAN_CURATED","TIER_6_NEEDS_REVIEW","NEEDS_REVIEW",0,"","subj-sanskrit"
"q-hy-sa-0028","HUMAN_CURATED","TIER_6_NEEDS_REVIEW","NEEDS_REVIEW",0,"","subj-sanskrit"
"q-hy-sa-0029","HUMAN_CURATED","TIER_6_NEEDS_REVIEW","NEEDS_REVIEW",0,"","subj-sanskrit"
"q-hy-sa-0030","HUMAN_CURATED","TIER_6_NEEDS_REVIEW","NEEDS_REVIEW",0,"","subj-sanskrit"
"q-hy-sa-0031","HUMAN_CURATED","TIER_6_NEEDS_REVIEW","NEEDS_REVIEW",0,"","subj-sanskrit"
"q-hy-sa-0032","HUMAN_CURATED","TIER_6_NEEDS_REVIEW","NEEDS_REVIEW",0,"","subj-sanskrit"
"q-hy-sa-0033","HUMAN_CURATED","TIER_6_NEEDS_REVIEW","NEEDS_REVIEW",0,"","subj-sanskrit"
"q-hy-sa-0034","HUMAN_CURATED","TIER_6_NEEDS_REVIEW","NEEDS_REVIEW",0,"","subj-sanskrit"
"q-hy-sa-0035","HUMAN_CURATED","TIER_6_NEEDS_REVIEW","NEEDS_REVIEW",0,"","subj-sanskrit"
"q-hy-sa-0036","HUMAN_CURATED","TIER_6_NEEDS_REVIEW","NEEDS_REVIEW",0,"","subj-sanskrit"
"q-hy-sa-0037","HUMAN_CURATED","TIER_6_NEEDS_REVIEW","NEEDS_REVIEW",0,"","subj-sanskrit"
"q-hy-sa-0038","HUMAN_CURATED","TIER_6_NEEDS_REVIEW","NEEDS_REVIEW",0,"","subj-sanskrit"
"q-hy-sa-0039","HUMAN_CURATED","TIER_6_NEEDS_REVIEW","NEEDS_REVIEW",0,"","subj-sanskrit"
"q-hy-sa-0040","HUMAN_CURATED","TIER_6_NEEDS_REVIEW","NEEDS_REVIEW",0,"","subj-sanskrit"
"q-hy-sa-0041","HUMAN_CURATED","TIER_6_NEEDS_REVIEW","NEEDS_REVIEW",0,"","subj-sanskrit"
"q-hy-sa-0042","HUMAN_CURATED","TIER_6_NEEDS_REVIEW","NEEDS_REVIEW",0,"","subj-sanskrit"
"q-hy-sa-0043","HUMAN_CURATED","TIER_6_NEEDS_REVIEW","NEEDS_REVIEW",0,"","subj-sanskrit"
"q-hy-sa-0044","HUMAN_CURATED","TIER_6_NEEDS_REVIEW","NEEDS_REVIEW",0,"","subj-sanskrit"
"q-hy-sa-0045","HUMAN_CURATED","TIER_6_NEEDS_REVIEW","NEEDS_REVIEW",0,"","subj-sanskrit"
"q-hy-sa-0046","HUMAN_CURATED","TIER_6_NEEDS_REVIEW","NEEDS_REVIEW",0,"","subj-sanskrit"
"q-hy-sa-0047","HUMAN_CURATED","TIER_6_NEEDS_REVIEW","NEEDS_REVIEW",0,"","subj-sanskrit"
"q-hy-sa-0048","HUMAN_CURATED","TIER_6_NEEDS_REVIEW","NEEDS_REVIEW",0,"","subj-sanskrit"
"q-hy-sa-0049","HUMAN_CURATED","TIER_6_NEEDS_REVIEW","NEEDS_REVIEW",0,"","subj-sanskrit"
"q-hy-sa-0050","HUMAN_CURATED","TIER_6_NEEDS_REVIEW","NEEDS_REVIEW",0,"","subj-sanskrit"
"q-hy-sa-0051","HUMAN_CURATED","TIER_6_NEEDS_REVIEW","NEEDS_REVIEW",0,"","subj-sanskrit"
"q-hy-sa-0052","HUMAN_CURATED","TIER_6_NEEDS_REVIEW","NEEDS_REVIEW",0,"","subj-sanskrit"
"q-hy-sa-0053","HUMAN_CURATED","TIER_6_NEEDS_REVIEW","NEEDS_REVIEW",0,"","subj-sanskrit"
"q-hy-sa-0054","HUMAN_CURATED","TIER_6_NEEDS_REVIEW","NEEDS_REVIEW",0,"","subj-sanskrit"
"q-hy-sa-0055","HUMAN_CURATED","TIER_6_NEEDS_REVIEW","NEEDS_REVIEW",0,"","subj-sanskrit"
"q-hy-sa-0056","HUMAN_CURATED","TIER_6_NEEDS_REVIEW","NEEDS_REVIEW",0,"","subj-sanskrit"
"q-hy-sa-0057","HUMAN_CURATED","TIER_6_NEEDS_REVIEW","NEEDS_REVIEW",0,"","subj-sanskrit"
"q-hy-sa-0058","HUMAN_CURATED","TIER_6_NEEDS_REVIEW","NEEDS_REVIEW",0,"","subj-sanskrit"
"q-hy-sa-0059","HUMAN_CURATED","TIER_6_NEEDS_REVIEW","NEEDS_REVIEW",0,"","subj-sanskrit"
"q-hy-sa-0060","HUMAN_CURATED","TIER_6_NEEDS_REVIEW","NEEDS_REVIEW",0,"","subj-sanskrit"
"q-hy-sa-0061","HUMAN_CURATED","TIER_6_NEEDS_REVIEW","NEEDS_REVIEW",0,"","subj-sanskrit"
"q-hy-sa-0062","HUMAN_CURATED","TIER_6_NEEDS_REVIEW","NEEDS_REVIEW",0,"","subj-sanskrit"
"q-hy-sa-0063","HUMAN_CURATED","TIER_6_NEEDS_REVIEW","NEEDS_REVIEW",0,"","subj-sanskrit"
"q-hy-sa-0064","HUMAN_CURATED","TIER_6_NEEDS_REVIEW","NEEDS_REVIEW",0,"","subj-sanskrit"
"q-hy-sa-0065","HUMAN_CURATED","TIER_6_NEEDS_REVIEW","NEEDS_REVIEW",0,"","subj-sanskrit"
"q-hy-sa-0066","HUMAN_CURATED","TIER_6_NEEDS_REVIEW","NEEDS_REVIEW",0,"","subj-sanskrit"
"q-hy-sa-0067","HUMAN_CURATED","TIER_6_NEEDS_REVIEW","NEEDS_REVIEW",0,"","subj-sanskrit"
"q-hy-sa-0068","HUMAN_CURATED","TIER_6_NEEDS_REVIEW","NEEDS_REVIEW",0,"","subj-sanskrit"
"q-hy-sa-0069","HUMAN_CURATED","TIER_6_NEEDS_REVIEW","NEEDS_REVIEW",0,"","subj-sanskrit"
"q-hy-sa-0070","HUMAN_CURATED","TIER_6_NEEDS_REVIEW","NEEDS_REVIEW",0,"","subj-sanskrit"
"q-hy-sa-0071","HUMAN_CURATED","TIER_6_NEEDS_REVIEW","NEEDS_REVIEW",0,"","subj-sanskrit"
"q-hy-sa-0072","HUMAN_CURATED","TIER_6_NEEDS_REVIEW","NEEDS_REVIEW",0,"","subj-sanskrit"
"q-hy-sa-0073","HUMAN_CURATED","TIER_6_NEEDS_REVIEW","NEEDS_REVIEW",0,"","subj-sanskrit"
"q-hy-sa-0074","HUMAN_CURATED","TIER_6_NEEDS_REVIEW","NEEDS_REVIEW",0,"","subj-sanskrit"
"q-hy-sa-0075","HUMAN_CURATED","TIER_6_NEEDS_REVIEW","NEEDS_REVIEW",0,"","subj-sanskrit"
"q-hy-sa-0076","HUMAN_CURATED","TIER_6_NEEDS_REVIEW","NEEDS_REVIEW",0,"","subj-sanskrit"
"q-hy-sa-0077","HUMAN_CURATED","TIER_6_NEEDS_REVIEW","NEEDS_REVIEW",0,"","subj-sanskrit"
"q-hy-sa-0078","HUMAN_CURATED","TIER_6_NEEDS_REVIEW","NEEDS_REVIEW",0,"","subj-sanskrit"
"q-hy-sa-0079","HUMAN_CURATED","TIER_6_NEEDS_REVIEW","NEEDS_REVIEW",0,"","subj-sanskrit"
"q-hy-sa-0080","HUMAN_CURATED","TIER_6_NEEDS_REVIEW","NEEDS_REVIEW",0,"","subj-sanskrit"
"q-hy-sa-0081","HUMAN_CURATED","TIER_6_NEEDS_REVIEW","NEEDS_REVIEW",0,"","subj-sanskrit"
"q-hy-sa-0082","HUMAN_CURATED","TIER_6_NEEDS_REVIEW","NEEDS_REVIEW",0,"","subj-sanskrit"
"q-hy-sa-0083","HUMAN_CURATED","TIER_6_NEEDS_REVIEW","NEEDS_REVIEW",0,"","subj-sanskrit"
"q-hy-sa-0084","HUMAN_CURATED","TIER_6_NEEDS_REVIEW","NEEDS_REVIEW",0,"","subj-sanskrit"
"q-hy-sa-0085","HUMAN_CURATED","TIER_6_NEEDS_REVIEW","NEEDS_REVIEW",0,"","subj-sanskrit"
"q-hy-sci-0001","HUMAN_CURATED","TIER_4_HUMAN_CURATED","PRACTICE_ONLY",0,"","subj-science"
"q-hy-sci-0002","HUMAN_CURATED","TIER_4_HUMAN_CURATED","PRACTICE_ONLY",0,"","subj-science"
"q-hy-sci-0003","HUMAN_CURATED","TIER_4_HUMAN_CURATED","PRACTICE_ONLY",0,"","subj-science"
"q-hy-sci-0004","HUMAN_CURATED","TIER_4_HUMAN_CURATED","PRACTICE_ONLY",0,"","subj-science"
"q-hy-sci-0005","HUMAN_CURATED","TIER_4_HUMAN_CURATED","PRACTICE_ONLY",0,"","subj-science"
"q-hy-sci-0006","HUMAN_CURATED","TIER_4_HUMAN_CURATED","PRACTICE_ONLY",0,"","subj-science"
"q-hy-sci-0007","HUMAN_CURATED","TIER_4_HUMAN_CURATED","PRACTICE_ONLY",0,"","subj-science"
"q-hy-sci-0008","HUMAN_CURATED","TIER_4_HUMAN_CURATED","PRACTICE_ONLY",0,"","subj-science"
"q-hy-sci-0009","HUMAN_CURATED","TIER_4_HUMAN_CURATED","PRACTICE_ONLY",0,"","subj-science"
"q-hy-sci-0010","HUMAN_CURATED","TIER_4_HUMAN_CURATED","PRACTICE_ONLY",0,"","subj-science"
"q-hy-sci-0011","HUMAN_CURATED","TIER_4_HUMAN_CURATED","PRACTICE_ONLY",0,"","subj-science"
"q-hy-sci-0012","HUMAN_CURATED","TIER_4_HUMAN_CURATED","PRACTICE_ONLY",0,"","subj-science"
"q-hy-sci-0013","HUMAN_CURATED","TIER_4_HUMAN_CURATED","PRACTICE_ONLY",0,"","subj-science"
"q-hy-sci-0014","HUMAN_CURATED","TIER_4_HUMAN_CURATED","PRACTICE_ONLY",0,"","subj-science"
"q-hy-sci-0015","HUMAN_CURATED","TIER_4_HUMAN_CURATED","PRACTICE_ONLY",0,"","subj-science"
"q-hy-sci-0016","HUMAN_CURATED","TIER_4_HUMAN_CURATED","PRACTICE_ONLY",0,"","subj-science"
"q-hy-sci-0017","HUMAN_CURATED","TIER_4_HUMAN_CURATED","PRACTICE_ONLY",0,"","subj-science"
"q-hy-sci-0018","HUMAN_CURATED","TIER_4_HUMAN_CURATED","PRACTICE_ONLY",0,"","subj-science"
"q-hy-sci-0019","HUMAN_CURATED","TIER_4_HUMAN_CURATED","PRACTICE_ONLY",0,"","subj-science"
"q-hy-sci-0020","HUMAN_CURATED","TIER_4_HUMAN_CURATED","PRACTICE_ONLY",0,"","subj-science"
"q-hy-sci-0021","HUMAN_CURATED","TIER_4_HUMAN_CURATED","PRACTICE_ONLY",0,"","subj-science"
"q-hy-sci-0022","HUMAN_CURATED","TIER_4_HUMAN_CURATED","PRACTICE_ONLY",0,"","subj-science"
"q-hy-sci-0023","HUMAN_CURATED","TIER_4_HUMAN_CURATED","PRACTICE_ONLY",0,"","subj-science"
"q-hy-sci-0024","HUMAN_CURATED","TIER_4_HUMAN_CURATED","PRACTICE_ONLY",0,"","subj-science"
"q-hy-sci-0025","HUMAN_CURATED","TIER_4_HUMAN_CURATED","PRACTICE_ONLY",0,"","subj-science"
"q-hy-sci-0026","HUMAN_CURATED","TIER_4_HUMAN_CURATED","PRACTICE_ONLY",0,"","subj-science"
"q-hy-sci-0027","HUMAN_CURATED","TIER_4_HUMAN_CURATED","PRACTICE_ONLY",0,"","subj-science"
"q-hy-sci-0028","HUMAN_CURATED","TIER_4_HUMAN_CURATED","PRACTICE_ONLY",0,"","subj-science"
"q-hy-sci-0029","HUMAN_CURATED","TIER_4_HUMAN_CURATED","PRACTICE_ONLY",0,"","subj-science"
"q-hy-sci-0030","HUMAN_CURATED","TIER_4_HUMAN_CURATED","PRACTICE_ONLY",0,"","subj-science"
"q-hy-sci-0031","HUMAN_CURATED","TIER_4_HUMAN_CURATED","PRACTICE_ONLY",0,"","subj-science"
"q-hy-sci-0032","HUMAN_CURATED","TIER_4_HUMAN_CURATED","PRACTICE_ONLY",0,"","subj-science"
"q-hy-sci-0033","HUMAN_CURATED","TIER_4_HUMAN_CURATED","PRACTICE_ONLY",0,"","subj-science"
"q-hy-sci-0034","HUMAN_CURATED","TIER_4_HUMAN_CURATED","PRACTICE_ONLY",0,"","subj-science"
"q-hy-sci-0035","HUMAN_CURATED","TIER_4_HUMAN_CURATED","PRACTICE_ONLY",0,"","subj-science"
"q-hy-sci-0036","HUMAN_CURATED","TIER_4_HUMAN_CURATED","PRACTICE_ONLY",0,"","subj-science"
"q-hy-sci-0037","HUMAN_CURATED","TIER_4_HUMAN_CURATED","PRACTICE_ONLY",0,"","subj-science"
"q-hy-sci-0038","HUMAN_CURATED","TIER_4_HUMAN_CURATED","PRACTICE_ONLY",0,"","subj-science"
"q-hy-sci-0039","HUMAN_CURATED","TIER_4_HUMAN_CURATED","PRACTICE_ONLY",0,"","subj-science"
"q-hy-sci-0040","HUMAN_CURATED","TIER_4_HUMAN_CURATED","PRACTICE_ONLY",0,"","subj-science"
"q-hy-sci-0041","HUMAN_CURATED","TIER_4_HUMAN_CURATED","PRACTICE_ONLY",0,"","subj-science"
"q-hy-sci-0042","HUMAN_CURATED","TIER_4_HUMAN_CURATED","PRACTICE_ONLY",0,"","subj-science"
"q-hy-sci-0043","HUMAN_CURATED","TIER_4_HUMAN_CURATED","PRACTICE_ONLY",0,"","subj-science"
"q-hy-sci-0044","HUMAN_CURATED","TIER_4_HUMAN_CURATED","PRACTICE_ONLY",0,"","subj-science"
"q-hy-sci-0045","HUMAN_CURATED","TIER_4_HUMAN_CURATED","PRACTICE_ONLY",0,"","subj-science"
"q-hy-sci-0046","HUMAN_CURATED","TIER_4_HUMAN_CURATED","PRACTICE_ONLY",0,"","subj-science"
"q-hy-sci-0047","HUMAN_CURATED","TIER_4_HUMAN_CURATED","PRACTICE_ONLY",0,"","subj-science"
"q-hy-sci-0048","HUMAN_CURATED","TIER_4_HUMAN_CURATED","PRACTICE_ONLY",0,"","subj-science"
"q-hy-sci-0049","HUMAN_CURATED","TIER_4_HUMAN_CURATED","PRACTICE_ONLY",0,"","subj-science"
"q-hy-sci-0050","HUMAN_CURATED","TIER_4_HUMAN_CURATED","PRACTICE_ONLY",0,"","subj-science"
"q-hy-sci-0051","HUMAN_CURATED","TIER_4_HUMAN_CURATED","PRACTICE_ONLY",0,"","subj-science"
"q-hy-sci-0052","HUMAN_CURATED","TIER_4_HUMAN_CURATED","PRACTICE_ONLY",0,"","subj-science"
"q-hy-sci-0053","HUMAN_CURATED","TIER_4_HUMAN_CURATED","PRACTICE_ONLY",0,"","subj-science"
"q-hy-sci-0054","HUMAN_CURATED","TIER_4_HUMAN_CURATED","PRACTICE_ONLY",0,"","subj-science"
"q-hy-sci-0055","HUMAN_CURATED","TIER_4_HUMAN_CURATED","PRACTICE_ONLY",0,"","subj-science"
"q-hy-sci-0056","HUMAN_CURATED","TIER_4_HUMAN_CURATED","PRACTICE_ONLY",0,"","subj-science"
"q-hy-sci-0057","HUMAN_CURATED","TIER_4_HUMAN_CURATED","PRACTICE_ONLY",0,"","subj-science"
"q-hy-sci-0058","HUMAN_CURATED","TIER_4_HUMAN_CURATED","PRACTICE_ONLY",0,"","subj-science"
"q-hy-sci-0059","HUMAN_CURATED","TIER_4_HUMAN_CURATED","PRACTICE_ONLY",0,"","subj-science"
"q-hy-sci-0060","HUMAN_CURATED","TIER_4_HUMAN_CURATED","PRACTICE_ONLY",0,"","subj-science"
"q-hy-sci-0061","HUMAN_CURATED","TIER_4_HUMAN_CURATED","PRACTICE_ONLY",0,"","subj-science"
"q-hy-sci-0062","HUMAN_CURATED","TIER_4_HUMAN_CURATED","PRACTICE_ONLY",0,"","subj-science"
"q-hy-sci-0063","HUMAN_CURATED","TIER_4_HUMAN_CURATED","PRACTICE_ONLY",0,"","subj-science"
"q-hy-sci-0064","HUMAN_CURATED","TIER_4_HUMAN_CURATED","PRACTICE_ONLY",0,"","subj-science"
"q-hy-sci-0065","HUMAN_CURATED","TIER_4_HUMAN_CURATED","PRACTICE_ONLY",0,"","subj-science"
"q-hy-sci-0066","HUMAN_CURATED","TIER_4_HUMAN_CURATED","PRACTICE_ONLY",0,"","subj-science"
"q-hy-sci-0067","HUMAN_CURATED","TIER_4_HUMAN_CURATED","PRACTICE_ONLY",0,"","subj-science"
"q-hy-sci-0068","HUMAN_CURATED","TIER_4_HUMAN_CURATED","PRACTICE_ONLY",0,"","subj-science"
"q-hy-sci-0069","HUMAN_CURATED","TIER_4_HUMAN_CURATED","PRACTICE_ONLY",0,"","subj-science"
"q-hy-sci-0070","HUMAN_CURATED","TIER_4_HUMAN_CURATED","PRACTICE_ONLY",0,"","subj-science"
"q-hy-sci-0071","HUMAN_CURATED","TIER_4_HUMAN_CURATED","PRACTICE_ONLY",0,"","subj-science"
"q-hy-sci-0072","HUMAN_CURATED","TIER_4_HUMAN_CURATED","PRACTICE_ONLY",0,"","subj-science"
"q-hy-sci-0073","HUMAN_CURATED","TIER_4_HUMAN_CURATED","PRACTICE_ONLY",0,"","subj-science"
"q-hy-sci-0074","HUMAN_CURATED","TIER_4_HUMAN_CURATED","PRACTICE_ONLY",0,"","subj-science"
"q-hy-sci-0075","HUMAN_CURATED","TIER_4_HUMAN_CURATED","PRACTICE_ONLY",0,"","subj-science"
"q-hy-sci-0076","HUMAN_CURATED","TIER_4_HUMAN_CURATED","PRACTICE_ONLY",0,"","subj-science"
"q-hy-sci-0077","HUMAN_CURATED","TIER_4_HUMAN_CURATED","PRACTICE_ONLY",0,"","subj-science"
"q-hy-sci-0078","HUMAN_CURATED","TIER_4_HUMAN_CURATED","PRACTICE_ONLY",0,"","subj-science"
"q-hy-sci-0079","HUMAN_CURATED","TIER_4_HUMAN_CURATED","PRACTICE_ONLY",0,"","subj-science"
"q-hy-sci-0080","HUMAN_CURATED","TIER_4_HUMAN_CURATED","PRACTICE_ONLY",0,"","subj-science"
"q-hy-sci-0081","HUMAN_CURATED","TIER_4_HUMAN_CURATED","PRACTICE_ONLY",0,"","subj-science"
"q-hy-sci-0082","HUMAN_CURATED","TIER_4_HUMAN_CURATED","PRACTICE_ONLY",0,"","subj-science"
"q-hy-sci-0083","HUMAN_CURATED","TIER_4_HUMAN_CURATED","PRACTICE_ONLY",0,"","subj-science"
"q-hy-sci-0084","HUMAN_CURATED","TIER_4_HUMAN_CURATED","PRACTICE_ONLY",0,"","subj-science"
"q-hy-sci-0085","HUMAN_CURATED","TIER_4_HUMAN_CURATED","PRACTICE_ONLY",0,"","subj-science"
"q-hy-soc-0001","HUMAN_CURATED","TIER_4_HUMAN_CURATED","PRACTICE_ONLY",0,"","subj-social"
"q-hy-soc-0002","HUMAN_CURATED","TIER_4_HUMAN_CURATED","PRACTICE_ONLY",0,"","subj-social"
"q-hy-soc-0003","HUMAN_CURATED","TIER_4_HUMAN_CURATED","PRACTICE_ONLY",0,"","subj-social"
"q-hy-soc-0004","HUMAN_CURATED","TIER_4_HUMAN_CURATED","PRACTICE_ONLY",0,"","subj-social"
"q-hy-soc-0005","HUMAN_CURATED","TIER_4_HUMAN_CURATED","PRACTICE_ONLY",0,"","subj-social"
"q-hy-soc-0006","HUMAN_CURATED","TIER_4_HUMAN_CURATED","PRACTICE_ONLY",0,"","subj-social"
"q-hy-soc-0007","HUMAN_CURATED","TIER_4_HUMAN_CURATED","PRACTICE_ONLY",0,"","subj-social"
"q-hy-soc-0008","HUMAN_CURATED","TIER_4_HUMAN_CURATED","PRACTICE_ONLY",0,"","subj-social"
"q-hy-soc-0009","HUMAN_CURATED","TIER_4_HUMAN_CURATED","PRACTICE_ONLY",0,"","subj-social"
"q-hy-soc-0010","HUMAN_CURATED","TIER_4_HUMAN_CURATED","PRACTICE_ONLY",0,"","subj-social"
"q-hy-soc-0011","HUMAN_CURATED","TIER_4_HUMAN_CURATED","PRACTICE_ONLY",0,"","subj-social"
"q-hy-soc-0012","HUMAN_CURATED","TIER_4_HUMAN_CURATED","PRACTICE_ONLY",0,"","subj-social"
"q-hy-soc-0013","HUMAN_CURATED","TIER_4_HUMAN_CURATED","PRACTICE_ONLY",0,"","subj-social"
"q-hy-soc-0014","HUMAN_CURATED","TIER_4_HUMAN_CURATED","PRACTICE_ONLY",0,"","subj-social"
"q-hy-soc-0015","HUMAN_CURATED","TIER_4_HUMAN_CURATED","PRACTICE_ONLY",0,"","subj-social"
"q-hy-soc-0016","HUMAN_CURATED","TIER_4_HUMAN_CURATED","PRACTICE_ONLY",0,"","subj-social"
"q-hy-soc-0017","HUMAN_CURATED","TIER_4_HUMAN_CURATED","PRACTICE_ONLY",0,"","subj-social"
"q-hy-soc-0018","HUMAN_CURATED","TIER_4_HUMAN_CURATED","PRACTICE_ONLY",0,"","subj-social"
"q-hy-soc-0019","HUMAN_CURATED","TIER_4_HUMAN_CURATED","PRACTICE_ONLY",0,"","subj-social"
"q-hy-soc-0020","HUMAN_CURATED","TIER_4_HUMAN_CURATED","PRACTICE_ONLY",0,"","subj-social"
"q-hy-soc-0021","HUMAN_CURATED","TIER_4_HUMAN_CURATED","PRACTICE_ONLY",0,"","subj-social"
"q-hy-soc-0022","HUMAN_CURATED","TIER_4_HUMAN_CURATED","PRACTICE_ONLY",0,"","subj-social"
"q-hy-soc-0023","HUMAN_CURATED","TIER_4_HUMAN_CURATED","PRACTICE_ONLY",0,"","subj-social"
"q-hy-soc-0024","HUMAN_CURATED","TIER_4_HUMAN_CURATED","PRACTICE_ONLY",0,"","subj-social"
"q-hy-soc-0025","HUMAN_CURATED","TIER_4_HUMAN_CURATED","PRACTICE_ONLY",0,"","subj-social"
"q-hy-soc-0026","HUMAN_CURATED","TIER_4_HUMAN_CURATED","PRACTICE_ONLY",0,"","subj-social"
"q-hy-soc-0027","HUMAN_CURATED","TIER_4_HUMAN_CURATED","PRACTICE_ONLY",0,"","subj-social"
"q-hy-soc-0028","HUMAN_CURATED","TIER_4_HUMAN_CURATED","PRACTICE_ONLY",0,"","subj-social"
"q-hy-soc-0029","HUMAN_CURATED","TIER_4_HUMAN_CURATED","PRACTICE_ONLY",0,"","subj-social"
"q-hy-soc-0030","HUMAN_CURATED","TIER_4_HUMAN_CURATED","PRACTICE_ONLY",0,"","subj-social"
"q-hy-soc-0031","HUMAN_CURATED","TIER_4_HUMAN_CURATED","PRACTICE_ONLY",0,"","subj-social"
"q-hy-soc-0032","HUMAN_CURATED","TIER_4_HUMAN_CURATED","PRACTICE_ONLY",0,"","subj-social"
"q-hy-soc-0033","HUMAN_CURATED","TIER_4_HUMAN_CURATED","PRACTICE_ONLY",0,"","subj-social"
"q-hy-soc-0034","HUMAN_CURATED","TIER_4_HUMAN_CURATED","PRACTICE_ONLY",0,"","subj-social"
"q-hy-soc-0035","HUMAN_CURATED","TIER_4_HUMAN_CURATED","PRACTICE_ONLY",0,"","subj-social"
"q-hy-soc-0036","HUMAN_CURATED","TIER_4_HUMAN_CURATED","PRACTICE_ONLY",0,"","subj-social"
"q-hy-soc-0037","HUMAN_CURATED","TIER_4_HUMAN_CURATED","PRACTICE_ONLY",0,"","subj-social"
"q-hy-soc-0038","HUMAN_CURATED","TIER_4_HUMAN_CURATED","PRACTICE_ONLY",0,"","subj-social"
"q-hy-soc-0039","HUMAN_CURATED","TIER_4_HUMAN_CURATED","PRACTICE_ONLY",0,"","subj-social"
"q-hy-soc-0040","HUMAN_CURATED","TIER_4_HUMAN_CURATED","PRACTICE_ONLY",0,"","subj-social"
"q-hy-soc-0041","HUMAN_CURATED","TIER_4_HUMAN_CURATED","PRACTICE_ONLY",0,"","subj-social"
"q-hy-soc-0042","HUMAN_CURATED","TIER_4_HUMAN_CURATED","PRACTICE_ONLY",0,"","subj-social"
"q-hy-soc-0043","HUMAN_CURATED","TIER_4_HUMAN_CURATED","PRACTICE_ONLY",0,"","subj-social"
"q-hy-soc-0044","HUMAN_CURATED","TIER_4_HUMAN_CURATED","PRACTICE_ONLY",0,"","subj-social"
"q-hy-soc-0045","HUMAN_CURATED","TIER_4_HUMAN_CURATED","PRACTICE_ONLY",0,"","subj-social"
"q-hy-soc-0046","HUMAN_CURATED","TIER_4_HUMAN_CURATED","PRACTICE_ONLY",0,"","subj-social"
"q-hy-soc-0047","HUMAN_CURATED","TIER_4_HUMAN_CURATED","PRACTICE_ONLY",0,"","subj-social"
"q-hy-soc-0048","HUMAN_CURATED","TIER_4_HUMAN_CURATED","PRACTICE_ONLY",0,"","subj-social"
"q-hy-soc-0049","HUMAN_CURATED","TIER_4_HUMAN_CURATED","PRACTICE_ONLY",0,"","subj-social"
"q-hy-soc-0050","HUMAN_CURATED","TIER_4_HUMAN_CURATED","PRACTICE_ONLY",0,"","subj-social"
"q-hy-soc-0051","HUMAN_CURATED","TIER_4_HUMAN_CURATED","PRACTICE_ONLY",0,"","subj-social"
"q-hy-soc-0052","HUMAN_CURATED","TIER_4_HUMAN_CURATED","PRACTICE_ONLY",0,"","subj-social"
"q-hy-soc-0053","HUMAN_CURATED","TIER_4_HUMAN_CURATED","PRACTICE_ONLY",0,"","subj-social"
"q-hy-soc-0054","HUMAN_CURATED","TIER_4_HUMAN_CURATED","PRACTICE_ONLY",0,"","subj-social"
"q-hy-soc-0055","HUMAN_CURATED","TIER_4_HUMAN_CURATED","PRACTICE_ONLY",0,"","subj-social"
"q-hy-soc-0056","HUMAN_CURATED","TIER_4_HUMAN_CURATED","PRACTICE_ONLY",0,"","subj-social"
"q-hy-soc-0057","HUMAN_CURATED","TIER_4_HUMAN_CURATED","PRACTICE_ONLY",0,"","subj-social"
"q-hy-soc-0058","HUMAN_CURATED","TIER_4_HUMAN_CURATED","PRACTICE_ONLY",0,"","subj-social"
"q-hy-soc-0059","HUMAN_CURATED","TIER_4_HUMAN_CURATED","PRACTICE_ONLY",0,"","subj-social"
"q-hy-soc-0060","HUMAN_CURATED","TIER_4_HUMAN_CURATED","PRACTICE_ONLY",0,"","subj-social"
"q-hy-soc-0061","HUMAN_CURATED","TIER_4_HUMAN_CURATED","PRACTICE_ONLY",0,"","subj-social"
"q-hy-soc-0062","HUMAN_CURATED","TIER_4_HUMAN_CURATED","PRACTICE_ONLY",0,"","subj-social"
"q-hy-soc-0063","HUMAN_CURATED","TIER_4_HUMAN_CURATED","PRACTICE_ONLY",0,"","subj-social"
"q-hy-soc-0064","HUMAN_CURATED","TIER_4_HUMAN_CURATED","PRACTICE_ONLY",0,"","subj-social"
"q-hy-soc-0065","HUMAN_CURATED","TIER_4_HUMAN_CURATED","PRACTICE_ONLY",0,"","subj-social"
"q-hy-soc-0066","HUMAN_CURATED","TIER_4_HUMAN_CURATED","PRACTICE_ONLY",0,"","subj-social"
"q-hy-soc-0067","HUMAN_CURATED","TIER_4_HUMAN_CURATED","PRACTICE_ONLY",0,"","subj-social"
"q-hy-soc-0068","HUMAN_CURATED","TIER_4_HUMAN_CURATED","PRACTICE_ONLY",0,"","subj-social"
"q-hy-soc-0069","HUMAN_CURATED","TIER_4_HUMAN_CURATED","PRACTICE_ONLY",0,"","subj-social"
"q-hy-soc-0070","HUMAN_CURATED","TIER_4_HUMAN_CURATED","PRACTICE_ONLY",0,"","subj-social"
"q-hy-soc-0071","HUMAN_CURATED","TIER_4_HUMAN_CURATED","PRACTICE_ONLY",0,"","subj-social"
"q-hy-soc-0072","HUMAN_CURATED","TIER_4_HUMAN_CURATED","PRACTICE_ONLY",0,"","subj-social"
"q-hy-soc-0073","HUMAN_CURATED","TIER_4_HUMAN_CURATED","PRACTICE_ONLY",0,"","subj-social"
"q-hy-soc-0074","HUMAN_CURATED","TIER_4_HUMAN_CURATED","PRACTICE_ONLY",0,"","subj-social"
"q-hy-soc-0075","HUMAN_CURATED","TIER_4_HUMAN_CURATED","PRACTICE_ONLY",0,"","subj-social"
"q-hy-soc-0076","HUMAN_CURATED","TIER_4_HUMAN_CURATED","PRACTICE_ONLY",0,"","subj-social"
"q-hy-soc-0077","HUMAN_CURATED","TIER_4_HUMAN_CURATED","PRACTICE_ONLY",0,"","subj-social"
"q-hy-soc-0078","HUMAN_CURATED","TIER_4_HUMAN_CURATED","PRACTICE_ONLY",0,"","subj-social"
"q-hy-soc-0079","HUMAN_CURATED","TIER_4_HUMAN_CURATED","PRACTICE_ONLY",0,"","subj-social"
"q-hy-soc-0080","HUMAN_CURATED","TIER_4_HUMAN_CURATED","PRACTICE_ONLY",0,"","subj-social"
"q-hy-soc-0081","HUMAN_CURATED","TIER_4_HUMAN_CURATED","PRACTICE_ONLY",0,"","subj-social"
"q-hy-soc-0082","HUMAN_CURATED","TIER_4_HUMAN_CURATED","PRACTICE_ONLY",0,"","subj-social"
"q-hy-soc-0083","HUMAN_CURATED","TIER_4_HUMAN_CURATED","PRACTICE_ONLY",0,"","subj-social"
"q-hy-soc-0084","HUMAN_CURATED","TIER_4_HUMAN_CURATED","PRACTICE_ONLY",0,"","subj-social"
"q-hy-soc-0085","HUMAN_CURATED","TIER_4_HUMAN_CURATED","PRACTICE_ONLY",0,"","subj-social"
"q-cbse-10-sci-2023-q1","OFFICIAL_PYQ","TIER_2_VERIFIED_PYQ","VERIFIED_USABLE",1,"paper-cbse-10-sci-2023-set1","subj-science"
"q-ctet-2024-p1-cdp-q001","OFFICIAL_PYQ","TIER_2_VERIFIED_PYQ","FULLY_VERIFIED",0,"paper-ctet-2024-p1-cdp","subj-social"
"q-ctet-2024-p1-cdp-q002","OFFICIAL_PYQ","TIER_2_VERIFIED_PYQ","FULLY_VERIFIED",0,"paper-ctet-2024-p1-cdp","subj-social"
"q-ctet-2024-p1-cdp-q003","OFFICIAL_PYQ","TIER_2_VERIFIED_PYQ","FULLY_VERIFIED",0,"paper-ctet-2024-p1-cdp","subj-social"
"q-ctet-2024-p1-cdp-q004","OFFICIAL_PYQ","TIER_2_VERIFIED_PYQ","FULLY_VERIFIED",0,"paper-ctet-2024-p1-cdp","subj-social"
"q-ctet-2024-p1-cdp-q005","OFFICIAL_PYQ","TIER_2_VERIFIED_PYQ","FULLY_VERIFIED",0,"paper-ctet-2024-p1-cdp","subj-social"
"q-ctet-2024-p1-cdp-q006","OFFICIAL_PYQ","TIER_2_VERIFIED_PYQ","FULLY_VERIFIED",0,"paper-ctet-2024-p1-cdp","subj-social"
"q-ctet-2024-p1-cdp-q007","OFFICIAL_PYQ","TIER_2_VERIFIED_PYQ","FULLY_VERIFIED",0,"paper-ctet-2024-p1-cdp","subj-social"
"q-ctet-2024-p1-cdp-q008","OFFICIAL_PYQ","TIER_2_VERIFIED_PYQ","FULLY_VERIFIED",0,"paper-ctet-2024-p1-cdp","subj-social"
"q-ctet-2024-p1-cdp-q009","OFFICIAL_PYQ","TIER_2_VERIFIED_PYQ","FULLY_VERIFIED",0,"paper-ctet-2024-p1-cdp","subj-social"
"q-ctet-2024-p1-cdp-q010","OFFICIAL_PYQ","TIER_2_VERIFIED_PYQ","FULLY_VERIFIED",0,"paper-ctet-2024-p1-cdp","subj-social"
"q-ctet-2024-p1-cdp-q011","OFFICIAL_PYQ","TIER_2_VERIFIED_PYQ","FULLY_VERIFIED",0,"paper-ctet-2024-p1-cdp","subj-social"
"q-ctet-2024-p1-cdp-q012","OFFICIAL_PYQ","TIER_2_VERIFIED_PYQ","FULLY_VERIFIED",0,"paper-ctet-2024-p1-cdp","subj-social"
"q-ctet-2024-p1-cdp-q013","OFFICIAL_PYQ","TIER_2_VERIFIED_PYQ","FULLY_VERIFIED",0,"paper-ctet-2024-p1-cdp","subj-social"
"q-ctet-2024-p1-cdp-q014","OFFICIAL_PYQ","TIER_2_VERIFIED_PYQ","FULLY_VERIFIED",0,"paper-ctet-2024-p1-cdp","subj-social"
"q-ctet-2024-p1-cdp-q015","OFFICIAL_PYQ","TIER_2_VERIFIED_PYQ","FULLY_VERIFIED",0,"paper-ctet-2024-p1-cdp","subj-social"
"q-ctet-2024-p1-cdp-q016","OFFICIAL_PYQ","TIER_2_VERIFIED_PYQ","FULLY_VERIFIED",0,"paper-ctet-2024-p1-cdp","subj-social"
"q-ctet-2024-p1-cdp-q017","OFFICIAL_PYQ","TIER_2_VERIFIED_PYQ","FULLY_VERIFIED",0,"paper-ctet-2024-p1-cdp","subj-social"
"q-ctet-2024-p1-cdp-q018","OFFICIAL_PYQ","TIER_2_VERIFIED_PYQ","FULLY_VERIFIED",0,"paper-ctet-2024-p1-cdp","subj-social"
"q-ctet-2024-p1-cdp-q019","OFFICIAL_PYQ","TIER_2_VERIFIED_PYQ","FULLY_VERIFIED",0,"paper-ctet-2024-p1-cdp","subj-social"
"q-ctet-2024-p1-cdp-q020","OFFICIAL_PYQ","TIER_2_VERIFIED_PYQ","FULLY_VERIFIED",0,"paper-ctet-2024-p1-cdp","subj-social"
"q-ctet-2024-p1-cdp-q021","OFFICIAL_PYQ","TIER_2_VERIFIED_PYQ","FULLY_VERIFIED",0,"paper-ctet-2024-p1-cdp","subj-social"
"q-ctet-2024-p1-cdp-q022","OFFICIAL_PYQ","TIER_2_VERIFIED_PYQ","FULLY_VERIFIED",0,"paper-ctet-2024-p1-cdp","subj-social"
"q-ctet-2024-p1-cdp-q023","OFFICIAL_PYQ","TIER_2_VERIFIED_PYQ","FULLY_VERIFIED",0,"paper-ctet-2024-p1-cdp","subj-social"
"q-ctet-2024-p1-cdp-q024","OFFICIAL_PYQ","TIER_2_VERIFIED_PYQ","FULLY_VERIFIED",0,"paper-ctet-2024-p1-cdp","subj-social"
"q-ctet-2024-p1-cdp-q025","OFFICIAL_PYQ","TIER_2_VERIFIED_PYQ","FULLY_VERIFIED",0,"paper-ctet-2024-p1-cdp","subj-social"
"q-ctet-2024-p1-cdp-q026","OFFICIAL_PYQ","TIER_2_VERIFIED_PYQ","FULLY_VERIFIED",0,"paper-ctet-2024-p1-cdp","subj-social"
"q-ctet-2024-p1-cdp-q027","OFFICIAL_PYQ","TIER_2_VERIFIED_PYQ","FULLY_VERIFIED",0,"paper-ctet-2024-p1-cdp","subj-social"
"q-ctet-2024-p1-cdp-q028","OFFICIAL_PYQ","TIER_2_VERIFIED_PYQ","FULLY_VERIFIED",0,"paper-ctet-2024-p1-cdp","subj-social"
"q-ctet-2024-p1-cdp-q029","OFFICIAL_PYQ","TIER_2_VERIFIED_PYQ","FULLY_VERIFIED",0,"paper-ctet-2024-p1-cdp","subj-social"
"q-ctet-2024-p1-cdp-q030","OFFICIAL_PYQ","TIER_2_VERIFIED_PYQ","FULLY_VERIFIED",0,"paper-ctet-2024-p1-cdp","subj-social"
"q-ibps-po-2023-pre-q1","OFFICIAL_PYQ","TIER_2_VERIFIED_PYQ","VERIFIED_USABLE",1,"paper-ibps-po-2023-pre-s1","subj-math"
"q-ibps-po-2023-pre-q2","OFFICIAL_PYQ","TIER_2_VERIFIED_PYQ","VERIFIED_USABLE",1,"paper-ibps-po-2023-pre-s1","subj-reasoning"
"q-nta-neet-2023-q1","OFFICIAL_PYQ","TIER_2_VERIFIED_PYQ","VERIFIED_USABLE",1,"paper-nta-neet-2023-code-f1","subj-biology"
"q-nta-neet-2023-q2","OFFICIAL_PYQ","TIER_2_VERIFIED_PYQ","VERIFIED_USABLE",1,"paper-nta-neet-2023-code-f1","subj-physics"
"q-rrb-ntpc-2022-cbt1-q1","OFFICIAL_PYQ","TIER_2_VERIFIED_PYQ","VERIFIED_USABLE",1,"paper-rrb-ntpc-2022-cbt1-s1","subj-science"
"q-rrb-ntpc-2022-cbt1-q2","OFFICIAL_PYQ","TIER_2_VERIFIED_PYQ","VERIFIED_USABLE",1,"paper-rrb-ntpc-2022-cbt1-s1","subj-math"
"q-rrb-ntpc-2024-cbt1-ga-q001","OFFICIAL_PYQ","TIER_2_VERIFIED_PYQ","FULLY_VERIFIED",0,"paper-rrb-ntpc-2024-cbt1-ga","subj-gk"
"q-rrb-ntpc-2024-cbt1-ga-q002","OFFICIAL_PYQ","TIER_2_VERIFIED_PYQ","FULLY_VERIFIED",0,"paper-rrb-ntpc-2024-cbt1-ga","subj-gk"
"q-rrb-ntpc-2024-cbt1-ga-q003","OFFICIAL_PYQ","TIER_2_VERIFIED_PYQ","FULLY_VERIFIED",0,"paper-rrb-ntpc-2024-cbt1-ga","subj-gk"
"q-rrb-ntpc-2024-cbt1-ga-q004","OFFICIAL_PYQ","TIER_2_VERIFIED_PYQ","FULLY_VERIFIED",0,"paper-rrb-ntpc-2024-cbt1-ga","subj-gk"
"q-rrb-ntpc-2024-cbt1-ga-q005","OFFICIAL_PYQ","TIER_2_VERIFIED_PYQ","FULLY_VERIFIED",0,"paper-rrb-ntpc-2024-cbt1-ga","subj-gk"
"q-rrb-ntpc-2024-cbt1-ga-q006","OFFICIAL_PYQ","TIER_2_VERIFIED_PYQ","FULLY_VERIFIED",0,"paper-rrb-ntpc-2024-cbt1-ga","subj-gk"
"q-rrb-ntpc-2024-cbt1-ga-q007","OFFICIAL_PYQ","TIER_2_VERIFIED_PYQ","FULLY_VERIFIED",0,"paper-rrb-ntpc-2024-cbt1-ga","subj-gk"
"q-rrb-ntpc-2024-cbt1-ga-q008","OFFICIAL_PYQ","TIER_2_VERIFIED_PYQ","FULLY_VERIFIED",0,"paper-rrb-ntpc-2024-cbt1-ga","subj-gk"
"q-rrb-ntpc-2024-cbt1-ga-q009","OFFICIAL_PYQ","TIER_2_VERIFIED_PYQ","FULLY_VERIFIED",0,"paper-rrb-ntpc-2024-cbt1-ga","subj-gk"
"q-rrb-ntpc-2024-cbt1-ga-q010","OFFICIAL_PYQ","TIER_2_VERIFIED_PYQ","FULLY_VERIFIED",0,"paper-rrb-ntpc-2024-cbt1-ga","subj-gk"
"q-rrb-ntpc-2024-cbt1-ga-q011","OFFICIAL_PYQ","TIER_2_VERIFIED_PYQ","FULLY_VERIFIED",0,"paper-rrb-ntpc-2024-cbt1-ga","subj-gk"
"q-rrb-ntpc-2024-cbt1-ga-q012","OFFICIAL_PYQ","TIER_2_VERIFIED_PYQ","FULLY_VERIFIED",0,"paper-rrb-ntpc-2024-cbt1-ga","subj-gk"
"q-rrb-ntpc-2024-cbt1-ga-q013","OFFICIAL_PYQ","TIER_2_VERIFIED_PYQ","FULLY_VERIFIED",0,"paper-rrb-ntpc-2024-cbt1-ga","subj-gk"
"q-rrb-ntpc-2024-cbt1-ga-q014","OFFICIAL_PYQ","TIER_2_VERIFIED_PYQ","FULLY_VERIFIED",0,"paper-rrb-ntpc-2024-cbt1-ga","subj-gk"
"q-rrb-ntpc-2024-cbt1-ga-q015","OFFICIAL_PYQ","TIER_2_VERIFIED_PYQ","FULLY_VERIFIED",0,"paper-rrb-ntpc-2024-cbt1-ga","subj-gk"
"q-rrb-ntpc-2024-cbt1-ga-q016","OFFICIAL_PYQ","TIER_2_VERIFIED_PYQ","FULLY_VERIFIED",0,"paper-rrb-ntpc-2024-cbt1-ga","subj-gk"
"q-rrb-ntpc-2024-cbt1-ga-q017","OFFICIAL_PYQ","TIER_2_VERIFIED_PYQ","FULLY_VERIFIED",0,"paper-rrb-ntpc-2024-cbt1-ga","subj-gk"
"q-rrb-ntpc-2024-cbt1-ga-q018","OFFICIAL_PYQ","TIER_2_VERIFIED_PYQ","FULLY_VERIFIED",0,"paper-rrb-ntpc-2024-cbt1-ga","subj-gk"
"q-rrb-ntpc-2024-cbt1-ga-q019","OFFICIAL_PYQ","TIER_2_VERIFIED_PYQ","FULLY_VERIFIED",0,"paper-rrb-ntpc-2024-cbt1-ga","subj-gk"
"q-rrb-ntpc-2024-cbt1-ga-q020","OFFICIAL_PYQ","TIER_2_VERIFIED_PYQ","FULLY_VERIFIED",0,"paper-rrb-ntpc-2024-cbt1-ga","subj-gk"
"q-rrb-ntpc-2024-cbt1-ga-q021","OFFICIAL_PYQ","TIER_2_VERIFIED_PYQ","FULLY_VERIFIED",0,"paper-rrb-ntpc-2024-cbt1-ga","subj-gk"
"q-rrb-ntpc-2024-cbt1-ga-q022","OFFICIAL_PYQ","TIER_2_VERIFIED_PYQ","FULLY_VERIFIED",0,"paper-rrb-ntpc-2024-cbt1-ga","subj-gk"
"q-rrb-ntpc-2024-cbt1-ga-q023","OFFICIAL_PYQ","TIER_2_VERIFIED_PYQ","FULLY_VERIFIED",0,"paper-rrb-ntpc-2024-cbt1-ga","subj-gk"
"q-rrb-ntpc-2024-cbt1-ga-q024","OFFICIAL_PYQ","TIER_2_VERIFIED_PYQ","FULLY_VERIFIED",0,"paper-rrb-ntpc-2024-cbt1-ga","subj-gk"
"q-rrb-ntpc-2024-cbt1-ga-q025","OFFICIAL_PYQ","TIER_2_VERIFIED_PYQ","FULLY_VERIFIED",0,"paper-rrb-ntpc-2024-cbt1-ga","subj-gk"
"q-rrb-ntpc-2024-cbt1-ga-q026","OFFICIAL_PYQ","TIER_2_VERIFIED_PYQ","FULLY_VERIFIED",0,"paper-rrb-ntpc-2024-cbt1-ga","subj-gk"
"q-rrb-ntpc-2024-cbt1-ga-q027","OFFICIAL_PYQ","TIER_2_VERIFIED_PYQ","FULLY_VERIFIED",0,"paper-rrb-ntpc-2024-cbt1-ga","subj-gk"
"q-rrb-ntpc-2024-cbt1-ga-q028","OFFICIAL_PYQ","TIER_2_VERIFIED_PYQ","FULLY_VERIFIED",0,"paper-rrb-ntpc-2024-cbt1-ga","subj-gk"
"q-rrb-ntpc-2024-cbt1-ga-q029","OFFICIAL_PYQ","TIER_2_VERIFIED_PYQ","FULLY_VERIFIED",0,"paper-rrb-ntpc-2024-cbt1-ga","subj-gk"
"q-rrb-ntpc-2024-cbt1-ga-q030","OFFICIAL_PYQ","TIER_2_VERIFIED_PYQ","FULLY_VERIFIED",0,"paper-rrb-ntpc-2024-cbt1-ga","subj-gk"
"q-ssc-cgl-2022-t1-s1-q1","OFFICIAL_PYQ","TIER_2_VERIFIED_PYQ","VERIFIED_USABLE",1,"paper-ssc-cgl-2022-t1-s1","subj-gk"
"q-ssc-cgl-2022-t1-s1-q2","OFFICIAL_PYQ","TIER_2_VERIFIED_PYQ","VERIFIED_USABLE",1,"paper-ssc-cgl-2022-t1-s1","subj-math"
"q-ssc-cgl-2022-t1-s1-q3","OFFICIAL_PYQ","TIER_2_VERIFIED_PYQ","VERIFIED_USABLE",1,"paper-ssc-cgl-2022-t1-s1","subj-reasoning"
"q-ssc-cgl-2022-t1-s1-q4","OFFICIAL_PYQ","TIER_2_VERIFIED_PYQ","VERIFIED_USABLE",0,"paper-ssc-cgl-2022-t1-s1","subj-gk"
"q-ssc-cgl-2023-t1-s1-q1","OFFICIAL_PYQ","TIER_2_VERIFIED_PYQ","VERIFIED_USABLE",1,"paper-ssc-cgl-2023-t1-s1","subj-gk"
"q-ssc-cgl-2023-t1-s1-q2","OFFICIAL_PYQ","TIER_2_VERIFIED_PYQ","VERIFIED_USABLE",1,"paper-ssc-cgl-2023-t1-s1","subj-math"
"q-ssc-cgl-2023-t1-s1-q3","OFFICIAL_PYQ","TIER_2_VERIFIED_PYQ","VERIFIED_USABLE",1,"paper-ssc-cgl-2023-t1-s1","subj-reasoning"
"q-ssc-cgl-2023-t1-s1-q4","OFFICIAL_PYQ","TIER_2_VERIFIED_PYQ","VERIFIED_USABLE",0,"paper-ssc-cgl-2023-t1-s1","subj-gk"
"q-ssc-cgl-undefined-Tier 1-Shift 1-q1","OFFICIAL_PYQ","TIER_2_VERIFIED_PYQ","FULLY_VERIFIED",1,"paper-ssc-cgl-2024-t1-s1","subj-reasoning"
"q-ssc-cgl-undefined-Tier 1-Shift 1-q10","OFFICIAL_PYQ","TIER_2_VERIFIED_PYQ","FULLY_VERIFIED",1,"paper-ssc-cgl-2024-t1-s1","subj-reasoning"
"q-ssc-cgl-undefined-Tier 1-Shift 1-q100","OFFICIAL_PYQ","TIER_2_VERIFIED_PYQ","FULLY_VERIFIED",1,"paper-ssc-cgl-2024-t1-s1","subj-english"
"q-ssc-cgl-undefined-Tier 1-Shift 1-q101","OFFICIAL_PYQ","TIER_2_VERIFIED_PYQ","FULLY_VERIFIED",1,"paper-ssc-cgl-2024-t1-s1","subj-reasoning"
"q-ssc-cgl-undefined-Tier 1-Shift 1-q11","OFFICIAL_PYQ","TIER_2_VERIFIED_PYQ","FULLY_VERIFIED",1,"paper-ssc-cgl-2024-t1-s1","subj-reasoning"
"q-ssc-cgl-undefined-Tier 1-Shift 1-q12","OFFICIAL_PYQ","TIER_2_VERIFIED_PYQ","FULLY_VERIFIED",1,"paper-ssc-cgl-2024-t1-s1","subj-reasoning"
"q-ssc-cgl-undefined-Tier 1-Shift 1-q13","OFFICIAL_PYQ","TIER_2_VERIFIED_PYQ","FULLY_VERIFIED",1,"paper-ssc-cgl-2024-t1-s1","subj-reasoning"
"q-ssc-cgl-undefined-Tier 1-Shift 1-q14","OFFICIAL_PYQ","TIER_2_VERIFIED_PYQ","FULLY_VERIFIED",1,"paper-ssc-cgl-2024-t1-s1","subj-reasoning"
"q-ssc-cgl-undefined-Tier 1-Shift 1-q15","OFFICIAL_PYQ","TIER_2_VERIFIED_PYQ","FULLY_VERIFIED",1,"paper-ssc-cgl-2024-t1-s1","subj-reasoning"
"q-ssc-cgl-undefined-Tier 1-Shift 1-q16","OFFICIAL_PYQ","TIER_2_VERIFIED_PYQ","FULLY_VERIFIED",1,"paper-ssc-cgl-2024-t1-s1","subj-reasoning"
"q-ssc-cgl-undefined-Tier 1-Shift 1-q17","OFFICIAL_PYQ","TIER_2_VERIFIED_PYQ","FULLY_VERIFIED",1,"paper-ssc-cgl-2024-t1-s1","subj-reasoning"
"q-ssc-cgl-undefined-Tier 1-Shift 1-q18","OFFICIAL_PYQ","TIER_2_VERIFIED_PYQ","FULLY_VERIFIED",1,"paper-ssc-cgl-2024-t1-s1","subj-reasoning"
"q-ssc-cgl-undefined-Tier 1-Shift 1-q19","OFFICIAL_PYQ","TIER_2_VERIFIED_PYQ","FULLY_VERIFIED",1,"paper-ssc-cgl-2024-t1-s1","subj-reasoning"
"q-ssc-cgl-undefined-Tier 1-Shift 1-q2","OFFICIAL_PYQ","TIER_2_VERIFIED_PYQ","FULLY_VERIFIED",1,"paper-ssc-cgl-2024-t1-s1","subj-reasoning"
"q-ssc-cgl-undefined-Tier 1-Shift 1-q20","OFFICIAL_PYQ","TIER_2_VERIFIED_PYQ","FULLY_VERIFIED",1,"paper-ssc-cgl-2024-t1-s1","subj-reasoning"
"q-ssc-cgl-undefined-Tier 1-Shift 1-q21","OFFICIAL_PYQ","TIER_2_VERIFIED_PYQ","FULLY_VERIFIED",1,"paper-ssc-cgl-2024-t1-s1","subj-reasoning"
"q-ssc-cgl-undefined-Tier 1-Shift 1-q22","OFFICIAL_PYQ","TIER_2_VERIFIED_PYQ","FULLY_VERIFIED",1,"paper-ssc-cgl-2024-t1-s1","subj-reasoning"
"q-ssc-cgl-undefined-Tier 1-Shift 1-q23","OFFICIAL_PYQ","TIER_2_VERIFIED_PYQ","PRACTICE_ONLY",0,"paper-ssc-cgl-2024-t1-s1","subj-reasoning"
"q-ssc-cgl-undefined-Tier 1-Shift 1-q24","OFFICIAL_PYQ","TIER_2_VERIFIED_PYQ","FULLY_VERIFIED",1,"paper-ssc-cgl-2024-t1-s1","subj-reasoning"
"q-ssc-cgl-undefined-Tier 1-Shift 1-q25","OFFICIAL_PYQ","TIER_2_VERIFIED_PYQ","FULLY_VERIFIED",1,"paper-ssc-cgl-2024-t1-s1","subj-reasoning"
"q-ssc-cgl-undefined-Tier 1-Shift 1-q26","OFFICIAL_PYQ","TIER_2_VERIFIED_PYQ","FULLY_VERIFIED",1,"paper-ssc-cgl-2024-t1-s1","subj-gk"
"q-ssc-cgl-undefined-Tier 1-Shift 1-q27","OFFICIAL_PYQ","TIER_2_VERIFIED_PYQ","FULLY_VERIFIED",1,"paper-ssc-cgl-2024-t1-s1","subj-gk"
"q-ssc-cgl-undefined-Tier 1-Shift 1-q28","OFFICIAL_PYQ","TIER_2_VERIFIED_PYQ","FULLY_VERIFIED",1,"paper-ssc-cgl-2024-t1-s1","subj-gk"
"q-ssc-cgl-undefined-Tier 1-Shift 1-q29","OFFICIAL_PYQ","TIER_2_VERIFIED_PYQ","FULLY_VERIFIED",1,"paper-ssc-cgl-2024-t1-s1","subj-gk"
"q-ssc-cgl-undefined-Tier 1-Shift 1-q3","OFFICIAL_PYQ","TIER_2_VERIFIED_PYQ","FULLY_VERIFIED",1,"paper-ssc-cgl-2024-t1-s1","subj-reasoning"
"q-ssc-cgl-undefined-Tier 1-Shift 1-q30","OFFICIAL_PYQ","TIER_2_VERIFIED_PYQ","FULLY_VERIFIED",1,"paper-ssc-cgl-2024-t1-s1","subj-gk"
"q-ssc-cgl-undefined-Tier 1-Shift 1-q31","OFFICIAL_PYQ","TIER_2_VERIFIED_PYQ","FULLY_VERIFIED",1,"paper-ssc-cgl-2024-t1-s1","subj-gk"
"q-ssc-cgl-undefined-Tier 1-Shift 1-q32","OFFICIAL_PYQ","TIER_2_VERIFIED_PYQ","FULLY_VERIFIED",1,"paper-ssc-cgl-2024-t1-s1","subj-gk"
"q-ssc-cgl-undefined-Tier 1-Shift 1-q33","OFFICIAL_PYQ","TIER_2_VERIFIED_PYQ","FULLY_VERIFIED",1,"paper-ssc-cgl-2024-t1-s1","subj-gk"
"q-ssc-cgl-undefined-Tier 1-Shift 1-q34","OFFICIAL_PYQ","TIER_2_VERIFIED_PYQ","FULLY_VERIFIED",1,"paper-ssc-cgl-2024-t1-s1","subj-gk"
"q-ssc-cgl-undefined-Tier 1-Shift 1-q35","OFFICIAL_PYQ","TIER_2_VERIFIED_PYQ","FULLY_VERIFIED",1,"paper-ssc-cgl-2024-t1-s1","subj-gk"
"q-ssc-cgl-undefined-Tier 1-Shift 1-q36","OFFICIAL_PYQ","TIER_2_VERIFIED_PYQ","FULLY_VERIFIED",1,"paper-ssc-cgl-2024-t1-s1","subj-gk"
"q-ssc-cgl-undefined-Tier 1-Shift 1-q37","OFFICIAL_PYQ","TIER_2_VERIFIED_PYQ","FULLY_VERIFIED",1,"paper-ssc-cgl-2024-t1-s1","subj-gk"
"q-ssc-cgl-undefined-Tier 1-Shift 1-q38","OFFICIAL_PYQ","TIER_2_VERIFIED_PYQ","FULLY_VERIFIED",1,"paper-ssc-cgl-2024-t1-s1","subj-gk"
"q-ssc-cgl-undefined-Tier 1-Shift 1-q39","OFFICIAL_PYQ","TIER_2_VERIFIED_PYQ","FULLY_VERIFIED",1,"paper-ssc-cgl-2024-t1-s1","subj-gk"
"q-ssc-cgl-undefined-Tier 1-Shift 1-q4","OFFICIAL_PYQ","TIER_2_VERIFIED_PYQ","FULLY_VERIFIED",1,"paper-ssc-cgl-2024-t1-s1","subj-reasoning"
"q-ssc-cgl-undefined-Tier 1-Shift 1-q40","OFFICIAL_PYQ","TIER_2_VERIFIED_PYQ","FULLY_VERIFIED",1,"paper-ssc-cgl-2024-t1-s1","subj-gk"
"q-ssc-cgl-undefined-Tier 1-Shift 1-q41","OFFICIAL_PYQ","TIER_2_VERIFIED_PYQ","FULLY_VERIFIED",1,"paper-ssc-cgl-2024-t1-s1","subj-gk"
"q-ssc-cgl-undefined-Tier 1-Shift 1-q42","OFFICIAL_PYQ","TIER_2_VERIFIED_PYQ","FULLY_VERIFIED",1,"paper-ssc-cgl-2024-t1-s1","subj-gk"
"q-ssc-cgl-undefined-Tier 1-Shift 1-q43","OFFICIAL_PYQ","TIER_2_VERIFIED_PYQ","FULLY_VERIFIED",1,"paper-ssc-cgl-2024-t1-s1","subj-gk"
"q-ssc-cgl-undefined-Tier 1-Shift 1-q44","OFFICIAL_PYQ","TIER_2_VERIFIED_PYQ","FULLY_VERIFIED",1,"paper-ssc-cgl-2024-t1-s1","subj-gk"
"q-ssc-cgl-undefined-Tier 1-Shift 1-q45","OFFICIAL_PYQ","TIER_2_VERIFIED_PYQ","FULLY_VERIFIED",1,"paper-ssc-cgl-2024-t1-s1","subj-gk"
"q-ssc-cgl-undefined-Tier 1-Shift 1-q46","OFFICIAL_PYQ","TIER_2_VERIFIED_PYQ","FULLY_VERIFIED",1,"paper-ssc-cgl-2024-t1-s1","subj-gk"
"q-ssc-cgl-undefined-Tier 1-Shift 1-q47","OFFICIAL_PYQ","TIER_2_VERIFIED_PYQ","FULLY_VERIFIED",1,"paper-ssc-cgl-2024-t1-s1","subj-gk"
"q-ssc-cgl-undefined-Tier 1-Shift 1-q48","OFFICIAL_PYQ","TIER_2_VERIFIED_PYQ","FULLY_VERIFIED",1,"paper-ssc-cgl-2024-t1-s1","subj-gk"
"q-ssc-cgl-undefined-Tier 1-Shift 1-q49","OFFICIAL_PYQ","TIER_2_VERIFIED_PYQ","FULLY_VERIFIED",1,"paper-ssc-cgl-2024-t1-s1","subj-gk"
"q-ssc-cgl-undefined-Tier 1-Shift 1-q5","OFFICIAL_PYQ","TIER_2_VERIFIED_PYQ","FULLY_VERIFIED",1,"paper-ssc-cgl-2024-t1-s1","subj-reasoning"
"q-ssc-cgl-undefined-Tier 1-Shift 1-q50","OFFICIAL_PYQ","TIER_2_VERIFIED_PYQ","FULLY_VERIFIED",1,"paper-ssc-cgl-2024-t1-s1","subj-gk"
"q-ssc-cgl-undefined-Tier 1-Shift 1-q51","OFFICIAL_PYQ","TIER_2_VERIFIED_PYQ","FULLY_VERIFIED",1,"paper-ssc-cgl-2024-t1-s1","subj-math"
"q-ssc-cgl-undefined-Tier 1-Shift 1-q52","OFFICIAL_PYQ","TIER_2_VERIFIED_PYQ","FULLY_VERIFIED",1,"paper-ssc-cgl-2024-t1-s1","subj-math"
"q-ssc-cgl-undefined-Tier 1-Shift 1-q53","OFFICIAL_PYQ","TIER_2_VERIFIED_PYQ","FULLY_VERIFIED",1,"paper-ssc-cgl-2024-t1-s1","subj-math"
"q-ssc-cgl-undefined-Tier 1-Shift 1-q54","OFFICIAL_PYQ","TIER_2_VERIFIED_PYQ","FULLY_VERIFIED",1,"paper-ssc-cgl-2024-t1-s1","subj-math"
"q-ssc-cgl-undefined-Tier 1-Shift 1-q55","OFFICIAL_PYQ","TIER_2_VERIFIED_PYQ","FULLY_VERIFIED",1,"paper-ssc-cgl-2024-t1-s1","subj-math"
"q-ssc-cgl-undefined-Tier 1-Shift 1-q56","OFFICIAL_PYQ","TIER_2_VERIFIED_PYQ","FULLY_VERIFIED",1,"paper-ssc-cgl-2024-t1-s1","subj-math"
"q-ssc-cgl-undefined-Tier 1-Shift 1-q57","OFFICIAL_PYQ","TIER_2_VERIFIED_PYQ","FULLY_VERIFIED",1,"paper-ssc-cgl-2024-t1-s1","subj-math"
"q-ssc-cgl-undefined-Tier 1-Shift 1-q58","OFFICIAL_PYQ","TIER_2_VERIFIED_PYQ","FULLY_VERIFIED",1,"paper-ssc-cgl-2024-t1-s1","subj-math"
"q-ssc-cgl-undefined-Tier 1-Shift 1-q59","OFFICIAL_PYQ","TIER_2_VERIFIED_PYQ","FULLY_VERIFIED",1,"paper-ssc-cgl-2024-t1-s1","subj-math"
"q-ssc-cgl-undefined-Tier 1-Shift 1-q6","OFFICIAL_PYQ","TIER_2_VERIFIED_PYQ","FULLY_VERIFIED",1,"paper-ssc-cgl-2024-t1-s1","subj-reasoning"
"q-ssc-cgl-undefined-Tier 1-Shift 1-q60","OFFICIAL_PYQ","TIER_2_VERIFIED_PYQ","FULLY_VERIFIED",1,"paper-ssc-cgl-2024-t1-s1","subj-math"
"q-ssc-cgl-undefined-Tier 1-Shift 1-q61","OFFICIAL_PYQ","TIER_2_VERIFIED_PYQ","FULLY_VERIFIED",1,"paper-ssc-cgl-2024-t1-s1","subj-math"
"q-ssc-cgl-undefined-Tier 1-Shift 1-q62","OFFICIAL_PYQ","TIER_2_VERIFIED_PYQ","FULLY_VERIFIED",1,"paper-ssc-cgl-2024-t1-s1","subj-math"
"q-ssc-cgl-undefined-Tier 1-Shift 1-q63","OFFICIAL_PYQ","TIER_2_VERIFIED_PYQ","FULLY_VERIFIED",1,"paper-ssc-cgl-2024-t1-s1","subj-math"
"q-ssc-cgl-undefined-Tier 1-Shift 1-q64","OFFICIAL_PYQ","TIER_2_VERIFIED_PYQ","FULLY_VERIFIED",1,"paper-ssc-cgl-2024-t1-s1","subj-math"
"q-ssc-cgl-undefined-Tier 1-Shift 1-q65","OFFICIAL_PYQ","TIER_2_VERIFIED_PYQ","FULLY_VERIFIED",1,"paper-ssc-cgl-2024-t1-s1","subj-math"
"q-ssc-cgl-undefined-Tier 1-Shift 1-q66","OFFICIAL_PYQ","TIER_2_VERIFIED_PYQ","FULLY_VERIFIED",1,"paper-ssc-cgl-2024-t1-s1","subj-math"
"q-ssc-cgl-undefined-Tier 1-Shift 1-q67","OFFICIAL_PYQ","TIER_2_VERIFIED_PYQ","FULLY_VERIFIED",1,"paper-ssc-cgl-2024-t1-s1","subj-math"
"q-ssc-cgl-undefined-Tier 1-Shift 1-q68","OFFICIAL_PYQ","TIER_2_VERIFIED_PYQ","FULLY_VERIFIED",1,"paper-ssc-cgl-2024-t1-s1","subj-math"
"q-ssc-cgl-undefined-Tier 1-Shift 1-q69","OFFICIAL_PYQ","TIER_2_VERIFIED_PYQ","FULLY_VERIFIED",1,"paper-ssc-cgl-2024-t1-s1","subj-math"
"q-ssc-cgl-undefined-Tier 1-Shift 1-q7","OFFICIAL_PYQ","TIER_2_VERIFIED_PYQ","FULLY_VERIFIED",1,"paper-ssc-cgl-2024-t1-s1","subj-reasoning"
"q-ssc-cgl-undefined-Tier 1-Shift 1-q70","OFFICIAL_PYQ","TIER_2_VERIFIED_PYQ","FULLY_VERIFIED",1,"paper-ssc-cgl-2024-t1-s1","subj-math"
"q-ssc-cgl-undefined-Tier 1-Shift 1-q71","OFFICIAL_PYQ","TIER_2_VERIFIED_PYQ","FULLY_VERIFIED",1,"paper-ssc-cgl-2024-t1-s1","subj-math"
"q-ssc-cgl-undefined-Tier 1-Shift 1-q72","OFFICIAL_PYQ","TIER_2_VERIFIED_PYQ","FULLY_VERIFIED",1,"paper-ssc-cgl-2024-t1-s1","subj-math"
"q-ssc-cgl-undefined-Tier 1-Shift 1-q73","OFFICIAL_PYQ","TIER_2_VERIFIED_PYQ","FULLY_VERIFIED",1,"paper-ssc-cgl-2024-t1-s1","subj-math"
"q-ssc-cgl-undefined-Tier 1-Shift 1-q74","OFFICIAL_PYQ","TIER_2_VERIFIED_PYQ","FULLY_VERIFIED",1,"paper-ssc-cgl-2024-t1-s1","subj-math"
"q-ssc-cgl-undefined-Tier 1-Shift 1-q75","OFFICIAL_PYQ","TIER_2_VERIFIED_PYQ","FULLY_VERIFIED",1,"paper-ssc-cgl-2024-t1-s1","subj-math"
"q-ssc-cgl-undefined-Tier 1-Shift 1-q76","OFFICIAL_PYQ","TIER_2_VERIFIED_PYQ","FULLY_VERIFIED",1,"paper-ssc-cgl-2024-t1-s1","subj-english"
"q-ssc-cgl-undefined-Tier 1-Shift 1-q77","OFFICIAL_PYQ","TIER_2_VERIFIED_PYQ","FULLY_VERIFIED",1,"paper-ssc-cgl-2024-t1-s1","subj-english"
"q-ssc-cgl-undefined-Tier 1-Shift 1-q78","OFFICIAL_PYQ","TIER_2_VERIFIED_PYQ","FULLY_VERIFIED",1,"paper-ssc-cgl-2024-t1-s1","subj-english"
"q-ssc-cgl-undefined-Tier 1-Shift 1-q79","OFFICIAL_PYQ","TIER_2_VERIFIED_PYQ","FULLY_VERIFIED",1,"paper-ssc-cgl-2024-t1-s1","subj-english"
"q-ssc-cgl-undefined-Tier 1-Shift 1-q8","OFFICIAL_PYQ","TIER_2_VERIFIED_PYQ","FULLY_VERIFIED",1,"paper-ssc-cgl-2024-t1-s1","subj-reasoning"
"q-ssc-cgl-undefined-Tier 1-Shift 1-q80","OFFICIAL_PYQ","TIER_2_VERIFIED_PYQ","FULLY_VERIFIED",1,"paper-ssc-cgl-2024-t1-s1","subj-english"
"q-ssc-cgl-undefined-Tier 1-Shift 1-q81","OFFICIAL_PYQ","TIER_2_VERIFIED_PYQ","FULLY_VERIFIED",1,"paper-ssc-cgl-2024-t1-s1","subj-english"
"q-ssc-cgl-undefined-Tier 1-Shift 1-q82","OFFICIAL_PYQ","TIER_2_VERIFIED_PYQ","FULLY_VERIFIED",1,"paper-ssc-cgl-2024-t1-s1","subj-english"
"q-ssc-cgl-undefined-Tier 1-Shift 1-q83","OFFICIAL_PYQ","TIER_2_VERIFIED_PYQ","FULLY_VERIFIED",1,"paper-ssc-cgl-2024-t1-s1","subj-english"
"q-ssc-cgl-undefined-Tier 1-Shift 1-q84","OFFICIAL_PYQ","TIER_2_VERIFIED_PYQ","FULLY_VERIFIED",1,"paper-ssc-cgl-2024-t1-s1","subj-english"
"q-ssc-cgl-undefined-Tier 1-Shift 1-q85","OFFICIAL_PYQ","TIER_2_VERIFIED_PYQ","FULLY_VERIFIED",1,"paper-ssc-cgl-2024-t1-s1","subj-english"
"q-ssc-cgl-undefined-Tier 1-Shift 1-q86","OFFICIAL_PYQ","TIER_2_VERIFIED_PYQ","FULLY_VERIFIED",1,"paper-ssc-cgl-2024-t1-s1","subj-english"
"q-ssc-cgl-undefined-Tier 1-Shift 1-q87","OFFICIAL_PYQ","TIER_2_VERIFIED_PYQ","FULLY_VERIFIED",1,"paper-ssc-cgl-2024-t1-s1","subj-english"
"q-ssc-cgl-undefined-Tier 1-Shift 1-q88","OFFICIAL_PYQ","TIER_2_VERIFIED_PYQ","FULLY_VERIFIED",1,"paper-ssc-cgl-2024-t1-s1","subj-english"
"q-ssc-cgl-undefined-Tier 1-Shift 1-q89","OFFICIAL_PYQ","TIER_2_VERIFIED_PYQ","FULLY_VERIFIED",1,"paper-ssc-cgl-2024-t1-s1","subj-english"
"q-ssc-cgl-undefined-Tier 1-Shift 1-q9","OFFICIAL_PYQ","TIER_2_VERIFIED_PYQ","FULLY_VERIFIED",1,"paper-ssc-cgl-2024-t1-s1","subj-reasoning"
"q-ssc-cgl-undefined-Tier 1-Shift 1-q90","OFFICIAL_PYQ","TIER_2_VERIFIED_PYQ","FULLY_VERIFIED",1,"paper-ssc-cgl-2024-t1-s1","subj-english"
"q-ssc-cgl-undefined-Tier 1-Shift 1-q91","OFFICIAL_PYQ","TIER_2_VERIFIED_PYQ","FULLY_VERIFIED",1,"paper-ssc-cgl-2024-t1-s1","subj-english"
"q-ssc-cgl-undefined-Tier 1-Shift 1-q92","OFFICIAL_PYQ","TIER_2_VERIFIED_PYQ","FULLY_VERIFIED",1,"paper-ssc-cgl-2024-t1-s1","subj-english"
"q-ssc-cgl-undefined-Tier 1-Shift 1-q93","OFFICIAL_PYQ","TIER_2_VERIFIED_PYQ","FULLY_VERIFIED",1,"paper-ssc-cgl-2024-t1-s1","subj-english"
"q-ssc-cgl-undefined-Tier 1-Shift 1-q94","OFFICIAL_PYQ","TIER_2_VERIFIED_PYQ","FULLY_VERIFIED",1,"paper-ssc-cgl-2024-t1-s1","subj-english"
"q-ssc-cgl-undefined-Tier 1-Shift 1-q95","OFFICIAL_PYQ","TIER_2_VERIFIED_PYQ","FULLY_VERIFIED",1,"paper-ssc-cgl-2024-t1-s1","subj-english"
"q-ssc-cgl-undefined-Tier 1-Shift 1-q96","OFFICIAL_PYQ","TIER_2_VERIFIED_PYQ","FULLY_VERIFIED",1,"paper-ssc-cgl-2024-t1-s1","subj-english"
"q-ssc-cgl-undefined-Tier 1-Shift 1-q97","OFFICIAL_PYQ","TIER_2_VERIFIED_PYQ","FULLY_VERIFIED",1,"paper-ssc-cgl-2024-t1-s1","subj-english"
"q-ssc-cgl-undefined-Tier 1-Shift 1-q98","OFFICIAL_PYQ","TIER_2_VERIFIED_PYQ","FULLY_VERIFIED",1,"paper-ssc-cgl-2024-t1-s1","subj-english"
"q-ssc-cgl-undefined-Tier 1-Shift 1-q99","OFFICIAL_PYQ","TIER_2_VERIFIED_PYQ","FULLY_VERIFIED",1,"paper-ssc-cgl-2024-t1-s1","subj-english"
"q-tndge-tamilnadu-undefined-Annual-Morning-q1","OFFICIAL_PYQ","TIER_2_VERIFIED_PYQ","FULLY_VERIFIED",1,"paper-tn-sslc-tamil-2024","subj-tamil"
"q-tndge-tamilnadu-undefined-Annual-Morning-q10","OFFICIAL_PYQ","TIER_2_VERIFIED_PYQ","FULLY_VERIFIED",1,"paper-tn-sslc-tamil-2024","subj-tamil"
"q-tndge-tamilnadu-undefined-Annual-Morning-q11","OFFICIAL_PYQ","TIER_2_VERIFIED_PYQ","FULLY_VERIFIED",1,"paper-tn-sslc-tamil-2024","subj-tamil"
"q-tndge-tamilnadu-undefined-Annual-Morning-q12","OFFICIAL_PYQ","TIER_2_VERIFIED_PYQ","FULLY_VERIFIED",1,"paper-tn-sslc-tamil-2024","subj-tamil"
"q-tndge-tamilnadu-undefined-Annual-Morning-q13","OFFICIAL_PYQ","TIER_2_VERIFIED_PYQ","FULLY_VERIFIED",1,"paper-tn-sslc-tamil-2024","subj-tamil"
"q-tndge-tamilnadu-undefined-Annual-Morning-q14","OFFICIAL_PYQ","TIER_2_VERIFIED_PYQ","FULLY_VERIFIED",1,"paper-tn-sslc-tamil-2024","subj-tamil"
"q-tndge-tamilnadu-undefined-Annual-Morning-q15","OFFICIAL_PYQ","TIER_2_VERIFIED_PYQ","FULLY_VERIFIED",1,"paper-tn-sslc-tamil-2024","subj-tamil"
"q-tndge-tamilnadu-undefined-Annual-Morning-q16","OFFICIAL_PYQ","TIER_2_VERIFIED_PYQ","FULLY_VERIFIED",1,"paper-tn-sslc-tamil-2024","subj-tamil"
"q-tndge-tamilnadu-undefined-Annual-Morning-q17","OFFICIAL_PYQ","TIER_2_VERIFIED_PYQ","FULLY_VERIFIED",1,"paper-tn-sslc-tamil-2024","subj-tamil"
"q-tndge-tamilnadu-undefined-Annual-Morning-q18","OFFICIAL_PYQ","TIER_2_VERIFIED_PYQ","FULLY_VERIFIED",1,"paper-tn-sslc-tamil-2024","subj-tamil"
"q-tndge-tamilnadu-undefined-Annual-Morning-q19","OFFICIAL_PYQ","TIER_2_VERIFIED_PYQ","FULLY_VERIFIED",1,"paper-tn-sslc-tamil-2024","subj-tamil"
"q-tndge-tamilnadu-undefined-Annual-Morning-q2","OFFICIAL_PYQ","TIER_2_VERIFIED_PYQ","FULLY_VERIFIED",1,"paper-tn-sslc-tamil-2024","subj-tamil"
"q-tndge-tamilnadu-undefined-Annual-Morning-q20","OFFICIAL_PYQ","TIER_2_VERIFIED_PYQ","FULLY_VERIFIED",1,"paper-tn-sslc-tamil-2024","subj-tamil"
"q-tndge-tamilnadu-undefined-Annual-Morning-q21","OFFICIAL_PYQ","TIER_2_VERIFIED_PYQ","FULLY_VERIFIED",1,"paper-tn-sslc-tamil-2024","subj-tamil"
"q-tndge-tamilnadu-undefined-Annual-Morning-q22","OFFICIAL_PYQ","TIER_2_VERIFIED_PYQ","FULLY_VERIFIED",1,"paper-tn-sslc-tamil-2024","subj-tamil"
"q-tndge-tamilnadu-undefined-Annual-Morning-q23","OFFICIAL_PYQ","TIER_2_VERIFIED_PYQ","FULLY_VERIFIED",1,"paper-tn-sslc-tamil-2024","subj-tamil"
"q-tndge-tamilnadu-undefined-Annual-Morning-q24","OFFICIAL_PYQ","TIER_2_VERIFIED_PYQ","FULLY_VERIFIED",1,"paper-tn-sslc-tamil-2024","subj-tamil"
"q-tndge-tamilnadu-undefined-Annual-Morning-q25","OFFICIAL_PYQ","TIER_2_VERIFIED_PYQ","FULLY_VERIFIED",1,"paper-tn-sslc-tamil-2024","subj-tamil"
"q-tndge-tamilnadu-undefined-Annual-Morning-q3","OFFICIAL_PYQ","TIER_2_VERIFIED_PYQ","FULLY_VERIFIED",1,"paper-tn-sslc-tamil-2024","subj-tamil"
"q-tndge-tamilnadu-undefined-Annual-Morning-q4","OFFICIAL_PYQ","TIER_2_VERIFIED_PYQ","FULLY_VERIFIED",1,"paper-tn-sslc-tamil-2024","subj-tamil"
"q-tndge-tamilnadu-undefined-Annual-Morning-q5","OFFICIAL_PYQ","TIER_2_VERIFIED_PYQ","FULLY_VERIFIED",1,"paper-tn-sslc-tamil-2024","subj-tamil"
"q-tndge-tamilnadu-undefined-Annual-Morning-q6","OFFICIAL_PYQ","TIER_2_VERIFIED_PYQ","FULLY_VERIFIED",1,"paper-tn-sslc-tamil-2024","subj-tamil"
"q-tndge-tamilnadu-undefined-Annual-Morning-q7","OFFICIAL_PYQ","TIER_2_VERIFIED_PYQ","FULLY_VERIFIED",1,"paper-tn-sslc-tamil-2024","subj-tamil"
"q-tndge-tamilnadu-undefined-Annual-Morning-q8","OFFICIAL_PYQ","TIER_2_VERIFIED_PYQ","FULLY_VERIFIED",1,"paper-tn-sslc-tamil-2024","subj-tamil"
"q-tndge-tamilnadu-undefined-Annual-Morning-q9","OFFICIAL_PYQ","TIER_2_VERIFIED_PYQ","FULLY_VERIFIED",1,"paper-tn-sslc-tamil-2024","subj-tamil"
"q-upp-2024-s1-q1","OFFICIAL_PYQ","TIER_2_VERIFIED_PYQ","VERIFIED_USABLE",1,"paper-upp-constable-2024-s1","subj-hindi"
"q-upp-2024-s1-q2","OFFICIAL_PYQ","TIER_2_VERIFIED_PYQ","VERIFIED_USABLE",1,"paper-upp-constable-2024-s1","subj-gk"
"q-upp-constable-2024-s2-gk-q001","OFFICIAL_PYQ","TIER_2_VERIFIED_PYQ","FULLY_VERIFIED",0,"paper-upp-constable-2024-s2-gk","subj-gk"
"q-upp-constable-2024-s2-gk-q002","OFFICIAL_PYQ","TIER_2_VERIFIED_PYQ","FULLY_VERIFIED",0,"paper-upp-constable-2024-s2-gk","subj-gk"
"q-upp-constable-2024-s2-gk-q003","OFFICIAL_PYQ","TIER_2_VERIFIED_PYQ","FULLY_VERIFIED",0,"paper-upp-constable-2024-s2-gk","subj-gk"
"q-upp-constable-2024-s2-gk-q004","OFFICIAL_PYQ","TIER_2_VERIFIED_PYQ","FULLY_VERIFIED",0,"paper-upp-constable-2024-s2-gk","subj-gk"
"q-upp-constable-2024-s2-gk-q005","OFFICIAL_PYQ","TIER_2_VERIFIED_PYQ","FULLY_VERIFIED",0,"paper-upp-constable-2024-s2-gk","subj-gk"
"q-upp-constable-2024-s2-gk-q006","OFFICIAL_PYQ","TIER_2_VERIFIED_PYQ","FULLY_VERIFIED",0,"paper-upp-constable-2024-s2-gk","subj-gk"
"q-upp-constable-2024-s2-gk-q007","OFFICIAL_PYQ","TIER_2_VERIFIED_PYQ","FULLY_VERIFIED",0,"paper-upp-constable-2024-s2-gk","subj-gk"
"q-upp-constable-2024-s2-gk-q008","OFFICIAL_PYQ","TIER_2_VERIFIED_PYQ","FULLY_VERIFIED",0,"paper-upp-constable-2024-s2-gk","subj-gk"
"q-upp-constable-2024-s2-gk-q009","OFFICIAL_PYQ","TIER_2_VERIFIED_PYQ","FULLY_VERIFIED",0,"paper-upp-constable-2024-s2-gk","subj-gk"
"q-upp-constable-2024-s2-gk-q010","OFFICIAL_PYQ","TIER_2_VERIFIED_PYQ","FULLY_VERIFIED",0,"paper-upp-constable-2024-s2-gk","subj-gk"
"q-upp-constable-2024-s2-gk-q011","OFFICIAL_PYQ","TIER_2_VERIFIED_PYQ","FULLY_VERIFIED",0,"paper-upp-constable-2024-s2-gk","subj-gk"
"q-upp-constable-2024-s2-gk-q012","OFFICIAL_PYQ","TIER_2_VERIFIED_PYQ","FULLY_VERIFIED",0,"paper-upp-constable-2024-s2-gk","subj-gk"
"q-upp-constable-2024-s2-gk-q013","OFFICIAL_PYQ","TIER_2_VERIFIED_PYQ","FULLY_VERIFIED",0,"paper-upp-constable-2024-s2-gk","subj-gk"
"q-upp-constable-2024-s2-gk-q014","OFFICIAL_PYQ","TIER_2_VERIFIED_PYQ","FULLY_VERIFIED",0,"paper-upp-constable-2024-s2-gk","subj-gk"
"q-upp-constable-2024-s2-gk-q015","OFFICIAL_PYQ","TIER_2_VERIFIED_PYQ","FULLY_VERIFIED",0,"paper-upp-constable-2024-s2-gk","subj-gk"
"q-upp-constable-2024-s2-gk-q016","OFFICIAL_PYQ","TIER_2_VERIFIED_PYQ","FULLY_VERIFIED",0,"paper-upp-constable-2024-s2-gk","subj-gk"
"q-upp-constable-2024-s2-gk-q017","OFFICIAL_PYQ","TIER_2_VERIFIED_PYQ","FULLY_VERIFIED",0,"paper-upp-constable-2024-s2-gk","subj-gk"
"q-upp-constable-2024-s2-gk-q018","OFFICIAL_PYQ","TIER_2_VERIFIED_PYQ","FULLY_VERIFIED",0,"paper-upp-constable-2024-s2-gk","subj-gk"
"q-upp-constable-2024-s2-gk-q019","OFFICIAL_PYQ","TIER_2_VERIFIED_PYQ","FULLY_VERIFIED",0,"paper-upp-constable-2024-s2-gk","subj-gk"
"q-upp-constable-2024-s2-gk-q020","OFFICIAL_PYQ","TIER_2_VERIFIED_PYQ","FULLY_VERIFIED",0,"paper-upp-constable-2024-s2-gk","subj-gk"
"q-upp-constable-2024-s2-gk-q021","OFFICIAL_PYQ","TIER_2_VERIFIED_PYQ","FULLY_VERIFIED",0,"paper-upp-constable-2024-s2-gk","subj-gk"
"q-upp-constable-2024-s2-gk-q022","OFFICIAL_PYQ","TIER_2_VERIFIED_PYQ","FULLY_VERIFIED",0,"paper-upp-constable-2024-s2-gk","subj-gk"
"q-upp-constable-2024-s2-gk-q023","OFFICIAL_PYQ","TIER_2_VERIFIED_PYQ","FULLY_VERIFIED",0,"paper-upp-constable-2024-s2-gk","subj-gk"
"q-upp-constable-2024-s2-gk-q024","OFFICIAL_PYQ","TIER_2_VERIFIED_PYQ","FULLY_VERIFIED",0,"paper-upp-constable-2024-s2-gk","subj-gk"
"q-upp-constable-2024-s2-gk-q025","OFFICIAL_PYQ","TIER_2_VERIFIED_PYQ","FULLY_VERIFIED",0,"paper-upp-constable-2024-s2-gk","subj-gk"
"q-upp-constable-2024-s2-gk-q026","OFFICIAL_PYQ","TIER_2_VERIFIED_PYQ","FULLY_VERIFIED",0,"paper-upp-constable-2024-s2-gk","subj-gk"
"q-upp-constable-2024-s2-gk-q027","OFFICIAL_PYQ","TIER_2_VERIFIED_PYQ","FULLY_VERIFIED",0,"paper-upp-constable-2024-s2-gk","subj-gk"
"q-upp-constable-2024-s2-gk-q028","OFFICIAL_PYQ","TIER_2_VERIFIED_PYQ","FULLY_VERIFIED",0,"paper-upp-constable-2024-s2-gk","subj-gk"
"q-upp-constable-2024-s2-gk-q029","OFFICIAL_PYQ","TIER_2_VERIFIED_PYQ","FULLY_VERIFIED",0,"paper-upp-constable-2024-s2-gk","subj-gk"
"q-upp-constable-2024-s2-gk-q030","OFFICIAL_PYQ","TIER_2_VERIFIED_PYQ","FULLY_VERIFIED",0,"paper-upp-constable-2024-s2-gk","subj-gk"
"q-upp-constable-2024-s2-gk-q031","OFFICIAL_PYQ","TIER_2_VERIFIED_PYQ","FULLY_VERIFIED",0,"paper-upp-constable-2024-s2-gk","subj-gk"
"q-upp-constable-2024-s2-gk-q032","OFFICIAL_PYQ","TIER_2_VERIFIED_PYQ","FULLY_VERIFIED",0,"paper-upp-constable-2024-s2-gk","subj-gk"
"q-upp-constable-2024-s2-gk-q033","OFFICIAL_PYQ","TIER_2_VERIFIED_PYQ","FULLY_VERIFIED",0,"paper-upp-constable-2024-s2-gk","subj-gk"
"q-upp-constable-2024-s2-gk-q034","OFFICIAL_PYQ","TIER_2_VERIFIED_PYQ","FULLY_VERIFIED",0,"paper-upp-constable-2024-s2-gk","subj-gk"
"q-upp-constable-2024-s2-gk-q035","OFFICIAL_PYQ","TIER_2_VERIFIED_PYQ","FULLY_VERIFIED",0,"paper-upp-constable-2024-s2-gk","subj-gk"
"q-upp-constable-2024-s2-gk-q036","OFFICIAL_PYQ","TIER_2_VERIFIED_PYQ","FULLY_VERIFIED",0,"paper-upp-constable-2024-s2-gk","subj-gk"
"q-upp-constable-2024-s2-gk-q037","OFFICIAL_PYQ","TIER_2_VERIFIED_PYQ","FULLY_VERIFIED",0,"paper-upp-constable-2024-s2-gk","subj-gk"
"q-upp-constable-2024-s2-gk-q038","OFFICIAL_PYQ","TIER_2_VERIFIED_PYQ","FULLY_VERIFIED",0,"paper-upp-constable-2024-s2-gk","subj-gk"
"q-upsc-cse-2021-gs1-q1","OFFICIAL_PYQ","TIER_2_VERIFIED_PYQ","VERIFIED_USABLE",1,"paper-upsc-cse-2021-gs1","subj-gk"
"q-upsc-cse-2021-gs1-q2","OFFICIAL_PYQ","TIER_2_VERIFIED_PYQ","VERIFIED_USABLE",1,"paper-upsc-cse-2021-gs1","subj-history"
"q-upsc-cse-2021-gs1-q3","OFFICIAL_PYQ","TIER_2_VERIFIED_PYQ","VERIFIED_USABLE",1,"paper-upsc-cse-2021-gs1","subj-gk"
"q-upsc-cse-2022-gs1-q1","OFFICIAL_PYQ","TIER_2_VERIFIED_PYQ","VERIFIED_USABLE",1,"paper-upsc-cse-2022-gs1","subj-gk"
"q-upsc-cse-2022-gs1-q2","OFFICIAL_PYQ","TIER_2_VERIFIED_PYQ","VERIFIED_USABLE",1,"paper-upsc-cse-2022-gs1","subj-history"
"q-upsc-cse-2022-gs1-q3","OFFICIAL_PYQ","TIER_2_VERIFIED_PYQ","VERIFIED_USABLE",1,"paper-upsc-cse-2022-gs1","subj-gk"
"q-upsc-cse-2023-gs1-q1","OFFICIAL_PYQ","TIER_2_VERIFIED_PYQ","VERIFIED_USABLE",1,"paper-upsc-cse-2023-gs1","subj-gk"
"q-upsc-cse-2023-gs1-q2","OFFICIAL_PYQ","TIER_2_VERIFIED_PYQ","VERIFIED_USABLE",1,"paper-upsc-cse-2023-gs1","subj-history"
"q-upsc-cse-2023-gs1-q3","OFFICIAL_PYQ","TIER_2_VERIFIED_PYQ","VERIFIED_USABLE",1,"paper-upsc-cse-2023-gs1","subj-gk"
"q-upsc-cse-2024-gs1-q001","OFFICIAL_PYQ","TIER_2_VERIFIED_PYQ","FULLY_VERIFIED",1,"paper-upsc-cse-2024-gs1","subj-polity"
"q-upsc-cse-2024-gs1-q002","OFFICIAL_PYQ","TIER_2_VERIFIED_PYQ","FULLY_VERIFIED",1,"paper-upsc-cse-2024-gs1","subj-economics"
"q-upsc-cse-2024-gs1-q003","OFFICIAL_PYQ","TIER_2_VERIFIED_PYQ","FULLY_VERIFIED",1,"paper-upsc-cse-2024-gs1","subj-geography"
"q-upsc-cse-2024-gs1-q004","OFFICIAL_PYQ","TIER_2_VERIFIED_PYQ","FULLY_VERIFIED",1,"paper-upsc-cse-2024-gs1","subj-history"
"q-upsc-cse-2024-gs1-q005","OFFICIAL_PYQ","TIER_2_VERIFIED_PYQ","FULLY_VERIFIED",1,"paper-upsc-cse-2024-gs1","subj-science"
"q-upsc-cse-2024-gs1-q006","OFFICIAL_PYQ","TIER_2_VERIFIED_PYQ","FULLY_VERIFIED",1,"paper-upsc-cse-2024-gs1","subj-science"
"q-upsc-cse-2024-gs1-q007","OFFICIAL_PYQ","TIER_2_VERIFIED_PYQ","FULLY_VERIFIED",1,"paper-upsc-cse-2024-gs1","subj-gk"
"q-upsc-cse-2024-gs1-q008","OFFICIAL_PYQ","TIER_2_VERIFIED_PYQ","FULLY_VERIFIED",1,"paper-upsc-cse-2024-gs1","subj-polity"
"q-upsc-cse-2024-gs1-q009","OFFICIAL_PYQ","TIER_2_VERIFIED_PYQ","FULLY_VERIFIED",1,"paper-upsc-cse-2024-gs1","subj-economics"
"q-upsc-cse-2024-gs1-q010","OFFICIAL_PYQ","TIER_2_VERIFIED_PYQ","FULLY_VERIFIED",1,"paper-upsc-cse-2024-gs1","subj-geography"
"q-upsc-cse-2024-gs1-q011","OFFICIAL_PYQ","TIER_2_VERIFIED_PYQ","FULLY_VERIFIED",1,"paper-upsc-cse-2024-gs1","subj-history"
"q-upsc-cse-2024-gs1-q012","OFFICIAL_PYQ","TIER_2_VERIFIED_PYQ","FULLY_VERIFIED",1,"paper-upsc-cse-2024-gs1","subj-science"
"q-upsc-cse-2024-gs1-q013","OFFICIAL_PYQ","TIER_2_VERIFIED_PYQ","FULLY_VERIFIED",1,"paper-upsc-cse-2024-gs1","subj-science"
"q-upsc-cse-2024-gs1-q014","OFFICIAL_PYQ","TIER_2_VERIFIED_PYQ","FULLY_VERIFIED",1,"paper-upsc-cse-2024-gs1","subj-gk"
"q-upsc-cse-2024-gs1-q015","OFFICIAL_PYQ","TIER_2_VERIFIED_PYQ","FULLY_VERIFIED",1,"paper-upsc-cse-2024-gs1","subj-polity"
"q-upsc-cse-2024-gs1-q016","OFFICIAL_PYQ","TIER_2_VERIFIED_PYQ","FULLY_VERIFIED",1,"paper-upsc-cse-2024-gs1","subj-economics"
"q-upsc-cse-2024-gs1-q017","OFFICIAL_PYQ","TIER_2_VERIFIED_PYQ","FULLY_VERIFIED",1,"paper-upsc-cse-2024-gs1","subj-geography"
"q-upsc-cse-2024-gs1-q018","OFFICIAL_PYQ","TIER_2_VERIFIED_PYQ","FULLY_VERIFIED",1,"paper-upsc-cse-2024-gs1","subj-history"
"q-upsc-cse-2024-gs1-q019","OFFICIAL_PYQ","TIER_2_VERIFIED_PYQ","FULLY_VERIFIED",1,"paper-upsc-cse-2024-gs1","subj-science"
"q-upsc-cse-2024-gs1-q020","OFFICIAL_PYQ","TIER_2_VERIFIED_PYQ","FULLY_VERIFIED",1,"paper-upsc-cse-2024-gs1","subj-science"
"q-upsc-cse-2024-gs1-q021","OFFICIAL_PYQ","TIER_2_VERIFIED_PYQ","FULLY_VERIFIED",1,"paper-upsc-cse-2024-gs1","subj-gk"
"q-upsc-cse-2024-gs1-q022","OFFICIAL_PYQ","TIER_2_VERIFIED_PYQ","FULLY_VERIFIED",1,"paper-upsc-cse-2024-gs1","subj-polity"
"q-upsc-cse-2024-gs1-q023","OFFICIAL_PYQ","TIER_2_VERIFIED_PYQ","FULLY_VERIFIED",1,"paper-upsc-cse-2024-gs1","subj-economics"
"q-upsc-cse-2024-gs1-q024","OFFICIAL_PYQ","TIER_2_VERIFIED_PYQ","FULLY_VERIFIED",1,"paper-upsc-cse-2024-gs1","subj-geography"
"q-upsc-cse-2024-gs1-q025","OFFICIAL_PYQ","TIER_2_VERIFIED_PYQ","FULLY_VERIFIED",1,"paper-upsc-cse-2024-gs1","subj-history"
"q-upsc-cse-2024-gs1-q026","OFFICIAL_PYQ","TIER_2_VERIFIED_PYQ","FULLY_VERIFIED",1,"paper-upsc-cse-2024-gs1","subj-science"
"q-upsc-cse-2024-gs1-q027","OFFICIAL_PYQ","TIER_2_VERIFIED_PYQ","FULLY_VERIFIED",1,"paper-upsc-cse-2024-gs1","subj-science"
"q-upsc-cse-2024-gs1-q028","OFFICIAL_PYQ","TIER_2_VERIFIED_PYQ","FULLY_VERIFIED",1,"paper-upsc-cse-2024-gs1","subj-gk"
"q-upsc-cse-2024-gs1-q029","OFFICIAL_PYQ","TIER_2_VERIFIED_PYQ","FULLY_VERIFIED",1,"paper-upsc-cse-2024-gs1","subj-polity"
"q-upsc-cse-2024-gs1-q030","OFFICIAL_PYQ","TIER_2_VERIFIED_PYQ","FULLY_VERIFIED",1,"paper-upsc-cse-2024-gs1","subj-economics"
"q-upsc-cse-2024-gs1-q031","OFFICIAL_PYQ","TIER_2_VERIFIED_PYQ","FULLY_VERIFIED",1,"paper-upsc-cse-2024-gs1","subj-geography"
"q-upsc-cse-2024-gs1-q032","OFFICIAL_PYQ","TIER_2_VERIFIED_PYQ","FULLY_VERIFIED",1,"paper-upsc-cse-2024-gs1","subj-history"
"q-upsc-cse-2024-gs1-q033","OFFICIAL_PYQ","TIER_2_VERIFIED_PYQ","FULLY_VERIFIED",1,"paper-upsc-cse-2024-gs1","subj-science"
"q-upsc-cse-2024-gs1-q034","OFFICIAL_PYQ","TIER_2_VERIFIED_PYQ","FULLY_VERIFIED",1,"paper-upsc-cse-2024-gs1","subj-science"
"q-upsc-cse-2024-gs1-q035","OFFICIAL_PYQ","TIER_2_VERIFIED_PYQ","FULLY_VERIFIED",1,"paper-upsc-cse-2024-gs1","subj-gk"
"q-upsc-cse-2024-gs1-q036","OFFICIAL_PYQ","TIER_2_VERIFIED_PYQ","FULLY_VERIFIED",1,"paper-upsc-cse-2024-gs1","subj-polity"
"q-upsc-cse-2024-gs1-q037","OFFICIAL_PYQ","TIER_2_VERIFIED_PYQ","FULLY_VERIFIED",1,"paper-upsc-cse-2024-gs1","subj-economics"
"q-upsc-cse-2024-gs1-q038","OFFICIAL_PYQ","TIER_2_VERIFIED_PYQ","FULLY_VERIFIED",1,"paper-upsc-cse-2024-gs1","subj-geography"
"q-upsc-cse-2024-gs1-q039","OFFICIAL_PYQ","TIER_2_VERIFIED_PYQ","FULLY_VERIFIED",1,"paper-upsc-cse-2024-gs1","subj-history"
"q-upsc-cse-2024-gs1-q040","OFFICIAL_PYQ","TIER_2_VERIFIED_PYQ","FULLY_VERIFIED",1,"paper-upsc-cse-2024-gs1","subj-science"
"q-upsc-cse-2024-gs1-q041","OFFICIAL_PYQ","TIER_2_VERIFIED_PYQ","FULLY_VERIFIED",1,"paper-upsc-cse-2024-gs1","subj-science"
"q-upsc-cse-2024-gs1-q042","OFFICIAL_PYQ","TIER_2_VERIFIED_PYQ","FULLY_VERIFIED",1,"paper-upsc-cse-2024-gs1","subj-gk"
"q-upsc-cse-2024-gs1-q043","OFFICIAL_PYQ","TIER_2_VERIFIED_PYQ","FULLY_VERIFIED",1,"paper-upsc-cse-2024-gs1","subj-polity"
"q-upsc-cse-2024-gs1-q044","OFFICIAL_PYQ","TIER_2_VERIFIED_PYQ","FULLY_VERIFIED",1,"paper-upsc-cse-2024-gs1","subj-economics"
"q-upsc-cse-2024-gs1-q045","OFFICIAL_PYQ","TIER_2_VERIFIED_PYQ","FULLY_VERIFIED",1,"paper-upsc-cse-2024-gs1","subj-geography"
"q-upsc-cse-2024-gs1-q046","OFFICIAL_PYQ","TIER_2_VERIFIED_PYQ","FULLY_VERIFIED",1,"paper-upsc-cse-2024-gs1","subj-history"
"q-upsc-cse-2024-gs1-q047","OFFICIAL_PYQ","TIER_2_VERIFIED_PYQ","FULLY_VERIFIED",1,"paper-upsc-cse-2024-gs1","subj-science"
"q-upsc-cse-2024-gs1-q048","OFFICIAL_PYQ","TIER_2_VERIFIED_PYQ","FULLY_VERIFIED",1,"paper-upsc-cse-2024-gs1","subj-science"
"q-upsc-cse-2024-gs1-q049","OFFICIAL_PYQ","TIER_2_VERIFIED_PYQ","FULLY_VERIFIED",1,"paper-upsc-cse-2024-gs1","subj-gk"
"q-upsc-cse-2024-gs1-q050","OFFICIAL_PYQ","TIER_2_VERIFIED_PYQ","FULLY_VERIFIED",1,"paper-upsc-cse-2024-gs1","subj-polity"
"q-upsc-cse-2024-gs1-q051","OFFICIAL_PYQ","TIER_2_VERIFIED_PYQ","FULLY_VERIFIED",1,"paper-upsc-cse-2024-gs1","subj-economics"
"q-upsc-cse-2024-gs1-q052","OFFICIAL_PYQ","TIER_2_VERIFIED_PYQ","FULLY_VERIFIED",1,"paper-upsc-cse-2024-gs1","subj-geography"
"q-upsc-cse-2024-gs1-q053","OFFICIAL_PYQ","TIER_2_VERIFIED_PYQ","FULLY_VERIFIED",1,"paper-upsc-cse-2024-gs1","subj-history"
"q-upsc-cse-2024-gs1-q054","OFFICIAL_PYQ","TIER_2_VERIFIED_PYQ","FULLY_VERIFIED",1,"paper-upsc-cse-2024-gs1","subj-science"
"q-upsc-cse-2024-gs1-q055","OFFICIAL_PYQ","TIER_2_VERIFIED_PYQ","FULLY_VERIFIED",1,"paper-upsc-cse-2024-gs1","subj-science"
"q-upsc-cse-2024-gs1-q056","OFFICIAL_PYQ","TIER_2_VERIFIED_PYQ","FULLY_VERIFIED",1,"paper-upsc-cse-2024-gs1","subj-gk"
"q-upsc-cse-2024-gs1-q057","OFFICIAL_PYQ","TIER_2_VERIFIED_PYQ","FULLY_VERIFIED",1,"paper-upsc-cse-2024-gs1","subj-polity"
"q-upsc-cse-2024-gs1-q058","OFFICIAL_PYQ","TIER_2_VERIFIED_PYQ","FULLY_VERIFIED",1,"paper-upsc-cse-2024-gs1","subj-economics"
"q-upsc-cse-2024-gs1-q059","OFFICIAL_PYQ","TIER_2_VERIFIED_PYQ","FULLY_VERIFIED",1,"paper-upsc-cse-2024-gs1","subj-geography"
"q-upsc-cse-2024-gs1-q060","OFFICIAL_PYQ","TIER_2_VERIFIED_PYQ","FULLY_VERIFIED",1,"paper-upsc-cse-2024-gs1","subj-history"
"q-upsc-cse-2024-gs1-q061","OFFICIAL_PYQ","TIER_2_VERIFIED_PYQ","FULLY_VERIFIED",1,"paper-upsc-cse-2024-gs1","subj-science"
"q-upsc-cse-2024-gs1-q062","OFFICIAL_PYQ","TIER_2_VERIFIED_PYQ","FULLY_VERIFIED",1,"paper-upsc-cse-2024-gs1","subj-science"
"q-upsc-cse-2024-gs1-q063","OFFICIAL_PYQ","TIER_2_VERIFIED_PYQ","FULLY_VERIFIED",1,"paper-upsc-cse-2024-gs1","subj-gk"
"q-upsc-cse-2024-gs1-q064","OFFICIAL_PYQ","TIER_2_VERIFIED_PYQ","FULLY_VERIFIED",1,"paper-upsc-cse-2024-gs1","subj-polity"
"q-upsc-cse-2024-gs1-q065","OFFICIAL_PYQ","TIER_2_VERIFIED_PYQ","FULLY_VERIFIED",1,"paper-upsc-cse-2024-gs1","subj-economics"
"q-upsc-cse-2024-gs1-q066","OFFICIAL_PYQ","TIER_2_VERIFIED_PYQ","FULLY_VERIFIED",1,"paper-upsc-cse-2024-gs1","subj-geography"
"q-upsc-cse-2024-gs1-q067","OFFICIAL_PYQ","TIER_2_VERIFIED_PYQ","FULLY_VERIFIED",1,"paper-upsc-cse-2024-gs1","subj-history"
"q-upsc-cse-2024-gs1-q068","OFFICIAL_PYQ","TIER_2_VERIFIED_PYQ","FULLY_VERIFIED",1,"paper-upsc-cse-2024-gs1","subj-science"
"q-upsc-cse-2024-gs1-q069","OFFICIAL_PYQ","TIER_2_VERIFIED_PYQ","FULLY_VERIFIED",1,"paper-upsc-cse-2024-gs1","subj-science"
"q-upsc-cse-2024-gs1-q070","OFFICIAL_PYQ","TIER_2_VERIFIED_PYQ","FULLY_VERIFIED",1,"paper-upsc-cse-2024-gs1","subj-gk"
"q-upsc-cse-2024-gs1-q071","OFFICIAL_PYQ","TIER_2_VERIFIED_PYQ","FULLY_VERIFIED",1,"paper-upsc-cse-2024-gs1","subj-polity"
"q-upsc-cse-2024-gs1-q072","OFFICIAL_PYQ","TIER_2_VERIFIED_PYQ","FULLY_VERIFIED",1,"paper-upsc-cse-2024-gs1","subj-economics"
"q-upsc-cse-2024-gs1-q073","OFFICIAL_PYQ","TIER_2_VERIFIED_PYQ","FULLY_VERIFIED",1,"paper-upsc-cse-2024-gs1","subj-geography"
"q-upsc-cse-2024-gs1-q074","OFFICIAL_PYQ","TIER_2_VERIFIED_PYQ","FULLY_VERIFIED",1,"paper-upsc-cse-2024-gs1","subj-history"
"q-upsc-cse-2024-gs1-q075","OFFICIAL_PYQ","TIER_2_VERIFIED_PYQ","FULLY_VERIFIED",1,"paper-upsc-cse-2024-gs1","subj-science"
"q-upsc-cse-2024-gs1-q076","OFFICIAL_PYQ","TIER_2_VERIFIED_PYQ","FULLY_VERIFIED",1,"paper-upsc-cse-2024-gs1","subj-science"
"q-upsc-cse-2024-gs1-q077","OFFICIAL_PYQ","TIER_2_VERIFIED_PYQ","FULLY_VERIFIED",1,"paper-upsc-cse-2024-gs1","subj-gk"
"q-upsc-cse-2024-gs1-q078","OFFICIAL_PYQ","TIER_2_VERIFIED_PYQ","FULLY_VERIFIED",1,"paper-upsc-cse-2024-gs1","subj-polity"
"q-upsc-cse-2024-gs1-q079","OFFICIAL_PYQ","TIER_2_VERIFIED_PYQ","FULLY_VERIFIED",1,"paper-upsc-cse-2024-gs1","subj-economics"
"q-upsc-cse-2024-gs1-q080","OFFICIAL_PYQ","TIER_2_VERIFIED_PYQ","FULLY_VERIFIED",1,"paper-upsc-cse-2024-gs1","subj-geography"
"q-upsc-cse-2024-gs1-q081","OFFICIAL_PYQ","TIER_2_VERIFIED_PYQ","FULLY_VERIFIED",1,"paper-upsc-cse-2024-gs1","subj-history"
"q-upsc-cse-2024-gs1-q082","OFFICIAL_PYQ","TIER_2_VERIFIED_PYQ","FULLY_VERIFIED",1,"paper-upsc-cse-2024-gs1","subj-science"
"q-upsc-cse-2024-gs1-q083","OFFICIAL_PYQ","TIER_2_VERIFIED_PYQ","FULLY_VERIFIED",1,"paper-upsc-cse-2024-gs1","subj-science"
"q-upsc-cse-2024-gs1-q084","OFFICIAL_PYQ","TIER_2_VERIFIED_PYQ","FULLY_VERIFIED",1,"paper-upsc-cse-2024-gs1","subj-gk"
"q-upsc-cse-2024-gs1-q085","OFFICIAL_PYQ","TIER_2_VERIFIED_PYQ","FULLY_VERIFIED",1,"paper-upsc-cse-2024-gs1","subj-polity"
"q-upsc-cse-2024-gs1-q086","OFFICIAL_PYQ","TIER_2_VERIFIED_PYQ","FULLY_VERIFIED",1,"paper-upsc-cse-2024-gs1","subj-economics"
"q-upsc-cse-2024-gs1-q087","OFFICIAL_PYQ","TIER_2_VERIFIED_PYQ","FULLY_VERIFIED",1,"paper-upsc-cse-2024-gs1","subj-geography"
"q-upsc-cse-2024-gs1-q088","OFFICIAL_PYQ","TIER_2_VERIFIED_PYQ","FULLY_VERIFIED",1,"paper-upsc-cse-2024-gs1","subj-history"
"q-upsc-cse-2024-gs1-q089","OFFICIAL_PYQ","TIER_2_VERIFIED_PYQ","FULLY_VERIFIED",1,"paper-upsc-cse-2024-gs1","subj-science"
"q-upsc-cse-2024-gs1-q090","OFFICIAL_PYQ","TIER_2_VERIFIED_PYQ","FULLY_VERIFIED",1,"paper-upsc-cse-2024-gs1","subj-science"
"q-upsc-cse-2024-gs1-q091","OFFICIAL_PYQ","TIER_2_VERIFIED_PYQ","FULLY_VERIFIED",1,"paper-upsc-cse-2024-gs1","subj-gk"
"q-upsc-cse-2024-gs1-q092","OFFICIAL_PYQ","TIER_2_VERIFIED_PYQ","FULLY_VERIFIED",1,"paper-upsc-cse-2024-gs1","subj-polity"
"q-upsc-cse-2024-gs1-q093","OFFICIAL_PYQ","TIER_2_VERIFIED_PYQ","FULLY_VERIFIED",1,"paper-upsc-cse-2024-gs1","subj-economics"
"q-upsc-cse-2024-gs1-q094","OFFICIAL_PYQ","TIER_2_VERIFIED_PYQ","FULLY_VERIFIED",1,"paper-upsc-cse-2024-gs1","subj-geography"
"q-upsc-cse-2024-gs1-q095","OFFICIAL_PYQ","TIER_2_VERIFIED_PYQ","FULLY_VERIFIED",1,"paper-upsc-cse-2024-gs1","subj-history"
"q-upsc-cse-2024-gs1-q096","OFFICIAL_PYQ","TIER_2_VERIFIED_PYQ","FULLY_VERIFIED",1,"paper-upsc-cse-2024-gs1","subj-science"
"q-upsc-cse-2024-gs1-q097","OFFICIAL_PYQ","TIER_2_VERIFIED_PYQ","FULLY_VERIFIED",1,"paper-upsc-cse-2024-gs1","subj-science"
"q-upsc-cse-2024-gs1-q098","OFFICIAL_PYQ","TIER_2_VERIFIED_PYQ","FULLY_VERIFIED",1,"paper-upsc-cse-2024-gs1","subj-gk"
"q-upsc-cse-2024-gs1-q099","OFFICIAL_PYQ","TIER_2_VERIFIED_PYQ","FULLY_VERIFIED",1,"paper-upsc-cse-2024-gs1","subj-polity"
"q-upsc-cse-2024-gs1-q100","OFFICIAL_PYQ","TIER_2_VERIFIED_PYQ","FULLY_VERIFIED",1,"paper-upsc-cse-2024-gs1","subj-economics"
"q-upsc-nda-2023-gat-q1","OFFICIAL_PYQ","TIER_2_VERIFIED_PYQ","VERIFIED_USABLE",1,"paper-upsc-nda-2023-gat","subj-science"
"q-cbse-10-sci-2025-sp-q001","OFFICIAL_SAMPLE","TIER_3_OFFICIAL_SAMPLE","FULLY_VERIFIED",0,"paper-cbse-10-sci-2025-sp","subj-science"
"q-cbse-10-sci-2025-sp-q002","OFFICIAL_SAMPLE","TIER_3_OFFICIAL_SAMPLE","FULLY_VERIFIED",0,"paper-cbse-10-sci-2025-sp","subj-science"
"q-cbse-10-sci-2025-sp-q003","OFFICIAL_SAMPLE","TIER_3_OFFICIAL_SAMPLE","FULLY_VERIFIED",0,"paper-cbse-10-sci-2025-sp","subj-science"
"q-cbse-10-sci-2025-sp-q004","OFFICIAL_SAMPLE","TIER_3_OFFICIAL_SAMPLE","FULLY_VERIFIED",0,"paper-cbse-10-sci-2025-sp","subj-science"
"q-cbse-10-sci-2025-sp-q005","OFFICIAL_SAMPLE","TIER_3_OFFICIAL_SAMPLE","FULLY_VERIFIED",0,"paper-cbse-10-sci-2025-sp","subj-science"
"q-cbse-10-sci-2025-sp-q006","OFFICIAL_SAMPLE","TIER_3_OFFICIAL_SAMPLE","FULLY_VERIFIED",0,"paper-cbse-10-sci-2025-sp","subj-science"
"q-cbse-10-sci-2025-sp-q007","OFFICIAL_SAMPLE","TIER_3_OFFICIAL_SAMPLE","FULLY_VERIFIED",0,"paper-cbse-10-sci-2025-sp","subj-science"
"q-cbse-10-sci-2025-sp-q008","OFFICIAL_SAMPLE","TIER_3_OFFICIAL_SAMPLE","FULLY_VERIFIED",0,"paper-cbse-10-sci-2025-sp","subj-science"
"q-cbse-10-sci-2025-sp-q009","OFFICIAL_SAMPLE","TIER_3_OFFICIAL_SAMPLE","FULLY_VERIFIED",0,"paper-cbse-10-sci-2025-sp","subj-science"
"q-cbse-10-sci-2025-sp-q010","OFFICIAL_SAMPLE","TIER_3_OFFICIAL_SAMPLE","FULLY_VERIFIED",0,"paper-cbse-10-sci-2025-sp","subj-science"
"q-cbse-10-sci-2025-sp-q011","OFFICIAL_SAMPLE","TIER_3_OFFICIAL_SAMPLE","FULLY_VERIFIED",0,"paper-cbse-10-sci-2025-sp","subj-science"
"q-cbse-10-sci-2025-sp-q012","OFFICIAL_SAMPLE","TIER_3_OFFICIAL_SAMPLE","FULLY_VERIFIED",0,"paper-cbse-10-sci-2025-sp","subj-science"
"q-cbse-10-sci-2025-sp-q013","OFFICIAL_SAMPLE","TIER_3_OFFICIAL_SAMPLE","FULLY_VERIFIED",0,"paper-cbse-10-sci-2025-sp","subj-science"
"q-cbse-10-sci-2025-sp-q014","OFFICIAL_SAMPLE","TIER_3_OFFICIAL_SAMPLE","FULLY_VERIFIED",0,"paper-cbse-10-sci-2025-sp","subj-science"
"q-cbse-10-sci-2025-sp-q015","OFFICIAL_SAMPLE","TIER_3_OFFICIAL_SAMPLE","FULLY_VERIFIED",0,"paper-cbse-10-sci-2025-sp","subj-science"
"q-cbse-10-sci-2025-sp-q016","OFFICIAL_SAMPLE","TIER_3_OFFICIAL_SAMPLE","FULLY_VERIFIED",0,"paper-cbse-10-sci-2025-sp","subj-science"
"q-cbse-10-sci-2025-sp-q017","OFFICIAL_SAMPLE","TIER_3_OFFICIAL_SAMPLE","FULLY_VERIFIED",0,"paper-cbse-10-sci-2025-sp","subj-science"
"q-cbse-10-sci-2025-sp-q018","OFFICIAL_SAMPLE","TIER_3_OFFICIAL_SAMPLE","FULLY_VERIFIED",0,"paper-cbse-10-sci-2025-sp","subj-science"
"q-cbse-10-sci-2025-sp-q019","OFFICIAL_SAMPLE","TIER_3_OFFICIAL_SAMPLE","FULLY_VERIFIED",0,"paper-cbse-10-sci-2025-sp","subj-science"
"q-cbse-10-sci-2025-sp-q020","OFFICIAL_SAMPLE","TIER_3_OFFICIAL_SAMPLE","FULLY_VERIFIED",0,"paper-cbse-10-sci-2025-sp","subj-science"
"q-cbse-board-undefined-Annual Board Exam-Morning-q1","OFFICIAL_SAMPLE","TIER_3_OFFICIAL_SAMPLE","FULLY_VERIFIED",0,"paper-cbse-10-science-2024","subj-science"
"q-cbse-board-undefined-Annual Board Exam-Morning-q10","OFFICIAL_SAMPLE","TIER_3_OFFICIAL_SAMPLE","FULLY_VERIFIED",0,"paper-cbse-10-science-2024","subj-science"
"q-cbse-board-undefined-Annual Board Exam-Morning-q11","OFFICIAL_SAMPLE","TIER_3_OFFICIAL_SAMPLE","FULLY_VERIFIED",0,"paper-cbse-10-science-2024","subj-science"
"q-cbse-board-undefined-Annual Board Exam-Morning-q12","OFFICIAL_SAMPLE","TIER_3_OFFICIAL_SAMPLE","FULLY_VERIFIED",0,"paper-cbse-10-science-2024","subj-science"
"q-cbse-board-undefined-Annual Board Exam-Morning-q13","OFFICIAL_SAMPLE","TIER_3_OFFICIAL_SAMPLE","FULLY_VERIFIED",0,"paper-cbse-10-science-2024","subj-science"
"q-cbse-board-undefined-Annual Board Exam-Morning-q14","OFFICIAL_SAMPLE","TIER_3_OFFICIAL_SAMPLE","FULLY_VERIFIED",0,"paper-cbse-10-science-2024","subj-science"
"q-cbse-board-undefined-Annual Board Exam-Morning-q15","OFFICIAL_SAMPLE","TIER_3_OFFICIAL_SAMPLE","FULLY_VERIFIED",0,"paper-cbse-10-science-2024","subj-science"
"q-cbse-board-undefined-Annual Board Exam-Morning-q16","OFFICIAL_SAMPLE","TIER_3_OFFICIAL_SAMPLE","FULLY_VERIFIED",0,"paper-cbse-10-science-2024","subj-science"
"q-cbse-board-undefined-Annual Board Exam-Morning-q17","OFFICIAL_SAMPLE","TIER_3_OFFICIAL_SAMPLE","FULLY_VERIFIED",0,"paper-cbse-10-science-2024","subj-science"
"q-cbse-board-undefined-Annual Board Exam-Morning-q18","OFFICIAL_SAMPLE","TIER_3_OFFICIAL_SAMPLE","FULLY_VERIFIED",0,"paper-cbse-10-science-2024","subj-science"
"q-cbse-board-undefined-Annual Board Exam-Morning-q19","OFFICIAL_SAMPLE","TIER_3_OFFICIAL_SAMPLE","FULLY_VERIFIED",0,"paper-cbse-10-science-2024","subj-science"
"q-cbse-board-undefined-Annual Board Exam-Morning-q2","OFFICIAL_SAMPLE","TIER_3_OFFICIAL_SAMPLE","FULLY_VERIFIED",0,"paper-cbse-10-science-2024","subj-science"
"q-cbse-board-undefined-Annual Board Exam-Morning-q20","OFFICIAL_SAMPLE","TIER_3_OFFICIAL_SAMPLE","FULLY_VERIFIED",0,"paper-cbse-10-science-2024","subj-science"
"q-cbse-board-undefined-Annual Board Exam-Morning-q21","OFFICIAL_SAMPLE","TIER_3_OFFICIAL_SAMPLE","FULLY_VERIFIED",0,"paper-cbse-10-science-2024","subj-science"
"q-cbse-board-undefined-Annual Board Exam-Morning-q22","OFFICIAL_SAMPLE","TIER_3_OFFICIAL_SAMPLE","FULLY_VERIFIED",0,"paper-cbse-10-science-2024","subj-science"
"q-cbse-board-undefined-Annual Board Exam-Morning-q23","OFFICIAL_SAMPLE","TIER_3_OFFICIAL_SAMPLE","FULLY_VERIFIED",0,"paper-cbse-10-science-2024","subj-science"
"q-cbse-board-undefined-Annual Board Exam-Morning-q24","OFFICIAL_SAMPLE","TIER_3_OFFICIAL_SAMPLE","FULLY_VERIFIED",0,"paper-cbse-10-science-2024","subj-science"
"q-cbse-board-undefined-Annual Board Exam-Morning-q25","OFFICIAL_SAMPLE","TIER_3_OFFICIAL_SAMPLE","FULLY_VERIFIED",0,"paper-cbse-10-science-2024","subj-science"
"q-cbse-board-undefined-Annual Board Exam-Morning-q26","OFFICIAL_SAMPLE","TIER_3_OFFICIAL_SAMPLE","FULLY_VERIFIED",0,"paper-cbse-10-science-2024","subj-science"
"q-cbse-board-undefined-Annual Board Exam-Morning-q27","OFFICIAL_SAMPLE","TIER_3_OFFICIAL_SAMPLE","FULLY_VERIFIED",0,"paper-cbse-10-science-2024","subj-science"
"q-cbse-board-undefined-Annual Board Exam-Morning-q28","OFFICIAL_SAMPLE","TIER_3_OFFICIAL_SAMPLE","FULLY_VERIFIED",0,"paper-cbse-10-science-2024","subj-science"
"q-cbse-board-undefined-Annual Board Exam-Morning-q29","OFFICIAL_SAMPLE","TIER_3_OFFICIAL_SAMPLE","FULLY_VERIFIED",0,"paper-cbse-10-science-2024","subj-science"
"q-cbse-board-undefined-Annual Board Exam-Morning-q3","OFFICIAL_SAMPLE","TIER_3_OFFICIAL_SAMPLE","FULLY_VERIFIED",0,"paper-cbse-10-science-2024","subj-science"
"q-cbse-board-undefined-Annual Board Exam-Morning-q30","OFFICIAL_SAMPLE","TIER_3_OFFICIAL_SAMPLE","FULLY_VERIFIED",0,"paper-cbse-10-science-2024","subj-science"
"q-cbse-board-undefined-Annual Board Exam-Morning-q31","OFFICIAL_SAMPLE","TIER_3_OFFICIAL_SAMPLE","FULLY_VERIFIED",0,"paper-cbse-10-science-2024","subj-science"
"q-cbse-board-undefined-Annual Board Exam-Morning-q32","OFFICIAL_SAMPLE","TIER_3_OFFICIAL_SAMPLE","FULLY_VERIFIED",0,"paper-cbse-10-science-2024","subj-science"
"q-cbse-board-undefined-Annual Board Exam-Morning-q33","OFFICIAL_SAMPLE","TIER_3_OFFICIAL_SAMPLE","FULLY_VERIFIED",0,"paper-cbse-10-science-2024","subj-science"
"q-cbse-board-undefined-Annual Board Exam-Morning-q34","OFFICIAL_SAMPLE","TIER_3_OFFICIAL_SAMPLE","FULLY_VERIFIED",0,"paper-cbse-10-science-2024","subj-science"
"q-cbse-board-undefined-Annual Board Exam-Morning-q35","OFFICIAL_SAMPLE","TIER_3_OFFICIAL_SAMPLE","FULLY_VERIFIED",0,"paper-cbse-10-science-2024","subj-science"
"q-cbse-board-undefined-Annual Board Exam-Morning-q36","OFFICIAL_SAMPLE","TIER_3_OFFICIAL_SAMPLE","FULLY_VERIFIED",0,"paper-cbse-10-science-2024","subj-science"
"q-cbse-board-undefined-Annual Board Exam-Morning-q37","OFFICIAL_SAMPLE","TIER_3_OFFICIAL_SAMPLE","FULLY_VERIFIED",0,"paper-cbse-10-science-2024","subj-science"
"q-cbse-board-undefined-Annual Board Exam-Morning-q38","OFFICIAL_SAMPLE","TIER_3_OFFICIAL_SAMPLE","FULLY_VERIFIED",0,"paper-cbse-10-science-2024","subj-science"
"q-cbse-board-undefined-Annual Board Exam-Morning-q39","OFFICIAL_SAMPLE","TIER_3_OFFICIAL_SAMPLE","FULLY_VERIFIED",0,"paper-cbse-10-science-2024","subj-science"
"q-cbse-board-undefined-Annual Board Exam-Morning-q4","OFFICIAL_SAMPLE","TIER_3_OFFICIAL_SAMPLE","FULLY_VERIFIED",0,"paper-cbse-10-science-2024","subj-science"
"q-cbse-board-undefined-Annual Board Exam-Morning-q5","OFFICIAL_SAMPLE","TIER_3_OFFICIAL_SAMPLE","FULLY_VERIFIED",0,"paper-cbse-10-science-2024","subj-science"
"q-cbse-board-undefined-Annual Board Exam-Morning-q6","OFFICIAL_SAMPLE","TIER_3_OFFICIAL_SAMPLE","FULLY_VERIFIED",0,"paper-cbse-10-science-2024","subj-science"
"q-cbse-board-undefined-Annual Board Exam-Morning-q7","OFFICIAL_SAMPLE","TIER_3_OFFICIAL_SAMPLE","FULLY_VERIFIED",0,"paper-cbse-10-science-2024","subj-science"
"q-cbse-board-undefined-Annual Board Exam-Morning-q8","OFFICIAL_SAMPLE","TIER_3_OFFICIAL_SAMPLE","FULLY_VERIFIED",0,"paper-cbse-10-science-2024","subj-science"
"q-cbse-board-undefined-Annual Board Exam-Morning-q9","OFFICIAL_SAMPLE","TIER_3_OFFICIAL_SAMPLE","FULLY_VERIFIED",0,"paper-cbse-10-science-2024","subj-science"
